﻿<?xml version="1.0" encoding="utf-8"?>
<!--© DNB-->
<link:linkbase xmlns:xsi="http://www.w3.org/2001/XMLSchema-instance" xmlns:xlink="http://www.w3.org/1999/xlink" xmlns:link="http://www.xbrl.org/2003/linkbase" xmlns:xbrldt="http://xbrl.org/2005/xbrldt" xsi:schemaLocation="http://www.xbrl.org/2003/linkbase http://www.xbrl.org/2003/xbrl-linkbase-2003-12-31.xsd http://xbrl.org/2005/xbrldt http://www.xbrl.org/2005/xbrldt-2005.xsd">
  <link:arcroleRef arcroleURI="http://xbrl.org/int/dim/arcrole/all" xlink:type="simple" xlink:href="http://www.xbrl.org/2005/xbrldt-2005.xsd#all" />
  <link:arcroleRef arcroleURI="http://xbrl.org/int/dim/arcrole/dimension-domain" xlink:type="simple" xlink:href="http://www.xbrl.org/2005/xbrldt-2005.xsd#dimension-domain" />
  <link:arcroleRef arcroleURI="http://xbrl.org/int/dim/arcrole/domain-member" xlink:type="simple" xlink:href="http://www.xbrl.org/2005/xbrldt-2005.xsd#domain-member" />
  <link:arcroleRef arcroleURI="http://xbrl.org/int/dim/arcrole/hypercube-dimension" xlink:type="simple" xlink:href="http://www.xbrl.org/2005/xbrldt-2005.xsd#hypercube-dimension" />
  <link:roleRef roleURI="http://www.dnb.nl/xbrl/role/fws/DNB-NR/ppi-2019-06/2019-12-31/tab/T10/1" xlink:type="simple" xlink:href="t10.xsd#role1" />
  <link:roleRef roleURI="http://www.dnb.nl/xbrl/role/fws/DNB-NR/ppi-2019-06/2019-12-31/tab/T10/2" xlink:type="simple" xlink:href="t10.xsd#role2" />
  <link:roleRef roleURI="http://www.dnb.nl/xbrl/role/fws/DNB-NR/ppi-2019-06/2019-12-31/tab/T10/3" xlink:type="simple" xlink:href="t10.xsd#role3" />
  <link:definitionLink xlink:type="extended" xlink:role="http://www.dnb.nl/xbrl/role/fws/DNB-NR/ppi-2019-06/2019-12-31/tab/T10/1">
    <link:loc xlink:type="locator" xlink:href="../../../../../../dict/met/met.xsd#dnb_mi_ppi_005" xlink:label="loc_dnb_mi_ppi_005" />
    <link:loc xlink:type="locator" xlink:href="http://www.eurofiling.info/eu/fr/xbrl/ext/model.xsd#hyp" xlink:label="loc_hyp" />
    <link:definitionArc xlink:type="arc" xlink:arcrole="http://xbrl.org/int/dim/arcrole/all" xlink:from="loc_dnb_mi_ppi_005" xlink:to="loc_hyp" xbrldt:closed="true" xbrldt:contextElement="scenario" order="1" />
    <link:loc xlink:type="locator" xlink:href="../../../../../../dict/dim/dim.xsd#dnb_ppi_dim001" xlink:label="loc_dnb_ppi_dim001" />
    <link:definitionArc xlink:type="arc" xlink:arcrole="http://xbrl.org/int/dim/arcrole/hypercube-dimension" xlink:from="loc_hyp" xlink:to="loc_dnb_ppi_dim001" order="1" />
    <link:loc xlink:type="locator" xlink:href="../../../../../../dict/dom/exp.xsd#dnb_ppi_dom001" xlink:label="loc_dnb_ppi_dom001" />
    <link:definitionArc xlink:type="arc" xlink:arcrole="http://xbrl.org/int/dim/arcrole/dimension-domain" xlink:from="loc_dnb_ppi_dim001" xlink:to="loc_dnb_ppi_dom001" xbrldt:usable="false" order="1" />
    <link:loc xlink:type="locator" xlink:href="../../../../../../dict/dom/ppi_dom001/mem.xsd#dnb_mem002" xlink:label="loc_dnb_mem002" />
    <link:definitionArc xlink:type="arc" xlink:arcrole="http://xbrl.org/int/dim/arcrole/domain-member" xlink:from="loc_dnb_ppi_dom001" xlink:to="loc_dnb_mem002" order="1" />
    <link:loc xlink:type="locator" xlink:href="../../../../../../dict/dim/dim.xsd#dnb_ppi_dim003" xlink:label="loc_dnb_ppi_dim003" />
    <link:definitionArc xlink:type="arc" xlink:arcrole="http://xbrl.org/int/dim/arcrole/hypercube-dimension" xlink:from="loc_hyp" xlink:to="loc_dnb_ppi_dim003" order="2" />
    <link:loc xlink:type="locator" xlink:href="../../../../../../dict/dom/exp.xsd#dnb_ppi_dom004" xlink:label="loc_dnb_ppi_dom004" />
    <link:definitionArc xlink:type="arc" xlink:arcrole="http://xbrl.org/int/dim/arcrole/dimension-domain" xlink:from="loc_dnb_ppi_dim003" xlink:to="loc_dnb_ppi_dom004" xbrldt:usable="false" order="1" />
    <link:loc xlink:type="locator" xlink:href="../../../../../../dict/dom/ppi_dom004/mem.xsd#dnb_mem001" xlink:label="loc_dnb_mem001" />
    <link:definitionArc xlink:type="arc" xlink:arcrole="http://xbrl.org/int/dim/arcrole/domain-member" xlink:from="loc_dnb_ppi_dom004" xlink:to="loc_dnb_mem001" order="1" />
    <link:loc xlink:type="locator" xlink:href="../../../../../../dict/dim/dim.xsd#dnb_ppi_dim004" xlink:label="loc_dnb_ppi_dim004" />
    <link:definitionArc xlink:type="arc" xlink:arcrole="http://xbrl.org/int/dim/arcrole/hypercube-dimension" xlink:from="loc_hyp" xlink:to="loc_dnb_ppi_dim004" order="3" />
    <link:loc xlink:type="locator" xlink:href="../../../../../../dict/dom/exp.xsd#dnb_ppi_dom005" xlink:label="loc_dnb_ppi_dom005" />
    <link:definitionArc xlink:type="arc" xlink:arcrole="http://xbrl.org/int/dim/arcrole/dimension-domain" xlink:from="loc_dnb_ppi_dim004" xlink:to="loc_dnb_ppi_dom005" xbrldt:usable="false" order="1" />
    <link:loc xlink:type="locator" xlink:href="../../../../../../dict/dom/ppi_dom005/mem.xsd#dnb_mem002" xlink:label="loc_dnb_mem002_1" />
    <link:definitionArc xlink:type="arc" xlink:arcrole="http://xbrl.org/int/dim/arcrole/domain-member" xlink:from="loc_dnb_ppi_dom005" xlink:to="loc_dnb_mem002_1" order="1" />
    <link:loc xlink:type="locator" xlink:href="../../../../../../dict/dim/dim.xsd#dnb_ppi_dim008" xlink:label="loc_dnb_ppi_dim008" />
    <link:definitionArc xlink:type="arc" xlink:arcrole="http://xbrl.org/int/dim/arcrole/hypercube-dimension" xlink:from="loc_hyp" xlink:to="loc_dnb_ppi_dim008" order="4" />
    <link:loc xlink:type="locator" xlink:href="../../../../../../dict/dom/exp.xsd#dnb_ppi_dom008" xlink:label="loc_dnb_ppi_dom008" />
    <link:definitionArc xlink:type="arc" xlink:arcrole="http://xbrl.org/int/dim/arcrole/dimension-domain" xlink:from="loc_dnb_ppi_dim008" xlink:to="loc_dnb_ppi_dom008" xbrldt:usable="false" order="1" />
    <link:loc xlink:type="locator" xlink:href="../../../../../../dict/dom/ppi_dom008/mem.xsd#dnb_mem001" xlink:label="loc_dnb_mem001_1" />
    <link:definitionArc xlink:type="arc" xlink:arcrole="http://xbrl.org/int/dim/arcrole/domain-member" xlink:from="loc_dnb_ppi_dom008" xlink:to="loc_dnb_mem001_1" order="1" />
    <link:loc xlink:type="locator" xlink:href="../../../../../../dict/dim/dim.xsd#dnb_ppi_dim011" xlink:label="loc_dnb_ppi_dim011" />
    <link:definitionArc xlink:type="arc" xlink:arcrole="http://xbrl.org/int/dim/arcrole/hypercube-dimension" xlink:from="loc_hyp" xlink:to="loc_dnb_ppi_dim011" xbrldt:targetRole="http://www.dnb.nl/xbrl/role/fws/DNB-NR/ppi-2019-06/2019-12-31/tab/T10/2" order="5" />
    <link:loc xlink:type="locator" xlink:href="../../../../../../dict/dim/dim.xsd#dnb_ppi_dim014" xlink:label="loc_dnb_ppi_dim014" />
    <link:definitionArc xlink:type="arc" xlink:arcrole="http://xbrl.org/int/dim/arcrole/hypercube-dimension" xlink:from="loc_hyp" xlink:to="loc_dnb_ppi_dim014" xbrldt:targetRole="http://www.dnb.nl/xbrl/role/fws/DNB-NR/ppi-2019-06/2019-12-31/tab/T10/3" order="6" />
    <link:loc xlink:type="locator" xlink:href="../../../../../../dict/dim/dim.xsd#dnb_ppi_dim013" xlink:label="loc_dnb_ppi_dim013" />
    <link:definitionArc xlink:type="arc" xlink:arcrole="http://xbrl.org/int/dim/arcrole/hypercube-dimension" xlink:from="loc_hyp" xlink:to="loc_dnb_ppi_dim013" order="7" />
    <link:loc xlink:type="locator" xlink:href="../../../../../../dict/dom/exp.xsd#dnb_ppi_dom011" xlink:label="loc_dnb_ppi_dom011" />
    <link:definitionArc xlink:type="arc" xlink:arcrole="http://xbrl.org/int/dim/arcrole/dimension-domain" xlink:from="loc_dnb_ppi_dim013" xlink:to="loc_dnb_ppi_dom011" xbrldt:usable="false" order="1" />
    <link:loc xlink:type="locator" xlink:href="../../../../../../dict/dom/ppi_dom011/mem.xsd#dnb_mem001" xlink:label="loc_dnb_mem001_2" />
    <link:definitionArc xlink:type="arc" xlink:arcrole="http://xbrl.org/int/dim/arcrole/domain-member" xlink:from="loc_dnb_ppi_dom011" xlink:to="loc_dnb_mem001_2" order="1" />
    <link:loc xlink:type="locator" xlink:href="../../../../../../dict/dom/ppi_dom011/mem.xsd#dnb_mem002" xlink:label="loc_dnb_mem002_2" />
    <link:definitionArc xlink:type="arc" xlink:arcrole="http://xbrl.org/int/dim/arcrole/domain-member" xlink:from="loc_dnb_ppi_dom011" xlink:to="loc_dnb_mem002_2" order="2" />
    <link:loc xlink:type="locator" xlink:href="../../../../../../dict/dom/ppi_dom011/mem.xsd#dnb_mem003" xlink:label="loc_dnb_mem003" />
    <link:definitionArc xlink:type="arc" xlink:arcrole="http://xbrl.org/int/dim/arcrole/domain-member" xlink:from="loc_dnb_ppi_dom011" xlink:to="loc_dnb_mem003" order="3" />
    <link:loc xlink:type="locator" xlink:href="../../../../../../dict/dom/ppi_dom011/mem.xsd#dnb_mem004" xlink:label="loc_dnb_mem004" />
    <link:definitionArc xlink:type="arc" xlink:arcrole="http://xbrl.org/int/dim/arcrole/domain-member" xlink:from="loc_dnb_ppi_dom011" xlink:to="loc_dnb_mem004" order="4" />
    <link:loc xlink:type="locator" xlink:href="../../../../../../dict/dom/ppi_dom011/mem.xsd#dnb_mem005" xlink:label="loc_dnb_mem005" />
    <link:definitionArc xlink:type="arc" xlink:arcrole="http://xbrl.org/int/dim/arcrole/domain-member" xlink:from="loc_dnb_ppi_dom011" xlink:to="loc_dnb_mem005" order="5" />
    <link:loc xlink:type="locator" xlink:href="../../../../../../dict/dom/ppi_dom011/mem.xsd#dnb_mem006" xlink:label="loc_dnb_mem006" />
    <link:definitionArc xlink:type="arc" xlink:arcrole="http://xbrl.org/int/dim/arcrole/domain-member" xlink:from="loc_dnb_ppi_dom011" xlink:to="loc_dnb_mem006" order="6" />
    <link:loc xlink:type="locator" xlink:href="../../../../../../dict/dom/ppi_dom011/mem.xsd#dnb_mem007" xlink:label="loc_dnb_mem007" />
    <link:definitionArc xlink:type="arc" xlink:arcrole="http://xbrl.org/int/dim/arcrole/domain-member" xlink:from="loc_dnb_ppi_dom011" xlink:to="loc_dnb_mem007" order="7" />
    <link:loc xlink:type="locator" xlink:href="../../../../../../dict/dom/ppi_dom011/mem.xsd#dnb_mem008" xlink:label="loc_dnb_mem008" />
    <link:definitionArc xlink:type="arc" xlink:arcrole="http://xbrl.org/int/dim/arcrole/domain-member" xlink:from="loc_dnb_ppi_dom011" xlink:to="loc_dnb_mem008" order="8" />
    <link:loc xlink:type="locator" xlink:href="../../../../../../dict/dom/ppi_dom011/mem.xsd#dnb_mem000" xlink:label="loc_dnb_mem000" />
    <link:definitionArc xlink:type="arc" xlink:arcrole="http://xbrl.org/int/dim/arcrole/domain-member" xlink:from="loc_dnb_ppi_dom011" xlink:to="loc_dnb_mem000" order="9" />
  </link:definitionLink>
  <link:definitionLink xlink:type="extended" xlink:role="http://www.dnb.nl/xbrl/role/fws/DNB-NR/ppi-2019-06/2019-12-31/tab/T10/2">
    <link:loc xlink:type="locator" xlink:href="../../../../../../dict/dim/dim.xsd#dnb_ppi_dim011" xlink:label="loc_dnb_ppi_dim011" />
    <link:loc xlink:type="locator" xlink:href="../../../../../../dict/dom/exp.xsd#dnb_ppi_dom008" xlink:label="loc_dnb_ppi_dom008" />
    <link:definitionArc xlink:type="arc" xlink:arcrole="http://xbrl.org/int/dim/arcrole/dimension-domain" xlink:from="loc_dnb_ppi_dim011" xlink:to="loc_dnb_ppi_dom008" xbrldt:usable="false" order="1" />
    <link:loc xlink:type="locator" xlink:href="../../../../../../dict/dom/ppi_dom008/mem.xsd#dnb_mem012" xlink:label="loc_dnb_mem012" />
    <link:definitionArc xlink:type="arc" xlink:arcrole="http://xbrl.org/int/dim/arcrole/domain-member" xlink:from="loc_dnb_ppi_dom008" xlink:to="loc_dnb_mem012" order="1" />
  </link:definitionLink>
  <link:definitionLink xlink:type="extended" xlink:role="http://www.dnb.nl/xbrl/role/fws/DNB-NR/ppi-2019-06/2019-12-31/tab/T10/3">
    <link:loc xlink:type="locator" xlink:href="../../../../../../dict/dim/dim.xsd#dnb_ppi_dim014" xlink:label="loc_dnb_ppi_dim014" />
    <link:loc xlink:type="locator" xlink:href="../../../../../../dict/dom/exp.xsd#dnb_ppi_dom008" xlink:label="loc_dnb_ppi_dom008" />
    <link:definitionArc xlink:type="arc" xlink:arcrole="http://xbrl.org/int/dim/arcrole/dimension-domain" xlink:from="loc_dnb_ppi_dim014" xlink:to="loc_dnb_ppi_dom008" xbrldt:usable="false" order="1" />
    <link:loc xlink:type="locator" xlink:href="../../../../../../dict/dom/ppi_dom008/mem.xsd#dnb_mem028" xlink:label="loc_dnb_mem028" />
    <link:definitionArc xlink:type="arc" xlink:arcrole="http://xbrl.org/int/dim/arcrole/domain-member" xlink:from="loc_dnb_ppi_dom008" xlink:to="loc_dnb_mem028" order="1" />
    <link:loc xlink:type="locator" xlink:href="../../../../../../dict/dom/ppi_dom008/mem.xsd#dnb_mem029" xlink:label="loc_dnb_mem029" />
    <link:definitionArc xlink:type="arc" xlink:arcrole="http://xbrl.org/int/dim/arcrole/domain-member" xlink:from="loc_dnb_ppi_dom008" xlink:to="loc_dnb_mem029" order="2" />
    <link:loc xlink:type="locator" xlink:href="../../../../../../dict/dom/ppi_dom008/mem.xsd#dnb_mem000" xlink:label="loc_dnb_mem000" />
    <link:definitionArc xlink:type="arc" xlink:arcrole="http://xbrl.org/int/dim/arcrole/domain-member" xlink:from="loc_dnb_ppi_dom008" xlink:to="loc_dnb_mem000" order="3" />
  </link:definitionLink>
</link:linkbase>