﻿<?xml version="1.0" encoding="utf-8"?>
<!--© DNB-->
<link:linkbase xmlns:xsi="http://www.w3.org/2001/XMLSchema-instance" xmlns:xlink="http://www.w3.org/1999/xlink" xmlns:link="http://www.xbrl.org/2003/linkbase" xmlns:xbrldt="http://xbrl.org/2005/xbrldt" xsi:schemaLocation="http://www.xbrl.org/2003/linkbase http://www.xbrl.org/2003/xbrl-linkbase-2003-12-31.xsd http://xbrl.org/2005/xbrldt http://www.xbrl.org/2005/xbrldt-2005.xsd">
  <link:arcroleRef arcroleURI="http://xbrl.org/int/dim/arcrole/domain-member" xlink:type="simple" xlink:href="http://www.xbrl.org/2005/xbrldt-2005.xsd#domain-member" />
  <link:definitionLink xlink:type="extended" xlink:role="http://www.xbrl.org/2003/role/link">
    <link:loc xlink:type="locator" xlink:href="../exp.xsd#dnb_ftk_dom004" xlink:label="loc_dnb_ftk_dom004" />
    <link:loc xlink:type="locator" xlink:href="mem.xsd#dnb_mem000" xlink:label="loc_dnb_mem000" />
    <link:definitionArc xlink:type="arc" xlink:arcrole="http://xbrl.org/int/dim/arcrole/domain-member" xlink:from="loc_dnb_ftk_dom004" xlink:to="loc_dnb_mem000" order="1" />
    <link:loc xlink:type="locator" xlink:href="mem.xsd#dnb_mem001" xlink:label="loc_dnb_mem001" />
    <link:definitionArc xlink:type="arc" xlink:arcrole="http://xbrl.org/int/dim/arcrole/domain-member" xlink:from="loc_dnb_ftk_dom004" xlink:to="loc_dnb_mem001" order="2" />
    <link:loc xlink:type="locator" xlink:href="mem.xsd#dnb_mem002" xlink:label="loc_dnb_mem002" />
    <link:definitionArc xlink:type="arc" xlink:arcrole="http://xbrl.org/int/dim/arcrole/domain-member" xlink:from="loc_dnb_ftk_dom004" xlink:to="loc_dnb_mem002" order="3" />
    <link:loc xlink:type="locator" xlink:href="mem.xsd#dnb_mem003" xlink:label="loc_dnb_mem003" />
    <link:definitionArc xlink:type="arc" xlink:arcrole="http://xbrl.org/int/dim/arcrole/domain-member" xlink:from="loc_dnb_ftk_dom004" xlink:to="loc_dnb_mem003" order="4" />
    <link:loc xlink:type="locator" xlink:href="mem.xsd#dnb_mem004" xlink:label="loc_dnb_mem004" />
    <link:definitionArc xlink:type="arc" xlink:arcrole="http://xbrl.org/int/dim/arcrole/domain-member" xlink:from="loc_dnb_ftk_dom004" xlink:to="loc_dnb_mem004" order="5" />
    <link:loc xlink:type="locator" xlink:href="mem.xsd#dnb_mem005" xlink:label="loc_dnb_mem005" />
    <link:definitionArc xlink:type="arc" xlink:arcrole="http://xbrl.org/int/dim/arcrole/domain-member" xlink:from="loc_dnb_ftk_dom004" xlink:to="loc_dnb_mem005" order="6" />
    <link:loc xlink:type="locator" xlink:href="mem.xsd#dnb_mem006" xlink:label="loc_dnb_mem006" />
    <link:definitionArc xlink:type="arc" xlink:arcrole="http://xbrl.org/int/dim/arcrole/domain-member" xlink:from="loc_dnb_ftk_dom004" xlink:to="loc_dnb_mem006" order="7" />
    <link:loc xlink:type="locator" xlink:href="mem.xsd#dnb_mem007" xlink:label="loc_dnb_mem007" />
    <link:definitionArc xlink:type="arc" xlink:arcrole="http://xbrl.org/int/dim/arcrole/domain-member" xlink:from="loc_dnb_ftk_dom004" xlink:to="loc_dnb_mem007" order="8" />
    <link:loc xlink:type="locator" xlink:href="mem.xsd#dnb_mem008" xlink:label="loc_dnb_mem008" />
    <link:definitionArc xlink:type="arc" xlink:arcrole="http://xbrl.org/int/dim/arcrole/domain-member" xlink:from="loc_dnb_ftk_dom004" xlink:to="loc_dnb_mem008" order="9" />
    <link:loc xlink:type="locator" xlink:href="mem.xsd#dnb_mem009" xlink:label="loc_dnb_mem009" />
    <link:definitionArc xlink:type="arc" xlink:arcrole="http://xbrl.org/int/dim/arcrole/domain-member" xlink:from="loc_dnb_ftk_dom004" xlink:to="loc_dnb_mem009" order="10" />
    <link:loc xlink:type="locator" xlink:href="mem.xsd#dnb_mem010" xlink:label="loc_dnb_mem010" />
    <link:definitionArc xlink:type="arc" xlink:arcrole="http://xbrl.org/int/dim/arcrole/domain-member" xlink:from="loc_dnb_ftk_dom004" xlink:to="loc_dnb_mem010" order="11" />
    <link:loc xlink:type="locator" xlink:href="mem.xsd#dnb_mem011" xlink:label="loc_dnb_mem011" />
    <link:definitionArc xlink:type="arc" xlink:arcrole="http://xbrl.org/int/dim/arcrole/domain-member" xlink:from="loc_dnb_ftk_dom004" xlink:to="loc_dnb_mem011" order="12" />
    <link:loc xlink:type="locator" xlink:href="mem.xsd#dnb_mem012" xlink:label="loc_dnb_mem012" />
    <link:definitionArc xlink:type="arc" xlink:arcrole="http://xbrl.org/int/dim/arcrole/domain-member" xlink:from="loc_dnb_ftk_dom004" xlink:to="loc_dnb_mem012" order="13" />
    <link:loc xlink:type="locator" xlink:href="mem.xsd#dnb_mem013" xlink:label="loc_dnb_mem013" />
    <link:definitionArc xlink:type="arc" xlink:arcrole="http://xbrl.org/int/dim/arcrole/domain-member" xlink:from="loc_dnb_ftk_dom004" xlink:to="loc_dnb_mem013" order="14" />
    <link:loc xlink:type="locator" xlink:href="mem.xsd#dnb_mem014" xlink:label="loc_dnb_mem014" />
    <link:definitionArc xlink:type="arc" xlink:arcrole="http://xbrl.org/int/dim/arcrole/domain-member" xlink:from="loc_dnb_ftk_dom004" xlink:to="loc_dnb_mem014" order="15" />
    <link:loc xlink:type="locator" xlink:href="mem.xsd#dnb_mem015" xlink:label="loc_dnb_mem015" />
    <link:definitionArc xlink:type="arc" xlink:arcrole="http://xbrl.org/int/dim/arcrole/domain-member" xlink:from="loc_dnb_ftk_dom004" xlink:to="loc_dnb_mem015" order="16" />
    <link:loc xlink:type="locator" xlink:href="mem.xsd#dnb_mem016" xlink:label="loc_dnb_mem016" />
    <link:definitionArc xlink:type="arc" xlink:arcrole="http://xbrl.org/int/dim/arcrole/domain-member" xlink:from="loc_dnb_ftk_dom004" xlink:to="loc_dnb_mem016" order="17" />
    <link:loc xlink:type="locator" xlink:href="mem.xsd#dnb_mem017" xlink:label="loc_dnb_mem017" />
    <link:definitionArc xlink:type="arc" xlink:arcrole="http://xbrl.org/int/dim/arcrole/domain-member" xlink:from="loc_dnb_ftk_dom004" xlink:to="loc_dnb_mem017" order="18" />
    <link:loc xlink:type="locator" xlink:href="mem.xsd#dnb_mem018" xlink:label="loc_dnb_mem018" />
    <link:definitionArc xlink:type="arc" xlink:arcrole="http://xbrl.org/int/dim/arcrole/domain-member" xlink:from="loc_dnb_ftk_dom004" xlink:to="loc_dnb_mem018" order="19" />
    <link:loc xlink:type="locator" xlink:href="mem.xsd#dnb_mem019" xlink:label="loc_dnb_mem019" />
    <link:definitionArc xlink:type="arc" xlink:arcrole="http://xbrl.org/int/dim/arcrole/domain-member" xlink:from="loc_dnb_ftk_dom004" xlink:to="loc_dnb_mem019" order="20" />
    <link:loc xlink:type="locator" xlink:href="mem.xsd#dnb_mem020" xlink:label="loc_dnb_mem020" />
    <link:definitionArc xlink:type="arc" xlink:arcrole="http://xbrl.org/int/dim/arcrole/domain-member" xlink:from="loc_dnb_ftk_dom004" xlink:to="loc_dnb_mem020" order="21" />
    <link:loc xlink:type="locator" xlink:href="mem.xsd#dnb_mem021" xlink:label="loc_dnb_mem021" />
    <link:definitionArc xlink:type="arc" xlink:arcrole="http://xbrl.org/int/dim/arcrole/domain-member" xlink:from="loc_dnb_ftk_dom004" xlink:to="loc_dnb_mem021" order="22" />
    <link:loc xlink:type="locator" xlink:href="mem.xsd#dnb_mem022" xlink:label="loc_dnb_mem022" />
    <link:definitionArc xlink:type="arc" xlink:arcrole="http://xbrl.org/int/dim/arcrole/domain-member" xlink:from="loc_dnb_ftk_dom004" xlink:to="loc_dnb_mem022" order="23" />
    <link:loc xlink:type="locator" xlink:href="mem.xsd#dnb_mem023" xlink:label="loc_dnb_mem023" />
    <link:definitionArc xlink:type="arc" xlink:arcrole="http://xbrl.org/int/dim/arcrole/domain-member" xlink:from="loc_dnb_ftk_dom004" xlink:to="loc_dnb_mem023" order="24" />
    <link:loc xlink:type="locator" xlink:href="mem.xsd#dnb_mem024" xlink:label="loc_dnb_mem024" />
    <link:definitionArc xlink:type="arc" xlink:arcrole="http://xbrl.org/int/dim/arcrole/domain-member" xlink:from="loc_dnb_ftk_dom004" xlink:to="loc_dnb_mem024" order="25" />
    <link:loc xlink:type="locator" xlink:href="mem.xsd#dnb_mem025" xlink:label="loc_dnb_mem025" />
    <link:definitionArc xlink:type="arc" xlink:arcrole="http://xbrl.org/int/dim/arcrole/domain-member" xlink:from="loc_dnb_ftk_dom004" xlink:to="loc_dnb_mem025" order="26" />
    <link:loc xlink:type="locator" xlink:href="mem.xsd#dnb_mem026" xlink:label="loc_dnb_mem026" />
    <link:definitionArc xlink:type="arc" xlink:arcrole="http://xbrl.org/int/dim/arcrole/domain-member" xlink:from="loc_dnb_ftk_dom004" xlink:to="loc_dnb_mem026" order="27" />
    <link:loc xlink:type="locator" xlink:href="mem.xsd#dnb_mem027" xlink:label="loc_dnb_mem027" />
    <link:definitionArc xlink:type="arc" xlink:arcrole="http://xbrl.org/int/dim/arcrole/domain-member" xlink:from="loc_dnb_ftk_dom004" xlink:to="loc_dnb_mem027" order="28" />
    <link:loc xlink:type="locator" xlink:href="mem.xsd#dnb_mem028" xlink:label="loc_dnb_mem028" />
    <link:definitionArc xlink:type="arc" xlink:arcrole="http://xbrl.org/int/dim/arcrole/domain-member" xlink:from="loc_dnb_ftk_dom004" xlink:to="loc_dnb_mem028" order="29" />
    <link:loc xlink:type="locator" xlink:href="mem.xsd#dnb_mem029" xlink:label="loc_dnb_mem029" />
    <link:definitionArc xlink:type="arc" xlink:arcrole="http://xbrl.org/int/dim/arcrole/domain-member" xlink:from="loc_dnb_ftk_dom004" xlink:to="loc_dnb_mem029" order="30" />
    <link:loc xlink:type="locator" xlink:href="mem.xsd#dnb_mem030" xlink:label="loc_dnb_mem030" />
    <link:definitionArc xlink:type="arc" xlink:arcrole="http://xbrl.org/int/dim/arcrole/domain-member" xlink:from="loc_dnb_ftk_dom004" xlink:to="loc_dnb_mem030" order="31" />
    <link:loc xlink:type="locator" xlink:href="mem.xsd#dnb_mem031" xlink:label="loc_dnb_mem031" />
    <link:definitionArc xlink:type="arc" xlink:arcrole="http://xbrl.org/int/dim/arcrole/domain-member" xlink:from="loc_dnb_ftk_dom004" xlink:to="loc_dnb_mem031" order="32" />
    <link:loc xlink:type="locator" xlink:href="mem.xsd#dnb_mem032" xlink:label="loc_dnb_mem032" />
    <link:definitionArc xlink:type="arc" xlink:arcrole="http://xbrl.org/int/dim/arcrole/domain-member" xlink:from="loc_dnb_ftk_dom004" xlink:to="loc_dnb_mem032" order="33" />
    <link:loc xlink:type="locator" xlink:href="mem.xsd#dnb_mem033" xlink:label="loc_dnb_mem033" />
    <link:definitionArc xlink:type="arc" xlink:arcrole="http://xbrl.org/int/dim/arcrole/domain-member" xlink:from="loc_dnb_ftk_dom004" xlink:to="loc_dnb_mem033" order="34" />
    <link:loc xlink:type="locator" xlink:href="mem.xsd#dnb_mem034" xlink:label="loc_dnb_mem034" />
    <link:definitionArc xlink:type="arc" xlink:arcrole="http://xbrl.org/int/dim/arcrole/domain-member" xlink:from="loc_dnb_ftk_dom004" xlink:to="loc_dnb_mem034" order="35" />
    <link:loc xlink:type="locator" xlink:href="mem.xsd#dnb_mem035" xlink:label="loc_dnb_mem035" />
    <link:definitionArc xlink:type="arc" xlink:arcrole="http://xbrl.org/int/dim/arcrole/domain-member" xlink:from="loc_dnb_ftk_dom004" xlink:to="loc_dnb_mem035" order="36" />
    <link:loc xlink:type="locator" xlink:href="mem.xsd#dnb_mem036" xlink:label="loc_dnb_mem036" />
    <link:definitionArc xlink:type="arc" xlink:arcrole="http://xbrl.org/int/dim/arcrole/domain-member" xlink:from="loc_dnb_ftk_dom004" xlink:to="loc_dnb_mem036" order="37" />
    <link:loc xlink:type="locator" xlink:href="mem.xsd#dnb_mem037" xlink:label="loc_dnb_mem037" />
    <link:definitionArc xlink:type="arc" xlink:arcrole="http://xbrl.org/int/dim/arcrole/domain-member" xlink:from="loc_dnb_ftk_dom004" xlink:to="loc_dnb_mem037" order="38" />
    <link:loc xlink:type="locator" xlink:href="mem.xsd#dnb_mem038" xlink:label="loc_dnb_mem038" />
    <link:definitionArc xlink:type="arc" xlink:arcrole="http://xbrl.org/int/dim/arcrole/domain-member" xlink:from="loc_dnb_ftk_dom004" xlink:to="loc_dnb_mem038" order="39" />
    <link:loc xlink:type="locator" xlink:href="mem.xsd#dnb_mem039" xlink:label="loc_dnb_mem039" />
    <link:definitionArc xlink:type="arc" xlink:arcrole="http://xbrl.org/int/dim/arcrole/domain-member" xlink:from="loc_dnb_ftk_dom004" xlink:to="loc_dnb_mem039" order="40" />
    <link:loc xlink:type="locator" xlink:href="mem.xsd#dnb_mem040" xlink:label="loc_dnb_mem040" />
    <link:definitionArc xlink:type="arc" xlink:arcrole="http://xbrl.org/int/dim/arcrole/domain-member" xlink:from="loc_dnb_ftk_dom004" xlink:to="loc_dnb_mem040" order="41" />
    <link:loc xlink:type="locator" xlink:href="mem.xsd#dnb_mem041" xlink:label="loc_dnb_mem041" />
    <link:definitionArc xlink:type="arc" xlink:arcrole="http://xbrl.org/int/dim/arcrole/domain-member" xlink:from="loc_dnb_ftk_dom004" xlink:to="loc_dnb_mem041" order="42" />
    <link:loc xlink:type="locator" xlink:href="mem.xsd#dnb_mem042" xlink:label="loc_dnb_mem042" />
    <link:definitionArc xlink:type="arc" xlink:arcrole="http://xbrl.org/int/dim/arcrole/domain-member" xlink:from="loc_dnb_ftk_dom004" xlink:to="loc_dnb_mem042" order="43" />
    <link:loc xlink:type="locator" xlink:href="mem.xsd#dnb_mem043" xlink:label="loc_dnb_mem043" />
    <link:definitionArc xlink:type="arc" xlink:arcrole="http://xbrl.org/int/dim/arcrole/domain-member" xlink:from="loc_dnb_ftk_dom004" xlink:to="loc_dnb_mem043" order="44" />
    <link:loc xlink:type="locator" xlink:href="mem.xsd#dnb_mem044" xlink:label="loc_dnb_mem044" />
    <link:definitionArc xlink:type="arc" xlink:arcrole="http://xbrl.org/int/dim/arcrole/domain-member" xlink:from="loc_dnb_ftk_dom004" xlink:to="loc_dnb_mem044" order="45" />
    <link:loc xlink:type="locator" xlink:href="mem.xsd#dnb_mem045" xlink:label="loc_dnb_mem045" />
    <link:definitionArc xlink:type="arc" xlink:arcrole="http://xbrl.org/int/dim/arcrole/domain-member" xlink:from="loc_dnb_ftk_dom004" xlink:to="loc_dnb_mem045" order="46" />
    <link:loc xlink:type="locator" xlink:href="mem.xsd#dnb_mem046" xlink:label="loc_dnb_mem046" />
    <link:definitionArc xlink:type="arc" xlink:arcrole="http://xbrl.org/int/dim/arcrole/domain-member" xlink:from="loc_dnb_ftk_dom004" xlink:to="loc_dnb_mem046" order="47" />
    <link:loc xlink:type="locator" xlink:href="mem.xsd#dnb_mem047" xlink:label="loc_dnb_mem047" />
    <link:definitionArc xlink:type="arc" xlink:arcrole="http://xbrl.org/int/dim/arcrole/domain-member" xlink:from="loc_dnb_ftk_dom004" xlink:to="loc_dnb_mem047" order="48" />
    <link:loc xlink:type="locator" xlink:href="mem.xsd#dnb_mem048" xlink:label="loc_dnb_mem048" />
    <link:definitionArc xlink:type="arc" xlink:arcrole="http://xbrl.org/int/dim/arcrole/domain-member" xlink:from="loc_dnb_ftk_dom004" xlink:to="loc_dnb_mem048" order="49" />
    <link:loc xlink:type="locator" xlink:href="mem.xsd#dnb_mem049" xlink:label="loc_dnb_mem049" />
    <link:definitionArc xlink:type="arc" xlink:arcrole="http://xbrl.org/int/dim/arcrole/domain-member" xlink:from="loc_dnb_ftk_dom004" xlink:to="loc_dnb_mem049" order="50" />
    <link:loc xlink:type="locator" xlink:href="mem.xsd#dnb_mem050" xlink:label="loc_dnb_mem050" />
    <link:definitionArc xlink:type="arc" xlink:arcrole="http://xbrl.org/int/dim/arcrole/domain-member" xlink:from="loc_dnb_ftk_dom004" xlink:to="loc_dnb_mem050" order="51" />
    <link:loc xlink:type="locator" xlink:href="mem.xsd#dnb_mem051" xlink:label="loc_dnb_mem051" />
    <link:definitionArc xlink:type="arc" xlink:arcrole="http://xbrl.org/int/dim/arcrole/domain-member" xlink:from="loc_dnb_ftk_dom004" xlink:to="loc_dnb_mem051" order="52" />
    <link:loc xlink:type="locator" xlink:href="mem.xsd#dnb_mem052" xlink:label="loc_dnb_mem052" />
    <link:definitionArc xlink:type="arc" xlink:arcrole="http://xbrl.org/int/dim/arcrole/domain-member" xlink:from="loc_dnb_ftk_dom004" xlink:to="loc_dnb_mem052" order="53" />
    <link:loc xlink:type="locator" xlink:href="mem.xsd#dnb_mem053" xlink:label="loc_dnb_mem053" />
    <link:definitionArc xlink:type="arc" xlink:arcrole="http://xbrl.org/int/dim/arcrole/domain-member" xlink:from="loc_dnb_ftk_dom004" xlink:to="loc_dnb_mem053" order="54" />
    <link:loc xlink:type="locator" xlink:href="mem.xsd#dnb_mem054" xlink:label="loc_dnb_mem054" />
    <link:definitionArc xlink:type="arc" xlink:arcrole="http://xbrl.org/int/dim/arcrole/domain-member" xlink:from="loc_dnb_ftk_dom004" xlink:to="loc_dnb_mem054" order="55" />
    <link:loc xlink:type="locator" xlink:href="mem.xsd#dnb_mem055" xlink:label="loc_dnb_mem055" />
    <link:definitionArc xlink:type="arc" xlink:arcrole="http://xbrl.org/int/dim/arcrole/domain-member" xlink:from="loc_dnb_ftk_dom004" xlink:to="loc_dnb_mem055" order="56" />
    <link:loc xlink:type="locator" xlink:href="mem.xsd#dnb_mem056" xlink:label="loc_dnb_mem056" />
    <link:definitionArc xlink:type="arc" xlink:arcrole="http://xbrl.org/int/dim/arcrole/domain-member" xlink:from="loc_dnb_ftk_dom004" xlink:to="loc_dnb_mem056" order="57" />
    <link:loc xlink:type="locator" xlink:href="mem.xsd#dnb_mem057" xlink:label="loc_dnb_mem057" />
    <link:definitionArc xlink:type="arc" xlink:arcrole="http://xbrl.org/int/dim/arcrole/domain-member" xlink:from="loc_dnb_ftk_dom004" xlink:to="loc_dnb_mem057" order="58" />
    <link:loc xlink:type="locator" xlink:href="mem.xsd#dnb_mem058" xlink:label="loc_dnb_mem058" />
    <link:definitionArc xlink:type="arc" xlink:arcrole="http://xbrl.org/int/dim/arcrole/domain-member" xlink:from="loc_dnb_ftk_dom004" xlink:to="loc_dnb_mem058" order="59" />
    <link:loc xlink:type="locator" xlink:href="mem.xsd#dnb_mem059" xlink:label="loc_dnb_mem059" />
    <link:definitionArc xlink:type="arc" xlink:arcrole="http://xbrl.org/int/dim/arcrole/domain-member" xlink:from="loc_dnb_ftk_dom004" xlink:to="loc_dnb_mem059" order="60" />
    <link:loc xlink:type="locator" xlink:href="mem.xsd#dnb_mem060" xlink:label="loc_dnb_mem060" />
    <link:definitionArc xlink:type="arc" xlink:arcrole="http://xbrl.org/int/dim/arcrole/domain-member" xlink:from="loc_dnb_ftk_dom004" xlink:to="loc_dnb_mem060" order="61" />
    <link:loc xlink:type="locator" xlink:href="mem.xsd#dnb_mem061" xlink:label="loc_dnb_mem061" />
    <link:definitionArc xlink:type="arc" xlink:arcrole="http://xbrl.org/int/dim/arcrole/domain-member" xlink:from="loc_dnb_ftk_dom004" xlink:to="loc_dnb_mem061" order="62" />
    <link:loc xlink:type="locator" xlink:href="mem.xsd#dnb_mem062" xlink:label="loc_dnb_mem062" />
    <link:definitionArc xlink:type="arc" xlink:arcrole="http://xbrl.org/int/dim/arcrole/domain-member" xlink:from="loc_dnb_ftk_dom004" xlink:to="loc_dnb_mem062" order="63" />
    <link:loc xlink:type="locator" xlink:href="mem.xsd#dnb_mem063" xlink:label="loc_dnb_mem063" />
    <link:definitionArc xlink:type="arc" xlink:arcrole="http://xbrl.org/int/dim/arcrole/domain-member" xlink:from="loc_dnb_ftk_dom004" xlink:to="loc_dnb_mem063" order="64" />
    <link:loc xlink:type="locator" xlink:href="mem.xsd#dnb_mem064" xlink:label="loc_dnb_mem064" />
    <link:definitionArc xlink:type="arc" xlink:arcrole="http://xbrl.org/int/dim/arcrole/domain-member" xlink:from="loc_dnb_ftk_dom004" xlink:to="loc_dnb_mem064" order="65" />
    <link:loc xlink:type="locator" xlink:href="mem.xsd#dnb_mem065" xlink:label="loc_dnb_mem065" />
    <link:definitionArc xlink:type="arc" xlink:arcrole="http://xbrl.org/int/dim/arcrole/domain-member" xlink:from="loc_dnb_ftk_dom004" xlink:to="loc_dnb_mem065" order="66" />
    <link:loc xlink:type="locator" xlink:href="mem.xsd#dnb_mem066" xlink:label="loc_dnb_mem066" />
    <link:definitionArc xlink:type="arc" xlink:arcrole="http://xbrl.org/int/dim/arcrole/domain-member" xlink:from="loc_dnb_ftk_dom004" xlink:to="loc_dnb_mem066" order="67" />
    <link:loc xlink:type="locator" xlink:href="mem.xsd#dnb_mem067" xlink:label="loc_dnb_mem067" />
    <link:definitionArc xlink:type="arc" xlink:arcrole="http://xbrl.org/int/dim/arcrole/domain-member" xlink:from="loc_dnb_ftk_dom004" xlink:to="loc_dnb_mem067" order="68" />
    <link:loc xlink:type="locator" xlink:href="mem.xsd#dnb_mem068" xlink:label="loc_dnb_mem068" />
    <link:definitionArc xlink:type="arc" xlink:arcrole="http://xbrl.org/int/dim/arcrole/domain-member" xlink:from="loc_dnb_ftk_dom004" xlink:to="loc_dnb_mem068" order="69" />
    <link:loc xlink:type="locator" xlink:href="mem.xsd#dnb_mem069" xlink:label="loc_dnb_mem069" />
    <link:definitionArc xlink:type="arc" xlink:arcrole="http://xbrl.org/int/dim/arcrole/domain-member" xlink:from="loc_dnb_ftk_dom004" xlink:to="loc_dnb_mem069" order="70" />
    <link:loc xlink:type="locator" xlink:href="mem.xsd#dnb_mem070" xlink:label="loc_dnb_mem070" />
    <link:definitionArc xlink:type="arc" xlink:arcrole="http://xbrl.org/int/dim/arcrole/domain-member" xlink:from="loc_dnb_ftk_dom004" xlink:to="loc_dnb_mem070" order="71" />
    <link:loc xlink:type="locator" xlink:href="mem.xsd#dnb_mem071" xlink:label="loc_dnb_mem071" />
    <link:definitionArc xlink:type="arc" xlink:arcrole="http://xbrl.org/int/dim/arcrole/domain-member" xlink:from="loc_dnb_ftk_dom004" xlink:to="loc_dnb_mem071" order="72" />
    <link:loc xlink:type="locator" xlink:href="mem.xsd#dnb_mem072" xlink:label="loc_dnb_mem072" />
    <link:definitionArc xlink:type="arc" xlink:arcrole="http://xbrl.org/int/dim/arcrole/domain-member" xlink:from="loc_dnb_ftk_dom004" xlink:to="loc_dnb_mem072" order="73" />
    <link:loc xlink:type="locator" xlink:href="mem.xsd#dnb_mem073" xlink:label="loc_dnb_mem073" />
    <link:definitionArc xlink:type="arc" xlink:arcrole="http://xbrl.org/int/dim/arcrole/domain-member" xlink:from="loc_dnb_ftk_dom004" xlink:to="loc_dnb_mem073" order="74" />
    <link:loc xlink:type="locator" xlink:href="mem.xsd#dnb_mem074" xlink:label="loc_dnb_mem074" />
    <link:definitionArc xlink:type="arc" xlink:arcrole="http://xbrl.org/int/dim/arcrole/domain-member" xlink:from="loc_dnb_ftk_dom004" xlink:to="loc_dnb_mem074" order="75" />
    <link:loc xlink:type="locator" xlink:href="mem.xsd#dnb_mem075" xlink:label="loc_dnb_mem075" />
    <link:definitionArc xlink:type="arc" xlink:arcrole="http://xbrl.org/int/dim/arcrole/domain-member" xlink:from="loc_dnb_ftk_dom004" xlink:to="loc_dnb_mem075" order="76" />
    <link:loc xlink:type="locator" xlink:href="mem.xsd#dnb_mem076" xlink:label="loc_dnb_mem076" />
    <link:definitionArc xlink:type="arc" xlink:arcrole="http://xbrl.org/int/dim/arcrole/domain-member" xlink:from="loc_dnb_ftk_dom004" xlink:to="loc_dnb_mem076" order="77" />
    <link:loc xlink:type="locator" xlink:href="mem.xsd#dnb_mem077" xlink:label="loc_dnb_mem077" />
    <link:definitionArc xlink:type="arc" xlink:arcrole="http://xbrl.org/int/dim/arcrole/domain-member" xlink:from="loc_dnb_ftk_dom004" xlink:to="loc_dnb_mem077" order="78" />
    <link:loc xlink:type="locator" xlink:href="mem.xsd#dnb_mem078" xlink:label="loc_dnb_mem078" />
    <link:definitionArc xlink:type="arc" xlink:arcrole="http://xbrl.org/int/dim/arcrole/domain-member" xlink:from="loc_dnb_ftk_dom004" xlink:to="loc_dnb_mem078" order="79" />
    <link:loc xlink:type="locator" xlink:href="mem.xsd#dnb_mem079" xlink:label="loc_dnb_mem079" />
    <link:definitionArc xlink:type="arc" xlink:arcrole="http://xbrl.org/int/dim/arcrole/domain-member" xlink:from="loc_dnb_ftk_dom004" xlink:to="loc_dnb_mem079" order="80" />
    <link:loc xlink:type="locator" xlink:href="mem.xsd#dnb_mem080" xlink:label="loc_dnb_mem080" />
    <link:definitionArc xlink:type="arc" xlink:arcrole="http://xbrl.org/int/dim/arcrole/domain-member" xlink:from="loc_dnb_ftk_dom004" xlink:to="loc_dnb_mem080" order="81" />
    <link:loc xlink:type="locator" xlink:href="mem.xsd#dnb_mem081" xlink:label="loc_dnb_mem081" />
    <link:definitionArc xlink:type="arc" xlink:arcrole="http://xbrl.org/int/dim/arcrole/domain-member" xlink:from="loc_dnb_ftk_dom004" xlink:to="loc_dnb_mem081" order="82" />
    <link:loc xlink:type="locator" xlink:href="mem.xsd#dnb_mem082" xlink:label="loc_dnb_mem082" />
    <link:definitionArc xlink:type="arc" xlink:arcrole="http://xbrl.org/int/dim/arcrole/domain-member" xlink:from="loc_dnb_ftk_dom004" xlink:to="loc_dnb_mem082" order="83" />
    <link:loc xlink:type="locator" xlink:href="mem.xsd#dnb_mem083" xlink:label="loc_dnb_mem083" />
    <link:definitionArc xlink:type="arc" xlink:arcrole="http://xbrl.org/int/dim/arcrole/domain-member" xlink:from="loc_dnb_ftk_dom004" xlink:to="loc_dnb_mem083" order="84" />
    <link:loc xlink:type="locator" xlink:href="mem.xsd#dnb_mem084" xlink:label="loc_dnb_mem084" />
    <link:definitionArc xlink:type="arc" xlink:arcrole="http://xbrl.org/int/dim/arcrole/domain-member" xlink:from="loc_dnb_ftk_dom004" xlink:to="loc_dnb_mem084" order="85" />
    <link:loc xlink:type="locator" xlink:href="mem.xsd#dnb_mem085" xlink:label="loc_dnb_mem085" />
    <link:definitionArc xlink:type="arc" xlink:arcrole="http://xbrl.org/int/dim/arcrole/domain-member" xlink:from="loc_dnb_ftk_dom004" xlink:to="loc_dnb_mem085" order="86" />
    <link:loc xlink:type="locator" xlink:href="mem.xsd#dnb_mem086" xlink:label="loc_dnb_mem086" />
    <link:definitionArc xlink:type="arc" xlink:arcrole="http://xbrl.org/int/dim/arcrole/domain-member" xlink:from="loc_dnb_ftk_dom004" xlink:to="loc_dnb_mem086" order="87" />
    <link:loc xlink:type="locator" xlink:href="mem.xsd#dnb_mem087" xlink:label="loc_dnb_mem087" />
    <link:definitionArc xlink:type="arc" xlink:arcrole="http://xbrl.org/int/dim/arcrole/domain-member" xlink:from="loc_dnb_ftk_dom004" xlink:to="loc_dnb_mem087" order="88" />
    <link:loc xlink:type="locator" xlink:href="mem.xsd#dnb_mem088" xlink:label="loc_dnb_mem088" />
    <link:definitionArc xlink:type="arc" xlink:arcrole="http://xbrl.org/int/dim/arcrole/domain-member" xlink:from="loc_dnb_ftk_dom004" xlink:to="loc_dnb_mem088" order="89" />
    <link:loc xlink:type="locator" xlink:href="mem.xsd#dnb_mem089" xlink:label="loc_dnb_mem089" />
    <link:definitionArc xlink:type="arc" xlink:arcrole="http://xbrl.org/int/dim/arcrole/domain-member" xlink:from="loc_dnb_ftk_dom004" xlink:to="loc_dnb_mem089" order="90" />
    <link:loc xlink:type="locator" xlink:href="mem.xsd#dnb_mem090" xlink:label="loc_dnb_mem090" />
    <link:definitionArc xlink:type="arc" xlink:arcrole="http://xbrl.org/int/dim/arcrole/domain-member" xlink:from="loc_dnb_ftk_dom004" xlink:to="loc_dnb_mem090" order="91" />
    <link:loc xlink:type="locator" xlink:href="mem.xsd#dnb_mem091" xlink:label="loc_dnb_mem091" />
    <link:definitionArc xlink:type="arc" xlink:arcrole="http://xbrl.org/int/dim/arcrole/domain-member" xlink:from="loc_dnb_ftk_dom004" xlink:to="loc_dnb_mem091" order="92" />
    <link:loc xlink:type="locator" xlink:href="mem.xsd#dnb_mem092" xlink:label="loc_dnb_mem092" />
    <link:definitionArc xlink:type="arc" xlink:arcrole="http://xbrl.org/int/dim/arcrole/domain-member" xlink:from="loc_dnb_ftk_dom004" xlink:to="loc_dnb_mem092" order="93" />
    <link:loc xlink:type="locator" xlink:href="mem.xsd#dnb_mem093" xlink:label="loc_dnb_mem093" />
    <link:definitionArc xlink:type="arc" xlink:arcrole="http://xbrl.org/int/dim/arcrole/domain-member" xlink:from="loc_dnb_ftk_dom004" xlink:to="loc_dnb_mem093" order="94" />
    <link:loc xlink:type="locator" xlink:href="mem.xsd#dnb_mem094" xlink:label="loc_dnb_mem094" />
    <link:definitionArc xlink:type="arc" xlink:arcrole="http://xbrl.org/int/dim/arcrole/domain-member" xlink:from="loc_dnb_ftk_dom004" xlink:to="loc_dnb_mem094" order="95" />
    <link:loc xlink:type="locator" xlink:href="mem.xsd#dnb_mem095" xlink:label="loc_dnb_mem095" />
    <link:definitionArc xlink:type="arc" xlink:arcrole="http://xbrl.org/int/dim/arcrole/domain-member" xlink:from="loc_dnb_ftk_dom004" xlink:to="loc_dnb_mem095" order="96" />
    <link:loc xlink:type="locator" xlink:href="mem.xsd#dnb_mem096" xlink:label="loc_dnb_mem096" />
    <link:definitionArc xlink:type="arc" xlink:arcrole="http://xbrl.org/int/dim/arcrole/domain-member" xlink:from="loc_dnb_ftk_dom004" xlink:to="loc_dnb_mem096" order="97" />
    <link:loc xlink:type="locator" xlink:href="mem.xsd#dnb_mem097" xlink:label="loc_dnb_mem097" />
    <link:definitionArc xlink:type="arc" xlink:arcrole="http://xbrl.org/int/dim/arcrole/domain-member" xlink:from="loc_dnb_ftk_dom004" xlink:to="loc_dnb_mem097" order="98" />
    <link:loc xlink:type="locator" xlink:href="mem.xsd#dnb_mem098" xlink:label="loc_dnb_mem098" />
    <link:definitionArc xlink:type="arc" xlink:arcrole="http://xbrl.org/int/dim/arcrole/domain-member" xlink:from="loc_dnb_ftk_dom004" xlink:to="loc_dnb_mem098" order="99" />
    <link:loc xlink:type="locator" xlink:href="mem.xsd#dnb_mem099" xlink:label="loc_dnb_mem099" />
    <link:definitionArc xlink:type="arc" xlink:arcrole="http://xbrl.org/int/dim/arcrole/domain-member" xlink:from="loc_dnb_ftk_dom004" xlink:to="loc_dnb_mem099" order="100" />
    <link:loc xlink:type="locator" xlink:href="mem.xsd#dnb_mem100" xlink:label="loc_dnb_mem100" />
    <link:definitionArc xlink:type="arc" xlink:arcrole="http://xbrl.org/int/dim/arcrole/domain-member" xlink:from="loc_dnb_ftk_dom004" xlink:to="loc_dnb_mem100" order="101" />
    <link:loc xlink:type="locator" xlink:href="mem.xsd#dnb_mem101" xlink:label="loc_dnb_mem101" />
    <link:definitionArc xlink:type="arc" xlink:arcrole="http://xbrl.org/int/dim/arcrole/domain-member" xlink:from="loc_dnb_ftk_dom004" xlink:to="loc_dnb_mem101" order="102" />
    <link:loc xlink:type="locator" xlink:href="mem.xsd#dnb_mem102" xlink:label="loc_dnb_mem102" />
    <link:definitionArc xlink:type="arc" xlink:arcrole="http://xbrl.org/int/dim/arcrole/domain-member" xlink:from="loc_dnb_ftk_dom004" xlink:to="loc_dnb_mem102" order="103" />
    <link:loc xlink:type="locator" xlink:href="mem.xsd#dnb_mem103" xlink:label="loc_dnb_mem103" />
    <link:definitionArc xlink:type="arc" xlink:arcrole="http://xbrl.org/int/dim/arcrole/domain-member" xlink:from="loc_dnb_ftk_dom004" xlink:to="loc_dnb_mem103" order="104" />
    <link:loc xlink:type="locator" xlink:href="mem.xsd#dnb_mem104" xlink:label="loc_dnb_mem104" />
    <link:definitionArc xlink:type="arc" xlink:arcrole="http://xbrl.org/int/dim/arcrole/domain-member" xlink:from="loc_dnb_ftk_dom004" xlink:to="loc_dnb_mem104" order="105" />
    <link:loc xlink:type="locator" xlink:href="mem.xsd#dnb_mem105" xlink:label="loc_dnb_mem105" />
    <link:definitionArc xlink:type="arc" xlink:arcrole="http://xbrl.org/int/dim/arcrole/domain-member" xlink:from="loc_dnb_ftk_dom004" xlink:to="loc_dnb_mem105" order="106" />
    <link:loc xlink:type="locator" xlink:href="mem.xsd#dnb_mem106" xlink:label="loc_dnb_mem106" />
    <link:definitionArc xlink:type="arc" xlink:arcrole="http://xbrl.org/int/dim/arcrole/domain-member" xlink:from="loc_dnb_ftk_dom004" xlink:to="loc_dnb_mem106" order="107" />
    <link:loc xlink:type="locator" xlink:href="mem.xsd#dnb_mem107" xlink:label="loc_dnb_mem107" />
    <link:definitionArc xlink:type="arc" xlink:arcrole="http://xbrl.org/int/dim/arcrole/domain-member" xlink:from="loc_dnb_ftk_dom004" xlink:to="loc_dnb_mem107" order="108" />
    <link:loc xlink:type="locator" xlink:href="mem.xsd#dnb_mem108" xlink:label="loc_dnb_mem108" />
    <link:definitionArc xlink:type="arc" xlink:arcrole="http://xbrl.org/int/dim/arcrole/domain-member" xlink:from="loc_dnb_ftk_dom004" xlink:to="loc_dnb_mem108" order="109" />
    <link:loc xlink:type="locator" xlink:href="mem.xsd#dnb_mem109" xlink:label="loc_dnb_mem109" />
    <link:definitionArc xlink:type="arc" xlink:arcrole="http://xbrl.org/int/dim/arcrole/domain-member" xlink:from="loc_dnb_ftk_dom004" xlink:to="loc_dnb_mem109" order="110" />
    <link:loc xlink:type="locator" xlink:href="mem.xsd#dnb_mem110" xlink:label="loc_dnb_mem110" />
    <link:definitionArc xlink:type="arc" xlink:arcrole="http://xbrl.org/int/dim/arcrole/domain-member" xlink:from="loc_dnb_ftk_dom004" xlink:to="loc_dnb_mem110" order="111" />
    <link:loc xlink:type="locator" xlink:href="mem.xsd#dnb_mem111" xlink:label="loc_dnb_mem111" />
    <link:definitionArc xlink:type="arc" xlink:arcrole="http://xbrl.org/int/dim/arcrole/domain-member" xlink:from="loc_dnb_ftk_dom004" xlink:to="loc_dnb_mem111" order="112" />
    <link:loc xlink:type="locator" xlink:href="mem.xsd#dnb_mem112" xlink:label="loc_dnb_mem112" />
    <link:definitionArc xlink:type="arc" xlink:arcrole="http://xbrl.org/int/dim/arcrole/domain-member" xlink:from="loc_dnb_ftk_dom004" xlink:to="loc_dnb_mem112" order="113" />
    <link:loc xlink:type="locator" xlink:href="mem.xsd#dnb_mem113" xlink:label="loc_dnb_mem113" />
    <link:definitionArc xlink:type="arc" xlink:arcrole="http://xbrl.org/int/dim/arcrole/domain-member" xlink:from="loc_dnb_ftk_dom004" xlink:to="loc_dnb_mem113" order="114" />
    <link:loc xlink:type="locator" xlink:href="mem.xsd#dnb_mem114" xlink:label="loc_dnb_mem114" />
    <link:definitionArc xlink:type="arc" xlink:arcrole="http://xbrl.org/int/dim/arcrole/domain-member" xlink:from="loc_dnb_ftk_dom004" xlink:to="loc_dnb_mem114" order="115" />
    <link:loc xlink:type="locator" xlink:href="mem.xsd#dnb_mem115" xlink:label="loc_dnb_mem115" />
    <link:definitionArc xlink:type="arc" xlink:arcrole="http://xbrl.org/int/dim/arcrole/domain-member" xlink:from="loc_dnb_ftk_dom004" xlink:to="loc_dnb_mem115" order="116" />
    <link:loc xlink:type="locator" xlink:href="mem.xsd#dnb_mem116" xlink:label="loc_dnb_mem116" />
    <link:definitionArc xlink:type="arc" xlink:arcrole="http://xbrl.org/int/dim/arcrole/domain-member" xlink:from="loc_dnb_ftk_dom004" xlink:to="loc_dnb_mem116" order="117" />
    <link:loc xlink:type="locator" xlink:href="mem.xsd#dnb_mem117" xlink:label="loc_dnb_mem117" />
    <link:definitionArc xlink:type="arc" xlink:arcrole="http://xbrl.org/int/dim/arcrole/domain-member" xlink:from="loc_dnb_ftk_dom004" xlink:to="loc_dnb_mem117" order="118" />
    <link:loc xlink:type="locator" xlink:href="mem.xsd#dnb_mem118" xlink:label="loc_dnb_mem118" />
    <link:definitionArc xlink:type="arc" xlink:arcrole="http://xbrl.org/int/dim/arcrole/domain-member" xlink:from="loc_dnb_ftk_dom004" xlink:to="loc_dnb_mem118" order="119" />
    <link:loc xlink:type="locator" xlink:href="mem.xsd#dnb_mem119" xlink:label="loc_dnb_mem119" />
    <link:definitionArc xlink:type="arc" xlink:arcrole="http://xbrl.org/int/dim/arcrole/domain-member" xlink:from="loc_dnb_ftk_dom004" xlink:to="loc_dnb_mem119" order="120" />
    <link:loc xlink:type="locator" xlink:href="mem.xsd#dnb_mem120" xlink:label="loc_dnb_mem120" />
    <link:definitionArc xlink:type="arc" xlink:arcrole="http://xbrl.org/int/dim/arcrole/domain-member" xlink:from="loc_dnb_ftk_dom004" xlink:to="loc_dnb_mem120" order="121" />
    <link:loc xlink:type="locator" xlink:href="mem.xsd#dnb_mem121" xlink:label="loc_dnb_mem121" />
    <link:definitionArc xlink:type="arc" xlink:arcrole="http://xbrl.org/int/dim/arcrole/domain-member" xlink:from="loc_dnb_ftk_dom004" xlink:to="loc_dnb_mem121" order="122" />
    <link:loc xlink:type="locator" xlink:href="mem.xsd#dnb_mem122" xlink:label="loc_dnb_mem122" />
    <link:definitionArc xlink:type="arc" xlink:arcrole="http://xbrl.org/int/dim/arcrole/domain-member" xlink:from="loc_dnb_ftk_dom004" xlink:to="loc_dnb_mem122" order="123" />
    <link:loc xlink:type="locator" xlink:href="mem.xsd#dnb_mem123" xlink:label="loc_dnb_mem123" />
    <link:definitionArc xlink:type="arc" xlink:arcrole="http://xbrl.org/int/dim/arcrole/domain-member" xlink:from="loc_dnb_ftk_dom004" xlink:to="loc_dnb_mem123" order="124" />
    <link:loc xlink:type="locator" xlink:href="mem.xsd#dnb_mem124" xlink:label="loc_dnb_mem124" />
    <link:definitionArc xlink:type="arc" xlink:arcrole="http://xbrl.org/int/dim/arcrole/domain-member" xlink:from="loc_dnb_ftk_dom004" xlink:to="loc_dnb_mem124" order="125" />
    <link:loc xlink:type="locator" xlink:href="mem.xsd#dnb_mem125" xlink:label="loc_dnb_mem125" />
    <link:definitionArc xlink:type="arc" xlink:arcrole="http://xbrl.org/int/dim/arcrole/domain-member" xlink:from="loc_dnb_ftk_dom004" xlink:to="loc_dnb_mem125" order="126" />
    <link:loc xlink:type="locator" xlink:href="mem.xsd#dnb_mem126" xlink:label="loc_dnb_mem126" />
    <link:definitionArc xlink:type="arc" xlink:arcrole="http://xbrl.org/int/dim/arcrole/domain-member" xlink:from="loc_dnb_ftk_dom004" xlink:to="loc_dnb_mem126" order="127" />
    <link:loc xlink:type="locator" xlink:href="mem.xsd#dnb_mem127" xlink:label="loc_dnb_mem127" />
    <link:definitionArc xlink:type="arc" xlink:arcrole="http://xbrl.org/int/dim/arcrole/domain-member" xlink:from="loc_dnb_ftk_dom004" xlink:to="loc_dnb_mem127" order="128" />
    <link:loc xlink:type="locator" xlink:href="mem.xsd#dnb_mem128" xlink:label="loc_dnb_mem128" />
    <link:definitionArc xlink:type="arc" xlink:arcrole="http://xbrl.org/int/dim/arcrole/domain-member" xlink:from="loc_dnb_ftk_dom004" xlink:to="loc_dnb_mem128" order="129" />
    <link:loc xlink:type="locator" xlink:href="mem.xsd#dnb_mem129" xlink:label="loc_dnb_mem129" />
    <link:definitionArc xlink:type="arc" xlink:arcrole="http://xbrl.org/int/dim/arcrole/domain-member" xlink:from="loc_dnb_ftk_dom004" xlink:to="loc_dnb_mem129" order="130" />
    <link:loc xlink:type="locator" xlink:href="mem.xsd#dnb_mem130" xlink:label="loc_dnb_mem130" />
    <link:definitionArc xlink:type="arc" xlink:arcrole="http://xbrl.org/int/dim/arcrole/domain-member" xlink:from="loc_dnb_ftk_dom004" xlink:to="loc_dnb_mem130" order="131" />
    <link:loc xlink:type="locator" xlink:href="mem.xsd#dnb_mem131" xlink:label="loc_dnb_mem131" />
    <link:definitionArc xlink:type="arc" xlink:arcrole="http://xbrl.org/int/dim/arcrole/domain-member" xlink:from="loc_dnb_ftk_dom004" xlink:to="loc_dnb_mem131" order="132" />
    <link:loc xlink:type="locator" xlink:href="mem.xsd#dnb_mem132" xlink:label="loc_dnb_mem132" />
    <link:definitionArc xlink:type="arc" xlink:arcrole="http://xbrl.org/int/dim/arcrole/domain-member" xlink:from="loc_dnb_ftk_dom004" xlink:to="loc_dnb_mem132" order="133" />
    <link:loc xlink:type="locator" xlink:href="mem.xsd#dnb_mem133" xlink:label="loc_dnb_mem133" />
    <link:definitionArc xlink:type="arc" xlink:arcrole="http://xbrl.org/int/dim/arcrole/domain-member" xlink:from="loc_dnb_ftk_dom004" xlink:to="loc_dnb_mem133" order="134" />
    <link:loc xlink:type="locator" xlink:href="mem.xsd#dnb_mem134" xlink:label="loc_dnb_mem134" />
    <link:definitionArc xlink:type="arc" xlink:arcrole="http://xbrl.org/int/dim/arcrole/domain-member" xlink:from="loc_dnb_ftk_dom004" xlink:to="loc_dnb_mem134" order="135" />
    <link:loc xlink:type="locator" xlink:href="mem.xsd#dnb_mem135" xlink:label="loc_dnb_mem135" />
    <link:definitionArc xlink:type="arc" xlink:arcrole="http://xbrl.org/int/dim/arcrole/domain-member" xlink:from="loc_dnb_ftk_dom004" xlink:to="loc_dnb_mem135" order="136" />
    <link:loc xlink:type="locator" xlink:href="mem.xsd#dnb_mem136" xlink:label="loc_dnb_mem136" />
    <link:definitionArc xlink:type="arc" xlink:arcrole="http://xbrl.org/int/dim/arcrole/domain-member" xlink:from="loc_dnb_ftk_dom004" xlink:to="loc_dnb_mem136" order="137" />
    <link:loc xlink:type="locator" xlink:href="mem.xsd#dnb_mem137" xlink:label="loc_dnb_mem137" />
    <link:definitionArc xlink:type="arc" xlink:arcrole="http://xbrl.org/int/dim/arcrole/domain-member" xlink:from="loc_dnb_ftk_dom004" xlink:to="loc_dnb_mem137" order="138" />
    <link:loc xlink:type="locator" xlink:href="mem.xsd#dnb_mem138" xlink:label="loc_dnb_mem138" />
    <link:definitionArc xlink:type="arc" xlink:arcrole="http://xbrl.org/int/dim/arcrole/domain-member" xlink:from="loc_dnb_ftk_dom004" xlink:to="loc_dnb_mem138" order="139" />
    <link:loc xlink:type="locator" xlink:href="mem.xsd#dnb_mem139" xlink:label="loc_dnb_mem139" />
    <link:definitionArc xlink:type="arc" xlink:arcrole="http://xbrl.org/int/dim/arcrole/domain-member" xlink:from="loc_dnb_ftk_dom004" xlink:to="loc_dnb_mem139" order="140" />
    <link:loc xlink:type="locator" xlink:href="mem.xsd#dnb_mem140" xlink:label="loc_dnb_mem140" />
    <link:definitionArc xlink:type="arc" xlink:arcrole="http://xbrl.org/int/dim/arcrole/domain-member" xlink:from="loc_dnb_ftk_dom004" xlink:to="loc_dnb_mem140" order="141" />
    <link:loc xlink:type="locator" xlink:href="mem.xsd#dnb_mem141" xlink:label="loc_dnb_mem141" />
    <link:definitionArc xlink:type="arc" xlink:arcrole="http://xbrl.org/int/dim/arcrole/domain-member" xlink:from="loc_dnb_ftk_dom004" xlink:to="loc_dnb_mem141" order="142" />
    <link:loc xlink:type="locator" xlink:href="mem.xsd#dnb_mem142" xlink:label="loc_dnb_mem142" />
    <link:definitionArc xlink:type="arc" xlink:arcrole="http://xbrl.org/int/dim/arcrole/domain-member" xlink:from="loc_dnb_ftk_dom004" xlink:to="loc_dnb_mem142" order="143" />
    <link:loc xlink:type="locator" xlink:href="mem.xsd#dnb_mem143" xlink:label="loc_dnb_mem143" />
    <link:definitionArc xlink:type="arc" xlink:arcrole="http://xbrl.org/int/dim/arcrole/domain-member" xlink:from="loc_dnb_ftk_dom004" xlink:to="loc_dnb_mem143" order="144" />
    <link:loc xlink:type="locator" xlink:href="mem.xsd#dnb_mem144" xlink:label="loc_dnb_mem144" />
    <link:definitionArc xlink:type="arc" xlink:arcrole="http://xbrl.org/int/dim/arcrole/domain-member" xlink:from="loc_dnb_ftk_dom004" xlink:to="loc_dnb_mem144" order="145" />
    <link:loc xlink:type="locator" xlink:href="mem.xsd#dnb_mem145" xlink:label="loc_dnb_mem145" />
    <link:definitionArc xlink:type="arc" xlink:arcrole="http://xbrl.org/int/dim/arcrole/domain-member" xlink:from="loc_dnb_ftk_dom004" xlink:to="loc_dnb_mem145" order="146" />
    <link:loc xlink:type="locator" xlink:href="mem.xsd#dnb_mem146" xlink:label="loc_dnb_mem146" />
    <link:definitionArc xlink:type="arc" xlink:arcrole="http://xbrl.org/int/dim/arcrole/domain-member" xlink:from="loc_dnb_ftk_dom004" xlink:to="loc_dnb_mem146" order="147" />
    <link:loc xlink:type="locator" xlink:href="mem.xsd#dnb_mem147" xlink:label="loc_dnb_mem147" />
    <link:definitionArc xlink:type="arc" xlink:arcrole="http://xbrl.org/int/dim/arcrole/domain-member" xlink:from="loc_dnb_ftk_dom004" xlink:to="loc_dnb_mem147" order="148" />
    <link:loc xlink:type="locator" xlink:href="mem.xsd#dnb_mem148" xlink:label="loc_dnb_mem148" />
    <link:definitionArc xlink:type="arc" xlink:arcrole="http://xbrl.org/int/dim/arcrole/domain-member" xlink:from="loc_dnb_ftk_dom004" xlink:to="loc_dnb_mem148" order="149" />
    <link:loc xlink:type="locator" xlink:href="mem.xsd#dnb_mem149" xlink:label="loc_dnb_mem149" />
    <link:definitionArc xlink:type="arc" xlink:arcrole="http://xbrl.org/int/dim/arcrole/domain-member" xlink:from="loc_dnb_ftk_dom004" xlink:to="loc_dnb_mem149" order="150" />
    <link:loc xlink:type="locator" xlink:href="mem.xsd#dnb_mem150" xlink:label="loc_dnb_mem150" />
    <link:definitionArc xlink:type="arc" xlink:arcrole="http://xbrl.org/int/dim/arcrole/domain-member" xlink:from="loc_dnb_ftk_dom004" xlink:to="loc_dnb_mem150" order="151" />
    <link:loc xlink:type="locator" xlink:href="mem.xsd#dnb_mem151" xlink:label="loc_dnb_mem151" />
    <link:definitionArc xlink:type="arc" xlink:arcrole="http://xbrl.org/int/dim/arcrole/domain-member" xlink:from="loc_dnb_ftk_dom004" xlink:to="loc_dnb_mem151" order="152" />
    <link:loc xlink:type="locator" xlink:href="mem.xsd#dnb_mem152" xlink:label="loc_dnb_mem152" />
    <link:definitionArc xlink:type="arc" xlink:arcrole="http://xbrl.org/int/dim/arcrole/domain-member" xlink:from="loc_dnb_ftk_dom004" xlink:to="loc_dnb_mem152" order="153" />
    <link:loc xlink:type="locator" xlink:href="mem.xsd#dnb_mem153" xlink:label="loc_dnb_mem153" />
    <link:definitionArc xlink:type="arc" xlink:arcrole="http://xbrl.org/int/dim/arcrole/domain-member" xlink:from="loc_dnb_ftk_dom004" xlink:to="loc_dnb_mem153" order="154" />
    <link:loc xlink:type="locator" xlink:href="mem.xsd#dnb_mem154" xlink:label="loc_dnb_mem154" />
    <link:definitionArc xlink:type="arc" xlink:arcrole="http://xbrl.org/int/dim/arcrole/domain-member" xlink:from="loc_dnb_ftk_dom004" xlink:to="loc_dnb_mem154" order="155" />
    <link:loc xlink:type="locator" xlink:href="mem.xsd#dnb_mem155" xlink:label="loc_dnb_mem155" />
    <link:definitionArc xlink:type="arc" xlink:arcrole="http://xbrl.org/int/dim/arcrole/domain-member" xlink:from="loc_dnb_ftk_dom004" xlink:to="loc_dnb_mem155" order="156" />
    <link:loc xlink:type="locator" xlink:href="mem.xsd#dnb_mem156" xlink:label="loc_dnb_mem156" />
    <link:definitionArc xlink:type="arc" xlink:arcrole="http://xbrl.org/int/dim/arcrole/domain-member" xlink:from="loc_dnb_ftk_dom004" xlink:to="loc_dnb_mem156" order="157" />
    <link:loc xlink:type="locator" xlink:href="mem.xsd#dnb_mem157" xlink:label="loc_dnb_mem157" />
    <link:definitionArc xlink:type="arc" xlink:arcrole="http://xbrl.org/int/dim/arcrole/domain-member" xlink:from="loc_dnb_ftk_dom004" xlink:to="loc_dnb_mem157" order="158" />
    <link:loc xlink:type="locator" xlink:href="mem.xsd#dnb_mem158" xlink:label="loc_dnb_mem158" />
    <link:definitionArc xlink:type="arc" xlink:arcrole="http://xbrl.org/int/dim/arcrole/domain-member" xlink:from="loc_dnb_ftk_dom004" xlink:to="loc_dnb_mem158" order="159" />
    <link:loc xlink:type="locator" xlink:href="mem.xsd#dnb_mem159" xlink:label="loc_dnb_mem159" />
    <link:definitionArc xlink:type="arc" xlink:arcrole="http://xbrl.org/int/dim/arcrole/domain-member" xlink:from="loc_dnb_ftk_dom004" xlink:to="loc_dnb_mem159" order="160" />
    <link:loc xlink:type="locator" xlink:href="mem.xsd#dnb_mem160" xlink:label="loc_dnb_mem160" />
    <link:definitionArc xlink:type="arc" xlink:arcrole="http://xbrl.org/int/dim/arcrole/domain-member" xlink:from="loc_dnb_ftk_dom004" xlink:to="loc_dnb_mem160" order="161" />
    <link:loc xlink:type="locator" xlink:href="mem.xsd#dnb_mem161" xlink:label="loc_dnb_mem161" />
    <link:definitionArc xlink:type="arc" xlink:arcrole="http://xbrl.org/int/dim/arcrole/domain-member" xlink:from="loc_dnb_ftk_dom004" xlink:to="loc_dnb_mem161" order="162" />
    <link:loc xlink:type="locator" xlink:href="mem.xsd#dnb_mem162" xlink:label="loc_dnb_mem162" />
    <link:definitionArc xlink:type="arc" xlink:arcrole="http://xbrl.org/int/dim/arcrole/domain-member" xlink:from="loc_dnb_ftk_dom004" xlink:to="loc_dnb_mem162" order="163" />
    <link:loc xlink:type="locator" xlink:href="mem.xsd#dnb_mem163" xlink:label="loc_dnb_mem163" />
    <link:definitionArc xlink:type="arc" xlink:arcrole="http://xbrl.org/int/dim/arcrole/domain-member" xlink:from="loc_dnb_ftk_dom004" xlink:to="loc_dnb_mem163" order="164" />
    <link:loc xlink:type="locator" xlink:href="mem.xsd#dnb_mem164" xlink:label="loc_dnb_mem164" />
    <link:definitionArc xlink:type="arc" xlink:arcrole="http://xbrl.org/int/dim/arcrole/domain-member" xlink:from="loc_dnb_ftk_dom004" xlink:to="loc_dnb_mem164" order="165" />
    <link:loc xlink:type="locator" xlink:href="mem.xsd#dnb_mem165" xlink:label="loc_dnb_mem165" />
    <link:definitionArc xlink:type="arc" xlink:arcrole="http://xbrl.org/int/dim/arcrole/domain-member" xlink:from="loc_dnb_ftk_dom004" xlink:to="loc_dnb_mem165" order="166" />
    <link:loc xlink:type="locator" xlink:href="mem.xsd#dnb_mem166" xlink:label="loc_dnb_mem166" />
    <link:definitionArc xlink:type="arc" xlink:arcrole="http://xbrl.org/int/dim/arcrole/domain-member" xlink:from="loc_dnb_ftk_dom004" xlink:to="loc_dnb_mem166" order="167" />
    <link:loc xlink:type="locator" xlink:href="mem.xsd#dnb_mem167" xlink:label="loc_dnb_mem167" />
    <link:definitionArc xlink:type="arc" xlink:arcrole="http://xbrl.org/int/dim/arcrole/domain-member" xlink:from="loc_dnb_ftk_dom004" xlink:to="loc_dnb_mem167" order="168" />
    <link:loc xlink:type="locator" xlink:href="mem.xsd#dnb_mem168" xlink:label="loc_dnb_mem168" />
    <link:definitionArc xlink:type="arc" xlink:arcrole="http://xbrl.org/int/dim/arcrole/domain-member" xlink:from="loc_dnb_ftk_dom004" xlink:to="loc_dnb_mem168" order="169" />
    <link:loc xlink:type="locator" xlink:href="mem.xsd#dnb_mem169" xlink:label="loc_dnb_mem169" />
    <link:definitionArc xlink:type="arc" xlink:arcrole="http://xbrl.org/int/dim/arcrole/domain-member" xlink:from="loc_dnb_ftk_dom004" xlink:to="loc_dnb_mem169" order="170" />
    <link:loc xlink:type="locator" xlink:href="mem.xsd#dnb_mem170" xlink:label="loc_dnb_mem170" />
    <link:definitionArc xlink:type="arc" xlink:arcrole="http://xbrl.org/int/dim/arcrole/domain-member" xlink:from="loc_dnb_ftk_dom004" xlink:to="loc_dnb_mem170" order="171" />
    <link:loc xlink:type="locator" xlink:href="mem.xsd#dnb_mem171" xlink:label="loc_dnb_mem171" />
    <link:definitionArc xlink:type="arc" xlink:arcrole="http://xbrl.org/int/dim/arcrole/domain-member" xlink:from="loc_dnb_ftk_dom004" xlink:to="loc_dnb_mem171" order="172" />
    <link:loc xlink:type="locator" xlink:href="mem.xsd#dnb_mem172" xlink:label="loc_dnb_mem172" />
    <link:definitionArc xlink:type="arc" xlink:arcrole="http://xbrl.org/int/dim/arcrole/domain-member" xlink:from="loc_dnb_ftk_dom004" xlink:to="loc_dnb_mem172" order="173" />
    <link:loc xlink:type="locator" xlink:href="mem.xsd#dnb_mem173" xlink:label="loc_dnb_mem173" />
    <link:definitionArc xlink:type="arc" xlink:arcrole="http://xbrl.org/int/dim/arcrole/domain-member" xlink:from="loc_dnb_ftk_dom004" xlink:to="loc_dnb_mem173" order="174" />
    <link:loc xlink:type="locator" xlink:href="mem.xsd#dnb_mem174" xlink:label="loc_dnb_mem174" />
    <link:definitionArc xlink:type="arc" xlink:arcrole="http://xbrl.org/int/dim/arcrole/domain-member" xlink:from="loc_dnb_ftk_dom004" xlink:to="loc_dnb_mem174" order="175" />
    <link:loc xlink:type="locator" xlink:href="mem.xsd#dnb_mem175" xlink:label="loc_dnb_mem175" />
    <link:definitionArc xlink:type="arc" xlink:arcrole="http://xbrl.org/int/dim/arcrole/domain-member" xlink:from="loc_dnb_ftk_dom004" xlink:to="loc_dnb_mem175" order="176" />
    <link:loc xlink:type="locator" xlink:href="mem.xsd#dnb_mem176" xlink:label="loc_dnb_mem176" />
    <link:definitionArc xlink:type="arc" xlink:arcrole="http://xbrl.org/int/dim/arcrole/domain-member" xlink:from="loc_dnb_ftk_dom004" xlink:to="loc_dnb_mem176" order="177" />
    <link:loc xlink:type="locator" xlink:href="mem.xsd#dnb_mem177" xlink:label="loc_dnb_mem177" />
    <link:definitionArc xlink:type="arc" xlink:arcrole="http://xbrl.org/int/dim/arcrole/domain-member" xlink:from="loc_dnb_ftk_dom004" xlink:to="loc_dnb_mem177" order="178" />
    <link:loc xlink:type="locator" xlink:href="mem.xsd#dnb_mem178" xlink:label="loc_dnb_mem178" />
    <link:definitionArc xlink:type="arc" xlink:arcrole="http://xbrl.org/int/dim/arcrole/domain-member" xlink:from="loc_dnb_ftk_dom004" xlink:to="loc_dnb_mem178" order="179" />
    <link:loc xlink:type="locator" xlink:href="mem.xsd#dnb_mem179" xlink:label="loc_dnb_mem179" />
    <link:definitionArc xlink:type="arc" xlink:arcrole="http://xbrl.org/int/dim/arcrole/domain-member" xlink:from="loc_dnb_ftk_dom004" xlink:to="loc_dnb_mem179" order="180" />
    <link:loc xlink:type="locator" xlink:href="mem.xsd#dnb_mem180" xlink:label="loc_dnb_mem180" />
    <link:definitionArc xlink:type="arc" xlink:arcrole="http://xbrl.org/int/dim/arcrole/domain-member" xlink:from="loc_dnb_ftk_dom004" xlink:to="loc_dnb_mem180" order="181" />
    <link:loc xlink:type="locator" xlink:href="mem.xsd#dnb_mem181" xlink:label="loc_dnb_mem181" />
    <link:definitionArc xlink:type="arc" xlink:arcrole="http://xbrl.org/int/dim/arcrole/domain-member" xlink:from="loc_dnb_ftk_dom004" xlink:to="loc_dnb_mem181" order="182" />
    <link:loc xlink:type="locator" xlink:href="mem.xsd#dnb_mem182" xlink:label="loc_dnb_mem182" />
    <link:definitionArc xlink:type="arc" xlink:arcrole="http://xbrl.org/int/dim/arcrole/domain-member" xlink:from="loc_dnb_ftk_dom004" xlink:to="loc_dnb_mem182" order="183" />
    <link:loc xlink:type="locator" xlink:href="mem.xsd#dnb_mem183" xlink:label="loc_dnb_mem183" />
    <link:definitionArc xlink:type="arc" xlink:arcrole="http://xbrl.org/int/dim/arcrole/domain-member" xlink:from="loc_dnb_ftk_dom004" xlink:to="loc_dnb_mem183" order="184" />
    <link:loc xlink:type="locator" xlink:href="mem.xsd#dnb_mem184" xlink:label="loc_dnb_mem184" />
    <link:definitionArc xlink:type="arc" xlink:arcrole="http://xbrl.org/int/dim/arcrole/domain-member" xlink:from="loc_dnb_ftk_dom004" xlink:to="loc_dnb_mem184" order="185" />
    <link:loc xlink:type="locator" xlink:href="mem.xsd#dnb_mem185" xlink:label="loc_dnb_mem185" />
    <link:definitionArc xlink:type="arc" xlink:arcrole="http://xbrl.org/int/dim/arcrole/domain-member" xlink:from="loc_dnb_ftk_dom004" xlink:to="loc_dnb_mem185" order="186" />
    <link:loc xlink:type="locator" xlink:href="mem.xsd#dnb_mem186" xlink:label="loc_dnb_mem186" />
    <link:definitionArc xlink:type="arc" xlink:arcrole="http://xbrl.org/int/dim/arcrole/domain-member" xlink:from="loc_dnb_ftk_dom004" xlink:to="loc_dnb_mem186" order="187" />
    <link:loc xlink:type="locator" xlink:href="mem.xsd#dnb_mem187" xlink:label="loc_dnb_mem187" />
    <link:definitionArc xlink:type="arc" xlink:arcrole="http://xbrl.org/int/dim/arcrole/domain-member" xlink:from="loc_dnb_ftk_dom004" xlink:to="loc_dnb_mem187" order="188" />
    <link:loc xlink:type="locator" xlink:href="mem.xsd#dnb_mem188" xlink:label="loc_dnb_mem188" />
    <link:definitionArc xlink:type="arc" xlink:arcrole="http://xbrl.org/int/dim/arcrole/domain-member" xlink:from="loc_dnb_ftk_dom004" xlink:to="loc_dnb_mem188" order="189" />
    <link:loc xlink:type="locator" xlink:href="mem.xsd#dnb_mem189" xlink:label="loc_dnb_mem189" />
    <link:definitionArc xlink:type="arc" xlink:arcrole="http://xbrl.org/int/dim/arcrole/domain-member" xlink:from="loc_dnb_ftk_dom004" xlink:to="loc_dnb_mem189" order="190" />
    <link:loc xlink:type="locator" xlink:href="mem.xsd#dnb_mem190" xlink:label="loc_dnb_mem190" />
    <link:definitionArc xlink:type="arc" xlink:arcrole="http://xbrl.org/int/dim/arcrole/domain-member" xlink:from="loc_dnb_ftk_dom004" xlink:to="loc_dnb_mem190" order="191" />
    <link:loc xlink:type="locator" xlink:href="mem.xsd#dnb_mem191" xlink:label="loc_dnb_mem191" />
    <link:definitionArc xlink:type="arc" xlink:arcrole="http://xbrl.org/int/dim/arcrole/domain-member" xlink:from="loc_dnb_ftk_dom004" xlink:to="loc_dnb_mem191" order="192" />
    <link:loc xlink:type="locator" xlink:href="mem.xsd#dnb_mem192" xlink:label="loc_dnb_mem192" />
    <link:definitionArc xlink:type="arc" xlink:arcrole="http://xbrl.org/int/dim/arcrole/domain-member" xlink:from="loc_dnb_ftk_dom004" xlink:to="loc_dnb_mem192" order="193" />
    <link:loc xlink:type="locator" xlink:href="mem.xsd#dnb_mem193" xlink:label="loc_dnb_mem193" />
    <link:definitionArc xlink:type="arc" xlink:arcrole="http://xbrl.org/int/dim/arcrole/domain-member" xlink:from="loc_dnb_ftk_dom004" xlink:to="loc_dnb_mem193" order="194" />
    <link:loc xlink:type="locator" xlink:href="mem.xsd#dnb_mem194" xlink:label="loc_dnb_mem194" />
    <link:definitionArc xlink:type="arc" xlink:arcrole="http://xbrl.org/int/dim/arcrole/domain-member" xlink:from="loc_dnb_ftk_dom004" xlink:to="loc_dnb_mem194" order="195" />
    <link:loc xlink:type="locator" xlink:href="mem.xsd#dnb_mem195" xlink:label="loc_dnb_mem195" />
    <link:definitionArc xlink:type="arc" xlink:arcrole="http://xbrl.org/int/dim/arcrole/domain-member" xlink:from="loc_dnb_ftk_dom004" xlink:to="loc_dnb_mem195" order="196" />
    <link:loc xlink:type="locator" xlink:href="mem.xsd#dnb_mem196" xlink:label="loc_dnb_mem196" />
    <link:definitionArc xlink:type="arc" xlink:arcrole="http://xbrl.org/int/dim/arcrole/domain-member" xlink:from="loc_dnb_ftk_dom004" xlink:to="loc_dnb_mem196" order="197" />
    <link:loc xlink:type="locator" xlink:href="mem.xsd#dnb_mem197" xlink:label="loc_dnb_mem197" />
    <link:definitionArc xlink:type="arc" xlink:arcrole="http://xbrl.org/int/dim/arcrole/domain-member" xlink:from="loc_dnb_ftk_dom004" xlink:to="loc_dnb_mem197" order="198" />
    <link:loc xlink:type="locator" xlink:href="mem.xsd#dnb_mem198" xlink:label="loc_dnb_mem198" />
    <link:definitionArc xlink:type="arc" xlink:arcrole="http://xbrl.org/int/dim/arcrole/domain-member" xlink:from="loc_dnb_ftk_dom004" xlink:to="loc_dnb_mem198" order="199" />
    <link:loc xlink:type="locator" xlink:href="mem.xsd#dnb_mem199" xlink:label="loc_dnb_mem199" />
    <link:definitionArc xlink:type="arc" xlink:arcrole="http://xbrl.org/int/dim/arcrole/domain-member" xlink:from="loc_dnb_ftk_dom004" xlink:to="loc_dnb_mem199" order="200" />
    <link:loc xlink:type="locator" xlink:href="mem.xsd#dnb_mem200" xlink:label="loc_dnb_mem200" />
    <link:definitionArc xlink:type="arc" xlink:arcrole="http://xbrl.org/int/dim/arcrole/domain-member" xlink:from="loc_dnb_ftk_dom004" xlink:to="loc_dnb_mem200" order="201" />
    <link:loc xlink:type="locator" xlink:href="mem.xsd#dnb_mem201" xlink:label="loc_dnb_mem201" />
    <link:definitionArc xlink:type="arc" xlink:arcrole="http://xbrl.org/int/dim/arcrole/domain-member" xlink:from="loc_dnb_ftk_dom004" xlink:to="loc_dnb_mem201" order="202" />
    <link:loc xlink:type="locator" xlink:href="mem.xsd#dnb_mem202" xlink:label="loc_dnb_mem202" />
    <link:definitionArc xlink:type="arc" xlink:arcrole="http://xbrl.org/int/dim/arcrole/domain-member" xlink:from="loc_dnb_ftk_dom004" xlink:to="loc_dnb_mem202" order="203" />
    <link:loc xlink:type="locator" xlink:href="mem.xsd#dnb_mem203" xlink:label="loc_dnb_mem203" />
    <link:definitionArc xlink:type="arc" xlink:arcrole="http://xbrl.org/int/dim/arcrole/domain-member" xlink:from="loc_dnb_ftk_dom004" xlink:to="loc_dnb_mem203" order="204" />
  </link:definitionLink>
</link:linkbase>