﻿<?xml version="1.0" encoding="utf-8"?>
<!--© DNB-->
<link:linkbase xmlns:xsi="http://www.w3.org/2001/XMLSchema-instance" xmlns:xlink="http://www.w3.org/1999/xlink" xmlns:link="http://www.xbrl.org/2003/linkbase" xmlns:xbrldt="http://xbrl.org/2005/xbrldt" xsi:schemaLocation="http://www.xbrl.org/2003/linkbase http://www.xbrl.org/2003/xbrl-linkbase-2003-12-31.xsd http://xbrl.org/2005/xbrldt http://www.xbrl.org/2005/xbrldt-2005.xsd">
  <link:arcroleRef arcroleURI="http://xbrl.org/int/dim/arcrole/all" xlink:type="simple" xlink:href="http://www.xbrl.org/2005/xbrldt-2005.xsd#all" />
  <link:arcroleRef arcroleURI="http://xbrl.org/int/dim/arcrole/dimension-domain" xlink:type="simple" xlink:href="http://www.xbrl.org/2005/xbrldt-2005.xsd#dimension-domain" />
  <link:arcroleRef arcroleURI="http://xbrl.org/int/dim/arcrole/domain-member" xlink:type="simple" xlink:href="http://www.xbrl.org/2005/xbrldt-2005.xsd#domain-member" />
  <link:arcroleRef arcroleURI="http://xbrl.org/int/dim/arcrole/hypercube-dimension" xlink:type="simple" xlink:href="http://www.xbrl.org/2005/xbrldt-2005.xsd#hypercube-dimension" />
  <link:roleRef roleURI="http://www.dnb.nl/xbrl/role/fws/DNB-NR/ftk-2019-06/2019-12-31/tab/J101-1/1" xlink:type="simple" xlink:href="j101-1.xsd#role1" />
  <link:roleRef roleURI="http://www.dnb.nl/xbrl/role/fws/DNB-NR/ftk-2019-06/2019-12-31/tab/J101-1/2" xlink:type="simple" xlink:href="j101-1.xsd#role2" />
  <link:roleRef roleURI="http://www.dnb.nl/xbrl/role/fws/DNB-NR/ftk-2019-06/2019-12-31/tab/J101-1/3" xlink:type="simple" xlink:href="j101-1.xsd#role3" />
  <link:roleRef roleURI="http://www.dnb.nl/xbrl/role/fws/DNB-NR/ftk-2019-06/2019-12-31/tab/J101-1/4" xlink:type="simple" xlink:href="j101-1.xsd#role4" />
  <link:roleRef roleURI="http://www.dnb.nl/xbrl/role/fws/DNB-NR/ftk-2019-06/2019-12-31/tab/J101-1/5" xlink:type="simple" xlink:href="j101-1.xsd#role5" />
  <link:roleRef roleURI="http://www.dnb.nl/xbrl/role/fws/DNB-NR/ftk-2019-06/2019-12-31/tab/J101-1/6" xlink:type="simple" xlink:href="j101-1.xsd#role6" />
  <link:definitionLink xlink:type="extended" xlink:role="http://www.dnb.nl/xbrl/role/fws/DNB-NR/ftk-2019-06/2019-12-31/tab/J101-1/1">
    <link:loc xlink:type="locator" xlink:href="../../../../../../dict/met/met.xsd#dnb_ei_ftk_059" xlink:label="loc_dnb_ei_ftk_059" />
    <link:loc xlink:type="locator" xlink:href="../../../../../../dict/met/met.xsd#dnb_si_ftk_060" xlink:label="loc_dnb_si_ftk_060" />
    <link:definitionArc xlink:type="arc" xlink:arcrole="http://xbrl.org/int/dim/arcrole/domain-member" xlink:from="loc_dnb_ei_ftk_059" xlink:to="loc_dnb_si_ftk_060" order="1" />
    <link:loc xlink:type="locator" xlink:href="../../../../../../dict/met/met.xsd#dnb_ei_ftk_061" xlink:label="loc_dnb_ei_ftk_061" />
    <link:definitionArc xlink:type="arc" xlink:arcrole="http://xbrl.org/int/dim/arcrole/domain-member" xlink:from="loc_dnb_ei_ftk_059" xlink:to="loc_dnb_ei_ftk_061" order="2" />
    <link:loc xlink:type="locator" xlink:href="../../../../../../dict/met/met.xsd#dnb_si_ftk_062" xlink:label="loc_dnb_si_ftk_062" />
    <link:definitionArc xlink:type="arc" xlink:arcrole="http://xbrl.org/int/dim/arcrole/domain-member" xlink:from="loc_dnb_ei_ftk_059" xlink:to="loc_dnb_si_ftk_062" order="3" />
    <link:loc xlink:type="locator" xlink:href="../../../../../../dict/met/met.xsd#dnb_si_ftk_063" xlink:label="loc_dnb_si_ftk_063" />
    <link:definitionArc xlink:type="arc" xlink:arcrole="http://xbrl.org/int/dim/arcrole/domain-member" xlink:from="loc_dnb_ei_ftk_059" xlink:to="loc_dnb_si_ftk_063" order="4" />
    <link:loc xlink:type="locator" xlink:href="../../../../../../dict/met/met.xsd#dnb_ei_ftk_065" xlink:label="loc_dnb_ei_ftk_065" />
    <link:definitionArc xlink:type="arc" xlink:arcrole="http://xbrl.org/int/dim/arcrole/domain-member" xlink:from="loc_dnb_ei_ftk_059" xlink:to="loc_dnb_ei_ftk_065" order="5" />
    <link:loc xlink:type="locator" xlink:href="../../../../../../dict/met/met.xsd#dnb_ei_ftk_066" xlink:label="loc_dnb_ei_ftk_066" />
    <link:definitionArc xlink:type="arc" xlink:arcrole="http://xbrl.org/int/dim/arcrole/domain-member" xlink:from="loc_dnb_ei_ftk_059" xlink:to="loc_dnb_ei_ftk_066" order="6" />
    <link:loc xlink:type="locator" xlink:href="../../../../../../dict/met/met.xsd#dnb_ei_ftk_067" xlink:label="loc_dnb_ei_ftk_067" />
    <link:definitionArc xlink:type="arc" xlink:arcrole="http://xbrl.org/int/dim/arcrole/domain-member" xlink:from="loc_dnb_ei_ftk_059" xlink:to="loc_dnb_ei_ftk_067" order="7" />
    <link:loc xlink:type="locator" xlink:href="../../../../../../dict/met/met.xsd#dnb_ei_ftk_068" xlink:label="loc_dnb_ei_ftk_068" />
    <link:definitionArc xlink:type="arc" xlink:arcrole="http://xbrl.org/int/dim/arcrole/domain-member" xlink:from="loc_dnb_ei_ftk_059" xlink:to="loc_dnb_ei_ftk_068" order="8" />
    <link:loc xlink:type="locator" xlink:href="http://www.eurofiling.info/eu/fr/xbrl/ext/model.xsd#hyp" xlink:label="loc_hyp" />
    <link:definitionArc xlink:type="arc" xlink:arcrole="http://xbrl.org/int/dim/arcrole/all" xlink:from="loc_dnb_ei_ftk_059" xlink:to="loc_hyp" xbrldt:closed="true" xbrldt:contextElement="scenario" order="9" />
    <link:loc xlink:type="locator" xlink:href="../../../../../../dict/dim/dim.xsd#dnb_ftk_dim002" xlink:label="loc_dnb_ftk_dim002" />
    <link:definitionArc xlink:type="arc" xlink:arcrole="http://xbrl.org/int/dim/arcrole/hypercube-dimension" xlink:from="loc_hyp" xlink:to="loc_dnb_ftk_dim002" order="1" />
    <link:loc xlink:type="locator" xlink:href="../../../../../../dict/dom/exp.xsd#dnb_ftk_dom002" xlink:label="loc_dnb_ftk_dom002" />
    <link:definitionArc xlink:type="arc" xlink:arcrole="http://xbrl.org/int/dim/arcrole/dimension-domain" xlink:from="loc_dnb_ftk_dim002" xlink:to="loc_dnb_ftk_dom002" xbrldt:usable="false" order="1" />
    <link:loc xlink:type="locator" xlink:href="../../../../../../dict/dom/ftk_dom002/mem.xsd#dnb_mem015" xlink:label="loc_dnb_mem015" />
    <link:definitionArc xlink:type="arc" xlink:arcrole="http://xbrl.org/int/dim/arcrole/domain-member" xlink:from="loc_dnb_ftk_dom002" xlink:to="loc_dnb_mem015" order="1" />
    <link:loc xlink:type="locator" xlink:href="../../../../../../dict/dim/dim.xsd#dnb_ftk_dim008" xlink:label="loc_dnb_ftk_dim008" />
    <link:definitionArc xlink:type="arc" xlink:arcrole="http://xbrl.org/int/dim/arcrole/hypercube-dimension" xlink:from="loc_hyp" xlink:to="loc_dnb_ftk_dim008" xbrldt:targetRole="http://www.dnb.nl/xbrl/role/fws/DNB-NR/ftk-2019-06/2019-12-31/tab/J101-1/2" order="2" />
    <link:loc xlink:type="locator" xlink:href="../../../../../../dict/dim/dim.xsd#dnb_ftk_dim030" xlink:label="loc_dnb_ftk_dim030" />
    <link:definitionArc xlink:type="arc" xlink:arcrole="http://xbrl.org/int/dim/arcrole/hypercube-dimension" xlink:from="loc_hyp" xlink:to="loc_dnb_ftk_dim030" order="3" />
    <link:loc xlink:type="locator" xlink:href="../../../../../../dict/dom/exp.xsd#dnb_ftk_dom017" xlink:label="loc_dnb_ftk_dom017" />
    <link:definitionArc xlink:type="arc" xlink:arcrole="http://xbrl.org/int/dim/arcrole/dimension-domain" xlink:from="loc_dnb_ftk_dim030" xlink:to="loc_dnb_ftk_dom017" xbrldt:usable="false" order="1" />
    <link:loc xlink:type="locator" xlink:href="../../../../../../dict/dom/ftk_dom017/mem.xsd#dnb_mem000" xlink:label="loc_dnb_mem000" />
    <link:definitionArc xlink:type="arc" xlink:arcrole="http://xbrl.org/int/dim/arcrole/domain-member" xlink:from="loc_dnb_ftk_dom017" xlink:to="loc_dnb_mem000" order="1" />
  </link:definitionLink>
  <link:definitionLink xlink:type="extended" xlink:role="http://www.dnb.nl/xbrl/role/fws/DNB-NR/ftk-2019-06/2019-12-31/tab/J101-1/2">
    <link:loc xlink:type="locator" xlink:href="../../../../../../dict/dim/dim.xsd#dnb_ftk_dim008" xlink:label="loc_dnb_ftk_dim008" />
    <link:loc xlink:type="locator" xlink:href="../../../../../../dict/dom/exp.xsd#dnb_ftk_dom002" xlink:label="loc_dnb_ftk_dom002" />
    <link:definitionArc xlink:type="arc" xlink:arcrole="http://xbrl.org/int/dim/arcrole/dimension-domain" xlink:from="loc_dnb_ftk_dim008" xlink:to="loc_dnb_ftk_dom002" xbrldt:usable="false" order="1" />
    <link:loc xlink:type="locator" xlink:href="../../../../../../dict/dom/ftk_dom002/mem.xsd#dnb_mem016" xlink:label="loc_dnb_mem016" />
    <link:definitionArc xlink:type="arc" xlink:arcrole="http://xbrl.org/int/dim/arcrole/domain-member" xlink:from="loc_dnb_ftk_dom002" xlink:to="loc_dnb_mem016" order="1" />
  </link:definitionLink>
  <link:definitionLink xlink:type="extended" xlink:role="http://www.dnb.nl/xbrl/role/fws/DNB-NR/ftk-2019-06/2019-12-31/tab/J101-1/3">
    <link:loc xlink:type="locator" xlink:href="../../../../../../dict/met/met.xsd#dnb_ii_ftk_064" xlink:label="loc_dnb_ii_ftk_064" />
    <link:loc xlink:type="locator" xlink:href="http://www.eurofiling.info/eu/fr/xbrl/ext/model.xsd#hyp" xlink:label="loc_hyp" />
    <link:definitionArc xlink:type="arc" xlink:arcrole="http://xbrl.org/int/dim/arcrole/all" xlink:from="loc_dnb_ii_ftk_064" xlink:to="loc_hyp" xbrldt:closed="true" xbrldt:contextElement="scenario" order="1" />
    <link:loc xlink:type="locator" xlink:href="../../../../../../dict/dim/dim.xsd#dnb_ftk_dim002" xlink:label="loc_dnb_ftk_dim002" />
    <link:definitionArc xlink:type="arc" xlink:arcrole="http://xbrl.org/int/dim/arcrole/hypercube-dimension" xlink:from="loc_hyp" xlink:to="loc_dnb_ftk_dim002" order="1" />
    <link:loc xlink:type="locator" xlink:href="../../../../../../dict/dom/exp.xsd#dnb_ftk_dom002" xlink:label="loc_dnb_ftk_dom002" />
    <link:definitionArc xlink:type="arc" xlink:arcrole="http://xbrl.org/int/dim/arcrole/dimension-domain" xlink:from="loc_dnb_ftk_dim002" xlink:to="loc_dnb_ftk_dom002" xbrldt:usable="false" order="1" />
    <link:loc xlink:type="locator" xlink:href="../../../../../../dict/dom/ftk_dom002/mem.xsd#dnb_mem015" xlink:label="loc_dnb_mem015" />
    <link:definitionArc xlink:type="arc" xlink:arcrole="http://xbrl.org/int/dim/arcrole/domain-member" xlink:from="loc_dnb_ftk_dom002" xlink:to="loc_dnb_mem015" order="1" />
    <link:loc xlink:type="locator" xlink:href="../../../../../../dict/dim/dim.xsd#dnb_ftk_dim008" xlink:label="loc_dnb_ftk_dim008" />
    <link:definitionArc xlink:type="arc" xlink:arcrole="http://xbrl.org/int/dim/arcrole/hypercube-dimension" xlink:from="loc_hyp" xlink:to="loc_dnb_ftk_dim008" xbrldt:targetRole="http://www.dnb.nl/xbrl/role/fws/DNB-NR/ftk-2019-06/2019-12-31/tab/J101-1/4" order="2" />
    <link:loc xlink:type="locator" xlink:href="../../../../../../dict/dim/dim.xsd#dnb_ftk_dim030" xlink:label="loc_dnb_ftk_dim030" />
    <link:definitionArc xlink:type="arc" xlink:arcrole="http://xbrl.org/int/dim/arcrole/hypercube-dimension" xlink:from="loc_hyp" xlink:to="loc_dnb_ftk_dim030" order="3" />
    <link:loc xlink:type="locator" xlink:href="../../../../../../dict/dom/exp.xsd#dnb_ftk_dom017" xlink:label="loc_dnb_ftk_dom017" />
    <link:definitionArc xlink:type="arc" xlink:arcrole="http://xbrl.org/int/dim/arcrole/dimension-domain" xlink:from="loc_dnb_ftk_dim030" xlink:to="loc_dnb_ftk_dom017" xbrldt:usable="false" order="1" />
    <link:loc xlink:type="locator" xlink:href="../../../../../../dict/dom/ftk_dom017/mem.xsd#dnb_mem001" xlink:label="loc_dnb_mem001" />
    <link:definitionArc xlink:type="arc" xlink:arcrole="http://xbrl.org/int/dim/arcrole/domain-member" xlink:from="loc_dnb_ftk_dom017" xlink:to="loc_dnb_mem001" order="1" />
    <link:loc xlink:type="locator" xlink:href="../../../../../../dict/dom/ftk_dom017/mem.xsd#dnb_mem008" xlink:label="loc_dnb_mem008" />
    <link:definitionArc xlink:type="arc" xlink:arcrole="http://xbrl.org/int/dim/arcrole/domain-member" xlink:from="loc_dnb_ftk_dom017" xlink:to="loc_dnb_mem008" order="2" />
    <link:loc xlink:type="locator" xlink:href="../../../../../../dict/dom/ftk_dom017/mem.xsd#dnb_mem002" xlink:label="loc_dnb_mem002" />
    <link:definitionArc xlink:type="arc" xlink:arcrole="http://xbrl.org/int/dim/arcrole/domain-member" xlink:from="loc_dnb_ftk_dom017" xlink:to="loc_dnb_mem002" order="3" />
    <link:loc xlink:type="locator" xlink:href="../../../../../../dict/dom/ftk_dom017/mem.xsd#dnb_mem003" xlink:label="loc_dnb_mem003" />
    <link:definitionArc xlink:type="arc" xlink:arcrole="http://xbrl.org/int/dim/arcrole/domain-member" xlink:from="loc_dnb_ftk_dom017" xlink:to="loc_dnb_mem003" order="4" />
    <link:loc xlink:type="locator" xlink:href="../../../../../../dict/dom/ftk_dom017/mem.xsd#dnb_mem004" xlink:label="loc_dnb_mem004" />
    <link:definitionArc xlink:type="arc" xlink:arcrole="http://xbrl.org/int/dim/arcrole/domain-member" xlink:from="loc_dnb_ftk_dom017" xlink:to="loc_dnb_mem004" order="5" />
  </link:definitionLink>
  <link:definitionLink xlink:type="extended" xlink:role="http://www.dnb.nl/xbrl/role/fws/DNB-NR/ftk-2019-06/2019-12-31/tab/J101-1/4">
    <link:loc xlink:type="locator" xlink:href="../../../../../../dict/dim/dim.xsd#dnb_ftk_dim008" xlink:label="loc_dnb_ftk_dim008" />
    <link:loc xlink:type="locator" xlink:href="../../../../../../dict/dom/exp.xsd#dnb_ftk_dom002" xlink:label="loc_dnb_ftk_dom002" />
    <link:definitionArc xlink:type="arc" xlink:arcrole="http://xbrl.org/int/dim/arcrole/dimension-domain" xlink:from="loc_dnb_ftk_dim008" xlink:to="loc_dnb_ftk_dom002" xbrldt:usable="false" order="1" />
    <link:loc xlink:type="locator" xlink:href="../../../../../../dict/dom/ftk_dom002/mem.xsd#dnb_mem016" xlink:label="loc_dnb_mem016" />
    <link:definitionArc xlink:type="arc" xlink:arcrole="http://xbrl.org/int/dim/arcrole/domain-member" xlink:from="loc_dnb_ftk_dom002" xlink:to="loc_dnb_mem016" order="1" />
  </link:definitionLink>
  <link:definitionLink xlink:type="extended" xlink:role="http://www.dnb.nl/xbrl/role/fws/DNB-NR/ftk-2019-06/2019-12-31/tab/J101-1/5">
    <link:loc xlink:type="locator" xlink:href="../../../../../../dict/met/met.xsd#dnb_di_ftk_069" xlink:label="loc_dnb_di_ftk_069" />
    <link:loc xlink:type="locator" xlink:href="http://www.eurofiling.info/eu/fr/xbrl/ext/model.xsd#hyp" xlink:label="loc_hyp" />
    <link:definitionArc xlink:type="arc" xlink:arcrole="http://xbrl.org/int/dim/arcrole/all" xlink:from="loc_dnb_di_ftk_069" xlink:to="loc_hyp" xbrldt:closed="true" xbrldt:contextElement="scenario" order="1" />
    <link:loc xlink:type="locator" xlink:href="../../../../../../dict/dim/dim.xsd#dnb_ftk_dim002" xlink:label="loc_dnb_ftk_dim002" />
    <link:definitionArc xlink:type="arc" xlink:arcrole="http://xbrl.org/int/dim/arcrole/hypercube-dimension" xlink:from="loc_hyp" xlink:to="loc_dnb_ftk_dim002" order="1" />
    <link:loc xlink:type="locator" xlink:href="../../../../../../dict/dom/exp.xsd#dnb_ftk_dom002" xlink:label="loc_dnb_ftk_dom002" />
    <link:definitionArc xlink:type="arc" xlink:arcrole="http://xbrl.org/int/dim/arcrole/dimension-domain" xlink:from="loc_dnb_ftk_dim002" xlink:to="loc_dnb_ftk_dom002" xbrldt:usable="false" order="1" />
    <link:loc xlink:type="locator" xlink:href="../../../../../../dict/dom/ftk_dom002/mem.xsd#dnb_mem015" xlink:label="loc_dnb_mem015" />
    <link:definitionArc xlink:type="arc" xlink:arcrole="http://xbrl.org/int/dim/arcrole/domain-member" xlink:from="loc_dnb_ftk_dom002" xlink:to="loc_dnb_mem015" order="1" />
    <link:loc xlink:type="locator" xlink:href="../../../../../../dict/dim/dim.xsd#dnb_ftk_dim008" xlink:label="loc_dnb_ftk_dim008" />
    <link:definitionArc xlink:type="arc" xlink:arcrole="http://xbrl.org/int/dim/arcrole/hypercube-dimension" xlink:from="loc_hyp" xlink:to="loc_dnb_ftk_dim008" xbrldt:targetRole="http://www.dnb.nl/xbrl/role/fws/DNB-NR/ftk-2019-06/2019-12-31/tab/J101-1/6" order="2" />
    <link:loc xlink:type="locator" xlink:href="../../../../../../dict/dim/dim.xsd#dnb_ftk_dim030" xlink:label="loc_dnb_ftk_dim030" />
    <link:definitionArc xlink:type="arc" xlink:arcrole="http://xbrl.org/int/dim/arcrole/hypercube-dimension" xlink:from="loc_hyp" xlink:to="loc_dnb_ftk_dim030" order="3" />
    <link:loc xlink:type="locator" xlink:href="../../../../../../dict/dom/exp.xsd#dnb_ftk_dom017" xlink:label="loc_dnb_ftk_dom017" />
    <link:definitionArc xlink:type="arc" xlink:arcrole="http://xbrl.org/int/dim/arcrole/dimension-domain" xlink:from="loc_dnb_ftk_dim030" xlink:to="loc_dnb_ftk_dom017" xbrldt:usable="false" order="1" />
    <link:loc xlink:type="locator" xlink:href="../../../../../../dict/dom/ftk_dom017/mem.xsd#dnb_mem005" xlink:label="loc_dnb_mem005" />
    <link:definitionArc xlink:type="arc" xlink:arcrole="http://xbrl.org/int/dim/arcrole/domain-member" xlink:from="loc_dnb_ftk_dom017" xlink:to="loc_dnb_mem005" order="1" />
    <link:loc xlink:type="locator" xlink:href="../../../../../../dict/dom/ftk_dom017/mem.xsd#dnb_mem006" xlink:label="loc_dnb_mem006" />
    <link:definitionArc xlink:type="arc" xlink:arcrole="http://xbrl.org/int/dim/arcrole/domain-member" xlink:from="loc_dnb_ftk_dom017" xlink:to="loc_dnb_mem006" order="2" />
  </link:definitionLink>
  <link:definitionLink xlink:type="extended" xlink:role="http://www.dnb.nl/xbrl/role/fws/DNB-NR/ftk-2019-06/2019-12-31/tab/J101-1/6">
    <link:loc xlink:type="locator" xlink:href="../../../../../../dict/dim/dim.xsd#dnb_ftk_dim008" xlink:label="loc_dnb_ftk_dim008" />
    <link:loc xlink:type="locator" xlink:href="../../../../../../dict/dom/exp.xsd#dnb_ftk_dom002" xlink:label="loc_dnb_ftk_dom002" />
    <link:definitionArc xlink:type="arc" xlink:arcrole="http://xbrl.org/int/dim/arcrole/dimension-domain" xlink:from="loc_dnb_ftk_dim008" xlink:to="loc_dnb_ftk_dom002" xbrldt:usable="false" order="1" />
    <link:loc xlink:type="locator" xlink:href="../../../../../../dict/dom/ftk_dom002/mem.xsd#dnb_mem016" xlink:label="loc_dnb_mem016" />
    <link:definitionArc xlink:type="arc" xlink:arcrole="http://xbrl.org/int/dim/arcrole/domain-member" xlink:from="loc_dnb_ftk_dom002" xlink:to="loc_dnb_mem016" order="1" />
  </link:definitionLink>
</link:linkbase>