﻿<?xml version="1.0" encoding="utf-8"?>
<!--© DNB-->
<link:linkbase xmlns:xsi="http://www.w3.org/2001/XMLSchema-instance" xmlns:xlink="http://www.w3.org/1999/xlink" xmlns:link="http://www.xbrl.org/2003/linkbase" xmlns:xbrldt="http://xbrl.org/2005/xbrldt" xsi:schemaLocation="http://www.xbrl.org/2003/linkbase http://www.xbrl.org/2003/xbrl-linkbase-2003-12-31.xsd http://xbrl.org/2005/xbrldt http://www.xbrl.org/2005/xbrldt-2005.xsd">
  <link:arcroleRef arcroleURI="http://xbrl.org/int/dim/arcrole/domain-member" xlink:type="simple" xlink:href="http://www.xbrl.org/2005/xbrldt-2005.xsd#domain-member" />
  <link:definitionLink xlink:type="extended" xlink:role="http://www.xbrl.org/2003/role/link">
    <link:loc xlink:type="locator" xlink:href="../exp.xsd#dnb_ftk_dom015" xlink:label="loc_dnb_ftk_dom015" />
    <link:loc xlink:type="locator" xlink:href="mem.xsd#dnb_mem000" xlink:label="loc_dnb_mem000" />
    <link:definitionArc xlink:type="arc" xlink:arcrole="http://xbrl.org/int/dim/arcrole/domain-member" xlink:from="loc_dnb_ftk_dom015" xlink:to="loc_dnb_mem000" order="1" />
    <link:loc xlink:type="locator" xlink:href="mem.xsd#dnb_mem001" xlink:label="loc_dnb_mem001" />
    <link:definitionArc xlink:type="arc" xlink:arcrole="http://xbrl.org/int/dim/arcrole/domain-member" xlink:from="loc_dnb_ftk_dom015" xlink:to="loc_dnb_mem001" order="2" />
    <link:loc xlink:type="locator" xlink:href="mem.xsd#dnb_mem002" xlink:label="loc_dnb_mem002" />
    <link:definitionArc xlink:type="arc" xlink:arcrole="http://xbrl.org/int/dim/arcrole/domain-member" xlink:from="loc_dnb_ftk_dom015" xlink:to="loc_dnb_mem002" order="3" />
    <link:loc xlink:type="locator" xlink:href="mem.xsd#dnb_mem003" xlink:label="loc_dnb_mem003" />
    <link:definitionArc xlink:type="arc" xlink:arcrole="http://xbrl.org/int/dim/arcrole/domain-member" xlink:from="loc_dnb_ftk_dom015" xlink:to="loc_dnb_mem003" order="4" />
    <link:loc xlink:type="locator" xlink:href="mem.xsd#dnb_mem004" xlink:label="loc_dnb_mem004" />
    <link:definitionArc xlink:type="arc" xlink:arcrole="http://xbrl.org/int/dim/arcrole/domain-member" xlink:from="loc_dnb_ftk_dom015" xlink:to="loc_dnb_mem004" order="5" />
    <link:loc xlink:type="locator" xlink:href="mem.xsd#dnb_mem005" xlink:label="loc_dnb_mem005" />
    <link:definitionArc xlink:type="arc" xlink:arcrole="http://xbrl.org/int/dim/arcrole/domain-member" xlink:from="loc_dnb_ftk_dom015" xlink:to="loc_dnb_mem005" order="6" />
    <link:loc xlink:type="locator" xlink:href="mem.xsd#dnb_mem006" xlink:label="loc_dnb_mem006" />
    <link:definitionArc xlink:type="arc" xlink:arcrole="http://xbrl.org/int/dim/arcrole/domain-member" xlink:from="loc_dnb_ftk_dom015" xlink:to="loc_dnb_mem006" order="7" />
    <link:loc xlink:type="locator" xlink:href="mem.xsd#dnb_mem007" xlink:label="loc_dnb_mem007" />
    <link:definitionArc xlink:type="arc" xlink:arcrole="http://xbrl.org/int/dim/arcrole/domain-member" xlink:from="loc_dnb_ftk_dom015" xlink:to="loc_dnb_mem007" order="8" />
    <link:loc xlink:type="locator" xlink:href="mem.xsd#dnb_mem008" xlink:label="loc_dnb_mem008" />
    <link:definitionArc xlink:type="arc" xlink:arcrole="http://xbrl.org/int/dim/arcrole/domain-member" xlink:from="loc_dnb_ftk_dom015" xlink:to="loc_dnb_mem008" order="9" />
    <link:loc xlink:type="locator" xlink:href="mem.xsd#dnb_mem009" xlink:label="loc_dnb_mem009" />
    <link:definitionArc xlink:type="arc" xlink:arcrole="http://xbrl.org/int/dim/arcrole/domain-member" xlink:from="loc_dnb_ftk_dom015" xlink:to="loc_dnb_mem009" order="10" />
    <link:loc xlink:type="locator" xlink:href="mem.xsd#dnb_mem010" xlink:label="loc_dnb_mem010" />
    <link:definitionArc xlink:type="arc" xlink:arcrole="http://xbrl.org/int/dim/arcrole/domain-member" xlink:from="loc_dnb_ftk_dom015" xlink:to="loc_dnb_mem010" order="11" />
    <link:loc xlink:type="locator" xlink:href="mem.xsd#dnb_mem011" xlink:label="loc_dnb_mem011" />
    <link:definitionArc xlink:type="arc" xlink:arcrole="http://xbrl.org/int/dim/arcrole/domain-member" xlink:from="loc_dnb_ftk_dom015" xlink:to="loc_dnb_mem011" order="12" />
    <link:loc xlink:type="locator" xlink:href="mem.xsd#dnb_mem012" xlink:label="loc_dnb_mem012" />
    <link:definitionArc xlink:type="arc" xlink:arcrole="http://xbrl.org/int/dim/arcrole/domain-member" xlink:from="loc_dnb_ftk_dom015" xlink:to="loc_dnb_mem012" order="13" />
    <link:loc xlink:type="locator" xlink:href="mem.xsd#dnb_mem013" xlink:label="loc_dnb_mem013" />
    <link:definitionArc xlink:type="arc" xlink:arcrole="http://xbrl.org/int/dim/arcrole/domain-member" xlink:from="loc_dnb_ftk_dom015" xlink:to="loc_dnb_mem013" order="14" />
    <link:loc xlink:type="locator" xlink:href="mem.xsd#dnb_mem014" xlink:label="loc_dnb_mem014" />
    <link:definitionArc xlink:type="arc" xlink:arcrole="http://xbrl.org/int/dim/arcrole/domain-member" xlink:from="loc_dnb_ftk_dom015" xlink:to="loc_dnb_mem014" order="15" />
    <link:loc xlink:type="locator" xlink:href="mem.xsd#dnb_mem015" xlink:label="loc_dnb_mem015" />
    <link:definitionArc xlink:type="arc" xlink:arcrole="http://xbrl.org/int/dim/arcrole/domain-member" xlink:from="loc_dnb_ftk_dom015" xlink:to="loc_dnb_mem015" order="16" />
    <link:loc xlink:type="locator" xlink:href="mem.xsd#dnb_mem016" xlink:label="loc_dnb_mem016" />
    <link:definitionArc xlink:type="arc" xlink:arcrole="http://xbrl.org/int/dim/arcrole/domain-member" xlink:from="loc_dnb_ftk_dom015" xlink:to="loc_dnb_mem016" order="17" />
    <link:loc xlink:type="locator" xlink:href="mem.xsd#dnb_mem017" xlink:label="loc_dnb_mem017" />
    <link:definitionArc xlink:type="arc" xlink:arcrole="http://xbrl.org/int/dim/arcrole/domain-member" xlink:from="loc_dnb_ftk_dom015" xlink:to="loc_dnb_mem017" order="18" />
    <link:loc xlink:type="locator" xlink:href="mem.xsd#dnb_mem018" xlink:label="loc_dnb_mem018" />
    <link:definitionArc xlink:type="arc" xlink:arcrole="http://xbrl.org/int/dim/arcrole/domain-member" xlink:from="loc_dnb_ftk_dom015" xlink:to="loc_dnb_mem018" order="19" />
    <link:loc xlink:type="locator" xlink:href="mem.xsd#dnb_mem019" xlink:label="loc_dnb_mem019" />
    <link:definitionArc xlink:type="arc" xlink:arcrole="http://xbrl.org/int/dim/arcrole/domain-member" xlink:from="loc_dnb_ftk_dom015" xlink:to="loc_dnb_mem019" order="20" />
    <link:loc xlink:type="locator" xlink:href="mem.xsd#dnb_mem020" xlink:label="loc_dnb_mem020" />
    <link:definitionArc xlink:type="arc" xlink:arcrole="http://xbrl.org/int/dim/arcrole/domain-member" xlink:from="loc_dnb_ftk_dom015" xlink:to="loc_dnb_mem020" order="21" />
    <link:loc xlink:type="locator" xlink:href="mem.xsd#dnb_mem021" xlink:label="loc_dnb_mem021" />
    <link:definitionArc xlink:type="arc" xlink:arcrole="http://xbrl.org/int/dim/arcrole/domain-member" xlink:from="loc_dnb_ftk_dom015" xlink:to="loc_dnb_mem021" order="22" />
    <link:loc xlink:type="locator" xlink:href="mem.xsd#dnb_mem022" xlink:label="loc_dnb_mem022" />
    <link:definitionArc xlink:type="arc" xlink:arcrole="http://xbrl.org/int/dim/arcrole/domain-member" xlink:from="loc_dnb_ftk_dom015" xlink:to="loc_dnb_mem022" order="23" />
    <link:loc xlink:type="locator" xlink:href="mem.xsd#dnb_mem023" xlink:label="loc_dnb_mem023" />
    <link:definitionArc xlink:type="arc" xlink:arcrole="http://xbrl.org/int/dim/arcrole/domain-member" xlink:from="loc_dnb_ftk_dom015" xlink:to="loc_dnb_mem023" order="24" />
    <link:loc xlink:type="locator" xlink:href="mem.xsd#dnb_mem024" xlink:label="loc_dnb_mem024" />
    <link:definitionArc xlink:type="arc" xlink:arcrole="http://xbrl.org/int/dim/arcrole/domain-member" xlink:from="loc_dnb_ftk_dom015" xlink:to="loc_dnb_mem024" order="25" />
    <link:loc xlink:type="locator" xlink:href="mem.xsd#dnb_mem025" xlink:label="loc_dnb_mem025" />
    <link:definitionArc xlink:type="arc" xlink:arcrole="http://xbrl.org/int/dim/arcrole/domain-member" xlink:from="loc_dnb_ftk_dom015" xlink:to="loc_dnb_mem025" order="26" />
    <link:loc xlink:type="locator" xlink:href="mem.xsd#dnb_mem026" xlink:label="loc_dnb_mem026" />
    <link:definitionArc xlink:type="arc" xlink:arcrole="http://xbrl.org/int/dim/arcrole/domain-member" xlink:from="loc_dnb_ftk_dom015" xlink:to="loc_dnb_mem026" order="27" />
    <link:loc xlink:type="locator" xlink:href="mem.xsd#dnb_mem027" xlink:label="loc_dnb_mem027" />
    <link:definitionArc xlink:type="arc" xlink:arcrole="http://xbrl.org/int/dim/arcrole/domain-member" xlink:from="loc_dnb_ftk_dom015" xlink:to="loc_dnb_mem027" order="28" />
  </link:definitionLink>
</link:linkbase>