﻿<?xml version="1.0" encoding="utf-8"?>
<!--© DNB-->
<link:linkbase xmlns:xsi="http://www.w3.org/2001/XMLSchema-instance" xmlns:xlink="http://www.w3.org/1999/xlink" xmlns:link="http://www.xbrl.org/2003/linkbase" xmlns:gen="http://xbrl.org/2008/generic" xmlns:label="http://xbrl.org/2008/label" xsi:schemaLocation="http://www.xbrl.org/2003/linkbase http://www.xbrl.org/2003/xbrl-linkbase-2003-12-31.xsd http://xbrl.org/2008/generic http://www.xbrl.org/2008/generic-link.xsd http://xbrl.org/2008/label http://www.xbrl.org/2008/generic-label.xsd">
  <link:arcroleRef arcroleURI="http://xbrl.org/arcrole/2008/element-label" xlink:type="simple" xlink:href="http://www.xbrl.org/2008/generic-label.xsd#element-label" />
  <link:roleRef roleURI="http://www.xbrl.org/2008/role/label" xlink:type="simple" xlink:href="http://www.xbrl.org/2008/generic-label.xsd#standard-label" />
  <link:roleRef roleURI="http://www.xbrl.org/2008/role/verboseLabel" xlink:type="simple" xlink:href="http://www.xbrl.org/2008/generic-label.xsd#verbose-label" />
  <gen:link xlink:type="extended" xlink:role="http://www.xbrl.org/2003/role/link">
    <link:loc xlink:type="locator" xlink:href="t19-rend.xml#dnb_tT19" xlink:label="loc_dnb_tT19" />
    <label:label xlink:type="resource" xlink:label="label_dnb_tT19" xml:lang="en" xlink:role="http://www.xbrl.org/2008/role/label">Beloningen</label:label>
    <gen:arc xlink:type="arc" xlink:arcrole="http://xbrl.org/arcrole/2008/element-label" xlink:from="loc_dnb_tT19" xlink:to="label_dnb_tT19" />
    <label:label xlink:type="resource" xlink:label="label_dnb_tT19_1" xml:lang="en" xlink:role="http://www.xbrl.org/2008/role/verboseLabel">Beloningen</label:label>
    <gen:arc xlink:type="arc" xlink:arcrole="http://xbrl.org/arcrole/2008/element-label" xlink:from="loc_dnb_tT19" xlink:to="label_dnb_tT19_1" />
    <link:loc xlink:type="locator" xlink:href="t19-rend.xml#dnb_a1" xlink:label="loc_dnb_a1" />
    <label:label xlink:type="resource" xlink:label="label_dnb_a1" xml:lang="en" xlink:role="http://www.xbrl.org/2008/role/label">x-axis</label:label>
    <gen:arc xlink:type="arc" xlink:arcrole="http://xbrl.org/arcrole/2008/element-label" xlink:from="loc_dnb_a1" xlink:to="label_dnb_a1" />
    <link:loc xlink:type="locator" xlink:href="t19-rend.xml#dnb_c1" xlink:label="loc_dnb_c1" />
    <label:label xlink:type="resource" xlink:label="label_dnb_c1" xml:lang="en" xlink:role="http://www.xbrl.org/2008/role/label">Huidig boekjaar</label:label>
    <gen:arc xlink:type="arc" xlink:arcrole="http://xbrl.org/arcrole/2008/element-label" xlink:from="loc_dnb_c1" xlink:to="label_dnb_c1" />
    <link:loc xlink:type="locator" xlink:href="t19-rend.xml#dnb_c2" xlink:label="loc_dnb_c2" />
    <label:label xlink:type="resource" xlink:label="label_dnb_c2" xml:lang="en" xlink:role="http://www.xbrl.org/2008/role/label">Periodiek betaalde beloningen</label:label>
    <gen:arc xlink:type="arc" xlink:arcrole="http://xbrl.org/arcrole/2008/element-label" xlink:from="loc_dnb_c2" xlink:to="label_dnb_c2" />
    <link:loc xlink:type="locator" xlink:href="t19-rend.xml#dnb_c3" xlink:label="loc_dnb_c3" />
    <label:label xlink:type="resource" xlink:label="label_dnb_c3" xml:lang="en" xlink:role="http://www.xbrl.org/2008/role/label">Beloningen betaalbaar op termijn</label:label>
    <gen:arc xlink:type="arc" xlink:arcrole="http://xbrl.org/arcrole/2008/element-label" xlink:from="loc_dnb_c3" xlink:to="label_dnb_c3" />
    <link:loc xlink:type="locator" xlink:href="t19-rend.xml#dnb_c4" xlink:label="loc_dnb_c4" />
    <label:label xlink:type="resource" xlink:label="label_dnb_c4" xml:lang="en" xlink:role="http://www.xbrl.org/2008/role/label">Uitkeringen bij beeindiging van het dienstverband</label:label>
    <gen:arc xlink:type="arc" xlink:arcrole="http://xbrl.org/arcrole/2008/element-label" xlink:from="loc_dnb_c4" xlink:to="label_dnb_c4" />
    <link:loc xlink:type="locator" xlink:href="t19-rend.xml#dnb_c5" xlink:label="loc_dnb_c5" />
    <label:label xlink:type="resource" xlink:label="label_dnb_c5" xml:lang="en" xlink:role="http://www.xbrl.org/2008/role/label">Winstdelingen en bonusbepalingen</label:label>
    <gen:arc xlink:type="arc" xlink:arcrole="http://xbrl.org/arcrole/2008/element-label" xlink:from="loc_dnb_c5" xlink:to="label_dnb_c5" />
    <link:loc xlink:type="locator" xlink:href="t19-rend.xml#dnb_c6" xlink:label="loc_dnb_c6" />
    <label:label xlink:type="resource" xlink:label="label_dnb_c6" xml:lang="en" xlink:role="http://www.xbrl.org/2008/role/label">Totaal</label:label>
    <gen:arc xlink:type="arc" xlink:arcrole="http://xbrl.org/arcrole/2008/element-label" xlink:from="loc_dnb_c6" xlink:to="label_dnb_c6" />
    <link:loc xlink:type="locator" xlink:href="t19-rend.xml#dnb_c7" xlink:label="loc_dnb_c7" />
    <label:label xlink:type="resource" xlink:label="label_dnb_c7" xml:lang="en" xlink:role="http://www.xbrl.org/2008/role/label">Vorig boekjaar</label:label>
    <gen:arc xlink:type="arc" xlink:arcrole="http://xbrl.org/arcrole/2008/element-label" xlink:from="loc_dnb_c7" xlink:to="label_dnb_c7" />
    <link:loc xlink:type="locator" xlink:href="t19-rend.xml#dnb_c8" xlink:label="loc_dnb_c8" />
    <label:label xlink:type="resource" xlink:label="label_dnb_c8" xml:lang="en" xlink:role="http://www.xbrl.org/2008/role/label">Periodiek betaalde beloningen</label:label>
    <gen:arc xlink:type="arc" xlink:arcrole="http://xbrl.org/arcrole/2008/element-label" xlink:from="loc_dnb_c8" xlink:to="label_dnb_c8" />
    <link:loc xlink:type="locator" xlink:href="t19-rend.xml#dnb_c9" xlink:label="loc_dnb_c9" />
    <label:label xlink:type="resource" xlink:label="label_dnb_c9" xml:lang="en" xlink:role="http://www.xbrl.org/2008/role/label">Beloningen betaalbaar op termijn</label:label>
    <gen:arc xlink:type="arc" xlink:arcrole="http://xbrl.org/arcrole/2008/element-label" xlink:from="loc_dnb_c9" xlink:to="label_dnb_c9" />
    <link:loc xlink:type="locator" xlink:href="t19-rend.xml#dnb_c10" xlink:label="loc_dnb_c10" />
    <label:label xlink:type="resource" xlink:label="label_dnb_c10" xml:lang="en" xlink:role="http://www.xbrl.org/2008/role/label">Uitkeringen bij beeindiging van het dienstverband</label:label>
    <gen:arc xlink:type="arc" xlink:arcrole="http://xbrl.org/arcrole/2008/element-label" xlink:from="loc_dnb_c10" xlink:to="label_dnb_c10" />
    <link:loc xlink:type="locator" xlink:href="t19-rend.xml#dnb_c11" xlink:label="loc_dnb_c11" />
    <label:label xlink:type="resource" xlink:label="label_dnb_c11" xml:lang="en" xlink:role="http://www.xbrl.org/2008/role/label">Winstdelingen en bonusbepalingen</label:label>
    <gen:arc xlink:type="arc" xlink:arcrole="http://xbrl.org/arcrole/2008/element-label" xlink:from="loc_dnb_c11" xlink:to="label_dnb_c11" />
    <link:loc xlink:type="locator" xlink:href="t19-rend.xml#dnb_c12" xlink:label="loc_dnb_c12" />
    <label:label xlink:type="resource" xlink:label="label_dnb_c12" xml:lang="en" xlink:role="http://www.xbrl.org/2008/role/label">Totaal</label:label>
    <gen:arc xlink:type="arc" xlink:arcrole="http://xbrl.org/arcrole/2008/element-label" xlink:from="loc_dnb_c12" xlink:to="label_dnb_c12" />
    <link:loc xlink:type="locator" xlink:href="t19-rend.xml#dnb_a2" xlink:label="loc_dnb_a2" />
    <label:label xlink:type="resource" xlink:label="label_dnb_a2" xml:lang="en" xlink:role="http://www.xbrl.org/2008/role/label">y-axis</label:label>
    <gen:arc xlink:type="arc" xlink:arcrole="http://xbrl.org/arcrole/2008/element-label" xlink:from="loc_dnb_a2" xlink:to="label_dnb_a2" />
    <link:loc xlink:type="locator" xlink:href="t19-rend.xml#dnb_c13" xlink:label="loc_dnb_c13" />
    <label:label xlink:type="resource" xlink:label="label_dnb_c13" xml:lang="en" xlink:role="http://www.xbrl.org/2008/role/label">Beloningen</label:label>
    <gen:arc xlink:type="arc" xlink:arcrole="http://xbrl.org/arcrole/2008/element-label" xlink:from="loc_dnb_c13" xlink:to="label_dnb_c13" />
    <link:loc xlink:type="locator" xlink:href="t19-rend.xml#dnb_c14" xlink:label="loc_dnb_c14" />
    <label:label xlink:type="resource" xlink:label="label_dnb_c14" xml:lang="en" xlink:role="http://www.xbrl.org/2008/role/label">Bestuurders</label:label>
    <gen:arc xlink:type="arc" xlink:arcrole="http://xbrl.org/arcrole/2008/element-label" xlink:from="loc_dnb_c14" xlink:to="label_dnb_c14" />
    <link:loc xlink:type="locator" xlink:href="t19-rend.xml#dnb_c15" xlink:label="loc_dnb_c15" />
    <label:label xlink:type="resource" xlink:label="label_dnb_c15" xml:lang="en" xlink:role="http://www.xbrl.org/2008/role/label">Gewezen bestuurders</label:label>
    <gen:arc xlink:type="arc" xlink:arcrole="http://xbrl.org/arcrole/2008/element-label" xlink:from="loc_dnb_c15" xlink:to="label_dnb_c15" />
    <link:loc xlink:type="locator" xlink:href="t19-rend.xml#dnb_c16" xlink:label="loc_dnb_c16" />
    <label:label xlink:type="resource" xlink:label="label_dnb_c16" xml:lang="en" xlink:role="http://www.xbrl.org/2008/role/label">Interne toezichthouders (bv. commissarissen)</label:label>
    <gen:arc xlink:type="arc" xlink:arcrole="http://xbrl.org/arcrole/2008/element-label" xlink:from="loc_dnb_c16" xlink:to="label_dnb_c16" />
    <link:loc xlink:type="locator" xlink:href="t19-rend.xml#dnb_c17" xlink:label="loc_dnb_c17" />
    <label:label xlink:type="resource" xlink:label="label_dnb_c17" xml:lang="en" xlink:role="http://www.xbrl.org/2008/role/label">Gewezen interne toezichthouders</label:label>
    <gen:arc xlink:type="arc" xlink:arcrole="http://xbrl.org/arcrole/2008/element-label" xlink:from="loc_dnb_c17" xlink:to="label_dnb_c17" />
    <link:loc xlink:type="locator" xlink:href="t19-rend.xml#dnb_c18" xlink:label="loc_dnb_c18" />
    <label:label xlink:type="resource" xlink:label="label_dnb_c18" xml:lang="en" xlink:role="http://www.xbrl.org/2008/role/label">Totaal</label:label>
    <gen:arc xlink:type="arc" xlink:arcrole="http://xbrl.org/arcrole/2008/element-label" xlink:from="loc_dnb_c18" xlink:to="label_dnb_c18" />
  </gen:link>
</link:linkbase>