<ns0:linkbase xmlns:ns0="http://www.xbrl.org/2003/linkbase" xmlns:ns2="http://www.w3.org/1999/xlink" xmlns:xsi="http://www.w3.org/2001/XMLSchema-instance" xsi:schemaLocation="http://www.xbrl.org/2003/linkbase http://www.xbrl.org/2003/xbrl-linkbase-2003-12-31.xsd">
    <ns0:roleRef roleURI="http://ferc.gov/form/2020-01-01/roles/label/F1FElectricOperationsAndMaintenanceExpenses" ns2:href="../../ferc-core-lab-roles_2020-01-01.xsd#F1FElectricOperationsAndMaintenanceExpenses" ns2:type="simple" />
    <ns0:roleRef roleURI="http://ferc.gov/form/2020-01-01/roles/Schedule/F1F/ElectricOperationsAndMaintenanceExpenses" ns2:href="form-1F-sched-ElectricOperationsAndMaintenanceExpenses_2020-01-01.xsd#roleType_ElectricOperationsAndMaintenanceExpenses" ns2:type="simple" />
    <ns0:roleRef roleURI="http://ferc.gov/form/2020-01-01/roles/label/F1FTotal" ns2:href="../../ferc-core-lab-roles_2020-01-01.xsd#F1FTotal" ns2:type="simple" />
    <ns0:presentationLink ns2:role="http://ferc.gov/form/2020-01-01/roles/Schedule/F1F/ElectricOperationsAndMaintenanceExpenses" ns2:type="extended">
        <ns0:loc ns2:href="../../ferc-core_2020-01-01.xsd#ferc_ScheduleElectricOperationsAndMaintenanceExpensesShortAbstract" ns2:label="ferc_ScheduleElectricOperationsAndMaintenanceExpensesShortAbstract" ns2:type="locator" />
        <ns0:loc ns2:href="../../ferc-core_2020-01-01.xsd#ferc_OperationsAndMaintenanceExpensesTable" ns2:label="ferc_OperationsAndMaintenanceExpensesTable" ns2:type="locator" />
        <ns0:presentationArc order="1" ns2:arcrole="http://www.xbrl.org/2003/arcrole/parent-child" ns2:from="ferc_ScheduleElectricOperationsAndMaintenanceExpensesShortAbstract" ns2:to="ferc_OperationsAndMaintenanceExpensesTable" ns2:type="arc" />
        <ns0:loc ns2:href="../../ferc-core_2020-01-01.xsd#ferc_OperationsAndMaintenanceExpensesLineItems" ns2:label="ferc_OperationsAndMaintenanceExpensesLineItems" ns2:type="locator" />
        <ns0:presentationArc order="1" ns2:arcrole="http://www.xbrl.org/2003/arcrole/parent-child" ns2:from="ferc_OperationsAndMaintenanceExpensesTable" ns2:to="ferc_OperationsAndMaintenanceExpensesLineItems" ns2:type="arc" />
        <ns0:loc ns2:href="../../ferc-core_2020-01-01.xsd#ferc_PowerProductionExpensesAbstract" ns2:label="ferc_PowerProductionExpensesAbstract" ns2:type="locator" />
        <ns0:presentationArc order="1" preferredLabel="http://ferc.gov/form/2020-01-01/roles/label/F1FElectricOperationsAndMaintenanceExpenses" ns2:arcrole="http://www.xbrl.org/2003/arcrole/parent-child" ns2:from="ferc_OperationsAndMaintenanceExpensesLineItems" ns2:to="ferc_PowerProductionExpensesAbstract" ns2:type="arc" />
        <ns0:loc ns2:href="../../ferc-core_2020-01-01.xsd#ferc_PowerProductionExpensesSteamPower" ns2:label="ferc_PowerProductionExpensesSteamPower" ns2:type="locator" />
        <ns0:presentationArc order="1" preferredLabel="http://ferc.gov/form/2020-01-01/roles/label/F1FElectricOperationsAndMaintenanceExpenses" ns2:arcrole="http://www.xbrl.org/2003/arcrole/parent-child" ns2:from="ferc_PowerProductionExpensesAbstract" ns2:to="ferc_PowerProductionExpensesSteamPower" ns2:type="arc" />
        <ns0:loc ns2:href="../../ferc-core_2020-01-01.xsd#ferc_PowerProductionExpensesHydraulicPower" ns2:label="ferc_PowerProductionExpensesHydraulicPower" ns2:type="locator" />
        <ns0:presentationArc order="2" preferredLabel="http://ferc.gov/form/2020-01-01/roles/label/F1FElectricOperationsAndMaintenanceExpenses" ns2:arcrole="http://www.xbrl.org/2003/arcrole/parent-child" ns2:from="ferc_PowerProductionExpensesAbstract" ns2:to="ferc_PowerProductionExpensesHydraulicPower" ns2:type="arc" />
        <ns0:loc ns2:href="../../ferc-core_2020-01-01.xsd#ferc_PowerProductionExpensesOtherPower" ns2:label="ferc_PowerProductionExpensesOtherPower" ns2:type="locator" />
        <ns0:presentationArc order="3" preferredLabel="http://ferc.gov/form/2020-01-01/roles/label/F1FElectricOperationsAndMaintenanceExpenses" ns2:arcrole="http://www.xbrl.org/2003/arcrole/parent-child" ns2:from="ferc_PowerProductionExpensesAbstract" ns2:to="ferc_PowerProductionExpensesOtherPower" ns2:type="arc" />
        <ns0:loc ns2:href="../../ferc-core_2020-01-01.xsd#ferc_PurchasedPower" ns2:label="ferc_PurchasedPower" ns2:type="locator" />
        <ns0:presentationArc order="4" preferredLabel="http://ferc.gov/form/2020-01-01/roles/label/F1FElectricOperationsAndMaintenanceExpenses" ns2:arcrole="http://www.xbrl.org/2003/arcrole/parent-child" ns2:from="ferc_PowerProductionExpensesAbstract" ns2:to="ferc_PurchasedPower" ns2:type="arc" />
        <ns0:loc ns2:href="../../ferc-core_2020-01-01.xsd#ferc_OtherPowerSupplyExpenseExcludingPurchasedPower" ns2:label="ferc_OtherPowerSupplyExpenseExcludingPurchasedPower" ns2:type="locator" />
        <ns0:presentationArc order="5" preferredLabel="http://ferc.gov/form/2020-01-01/roles/label/F1FElectricOperationsAndMaintenanceExpenses" ns2:arcrole="http://www.xbrl.org/2003/arcrole/parent-child" ns2:from="ferc_PowerProductionExpensesAbstract" ns2:to="ferc_OtherPowerSupplyExpenseExcludingPurchasedPower" ns2:type="arc" />
        <ns0:loc ns2:href="../../ferc-core_2020-01-01.xsd#ferc_PowerProductionExpenses" ns2:label="ferc_PowerProductionExpenses" ns2:type="locator" />
        <ns0:presentationArc order="6" preferredLabel="http://ferc.gov/form/2020-01-01/roles/label/F1FTotal" ns2:arcrole="http://www.xbrl.org/2003/arcrole/parent-child" ns2:from="ferc_PowerProductionExpensesAbstract" ns2:to="ferc_PowerProductionExpenses" ns2:type="arc" />
        <ns0:loc ns2:href="../../ferc-core_2020-01-01.xsd#ferc_TransmissionExpenses" ns2:label="ferc_TransmissionExpenses" ns2:type="locator" />
        <ns0:presentationArc order="7" preferredLabel="http://ferc.gov/form/2020-01-01/roles/label/F1FElectricOperationsAndMaintenanceExpenses" ns2:arcrole="http://www.xbrl.org/2003/arcrole/parent-child" ns2:from="ferc_PowerProductionExpensesAbstract" ns2:to="ferc_TransmissionExpenses" ns2:type="arc" />
        <ns0:loc ns2:href="../../ferc-core_2020-01-01.xsd#ferc_DistributionExpenses" ns2:label="ferc_DistributionExpenses" ns2:type="locator" />
        <ns0:presentationArc order="8" preferredLabel="http://ferc.gov/form/2020-01-01/roles/label/F1FElectricOperationsAndMaintenanceExpenses" ns2:arcrole="http://www.xbrl.org/2003/arcrole/parent-child" ns2:from="ferc_PowerProductionExpensesAbstract" ns2:to="ferc_DistributionExpenses" ns2:type="arc" />
        <ns0:loc ns2:href="../../ferc-core_2020-01-01.xsd#ferc_CustomerAccountExpenses" ns2:label="ferc_CustomerAccountExpenses" ns2:type="locator" />
        <ns0:presentationArc order="9" preferredLabel="http://ferc.gov/form/2020-01-01/roles/label/F1FElectricOperationsAndMaintenanceExpenses" ns2:arcrole="http://www.xbrl.org/2003/arcrole/parent-child" ns2:from="ferc_PowerProductionExpensesAbstract" ns2:to="ferc_CustomerAccountExpenses" ns2:type="arc" />
        <ns0:loc ns2:href="../../ferc-core_2020-01-01.xsd#ferc_CustomerServiceAndInformationExpenses" ns2:label="ferc_CustomerServiceAndInformationExpenses" ns2:type="locator" />
        <ns0:presentationArc order="10" preferredLabel="http://ferc.gov/form/2020-01-01/roles/label/F1FElectricOperationsAndMaintenanceExpenses" ns2:arcrole="http://www.xbrl.org/2003/arcrole/parent-child" ns2:from="ferc_PowerProductionExpensesAbstract" ns2:to="ferc_CustomerServiceAndInformationExpenses" ns2:type="arc" />
        <ns0:loc ns2:href="../../ferc-core_2020-01-01.xsd#ferc_SalesExpenses" ns2:label="ferc_SalesExpenses" ns2:type="locator" />
        <ns0:presentationArc order="11" preferredLabel="http://ferc.gov/form/2020-01-01/roles/label/F1FElectricOperationsAndMaintenanceExpenses" ns2:arcrole="http://www.xbrl.org/2003/arcrole/parent-child" ns2:from="ferc_PowerProductionExpensesAbstract" ns2:to="ferc_SalesExpenses" ns2:type="arc" />
        <ns0:loc ns2:href="../../ferc-core_2020-01-01.xsd#ferc_AdministrativeAndGeneralExpenses" ns2:label="ferc_AdministrativeAndGeneralExpenses" ns2:type="locator" />
        <ns0:presentationArc order="12" preferredLabel="http://ferc.gov/form/2020-01-01/roles/label/F1FElectricOperationsAndMaintenanceExpenses" ns2:arcrole="http://www.xbrl.org/2003/arcrole/parent-child" ns2:from="ferc_PowerProductionExpensesAbstract" ns2:to="ferc_AdministrativeAndGeneralExpenses" ns2:type="arc" />
        <ns0:loc ns2:href="../../ferc-core_2020-01-01.xsd#ferc_OperationsAndMaintenanceExpensesElectric" ns2:label="ferc_OperationsAndMaintenanceExpensesElectric" ns2:type="locator" />
        <ns0:presentationArc order="2" preferredLabel="http://ferc.gov/form/2020-01-01/roles/label/F1FTotal" ns2:arcrole="http://www.xbrl.org/2003/arcrole/parent-child" ns2:from="ferc_OperationsAndMaintenanceExpensesLineItems" ns2:to="ferc_OperationsAndMaintenanceExpensesElectric" ns2:type="arc" />
    </ns0:presentationLink>
</ns0:linkbase>