﻿<?xml version="1.0" encoding="utf-8"?>
<!--© DNB-->
<link:linkbase xmlns:xsi="http://www.w3.org/2001/XMLSchema-instance" xmlns:xlink="http://www.w3.org/1999/xlink" xmlns:link="http://www.xbrl.org/2003/linkbase" xmlns:gen="http://xbrl.org/2008/generic" xmlns:label="http://xbrl.org/2008/label" xmlns:formula="http://xbrl.org/2008/formula" xmlns:df="http://xbrl.org/2008/filter/dimension" xmlns:table="http://xbrl.org/2014/table" xmlns:model="http://www.eurofiling.info/xbrl/ext/model" xmlns:dnb_met="http://www.dnb.nl/xbrl/dict/met" xmlns:dnb_dim="http://www.dnb.nl/xbrl/dict/dim" xmlns:dnb_ftk_dom002="http://www.dnb.nl/xbrl/dict/dom/ftk_dom002" xmlns:dnb_ftk_dom003="http://www.dnb.nl/xbrl/dict/dom/ftk_dom003" xmlns:dnb_ftk_dom004="http://www.dnb.nl/xbrl/dict/dom/ftk_dom004" xsi:schemaLocation="http://www.xbrl.org/2003/linkbase http://www.xbrl.org/2003/xbrl-linkbase-2003-12-31.xsd http://xbrl.org/2008/generic http://www.xbrl.org/2008/generic-link.xsd http://xbrl.org/2008/label http://www.xbrl.org/2008/generic-label.xsd http://xbrl.org/2008/formula http://www.xbrl.org/2008/formula.xsd http://xbrl.org/2008/filter/dimension http://www.xbrl.org/2008/dimension-filter.xsd http://xbrl.org/2014/table http://www.xbrl.org/2014/table.xsd http://www.eurofiling.info/xbrl/ext/model http://www.eurofiling.info/eu/fr/xbrl/ext/model.xsd">
  <link:arcroleRef arcroleURI="http://xbrl.org/arcrole/2014/breakdown-tree" xlink:type="simple" xlink:href="http://www.xbrl.org/2014/table.xsd#breakdown-tree" />
  <link:arcroleRef arcroleURI="http://xbrl.org/arcrole/2014/definition-node-subtree" xlink:type="simple" xlink:href="http://www.xbrl.org/2014/table.xsd#definition-node-subtree" />
  <link:arcroleRef arcroleURI="http://xbrl.org/arcrole/2014/table-breakdown" xlink:type="simple" xlink:href="http://www.xbrl.org/2014/table.xsd#table-breakdown" />
  <link:roleRef roleURI="http://www.dnb.nl/xbrl/role/fws/DNB-NR/ftk-2019-06/2019-12-31/tab/J301-1" xlink:type="simple" xlink:href="j301-1.xsd#role" />
  <gen:link xlink:type="extended" xlink:role="http://www.dnb.nl/xbrl/role/fws/DNB-NR/ftk-2019-06/2019-12-31/tab/J301-1">
    <table:table xlink:type="resource" xlink:label="dnb_tJ301-1" id="dnb_tJ301-1" />
    <table:breakdown xlink:type="resource" xlink:label="dnb_a1" parentChildOrder="parent-first" id="dnb_a1" />
    <table:ruleNode xlink:type="resource" xlink:label="dnb_a1.root" abstract="true" merge="true" id="dnb_a1.root" />
    <table:breakdownTreeArc xlink:type="arc" xlink:arcrole="http://xbrl.org/arcrole/2014/breakdown-tree" xlink:from="dnb_a1" xlink:to="dnb_a1.root" order="0" />
    <table:ruleNode xlink:type="resource" xlink:label="dnb_c1" id="dnb_c1">
      <formula:concept>
        <formula:qname>dnb_met:mi_ftk_004</formula:qname>
      </formula:concept>
      <formula:explicitDimension dimension="dnb_dim:ftk_dim002">
        <formula:member>
          <formula:qname>dnb_ftk_dom002:mem015</formula:qname>
        </formula:member>
      </formula:explicitDimension>
      <formula:explicitDimension dimension="dnb_dim:ftk_dim008">
        <formula:member>
          <formula:qname>dnb_ftk_dom002:mem011</formula:qname>
        </formula:member>
      </formula:explicitDimension>
    </table:ruleNode>
    <table:definitionNodeSubtreeArc xlink:type="arc" xlink:arcrole="http://xbrl.org/arcrole/2014/definition-node-subtree" xlink:from="dnb_a1.root" xlink:to="dnb_c1" order="1" />
    <table:tableBreakdownArc xlink:type="arc" xlink:arcrole="http://xbrl.org/arcrole/2014/table-breakdown" xlink:from="dnb_tJ301-1" xlink:to="dnb_a1" axis="x" order="1" />
    <table:breakdown xlink:type="resource" xlink:label="dnb_a2" parentChildOrder="parent-first" id="dnb_a2" />
    <table:ruleNode xlink:type="resource" xlink:label="dnb_a2.root" abstract="true" merge="true" id="dnb_a2.root" />
    <table:breakdownTreeArc xlink:type="arc" xlink:arcrole="http://xbrl.org/arcrole/2014/breakdown-tree" xlink:from="dnb_a2" xlink:to="dnb_a2.root" order="0" />
    <table:ruleNode xlink:type="resource" xlink:label="dnb_c2" abstract="true" id="dnb_c2" />
    <table:ruleNode xlink:type="resource" xlink:label="dnb_c3" id="dnb_c3">
      <formula:explicitDimension dimension="dnb_dim:ftk_dim003">
        <formula:member>
          <formula:qname>dnb_ftk_dom003:mem002</formula:qname>
        </formula:member>
      </formula:explicitDimension>
      <formula:explicitDimension dimension="dnb_dim:ftk_dim004">
        <formula:member>
          <formula:qname>dnb_ftk_dom004:mem064</formula:qname>
        </formula:member>
      </formula:explicitDimension>
    </table:ruleNode>
    <table:definitionNodeSubtreeArc xlink:type="arc" xlink:arcrole="http://xbrl.org/arcrole/2014/definition-node-subtree" xlink:from="dnb_c2" xlink:to="dnb_c3" order="1" />
    <table:ruleNode xlink:type="resource" xlink:label="dnb_c4" id="dnb_c4">
      <formula:explicitDimension dimension="dnb_dim:ftk_dim003">
        <formula:member>
          <formula:qname>dnb_ftk_dom003:mem002</formula:qname>
        </formula:member>
      </formula:explicitDimension>
      <formula:explicitDimension dimension="dnb_dim:ftk_dim004">
        <formula:member>
          <formula:qname>dnb_ftk_dom004:mem065</formula:qname>
        </formula:member>
      </formula:explicitDimension>
    </table:ruleNode>
    <table:definitionNodeSubtreeArc xlink:type="arc" xlink:arcrole="http://xbrl.org/arcrole/2014/definition-node-subtree" xlink:from="dnb_c2" xlink:to="dnb_c4" order="2" />
    <table:ruleNode xlink:type="resource" xlink:label="dnb_c5" abstract="true" id="dnb_c5" />
    <table:ruleNode xlink:type="resource" xlink:label="dnb_c6" abstract="true" id="dnb_c6" />
    <table:ruleNode xlink:type="resource" xlink:label="dnb_c7" id="dnb_c7">
      <formula:explicitDimension dimension="dnb_dim:ftk_dim003">
        <formula:member>
          <formula:qname>dnb_ftk_dom003:mem002</formula:qname>
        </formula:member>
      </formula:explicitDimension>
      <formula:explicitDimension dimension="dnb_dim:ftk_dim004">
        <formula:member>
          <formula:qname>dnb_ftk_dom004:mem005</formula:qname>
        </formula:member>
      </formula:explicitDimension>
      <formula:explicitDimension dimension="dnb_dim:ftk_dim005">
        <formula:member>
          <formula:qname>dnb_ftk_dom004:mem006</formula:qname>
        </formula:member>
      </formula:explicitDimension>
      <formula:explicitDimension dimension="dnb_dim:ftk_dim009">
        <formula:member>
          <formula:qname>dnb_ftk_dom004:mem019</formula:qname>
        </formula:member>
      </formula:explicitDimension>
    </table:ruleNode>
    <table:definitionNodeSubtreeArc xlink:type="arc" xlink:arcrole="http://xbrl.org/arcrole/2014/definition-node-subtree" xlink:from="dnb_c6" xlink:to="dnb_c7" order="1" />
    <table:ruleNode xlink:type="resource" xlink:label="dnb_c8" id="dnb_c8">
      <formula:explicitDimension dimension="dnb_dim:ftk_dim003">
        <formula:member>
          <formula:qname>dnb_ftk_dom003:mem002</formula:qname>
        </formula:member>
      </formula:explicitDimension>
      <formula:explicitDimension dimension="dnb_dim:ftk_dim004">
        <formula:member>
          <formula:qname>dnb_ftk_dom004:mem005</formula:qname>
        </formula:member>
      </formula:explicitDimension>
      <formula:explicitDimension dimension="dnb_dim:ftk_dim005">
        <formula:member>
          <formula:qname>dnb_ftk_dom004:mem006</formula:qname>
        </formula:member>
      </formula:explicitDimension>
      <formula:explicitDimension dimension="dnb_dim:ftk_dim009">
        <formula:member>
          <formula:qname>dnb_ftk_dom004:mem020</formula:qname>
        </formula:member>
      </formula:explicitDimension>
    </table:ruleNode>
    <table:definitionNodeSubtreeArc xlink:type="arc" xlink:arcrole="http://xbrl.org/arcrole/2014/definition-node-subtree" xlink:from="dnb_c6" xlink:to="dnb_c8" order="2" />
    <table:definitionNodeSubtreeArc xlink:type="arc" xlink:arcrole="http://xbrl.org/arcrole/2014/definition-node-subtree" xlink:from="dnb_c5" xlink:to="dnb_c6" order="1" />
    <table:ruleNode xlink:type="resource" xlink:label="dnb_c9" id="dnb_c9">
      <formula:explicitDimension dimension="dnb_dim:ftk_dim003">
        <formula:member>
          <formula:qname>dnb_ftk_dom003:mem002</formula:qname>
        </formula:member>
      </formula:explicitDimension>
      <formula:explicitDimension dimension="dnb_dim:ftk_dim004">
        <formula:member>
          <formula:qname>dnb_ftk_dom004:mem005</formula:qname>
        </formula:member>
      </formula:explicitDimension>
      <formula:explicitDimension dimension="dnb_dim:ftk_dim005">
        <formula:member>
          <formula:qname>dnb_ftk_dom004:mem007</formula:qname>
        </formula:member>
      </formula:explicitDimension>
    </table:ruleNode>
    <table:definitionNodeSubtreeArc xlink:type="arc" xlink:arcrole="http://xbrl.org/arcrole/2014/definition-node-subtree" xlink:from="dnb_c5" xlink:to="dnb_c9" order="2" />
    <table:ruleNode xlink:type="resource" xlink:label="dnb_c10" id="dnb_c10">
      <formula:explicitDimension dimension="dnb_dim:ftk_dim003">
        <formula:member>
          <formula:qname>dnb_ftk_dom003:mem002</formula:qname>
        </formula:member>
      </formula:explicitDimension>
      <formula:explicitDimension dimension="dnb_dim:ftk_dim004">
        <formula:member>
          <formula:qname>dnb_ftk_dom004:mem005</formula:qname>
        </formula:member>
      </formula:explicitDimension>
      <formula:explicitDimension dimension="dnb_dim:ftk_dim005">
        <formula:member>
          <formula:qname>dnb_ftk_dom004:mem008</formula:qname>
        </formula:member>
      </formula:explicitDimension>
    </table:ruleNode>
    <table:definitionNodeSubtreeArc xlink:type="arc" xlink:arcrole="http://xbrl.org/arcrole/2014/definition-node-subtree" xlink:from="dnb_c5" xlink:to="dnb_c10" order="3" />
    <table:ruleNode xlink:type="resource" xlink:label="dnb_c11" id="dnb_c11">
      <formula:explicitDimension dimension="dnb_dim:ftk_dim003">
        <formula:member>
          <formula:qname>dnb_ftk_dom003:mem002</formula:qname>
        </formula:member>
      </formula:explicitDimension>
      <formula:explicitDimension dimension="dnb_dim:ftk_dim004">
        <formula:member>
          <formula:qname>dnb_ftk_dom004:mem005</formula:qname>
        </formula:member>
      </formula:explicitDimension>
      <formula:explicitDimension dimension="dnb_dim:ftk_dim005">
        <formula:member>
          <formula:qname>dnb_ftk_dom004:mem009</formula:qname>
        </formula:member>
      </formula:explicitDimension>
    </table:ruleNode>
    <table:definitionNodeSubtreeArc xlink:type="arc" xlink:arcrole="http://xbrl.org/arcrole/2014/definition-node-subtree" xlink:from="dnb_c5" xlink:to="dnb_c11" order="4" />
    <table:ruleNode xlink:type="resource" xlink:label="dnb_c12" id="dnb_c12">
      <formula:explicitDimension dimension="dnb_dim:ftk_dim003">
        <formula:member>
          <formula:qname>dnb_ftk_dom003:mem002</formula:qname>
        </formula:member>
      </formula:explicitDimension>
      <formula:explicitDimension dimension="dnb_dim:ftk_dim004">
        <formula:member>
          <formula:qname>dnb_ftk_dom004:mem005</formula:qname>
        </formula:member>
      </formula:explicitDimension>
      <formula:explicitDimension dimension="dnb_dim:ftk_dim005">
        <formula:member>
          <formula:qname>dnb_ftk_dom004:mem010</formula:qname>
        </formula:member>
      </formula:explicitDimension>
    </table:ruleNode>
    <table:definitionNodeSubtreeArc xlink:type="arc" xlink:arcrole="http://xbrl.org/arcrole/2014/definition-node-subtree" xlink:from="dnb_c5" xlink:to="dnb_c12" order="5" />
    <table:ruleNode xlink:type="resource" xlink:label="dnb_c13" id="dnb_c13">
      <formula:explicitDimension dimension="dnb_dim:ftk_dim003">
        <formula:member>
          <formula:qname>dnb_ftk_dom003:mem002</formula:qname>
        </formula:member>
      </formula:explicitDimension>
      <formula:explicitDimension dimension="dnb_dim:ftk_dim004">
        <formula:member>
          <formula:qname>dnb_ftk_dom004:mem005</formula:qname>
        </formula:member>
      </formula:explicitDimension>
      <formula:explicitDimension dimension="dnb_dim:ftk_dim005">
        <formula:member>
          <formula:qname>dnb_ftk_dom004:mem011</formula:qname>
        </formula:member>
      </formula:explicitDimension>
    </table:ruleNode>
    <table:definitionNodeSubtreeArc xlink:type="arc" xlink:arcrole="http://xbrl.org/arcrole/2014/definition-node-subtree" xlink:from="dnb_c5" xlink:to="dnb_c13" order="6" />
    <table:ruleNode xlink:type="resource" xlink:label="dnb_c14" id="dnb_c14">
      <formula:explicitDimension dimension="dnb_dim:ftk_dim003">
        <formula:member>
          <formula:qname>dnb_ftk_dom003:mem002</formula:qname>
        </formula:member>
      </formula:explicitDimension>
      <formula:explicitDimension dimension="dnb_dim:ftk_dim004">
        <formula:member>
          <formula:qname>dnb_ftk_dom004:mem005</formula:qname>
        </formula:member>
      </formula:explicitDimension>
      <formula:explicitDimension dimension="dnb_dim:ftk_dim005">
        <formula:member>
          <formula:qname>dnb_ftk_dom004:mem012</formula:qname>
        </formula:member>
      </formula:explicitDimension>
    </table:ruleNode>
    <table:definitionNodeSubtreeArc xlink:type="arc" xlink:arcrole="http://xbrl.org/arcrole/2014/definition-node-subtree" xlink:from="dnb_c5" xlink:to="dnb_c14" order="7" />
    <table:definitionNodeSubtreeArc xlink:type="arc" xlink:arcrole="http://xbrl.org/arcrole/2014/definition-node-subtree" xlink:from="dnb_c2" xlink:to="dnb_c5" order="3" />
    <table:ruleNode xlink:type="resource" xlink:label="dnb_c15" abstract="true" id="dnb_c15" />
    <table:ruleNode xlink:type="resource" xlink:label="dnb_c16" abstract="true" id="dnb_c16" />
    <table:ruleNode xlink:type="resource" xlink:label="dnb_c17" id="dnb_c17">
      <formula:explicitDimension dimension="dnb_dim:ftk_dim003">
        <formula:member>
          <formula:qname>dnb_ftk_dom003:mem002</formula:qname>
        </formula:member>
      </formula:explicitDimension>
      <formula:explicitDimension dimension="dnb_dim:ftk_dim004">
        <formula:member>
          <formula:qname>dnb_ftk_dom004:mem061</formula:qname>
        </formula:member>
      </formula:explicitDimension>
      <formula:explicitDimension dimension="dnb_dim:ftk_dim005">
        <formula:member>
          <formula:qname>dnb_ftk_dom004:mem075</formula:qname>
        </formula:member>
      </formula:explicitDimension>
    </table:ruleNode>
    <table:definitionNodeSubtreeArc xlink:type="arc" xlink:arcrole="http://xbrl.org/arcrole/2014/definition-node-subtree" xlink:from="dnb_c16" xlink:to="dnb_c17" order="1" />
    <table:ruleNode xlink:type="resource" xlink:label="dnb_c18" id="dnb_c18">
      <formula:explicitDimension dimension="dnb_dim:ftk_dim003">
        <formula:member>
          <formula:qname>dnb_ftk_dom003:mem002</formula:qname>
        </formula:member>
      </formula:explicitDimension>
      <formula:explicitDimension dimension="dnb_dim:ftk_dim004">
        <formula:member>
          <formula:qname>dnb_ftk_dom004:mem061</formula:qname>
        </formula:member>
      </formula:explicitDimension>
      <formula:explicitDimension dimension="dnb_dim:ftk_dim005">
        <formula:member>
          <formula:qname>dnb_ftk_dom004:mem076</formula:qname>
        </formula:member>
      </formula:explicitDimension>
    </table:ruleNode>
    <table:definitionNodeSubtreeArc xlink:type="arc" xlink:arcrole="http://xbrl.org/arcrole/2014/definition-node-subtree" xlink:from="dnb_c16" xlink:to="dnb_c18" order="2" />
    <table:definitionNodeSubtreeArc xlink:type="arc" xlink:arcrole="http://xbrl.org/arcrole/2014/definition-node-subtree" xlink:from="dnb_c15" xlink:to="dnb_c16" order="1" />
    <table:ruleNode xlink:type="resource" xlink:label="dnb_c19" id="dnb_c19">
      <formula:explicitDimension dimension="dnb_dim:ftk_dim003">
        <formula:member>
          <formula:qname>dnb_ftk_dom003:mem002</formula:qname>
        </formula:member>
      </formula:explicitDimension>
      <formula:explicitDimension dimension="dnb_dim:ftk_dim004">
        <formula:member>
          <formula:qname>dnb_ftk_dom004:mem061</formula:qname>
        </formula:member>
      </formula:explicitDimension>
      <formula:explicitDimension dimension="dnb_dim:ftk_dim005">
        <formula:member>
          <formula:qname>dnb_ftk_dom004:mem007</formula:qname>
        </formula:member>
      </formula:explicitDimension>
    </table:ruleNode>
    <table:definitionNodeSubtreeArc xlink:type="arc" xlink:arcrole="http://xbrl.org/arcrole/2014/definition-node-subtree" xlink:from="dnb_c15" xlink:to="dnb_c19" order="2" />
    <table:ruleNode xlink:type="resource" xlink:label="dnb_c20" id="dnb_c20">
      <formula:explicitDimension dimension="dnb_dim:ftk_dim003">
        <formula:member>
          <formula:qname>dnb_ftk_dom003:mem002</formula:qname>
        </formula:member>
      </formula:explicitDimension>
      <formula:explicitDimension dimension="dnb_dim:ftk_dim004">
        <formula:member>
          <formula:qname>dnb_ftk_dom004:mem061</formula:qname>
        </formula:member>
      </formula:explicitDimension>
      <formula:explicitDimension dimension="dnb_dim:ftk_dim005">
        <formula:member>
          <formula:qname>dnb_ftk_dom004:mem008</formula:qname>
        </formula:member>
      </formula:explicitDimension>
    </table:ruleNode>
    <table:definitionNodeSubtreeArc xlink:type="arc" xlink:arcrole="http://xbrl.org/arcrole/2014/definition-node-subtree" xlink:from="dnb_c15" xlink:to="dnb_c20" order="3" />
    <table:ruleNode xlink:type="resource" xlink:label="dnb_c21" id="dnb_c21">
      <formula:explicitDimension dimension="dnb_dim:ftk_dim003">
        <formula:member>
          <formula:qname>dnb_ftk_dom003:mem002</formula:qname>
        </formula:member>
      </formula:explicitDimension>
      <formula:explicitDimension dimension="dnb_dim:ftk_dim004">
        <formula:member>
          <formula:qname>dnb_ftk_dom004:mem061</formula:qname>
        </formula:member>
      </formula:explicitDimension>
      <formula:explicitDimension dimension="dnb_dim:ftk_dim005">
        <formula:member>
          <formula:qname>dnb_ftk_dom004:mem009</formula:qname>
        </formula:member>
      </formula:explicitDimension>
    </table:ruleNode>
    <table:definitionNodeSubtreeArc xlink:type="arc" xlink:arcrole="http://xbrl.org/arcrole/2014/definition-node-subtree" xlink:from="dnb_c15" xlink:to="dnb_c21" order="4" />
    <table:ruleNode xlink:type="resource" xlink:label="dnb_c22" id="dnb_c22">
      <formula:explicitDimension dimension="dnb_dim:ftk_dim003">
        <formula:member>
          <formula:qname>dnb_ftk_dom003:mem002</formula:qname>
        </formula:member>
      </formula:explicitDimension>
      <formula:explicitDimension dimension="dnb_dim:ftk_dim004">
        <formula:member>
          <formula:qname>dnb_ftk_dom004:mem061</formula:qname>
        </formula:member>
      </formula:explicitDimension>
      <formula:explicitDimension dimension="dnb_dim:ftk_dim005">
        <formula:member>
          <formula:qname>dnb_ftk_dom004:mem010</formula:qname>
        </formula:member>
      </formula:explicitDimension>
    </table:ruleNode>
    <table:definitionNodeSubtreeArc xlink:type="arc" xlink:arcrole="http://xbrl.org/arcrole/2014/definition-node-subtree" xlink:from="dnb_c15" xlink:to="dnb_c22" order="5" />
    <table:ruleNode xlink:type="resource" xlink:label="dnb_c23" id="dnb_c23">
      <formula:explicitDimension dimension="dnb_dim:ftk_dim003">
        <formula:member>
          <formula:qname>dnb_ftk_dom003:mem002</formula:qname>
        </formula:member>
      </formula:explicitDimension>
      <formula:explicitDimension dimension="dnb_dim:ftk_dim004">
        <formula:member>
          <formula:qname>dnb_ftk_dom004:mem061</formula:qname>
        </formula:member>
      </formula:explicitDimension>
      <formula:explicitDimension dimension="dnb_dim:ftk_dim005">
        <formula:member>
          <formula:qname>dnb_ftk_dom004:mem011</formula:qname>
        </formula:member>
      </formula:explicitDimension>
    </table:ruleNode>
    <table:definitionNodeSubtreeArc xlink:type="arc" xlink:arcrole="http://xbrl.org/arcrole/2014/definition-node-subtree" xlink:from="dnb_c15" xlink:to="dnb_c23" order="6" />
    <table:ruleNode xlink:type="resource" xlink:label="dnb_c24" id="dnb_c24">
      <formula:explicitDimension dimension="dnb_dim:ftk_dim003">
        <formula:member>
          <formula:qname>dnb_ftk_dom003:mem002</formula:qname>
        </formula:member>
      </formula:explicitDimension>
      <formula:explicitDimension dimension="dnb_dim:ftk_dim004">
        <formula:member>
          <formula:qname>dnb_ftk_dom004:mem061</formula:qname>
        </formula:member>
      </formula:explicitDimension>
      <formula:explicitDimension dimension="dnb_dim:ftk_dim005">
        <formula:member>
          <formula:qname>dnb_ftk_dom004:mem012</formula:qname>
        </formula:member>
      </formula:explicitDimension>
    </table:ruleNode>
    <table:definitionNodeSubtreeArc xlink:type="arc" xlink:arcrole="http://xbrl.org/arcrole/2014/definition-node-subtree" xlink:from="dnb_c15" xlink:to="dnb_c24" order="7" />
    <table:definitionNodeSubtreeArc xlink:type="arc" xlink:arcrole="http://xbrl.org/arcrole/2014/definition-node-subtree" xlink:from="dnb_c2" xlink:to="dnb_c15" order="4" />
    <table:ruleNode xlink:type="resource" xlink:label="dnb_c25" id="dnb_c25">
      <formula:explicitDimension dimension="dnb_dim:ftk_dim003">
        <formula:member>
          <formula:qname>dnb_ftk_dom003:mem002</formula:qname>
        </formula:member>
      </formula:explicitDimension>
      <formula:explicitDimension dimension="dnb_dim:ftk_dim004">
        <formula:member>
          <formula:qname>dnb_ftk_dom004:mem066</formula:qname>
        </formula:member>
      </formula:explicitDimension>
    </table:ruleNode>
    <table:definitionNodeSubtreeArc xlink:type="arc" xlink:arcrole="http://xbrl.org/arcrole/2014/definition-node-subtree" xlink:from="dnb_c2" xlink:to="dnb_c25" order="5" />
    <table:ruleNode xlink:type="resource" xlink:label="dnb_c26" abstract="true" id="dnb_c26" />
    <table:ruleNode xlink:type="resource" xlink:label="dnb_c27" id="dnb_c27">
      <formula:explicitDimension dimension="dnb_dim:ftk_dim003">
        <formula:member>
          <formula:qname>dnb_ftk_dom003:mem002</formula:qname>
        </formula:member>
      </formula:explicitDimension>
      <formula:explicitDimension dimension="dnb_dim:ftk_dim004">
        <formula:member>
          <formula:qname>dnb_ftk_dom004:mem067</formula:qname>
        </formula:member>
      </formula:explicitDimension>
      <formula:explicitDimension dimension="dnb_dim:ftk_dim005">
        <formula:member>
          <formula:qname>dnb_ftk_dom004:mem077</formula:qname>
        </formula:member>
      </formula:explicitDimension>
    </table:ruleNode>
    <table:definitionNodeSubtreeArc xlink:type="arc" xlink:arcrole="http://xbrl.org/arcrole/2014/definition-node-subtree" xlink:from="dnb_c26" xlink:to="dnb_c27" order="1" />
    <table:ruleNode xlink:type="resource" xlink:label="dnb_c28" id="dnb_c28">
      <formula:explicitDimension dimension="dnb_dim:ftk_dim003">
        <formula:member>
          <formula:qname>dnb_ftk_dom003:mem002</formula:qname>
        </formula:member>
      </formula:explicitDimension>
      <formula:explicitDimension dimension="dnb_dim:ftk_dim004">
        <formula:member>
          <formula:qname>dnb_ftk_dom004:mem067</formula:qname>
        </formula:member>
      </formula:explicitDimension>
      <formula:explicitDimension dimension="dnb_dim:ftk_dim005">
        <formula:member>
          <formula:qname>dnb_ftk_dom004:mem078</formula:qname>
        </formula:member>
      </formula:explicitDimension>
    </table:ruleNode>
    <table:definitionNodeSubtreeArc xlink:type="arc" xlink:arcrole="http://xbrl.org/arcrole/2014/definition-node-subtree" xlink:from="dnb_c26" xlink:to="dnb_c28" order="2" />
    <table:definitionNodeSubtreeArc xlink:type="arc" xlink:arcrole="http://xbrl.org/arcrole/2014/definition-node-subtree" xlink:from="dnb_c2" xlink:to="dnb_c26" order="6" />
    <table:ruleNode xlink:type="resource" xlink:label="dnb_c29" abstract="true" id="dnb_c29" />
    <table:ruleNode xlink:type="resource" xlink:label="dnb_c30" id="dnb_c30">
      <formula:explicitDimension dimension="dnb_dim:ftk_dim003">
        <formula:member>
          <formula:qname>dnb_ftk_dom003:mem002</formula:qname>
        </formula:member>
      </formula:explicitDimension>
      <formula:explicitDimension dimension="dnb_dim:ftk_dim004">
        <formula:member>
          <formula:qname>dnb_ftk_dom004:mem068</formula:qname>
        </formula:member>
      </formula:explicitDimension>
      <formula:explicitDimension dimension="dnb_dim:ftk_dim005">
        <formula:member>
          <formula:qname>dnb_ftk_dom004:mem079</formula:qname>
        </formula:member>
      </formula:explicitDimension>
    </table:ruleNode>
    <table:definitionNodeSubtreeArc xlink:type="arc" xlink:arcrole="http://xbrl.org/arcrole/2014/definition-node-subtree" xlink:from="dnb_c29" xlink:to="dnb_c30" order="1" />
    <table:ruleNode xlink:type="resource" xlink:label="dnb_c31" id="dnb_c31">
      <formula:explicitDimension dimension="dnb_dim:ftk_dim003">
        <formula:member>
          <formula:qname>dnb_ftk_dom003:mem002</formula:qname>
        </formula:member>
      </formula:explicitDimension>
      <formula:explicitDimension dimension="dnb_dim:ftk_dim004">
        <formula:member>
          <formula:qname>dnb_ftk_dom004:mem068</formula:qname>
        </formula:member>
      </formula:explicitDimension>
      <formula:explicitDimension dimension="dnb_dim:ftk_dim005">
        <formula:member>
          <formula:qname>dnb_ftk_dom004:mem080</formula:qname>
        </formula:member>
      </formula:explicitDimension>
    </table:ruleNode>
    <table:definitionNodeSubtreeArc xlink:type="arc" xlink:arcrole="http://xbrl.org/arcrole/2014/definition-node-subtree" xlink:from="dnb_c29" xlink:to="dnb_c31" order="2" />
    <table:ruleNode xlink:type="resource" xlink:label="dnb_c32" id="dnb_c32">
      <formula:explicitDimension dimension="dnb_dim:ftk_dim003">
        <formula:member>
          <formula:qname>dnb_ftk_dom003:mem002</formula:qname>
        </formula:member>
      </formula:explicitDimension>
      <formula:explicitDimension dimension="dnb_dim:ftk_dim004">
        <formula:member>
          <formula:qname>dnb_ftk_dom004:mem068</formula:qname>
        </formula:member>
      </formula:explicitDimension>
      <formula:explicitDimension dimension="dnb_dim:ftk_dim005">
        <formula:member>
          <formula:qname>dnb_ftk_dom004:mem081</formula:qname>
        </formula:member>
      </formula:explicitDimension>
    </table:ruleNode>
    <table:definitionNodeSubtreeArc xlink:type="arc" xlink:arcrole="http://xbrl.org/arcrole/2014/definition-node-subtree" xlink:from="dnb_c29" xlink:to="dnb_c32" order="3" />
    <table:ruleNode xlink:type="resource" xlink:label="dnb_c33" id="dnb_c33">
      <formula:explicitDimension dimension="dnb_dim:ftk_dim003">
        <formula:member>
          <formula:qname>dnb_ftk_dom003:mem002</formula:qname>
        </formula:member>
      </formula:explicitDimension>
      <formula:explicitDimension dimension="dnb_dim:ftk_dim004">
        <formula:member>
          <formula:qname>dnb_ftk_dom004:mem068</formula:qname>
        </formula:member>
      </formula:explicitDimension>
      <formula:explicitDimension dimension="dnb_dim:ftk_dim005">
        <formula:member>
          <formula:qname>dnb_ftk_dom004:mem082</formula:qname>
        </formula:member>
      </formula:explicitDimension>
    </table:ruleNode>
    <table:definitionNodeSubtreeArc xlink:type="arc" xlink:arcrole="http://xbrl.org/arcrole/2014/definition-node-subtree" xlink:from="dnb_c29" xlink:to="dnb_c33" order="4" />
    <table:ruleNode xlink:type="resource" xlink:label="dnb_c34" id="dnb_c34">
      <formula:explicitDimension dimension="dnb_dim:ftk_dim003">
        <formula:member>
          <formula:qname>dnb_ftk_dom003:mem002</formula:qname>
        </formula:member>
      </formula:explicitDimension>
      <formula:explicitDimension dimension="dnb_dim:ftk_dim004">
        <formula:member>
          <formula:qname>dnb_ftk_dom004:mem068</formula:qname>
        </formula:member>
      </formula:explicitDimension>
      <formula:explicitDimension dimension="dnb_dim:ftk_dim005">
        <formula:member>
          <formula:qname>dnb_ftk_dom004:mem083</formula:qname>
        </formula:member>
      </formula:explicitDimension>
    </table:ruleNode>
    <table:definitionNodeSubtreeArc xlink:type="arc" xlink:arcrole="http://xbrl.org/arcrole/2014/definition-node-subtree" xlink:from="dnb_c29" xlink:to="dnb_c34" order="5" />
    <table:definitionNodeSubtreeArc xlink:type="arc" xlink:arcrole="http://xbrl.org/arcrole/2014/definition-node-subtree" xlink:from="dnb_c2" xlink:to="dnb_c29" order="7" />
    <table:ruleNode xlink:type="resource" xlink:label="dnb_c35" id="dnb_c35">
      <formula:explicitDimension dimension="dnb_dim:ftk_dim003">
        <formula:member>
          <formula:qname>dnb_ftk_dom003:mem002</formula:qname>
        </formula:member>
      </formula:explicitDimension>
      <formula:explicitDimension dimension="dnb_dim:ftk_dim004">
        <formula:member>
          <formula:qname>dnb_ftk_dom004:mem069</formula:qname>
        </formula:member>
      </formula:explicitDimension>
    </table:ruleNode>
    <table:definitionNodeSubtreeArc xlink:type="arc" xlink:arcrole="http://xbrl.org/arcrole/2014/definition-node-subtree" xlink:from="dnb_c2" xlink:to="dnb_c35" order="8" />
    <table:definitionNodeSubtreeArc xlink:type="arc" xlink:arcrole="http://xbrl.org/arcrole/2014/definition-node-subtree" xlink:from="dnb_a2.root" xlink:to="dnb_c2" order="1" />
    <table:ruleNode xlink:type="resource" xlink:label="dnb_c36" abstract="true" id="dnb_c36" />
    <table:ruleNode xlink:type="resource" xlink:label="dnb_c37" abstract="true" id="dnb_c37" />
    <table:ruleNode xlink:type="resource" xlink:label="dnb_c38" id="dnb_c38">
      <formula:explicitDimension dimension="dnb_dim:ftk_dim003">
        <formula:member>
          <formula:qname>dnb_ftk_dom003:mem001</formula:qname>
        </formula:member>
      </formula:explicitDimension>
      <formula:explicitDimension dimension="dnb_dim:ftk_dim004">
        <formula:member>
          <formula:qname>dnb_ftk_dom004:mem070</formula:qname>
        </formula:member>
      </formula:explicitDimension>
      <formula:explicitDimension dimension="dnb_dim:ftk_dim005">
        <formula:member>
          <formula:qname>dnb_ftk_dom004:mem084</formula:qname>
        </formula:member>
      </formula:explicitDimension>
    </table:ruleNode>
    <table:definitionNodeSubtreeArc xlink:type="arc" xlink:arcrole="http://xbrl.org/arcrole/2014/definition-node-subtree" xlink:from="dnb_c37" xlink:to="dnb_c38" order="1" />
    <table:ruleNode xlink:type="resource" xlink:label="dnb_c39" id="dnb_c39">
      <formula:explicitDimension dimension="dnb_dim:ftk_dim003">
        <formula:member>
          <formula:qname>dnb_ftk_dom003:mem001</formula:qname>
        </formula:member>
      </formula:explicitDimension>
      <formula:explicitDimension dimension="dnb_dim:ftk_dim004">
        <formula:member>
          <formula:qname>dnb_ftk_dom004:mem070</formula:qname>
        </formula:member>
      </formula:explicitDimension>
      <formula:explicitDimension dimension="dnb_dim:ftk_dim005">
        <formula:member>
          <formula:qname>dnb_ftk_dom004:mem085</formula:qname>
        </formula:member>
      </formula:explicitDimension>
    </table:ruleNode>
    <table:definitionNodeSubtreeArc xlink:type="arc" xlink:arcrole="http://xbrl.org/arcrole/2014/definition-node-subtree" xlink:from="dnb_c37" xlink:to="dnb_c39" order="2" />
    <table:definitionNodeSubtreeArc xlink:type="arc" xlink:arcrole="http://xbrl.org/arcrole/2014/definition-node-subtree" xlink:from="dnb_c36" xlink:to="dnb_c37" order="1" />
    <table:ruleNode xlink:type="resource" xlink:label="dnb_c40" id="dnb_c40">
      <formula:explicitDimension dimension="dnb_dim:ftk_dim003">
        <formula:member>
          <formula:qname>dnb_ftk_dom003:mem001</formula:qname>
        </formula:member>
      </formula:explicitDimension>
      <formula:explicitDimension dimension="dnb_dim:ftk_dim004">
        <formula:member>
          <formula:qname>dnb_ftk_dom004:mem071</formula:qname>
        </formula:member>
      </formula:explicitDimension>
    </table:ruleNode>
    <table:definitionNodeSubtreeArc xlink:type="arc" xlink:arcrole="http://xbrl.org/arcrole/2014/definition-node-subtree" xlink:from="dnb_c36" xlink:to="dnb_c40" order="2" />
    <table:ruleNode xlink:type="resource" xlink:label="dnb_c41" abstract="true" id="dnb_c41" />
    <table:ruleNode xlink:type="resource" xlink:label="dnb_c42" id="dnb_c42">
      <formula:explicitDimension dimension="dnb_dim:ftk_dim003">
        <formula:member>
          <formula:qname>dnb_ftk_dom003:mem001</formula:qname>
        </formula:member>
      </formula:explicitDimension>
      <formula:explicitDimension dimension="dnb_dim:ftk_dim004">
        <formula:member>
          <formula:qname>dnb_ftk_dom004:mem001</formula:qname>
        </formula:member>
      </formula:explicitDimension>
      <formula:explicitDimension dimension="dnb_dim:ftk_dim005">
        <formula:member>
          <formula:qname>dnb_ftk_dom004:mem002</formula:qname>
        </formula:member>
      </formula:explicitDimension>
    </table:ruleNode>
    <table:definitionNodeSubtreeArc xlink:type="arc" xlink:arcrole="http://xbrl.org/arcrole/2014/definition-node-subtree" xlink:from="dnb_c41" xlink:to="dnb_c42" order="1" />
    <table:ruleNode xlink:type="resource" xlink:label="dnb_c43" id="dnb_c43">
      <formula:explicitDimension dimension="dnb_dim:ftk_dim003">
        <formula:member>
          <formula:qname>dnb_ftk_dom003:mem001</formula:qname>
        </formula:member>
      </formula:explicitDimension>
      <formula:explicitDimension dimension="dnb_dim:ftk_dim004">
        <formula:member>
          <formula:qname>dnb_ftk_dom004:mem001</formula:qname>
        </formula:member>
      </formula:explicitDimension>
      <formula:explicitDimension dimension="dnb_dim:ftk_dim005">
        <formula:member>
          <formula:qname>dnb_ftk_dom004:mem004</formula:qname>
        </formula:member>
      </formula:explicitDimension>
    </table:ruleNode>
    <table:definitionNodeSubtreeArc xlink:type="arc" xlink:arcrole="http://xbrl.org/arcrole/2014/definition-node-subtree" xlink:from="dnb_c41" xlink:to="dnb_c43" order="2" />
    <table:ruleNode xlink:type="resource" xlink:label="dnb_c44" id="dnb_c44">
      <formula:explicitDimension dimension="dnb_dim:ftk_dim003">
        <formula:member>
          <formula:qname>dnb_ftk_dom003:mem001</formula:qname>
        </formula:member>
      </formula:explicitDimension>
      <formula:explicitDimension dimension="dnb_dim:ftk_dim004">
        <formula:member>
          <formula:qname>dnb_ftk_dom004:mem001</formula:qname>
        </formula:member>
      </formula:explicitDimension>
      <formula:explicitDimension dimension="dnb_dim:ftk_dim005">
        <formula:member>
          <formula:qname>dnb_ftk_dom004:mem003</formula:qname>
        </formula:member>
      </formula:explicitDimension>
    </table:ruleNode>
    <table:definitionNodeSubtreeArc xlink:type="arc" xlink:arcrole="http://xbrl.org/arcrole/2014/definition-node-subtree" xlink:from="dnb_c41" xlink:to="dnb_c44" order="3" />
    <table:definitionNodeSubtreeArc xlink:type="arc" xlink:arcrole="http://xbrl.org/arcrole/2014/definition-node-subtree" xlink:from="dnb_c36" xlink:to="dnb_c41" order="3" />
    <table:ruleNode xlink:type="resource" xlink:label="dnb_c45" id="dnb_c45">
      <formula:explicitDimension dimension="dnb_dim:ftk_dim003">
        <formula:member>
          <formula:qname>dnb_ftk_dom003:mem001</formula:qname>
        </formula:member>
      </formula:explicitDimension>
      <formula:explicitDimension dimension="dnb_dim:ftk_dim004">
        <formula:member>
          <formula:qname>dnb_ftk_dom004:mem072</formula:qname>
        </formula:member>
      </formula:explicitDimension>
    </table:ruleNode>
    <table:definitionNodeSubtreeArc xlink:type="arc" xlink:arcrole="http://xbrl.org/arcrole/2014/definition-node-subtree" xlink:from="dnb_c36" xlink:to="dnb_c45" order="4" />
    <table:ruleNode xlink:type="resource" xlink:label="dnb_c46" id="dnb_c46">
      <formula:explicitDimension dimension="dnb_dim:ftk_dim003">
        <formula:member>
          <formula:qname>dnb_ftk_dom003:mem001</formula:qname>
        </formula:member>
      </formula:explicitDimension>
      <formula:explicitDimension dimension="dnb_dim:ftk_dim004">
        <formula:member>
          <formula:qname>dnb_ftk_dom004:mem073</formula:qname>
        </formula:member>
      </formula:explicitDimension>
    </table:ruleNode>
    <table:definitionNodeSubtreeArc xlink:type="arc" xlink:arcrole="http://xbrl.org/arcrole/2014/definition-node-subtree" xlink:from="dnb_c36" xlink:to="dnb_c46" order="5" />
    <table:ruleNode xlink:type="resource" xlink:label="dnb_c47" id="dnb_c47">
      <formula:explicitDimension dimension="dnb_dim:ftk_dim003">
        <formula:member>
          <formula:qname>dnb_ftk_dom003:mem001</formula:qname>
        </formula:member>
      </formula:explicitDimension>
      <formula:explicitDimension dimension="dnb_dim:ftk_dim004">
        <formula:member>
          <formula:qname>dnb_ftk_dom004:mem069</formula:qname>
        </formula:member>
      </formula:explicitDimension>
    </table:ruleNode>
    <table:definitionNodeSubtreeArc xlink:type="arc" xlink:arcrole="http://xbrl.org/arcrole/2014/definition-node-subtree" xlink:from="dnb_c36" xlink:to="dnb_c47" order="6" />
    <table:definitionNodeSubtreeArc xlink:type="arc" xlink:arcrole="http://xbrl.org/arcrole/2014/definition-node-subtree" xlink:from="dnb_a2.root" xlink:to="dnb_c36" order="2" />
    <table:tableBreakdownArc xlink:type="arc" xlink:arcrole="http://xbrl.org/arcrole/2014/table-breakdown" xlink:from="dnb_tJ301-1" xlink:to="dnb_a2" axis="y" order="2" />
  </gen:link>
</link:linkbase>