﻿<?xml version="1.0" encoding="utf-8"?>
<!--© DNB-->
<link:linkbase xmlns:xsi="http://www.w3.org/2001/XMLSchema-instance" xmlns:xlink="http://www.w3.org/1999/xlink" xmlns:link="http://www.xbrl.org/2003/linkbase" xsi:schemaLocation="http://www.xbrl.org/2003/linkbase http://www.xbrl.org/2003/xbrl-linkbase-2003-12-31.xsd">
  <link:labelLink xlink:type="extended" xlink:role="http://www.xbrl.org/2003/role/link">
    <link:loc xlink:type="locator" xlink:href="mem.xsd#dnb_mem000" xlink:label="loc_dnb_mem000" />
    <link:label xlink:type="resource" xlink:label="label_dnb_mem000" xml:lang="en" xlink:role="http://www.xbrl.org/2003/role/label">Not applicable / All or Total</link:label>
    <link:labelArc xlink:type="arc" xlink:arcrole="http://www.xbrl.org/2003/arcrole/concept-label" xlink:from="loc_dnb_mem000" xlink:to="label_dnb_mem000" />
    <link:label xlink:type="resource" xlink:label="label_dnb_mem000_2" xml:lang="en" xlink:role="http://www.xbrl.org/2003/role/documentation">NAP-ALL-TOT</link:label>
    <link:labelArc xlink:type="arc" xlink:arcrole="http://www.xbrl.org/2003/arcrole/concept-label" xlink:from="loc_dnb_mem000" xlink:to="label_dnb_mem000_2" />
    <link:loc xlink:type="locator" xlink:href="mem.xsd#dnb_mem001" xlink:label="loc_dnb_mem001" />
    <link:label xlink:type="resource" xlink:label="label_dnb_mem001" xml:lang="en" xlink:role="http://www.xbrl.org/2003/role/label">Credit default swaps</link:label>
    <link:labelArc xlink:type="arc" xlink:arcrole="http://www.xbrl.org/2003/arcrole/concept-label" xlink:from="loc_dnb_mem001" xlink:to="label_dnb_mem001" />
    <link:label xlink:type="resource" xlink:label="label_dnb_mem001_2" xml:lang="en" xlink:role="http://www.xbrl.org/2003/role/documentation">CRED-DEF-SWPS</link:label>
    <link:labelArc xlink:type="arc" xlink:arcrole="http://www.xbrl.org/2003/arcrole/concept-label" xlink:from="loc_dnb_mem001" xlink:to="label_dnb_mem001_2" />
    <link:loc xlink:type="locator" xlink:href="mem.xsd#dnb_mem002" xlink:label="loc_dnb_mem002" />
    <link:label xlink:type="resource" xlink:label="label_dnb_mem002" xml:lang="en" xlink:role="http://www.xbrl.org/2003/role/label">Forwards</link:label>
    <link:labelArc xlink:type="arc" xlink:arcrole="http://www.xbrl.org/2003/arcrole/concept-label" xlink:from="loc_dnb_mem002" xlink:to="label_dnb_mem002" />
    <link:label xlink:type="resource" xlink:label="label_dnb_mem002_2" xml:lang="en" xlink:role="http://www.xbrl.org/2003/role/documentation">FORWARDS</link:label>
    <link:labelArc xlink:type="arc" xlink:arcrole="http://www.xbrl.org/2003/arcrole/concept-label" xlink:from="loc_dnb_mem002" xlink:to="label_dnb_mem002_2" />
    <link:loc xlink:type="locator" xlink:href="mem.xsd#dnb_mem003" xlink:label="loc_dnb_mem003" />
    <link:label xlink:type="resource" xlink:label="label_dnb_mem003" xml:lang="en" xlink:role="http://www.xbrl.org/2003/role/label">Options</link:label>
    <link:labelArc xlink:type="arc" xlink:arcrole="http://www.xbrl.org/2003/arcrole/concept-label" xlink:from="loc_dnb_mem003" xlink:to="label_dnb_mem003" />
    <link:label xlink:type="resource" xlink:label="label_dnb_mem003_2" xml:lang="en" xlink:role="http://www.xbrl.org/2003/role/documentation">OPTIONS</link:label>
    <link:labelArc xlink:type="arc" xlink:arcrole="http://www.xbrl.org/2003/arcrole/concept-label" xlink:from="loc_dnb_mem003" xlink:to="label_dnb_mem003_2" />
    <link:loc xlink:type="locator" xlink:href="mem.xsd#dnb_mem004" xlink:label="loc_dnb_mem004" />
    <link:label xlink:type="resource" xlink:label="label_dnb_mem004" xml:lang="en" xlink:role="http://www.xbrl.org/2003/role/label">Other products</link:label>
    <link:labelArc xlink:type="arc" xlink:arcrole="http://www.xbrl.org/2003/arcrole/concept-label" xlink:from="loc_dnb_mem004" xlink:to="label_dnb_mem004" />
    <link:label xlink:type="resource" xlink:label="label_dnb_mem004_2" xml:lang="en" xlink:role="http://www.xbrl.org/2003/role/documentation">OTHR-PROD</link:label>
    <link:labelArc xlink:type="arc" xlink:arcrole="http://www.xbrl.org/2003/arcrole/concept-label" xlink:from="loc_dnb_mem004" xlink:to="label_dnb_mem004_2" />
    <link:loc xlink:type="locator" xlink:href="mem.xsd#dnb_mem005" xlink:label="loc_dnb_mem005" />
    <link:label xlink:type="resource" xlink:label="label_dnb_mem005" xml:lang="en" xlink:role="http://www.xbrl.org/2003/role/label">Swaps</link:label>
    <link:labelArc xlink:type="arc" xlink:arcrole="http://www.xbrl.org/2003/arcrole/concept-label" xlink:from="loc_dnb_mem005" xlink:to="label_dnb_mem005" />
    <link:label xlink:type="resource" xlink:label="label_dnb_mem005_2" xml:lang="en" xlink:role="http://www.xbrl.org/2003/role/documentation">SWPS</link:label>
    <link:labelArc xlink:type="arc" xlink:arcrole="http://www.xbrl.org/2003/arcrole/concept-label" xlink:from="loc_dnb_mem005" xlink:to="label_dnb_mem005_2" />
    <link:loc xlink:type="locator" xlink:href="mem.xsd#dnb_mem006" xlink:label="loc_dnb_mem006" />
    <link:label xlink:type="resource" xlink:label="label_dnb_mem006" xml:lang="en" xlink:role="http://www.xbrl.org/2003/role/label">Multi-name instruments</link:label>
    <link:labelArc xlink:type="arc" xlink:arcrole="http://www.xbrl.org/2003/arcrole/concept-label" xlink:from="loc_dnb_mem006" xlink:to="label_dnb_mem006" />
    <link:label xlink:type="resource" xlink:label="label_dnb_mem006_2" xml:lang="en" xlink:role="http://www.xbrl.org/2003/role/documentation">M-NM-INSTR</link:label>
    <link:labelArc xlink:type="arc" xlink:arcrole="http://www.xbrl.org/2003/arcrole/concept-label" xlink:from="loc_dnb_mem006" xlink:to="label_dnb_mem006_2" />
    <link:loc xlink:type="locator" xlink:href="mem.xsd#dnb_mem007" xlink:label="loc_dnb_mem007" />
    <link:label xlink:type="resource" xlink:label="label_dnb_mem007" xml:lang="en" xlink:role="http://www.xbrl.org/2003/role/label">Multi-name instruments, index products</link:label>
    <link:labelArc xlink:type="arc" xlink:arcrole="http://www.xbrl.org/2003/arcrole/concept-label" xlink:from="loc_dnb_mem007" xlink:to="label_dnb_mem007" />
    <link:label xlink:type="resource" xlink:label="label_dnb_mem007_2" xml:lang="en" xlink:role="http://www.xbrl.org/2003/role/documentation">M-NM-INSTR-IPRD</link:label>
    <link:labelArc xlink:type="arc" xlink:arcrole="http://www.xbrl.org/2003/arcrole/concept-label" xlink:from="loc_dnb_mem007" xlink:to="label_dnb_mem007_2" />
    <link:loc xlink:type="locator" xlink:href="mem.xsd#dnb_mem008" xlink:label="loc_dnb_mem008" />
    <link:label xlink:type="resource" xlink:label="label_dnb_mem008" xml:lang="en" xlink:role="http://www.xbrl.org/2003/role/label">Single-name instruments</link:label>
    <link:labelArc xlink:type="arc" xlink:arcrole="http://www.xbrl.org/2003/arcrole/concept-label" xlink:from="loc_dnb_mem008" xlink:to="label_dnb_mem008" />
    <link:label xlink:type="resource" xlink:label="label_dnb_mem008_2" xml:lang="en" xlink:role="http://www.xbrl.org/2003/role/documentation">S-NM-INSTR</link:label>
    <link:labelArc xlink:type="arc" xlink:arcrole="http://www.xbrl.org/2003/arcrole/concept-label" xlink:from="loc_dnb_mem008" xlink:to="label_dnb_mem008_2" />
  </link:labelLink>
</link:linkbase>