<ns0:linkbase xmlns:ns0="http://www.xbrl.org/2003/linkbase" xmlns:ns2="http://www.w3.org/1999/xlink" xmlns:ns3="http://xbrl.org/2005/xbrldt" xmlns:xsi="http://www.w3.org/2001/XMLSchema-instance" xsi:schemaLocation="http://www.xbrl.org/2003/linkbase http://www.xbrl.org/2003/xbrl-linkbase-2003-12-31.xsd">
    <ns0:roleRef roleURI="http://ferc.gov/form/2020-01-01/roles/Schedule/F1F/StatementOfCashFlowsSequenceOtherItemsforInvestingCashFlows" ns2:href="form-1F-sched-StatementOfCashFlows_2020-01-01.xsd#roleType_StatementOfCashFlowsSequenceOtherItemsforInvestingCashFlows" ns2:type="simple" />
    <ns0:roleRef roleURI="http://ferc.gov/form/2020-01-01/roles/Schedule/F1F/StatementOfCashFlowsSequenceOtherAdjustmentsByOutsideForvestoFinancingCashFlows" ns2:href="form-1F-sched-StatementOfCashFlows_2020-01-01.xsd#roleType_StatementOfCashFlowsSequenceOtherAdjustmentsByOutsideForvestoFinancingCashFlows" ns2:type="simple" />
    <ns0:roleRef roleURI="http://ferc.gov/form/2020-01-01/roles/Schedule/F1F/StatementOfCashFlows" ns2:href="form-1F-sched-StatementOfCashFlows_2020-01-01.xsd#roleType_StatementOfCashFlows" ns2:type="simple" />
    <ns0:arcroleRef arcroleURI="http://xbrl.org/int/dim/arcrole/dimension-domain" ns2:href="http://www.xbrl.org/2005/xbrldt-2005.xsd#dimension-domain" ns2:type="simple" />
    <ns0:roleRef roleURI="http://ferc.gov/form/2020-01-01/roles/Schedule/F1F/StatementOfCashFlowsSequenceOtherAdjustmentstoOperatingCashFlows" ns2:href="form-1F-sched-StatementOfCashFlows_2020-01-01.xsd#roleType_StatementOfCashFlowsSequenceOtherAdjustmentstoOperatingCashFlows" ns2:type="simple" />
    <ns0:arcroleRef arcroleURI="http://xbrl.org/int/dim/arcrole/dimension-default" ns2:href="http://www.xbrl.org/2005/xbrldt-2005.xsd#dimension-default" ns2:type="simple" />
    <ns0:arcroleRef arcroleURI="http://xbrl.org/int/dim/arcrole/hypercube-dimension" ns2:href="http://www.xbrl.org/2005/xbrldt-2005.xsd#hypercube-dimension" ns2:type="simple" />
    <ns0:roleRef roleURI="http://ferc.gov/form/2020-01-01/roles/Schedule/F1F/StatementOfCashFlowsSequenceOtherOperatingCashFlows" ns2:href="form-1F-sched-StatementOfCashFlows_2020-01-01.xsd#roleType_StatementOfCashFlowsSequenceOtherOperatingCashFlows" ns2:type="simple" />
    <ns0:roleRef roleURI="http://ferc.gov/form/2020-01-01/roles/Schedule/F1F/StatementOfCashFlowsSequenceOtherAdjustmentstoInvestingCashFlows" ns2:href="form-1F-sched-StatementOfCashFlows_2020-01-01.xsd#roleType_StatementOfCashFlowsSequenceOtherAdjustmentstoInvestingCashFlows" ns2:type="simple" />
    <ns0:roleRef roleURI="http://ferc.gov/form/2020-01-01/roles/Schedule/F1F/StatementOfCashFlowsSequenceOtherRetirementsImpactingCashFlows" ns2:href="form-1F-sched-StatementOfCashFlows_2020-01-01.xsd#roleType_StatementOfCashFlowsSequenceOtherRetirementsImpactingCashFlows" ns2:type="simple" />
    <ns0:roleRef roleURI="http://ferc.gov/form/2020-01-01/roles/Schedule/F1F/StatementOfCashFlowsSequenceOtherAdjustmentstoFinancingCashFlows" ns2:href="form-1F-sched-StatementOfCashFlows_2020-01-01.xsd#roleType_StatementOfCashFlowsSequenceOtherAdjustmentstoFinancingCashFlows" ns2:type="simple" />
    <ns0:arcroleRef arcroleURI="http://xbrl.org/int/dim/arcrole/all" ns2:href="http://www.xbrl.org/2005/xbrldt-2005.xsd#all" ns2:type="simple" />
    <ns0:arcroleRef arcroleURI="http://xbrl.org/int/dim/arcrole/domain-member" ns2:href="http://www.xbrl.org/2005/xbrldt-2005.xsd#domain-member" ns2:type="simple" />
    <ns0:definitionLink ns2:role="http://ferc.gov/form/2020-01-01/roles/Schedule/F1F/StatementOfCashFlows" ns2:type="extended">
        <ns0:loc ns2:href="../../ferc-core_2020-01-01.xsd#ferc_ScheduleStatementOfCashFlowsAbstract" ns2:label="ferc_ScheduleStatementOfCashFlowsAbstract" ns2:type="locator" />
        <ns0:loc ns2:href="../../ferc-core_2020-01-01.xsd#ferc_CashFlowLineItems" ns2:label="ferc_CashFlowLineItems" ns2:type="locator" />
        <ns0:definitionArc order="1" ns2:arcrole="http://xbrl.org/int/dim/arcrole/domain-member" ns2:from="ferc_ScheduleStatementOfCashFlowsAbstract" ns2:to="ferc_CashFlowLineItems" ns2:type="arc" />
        <ns0:loc ns2:href="../../ferc-core_2020-01-01.xsd#ferc_CashFlowTable" ns2:label="ferc_CashFlowTable" ns2:type="locator" />
        <ns0:definitionArc order="1" ns2:arcrole="http://xbrl.org/int/dim/arcrole/all" ns2:from="ferc_CashFlowLineItems" ns2:to="ferc_CashFlowTable" ns2:type="arc" ns3:closed="true" ns3:contextElement="segment" />
        <ns0:loc ns2:href="../../ferc-core_2020-01-01.xsd#ferc_NetCashFlowFromOperatingActivitiesAbstract" ns2:label="ferc_NetCashFlowFromOperatingActivitiesAbstract" ns2:type="locator" />
        <ns0:definitionArc order="2" ns2:arcrole="http://xbrl.org/int/dim/arcrole/domain-member" ns2:from="ferc_CashFlowLineItems" ns2:to="ferc_NetCashFlowFromOperatingActivitiesAbstract" ns2:type="arc" />
        <ns0:loc ns2:href="../../ferc-core_2020-01-01.xsd#ferc_NetIncomeLoss" ns2:label="ferc_NetIncomeLoss" ns2:type="locator" />
        <ns0:definitionArc order="1" ns2:arcrole="http://xbrl.org/int/dim/arcrole/domain-member" ns2:from="ferc_NetCashFlowFromOperatingActivitiesAbstract" ns2:to="ferc_NetIncomeLoss" ns2:type="arc" />
        <ns0:loc ns2:href="../../ferc-core_2020-01-01.xsd#ferc_NoncashChargesCreditsToIncomeAbstract" ns2:label="ferc_NoncashChargesCreditsToIncomeAbstract" ns2:type="locator" />
        <ns0:definitionArc order="2" ns2:arcrole="http://xbrl.org/int/dim/arcrole/domain-member" ns2:from="ferc_NetCashFlowFromOperatingActivitiesAbstract" ns2:to="ferc_NoncashChargesCreditsToIncomeAbstract" ns2:type="arc" />
        <ns0:loc ns2:href="../../ferc-core_2020-01-01.xsd#ferc_DepreciationAndDepletion" ns2:label="ferc_DepreciationAndDepletion" ns2:type="locator" />
        <ns0:definitionArc order="1" ns2:arcrole="http://xbrl.org/int/dim/arcrole/domain-member" ns2:from="ferc_NoncashChargesCreditsToIncomeAbstract" ns2:to="ferc_DepreciationAndDepletion" ns2:type="arc" />
        <ns0:loc ns2:href="../../ferc-core_2020-01-01.xsd#ferc_NoncashAdjustmentsToCashFlowsFromOperatingActivities" ns2:label="ferc_NoncashAdjustmentsToCashFlowsFromOperatingActivities" ns2:type="locator" />
        <ns0:definitionArc order="2" ns2:arcrole="http://xbrl.org/int/dim/arcrole/domain-member" ns2:from="ferc_NoncashChargesCreditsToIncomeAbstract" ns2:to="ferc_NoncashAdjustmentsToCashFlowsFromOperatingActivities" ns2:type="arc" />
        <ns0:loc ns2:href="../../ferc-core_2020-01-01.xsd#ferc_DeferredIncomeTaxesNet" ns2:label="ferc_DeferredIncomeTaxesNet" ns2:type="locator" />
        <ns0:definitionArc order="3" ns2:arcrole="http://xbrl.org/int/dim/arcrole/domain-member" ns2:from="ferc_NoncashChargesCreditsToIncomeAbstract" ns2:to="ferc_DeferredIncomeTaxesNet" ns2:type="arc" />
        <ns0:loc ns2:href="../../ferc-core_2020-01-01.xsd#ferc_InvestmentTaxCreditAdjustmentsNet" ns2:label="ferc_InvestmentTaxCreditAdjustmentsNet" ns2:type="locator" />
        <ns0:definitionArc order="4" ns2:arcrole="http://xbrl.org/int/dim/arcrole/domain-member" ns2:from="ferc_NoncashChargesCreditsToIncomeAbstract" ns2:to="ferc_InvestmentTaxCreditAdjustmentsNet" ns2:type="arc" />
        <ns0:loc ns2:href="../../ferc-core_2020-01-01.xsd#ferc_NetIncreaseDecreaseInReceivablesOperatingActivities" ns2:label="ferc_NetIncreaseDecreaseInReceivablesOperatingActivities" ns2:type="locator" />
        <ns0:definitionArc order="5" ns2:arcrole="http://xbrl.org/int/dim/arcrole/domain-member" ns2:from="ferc_NoncashChargesCreditsToIncomeAbstract" ns2:to="ferc_NetIncreaseDecreaseInReceivablesOperatingActivities" ns2:type="arc" />
        <ns0:loc ns2:href="../../ferc-core_2020-01-01.xsd#ferc_NetIncreaseDecreaseInInventoryOperatingActivities" ns2:label="ferc_NetIncreaseDecreaseInInventoryOperatingActivities" ns2:type="locator" />
        <ns0:definitionArc order="6" ns2:arcrole="http://xbrl.org/int/dim/arcrole/domain-member" ns2:from="ferc_NoncashChargesCreditsToIncomeAbstract" ns2:to="ferc_NetIncreaseDecreaseInInventoryOperatingActivities" ns2:type="arc" />
        <ns0:loc ns2:href="../../ferc-core_2020-01-01.xsd#ferc_NetIncreaseDecreaseInAllowancesInventoryOperatingActivities" ns2:label="ferc_NetIncreaseDecreaseInAllowancesInventoryOperatingActivities" ns2:type="locator" />
        <ns0:definitionArc order="7" ns2:arcrole="http://xbrl.org/int/dim/arcrole/domain-member" ns2:from="ferc_NoncashChargesCreditsToIncomeAbstract" ns2:to="ferc_NetIncreaseDecreaseInAllowancesInventoryOperatingActivities" ns2:type="arc" />
        <ns0:loc ns2:href="../../ferc-core_2020-01-01.xsd#ferc_NetIncreaseDecreaseInPayablesAndAccruedExpensesOperatingActivities" ns2:label="ferc_NetIncreaseDecreaseInPayablesAndAccruedExpensesOperatingActivities" ns2:type="locator" />
        <ns0:definitionArc order="8" ns2:arcrole="http://xbrl.org/int/dim/arcrole/domain-member" ns2:from="ferc_NoncashChargesCreditsToIncomeAbstract" ns2:to="ferc_NetIncreaseDecreaseInPayablesAndAccruedExpensesOperatingActivities" ns2:type="arc" />
        <ns0:loc ns2:href="../../ferc-core_2020-01-01.xsd#ferc_NetIncreaseDecreaseInOtherRegulatoryAssetsOperatingActivities" ns2:label="ferc_NetIncreaseDecreaseInOtherRegulatoryAssetsOperatingActivities" ns2:type="locator" />
        <ns0:definitionArc order="9" ns2:arcrole="http://xbrl.org/int/dim/arcrole/domain-member" ns2:from="ferc_NoncashChargesCreditsToIncomeAbstract" ns2:to="ferc_NetIncreaseDecreaseInOtherRegulatoryAssetsOperatingActivities" ns2:type="arc" />
        <ns0:loc ns2:href="../../ferc-core_2020-01-01.xsd#ferc_NetIncreaseDecreaseInOtherRegulatoryLiabilitiesOperatingActivities" ns2:label="ferc_NetIncreaseDecreaseInOtherRegulatoryLiabilitiesOperatingActivities" ns2:type="locator" />
        <ns0:definitionArc order="10" ns2:arcrole="http://xbrl.org/int/dim/arcrole/domain-member" ns2:from="ferc_NoncashChargesCreditsToIncomeAbstract" ns2:to="ferc_NetIncreaseDecreaseInOtherRegulatoryLiabilitiesOperatingActivities" ns2:type="arc" />
        <ns0:loc ns2:href="../../ferc-core_2020-01-01.xsd#ferc_AllowanceForOtherFundsUsedDuringConstructionOperatingActivities" ns2:label="ferc_AllowanceForOtherFundsUsedDuringConstructionOperatingActivities" ns2:type="locator" />
        <ns0:definitionArc order="11" ns2:arcrole="http://xbrl.org/int/dim/arcrole/domain-member" ns2:from="ferc_NoncashChargesCreditsToIncomeAbstract" ns2:to="ferc_AllowanceForOtherFundsUsedDuringConstructionOperatingActivities" ns2:type="arc" />
        <ns0:loc ns2:href="../../ferc-core_2020-01-01.xsd#ferc_UndistributedEarningsFromSubsidiaryCompaniesOperatingActivities" ns2:label="ferc_UndistributedEarningsFromSubsidiaryCompaniesOperatingActivities" ns2:type="locator" />
        <ns0:definitionArc order="12" ns2:arcrole="http://xbrl.org/int/dim/arcrole/domain-member" ns2:from="ferc_NoncashChargesCreditsToIncomeAbstract" ns2:to="ferc_UndistributedEarningsFromSubsidiaryCompaniesOperatingActivities" ns2:type="arc" />
        <ns0:loc ns2:href="../../ferc-core_2020-01-01.xsd#ferc_OtherAdjustmentsToCashFlowsFromOperatingActivities" ns2:label="ferc_OtherAdjustmentsToCashFlowsFromOperatingActivities" ns2:type="locator" />
        <ns0:definitionArc order="13" ns2:arcrole="http://xbrl.org/int/dim/arcrole/domain-member" ns2:from="ferc_NoncashChargesCreditsToIncomeAbstract" ns2:to="ferc_OtherAdjustmentsToCashFlowsFromOperatingActivities" ns2:type="arc" />
        <ns0:loc ns2:href="../../ferc-core_2020-01-01.xsd#ferc_NetCashFlowFromOperatingActivities" ns2:label="ferc_NetCashFlowFromOperatingActivities" ns2:type="locator" />
        <ns0:definitionArc order="3" ns2:arcrole="http://xbrl.org/int/dim/arcrole/domain-member" ns2:from="ferc_NetCashFlowFromOperatingActivitiesAbstract" ns2:to="ferc_NetCashFlowFromOperatingActivities" ns2:type="arc" />
        <ns0:loc ns2:href="../../ferc-core_2020-01-01.xsd#ferc_CashFlowsFromInvestmentActivitiesAbstract" ns2:label="ferc_CashFlowsFromInvestmentActivitiesAbstract" ns2:type="locator" />
        <ns0:definitionArc order="3" ns2:arcrole="http://xbrl.org/int/dim/arcrole/domain-member" ns2:from="ferc_CashFlowLineItems" ns2:to="ferc_CashFlowsFromInvestmentActivitiesAbstract" ns2:type="arc" />
        <ns0:loc ns2:href="../../ferc-core_2020-01-01.xsd#ferc_ConstructionAndAcquisitionOfPlantIncludingLandAbstract" ns2:label="ferc_ConstructionAndAcquisitionOfPlantIncludingLandAbstract" ns2:type="locator" />
        <ns0:definitionArc order="1" ns2:arcrole="http://xbrl.org/int/dim/arcrole/domain-member" ns2:from="ferc_CashFlowsFromInvestmentActivitiesAbstract" ns2:to="ferc_ConstructionAndAcquisitionOfPlantIncludingLandAbstract" ns2:type="arc" />
        <ns0:loc ns2:href="../../ferc-core_2020-01-01.xsd#ferc_GrossAdditionsToUtilityPlantLessNuclearFuelInvestingActivities" ns2:label="ferc_GrossAdditionsToUtilityPlantLessNuclearFuelInvestingActivities" ns2:type="locator" />
        <ns0:definitionArc order="1" ns2:arcrole="http://xbrl.org/int/dim/arcrole/domain-member" ns2:from="ferc_ConstructionAndAcquisitionOfPlantIncludingLandAbstract" ns2:to="ferc_GrossAdditionsToUtilityPlantLessNuclearFuelInvestingActivities" ns2:type="arc" />
        <ns0:loc ns2:href="../../ferc-core_2020-01-01.xsd#ferc_GrossAdditionsToNuclearFuelInvestingActivities" ns2:label="ferc_GrossAdditionsToNuclearFuelInvestingActivities" ns2:type="locator" />
        <ns0:definitionArc order="2" ns2:arcrole="http://xbrl.org/int/dim/arcrole/domain-member" ns2:from="ferc_ConstructionAndAcquisitionOfPlantIncludingLandAbstract" ns2:to="ferc_GrossAdditionsToNuclearFuelInvestingActivities" ns2:type="arc" />
        <ns0:loc ns2:href="../../ferc-core_2020-01-01.xsd#ferc_GrossAdditionsToCommonUtilityPlantInvestingActivities" ns2:label="ferc_GrossAdditionsToCommonUtilityPlantInvestingActivities" ns2:type="locator" />
        <ns0:definitionArc order="3" ns2:arcrole="http://xbrl.org/int/dim/arcrole/domain-member" ns2:from="ferc_ConstructionAndAcquisitionOfPlantIncludingLandAbstract" ns2:to="ferc_GrossAdditionsToCommonUtilityPlantInvestingActivities" ns2:type="arc" />
        <ns0:loc ns2:href="../../ferc-core_2020-01-01.xsd#ferc_GrossAdditionsToNonutilityPlantInvestingActivities" ns2:label="ferc_GrossAdditionsToNonutilityPlantInvestingActivities" ns2:type="locator" />
        <ns0:definitionArc order="4" ns2:arcrole="http://xbrl.org/int/dim/arcrole/domain-member" ns2:from="ferc_ConstructionAndAcquisitionOfPlantIncludingLandAbstract" ns2:to="ferc_GrossAdditionsToNonutilityPlantInvestingActivities" ns2:type="arc" />
        <ns0:loc ns2:href="../../ferc-core_2020-01-01.xsd#ferc_AllowanceForOtherFundsUsedDuringConstructionInvestingActivities" ns2:label="ferc_AllowanceForOtherFundsUsedDuringConstructionInvestingActivities" ns2:type="locator" />
        <ns0:definitionArc order="5" ns2:arcrole="http://xbrl.org/int/dim/arcrole/domain-member" ns2:from="ferc_ConstructionAndAcquisitionOfPlantIncludingLandAbstract" ns2:to="ferc_AllowanceForOtherFundsUsedDuringConstructionInvestingActivities" ns2:type="arc" />
        <ns0:loc ns2:href="../../ferc-core_2020-01-01.xsd#ferc_OtherConstructionAndAcquisitionOfPlantInvestmentActivities" ns2:label="ferc_OtherConstructionAndAcquisitionOfPlantInvestmentActivities" ns2:type="locator" />
        <ns0:definitionArc order="6" ns2:arcrole="http://xbrl.org/int/dim/arcrole/domain-member" ns2:from="ferc_ConstructionAndAcquisitionOfPlantIncludingLandAbstract" ns2:to="ferc_OtherConstructionAndAcquisitionOfPlantInvestmentActivities" ns2:type="arc" />
        <ns0:loc ns2:href="../../ferc-core_2020-01-01.xsd#ferc_CashOutflowsForPlant" ns2:label="ferc_CashOutflowsForPlant" ns2:type="locator" />
        <ns0:definitionArc order="7" ns2:arcrole="http://xbrl.org/int/dim/arcrole/domain-member" ns2:from="ferc_ConstructionAndAcquisitionOfPlantIncludingLandAbstract" ns2:to="ferc_CashOutflowsForPlant" ns2:type="arc" />
        <ns0:loc ns2:href="../../ferc-core_2020-01-01.xsd#ferc_AcquisitionOfOtherNoncurrentAssets" ns2:label="ferc_AcquisitionOfOtherNoncurrentAssets" ns2:type="locator" />
        <ns0:definitionArc order="2" ns2:arcrole="http://xbrl.org/int/dim/arcrole/domain-member" ns2:from="ferc_CashFlowsFromInvestmentActivitiesAbstract" ns2:to="ferc_AcquisitionOfOtherNoncurrentAssets" ns2:type="arc" />
        <ns0:loc ns2:href="../../ferc-core_2020-01-01.xsd#ferc_ProceedsFromDisposalOfNoncurrentAssets" ns2:label="ferc_ProceedsFromDisposalOfNoncurrentAssets" ns2:type="locator" />
        <ns0:definitionArc order="3" ns2:arcrole="http://xbrl.org/int/dim/arcrole/domain-member" ns2:from="ferc_CashFlowsFromInvestmentActivitiesAbstract" ns2:to="ferc_ProceedsFromDisposalOfNoncurrentAssets" ns2:type="arc" />
        <ns0:loc ns2:href="../../ferc-core_2020-01-01.xsd#ferc_InvestmentsInAndAdvancesToAssociatedAndSubsidiaryCompanies" ns2:label="ferc_InvestmentsInAndAdvancesToAssociatedAndSubsidiaryCompanies" ns2:type="locator" />
        <ns0:definitionArc order="4" ns2:arcrole="http://xbrl.org/int/dim/arcrole/domain-member" ns2:from="ferc_CashFlowsFromInvestmentActivitiesAbstract" ns2:to="ferc_InvestmentsInAndAdvancesToAssociatedAndSubsidiaryCompanies" ns2:type="arc" />
        <ns0:loc ns2:href="../../ferc-core_2020-01-01.xsd#ferc_ContributionsAndAdvancesFromAssociatedAndSubsidiaryCompanies" ns2:label="ferc_ContributionsAndAdvancesFromAssociatedAndSubsidiaryCompanies" ns2:type="locator" />
        <ns0:definitionArc order="5" ns2:arcrole="http://xbrl.org/int/dim/arcrole/domain-member" ns2:from="ferc_CashFlowsFromInvestmentActivitiesAbstract" ns2:to="ferc_ContributionsAndAdvancesFromAssociatedAndSubsidiaryCompanies" ns2:type="arc" />
        <ns0:loc ns2:href="../../ferc-core_2020-01-01.xsd#ferc_DispositionOfInvestmentsInAndAdvancesToAssociatedAndSubsidiaryCompanies" ns2:label="ferc_DispositionOfInvestmentsInAndAdvancesToAssociatedAndSubsidiaryCompanies" ns2:type="locator" />
        <ns0:definitionArc order="6" ns2:arcrole="http://xbrl.org/int/dim/arcrole/domain-member" ns2:from="ferc_CashFlowsFromInvestmentActivitiesAbstract" ns2:to="ferc_DispositionOfInvestmentsInAndAdvancesToAssociatedAndSubsidiaryCompanies" ns2:type="arc" />
        <ns0:loc ns2:href="../../ferc-core_2020-01-01.xsd#ferc_PurchaseOfInvestmentSecurities" ns2:label="ferc_PurchaseOfInvestmentSecurities" ns2:type="locator" />
        <ns0:definitionArc order="7" ns2:arcrole="http://xbrl.org/int/dim/arcrole/domain-member" ns2:from="ferc_CashFlowsFromInvestmentActivitiesAbstract" ns2:to="ferc_PurchaseOfInvestmentSecurities" ns2:type="arc" />
        <ns0:loc ns2:href="../../ferc-core_2020-01-01.xsd#ferc_ProceedsFromSalesOfInvestmentSecurities" ns2:label="ferc_ProceedsFromSalesOfInvestmentSecurities" ns2:type="locator" />
        <ns0:definitionArc order="8" ns2:arcrole="http://xbrl.org/int/dim/arcrole/domain-member" ns2:from="ferc_CashFlowsFromInvestmentActivitiesAbstract" ns2:to="ferc_ProceedsFromSalesOfInvestmentSecurities" ns2:type="arc" />
        <ns0:loc ns2:href="../../ferc-core_2020-01-01.xsd#ferc_LoansMadeOrPurchased" ns2:label="ferc_LoansMadeOrPurchased" ns2:type="locator" />
        <ns0:definitionArc order="9" ns2:arcrole="http://xbrl.org/int/dim/arcrole/domain-member" ns2:from="ferc_CashFlowsFromInvestmentActivitiesAbstract" ns2:to="ferc_LoansMadeOrPurchased" ns2:type="arc" />
        <ns0:loc ns2:href="../../ferc-core_2020-01-01.xsd#ferc_CollectionsOnLoans" ns2:label="ferc_CollectionsOnLoans" ns2:type="locator" />
        <ns0:definitionArc order="10" ns2:arcrole="http://xbrl.org/int/dim/arcrole/domain-member" ns2:from="ferc_CashFlowsFromInvestmentActivitiesAbstract" ns2:to="ferc_CollectionsOnLoans" ns2:type="arc" />
        <ns0:loc ns2:href="../../ferc-core_2020-01-01.xsd#ferc_NetIncreaseDecreaseInReceivablesInvestingActivities" ns2:label="ferc_NetIncreaseDecreaseInReceivablesInvestingActivities" ns2:type="locator" />
        <ns0:definitionArc order="11" ns2:arcrole="http://xbrl.org/int/dim/arcrole/domain-member" ns2:from="ferc_CashFlowsFromInvestmentActivitiesAbstract" ns2:to="ferc_NetIncreaseDecreaseInReceivablesInvestingActivities" ns2:type="arc" />
        <ns0:loc ns2:href="../../ferc-core_2020-01-01.xsd#ferc_NetIncreaseDecreaseInInventoryInvestingActivities" ns2:label="ferc_NetIncreaseDecreaseInInventoryInvestingActivities" ns2:type="locator" />
        <ns0:definitionArc order="12" ns2:arcrole="http://xbrl.org/int/dim/arcrole/domain-member" ns2:from="ferc_CashFlowsFromInvestmentActivitiesAbstract" ns2:to="ferc_NetIncreaseDecreaseInInventoryInvestingActivities" ns2:type="arc" />
        <ns0:loc ns2:href="../../ferc-core_2020-01-01.xsd#ferc_NetIncreaseDecreaseInAllowancesHeldForSpeculationInvestingActivities" ns2:label="ferc_NetIncreaseDecreaseInAllowancesHeldForSpeculationInvestingActivities" ns2:type="locator" />
        <ns0:definitionArc order="13" ns2:arcrole="http://xbrl.org/int/dim/arcrole/domain-member" ns2:from="ferc_CashFlowsFromInvestmentActivitiesAbstract" ns2:to="ferc_NetIncreaseDecreaseInAllowancesHeldForSpeculationInvestingActivities" ns2:type="arc" />
        <ns0:loc ns2:href="../../ferc-core_2020-01-01.xsd#ferc_NetIncreaseDecreaseInPayablesAndAccruedExpensesInvestingActivities" ns2:label="ferc_NetIncreaseDecreaseInPayablesAndAccruedExpensesInvestingActivities" ns2:type="locator" />
        <ns0:definitionArc order="14" ns2:arcrole="http://xbrl.org/int/dim/arcrole/domain-member" ns2:from="ferc_CashFlowsFromInvestmentActivitiesAbstract" ns2:to="ferc_NetIncreaseDecreaseInPayablesAndAccruedExpensesInvestingActivities" ns2:type="arc" />
        <ns0:loc ns2:href="../../ferc-core_2020-01-01.xsd#ferc_OtherAdjustmentsToCashFlowsFromInvestmentActivities" ns2:label="ferc_OtherAdjustmentsToCashFlowsFromInvestmentActivities" ns2:type="locator" />
        <ns0:definitionArc order="15" ns2:arcrole="http://xbrl.org/int/dim/arcrole/domain-member" ns2:from="ferc_CashFlowsFromInvestmentActivitiesAbstract" ns2:to="ferc_OtherAdjustmentsToCashFlowsFromInvestmentActivities" ns2:type="arc" />
        <ns0:loc ns2:href="../../ferc-core_2020-01-01.xsd#ferc_CashFlowsProvidedFromUsedInInvestmentActivities" ns2:label="ferc_CashFlowsProvidedFromUsedInInvestmentActivities" ns2:type="locator" />
        <ns0:definitionArc order="16" ns2:arcrole="http://xbrl.org/int/dim/arcrole/domain-member" ns2:from="ferc_CashFlowsFromInvestmentActivitiesAbstract" ns2:to="ferc_CashFlowsProvidedFromUsedInInvestmentActivities" ns2:type="arc" />
        <ns0:loc ns2:href="../../ferc-core_2020-01-01.xsd#ferc_CashFlowsFromFinancingActivitiesAbstract" ns2:label="ferc_CashFlowsFromFinancingActivitiesAbstract" ns2:type="locator" />
        <ns0:definitionArc order="4" ns2:arcrole="http://xbrl.org/int/dim/arcrole/domain-member" ns2:from="ferc_CashFlowLineItems" ns2:to="ferc_CashFlowsFromFinancingActivitiesAbstract" ns2:type="arc" />
        <ns0:loc ns2:href="../../ferc-core_2020-01-01.xsd#ferc_ProceedsFromIssuanceAbstract" ns2:label="ferc_ProceedsFromIssuanceAbstract" ns2:type="locator" />
        <ns0:definitionArc order="1" ns2:arcrole="http://xbrl.org/int/dim/arcrole/domain-member" ns2:from="ferc_CashFlowsFromFinancingActivitiesAbstract" ns2:to="ferc_ProceedsFromIssuanceAbstract" ns2:type="arc" />
        <ns0:loc ns2:href="../../ferc-core_2020-01-01.xsd#ferc_ProceedsFromIssuanceOfLongTermDebtFinancingActivities" ns2:label="ferc_ProceedsFromIssuanceOfLongTermDebtFinancingActivities" ns2:type="locator" />
        <ns0:definitionArc order="1" ns2:arcrole="http://xbrl.org/int/dim/arcrole/domain-member" ns2:from="ferc_ProceedsFromIssuanceAbstract" ns2:to="ferc_ProceedsFromIssuanceOfLongTermDebtFinancingActivities" ns2:type="arc" />
        <ns0:loc ns2:href="../../ferc-core_2020-01-01.xsd#ferc_ProceedsFromIssuanceOfPreferredStockFinancingActivities" ns2:label="ferc_ProceedsFromIssuanceOfPreferredStockFinancingActivities" ns2:type="locator" />
        <ns0:definitionArc order="2" ns2:arcrole="http://xbrl.org/int/dim/arcrole/domain-member" ns2:from="ferc_ProceedsFromIssuanceAbstract" ns2:to="ferc_ProceedsFromIssuanceOfPreferredStockFinancingActivities" ns2:type="arc" />
        <ns0:loc ns2:href="../../ferc-core_2020-01-01.xsd#ferc_ProceedsFromIssuanceOfCommonStockFinancingActivities" ns2:label="ferc_ProceedsFromIssuanceOfCommonStockFinancingActivities" ns2:type="locator" />
        <ns0:definitionArc order="3" ns2:arcrole="http://xbrl.org/int/dim/arcrole/domain-member" ns2:from="ferc_ProceedsFromIssuanceAbstract" ns2:to="ferc_ProceedsFromIssuanceOfCommonStockFinancingActivities" ns2:type="arc" />
        <ns0:loc ns2:href="../../ferc-core_2020-01-01.xsd#ferc_OtherAdjustmentsToCashFlowsFromFinancingActivities" ns2:label="ferc_OtherAdjustmentsToCashFlowsFromFinancingActivities" ns2:type="locator" />
        <ns0:definitionArc order="4" ns2:arcrole="http://xbrl.org/int/dim/arcrole/domain-member" ns2:from="ferc_ProceedsFromIssuanceAbstract" ns2:to="ferc_OtherAdjustmentsToCashFlowsFromFinancingActivities" ns2:type="arc" />
        <ns0:loc ns2:href="../../ferc-core_2020-01-01.xsd#ferc_NetIncreaseInShortTermDebt" ns2:label="ferc_NetIncreaseInShortTermDebt" ns2:type="locator" />
        <ns0:definitionArc order="5" ns2:arcrole="http://xbrl.org/int/dim/arcrole/domain-member" ns2:from="ferc_ProceedsFromIssuanceAbstract" ns2:to="ferc_NetIncreaseInShortTermDebt" ns2:type="arc" />
        <ns0:loc ns2:href="../../ferc-core_2020-01-01.xsd#ferc_OtherAdjustmentsByOutsideSourcesToCashFlowsFromFinancingActivities" ns2:label="ferc_OtherAdjustmentsByOutsideSourcesToCashFlowsFromFinancingActivities" ns2:type="locator" />
        <ns0:definitionArc order="1" ns2:arcrole="http://xbrl.org/int/dim/arcrole/domain-member" ns2:from="ferc_NetIncreaseInShortTermDebt" ns2:to="ferc_OtherAdjustmentsByOutsideSourcesToCashFlowsFromFinancingActivities" ns2:type="arc" />
        <ns0:loc ns2:href="../../ferc-core_2020-01-01.xsd#ferc_CashProvidedByOutsideSources" ns2:label="ferc_CashProvidedByOutsideSources" ns2:type="locator" />
        <ns0:definitionArc order="6" ns2:arcrole="http://xbrl.org/int/dim/arcrole/domain-member" ns2:from="ferc_ProceedsFromIssuanceAbstract" ns2:to="ferc_CashProvidedByOutsideSources" ns2:type="arc" />
        <ns0:loc ns2:href="../../ferc-core_2020-01-01.xsd#ferc_PaymentsForRetirementAbstract" ns2:label="ferc_PaymentsForRetirementAbstract" ns2:type="locator" />
        <ns0:definitionArc order="2" ns2:arcrole="http://xbrl.org/int/dim/arcrole/domain-member" ns2:from="ferc_CashFlowsFromFinancingActivitiesAbstract" ns2:to="ferc_PaymentsForRetirementAbstract" ns2:type="arc" />
        <ns0:loc ns2:href="../../ferc-core_2020-01-01.xsd#ferc_PaymentsForRetirementOfLongTermDebtFinancingActivities" ns2:label="ferc_PaymentsForRetirementOfLongTermDebtFinancingActivities" ns2:type="locator" />
        <ns0:definitionArc order="1" ns2:arcrole="http://xbrl.org/int/dim/arcrole/domain-member" ns2:from="ferc_PaymentsForRetirementAbstract" ns2:to="ferc_PaymentsForRetirementOfLongTermDebtFinancingActivities" ns2:type="arc" />
        <ns0:loc ns2:href="../../ferc-core_2020-01-01.xsd#ferc_PaymentsForRetirementOfPreferredStockFinancingActivities" ns2:label="ferc_PaymentsForRetirementOfPreferredStockFinancingActivities" ns2:type="locator" />
        <ns0:definitionArc order="2" ns2:arcrole="http://xbrl.org/int/dim/arcrole/domain-member" ns2:from="ferc_PaymentsForRetirementAbstract" ns2:to="ferc_PaymentsForRetirementOfPreferredStockFinancingActivities" ns2:type="arc" />
        <ns0:loc ns2:href="../../ferc-core_2020-01-01.xsd#ferc_PaymentsForRetirementOfCommonStockFinancingActivities" ns2:label="ferc_PaymentsForRetirementOfCommonStockFinancingActivities" ns2:type="locator" />
        <ns0:definitionArc order="3" ns2:arcrole="http://xbrl.org/int/dim/arcrole/domain-member" ns2:from="ferc_PaymentsForRetirementAbstract" ns2:to="ferc_PaymentsForRetirementOfCommonStockFinancingActivities" ns2:type="arc" />
        <ns0:loc ns2:href="../../ferc-core_2020-01-01.xsd#ferc_OtherRetirementsOfBalancesImpactingCashFlowsFromFinancingActivities" ns2:label="ferc_OtherRetirementsOfBalancesImpactingCashFlowsFromFinancingActivities" ns2:type="locator" />
        <ns0:definitionArc order="4" ns2:arcrole="http://xbrl.org/int/dim/arcrole/domain-member" ns2:from="ferc_PaymentsForRetirementAbstract" ns2:to="ferc_OtherRetirementsOfBalancesImpactingCashFlowsFromFinancingActivities" ns2:type="arc" />
        <ns0:loc ns2:href="../../ferc-core_2020-01-01.xsd#ferc_NetDecreaseInShortTermDebt" ns2:label="ferc_NetDecreaseInShortTermDebt" ns2:type="locator" />
        <ns0:definitionArc order="5" ns2:arcrole="http://xbrl.org/int/dim/arcrole/domain-member" ns2:from="ferc_PaymentsForRetirementAbstract" ns2:to="ferc_NetDecreaseInShortTermDebt" ns2:type="arc" />
        <ns0:loc ns2:href="../../ferc-core_2020-01-01.xsd#ferc_DividendsOnPreferredStock" ns2:label="ferc_DividendsOnPreferredStock" ns2:type="locator" />
        <ns0:definitionArc order="6" ns2:arcrole="http://xbrl.org/int/dim/arcrole/domain-member" ns2:from="ferc_PaymentsForRetirementAbstract" ns2:to="ferc_DividendsOnPreferredStock" ns2:type="arc" />
        <ns0:loc ns2:href="../../ferc-core_2020-01-01.xsd#ferc_DividendsOnCommonStock" ns2:label="ferc_DividendsOnCommonStock" ns2:type="locator" />
        <ns0:definitionArc order="7" ns2:arcrole="http://xbrl.org/int/dim/arcrole/domain-member" ns2:from="ferc_PaymentsForRetirementAbstract" ns2:to="ferc_DividendsOnCommonStock" ns2:type="arc" />
        <ns0:loc ns2:href="../../ferc-core_2020-01-01.xsd#ferc_CashFlowsProvidedFromUsedInFinancingActivities" ns2:label="ferc_CashFlowsProvidedFromUsedInFinancingActivities" ns2:type="locator" />
        <ns0:definitionArc order="3" ns2:arcrole="http://xbrl.org/int/dim/arcrole/domain-member" ns2:from="ferc_CashFlowsFromFinancingActivitiesAbstract" ns2:to="ferc_CashFlowsProvidedFromUsedInFinancingActivities" ns2:type="arc" />
        <ns0:loc ns2:href="../../ferc-core_2020-01-01.xsd#ferc_NetIncreaseDecreaseInCashAndCashEquivalents" ns2:label="ferc_NetIncreaseDecreaseInCashAndCashEquivalents" ns2:type="locator" />
        <ns0:definitionArc order="5" ns2:arcrole="http://xbrl.org/int/dim/arcrole/domain-member" ns2:from="ferc_CashFlowLineItems" ns2:to="ferc_NetIncreaseDecreaseInCashAndCashEquivalents" ns2:type="arc" />
        <ns0:loc ns2:href="../../ferc-core_2020-01-01.xsd#ferc_CashAndCashEquivalents" ns2:label="ferc_CashAndCashEquivalents" ns2:type="locator" />
        <ns0:definitionArc order="6" ns2:arcrole="http://xbrl.org/int/dim/arcrole/domain-member" ns2:from="ferc_CashFlowLineItems" ns2:to="ferc_CashAndCashEquivalents" ns2:type="arc" />
    </ns0:definitionLink>
    <ns0:definitionLink ns2:role="http://ferc.gov/form/2020-01-01/roles/Schedule/F1F/StatementOfCashFlowsSequenceOtherOperatingCashFlows" ns2:type="extended">
        <ns0:loc ns2:href="../../ferc-core_2020-01-01.xsd#ferc_ScheduleStatementOfCashFlowsAbstract" ns2:label="ferc_ScheduleStatementOfCashFlowsAbstract" ns2:type="locator" />
        <ns0:loc ns2:href="../../ferc-core_2020-01-01.xsd#ferc_CashFlowLineItems" ns2:label="ferc_CashFlowLineItems" ns2:type="locator" />
        <ns0:definitionArc order="1" ns2:arcrole="http://xbrl.org/int/dim/arcrole/domain-member" ns2:from="ferc_ScheduleStatementOfCashFlowsAbstract" ns2:to="ferc_CashFlowLineItems" ns2:type="arc" />
        <ns0:loc ns2:href="../../ferc-core_2020-01-01.xsd#ferc_CashFlowTable" ns2:label="ferc_CashFlowTable" ns2:type="locator" />
        <ns0:definitionArc order="1" ns2:arcrole="http://xbrl.org/int/dim/arcrole/all" ns2:from="ferc_CashFlowLineItems" ns2:to="ferc_CashFlowTable" ns2:type="arc" ns3:closed="true" ns3:contextElement="segment" />
        <ns0:loc ns2:href="../../ferc-core_2020-01-01.xsd#ferc_NoncashAdjustmentsToCashFlowsFromOperatingActivitiesAxis" ns2:label="ferc_NoncashAdjustmentsToCashFlowsFromOperatingActivitiesAxis" ns2:type="locator" />
        <ns0:definitionArc order="1" ns2:arcrole="http://xbrl.org/int/dim/arcrole/hypercube-dimension" ns2:from="ferc_CashFlowTable" ns2:to="ferc_NoncashAdjustmentsToCashFlowsFromOperatingActivitiesAxis" ns2:type="arc" />
        <ns0:loc ns2:href="../../ferc-core_2020-01-01.xsd#ferc_OrderNumber" ns2:label="ferc_OrderNumber" ns2:type="locator" />
        <ns0:definitionArc order="2" ns2:arcrole="http://xbrl.org/int/dim/arcrole/domain-member" ns2:from="ferc_CashFlowLineItems" ns2:to="ferc_OrderNumber" ns2:type="arc" />
        <ns0:loc ns2:href="../../ferc-core_2020-01-01.xsd#ferc_NoncashAdjustmentsToCashFlowsFromOperatingActivities" ns2:label="ferc_NoncashAdjustmentsToCashFlowsFromOperatingActivities" ns2:type="locator" />
        <ns0:definitionArc order="3" ns2:arcrole="http://xbrl.org/int/dim/arcrole/domain-member" ns2:from="ferc_CashFlowLineItems" ns2:to="ferc_NoncashAdjustmentsToCashFlowsFromOperatingActivities" ns2:type="arc" />
        <ns0:loc ns2:href="../../ferc-core_2020-01-01.xsd#ferc_NoncashAdjustmentsToCashFlowsFromOperatingActivitiesDescription" ns2:label="ferc_NoncashAdjustmentsToCashFlowsFromOperatingActivitiesDescription" ns2:type="locator" />
        <ns0:definitionArc order="4" ns2:arcrole="http://xbrl.org/int/dim/arcrole/domain-member" ns2:from="ferc_CashFlowLineItems" ns2:to="ferc_NoncashAdjustmentsToCashFlowsFromOperatingActivitiesDescription" ns2:type="arc" />
    </ns0:definitionLink>
    <ns0:definitionLink ns2:role="http://ferc.gov/form/2020-01-01/roles/Schedule/F1F/StatementOfCashFlowsSequenceOtherAdjustmentstoOperatingCashFlows" ns2:type="extended">
        <ns0:loc ns2:href="../../ferc-core_2020-01-01.xsd#ferc_ScheduleStatementOfCashFlowsAbstract" ns2:label="ferc_ScheduleStatementOfCashFlowsAbstract" ns2:type="locator" />
        <ns0:loc ns2:href="../../ferc-core_2020-01-01.xsd#ferc_CashFlowLineItems" ns2:label="ferc_CashFlowLineItems" ns2:type="locator" />
        <ns0:definitionArc order="1" ns2:arcrole="http://xbrl.org/int/dim/arcrole/domain-member" ns2:from="ferc_ScheduleStatementOfCashFlowsAbstract" ns2:to="ferc_CashFlowLineItems" ns2:type="arc" />
        <ns0:loc ns2:href="../../ferc-core_2020-01-01.xsd#ferc_CashFlowTable" ns2:label="ferc_CashFlowTable" ns2:type="locator" />
        <ns0:definitionArc order="1" ns2:arcrole="http://xbrl.org/int/dim/arcrole/all" ns2:from="ferc_CashFlowLineItems" ns2:to="ferc_CashFlowTable" ns2:type="arc" ns3:closed="true" ns3:contextElement="segment" />
        <ns0:loc ns2:href="../../ferc-core_2020-01-01.xsd#ferc_OtherAdjustmentsToCashFlowsFromOperatingActivitiesAxis" ns2:label="ferc_OtherAdjustmentsToCashFlowsFromOperatingActivitiesAxis" ns2:type="locator" />
        <ns0:definitionArc order="1" ns2:arcrole="http://xbrl.org/int/dim/arcrole/hypercube-dimension" ns2:from="ferc_CashFlowTable" ns2:to="ferc_OtherAdjustmentsToCashFlowsFromOperatingActivitiesAxis" ns2:type="arc" />
        <ns0:loc ns2:href="../../ferc-core_2020-01-01.xsd#ferc_OrderNumber" ns2:label="ferc_OrderNumber" ns2:type="locator" />
        <ns0:definitionArc order="2" ns2:arcrole="http://xbrl.org/int/dim/arcrole/domain-member" ns2:from="ferc_CashFlowLineItems" ns2:to="ferc_OrderNumber" ns2:type="arc" />
        <ns0:loc ns2:href="../../ferc-core_2020-01-01.xsd#ferc_OtherAdjustmentsToCashFlowsFromOperatingActivities" ns2:label="ferc_OtherAdjustmentsToCashFlowsFromOperatingActivities" ns2:type="locator" />
        <ns0:definitionArc order="3" ns2:arcrole="http://xbrl.org/int/dim/arcrole/domain-member" ns2:from="ferc_CashFlowLineItems" ns2:to="ferc_OtherAdjustmentsToCashFlowsFromOperatingActivities" ns2:type="arc" />
        <ns0:loc ns2:href="../../ferc-core_2020-01-01.xsd#ferc_OtherAdjustmentsToCashFlowsFromOperatingActivitiesDescription" ns2:label="ferc_OtherAdjustmentsToCashFlowsFromOperatingActivitiesDescription" ns2:type="locator" />
        <ns0:definitionArc order="4" ns2:arcrole="http://xbrl.org/int/dim/arcrole/domain-member" ns2:from="ferc_CashFlowLineItems" ns2:to="ferc_OtherAdjustmentsToCashFlowsFromOperatingActivitiesDescription" ns2:type="arc" />
    </ns0:definitionLink>
    <ns0:definitionLink ns2:role="http://ferc.gov/form/2020-01-01/roles/Schedule/F1F/StatementOfCashFlowsSequenceOtherAdjustmentstoInvestingCashFlows" ns2:type="extended">
        <ns0:loc ns2:href="../../ferc-core_2020-01-01.xsd#ferc_ScheduleStatementOfCashFlowsAbstract" ns2:label="ferc_ScheduleStatementOfCashFlowsAbstract" ns2:type="locator" />
        <ns0:loc ns2:href="../../ferc-core_2020-01-01.xsd#ferc_CashFlowLineItems" ns2:label="ferc_CashFlowLineItems" ns2:type="locator" />
        <ns0:definitionArc order="1" ns2:arcrole="http://xbrl.org/int/dim/arcrole/domain-member" ns2:from="ferc_ScheduleStatementOfCashFlowsAbstract" ns2:to="ferc_CashFlowLineItems" ns2:type="arc" />
        <ns0:loc ns2:href="../../ferc-core_2020-01-01.xsd#ferc_CashFlowTable" ns2:label="ferc_CashFlowTable" ns2:type="locator" />
        <ns0:definitionArc order="1" ns2:arcrole="http://xbrl.org/int/dim/arcrole/all" ns2:from="ferc_CashFlowLineItems" ns2:to="ferc_CashFlowTable" ns2:type="arc" ns3:closed="true" ns3:contextElement="segment" />
        <ns0:loc ns2:href="../../ferc-core_2020-01-01.xsd#ferc_OtherConstructionAndAcquisitionOfPlantInvestmentActivitiesAxis" ns2:label="ferc_OtherConstructionAndAcquisitionOfPlantInvestmentActivitiesAxis" ns2:type="locator" />
        <ns0:definitionArc order="1" ns2:arcrole="http://xbrl.org/int/dim/arcrole/hypercube-dimension" ns2:from="ferc_CashFlowTable" ns2:to="ferc_OtherConstructionAndAcquisitionOfPlantInvestmentActivitiesAxis" ns2:type="arc" />
        <ns0:loc ns2:href="../../ferc-core_2020-01-01.xsd#ferc_OrderNumber" ns2:label="ferc_OrderNumber" ns2:type="locator" />
        <ns0:definitionArc order="2" ns2:arcrole="http://xbrl.org/int/dim/arcrole/domain-member" ns2:from="ferc_CashFlowLineItems" ns2:to="ferc_OrderNumber" ns2:type="arc" />
        <ns0:loc ns2:href="../../ferc-core_2020-01-01.xsd#ferc_OtherConstructionAndAcquisitionOfPlantInvestmentActivities" ns2:label="ferc_OtherConstructionAndAcquisitionOfPlantInvestmentActivities" ns2:type="locator" />
        <ns0:definitionArc order="3" ns2:arcrole="http://xbrl.org/int/dim/arcrole/domain-member" ns2:from="ferc_CashFlowLineItems" ns2:to="ferc_OtherConstructionAndAcquisitionOfPlantInvestmentActivities" ns2:type="arc" />
        <ns0:loc ns2:href="../../ferc-core_2020-01-01.xsd#ferc_OtherConstructionAndAcquisitionOfPlantInvestmentActivitiesDescription" ns2:label="ferc_OtherConstructionAndAcquisitionOfPlantInvestmentActivitiesDescription" ns2:type="locator" />
        <ns0:definitionArc order="4" ns2:arcrole="http://xbrl.org/int/dim/arcrole/domain-member" ns2:from="ferc_CashFlowLineItems" ns2:to="ferc_OtherConstructionAndAcquisitionOfPlantInvestmentActivitiesDescription" ns2:type="arc" />
    </ns0:definitionLink>
    <ns0:definitionLink ns2:role="http://ferc.gov/form/2020-01-01/roles/Schedule/F1F/StatementOfCashFlowsSequenceOtherItemsforInvestingCashFlows" ns2:type="extended">
        <ns0:loc ns2:href="../../ferc-core_2020-01-01.xsd#ferc_ScheduleStatementOfCashFlowsAbstract" ns2:label="ferc_ScheduleStatementOfCashFlowsAbstract" ns2:type="locator" />
        <ns0:loc ns2:href="../../ferc-core_2020-01-01.xsd#ferc_CashFlowLineItems" ns2:label="ferc_CashFlowLineItems" ns2:type="locator" />
        <ns0:definitionArc order="1" ns2:arcrole="http://xbrl.org/int/dim/arcrole/domain-member" ns2:from="ferc_ScheduleStatementOfCashFlowsAbstract" ns2:to="ferc_CashFlowLineItems" ns2:type="arc" />
        <ns0:loc ns2:href="../../ferc-core_2020-01-01.xsd#ferc_CashFlowTable" ns2:label="ferc_CashFlowTable" ns2:type="locator" />
        <ns0:definitionArc order="1" ns2:arcrole="http://xbrl.org/int/dim/arcrole/all" ns2:from="ferc_CashFlowLineItems" ns2:to="ferc_CashFlowTable" ns2:type="arc" ns3:closed="true" ns3:contextElement="segment" />
        <ns0:loc ns2:href="../../ferc-core_2020-01-01.xsd#ferc_OtherAdjustmentsToCashFlowsFromInvestmentActivitiesAxis" ns2:label="ferc_OtherAdjustmentsToCashFlowsFromInvestmentActivitiesAxis" ns2:type="locator" />
        <ns0:definitionArc order="1" ns2:arcrole="http://xbrl.org/int/dim/arcrole/hypercube-dimension" ns2:from="ferc_CashFlowTable" ns2:to="ferc_OtherAdjustmentsToCashFlowsFromInvestmentActivitiesAxis" ns2:type="arc" />
        <ns0:loc ns2:href="../../ferc-core_2020-01-01.xsd#ferc_OrderNumber" ns2:label="ferc_OrderNumber" ns2:type="locator" />
        <ns0:definitionArc order="2" ns2:arcrole="http://xbrl.org/int/dim/arcrole/domain-member" ns2:from="ferc_CashFlowLineItems" ns2:to="ferc_OrderNumber" ns2:type="arc" />
        <ns0:loc ns2:href="../../ferc-core_2020-01-01.xsd#ferc_OtherAdjustmentsToCashFlowsFromInvestmentActivities" ns2:label="ferc_OtherAdjustmentsToCashFlowsFromInvestmentActivities" ns2:type="locator" />
        <ns0:definitionArc order="3" ns2:arcrole="http://xbrl.org/int/dim/arcrole/domain-member" ns2:from="ferc_CashFlowLineItems" ns2:to="ferc_OtherAdjustmentsToCashFlowsFromInvestmentActivities" ns2:type="arc" />
        <ns0:loc ns2:href="../../ferc-core_2020-01-01.xsd#ferc_OtherAdjustmentsToCashFlowsFromInvestmentActivitiesDescription" ns2:label="ferc_OtherAdjustmentsToCashFlowsFromInvestmentActivitiesDescription" ns2:type="locator" />
        <ns0:definitionArc order="4" ns2:arcrole="http://xbrl.org/int/dim/arcrole/domain-member" ns2:from="ferc_CashFlowLineItems" ns2:to="ferc_OtherAdjustmentsToCashFlowsFromInvestmentActivitiesDescription" ns2:type="arc" />
    </ns0:definitionLink>
    <ns0:definitionLink ns2:role="http://ferc.gov/form/2020-01-01/roles/Schedule/F1F/StatementOfCashFlowsSequenceOtherAdjustmentstoFinancingCashFlows" ns2:type="extended">
        <ns0:loc ns2:href="../../ferc-core_2020-01-01.xsd#ferc_ScheduleStatementOfCashFlowsAbstract" ns2:label="ferc_ScheduleStatementOfCashFlowsAbstract" ns2:type="locator" />
        <ns0:loc ns2:href="../../ferc-core_2020-01-01.xsd#ferc_CashFlowLineItems" ns2:label="ferc_CashFlowLineItems" ns2:type="locator" />
        <ns0:definitionArc order="1" ns2:arcrole="http://xbrl.org/int/dim/arcrole/domain-member" ns2:from="ferc_ScheduleStatementOfCashFlowsAbstract" ns2:to="ferc_CashFlowLineItems" ns2:type="arc" />
        <ns0:loc ns2:href="../../ferc-core_2020-01-01.xsd#ferc_CashFlowTable" ns2:label="ferc_CashFlowTable" ns2:type="locator" />
        <ns0:definitionArc order="1" ns2:arcrole="http://xbrl.org/int/dim/arcrole/all" ns2:from="ferc_CashFlowLineItems" ns2:to="ferc_CashFlowTable" ns2:type="arc" ns3:closed="true" ns3:contextElement="segment" />
        <ns0:loc ns2:href="../../ferc-core_2020-01-01.xsd#ferc_OtherAdjustmentsToCashFlowsFromFinancingActivitiesAxis" ns2:label="ferc_OtherAdjustmentsToCashFlowsFromFinancingActivitiesAxis" ns2:type="locator" />
        <ns0:definitionArc order="1" ns2:arcrole="http://xbrl.org/int/dim/arcrole/hypercube-dimension" ns2:from="ferc_CashFlowTable" ns2:to="ferc_OtherAdjustmentsToCashFlowsFromFinancingActivitiesAxis" ns2:type="arc" />
        <ns0:loc ns2:href="../../ferc-core_2020-01-01.xsd#ferc_OrderNumber" ns2:label="ferc_OrderNumber" ns2:type="locator" />
        <ns0:definitionArc order="2" ns2:arcrole="http://xbrl.org/int/dim/arcrole/domain-member" ns2:from="ferc_CashFlowLineItems" ns2:to="ferc_OrderNumber" ns2:type="arc" />
        <ns0:loc ns2:href="../../ferc-core_2020-01-01.xsd#ferc_OtherAdjustmentsToCashFlowsFromFinancingActivities" ns2:label="ferc_OtherAdjustmentsToCashFlowsFromFinancingActivities" ns2:type="locator" />
        <ns0:definitionArc order="3" ns2:arcrole="http://xbrl.org/int/dim/arcrole/domain-member" ns2:from="ferc_CashFlowLineItems" ns2:to="ferc_OtherAdjustmentsToCashFlowsFromFinancingActivities" ns2:type="arc" />
        <ns0:loc ns2:href="../../ferc-core_2020-01-01.xsd#ferc_OtherAdjustmentsToCashFlowsFromFinancingActivitiesDescription" ns2:label="ferc_OtherAdjustmentsToCashFlowsFromFinancingActivitiesDescription" ns2:type="locator" />
        <ns0:definitionArc order="4" ns2:arcrole="http://xbrl.org/int/dim/arcrole/domain-member" ns2:from="ferc_CashFlowLineItems" ns2:to="ferc_OtherAdjustmentsToCashFlowsFromFinancingActivitiesDescription" ns2:type="arc" />
    </ns0:definitionLink>
    <ns0:definitionLink ns2:role="http://ferc.gov/form/2020-01-01/roles/Schedule/F1F/StatementOfCashFlowsSequenceOtherAdjustmentsByOutsideForvestoFinancingCashFlows" ns2:type="extended">
        <ns0:loc ns2:href="../../ferc-core_2020-01-01.xsd#ferc_ScheduleStatementOfCashFlowsAbstract" ns2:label="ferc_ScheduleStatementOfCashFlowsAbstract" ns2:type="locator" />
        <ns0:loc ns2:href="../../ferc-core_2020-01-01.xsd#ferc_CashFlowLineItems" ns2:label="ferc_CashFlowLineItems" ns2:type="locator" />
        <ns0:definitionArc order="1" ns2:arcrole="http://xbrl.org/int/dim/arcrole/domain-member" ns2:from="ferc_ScheduleStatementOfCashFlowsAbstract" ns2:to="ferc_CashFlowLineItems" ns2:type="arc" />
        <ns0:loc ns2:href="../../ferc-core_2020-01-01.xsd#ferc_CashFlowTable" ns2:label="ferc_CashFlowTable" ns2:type="locator" />
        <ns0:definitionArc order="1" ns2:arcrole="http://xbrl.org/int/dim/arcrole/all" ns2:from="ferc_CashFlowLineItems" ns2:to="ferc_CashFlowTable" ns2:type="arc" ns3:closed="true" ns3:contextElement="segment" />
        <ns0:loc ns2:href="../../ferc-core_2020-01-01.xsd#ferc_OtherAdjustmentsByOutsideSourcesToCashFlowsFromFinancingActivitiesAxis" ns2:label="ferc_OtherAdjustmentsByOutsideSourcesToCashFlowsFromFinancingActivitiesAxis" ns2:type="locator" />
        <ns0:definitionArc order="1" ns2:arcrole="http://xbrl.org/int/dim/arcrole/hypercube-dimension" ns2:from="ferc_CashFlowTable" ns2:to="ferc_OtherAdjustmentsByOutsideSourcesToCashFlowsFromFinancingActivitiesAxis" ns2:type="arc" />
        <ns0:loc ns2:href="../../ferc-core_2020-01-01.xsd#ferc_OrderNumber" ns2:label="ferc_OrderNumber" ns2:type="locator" />
        <ns0:definitionArc order="2" ns2:arcrole="http://xbrl.org/int/dim/arcrole/domain-member" ns2:from="ferc_CashFlowLineItems" ns2:to="ferc_OrderNumber" ns2:type="arc" />
        <ns0:loc ns2:href="../../ferc-core_2020-01-01.xsd#ferc_OtherAdjustmentsByOutsideSourcesToCashFlowsFromFinancingActivities" ns2:label="ferc_OtherAdjustmentsByOutsideSourcesToCashFlowsFromFinancingActivities" ns2:type="locator" />
        <ns0:definitionArc order="3" ns2:arcrole="http://xbrl.org/int/dim/arcrole/domain-member" ns2:from="ferc_CashFlowLineItems" ns2:to="ferc_OtherAdjustmentsByOutsideSourcesToCashFlowsFromFinancingActivities" ns2:type="arc" />
        <ns0:loc ns2:href="../../ferc-core_2020-01-01.xsd#ferc_DescriptionForOtherAdjustmentsByOutsideSourcesToCashFlowsFromFinancingActivities" ns2:label="ferc_DescriptionForOtherAdjustmentsByOutsideSourcesToCashFlowsFromFinancingActivities" ns2:type="locator" />
        <ns0:definitionArc order="4" ns2:arcrole="http://xbrl.org/int/dim/arcrole/domain-member" ns2:from="ferc_CashFlowLineItems" ns2:to="ferc_DescriptionForOtherAdjustmentsByOutsideSourcesToCashFlowsFromFinancingActivities" ns2:type="arc" />
    </ns0:definitionLink>
    <ns0:definitionLink ns2:role="http://ferc.gov/form/2020-01-01/roles/Schedule/F1F/StatementOfCashFlowsSequenceOtherRetirementsImpactingCashFlows" ns2:type="extended">
        <ns0:loc ns2:href="../../ferc-core_2020-01-01.xsd#ferc_ScheduleStatementOfCashFlowsAbstract" ns2:label="ferc_ScheduleStatementOfCashFlowsAbstract" ns2:type="locator" />
        <ns0:loc ns2:href="../../ferc-core_2020-01-01.xsd#ferc_CashFlowLineItems" ns2:label="ferc_CashFlowLineItems" ns2:type="locator" />
        <ns0:definitionArc order="1" ns2:arcrole="http://xbrl.org/int/dim/arcrole/domain-member" ns2:from="ferc_ScheduleStatementOfCashFlowsAbstract" ns2:to="ferc_CashFlowLineItems" ns2:type="arc" />
        <ns0:loc ns2:href="../../ferc-core_2020-01-01.xsd#ferc_CashFlowTable" ns2:label="ferc_CashFlowTable" ns2:type="locator" />
        <ns0:definitionArc order="1" ns2:arcrole="http://xbrl.org/int/dim/arcrole/all" ns2:from="ferc_CashFlowLineItems" ns2:to="ferc_CashFlowTable" ns2:type="arc" ns3:closed="true" ns3:contextElement="segment" />
        <ns0:loc ns2:href="../../ferc-core_2020-01-01.xsd#ferc_OtherRetirementsOfBalancesImpactingCashFlowsFromFinancingActivitiesAxis" ns2:label="ferc_OtherRetirementsOfBalancesImpactingCashFlowsFromFinancingActivitiesAxis" ns2:type="locator" />
        <ns0:definitionArc order="1" ns2:arcrole="http://xbrl.org/int/dim/arcrole/hypercube-dimension" ns2:from="ferc_CashFlowTable" ns2:to="ferc_OtherRetirementsOfBalancesImpactingCashFlowsFromFinancingActivitiesAxis" ns2:type="arc" />
        <ns0:loc ns2:href="../../ferc-core_2020-01-01.xsd#ferc_OrderNumber" ns2:label="ferc_OrderNumber" ns2:type="locator" />
        <ns0:definitionArc order="2" ns2:arcrole="http://xbrl.org/int/dim/arcrole/domain-member" ns2:from="ferc_CashFlowLineItems" ns2:to="ferc_OrderNumber" ns2:type="arc" />
        <ns0:loc ns2:href="../../ferc-core_2020-01-01.xsd#ferc_OtherRetirementsOfBalancesImpactingCashFlowsFromFinancingActivities" ns2:label="ferc_OtherRetirementsOfBalancesImpactingCashFlowsFromFinancingActivities" ns2:type="locator" />
        <ns0:definitionArc order="3" ns2:arcrole="http://xbrl.org/int/dim/arcrole/domain-member" ns2:from="ferc_CashFlowLineItems" ns2:to="ferc_OtherRetirementsOfBalancesImpactingCashFlowsFromFinancingActivities" ns2:type="arc" />
        <ns0:loc ns2:href="../../ferc-core_2020-01-01.xsd#ferc_DescriptionOfOtherRetirementsImpactingCashFlowsFromFinancingActivities" ns2:label="ferc_DescriptionOfOtherRetirementsImpactingCashFlowsFromFinancingActivities" ns2:type="locator" />
        <ns0:definitionArc order="4" ns2:arcrole="http://xbrl.org/int/dim/arcrole/domain-member" ns2:from="ferc_CashFlowLineItems" ns2:to="ferc_DescriptionOfOtherRetirementsImpactingCashFlowsFromFinancingActivities" ns2:type="arc" />
    </ns0:definitionLink>
    <ns0:definitionLink ns2:role="http://ferc.gov/form/2020-01-01/roles/Schedule/F1F/StatementOfCashFlows" ns2:type="extended" />
    <ns0:definitionLink ns2:role="http://ferc.gov/form/2020-01-01/roles/Schedule/F1F/StatementOfCashFlowsSequenceOtherOperatingCashFlows" ns2:type="extended" />
    <ns0:definitionLink ns2:role="http://ferc.gov/form/2020-01-01/roles/Schedule/F1F/StatementOfCashFlowsSequenceOtherAdjustmentstoOperatingCashFlows" ns2:type="extended" />
    <ns0:definitionLink ns2:role="http://ferc.gov/form/2020-01-01/roles/Schedule/F1F/StatementOfCashFlowsSequenceOtherAdjustmentstoInvestingCashFlows" ns2:type="extended" />
    <ns0:definitionLink ns2:role="http://ferc.gov/form/2020-01-01/roles/Schedule/F1F/StatementOfCashFlowsSequenceOtherItemsforInvestingCashFlows" ns2:type="extended" />
    <ns0:definitionLink ns2:role="http://ferc.gov/form/2020-01-01/roles/Schedule/F1F/StatementOfCashFlowsSequenceOtherAdjustmentstoFinancingCashFlows" ns2:type="extended" />
    <ns0:definitionLink ns2:role="http://ferc.gov/form/2020-01-01/roles/Schedule/F1F/StatementOfCashFlowsSequenceOtherAdjustmentsByOutsideForvestoFinancingCashFlows" ns2:type="extended" />
    <ns0:definitionLink ns2:role="http://ferc.gov/form/2020-01-01/roles/Schedule/F1F/StatementOfCashFlowsSequenceOtherRetirementsImpactingCashFlows" ns2:type="extended" />
</ns0:linkbase>