<ns0:linkbase xmlns:ns0="http://www.xbrl.org/2003/linkbase" xmlns:ns2="http://www.w3.org/1999/xlink" xmlns:ns3="http://xbrl.org/2005/xbrldt" xmlns:xsi="http://www.w3.org/2001/XMLSchema-instance" xsi:schemaLocation="http://www.xbrl.org/2003/linkbase http://www.xbrl.org/2003/xbrl-linkbase-2003-12-31.xsd">
    <ns0:arcroleRef arcroleURI="http://xbrl.org/int/dim/arcrole/dimension-domain" ns2:href="http://www.xbrl.org/2005/xbrldt-2005.xsd#dimension-domain" ns2:type="simple" />
    <ns0:roleRef roleURI="http://ferc.gov/form/2020-01-01/roles/Schedule/F1/StatementOfAccumulatedOtherComprehensiveIncomeComprehensiveIncomeAndHedgingActivities" ns2:href="form-1-sched-StatementOfAccumOtherCompIncCompIncAndHedgingActivities_2020-01-01.xsd#roleType_StatementOfAccumulatedOtherComprehensiveIncomeComprehensiveIncomeAndHedgingActivities" ns2:type="simple" />
    <ns0:arcroleRef arcroleURI="http://xbrl.org/int/dim/arcrole/dimension-default" ns2:href="http://www.xbrl.org/2005/xbrldt-2005.xsd#dimension-default" ns2:type="simple" />
    <ns0:arcroleRef arcroleURI="http://xbrl.org/int/dim/arcrole/hypercube-dimension" ns2:href="http://www.xbrl.org/2005/xbrldt-2005.xsd#hypercube-dimension" ns2:type="simple" />
    <ns0:arcroleRef arcroleURI="http://xbrl.org/int/dim/arcrole/all" ns2:href="http://www.xbrl.org/2005/xbrldt-2005.xsd#all" ns2:type="simple" />
    <ns0:arcroleRef arcroleURI="http://xbrl.org/int/dim/arcrole/domain-member" ns2:href="http://www.xbrl.org/2005/xbrldt-2005.xsd#domain-member" ns2:type="simple" />
    <ns0:definitionLink ns2:role="http://ferc.gov/form/2020-01-01/roles/Schedule/F1/StatementOfAccumulatedOtherComprehensiveIncomeComprehensiveIncomeAndHedgingActivities" ns2:type="extended">
        <ns0:loc ns2:href="../../ferc-core_2020-01-01.xsd#ferc_ScheduleStatementOfAccumulatedOtherComprehensiveIncomeAndHedgingActivitiesAbstract" ns2:label="ferc_ScheduleStatementOfAccumulatedOtherComprehensiveIncomeAndHedgingActivitiesAbstract" ns2:type="locator" />
        <ns0:loc ns2:href="../../ferc-core_2020-01-01.xsd#ferc_StatementOfAccumulatedOtherComprehensiveIncomeAndHedgingActivitiesLineItems" ns2:label="ferc_StatementOfAccumulatedOtherComprehensiveIncomeAndHedgingActivitiesLineItems" ns2:type="locator" />
        <ns0:definitionArc order="1" ns2:arcrole="http://xbrl.org/int/dim/arcrole/domain-member" ns2:from="ferc_ScheduleStatementOfAccumulatedOtherComprehensiveIncomeAndHedgingActivitiesAbstract" ns2:to="ferc_StatementOfAccumulatedOtherComprehensiveIncomeAndHedgingActivitiesLineItems" ns2:type="arc" />
        <ns0:loc ns2:href="../../ferc-core_2020-01-01.xsd#ferc_StatementOfAccumulatedOtherComprehensiveIncomeAndHedgingActivitiesTable" ns2:label="ferc_StatementOfAccumulatedOtherComprehensiveIncomeAndHedgingActivitiesTable" ns2:type="locator" />
        <ns0:definitionArc order="1" ns2:arcrole="http://xbrl.org/int/dim/arcrole/all" ns2:from="ferc_StatementOfAccumulatedOtherComprehensiveIncomeAndHedgingActivitiesLineItems" ns2:to="ferc_StatementOfAccumulatedOtherComprehensiveIncomeAndHedgingActivitiesTable" ns2:type="arc" ns3:closed="true" ns3:contextElement="segment" />
        <ns0:loc ns2:href="../../ferc-core_2020-01-01.xsd#ferc_AccumulatedOtherComprehensiveIncomeLossUnrealizedGainsAndLossesOnAvailableForSaleSecuritiesAbstract" ns2:label="ferc_AccumulatedOtherComprehensiveIncomeLossUnrealizedGainsAndLossesOnAvailableForSaleSecuritiesAbstract" ns2:type="locator" />
        <ns0:definitionArc order="2" ns2:arcrole="http://xbrl.org/int/dim/arcrole/domain-member" ns2:from="ferc_StatementOfAccumulatedOtherComprehensiveIncomeAndHedgingActivitiesLineItems" ns2:to="ferc_AccumulatedOtherComprehensiveIncomeLossUnrealizedGainsAndLossesOnAvailableForSaleSecuritiesAbstract" ns2:type="arc" />
        <ns0:loc ns2:href="../../ferc-core_2020-01-01.xsd#ferc_AccumulatedOtherComprehensiveIncomeLossUnrealizedGainsAndLossesOnAvailableForSaleSecuritiesBalance" ns2:label="ferc_AccumulatedOtherComprehensiveIncomeLossUnrealizedGainsAndLossesOnAvailableForSaleSecuritiesBalance" ns2:type="locator" />
        <ns0:definitionArc order="1" ns2:arcrole="http://xbrl.org/int/dim/arcrole/domain-member" ns2:from="ferc_AccumulatedOtherComprehensiveIncomeLossUnrealizedGainsAndLossesOnAvailableForSaleSecuritiesAbstract" ns2:to="ferc_AccumulatedOtherComprehensiveIncomeLossUnrealizedGainsAndLossesOnAvailableForSaleSecuritiesBalance" ns2:type="arc" />
        <ns0:loc ns2:href="../../ferc-core_2020-01-01.xsd#ferc_AccumulatedOtherComprehensiveIncomeLossUnrealizedGainsAndLossesOnAvailableForSaleSecuritiesReclassificationsToNetIncomeLoss" ns2:label="ferc_AccumulatedOtherComprehensiveIncomeLossUnrealizedGainsAndLossesOnAvailableForSaleSecuritiesReclassificationsToNetIncomeLoss" ns2:type="locator" />
        <ns0:definitionArc order="2" ns2:arcrole="http://xbrl.org/int/dim/arcrole/domain-member" ns2:from="ferc_AccumulatedOtherComprehensiveIncomeLossUnrealizedGainsAndLossesOnAvailableForSaleSecuritiesAbstract" ns2:to="ferc_AccumulatedOtherComprehensiveIncomeLossUnrealizedGainsAndLossesOnAvailableForSaleSecuritiesReclassificationsToNetIncomeLoss" ns2:type="arc" />
        <ns0:loc ns2:href="../../ferc-core_2020-01-01.xsd#ferc_AccumulatedOtherComprehensiveIncomeLossUnrealizedGainsAndLossesOnAvailableForSaleSecuritiesChangesInFairValue" ns2:label="ferc_AccumulatedOtherComprehensiveIncomeLossUnrealizedGainsAndLossesOnAvailableForSaleSecuritiesChangesInFairValue" ns2:type="locator" />
        <ns0:definitionArc order="3" ns2:arcrole="http://xbrl.org/int/dim/arcrole/domain-member" ns2:from="ferc_AccumulatedOtherComprehensiveIncomeLossUnrealizedGainsAndLossesOnAvailableForSaleSecuritiesAbstract" ns2:to="ferc_AccumulatedOtherComprehensiveIncomeLossUnrealizedGainsAndLossesOnAvailableForSaleSecuritiesChangesInFairValue" ns2:type="arc" />
        <ns0:loc ns2:href="../../ferc-core_2020-01-01.xsd#ferc_AccumulatedOtherComprehensiveIncomeLossChangesInUnrealizedGainsAndLossesOnAvailableForSaleSecurities" ns2:label="ferc_AccumulatedOtherComprehensiveIncomeLossChangesInUnrealizedGainsAndLossesOnAvailableForSaleSecurities" ns2:type="locator" />
        <ns0:definitionArc order="4" ns2:arcrole="http://xbrl.org/int/dim/arcrole/domain-member" ns2:from="ferc_AccumulatedOtherComprehensiveIncomeLossUnrealizedGainsAndLossesOnAvailableForSaleSecuritiesAbstract" ns2:to="ferc_AccumulatedOtherComprehensiveIncomeLossChangesInUnrealizedGainsAndLossesOnAvailableForSaleSecurities" ns2:type="arc" />
        <ns0:loc ns2:href="../../ferc-core_2020-01-01.xsd#ferc_AccumulatedOtherComprehensiveIncomeLossMinimumPensionLiabilityAdjustmentAbstract" ns2:label="ferc_AccumulatedOtherComprehensiveIncomeLossMinimumPensionLiabilityAdjustmentAbstract" ns2:type="locator" />
        <ns0:definitionArc order="3" ns2:arcrole="http://xbrl.org/int/dim/arcrole/domain-member" ns2:from="ferc_StatementOfAccumulatedOtherComprehensiveIncomeAndHedgingActivitiesLineItems" ns2:to="ferc_AccumulatedOtherComprehensiveIncomeLossMinimumPensionLiabilityAdjustmentAbstract" ns2:type="arc" />
        <ns0:loc ns2:href="../../ferc-core_2020-01-01.xsd#ferc_AccumulatedOtherComprehensiveIncomeLossMinimumPensionLiabilityAdjustmentBalance" ns2:label="ferc_AccumulatedOtherComprehensiveIncomeLossMinimumPensionLiabilityAdjustmentBalance" ns2:type="locator" />
        <ns0:definitionArc order="1" ns2:arcrole="http://xbrl.org/int/dim/arcrole/domain-member" ns2:from="ferc_AccumulatedOtherComprehensiveIncomeLossMinimumPensionLiabilityAdjustmentAbstract" ns2:to="ferc_AccumulatedOtherComprehensiveIncomeLossMinimumPensionLiabilityAdjustmentBalance" ns2:type="arc" />
        <ns0:loc ns2:href="../../ferc-core_2020-01-01.xsd#ferc_AccumulatedOtherComprehensiveIncomeLossMinimumPensionLiabilityAdjustmentReclassificationsToNetIncomeLoss" ns2:label="ferc_AccumulatedOtherComprehensiveIncomeLossMinimumPensionLiabilityAdjustmentReclassificationsToNetIncomeLoss" ns2:type="locator" />
        <ns0:definitionArc order="2" ns2:arcrole="http://xbrl.org/int/dim/arcrole/domain-member" ns2:from="ferc_AccumulatedOtherComprehensiveIncomeLossMinimumPensionLiabilityAdjustmentAbstract" ns2:to="ferc_AccumulatedOtherComprehensiveIncomeLossMinimumPensionLiabilityAdjustmentReclassificationsToNetIncomeLoss" ns2:type="arc" />
        <ns0:loc ns2:href="../../ferc-core_2020-01-01.xsd#ferc_AccumulatedOtherComprehensiveIncomeLossMinimumPensionLiabilityAdjustmentChangesInFairValue" ns2:label="ferc_AccumulatedOtherComprehensiveIncomeLossMinimumPensionLiabilityAdjustmentChangesInFairValue" ns2:type="locator" />
        <ns0:definitionArc order="3" ns2:arcrole="http://xbrl.org/int/dim/arcrole/domain-member" ns2:from="ferc_AccumulatedOtherComprehensiveIncomeLossMinimumPensionLiabilityAdjustmentAbstract" ns2:to="ferc_AccumulatedOtherComprehensiveIncomeLossMinimumPensionLiabilityAdjustmentChangesInFairValue" ns2:type="arc" />
        <ns0:loc ns2:href="../../ferc-core_2020-01-01.xsd#ferc_AccumulatedOtherComprehensiveIncomeLossChangesInMinimumPensionLiabilityAdjustment" ns2:label="ferc_AccumulatedOtherComprehensiveIncomeLossChangesInMinimumPensionLiabilityAdjustment" ns2:type="locator" />
        <ns0:definitionArc order="4" ns2:arcrole="http://xbrl.org/int/dim/arcrole/domain-member" ns2:from="ferc_AccumulatedOtherComprehensiveIncomeLossMinimumPensionLiabilityAdjustmentAbstract" ns2:to="ferc_AccumulatedOtherComprehensiveIncomeLossChangesInMinimumPensionLiabilityAdjustment" ns2:type="arc" />
        <ns0:loc ns2:href="../../ferc-core_2020-01-01.xsd#ferc_AccumulatedOtherComprehensiveIncomeLossForeignCurrencyHedgesAbstract" ns2:label="ferc_AccumulatedOtherComprehensiveIncomeLossForeignCurrencyHedgesAbstract" ns2:type="locator" />
        <ns0:definitionArc order="4" ns2:arcrole="http://xbrl.org/int/dim/arcrole/domain-member" ns2:from="ferc_StatementOfAccumulatedOtherComprehensiveIncomeAndHedgingActivitiesLineItems" ns2:to="ferc_AccumulatedOtherComprehensiveIncomeLossForeignCurrencyHedgesAbstract" ns2:type="arc" />
        <ns0:loc ns2:href="../../ferc-core_2020-01-01.xsd#ferc_AccumulatedOtherComprehensiveIncomeLossForeignCurrencyHedgesBalance" ns2:label="ferc_AccumulatedOtherComprehensiveIncomeLossForeignCurrencyHedgesBalance" ns2:type="locator" />
        <ns0:definitionArc order="1" ns2:arcrole="http://xbrl.org/int/dim/arcrole/domain-member" ns2:from="ferc_AccumulatedOtherComprehensiveIncomeLossForeignCurrencyHedgesAbstract" ns2:to="ferc_AccumulatedOtherComprehensiveIncomeLossForeignCurrencyHedgesBalance" ns2:type="arc" />
        <ns0:loc ns2:href="../../ferc-core_2020-01-01.xsd#ferc_AccumulatedOtherComprehensiveIncomeLossForeignCurrencyHedgesReclassificationsToNetIncomeLoss" ns2:label="ferc_AccumulatedOtherComprehensiveIncomeLossForeignCurrencyHedgesReclassificationsToNetIncomeLoss" ns2:type="locator" />
        <ns0:definitionArc order="2" ns2:arcrole="http://xbrl.org/int/dim/arcrole/domain-member" ns2:from="ferc_AccumulatedOtherComprehensiveIncomeLossForeignCurrencyHedgesAbstract" ns2:to="ferc_AccumulatedOtherComprehensiveIncomeLossForeignCurrencyHedgesReclassificationsToNetIncomeLoss" ns2:type="arc" />
        <ns0:loc ns2:href="../../ferc-core_2020-01-01.xsd#ferc_AccumulatedOtherComprehensiveIncomeLossForeignCurrencyHedgesChangesInFairValue" ns2:label="ferc_AccumulatedOtherComprehensiveIncomeLossForeignCurrencyHedgesChangesInFairValue" ns2:type="locator" />
        <ns0:definitionArc order="3" ns2:arcrole="http://xbrl.org/int/dim/arcrole/domain-member" ns2:from="ferc_AccumulatedOtherComprehensiveIncomeLossForeignCurrencyHedgesAbstract" ns2:to="ferc_AccumulatedOtherComprehensiveIncomeLossForeignCurrencyHedgesChangesInFairValue" ns2:type="arc" />
        <ns0:loc ns2:href="../../ferc-core_2020-01-01.xsd#ferc_AccumulatedOtherComprehensiveIncomeLossChangesInForeignCurrencyHedges" ns2:label="ferc_AccumulatedOtherComprehensiveIncomeLossChangesInForeignCurrencyHedges" ns2:type="locator" />
        <ns0:definitionArc order="4" ns2:arcrole="http://xbrl.org/int/dim/arcrole/domain-member" ns2:from="ferc_AccumulatedOtherComprehensiveIncomeLossForeignCurrencyHedgesAbstract" ns2:to="ferc_AccumulatedOtherComprehensiveIncomeLossChangesInForeignCurrencyHedges" ns2:type="arc" />
        <ns0:loc ns2:href="../../ferc-core_2020-01-01.xsd#ferc_AccumulatedOtherComprehensiveIncomeLossOtherAdjustmentsToComprehensiveIncomeLossAbstract" ns2:label="ferc_AccumulatedOtherComprehensiveIncomeLossOtherAdjustmentsToComprehensiveIncomeLossAbstract" ns2:type="locator" />
        <ns0:definitionArc order="5" ns2:arcrole="http://xbrl.org/int/dim/arcrole/domain-member" ns2:from="ferc_StatementOfAccumulatedOtherComprehensiveIncomeAndHedgingActivitiesLineItems" ns2:to="ferc_AccumulatedOtherComprehensiveIncomeLossOtherAdjustmentsToComprehensiveIncomeLossAbstract" ns2:type="arc" />
        <ns0:loc ns2:href="../../ferc-core_2020-01-01.xsd#ferc_AccumulatedOtherComprehensiveIncomeLossOtherAdjustmentsToComprehensiveIncomeLossBalance" ns2:label="ferc_AccumulatedOtherComprehensiveIncomeLossOtherAdjustmentsToComprehensiveIncomeLossBalance" ns2:type="locator" />
        <ns0:definitionArc order="1" ns2:arcrole="http://xbrl.org/int/dim/arcrole/domain-member" ns2:from="ferc_AccumulatedOtherComprehensiveIncomeLossOtherAdjustmentsToComprehensiveIncomeLossAbstract" ns2:to="ferc_AccumulatedOtherComprehensiveIncomeLossOtherAdjustmentsToComprehensiveIncomeLossBalance" ns2:type="arc" />
        <ns0:loc ns2:href="../../ferc-core_2020-01-01.xsd#ferc_AccumulatedOtherComprehensiveIncomeLossOtherAdjustmentsToComprehensiveIncomeLossReclassificationsToNetIncomeLoss" ns2:label="ferc_AccumulatedOtherComprehensiveIncomeLossOtherAdjustmentsToComprehensiveIncomeLossReclassificationsToNetIncomeLoss" ns2:type="locator" />
        <ns0:definitionArc order="2" ns2:arcrole="http://xbrl.org/int/dim/arcrole/domain-member" ns2:from="ferc_AccumulatedOtherComprehensiveIncomeLossOtherAdjustmentsToComprehensiveIncomeLossAbstract" ns2:to="ferc_AccumulatedOtherComprehensiveIncomeLossOtherAdjustmentsToComprehensiveIncomeLossReclassificationsToNetIncomeLoss" ns2:type="arc" />
        <ns0:loc ns2:href="../../ferc-core_2020-01-01.xsd#ferc_AccumulatedOtherComprehensiveIncomeLossOtherAdjustmentsToComprehensiveIncomeLossChangesInFairValue" ns2:label="ferc_AccumulatedOtherComprehensiveIncomeLossOtherAdjustmentsToComprehensiveIncomeLossChangesInFairValue" ns2:type="locator" />
        <ns0:definitionArc order="3" ns2:arcrole="http://xbrl.org/int/dim/arcrole/domain-member" ns2:from="ferc_AccumulatedOtherComprehensiveIncomeLossOtherAdjustmentsToComprehensiveIncomeLossAbstract" ns2:to="ferc_AccumulatedOtherComprehensiveIncomeLossOtherAdjustmentsToComprehensiveIncomeLossChangesInFairValue" ns2:type="arc" />
        <ns0:loc ns2:href="../../ferc-core_2020-01-01.xsd#ferc_AccumulatedOtherComprehensiveIncomeLossChangesInOtherAdjustmentsToComprehensiveIncomeLoss" ns2:label="ferc_AccumulatedOtherComprehensiveIncomeLossChangesInOtherAdjustmentsToComprehensiveIncomeLoss" ns2:type="locator" />
        <ns0:definitionArc order="4" ns2:arcrole="http://xbrl.org/int/dim/arcrole/domain-member" ns2:from="ferc_AccumulatedOtherComprehensiveIncomeLossOtherAdjustmentsToComprehensiveIncomeLossAbstract" ns2:to="ferc_AccumulatedOtherComprehensiveIncomeLossChangesInOtherAdjustmentsToComprehensiveIncomeLoss" ns2:type="arc" />
        <ns0:loc ns2:href="../../ferc-core_2020-01-01.xsd#ferc_AccumulatedOtherComprehensiveIncomeLossOtherCashFlowHedgesInterestRateSwapsAbstract" ns2:label="ferc_AccumulatedOtherComprehensiveIncomeLossOtherCashFlowHedgesInterestRateSwapsAbstract" ns2:type="locator" />
        <ns0:definitionArc order="6" ns2:arcrole="http://xbrl.org/int/dim/arcrole/domain-member" ns2:from="ferc_StatementOfAccumulatedOtherComprehensiveIncomeAndHedgingActivitiesLineItems" ns2:to="ferc_AccumulatedOtherComprehensiveIncomeLossOtherCashFlowHedgesInterestRateSwapsAbstract" ns2:type="arc" />
        <ns0:loc ns2:href="../../ferc-core_2020-01-01.xsd#ferc_AccumulatedOtherComprehensiveIncomeLossOtherCashFlowHedgesInterestRateSwapsBalance" ns2:label="ferc_AccumulatedOtherComprehensiveIncomeLossOtherCashFlowHedgesInterestRateSwapsBalance" ns2:type="locator" />
        <ns0:definitionArc order="1" ns2:arcrole="http://xbrl.org/int/dim/arcrole/domain-member" ns2:from="ferc_AccumulatedOtherComprehensiveIncomeLossOtherCashFlowHedgesInterestRateSwapsAbstract" ns2:to="ferc_AccumulatedOtherComprehensiveIncomeLossOtherCashFlowHedgesInterestRateSwapsBalance" ns2:type="arc" />
        <ns0:loc ns2:href="../../ferc-core_2020-01-01.xsd#ferc_AccumulatedOtherComprehensiveIncomeLossOtherCashFlowHedgesInterestRateSwapsReclassificationsToNetIncomeLoss" ns2:label="ferc_AccumulatedOtherComprehensiveIncomeLossOtherCashFlowHedgesInterestRateSwapsReclassificationsToNetIncomeLoss" ns2:type="locator" />
        <ns0:definitionArc order="2" ns2:arcrole="http://xbrl.org/int/dim/arcrole/domain-member" ns2:from="ferc_AccumulatedOtherComprehensiveIncomeLossOtherCashFlowHedgesInterestRateSwapsAbstract" ns2:to="ferc_AccumulatedOtherComprehensiveIncomeLossOtherCashFlowHedgesInterestRateSwapsReclassificationsToNetIncomeLoss" ns2:type="arc" />
        <ns0:loc ns2:href="../../ferc-core_2020-01-01.xsd#ferc_AccumulatedOtherComprehensiveIncomeLossOtherCashFlowHedgesInterestRateSwapsChangesInFairValue" ns2:label="ferc_AccumulatedOtherComprehensiveIncomeLossOtherCashFlowHedgesInterestRateSwapsChangesInFairValue" ns2:type="locator" />
        <ns0:definitionArc order="3" ns2:arcrole="http://xbrl.org/int/dim/arcrole/domain-member" ns2:from="ferc_AccumulatedOtherComprehensiveIncomeLossOtherCashFlowHedgesInterestRateSwapsAbstract" ns2:to="ferc_AccumulatedOtherComprehensiveIncomeLossOtherCashFlowHedgesInterestRateSwapsChangesInFairValue" ns2:type="arc" />
        <ns0:loc ns2:href="../../ferc-core_2020-01-01.xsd#ferc_AccumulatedOtherComprehensiveIncomeLossChangesInOtherCashFlowHedgesInterestRateSwaps" ns2:label="ferc_AccumulatedOtherComprehensiveIncomeLossChangesInOtherCashFlowHedgesInterestRateSwaps" ns2:type="locator" />
        <ns0:definitionArc order="4" ns2:arcrole="http://xbrl.org/int/dim/arcrole/domain-member" ns2:from="ferc_AccumulatedOtherComprehensiveIncomeLossOtherCashFlowHedgesInterestRateSwapsAbstract" ns2:to="ferc_AccumulatedOtherComprehensiveIncomeLossChangesInOtherCashFlowHedgesInterestRateSwaps" ns2:type="arc" />
        <ns0:loc ns2:href="../../ferc-core_2020-01-01.xsd#ferc_AccumulatedOtherComprehensiveIncomeLossOtherCashFlowHedgesAbstract" ns2:label="ferc_AccumulatedOtherComprehensiveIncomeLossOtherCashFlowHedgesAbstract" ns2:type="locator" />
        <ns0:definitionArc order="7" ns2:arcrole="http://xbrl.org/int/dim/arcrole/domain-member" ns2:from="ferc_StatementOfAccumulatedOtherComprehensiveIncomeAndHedgingActivitiesLineItems" ns2:to="ferc_AccumulatedOtherComprehensiveIncomeLossOtherCashFlowHedgesAbstract" ns2:type="arc" />
        <ns0:loc ns2:href="../../ferc-core_2020-01-01.xsd#ferc_AccumulatedOtherComprehensiveIncomeLossOtherCashFlowHedgesBalance" ns2:label="ferc_AccumulatedOtherComprehensiveIncomeLossOtherCashFlowHedgesBalance" ns2:type="locator" />
        <ns0:definitionArc order="1" ns2:arcrole="http://xbrl.org/int/dim/arcrole/domain-member" ns2:from="ferc_AccumulatedOtherComprehensiveIncomeLossOtherCashFlowHedgesAbstract" ns2:to="ferc_AccumulatedOtherComprehensiveIncomeLossOtherCashFlowHedgesBalance" ns2:type="arc" />
        <ns0:loc ns2:href="../../ferc-core_2020-01-01.xsd#ferc_AccumulatedOtherComprehensiveIncomeLossOtherCashFlowHedgesReclassificationsToNetIncomeLoss" ns2:label="ferc_AccumulatedOtherComprehensiveIncomeLossOtherCashFlowHedgesReclassificationsToNetIncomeLoss" ns2:type="locator" />
        <ns0:definitionArc order="2" ns2:arcrole="http://xbrl.org/int/dim/arcrole/domain-member" ns2:from="ferc_AccumulatedOtherComprehensiveIncomeLossOtherCashFlowHedgesAbstract" ns2:to="ferc_AccumulatedOtherComprehensiveIncomeLossOtherCashFlowHedgesReclassificationsToNetIncomeLoss" ns2:type="arc" />
        <ns0:loc ns2:href="../../ferc-core_2020-01-01.xsd#ferc_AccumulatedOtherComprehensiveIncomeLossOtherCashFlowHedgesChangesInFairValue" ns2:label="ferc_AccumulatedOtherComprehensiveIncomeLossOtherCashFlowHedgesChangesInFairValue" ns2:type="locator" />
        <ns0:definitionArc order="3" ns2:arcrole="http://xbrl.org/int/dim/arcrole/domain-member" ns2:from="ferc_AccumulatedOtherComprehensiveIncomeLossOtherCashFlowHedgesAbstract" ns2:to="ferc_AccumulatedOtherComprehensiveIncomeLossOtherCashFlowHedgesChangesInFairValue" ns2:type="arc" />
        <ns0:loc ns2:href="../../ferc-core_2020-01-01.xsd#ferc_AccumulatedOtherComprehensiveIncomeLossChangesInOtherCashFlowHedges" ns2:label="ferc_AccumulatedOtherComprehensiveIncomeLossChangesInOtherCashFlowHedges" ns2:type="locator" />
        <ns0:definitionArc order="4" ns2:arcrole="http://xbrl.org/int/dim/arcrole/domain-member" ns2:from="ferc_AccumulatedOtherComprehensiveIncomeLossOtherCashFlowHedgesAbstract" ns2:to="ferc_AccumulatedOtherComprehensiveIncomeLossChangesInOtherCashFlowHedges" ns2:type="arc" />
        <ns0:loc ns2:href="../../ferc-core_2020-01-01.xsd#ferc_AccumulatedOtherComprehensiveIncomeLossAbstract" ns2:label="ferc_AccumulatedOtherComprehensiveIncomeLossAbstract" ns2:type="locator" />
        <ns0:definitionArc order="8" ns2:arcrole="http://xbrl.org/int/dim/arcrole/domain-member" ns2:from="ferc_StatementOfAccumulatedOtherComprehensiveIncomeAndHedgingActivitiesLineItems" ns2:to="ferc_AccumulatedOtherComprehensiveIncomeLossAbstract" ns2:type="arc" />
        <ns0:loc ns2:href="../../ferc-core_2020-01-01.xsd#ferc_AccumulatedOtherComprehensiveIncomeLoss" ns2:label="ferc_AccumulatedOtherComprehensiveIncomeLoss" ns2:type="locator" />
        <ns0:definitionArc order="1" ns2:arcrole="http://xbrl.org/int/dim/arcrole/domain-member" ns2:from="ferc_AccumulatedOtherComprehensiveIncomeLossAbstract" ns2:to="ferc_AccumulatedOtherComprehensiveIncomeLoss" ns2:type="arc" />
        <ns0:loc ns2:href="../../ferc-core_2020-01-01.xsd#ferc_AccumulatedOtherComprehensiveIncomeLossReclassificationsToNetIncomeLoss" ns2:label="ferc_AccumulatedOtherComprehensiveIncomeLossReclassificationsToNetIncomeLoss" ns2:type="locator" />
        <ns0:definitionArc order="2" ns2:arcrole="http://xbrl.org/int/dim/arcrole/domain-member" ns2:from="ferc_AccumulatedOtherComprehensiveIncomeLossAbstract" ns2:to="ferc_AccumulatedOtherComprehensiveIncomeLossReclassificationsToNetIncomeLoss" ns2:type="arc" />
        <ns0:loc ns2:href="../../ferc-core_2020-01-01.xsd#ferc_AccumulatedOtherComprehensiveIncomeLossChangesInFairValue" ns2:label="ferc_AccumulatedOtherComprehensiveIncomeLossChangesInFairValue" ns2:type="locator" />
        <ns0:definitionArc order="3" ns2:arcrole="http://xbrl.org/int/dim/arcrole/domain-member" ns2:from="ferc_AccumulatedOtherComprehensiveIncomeLossAbstract" ns2:to="ferc_AccumulatedOtherComprehensiveIncomeLossChangesInFairValue" ns2:type="arc" />
        <ns0:loc ns2:href="../../ferc-core_2020-01-01.xsd#ferc_ChangesInAccumulatedOtherComprehensiveIncomeLoss" ns2:label="ferc_ChangesInAccumulatedOtherComprehensiveIncomeLoss" ns2:type="locator" />
        <ns0:definitionArc order="4" ns2:arcrole="http://xbrl.org/int/dim/arcrole/domain-member" ns2:from="ferc_AccumulatedOtherComprehensiveIncomeLossAbstract" ns2:to="ferc_ChangesInAccumulatedOtherComprehensiveIncomeLoss" ns2:type="arc" />
        <ns0:loc ns2:href="../../ferc-core_2020-01-01.xsd#ferc_NetIncomeLoss" ns2:label="ferc_NetIncomeLoss" ns2:type="locator" />
        <ns0:definitionArc order="9" ns2:arcrole="http://xbrl.org/int/dim/arcrole/domain-member" ns2:from="ferc_StatementOfAccumulatedOtherComprehensiveIncomeAndHedgingActivitiesLineItems" ns2:to="ferc_NetIncomeLoss" ns2:type="arc" />
        <ns0:loc ns2:href="../../ferc-core_2020-01-01.xsd#ferc_ComprehensiveIncomeLoss" ns2:label="ferc_ComprehensiveIncomeLoss" ns2:type="locator" />
        <ns0:definitionArc order="10" ns2:arcrole="http://xbrl.org/int/dim/arcrole/domain-member" ns2:from="ferc_StatementOfAccumulatedOtherComprehensiveIncomeAndHedgingActivitiesLineItems" ns2:to="ferc_ComprehensiveIncomeLoss" ns2:type="arc" />
    </ns0:definitionLink>
    <ns0:definitionLink ns2:role="http://ferc.gov/form/2020-01-01/roles/Schedule/F1/StatementOfAccumulatedOtherComprehensiveIncomeComprehensiveIncomeAndHedgingActivities" ns2:type="extended" />
</ns0:linkbase>