<ns0:linkbase xmlns:ns0="http://www.xbrl.org/2003/linkbase" xmlns:ns2="http://www.w3.org/1999/xlink" xmlns:xsi="http://www.w3.org/2001/XMLSchema-instance" xsi:schemaLocation="http://www.xbrl.org/2003/linkbase http://www.xbrl.org/2003/xbrl-linkbase-2003-12-31.xsd">
    <ns0:roleRef roleURI="http://ferc.gov/form/2020-01-01/roles/label/F1BeginningBalance2" ns2:href="../../ferc-core-lab-roles_2020-01-01.xsd#F1BeginningBalance2" ns2:type="simple" />
    <ns0:roleRef roleURI="http://ferc.gov/form/2020-01-01/roles/label/F1AOCI" ns2:href="../../ferc-core-lab-roles_2020-01-01.xsd#F1AOCI" ns2:type="simple" />
    <ns0:roleRef roleURI="http://ferc.gov/form/2020-01-01/roles/label/F1Prior" ns2:href="../../ferc-core-lab-roles_2020-01-01.xsd#F1Prior" ns2:type="simple" />
    <ns0:roleRef roleURI="http://ferc.gov/form/2020-01-01/roles/Schedule/F1/StatementOfAccumulatedOtherComprehensiveIncomeComprehensiveIncomeAndHedgingActivities" ns2:href="form-1-sched-StatementOfAccumOtherCompIncCompIncAndHedgingActivities_2020-01-01.xsd#roleType_StatementOfAccumulatedOtherComprehensiveIncomeComprehensiveIncomeAndHedgingActivities" ns2:type="simple" />
    <ns0:roleRef roleURI="http://ferc.gov/form/2020-01-01/roles/label/F1EndingBalance" ns2:href="../../ferc-core-lab-roles_2020-01-01.xsd#F1EndingBalance" ns2:type="simple" />
    <ns0:roleRef roleURI="http://ferc.gov/form/2020-01-01/roles/label/F1EndingBalance2" ns2:href="../../ferc-core-lab-roles_2020-01-01.xsd#F1EndingBalance2" ns2:type="simple" />
    <ns0:roleRef roleURI="http://ferc.gov/form/2020-01-01/roles/label/F1BeginningBalance" ns2:href="../../ferc-core-lab-roles_2020-01-01.xsd#F1BeginningBalance" ns2:type="simple" />
    <ns0:roleRef roleURI="http://ferc.gov/form/2020-01-01/roles/label/F1Current" ns2:href="../../ferc-core-lab-roles_2020-01-01.xsd#F1Current" ns2:type="simple" />
    <ns0:presentationLink ns2:role="http://ferc.gov/form/2020-01-01/roles/Schedule/F1/StatementOfAccumulatedOtherComprehensiveIncomeComprehensiveIncomeAndHedgingActivities" ns2:type="extended">
        <ns0:loc ns2:href="../../ferc-core_2020-01-01.xsd#ferc_ScheduleStatementOfAccumulatedOtherComprehensiveIncomeAndHedgingActivitiesAbstract" ns2:label="ferc_ScheduleStatementOfAccumulatedOtherComprehensiveIncomeAndHedgingActivitiesAbstract" ns2:type="locator" />
        <ns0:loc ns2:href="../../ferc-core_2020-01-01.xsd#ferc_StatementOfAccumulatedOtherComprehensiveIncomeAndHedgingActivitiesTable" ns2:label="ferc_StatementOfAccumulatedOtherComprehensiveIncomeAndHedgingActivitiesTable" ns2:type="locator" />
        <ns0:presentationArc order="1" ns2:arcrole="http://www.xbrl.org/2003/arcrole/parent-child" ns2:from="ferc_ScheduleStatementOfAccumulatedOtherComprehensiveIncomeAndHedgingActivitiesAbstract" ns2:to="ferc_StatementOfAccumulatedOtherComprehensiveIncomeAndHedgingActivitiesTable" ns2:type="arc" />
        <ns0:loc ns2:href="../../ferc-core_2020-01-01.xsd#ferc_StatementOfAccumulatedOtherComprehensiveIncomeAndHedgingActivitiesLineItems" ns2:label="ferc_StatementOfAccumulatedOtherComprehensiveIncomeAndHedgingActivitiesLineItems" ns2:type="locator" />
        <ns0:presentationArc order="1" ns2:arcrole="http://www.xbrl.org/2003/arcrole/parent-child" ns2:from="ferc_StatementOfAccumulatedOtherComprehensiveIncomeAndHedgingActivitiesTable" ns2:to="ferc_StatementOfAccumulatedOtherComprehensiveIncomeAndHedgingActivitiesLineItems" ns2:type="arc" />
        <ns0:loc ns2:href="../../ferc-core_2020-01-01.xsd#ferc_AccumulatedOtherComprehensiveIncomeLossUnrealizedGainsAndLossesOnAvailableForSaleSecuritiesAbstract" ns2:label="ferc_AccumulatedOtherComprehensiveIncomeLossUnrealizedGainsAndLossesOnAvailableForSaleSecuritiesAbstract" ns2:type="locator" />
        <ns0:presentationArc order="1" preferredLabel="http://ferc.gov/form/2020-01-01/roles/label/F1AOCI" ns2:arcrole="http://www.xbrl.org/2003/arcrole/parent-child" ns2:from="ferc_StatementOfAccumulatedOtherComprehensiveIncomeAndHedgingActivitiesLineItems" ns2:to="ferc_AccumulatedOtherComprehensiveIncomeLossUnrealizedGainsAndLossesOnAvailableForSaleSecuritiesAbstract" ns2:type="arc" />
        <ns0:loc ns2:href="../../ferc-core_2020-01-01.xsd#ferc_AccumulatedOtherComprehensiveIncomeLossUnrealizedGainsAndLossesOnAvailableForSaleSecuritiesBalance" ns2:label="ferc_AccumulatedOtherComprehensiveIncomeLossUnrealizedGainsAndLossesOnAvailableForSaleSecuritiesBalance" ns2:type="locator" />
        <ns0:presentationArc order="1" preferredLabel="http://ferc.gov/form/2020-01-01/roles/label/F1BeginningBalance2" ns2:arcrole="http://www.xbrl.org/2003/arcrole/parent-child" ns2:from="ferc_AccumulatedOtherComprehensiveIncomeLossUnrealizedGainsAndLossesOnAvailableForSaleSecuritiesAbstract" ns2:to="ferc_AccumulatedOtherComprehensiveIncomeLossUnrealizedGainsAndLossesOnAvailableForSaleSecuritiesBalance" ns2:type="arc" />
        <ns0:loc ns2:href="../../ferc-core_2020-01-01.xsd#ferc_AccumulatedOtherComprehensiveIncomeLossUnrealizedGainsAndLossesOnAvailableForSaleSecuritiesReclassificationsToNetIncomeLoss" ns2:label="ferc_AccumulatedOtherComprehensiveIncomeLossUnrealizedGainsAndLossesOnAvailableForSaleSecuritiesReclassificationsToNetIncomeLoss" ns2:type="locator" />
        <ns0:presentationArc order="2" preferredLabel="http://ferc.gov/form/2020-01-01/roles/label/F1Prior" ns2:arcrole="http://www.xbrl.org/2003/arcrole/parent-child" ns2:from="ferc_AccumulatedOtherComprehensiveIncomeLossUnrealizedGainsAndLossesOnAvailableForSaleSecuritiesAbstract" ns2:to="ferc_AccumulatedOtherComprehensiveIncomeLossUnrealizedGainsAndLossesOnAvailableForSaleSecuritiesReclassificationsToNetIncomeLoss" ns2:type="arc" />
        <ns0:loc ns2:href="../../ferc-core_2020-01-01.xsd#ferc_AccumulatedOtherComprehensiveIncomeLossUnrealizedGainsAndLossesOnAvailableForSaleSecuritiesChangesInFairValue" ns2:label="ferc_AccumulatedOtherComprehensiveIncomeLossUnrealizedGainsAndLossesOnAvailableForSaleSecuritiesChangesInFairValue" ns2:type="locator" />
        <ns0:presentationArc order="3" preferredLabel="http://ferc.gov/form/2020-01-01/roles/label/F1Prior" ns2:arcrole="http://www.xbrl.org/2003/arcrole/parent-child" ns2:from="ferc_AccumulatedOtherComprehensiveIncomeLossUnrealizedGainsAndLossesOnAvailableForSaleSecuritiesAbstract" ns2:to="ferc_AccumulatedOtherComprehensiveIncomeLossUnrealizedGainsAndLossesOnAvailableForSaleSecuritiesChangesInFairValue" ns2:type="arc" />
        <ns0:loc ns2:href="../../ferc-core_2020-01-01.xsd#ferc_AccumulatedOtherComprehensiveIncomeLossChangesInUnrealizedGainsAndLossesOnAvailableForSaleSecurities" ns2:label="ferc_AccumulatedOtherComprehensiveIncomeLossChangesInUnrealizedGainsAndLossesOnAvailableForSaleSecurities" ns2:type="locator" />
        <ns0:presentationArc order="4" preferredLabel="http://ferc.gov/form/2020-01-01/roles/label/F1Prior" ns2:arcrole="http://www.xbrl.org/2003/arcrole/parent-child" ns2:from="ferc_AccumulatedOtherComprehensiveIncomeLossUnrealizedGainsAndLossesOnAvailableForSaleSecuritiesAbstract" ns2:to="ferc_AccumulatedOtherComprehensiveIncomeLossChangesInUnrealizedGainsAndLossesOnAvailableForSaleSecurities" ns2:type="arc" />
        <ns0:loc ns2:href="../../ferc-core_2020-01-01.xsd#ferc_AccumulatedOtherComprehensiveIncomeLossUnrealizedGainsAndLossesOnAvailableForSaleSecuritiesBalance" ns2:label="ferc_AccumulatedOtherComprehensiveIncomeLossUnrealizedGainsAndLossesOnAvailableForSaleSecuritiesBalance_1" ns2:type="locator" />
        <ns0:presentationArc order="5" preferredLabel="http://ferc.gov/form/2020-01-01/roles/label/F1EndingBalance2" ns2:arcrole="http://www.xbrl.org/2003/arcrole/parent-child" ns2:from="ferc_AccumulatedOtherComprehensiveIncomeLossUnrealizedGainsAndLossesOnAvailableForSaleSecuritiesAbstract" ns2:to="ferc_AccumulatedOtherComprehensiveIncomeLossUnrealizedGainsAndLossesOnAvailableForSaleSecuritiesBalance_1" ns2:type="arc" />
        <ns0:loc ns2:href="../../ferc-core_2020-01-01.xsd#ferc_AccumulatedOtherComprehensiveIncomeLossUnrealizedGainsAndLossesOnAvailableForSaleSecuritiesBalance" ns2:label="ferc_AccumulatedOtherComprehensiveIncomeLossUnrealizedGainsAndLossesOnAvailableForSaleSecuritiesBalance_2" ns2:type="locator" />
        <ns0:presentationArc order="6" preferredLabel="http://ferc.gov/form/2020-01-01/roles/label/F1BeginningBalance" ns2:arcrole="http://www.xbrl.org/2003/arcrole/parent-child" ns2:from="ferc_AccumulatedOtherComprehensiveIncomeLossUnrealizedGainsAndLossesOnAvailableForSaleSecuritiesAbstract" ns2:to="ferc_AccumulatedOtherComprehensiveIncomeLossUnrealizedGainsAndLossesOnAvailableForSaleSecuritiesBalance_2" ns2:type="arc" />
        <ns0:loc ns2:href="../../ferc-core_2020-01-01.xsd#ferc_AccumulatedOtherComprehensiveIncomeLossUnrealizedGainsAndLossesOnAvailableForSaleSecuritiesReclassificationsToNetIncomeLoss" ns2:label="ferc_AccumulatedOtherComprehensiveIncomeLossUnrealizedGainsAndLossesOnAvailableForSaleSecuritiesReclassificationsToNetIncomeLoss_1" ns2:type="locator" />
        <ns0:presentationArc order="7" preferredLabel="http://ferc.gov/form/2020-01-01/roles/label/F1Current" ns2:arcrole="http://www.xbrl.org/2003/arcrole/parent-child" ns2:from="ferc_AccumulatedOtherComprehensiveIncomeLossUnrealizedGainsAndLossesOnAvailableForSaleSecuritiesAbstract" ns2:to="ferc_AccumulatedOtherComprehensiveIncomeLossUnrealizedGainsAndLossesOnAvailableForSaleSecuritiesReclassificationsToNetIncomeLoss_1" ns2:type="arc" />
        <ns0:loc ns2:href="../../ferc-core_2020-01-01.xsd#ferc_AccumulatedOtherComprehensiveIncomeLossUnrealizedGainsAndLossesOnAvailableForSaleSecuritiesChangesInFairValue" ns2:label="ferc_AccumulatedOtherComprehensiveIncomeLossUnrealizedGainsAndLossesOnAvailableForSaleSecuritiesChangesInFairValue_1" ns2:type="locator" />
        <ns0:presentationArc order="8" preferredLabel="http://ferc.gov/form/2020-01-01/roles/label/F1Current" ns2:arcrole="http://www.xbrl.org/2003/arcrole/parent-child" ns2:from="ferc_AccumulatedOtherComprehensiveIncomeLossUnrealizedGainsAndLossesOnAvailableForSaleSecuritiesAbstract" ns2:to="ferc_AccumulatedOtherComprehensiveIncomeLossUnrealizedGainsAndLossesOnAvailableForSaleSecuritiesChangesInFairValue_1" ns2:type="arc" />
        <ns0:loc ns2:href="../../ferc-core_2020-01-01.xsd#ferc_AccumulatedOtherComprehensiveIncomeLossChangesInUnrealizedGainsAndLossesOnAvailableForSaleSecurities" ns2:label="ferc_AccumulatedOtherComprehensiveIncomeLossChangesInUnrealizedGainsAndLossesOnAvailableForSaleSecurities_1" ns2:type="locator" />
        <ns0:presentationArc order="9" preferredLabel="http://ferc.gov/form/2020-01-01/roles/label/F1Current" ns2:arcrole="http://www.xbrl.org/2003/arcrole/parent-child" ns2:from="ferc_AccumulatedOtherComprehensiveIncomeLossUnrealizedGainsAndLossesOnAvailableForSaleSecuritiesAbstract" ns2:to="ferc_AccumulatedOtherComprehensiveIncomeLossChangesInUnrealizedGainsAndLossesOnAvailableForSaleSecurities_1" ns2:type="arc" />
        <ns0:loc ns2:href="../../ferc-core_2020-01-01.xsd#ferc_AccumulatedOtherComprehensiveIncomeLossUnrealizedGainsAndLossesOnAvailableForSaleSecuritiesBalance" ns2:label="ferc_AccumulatedOtherComprehensiveIncomeLossUnrealizedGainsAndLossesOnAvailableForSaleSecuritiesBalance_3" ns2:type="locator" />
        <ns0:presentationArc order="10" preferredLabel="http://ferc.gov/form/2020-01-01/roles/label/F1EndingBalance" ns2:arcrole="http://www.xbrl.org/2003/arcrole/parent-child" ns2:from="ferc_AccumulatedOtherComprehensiveIncomeLossUnrealizedGainsAndLossesOnAvailableForSaleSecuritiesAbstract" ns2:to="ferc_AccumulatedOtherComprehensiveIncomeLossUnrealizedGainsAndLossesOnAvailableForSaleSecuritiesBalance_3" ns2:type="arc" />
        <ns0:loc ns2:href="../../ferc-core_2020-01-01.xsd#ferc_AccumulatedOtherComprehensiveIncomeLossMinimumPensionLiabilityAdjustmentAbstract" ns2:label="ferc_AccumulatedOtherComprehensiveIncomeLossMinimumPensionLiabilityAdjustmentAbstract" ns2:type="locator" />
        <ns0:presentationArc order="2" preferredLabel="http://ferc.gov/form/2020-01-01/roles/label/F1AOCI" ns2:arcrole="http://www.xbrl.org/2003/arcrole/parent-child" ns2:from="ferc_StatementOfAccumulatedOtherComprehensiveIncomeAndHedgingActivitiesLineItems" ns2:to="ferc_AccumulatedOtherComprehensiveIncomeLossMinimumPensionLiabilityAdjustmentAbstract" ns2:type="arc" />
        <ns0:loc ns2:href="../../ferc-core_2020-01-01.xsd#ferc_AccumulatedOtherComprehensiveIncomeLossMinimumPensionLiabilityAdjustmentBalance" ns2:label="ferc_AccumulatedOtherComprehensiveIncomeLossMinimumPensionLiabilityAdjustmentBalance" ns2:type="locator" />
        <ns0:presentationArc order="1" preferredLabel="http://ferc.gov/form/2020-01-01/roles/label/F1BeginningBalance2" ns2:arcrole="http://www.xbrl.org/2003/arcrole/parent-child" ns2:from="ferc_AccumulatedOtherComprehensiveIncomeLossMinimumPensionLiabilityAdjustmentAbstract" ns2:to="ferc_AccumulatedOtherComprehensiveIncomeLossMinimumPensionLiabilityAdjustmentBalance" ns2:type="arc" />
        <ns0:loc ns2:href="../../ferc-core_2020-01-01.xsd#ferc_AccumulatedOtherComprehensiveIncomeLossMinimumPensionLiabilityAdjustmentReclassificationsToNetIncomeLoss" ns2:label="ferc_AccumulatedOtherComprehensiveIncomeLossMinimumPensionLiabilityAdjustmentReclassificationsToNetIncomeLoss" ns2:type="locator" />
        <ns0:presentationArc order="2" preferredLabel="http://ferc.gov/form/2020-01-01/roles/label/F1Prior" ns2:arcrole="http://www.xbrl.org/2003/arcrole/parent-child" ns2:from="ferc_AccumulatedOtherComprehensiveIncomeLossMinimumPensionLiabilityAdjustmentAbstract" ns2:to="ferc_AccumulatedOtherComprehensiveIncomeLossMinimumPensionLiabilityAdjustmentReclassificationsToNetIncomeLoss" ns2:type="arc" />
        <ns0:loc ns2:href="../../ferc-core_2020-01-01.xsd#ferc_AccumulatedOtherComprehensiveIncomeLossMinimumPensionLiabilityAdjustmentChangesInFairValue" ns2:label="ferc_AccumulatedOtherComprehensiveIncomeLossMinimumPensionLiabilityAdjustmentChangesInFairValue" ns2:type="locator" />
        <ns0:presentationArc order="3" preferredLabel="http://ferc.gov/form/2020-01-01/roles/label/F1Prior" ns2:arcrole="http://www.xbrl.org/2003/arcrole/parent-child" ns2:from="ferc_AccumulatedOtherComprehensiveIncomeLossMinimumPensionLiabilityAdjustmentAbstract" ns2:to="ferc_AccumulatedOtherComprehensiveIncomeLossMinimumPensionLiabilityAdjustmentChangesInFairValue" ns2:type="arc" />
        <ns0:loc ns2:href="../../ferc-core_2020-01-01.xsd#ferc_AccumulatedOtherComprehensiveIncomeLossChangesInMinimumPensionLiabilityAdjustment" ns2:label="ferc_AccumulatedOtherComprehensiveIncomeLossChangesInMinimumPensionLiabilityAdjustment" ns2:type="locator" />
        <ns0:presentationArc order="4" preferredLabel="http://ferc.gov/form/2020-01-01/roles/label/F1Prior" ns2:arcrole="http://www.xbrl.org/2003/arcrole/parent-child" ns2:from="ferc_AccumulatedOtherComprehensiveIncomeLossMinimumPensionLiabilityAdjustmentAbstract" ns2:to="ferc_AccumulatedOtherComprehensiveIncomeLossChangesInMinimumPensionLiabilityAdjustment" ns2:type="arc" />
        <ns0:loc ns2:href="../../ferc-core_2020-01-01.xsd#ferc_AccumulatedOtherComprehensiveIncomeLossMinimumPensionLiabilityAdjustmentBalance" ns2:label="ferc_AccumulatedOtherComprehensiveIncomeLossMinimumPensionLiabilityAdjustmentBalance_1" ns2:type="locator" />
        <ns0:presentationArc order="5" preferredLabel="http://ferc.gov/form/2020-01-01/roles/label/F1EndingBalance2" ns2:arcrole="http://www.xbrl.org/2003/arcrole/parent-child" ns2:from="ferc_AccumulatedOtherComprehensiveIncomeLossMinimumPensionLiabilityAdjustmentAbstract" ns2:to="ferc_AccumulatedOtherComprehensiveIncomeLossMinimumPensionLiabilityAdjustmentBalance_1" ns2:type="arc" />
        <ns0:loc ns2:href="../../ferc-core_2020-01-01.xsd#ferc_AccumulatedOtherComprehensiveIncomeLossMinimumPensionLiabilityAdjustmentBalance" ns2:label="ferc_AccumulatedOtherComprehensiveIncomeLossMinimumPensionLiabilityAdjustmentBalance_2" ns2:type="locator" />
        <ns0:presentationArc order="6" preferredLabel="http://ferc.gov/form/2020-01-01/roles/label/F1BeginningBalance" ns2:arcrole="http://www.xbrl.org/2003/arcrole/parent-child" ns2:from="ferc_AccumulatedOtherComprehensiveIncomeLossMinimumPensionLiabilityAdjustmentAbstract" ns2:to="ferc_AccumulatedOtherComprehensiveIncomeLossMinimumPensionLiabilityAdjustmentBalance_2" ns2:type="arc" />
        <ns0:loc ns2:href="../../ferc-core_2020-01-01.xsd#ferc_AccumulatedOtherComprehensiveIncomeLossMinimumPensionLiabilityAdjustmentReclassificationsToNetIncomeLoss" ns2:label="ferc_AccumulatedOtherComprehensiveIncomeLossMinimumPensionLiabilityAdjustmentReclassificationsToNetIncomeLoss_1" ns2:type="locator" />
        <ns0:presentationArc order="7" preferredLabel="http://ferc.gov/form/2020-01-01/roles/label/F1Current" ns2:arcrole="http://www.xbrl.org/2003/arcrole/parent-child" ns2:from="ferc_AccumulatedOtherComprehensiveIncomeLossMinimumPensionLiabilityAdjustmentAbstract" ns2:to="ferc_AccumulatedOtherComprehensiveIncomeLossMinimumPensionLiabilityAdjustmentReclassificationsToNetIncomeLoss_1" ns2:type="arc" />
        <ns0:loc ns2:href="../../ferc-core_2020-01-01.xsd#ferc_AccumulatedOtherComprehensiveIncomeLossMinimumPensionLiabilityAdjustmentChangesInFairValue" ns2:label="ferc_AccumulatedOtherComprehensiveIncomeLossMinimumPensionLiabilityAdjustmentChangesInFairValue_1" ns2:type="locator" />
        <ns0:presentationArc order="8" preferredLabel="http://ferc.gov/form/2020-01-01/roles/label/F1Current" ns2:arcrole="http://www.xbrl.org/2003/arcrole/parent-child" ns2:from="ferc_AccumulatedOtherComprehensiveIncomeLossMinimumPensionLiabilityAdjustmentAbstract" ns2:to="ferc_AccumulatedOtherComprehensiveIncomeLossMinimumPensionLiabilityAdjustmentChangesInFairValue_1" ns2:type="arc" />
        <ns0:loc ns2:href="../../ferc-core_2020-01-01.xsd#ferc_AccumulatedOtherComprehensiveIncomeLossChangesInMinimumPensionLiabilityAdjustment" ns2:label="ferc_AccumulatedOtherComprehensiveIncomeLossChangesInMinimumPensionLiabilityAdjustment_1" ns2:type="locator" />
        <ns0:presentationArc order="9" preferredLabel="http://ferc.gov/form/2020-01-01/roles/label/F1Current" ns2:arcrole="http://www.xbrl.org/2003/arcrole/parent-child" ns2:from="ferc_AccumulatedOtherComprehensiveIncomeLossMinimumPensionLiabilityAdjustmentAbstract" ns2:to="ferc_AccumulatedOtherComprehensiveIncomeLossChangesInMinimumPensionLiabilityAdjustment_1" ns2:type="arc" />
        <ns0:loc ns2:href="../../ferc-core_2020-01-01.xsd#ferc_AccumulatedOtherComprehensiveIncomeLossMinimumPensionLiabilityAdjustmentBalance" ns2:label="ferc_AccumulatedOtherComprehensiveIncomeLossMinimumPensionLiabilityAdjustmentBalance_3" ns2:type="locator" />
        <ns0:presentationArc order="10" preferredLabel="http://ferc.gov/form/2020-01-01/roles/label/F1EndingBalance" ns2:arcrole="http://www.xbrl.org/2003/arcrole/parent-child" ns2:from="ferc_AccumulatedOtherComprehensiveIncomeLossMinimumPensionLiabilityAdjustmentAbstract" ns2:to="ferc_AccumulatedOtherComprehensiveIncomeLossMinimumPensionLiabilityAdjustmentBalance_3" ns2:type="arc" />
        <ns0:loc ns2:href="../../ferc-core_2020-01-01.xsd#ferc_AccumulatedOtherComprehensiveIncomeLossForeignCurrencyHedgesAbstract" ns2:label="ferc_AccumulatedOtherComprehensiveIncomeLossForeignCurrencyHedgesAbstract" ns2:type="locator" />
        <ns0:presentationArc order="3" preferredLabel="http://ferc.gov/form/2020-01-01/roles/label/F1AOCI" ns2:arcrole="http://www.xbrl.org/2003/arcrole/parent-child" ns2:from="ferc_StatementOfAccumulatedOtherComprehensiveIncomeAndHedgingActivitiesLineItems" ns2:to="ferc_AccumulatedOtherComprehensiveIncomeLossForeignCurrencyHedgesAbstract" ns2:type="arc" />
        <ns0:loc ns2:href="../../ferc-core_2020-01-01.xsd#ferc_AccumulatedOtherComprehensiveIncomeLossForeignCurrencyHedgesBalance" ns2:label="ferc_AccumulatedOtherComprehensiveIncomeLossForeignCurrencyHedgesBalance" ns2:type="locator" />
        <ns0:presentationArc order="1" preferredLabel="http://ferc.gov/form/2020-01-01/roles/label/F1BeginningBalance2" ns2:arcrole="http://www.xbrl.org/2003/arcrole/parent-child" ns2:from="ferc_AccumulatedOtherComprehensiveIncomeLossForeignCurrencyHedgesAbstract" ns2:to="ferc_AccumulatedOtherComprehensiveIncomeLossForeignCurrencyHedgesBalance" ns2:type="arc" />
        <ns0:loc ns2:href="../../ferc-core_2020-01-01.xsd#ferc_AccumulatedOtherComprehensiveIncomeLossForeignCurrencyHedgesReclassificationsToNetIncomeLoss" ns2:label="ferc_AccumulatedOtherComprehensiveIncomeLossForeignCurrencyHedgesReclassificationsToNetIncomeLoss" ns2:type="locator" />
        <ns0:presentationArc order="2" preferredLabel="http://ferc.gov/form/2020-01-01/roles/label/F1Prior" ns2:arcrole="http://www.xbrl.org/2003/arcrole/parent-child" ns2:from="ferc_AccumulatedOtherComprehensiveIncomeLossForeignCurrencyHedgesAbstract" ns2:to="ferc_AccumulatedOtherComprehensiveIncomeLossForeignCurrencyHedgesReclassificationsToNetIncomeLoss" ns2:type="arc" />
        <ns0:loc ns2:href="../../ferc-core_2020-01-01.xsd#ferc_AccumulatedOtherComprehensiveIncomeLossForeignCurrencyHedgesChangesInFairValue" ns2:label="ferc_AccumulatedOtherComprehensiveIncomeLossForeignCurrencyHedgesChangesInFairValue" ns2:type="locator" />
        <ns0:presentationArc order="3" preferredLabel="http://ferc.gov/form/2020-01-01/roles/label/F1Prior" ns2:arcrole="http://www.xbrl.org/2003/arcrole/parent-child" ns2:from="ferc_AccumulatedOtherComprehensiveIncomeLossForeignCurrencyHedgesAbstract" ns2:to="ferc_AccumulatedOtherComprehensiveIncomeLossForeignCurrencyHedgesChangesInFairValue" ns2:type="arc" />
        <ns0:loc ns2:href="../../ferc-core_2020-01-01.xsd#ferc_AccumulatedOtherComprehensiveIncomeLossChangesInForeignCurrencyHedges" ns2:label="ferc_AccumulatedOtherComprehensiveIncomeLossChangesInForeignCurrencyHedges" ns2:type="locator" />
        <ns0:presentationArc order="4" preferredLabel="http://ferc.gov/form/2020-01-01/roles/label/F1Prior" ns2:arcrole="http://www.xbrl.org/2003/arcrole/parent-child" ns2:from="ferc_AccumulatedOtherComprehensiveIncomeLossForeignCurrencyHedgesAbstract" ns2:to="ferc_AccumulatedOtherComprehensiveIncomeLossChangesInForeignCurrencyHedges" ns2:type="arc" />
        <ns0:loc ns2:href="../../ferc-core_2020-01-01.xsd#ferc_AccumulatedOtherComprehensiveIncomeLossForeignCurrencyHedgesBalance" ns2:label="ferc_AccumulatedOtherComprehensiveIncomeLossForeignCurrencyHedgesBalance_1" ns2:type="locator" />
        <ns0:presentationArc order="5" preferredLabel="http://ferc.gov/form/2020-01-01/roles/label/F1EndingBalance2" ns2:arcrole="http://www.xbrl.org/2003/arcrole/parent-child" ns2:from="ferc_AccumulatedOtherComprehensiveIncomeLossForeignCurrencyHedgesAbstract" ns2:to="ferc_AccumulatedOtherComprehensiveIncomeLossForeignCurrencyHedgesBalance_1" ns2:type="arc" />
        <ns0:loc ns2:href="../../ferc-core_2020-01-01.xsd#ferc_AccumulatedOtherComprehensiveIncomeLossForeignCurrencyHedgesBalance" ns2:label="ferc_AccumulatedOtherComprehensiveIncomeLossForeignCurrencyHedgesBalance_2" ns2:type="locator" />
        <ns0:presentationArc order="6" preferredLabel="http://ferc.gov/form/2020-01-01/roles/label/F1BeginningBalance" ns2:arcrole="http://www.xbrl.org/2003/arcrole/parent-child" ns2:from="ferc_AccumulatedOtherComprehensiveIncomeLossForeignCurrencyHedgesAbstract" ns2:to="ferc_AccumulatedOtherComprehensiveIncomeLossForeignCurrencyHedgesBalance_2" ns2:type="arc" />
        <ns0:loc ns2:href="../../ferc-core_2020-01-01.xsd#ferc_AccumulatedOtherComprehensiveIncomeLossForeignCurrencyHedgesReclassificationsToNetIncomeLoss" ns2:label="ferc_AccumulatedOtherComprehensiveIncomeLossForeignCurrencyHedgesReclassificationsToNetIncomeLoss_1" ns2:type="locator" />
        <ns0:presentationArc order="7" preferredLabel="http://ferc.gov/form/2020-01-01/roles/label/F1Current" ns2:arcrole="http://www.xbrl.org/2003/arcrole/parent-child" ns2:from="ferc_AccumulatedOtherComprehensiveIncomeLossForeignCurrencyHedgesAbstract" ns2:to="ferc_AccumulatedOtherComprehensiveIncomeLossForeignCurrencyHedgesReclassificationsToNetIncomeLoss_1" ns2:type="arc" />
        <ns0:loc ns2:href="../../ferc-core_2020-01-01.xsd#ferc_AccumulatedOtherComprehensiveIncomeLossForeignCurrencyHedgesChangesInFairValue" ns2:label="ferc_AccumulatedOtherComprehensiveIncomeLossForeignCurrencyHedgesChangesInFairValue_1" ns2:type="locator" />
        <ns0:presentationArc order="8" preferredLabel="http://ferc.gov/form/2020-01-01/roles/label/F1Current" ns2:arcrole="http://www.xbrl.org/2003/arcrole/parent-child" ns2:from="ferc_AccumulatedOtherComprehensiveIncomeLossForeignCurrencyHedgesAbstract" ns2:to="ferc_AccumulatedOtherComprehensiveIncomeLossForeignCurrencyHedgesChangesInFairValue_1" ns2:type="arc" />
        <ns0:loc ns2:href="../../ferc-core_2020-01-01.xsd#ferc_AccumulatedOtherComprehensiveIncomeLossChangesInForeignCurrencyHedges" ns2:label="ferc_AccumulatedOtherComprehensiveIncomeLossChangesInForeignCurrencyHedges_1" ns2:type="locator" />
        <ns0:presentationArc order="9" preferredLabel="http://ferc.gov/form/2020-01-01/roles/label/F1Current" ns2:arcrole="http://www.xbrl.org/2003/arcrole/parent-child" ns2:from="ferc_AccumulatedOtherComprehensiveIncomeLossForeignCurrencyHedgesAbstract" ns2:to="ferc_AccumulatedOtherComprehensiveIncomeLossChangesInForeignCurrencyHedges_1" ns2:type="arc" />
        <ns0:loc ns2:href="../../ferc-core_2020-01-01.xsd#ferc_AccumulatedOtherComprehensiveIncomeLossForeignCurrencyHedgesBalance" ns2:label="ferc_AccumulatedOtherComprehensiveIncomeLossForeignCurrencyHedgesBalance_3" ns2:type="locator" />
        <ns0:presentationArc order="10" preferredLabel="http://ferc.gov/form/2020-01-01/roles/label/F1EndingBalance" ns2:arcrole="http://www.xbrl.org/2003/arcrole/parent-child" ns2:from="ferc_AccumulatedOtherComprehensiveIncomeLossForeignCurrencyHedgesAbstract" ns2:to="ferc_AccumulatedOtherComprehensiveIncomeLossForeignCurrencyHedgesBalance_3" ns2:type="arc" />
        <ns0:loc ns2:href="../../ferc-core_2020-01-01.xsd#ferc_AccumulatedOtherComprehensiveIncomeLossOtherAdjustmentsToComprehensiveIncomeLossAbstract" ns2:label="ferc_AccumulatedOtherComprehensiveIncomeLossOtherAdjustmentsToComprehensiveIncomeLossAbstract" ns2:type="locator" />
        <ns0:presentationArc order="4" preferredLabel="http://ferc.gov/form/2020-01-01/roles/label/F1AOCI" ns2:arcrole="http://www.xbrl.org/2003/arcrole/parent-child" ns2:from="ferc_StatementOfAccumulatedOtherComprehensiveIncomeAndHedgingActivitiesLineItems" ns2:to="ferc_AccumulatedOtherComprehensiveIncomeLossOtherAdjustmentsToComprehensiveIncomeLossAbstract" ns2:type="arc" />
        <ns0:loc ns2:href="../../ferc-core_2020-01-01.xsd#ferc_AccumulatedOtherComprehensiveIncomeLossOtherAdjustmentsToComprehensiveIncomeLossBalance" ns2:label="ferc_AccumulatedOtherComprehensiveIncomeLossOtherAdjustmentsToComprehensiveIncomeLossBalance" ns2:type="locator" />
        <ns0:presentationArc order="1" preferredLabel="http://ferc.gov/form/2020-01-01/roles/label/F1BeginningBalance2" ns2:arcrole="http://www.xbrl.org/2003/arcrole/parent-child" ns2:from="ferc_AccumulatedOtherComprehensiveIncomeLossOtherAdjustmentsToComprehensiveIncomeLossAbstract" ns2:to="ferc_AccumulatedOtherComprehensiveIncomeLossOtherAdjustmentsToComprehensiveIncomeLossBalance" ns2:type="arc" />
        <ns0:loc ns2:href="../../ferc-core_2020-01-01.xsd#ferc_AccumulatedOtherComprehensiveIncomeLossOtherAdjustmentsToComprehensiveIncomeLossReclassificationsToNetIncomeLoss" ns2:label="ferc_AccumulatedOtherComprehensiveIncomeLossOtherAdjustmentsToComprehensiveIncomeLossReclassificationsToNetIncomeLoss" ns2:type="locator" />
        <ns0:presentationArc order="2" preferredLabel="http://ferc.gov/form/2020-01-01/roles/label/F1Prior" ns2:arcrole="http://www.xbrl.org/2003/arcrole/parent-child" ns2:from="ferc_AccumulatedOtherComprehensiveIncomeLossOtherAdjustmentsToComprehensiveIncomeLossAbstract" ns2:to="ferc_AccumulatedOtherComprehensiveIncomeLossOtherAdjustmentsToComprehensiveIncomeLossReclassificationsToNetIncomeLoss" ns2:type="arc" />
        <ns0:loc ns2:href="../../ferc-core_2020-01-01.xsd#ferc_AccumulatedOtherComprehensiveIncomeLossOtherAdjustmentsToComprehensiveIncomeLossChangesInFairValue" ns2:label="ferc_AccumulatedOtherComprehensiveIncomeLossOtherAdjustmentsToComprehensiveIncomeLossChangesInFairValue" ns2:type="locator" />
        <ns0:presentationArc order="3" preferredLabel="http://ferc.gov/form/2020-01-01/roles/label/F1Prior" ns2:arcrole="http://www.xbrl.org/2003/arcrole/parent-child" ns2:from="ferc_AccumulatedOtherComprehensiveIncomeLossOtherAdjustmentsToComprehensiveIncomeLossAbstract" ns2:to="ferc_AccumulatedOtherComprehensiveIncomeLossOtherAdjustmentsToComprehensiveIncomeLossChangesInFairValue" ns2:type="arc" />
        <ns0:loc ns2:href="../../ferc-core_2020-01-01.xsd#ferc_AccumulatedOtherComprehensiveIncomeLossChangesInOtherAdjustmentsToComprehensiveIncomeLoss" ns2:label="ferc_AccumulatedOtherComprehensiveIncomeLossChangesInOtherAdjustmentsToComprehensiveIncomeLoss" ns2:type="locator" />
        <ns0:presentationArc order="4" preferredLabel="http://ferc.gov/form/2020-01-01/roles/label/F1Prior" ns2:arcrole="http://www.xbrl.org/2003/arcrole/parent-child" ns2:from="ferc_AccumulatedOtherComprehensiveIncomeLossOtherAdjustmentsToComprehensiveIncomeLossAbstract" ns2:to="ferc_AccumulatedOtherComprehensiveIncomeLossChangesInOtherAdjustmentsToComprehensiveIncomeLoss" ns2:type="arc" />
        <ns0:loc ns2:href="../../ferc-core_2020-01-01.xsd#ferc_AccumulatedOtherComprehensiveIncomeLossOtherAdjustmentsToComprehensiveIncomeLossBalance" ns2:label="ferc_AccumulatedOtherComprehensiveIncomeLossOtherAdjustmentsToComprehensiveIncomeLossBalance_1" ns2:type="locator" />
        <ns0:presentationArc order="5" preferredLabel="http://ferc.gov/form/2020-01-01/roles/label/F1EndingBalance2" ns2:arcrole="http://www.xbrl.org/2003/arcrole/parent-child" ns2:from="ferc_AccumulatedOtherComprehensiveIncomeLossOtherAdjustmentsToComprehensiveIncomeLossAbstract" ns2:to="ferc_AccumulatedOtherComprehensiveIncomeLossOtherAdjustmentsToComprehensiveIncomeLossBalance_1" ns2:type="arc" />
        <ns0:loc ns2:href="../../ferc-core_2020-01-01.xsd#ferc_AccumulatedOtherComprehensiveIncomeLossOtherAdjustmentsToComprehensiveIncomeLossBalance" ns2:label="ferc_AccumulatedOtherComprehensiveIncomeLossOtherAdjustmentsToComprehensiveIncomeLossBalance_2" ns2:type="locator" />
        <ns0:presentationArc order="6" preferredLabel="http://ferc.gov/form/2020-01-01/roles/label/F1BeginningBalance" ns2:arcrole="http://www.xbrl.org/2003/arcrole/parent-child" ns2:from="ferc_AccumulatedOtherComprehensiveIncomeLossOtherAdjustmentsToComprehensiveIncomeLossAbstract" ns2:to="ferc_AccumulatedOtherComprehensiveIncomeLossOtherAdjustmentsToComprehensiveIncomeLossBalance_2" ns2:type="arc" />
        <ns0:loc ns2:href="../../ferc-core_2020-01-01.xsd#ferc_AccumulatedOtherComprehensiveIncomeLossOtherAdjustmentsToComprehensiveIncomeLossReclassificationsToNetIncomeLoss" ns2:label="ferc_AccumulatedOtherComprehensiveIncomeLossOtherAdjustmentsToComprehensiveIncomeLossReclassificationsToNetIncomeLoss_1" ns2:type="locator" />
        <ns0:presentationArc order="7" preferredLabel="http://ferc.gov/form/2020-01-01/roles/label/F1Current" ns2:arcrole="http://www.xbrl.org/2003/arcrole/parent-child" ns2:from="ferc_AccumulatedOtherComprehensiveIncomeLossOtherAdjustmentsToComprehensiveIncomeLossAbstract" ns2:to="ferc_AccumulatedOtherComprehensiveIncomeLossOtherAdjustmentsToComprehensiveIncomeLossReclassificationsToNetIncomeLoss_1" ns2:type="arc" />
        <ns0:loc ns2:href="../../ferc-core_2020-01-01.xsd#ferc_AccumulatedOtherComprehensiveIncomeLossOtherAdjustmentsToComprehensiveIncomeLossChangesInFairValue" ns2:label="ferc_AccumulatedOtherComprehensiveIncomeLossOtherAdjustmentsToComprehensiveIncomeLossChangesInFairValue_1" ns2:type="locator" />
        <ns0:presentationArc order="8" preferredLabel="http://ferc.gov/form/2020-01-01/roles/label/F1Current" ns2:arcrole="http://www.xbrl.org/2003/arcrole/parent-child" ns2:from="ferc_AccumulatedOtherComprehensiveIncomeLossOtherAdjustmentsToComprehensiveIncomeLossAbstract" ns2:to="ferc_AccumulatedOtherComprehensiveIncomeLossOtherAdjustmentsToComprehensiveIncomeLossChangesInFairValue_1" ns2:type="arc" />
        <ns0:loc ns2:href="../../ferc-core_2020-01-01.xsd#ferc_AccumulatedOtherComprehensiveIncomeLossChangesInOtherAdjustmentsToComprehensiveIncomeLoss" ns2:label="ferc_AccumulatedOtherComprehensiveIncomeLossChangesInOtherAdjustmentsToComprehensiveIncomeLoss_1" ns2:type="locator" />
        <ns0:presentationArc order="9" preferredLabel="http://ferc.gov/form/2020-01-01/roles/label/F1Current" ns2:arcrole="http://www.xbrl.org/2003/arcrole/parent-child" ns2:from="ferc_AccumulatedOtherComprehensiveIncomeLossOtherAdjustmentsToComprehensiveIncomeLossAbstract" ns2:to="ferc_AccumulatedOtherComprehensiveIncomeLossChangesInOtherAdjustmentsToComprehensiveIncomeLoss_1" ns2:type="arc" />
        <ns0:loc ns2:href="../../ferc-core_2020-01-01.xsd#ferc_AccumulatedOtherComprehensiveIncomeLossOtherAdjustmentsToComprehensiveIncomeLossBalance" ns2:label="ferc_AccumulatedOtherComprehensiveIncomeLossOtherAdjustmentsToComprehensiveIncomeLossBalance_3" ns2:type="locator" />
        <ns0:presentationArc order="10" preferredLabel="http://ferc.gov/form/2020-01-01/roles/label/F1EndingBalance" ns2:arcrole="http://www.xbrl.org/2003/arcrole/parent-child" ns2:from="ferc_AccumulatedOtherComprehensiveIncomeLossOtherAdjustmentsToComprehensiveIncomeLossAbstract" ns2:to="ferc_AccumulatedOtherComprehensiveIncomeLossOtherAdjustmentsToComprehensiveIncomeLossBalance_3" ns2:type="arc" />
        <ns0:loc ns2:href="../../ferc-core_2020-01-01.xsd#ferc_AccumulatedOtherComprehensiveIncomeLossOtherCashFlowHedgesInterestRateSwapsAbstract" ns2:label="ferc_AccumulatedOtherComprehensiveIncomeLossOtherCashFlowHedgesInterestRateSwapsAbstract" ns2:type="locator" />
        <ns0:presentationArc order="5" preferredLabel="http://ferc.gov/form/2020-01-01/roles/label/F1AOCI" ns2:arcrole="http://www.xbrl.org/2003/arcrole/parent-child" ns2:from="ferc_StatementOfAccumulatedOtherComprehensiveIncomeAndHedgingActivitiesLineItems" ns2:to="ferc_AccumulatedOtherComprehensiveIncomeLossOtherCashFlowHedgesInterestRateSwapsAbstract" ns2:type="arc" />
        <ns0:loc ns2:href="../../ferc-core_2020-01-01.xsd#ferc_AccumulatedOtherComprehensiveIncomeLossOtherCashFlowHedgesInterestRateSwapsBalance" ns2:label="ferc_AccumulatedOtherComprehensiveIncomeLossOtherCashFlowHedgesInterestRateSwapsBalance" ns2:type="locator" />
        <ns0:presentationArc order="1" preferredLabel="http://ferc.gov/form/2020-01-01/roles/label/F1BeginningBalance2" ns2:arcrole="http://www.xbrl.org/2003/arcrole/parent-child" ns2:from="ferc_AccumulatedOtherComprehensiveIncomeLossOtherCashFlowHedgesInterestRateSwapsAbstract" ns2:to="ferc_AccumulatedOtherComprehensiveIncomeLossOtherCashFlowHedgesInterestRateSwapsBalance" ns2:type="arc" />
        <ns0:loc ns2:href="../../ferc-core_2020-01-01.xsd#ferc_AccumulatedOtherComprehensiveIncomeLossOtherCashFlowHedgesInterestRateSwapsReclassificationsToNetIncomeLoss" ns2:label="ferc_AccumulatedOtherComprehensiveIncomeLossOtherCashFlowHedgesInterestRateSwapsReclassificationsToNetIncomeLoss" ns2:type="locator" />
        <ns0:presentationArc order="2" preferredLabel="http://ferc.gov/form/2020-01-01/roles/label/F1Prior" ns2:arcrole="http://www.xbrl.org/2003/arcrole/parent-child" ns2:from="ferc_AccumulatedOtherComprehensiveIncomeLossOtherCashFlowHedgesInterestRateSwapsAbstract" ns2:to="ferc_AccumulatedOtherComprehensiveIncomeLossOtherCashFlowHedgesInterestRateSwapsReclassificationsToNetIncomeLoss" ns2:type="arc" />
        <ns0:loc ns2:href="../../ferc-core_2020-01-01.xsd#ferc_AccumulatedOtherComprehensiveIncomeLossOtherCashFlowHedgesInterestRateSwapsChangesInFairValue" ns2:label="ferc_AccumulatedOtherComprehensiveIncomeLossOtherCashFlowHedgesInterestRateSwapsChangesInFairValue" ns2:type="locator" />
        <ns0:presentationArc order="3" preferredLabel="http://ferc.gov/form/2020-01-01/roles/label/F1Prior" ns2:arcrole="http://www.xbrl.org/2003/arcrole/parent-child" ns2:from="ferc_AccumulatedOtherComprehensiveIncomeLossOtherCashFlowHedgesInterestRateSwapsAbstract" ns2:to="ferc_AccumulatedOtherComprehensiveIncomeLossOtherCashFlowHedgesInterestRateSwapsChangesInFairValue" ns2:type="arc" />
        <ns0:loc ns2:href="../../ferc-core_2020-01-01.xsd#ferc_AccumulatedOtherComprehensiveIncomeLossChangesInOtherCashFlowHedgesInterestRateSwaps" ns2:label="ferc_AccumulatedOtherComprehensiveIncomeLossChangesInOtherCashFlowHedgesInterestRateSwaps" ns2:type="locator" />
        <ns0:presentationArc order="4" preferredLabel="http://ferc.gov/form/2020-01-01/roles/label/F1Prior" ns2:arcrole="http://www.xbrl.org/2003/arcrole/parent-child" ns2:from="ferc_AccumulatedOtherComprehensiveIncomeLossOtherCashFlowHedgesInterestRateSwapsAbstract" ns2:to="ferc_AccumulatedOtherComprehensiveIncomeLossChangesInOtherCashFlowHedgesInterestRateSwaps" ns2:type="arc" />
        <ns0:loc ns2:href="../../ferc-core_2020-01-01.xsd#ferc_AccumulatedOtherComprehensiveIncomeLossOtherCashFlowHedgesInterestRateSwapsBalance" ns2:label="ferc_AccumulatedOtherComprehensiveIncomeLossOtherCashFlowHedgesInterestRateSwapsBalance_1" ns2:type="locator" />
        <ns0:presentationArc order="5" preferredLabel="http://ferc.gov/form/2020-01-01/roles/label/F1EndingBalance2" ns2:arcrole="http://www.xbrl.org/2003/arcrole/parent-child" ns2:from="ferc_AccumulatedOtherComprehensiveIncomeLossOtherCashFlowHedgesInterestRateSwapsAbstract" ns2:to="ferc_AccumulatedOtherComprehensiveIncomeLossOtherCashFlowHedgesInterestRateSwapsBalance_1" ns2:type="arc" />
        <ns0:loc ns2:href="../../ferc-core_2020-01-01.xsd#ferc_AccumulatedOtherComprehensiveIncomeLossOtherCashFlowHedgesInterestRateSwapsBalance" ns2:label="ferc_AccumulatedOtherComprehensiveIncomeLossOtherCashFlowHedgesInterestRateSwapsBalance_2" ns2:type="locator" />
        <ns0:presentationArc order="6" preferredLabel="http://ferc.gov/form/2020-01-01/roles/label/F1BeginningBalance" ns2:arcrole="http://www.xbrl.org/2003/arcrole/parent-child" ns2:from="ferc_AccumulatedOtherComprehensiveIncomeLossOtherCashFlowHedgesInterestRateSwapsAbstract" ns2:to="ferc_AccumulatedOtherComprehensiveIncomeLossOtherCashFlowHedgesInterestRateSwapsBalance_2" ns2:type="arc" />
        <ns0:loc ns2:href="../../ferc-core_2020-01-01.xsd#ferc_AccumulatedOtherComprehensiveIncomeLossOtherCashFlowHedgesInterestRateSwapsReclassificationsToNetIncomeLoss" ns2:label="ferc_AccumulatedOtherComprehensiveIncomeLossOtherCashFlowHedgesInterestRateSwapsReclassificationsToNetIncomeLoss_1" ns2:type="locator" />
        <ns0:presentationArc order="7" preferredLabel="http://ferc.gov/form/2020-01-01/roles/label/F1Current" ns2:arcrole="http://www.xbrl.org/2003/arcrole/parent-child" ns2:from="ferc_AccumulatedOtherComprehensiveIncomeLossOtherCashFlowHedgesInterestRateSwapsAbstract" ns2:to="ferc_AccumulatedOtherComprehensiveIncomeLossOtherCashFlowHedgesInterestRateSwapsReclassificationsToNetIncomeLoss_1" ns2:type="arc" />
        <ns0:loc ns2:href="../../ferc-core_2020-01-01.xsd#ferc_AccumulatedOtherComprehensiveIncomeLossOtherCashFlowHedgesInterestRateSwapsChangesInFairValue" ns2:label="ferc_AccumulatedOtherComprehensiveIncomeLossOtherCashFlowHedgesInterestRateSwapsChangesInFairValue_1" ns2:type="locator" />
        <ns0:presentationArc order="8" preferredLabel="http://ferc.gov/form/2020-01-01/roles/label/F1Current" ns2:arcrole="http://www.xbrl.org/2003/arcrole/parent-child" ns2:from="ferc_AccumulatedOtherComprehensiveIncomeLossOtherCashFlowHedgesInterestRateSwapsAbstract" ns2:to="ferc_AccumulatedOtherComprehensiveIncomeLossOtherCashFlowHedgesInterestRateSwapsChangesInFairValue_1" ns2:type="arc" />
        <ns0:loc ns2:href="../../ferc-core_2020-01-01.xsd#ferc_AccumulatedOtherComprehensiveIncomeLossChangesInOtherCashFlowHedgesInterestRateSwaps" ns2:label="ferc_AccumulatedOtherComprehensiveIncomeLossChangesInOtherCashFlowHedgesInterestRateSwaps_1" ns2:type="locator" />
        <ns0:presentationArc order="9" preferredLabel="http://ferc.gov/form/2020-01-01/roles/label/F1Current" ns2:arcrole="http://www.xbrl.org/2003/arcrole/parent-child" ns2:from="ferc_AccumulatedOtherComprehensiveIncomeLossOtherCashFlowHedgesInterestRateSwapsAbstract" ns2:to="ferc_AccumulatedOtherComprehensiveIncomeLossChangesInOtherCashFlowHedgesInterestRateSwaps_1" ns2:type="arc" />
        <ns0:loc ns2:href="../../ferc-core_2020-01-01.xsd#ferc_AccumulatedOtherComprehensiveIncomeLossOtherCashFlowHedgesInterestRateSwapsBalance" ns2:label="ferc_AccumulatedOtherComprehensiveIncomeLossOtherCashFlowHedgesInterestRateSwapsBalance_3" ns2:type="locator" />
        <ns0:presentationArc order="10" preferredLabel="http://ferc.gov/form/2020-01-01/roles/label/F1EndingBalance" ns2:arcrole="http://www.xbrl.org/2003/arcrole/parent-child" ns2:from="ferc_AccumulatedOtherComprehensiveIncomeLossOtherCashFlowHedgesInterestRateSwapsAbstract" ns2:to="ferc_AccumulatedOtherComprehensiveIncomeLossOtherCashFlowHedgesInterestRateSwapsBalance_3" ns2:type="arc" />
        <ns0:loc ns2:href="../../ferc-core_2020-01-01.xsd#ferc_AccumulatedOtherComprehensiveIncomeLossOtherCashFlowHedgesAbstract" ns2:label="ferc_AccumulatedOtherComprehensiveIncomeLossOtherCashFlowHedgesAbstract" ns2:type="locator" />
        <ns0:presentationArc order="6" preferredLabel="http://ferc.gov/form/2020-01-01/roles/label/F1AOCI" ns2:arcrole="http://www.xbrl.org/2003/arcrole/parent-child" ns2:from="ferc_StatementOfAccumulatedOtherComprehensiveIncomeAndHedgingActivitiesLineItems" ns2:to="ferc_AccumulatedOtherComprehensiveIncomeLossOtherCashFlowHedgesAbstract" ns2:type="arc" />
        <ns0:loc ns2:href="../../ferc-core_2020-01-01.xsd#ferc_AccumulatedOtherComprehensiveIncomeLossOtherCashFlowHedgesBalance" ns2:label="ferc_AccumulatedOtherComprehensiveIncomeLossOtherCashFlowHedgesBalance" ns2:type="locator" />
        <ns0:presentationArc order="1" preferredLabel="http://ferc.gov/form/2020-01-01/roles/label/F1BeginningBalance2" ns2:arcrole="http://www.xbrl.org/2003/arcrole/parent-child" ns2:from="ferc_AccumulatedOtherComprehensiveIncomeLossOtherCashFlowHedgesAbstract" ns2:to="ferc_AccumulatedOtherComprehensiveIncomeLossOtherCashFlowHedgesBalance" ns2:type="arc" />
        <ns0:loc ns2:href="../../ferc-core_2020-01-01.xsd#ferc_AccumulatedOtherComprehensiveIncomeLossOtherCashFlowHedgesReclassificationsToNetIncomeLoss" ns2:label="ferc_AccumulatedOtherComprehensiveIncomeLossOtherCashFlowHedgesReclassificationsToNetIncomeLoss" ns2:type="locator" />
        <ns0:presentationArc order="2" preferredLabel="http://ferc.gov/form/2020-01-01/roles/label/F1Prior" ns2:arcrole="http://www.xbrl.org/2003/arcrole/parent-child" ns2:from="ferc_AccumulatedOtherComprehensiveIncomeLossOtherCashFlowHedgesAbstract" ns2:to="ferc_AccumulatedOtherComprehensiveIncomeLossOtherCashFlowHedgesReclassificationsToNetIncomeLoss" ns2:type="arc" />
        <ns0:loc ns2:href="../../ferc-core_2020-01-01.xsd#ferc_AccumulatedOtherComprehensiveIncomeLossOtherCashFlowHedgesChangesInFairValue" ns2:label="ferc_AccumulatedOtherComprehensiveIncomeLossOtherCashFlowHedgesChangesInFairValue" ns2:type="locator" />
        <ns0:presentationArc order="3" preferredLabel="http://ferc.gov/form/2020-01-01/roles/label/F1Prior" ns2:arcrole="http://www.xbrl.org/2003/arcrole/parent-child" ns2:from="ferc_AccumulatedOtherComprehensiveIncomeLossOtherCashFlowHedgesAbstract" ns2:to="ferc_AccumulatedOtherComprehensiveIncomeLossOtherCashFlowHedgesChangesInFairValue" ns2:type="arc" />
        <ns0:loc ns2:href="../../ferc-core_2020-01-01.xsd#ferc_AccumulatedOtherComprehensiveIncomeLossChangesInOtherCashFlowHedges" ns2:label="ferc_AccumulatedOtherComprehensiveIncomeLossChangesInOtherCashFlowHedges" ns2:type="locator" />
        <ns0:presentationArc order="4" preferredLabel="http://ferc.gov/form/2020-01-01/roles/label/F1Prior" ns2:arcrole="http://www.xbrl.org/2003/arcrole/parent-child" ns2:from="ferc_AccumulatedOtherComprehensiveIncomeLossOtherCashFlowHedgesAbstract" ns2:to="ferc_AccumulatedOtherComprehensiveIncomeLossChangesInOtherCashFlowHedges" ns2:type="arc" />
        <ns0:loc ns2:href="../../ferc-core_2020-01-01.xsd#ferc_AccumulatedOtherComprehensiveIncomeLossOtherCashFlowHedgesBalance" ns2:label="ferc_AccumulatedOtherComprehensiveIncomeLossOtherCashFlowHedgesBalance_1" ns2:type="locator" />
        <ns0:presentationArc order="5" preferredLabel="http://ferc.gov/form/2020-01-01/roles/label/F1EndingBalance2" ns2:arcrole="http://www.xbrl.org/2003/arcrole/parent-child" ns2:from="ferc_AccumulatedOtherComprehensiveIncomeLossOtherCashFlowHedgesAbstract" ns2:to="ferc_AccumulatedOtherComprehensiveIncomeLossOtherCashFlowHedgesBalance_1" ns2:type="arc" />
        <ns0:loc ns2:href="../../ferc-core_2020-01-01.xsd#ferc_AccumulatedOtherComprehensiveIncomeLossOtherCashFlowHedgesBalance" ns2:label="ferc_AccumulatedOtherComprehensiveIncomeLossOtherCashFlowHedgesBalance_2" ns2:type="locator" />
        <ns0:presentationArc order="6" preferredLabel="http://ferc.gov/form/2020-01-01/roles/label/F1BeginningBalance" ns2:arcrole="http://www.xbrl.org/2003/arcrole/parent-child" ns2:from="ferc_AccumulatedOtherComprehensiveIncomeLossOtherCashFlowHedgesAbstract" ns2:to="ferc_AccumulatedOtherComprehensiveIncomeLossOtherCashFlowHedgesBalance_2" ns2:type="arc" />
        <ns0:loc ns2:href="../../ferc-core_2020-01-01.xsd#ferc_AccumulatedOtherComprehensiveIncomeLossOtherCashFlowHedgesReclassificationsToNetIncomeLoss" ns2:label="ferc_AccumulatedOtherComprehensiveIncomeLossOtherCashFlowHedgesReclassificationsToNetIncomeLoss_1" ns2:type="locator" />
        <ns0:presentationArc order="7" preferredLabel="http://ferc.gov/form/2020-01-01/roles/label/F1Current" ns2:arcrole="http://www.xbrl.org/2003/arcrole/parent-child" ns2:from="ferc_AccumulatedOtherComprehensiveIncomeLossOtherCashFlowHedgesAbstract" ns2:to="ferc_AccumulatedOtherComprehensiveIncomeLossOtherCashFlowHedgesReclassificationsToNetIncomeLoss_1" ns2:type="arc" />
        <ns0:loc ns2:href="../../ferc-core_2020-01-01.xsd#ferc_AccumulatedOtherComprehensiveIncomeLossOtherCashFlowHedgesChangesInFairValue" ns2:label="ferc_AccumulatedOtherComprehensiveIncomeLossOtherCashFlowHedgesChangesInFairValue_1" ns2:type="locator" />
        <ns0:presentationArc order="8" preferredLabel="http://ferc.gov/form/2020-01-01/roles/label/F1Current" ns2:arcrole="http://www.xbrl.org/2003/arcrole/parent-child" ns2:from="ferc_AccumulatedOtherComprehensiveIncomeLossOtherCashFlowHedgesAbstract" ns2:to="ferc_AccumulatedOtherComprehensiveIncomeLossOtherCashFlowHedgesChangesInFairValue_1" ns2:type="arc" />
        <ns0:loc ns2:href="../../ferc-core_2020-01-01.xsd#ferc_AccumulatedOtherComprehensiveIncomeLossChangesInOtherCashFlowHedges" ns2:label="ferc_AccumulatedOtherComprehensiveIncomeLossChangesInOtherCashFlowHedges_1" ns2:type="locator" />
        <ns0:presentationArc order="9" preferredLabel="http://ferc.gov/form/2020-01-01/roles/label/F1Current" ns2:arcrole="http://www.xbrl.org/2003/arcrole/parent-child" ns2:from="ferc_AccumulatedOtherComprehensiveIncomeLossOtherCashFlowHedgesAbstract" ns2:to="ferc_AccumulatedOtherComprehensiveIncomeLossChangesInOtherCashFlowHedges_1" ns2:type="arc" />
        <ns0:loc ns2:href="../../ferc-core_2020-01-01.xsd#ferc_AccumulatedOtherComprehensiveIncomeLossOtherCashFlowHedgesBalance" ns2:label="ferc_AccumulatedOtherComprehensiveIncomeLossOtherCashFlowHedgesBalance_3" ns2:type="locator" />
        <ns0:presentationArc order="10" preferredLabel="http://ferc.gov/form/2020-01-01/roles/label/F1EndingBalance" ns2:arcrole="http://www.xbrl.org/2003/arcrole/parent-child" ns2:from="ferc_AccumulatedOtherComprehensiveIncomeLossOtherCashFlowHedgesAbstract" ns2:to="ferc_AccumulatedOtherComprehensiveIncomeLossOtherCashFlowHedgesBalance_3" ns2:type="arc" />
        <ns0:loc ns2:href="../../ferc-core_2020-01-01.xsd#ferc_AccumulatedOtherComprehensiveIncomeLossAbstract" ns2:label="ferc_AccumulatedOtherComprehensiveIncomeLossAbstract" ns2:type="locator" />
        <ns0:presentationArc order="7" preferredLabel="http://ferc.gov/form/2020-01-01/roles/label/F1AOCI" ns2:arcrole="http://www.xbrl.org/2003/arcrole/parent-child" ns2:from="ferc_StatementOfAccumulatedOtherComprehensiveIncomeAndHedgingActivitiesLineItems" ns2:to="ferc_AccumulatedOtherComprehensiveIncomeLossAbstract" ns2:type="arc" />
        <ns0:loc ns2:href="../../ferc-core_2020-01-01.xsd#ferc_AccumulatedOtherComprehensiveIncomeLoss" ns2:label="ferc_AccumulatedOtherComprehensiveIncomeLoss" ns2:type="locator" />
        <ns0:presentationArc order="1" preferredLabel="http://ferc.gov/form/2020-01-01/roles/label/F1BeginningBalance2" ns2:arcrole="http://www.xbrl.org/2003/arcrole/parent-child" ns2:from="ferc_AccumulatedOtherComprehensiveIncomeLossAbstract" ns2:to="ferc_AccumulatedOtherComprehensiveIncomeLoss" ns2:type="arc" />
        <ns0:loc ns2:href="../../ferc-core_2020-01-01.xsd#ferc_AccumulatedOtherComprehensiveIncomeLossReclassificationsToNetIncomeLoss" ns2:label="ferc_AccumulatedOtherComprehensiveIncomeLossReclassificationsToNetIncomeLoss" ns2:type="locator" />
        <ns0:presentationArc order="2" preferredLabel="http://ferc.gov/form/2020-01-01/roles/label/F1Prior" ns2:arcrole="http://www.xbrl.org/2003/arcrole/parent-child" ns2:from="ferc_AccumulatedOtherComprehensiveIncomeLossAbstract" ns2:to="ferc_AccumulatedOtherComprehensiveIncomeLossReclassificationsToNetIncomeLoss" ns2:type="arc" />
        <ns0:loc ns2:href="../../ferc-core_2020-01-01.xsd#ferc_AccumulatedOtherComprehensiveIncomeLossChangesInFairValue" ns2:label="ferc_AccumulatedOtherComprehensiveIncomeLossChangesInFairValue" ns2:type="locator" />
        <ns0:presentationArc order="3" preferredLabel="http://ferc.gov/form/2020-01-01/roles/label/F1Prior" ns2:arcrole="http://www.xbrl.org/2003/arcrole/parent-child" ns2:from="ferc_AccumulatedOtherComprehensiveIncomeLossAbstract" ns2:to="ferc_AccumulatedOtherComprehensiveIncomeLossChangesInFairValue" ns2:type="arc" />
        <ns0:loc ns2:href="../../ferc-core_2020-01-01.xsd#ferc_ChangesInAccumulatedOtherComprehensiveIncomeLoss" ns2:label="ferc_ChangesInAccumulatedOtherComprehensiveIncomeLoss" ns2:type="locator" />
        <ns0:presentationArc order="4" preferredLabel="http://ferc.gov/form/2020-01-01/roles/label/F1Prior" ns2:arcrole="http://www.xbrl.org/2003/arcrole/parent-child" ns2:from="ferc_AccumulatedOtherComprehensiveIncomeLossAbstract" ns2:to="ferc_ChangesInAccumulatedOtherComprehensiveIncomeLoss" ns2:type="arc" />
        <ns0:loc ns2:href="../../ferc-core_2020-01-01.xsd#ferc_AccumulatedOtherComprehensiveIncomeLoss" ns2:label="ferc_AccumulatedOtherComprehensiveIncomeLoss_1" ns2:type="locator" />
        <ns0:presentationArc order="5" preferredLabel="http://ferc.gov/form/2020-01-01/roles/label/F1EndingBalance2" ns2:arcrole="http://www.xbrl.org/2003/arcrole/parent-child" ns2:from="ferc_AccumulatedOtherComprehensiveIncomeLossAbstract" ns2:to="ferc_AccumulatedOtherComprehensiveIncomeLoss_1" ns2:type="arc" />
        <ns0:loc ns2:href="../../ferc-core_2020-01-01.xsd#ferc_AccumulatedOtherComprehensiveIncomeLoss" ns2:label="ferc_AccumulatedOtherComprehensiveIncomeLoss_2" ns2:type="locator" />
        <ns0:presentationArc order="6" preferredLabel="http://ferc.gov/form/2020-01-01/roles/label/F1BeginningBalance" ns2:arcrole="http://www.xbrl.org/2003/arcrole/parent-child" ns2:from="ferc_AccumulatedOtherComprehensiveIncomeLossAbstract" ns2:to="ferc_AccumulatedOtherComprehensiveIncomeLoss_2" ns2:type="arc" />
        <ns0:loc ns2:href="../../ferc-core_2020-01-01.xsd#ferc_AccumulatedOtherComprehensiveIncomeLossReclassificationsToNetIncomeLoss" ns2:label="ferc_AccumulatedOtherComprehensiveIncomeLossReclassificationsToNetIncomeLoss_1" ns2:type="locator" />
        <ns0:presentationArc order="7" preferredLabel="http://ferc.gov/form/2020-01-01/roles/label/F1Current" ns2:arcrole="http://www.xbrl.org/2003/arcrole/parent-child" ns2:from="ferc_AccumulatedOtherComprehensiveIncomeLossAbstract" ns2:to="ferc_AccumulatedOtherComprehensiveIncomeLossReclassificationsToNetIncomeLoss_1" ns2:type="arc" />
        <ns0:loc ns2:href="../../ferc-core_2020-01-01.xsd#ferc_AccumulatedOtherComprehensiveIncomeLossChangesInFairValue" ns2:label="ferc_AccumulatedOtherComprehensiveIncomeLossChangesInFairValue_1" ns2:type="locator" />
        <ns0:presentationArc order="8" preferredLabel="http://ferc.gov/form/2020-01-01/roles/label/F1Current" ns2:arcrole="http://www.xbrl.org/2003/arcrole/parent-child" ns2:from="ferc_AccumulatedOtherComprehensiveIncomeLossAbstract" ns2:to="ferc_AccumulatedOtherComprehensiveIncomeLossChangesInFairValue_1" ns2:type="arc" />
        <ns0:loc ns2:href="../../ferc-core_2020-01-01.xsd#ferc_ChangesInAccumulatedOtherComprehensiveIncomeLoss" ns2:label="ferc_ChangesInAccumulatedOtherComprehensiveIncomeLoss_1" ns2:type="locator" />
        <ns0:presentationArc order="9" preferredLabel="http://ferc.gov/form/2020-01-01/roles/label/F1Current" ns2:arcrole="http://www.xbrl.org/2003/arcrole/parent-child" ns2:from="ferc_AccumulatedOtherComprehensiveIncomeLossAbstract" ns2:to="ferc_ChangesInAccumulatedOtherComprehensiveIncomeLoss_1" ns2:type="arc" />
        <ns0:loc ns2:href="../../ferc-core_2020-01-01.xsd#ferc_AccumulatedOtherComprehensiveIncomeLoss" ns2:label="ferc_AccumulatedOtherComprehensiveIncomeLoss_3" ns2:type="locator" />
        <ns0:presentationArc order="10" preferredLabel="http://ferc.gov/form/2020-01-01/roles/label/F1EndingBalance" ns2:arcrole="http://www.xbrl.org/2003/arcrole/parent-child" ns2:from="ferc_AccumulatedOtherComprehensiveIncomeLossAbstract" ns2:to="ferc_AccumulatedOtherComprehensiveIncomeLoss_3" ns2:type="arc" />
        <ns0:loc ns2:href="../../ferc-core_2020-01-01.xsd#ferc_NetIncomeLoss" ns2:label="ferc_NetIncomeLoss" ns2:type="locator" />
        <ns0:presentationArc order="8" preferredLabel="http://ferc.gov/form/2020-01-01/roles/label/F1AOCI" ns2:arcrole="http://www.xbrl.org/2003/arcrole/parent-child" ns2:from="ferc_StatementOfAccumulatedOtherComprehensiveIncomeAndHedgingActivitiesLineItems" ns2:to="ferc_NetIncomeLoss" ns2:type="arc" />
        <ns0:loc ns2:href="../../ferc-core_2020-01-01.xsd#ferc_ComprehensiveIncomeLoss" ns2:label="ferc_ComprehensiveIncomeLoss" ns2:type="locator" />
        <ns0:presentationArc order="9" preferredLabel="http://ferc.gov/form/2020-01-01/roles/label/F1AOCI" ns2:arcrole="http://www.xbrl.org/2003/arcrole/parent-child" ns2:from="ferc_StatementOfAccumulatedOtherComprehensiveIncomeAndHedgingActivitiesLineItems" ns2:to="ferc_ComprehensiveIncomeLoss" ns2:type="arc" />
    </ns0:presentationLink>
</ns0:linkbase>