<ns0:linkbase xmlns:ns0="http://www.xbrl.org/2003/linkbase" xmlns:ns2="http://www.w3.org/1999/xlink" xmlns:xsi="http://www.w3.org/2001/XMLSchema-instance" xsi:schemaLocation="http://www.xbrl.org/2003/linkbase http://www.xbrl.org/2003/xbrl-linkbase-2003-12-31.xsd">
    <ns0:roleRef roleURI="http://ferc.gov/form/2020-01-01/roles/label/F1FBeginningBalance" ns2:href="../../ferc-core-lab-roles_2020-01-01.xsd#F1FBeginningBalance" ns2:type="simple" />
    <ns0:roleRef roleURI="http://ferc.gov/form/2020-01-01/roles/label/F1FEndingBalance" ns2:href="../../ferc-core-lab-roles_2020-01-01.xsd#F1FEndingBalance" ns2:type="simple" />
    <ns0:roleRef roleURI="http://ferc.gov/form/2020-01-01/roles/label/F1FAccumulatedProvisionforDepreciationandAmortizationofUtilityPlant" ns2:href="../../ferc-core-lab-roles_2020-01-01.xsd#F1FAccumulatedProvisionforDepreciationandAmortizationofUtilityPlant" ns2:type="simple" />
    <ns0:roleRef roleURI="http://ferc.gov/form/2020-01-01/roles/Schedule/F1F/AccumulatedProvisionForDepreciationAndAmortizationOfUtilityPlantElectric" ns2:href="form-1F-sched-AccumulatedProvisionForDepreciationAndAmortizationOfUtilityPlant_2020-01-01.xsd#roleType_AccumulatedProvisionForDepreciationAndAmortizationOfUtilityPlantElectric" ns2:type="simple" />
    <ns0:roleRef roleURI="http://ferc.gov/form/2020-01-01/roles/Schedule/F1F/AccumulatedProvisionForDepreciationAndAmortizationOfUtilityPlant" ns2:href="form-1F-sched-AccumulatedProvisionForDepreciationAndAmortizationOfUtilityPlant_2020-01-01.xsd#roleType_AccumulatedProvisionForDepreciationAndAmortizationOfUtilityPlant" ns2:type="simple" />
    <ns0:presentationLink ns2:role="http://ferc.gov/form/2020-01-01/roles/Schedule/F1F/AccumulatedProvisionForDepreciationAndAmortizationOfUtilityPlant" ns2:type="extended">
        <ns0:loc ns2:href="../../ferc-core_2020-01-01.xsd#ferc_ScheduleAccumulatedProvisionForDepreciationAndAmortizationOfUtilityPlantAbstract" ns2:label="ferc_ScheduleAccumulatedProvisionForDepreciationAndAmortizationOfUtilityPlantAbstract" ns2:type="locator" />
        <ns0:loc ns2:href="../../ferc-core_2020-01-01.xsd#ferc_AccumulatedProvisionForDepreciationTable" ns2:label="ferc_AccumulatedProvisionForDepreciationTable" ns2:type="locator" />
        <ns0:presentationArc order="1" ns2:arcrole="http://www.xbrl.org/2003/arcrole/parent-child" ns2:from="ferc_ScheduleAccumulatedProvisionForDepreciationAndAmortizationOfUtilityPlantAbstract" ns2:to="ferc_AccumulatedProvisionForDepreciationTable" ns2:type="arc" />
        <ns0:loc ns2:href="../../ferc-core_2020-01-01.xsd#ferc_AccumulatedProvisionForDepreciationAxis" ns2:label="ferc_AccumulatedProvisionForDepreciationAxis" ns2:type="locator" />
        <ns0:presentationArc order="1" ns2:arcrole="http://www.xbrl.org/2003/arcrole/parent-child" ns2:from="ferc_AccumulatedProvisionForDepreciationTable" ns2:to="ferc_AccumulatedProvisionForDepreciationAxis" ns2:type="arc" />
        <ns0:loc ns2:href="../../ferc-core_2020-01-01.xsd#ferc_UtilityTypeAxis" ns2:label="ferc_UtilityTypeAxis" ns2:type="locator" />
        <ns0:presentationArc order="2" ns2:arcrole="http://www.xbrl.org/2003/arcrole/parent-child" ns2:from="ferc_AccumulatedProvisionForDepreciationTable" ns2:to="ferc_UtilityTypeAxis" ns2:type="arc" />
        <ns0:loc ns2:href="../../ferc-core_2020-01-01.xsd#ferc_UtilityTypeDomain" ns2:label="ferc_UtilityTypeDomain" ns2:type="locator" />
        <ns0:presentationArc order="1" ns2:arcrole="http://www.xbrl.org/2003/arcrole/parent-child" ns2:from="ferc_UtilityTypeAxis" ns2:to="ferc_UtilityTypeDomain" ns2:type="arc" />
        <ns0:loc ns2:href="../../ferc-core_2020-01-01.xsd#ferc_GasUtilityMember" ns2:label="ferc_GasUtilityMember" ns2:type="locator" />
        <ns0:presentationArc order="1" ns2:arcrole="http://www.xbrl.org/2003/arcrole/parent-child" ns2:from="ferc_UtilityTypeDomain" ns2:to="ferc_GasUtilityMember" ns2:type="arc" />
        <ns0:loc ns2:href="../../ferc-core_2020-01-01.xsd#ferc_OtherUtilityMember" ns2:label="ferc_OtherUtilityMember" ns2:type="locator" />
        <ns0:presentationArc order="2" ns2:arcrole="http://www.xbrl.org/2003/arcrole/parent-child" ns2:from="ferc_UtilityTypeDomain" ns2:to="ferc_OtherUtilityMember" ns2:type="arc" />
        <ns0:loc ns2:href="../../ferc-core_2020-01-01.xsd#ferc_AccumulatedProvisionForDepreciationLineItems" ns2:label="ferc_AccumulatedProvisionForDepreciationLineItems" ns2:type="locator" />
        <ns0:presentationArc order="3" ns2:arcrole="http://www.xbrl.org/2003/arcrole/parent-child" ns2:from="ferc_AccumulatedProvisionForDepreciationTable" ns2:to="ferc_AccumulatedProvisionForDepreciationLineItems" ns2:type="arc" />
        <ns0:loc ns2:href="../../ferc-core_2020-01-01.xsd#ferc_OrderNumber" ns2:label="ferc_OrderNumber" ns2:type="locator" />
        <ns0:presentationArc order="1" ns2:arcrole="http://www.xbrl.org/2003/arcrole/parent-child" ns2:from="ferc_AccumulatedProvisionForDepreciationLineItems" ns2:to="ferc_OrderNumber" ns2:type="arc" />
        <ns0:loc ns2:href="../../ferc-core_2020-01-01.xsd#ferc_PlantName" ns2:label="ferc_PlantName" ns2:type="locator" />
        <ns0:presentationArc order="2" preferredLabel="http://ferc.gov/form/2020-01-01/roles/label/F1FAccumulatedProvisionforDepreciationandAmortizationofUtilityPlant" ns2:arcrole="http://www.xbrl.org/2003/arcrole/parent-child" ns2:from="ferc_AccumulatedProvisionForDepreciationLineItems" ns2:to="ferc_PlantName" ns2:type="arc" />
        <ns0:loc ns2:href="../../ferc-core_2020-01-01.xsd#ferc_UtilityPlant" ns2:label="ferc_UtilityPlant" ns2:type="locator" />
        <ns0:presentationArc order="3" preferredLabel="http://ferc.gov/form/2020-01-01/roles/label/F1FBeginningBalance" ns2:arcrole="http://www.xbrl.org/2003/arcrole/parent-child" ns2:from="ferc_AccumulatedProvisionForDepreciationLineItems" ns2:to="ferc_UtilityPlant" ns2:type="arc" />
        <ns0:loc ns2:href="../../ferc-core_2020-01-01.xsd#ferc_AccruedDepreciationandAmortization" ns2:label="ferc_AccruedDepreciationandAmortization" ns2:type="locator" />
        <ns0:presentationArc order="4" preferredLabel="http://ferc.gov/form/2020-01-01/roles/label/F1FAccumulatedProvisionforDepreciationandAmortizationofUtilityPlant" ns2:arcrole="http://www.xbrl.org/2003/arcrole/parent-child" ns2:from="ferc_AccumulatedProvisionForDepreciationLineItems" ns2:to="ferc_AccruedDepreciationandAmortization" ns2:type="arc" />
        <ns0:loc ns2:href="../../ferc-core_2020-01-01.xsd#ferc_NetChargesForRetiredPlant" ns2:label="ferc_NetChargesForRetiredPlant" ns2:type="locator" />
        <ns0:presentationArc order="5" preferredLabel="http://ferc.gov/form/2020-01-01/roles/label/F1FAccumulatedProvisionforDepreciationandAmortizationofUtilityPlant" ns2:arcrole="http://www.xbrl.org/2003/arcrole/parent-child" ns2:from="ferc_AccumulatedProvisionForDepreciationLineItems" ns2:to="ferc_NetChargesForRetiredPlant" ns2:type="arc" />
        <ns0:loc ns2:href="../../ferc-core_2020-01-01.xsd#ferc_OtherUtilityPlantChanges" ns2:label="ferc_OtherUtilityPlantChanges" ns2:type="locator" />
        <ns0:presentationArc order="6" preferredLabel="http://ferc.gov/form/2020-01-01/roles/label/F1FAccumulatedProvisionforDepreciationandAmortizationofUtilityPlant" ns2:arcrole="http://www.xbrl.org/2003/arcrole/parent-child" ns2:from="ferc_AccumulatedProvisionForDepreciationLineItems" ns2:to="ferc_OtherUtilityPlantChanges" ns2:type="arc" />
        <ns0:loc ns2:href="../../ferc-core_2020-01-01.xsd#ferc_UtilityPlant" ns2:label="ferc_UtilityPlant_1" ns2:type="locator" />
        <ns0:presentationArc order="7" preferredLabel="http://ferc.gov/form/2020-01-01/roles/label/F1FEndingBalance" ns2:arcrole="http://www.xbrl.org/2003/arcrole/parent-child" ns2:from="ferc_AccumulatedProvisionForDepreciationLineItems" ns2:to="ferc_UtilityPlant_1" ns2:type="arc" />
    </ns0:presentationLink>
    <ns0:presentationLink ns2:role="http://ferc.gov/form/2020-01-01/roles/Schedule/F1F/AccumulatedProvisionForDepreciationAndAmortizationOfUtilityPlantElectric" ns2:type="extended">
        <ns0:loc ns2:href="../../ferc-core_2020-01-01.xsd#ferc_ScheduleAccumulatedProvisionForDepreciationAndAmortizationOfUtilityPlantAbstract" ns2:label="ferc_ScheduleAccumulatedProvisionForDepreciationAndAmortizationOfUtilityPlantAbstract" ns2:type="locator" />
        <ns0:loc ns2:href="../../ferc-core_2020-01-01.xsd#ferc_AccumulatedProvisionForDepreciationElectricTable" ns2:label="ferc_AccumulatedProvisionForDepreciationElectricTable" ns2:type="locator" />
        <ns0:presentationArc order="1" ns2:arcrole="http://www.xbrl.org/2003/arcrole/parent-child" ns2:from="ferc_ScheduleAccumulatedProvisionForDepreciationAndAmortizationOfUtilityPlantAbstract" ns2:to="ferc_AccumulatedProvisionForDepreciationElectricTable" ns2:type="arc" />
        <ns0:loc ns2:href="../../ferc-core_2020-01-01.xsd#ferc_UtilityTypeAxis" ns2:label="ferc_UtilityTypeAxis" ns2:type="locator" />
        <ns0:presentationArc order="1" ns2:arcrole="http://www.xbrl.org/2003/arcrole/parent-child" ns2:from="ferc_AccumulatedProvisionForDepreciationElectricTable" ns2:to="ferc_UtilityTypeAxis" ns2:type="arc" />
        <ns0:loc ns2:href="../../ferc-core_2020-01-01.xsd#ferc_UtilityTypeDomain" ns2:label="ferc_UtilityTypeDomain" ns2:type="locator" />
        <ns0:presentationArc order="1" ns2:arcrole="http://www.xbrl.org/2003/arcrole/parent-child" ns2:from="ferc_UtilityTypeAxis" ns2:to="ferc_UtilityTypeDomain" ns2:type="arc" />
        <ns0:loc ns2:href="../../ferc-core_2020-01-01.xsd#ferc_ElectricUtilityMember" ns2:label="ferc_ElectricUtilityMember" ns2:type="locator" />
        <ns0:presentationArc order="1" ns2:arcrole="http://www.xbrl.org/2003/arcrole/parent-child" ns2:from="ferc_UtilityTypeDomain" ns2:to="ferc_ElectricUtilityMember" ns2:type="arc" />
        <ns0:loc ns2:href="../../ferc-core_2020-01-01.xsd#ferc_AccumulatedProvisionForDepreciationElectricLineItems" ns2:label="ferc_AccumulatedProvisionForDepreciationElectricLineItems" ns2:type="locator" />
        <ns0:presentationArc order="2" ns2:arcrole="http://www.xbrl.org/2003/arcrole/parent-child" ns2:from="ferc_AccumulatedProvisionForDepreciationElectricTable" ns2:to="ferc_AccumulatedProvisionForDepreciationElectricLineItems" ns2:type="arc" />
        <ns0:loc ns2:href="../../ferc-core_2020-01-01.xsd#ferc_OrderNumber" ns2:label="ferc_OrderNumber" ns2:type="locator" />
        <ns0:presentationArc order="1" ns2:arcrole="http://www.xbrl.org/2003/arcrole/parent-child" ns2:from="ferc_AccumulatedProvisionForDepreciationElectricLineItems" ns2:to="ferc_OrderNumber" ns2:type="arc" />
        <ns0:loc ns2:href="../../ferc-core_2020-01-01.xsd#ferc_PlantName" ns2:label="ferc_PlantName" ns2:type="locator" />
        <ns0:presentationArc order="2" preferredLabel="http://ferc.gov/form/2020-01-01/roles/label/F1FAccumulatedProvisionforDepreciationandAmortizationofUtilityPlant" ns2:arcrole="http://www.xbrl.org/2003/arcrole/parent-child" ns2:from="ferc_AccumulatedProvisionForDepreciationElectricLineItems" ns2:to="ferc_PlantName" ns2:type="arc" />
        <ns0:loc ns2:href="../../ferc-core_2020-01-01.xsd#ferc_UtilityPlant" ns2:label="ferc_UtilityPlant" ns2:type="locator" />
        <ns0:presentationArc order="3" preferredLabel="http://ferc.gov/form/2020-01-01/roles/label/F1FBeginningBalance" ns2:arcrole="http://www.xbrl.org/2003/arcrole/parent-child" ns2:from="ferc_AccumulatedProvisionForDepreciationElectricLineItems" ns2:to="ferc_UtilityPlant" ns2:type="arc" />
        <ns0:loc ns2:href="../../ferc-core_2020-01-01.xsd#ferc_AccruedDepreciationandAmortization" ns2:label="ferc_AccruedDepreciationandAmortization" ns2:type="locator" />
        <ns0:presentationArc order="4" preferredLabel="http://ferc.gov/form/2020-01-01/roles/label/F1FAccumulatedProvisionforDepreciationandAmortizationofUtilityPlant" ns2:arcrole="http://www.xbrl.org/2003/arcrole/parent-child" ns2:from="ferc_AccumulatedProvisionForDepreciationElectricLineItems" ns2:to="ferc_AccruedDepreciationandAmortization" ns2:type="arc" />
        <ns0:loc ns2:href="../../ferc-core_2020-01-01.xsd#ferc_NetChargesForRetiredPlant" ns2:label="ferc_NetChargesForRetiredPlant" ns2:type="locator" />
        <ns0:presentationArc order="5" preferredLabel="http://ferc.gov/form/2020-01-01/roles/label/F1FAccumulatedProvisionforDepreciationandAmortizationofUtilityPlant" ns2:arcrole="http://www.xbrl.org/2003/arcrole/parent-child" ns2:from="ferc_AccumulatedProvisionForDepreciationElectricLineItems" ns2:to="ferc_NetChargesForRetiredPlant" ns2:type="arc" />
        <ns0:loc ns2:href="../../ferc-core_2020-01-01.xsd#ferc_OtherUtilityPlantChanges" ns2:label="ferc_OtherUtilityPlantChanges" ns2:type="locator" />
        <ns0:presentationArc order="6" preferredLabel="http://ferc.gov/form/2020-01-01/roles/label/F1FAccumulatedProvisionforDepreciationandAmortizationofUtilityPlant" ns2:arcrole="http://www.xbrl.org/2003/arcrole/parent-child" ns2:from="ferc_AccumulatedProvisionForDepreciationElectricLineItems" ns2:to="ferc_OtherUtilityPlantChanges" ns2:type="arc" />
        <ns0:loc ns2:href="../../ferc-core_2020-01-01.xsd#ferc_UtilityPlant" ns2:label="ferc_UtilityPlant_1" ns2:type="locator" />
        <ns0:presentationArc order="7" preferredLabel="http://ferc.gov/form/2020-01-01/roles/label/F1FEndingBalance" ns2:arcrole="http://www.xbrl.org/2003/arcrole/parent-child" ns2:from="ferc_AccumulatedProvisionForDepreciationElectricLineItems" ns2:to="ferc_UtilityPlant_1" ns2:type="arc" />
    </ns0:presentationLink>
</ns0:linkbase>