﻿<?xml version="1.0" encoding="utf-8"?>
<!--© DNB-->
<link:linkbase xmlns:xsi="http://www.w3.org/2001/XMLSchema-instance" xmlns:xlink="http://www.w3.org/1999/xlink" xmlns:link="http://www.xbrl.org/2003/linkbase" xsi:schemaLocation="http://www.xbrl.org/2003/linkbase http://www.xbrl.org/2003/xbrl-linkbase-2003-12-31.xsd">
  <link:labelLink xlink:type="extended" xlink:role="http://www.xbrl.org/2003/role/link">
    <link:loc xlink:type="locator" xlink:href="dim.xsd#dnb_dim001" xlink:label="loc_dnb_dim001" />
    <link:label xlink:type="resource" xlink:label="label_dnb_dim001" xml:lang="en" xlink:role="http://www.xbrl.org/2003/role/label">BIS-OTC reporting dealers</link:label>
    <link:labelArc xlink:type="arc" xlink:arcrole="http://www.xbrl.org/2003/arcrole/concept-label" xlink:from="loc_dnb_dim001" xlink:to="label_dnb_dim001" />
    <link:label xlink:type="resource" xlink:label="label_dnb_dim001_1" xml:lang="en" xlink:role="http://www.xbrl.org/2003/role/documentation">OTC-REP-DLRS</link:label>
    <link:labelArc xlink:type="arc" xlink:arcrole="http://www.xbrl.org/2003/arcrole/concept-label" xlink:from="loc_dnb_dim001" xlink:to="label_dnb_dim001_1" />
    <link:label xlink:type="resource" xlink:label="label_dnb_dim001_2" xml:lang="en" xlink:role="http://www.xbrl.org/2003/role/verboseLabel">Reporting dealers are those institutions whose head offices participate in the BIS's semiannual OTC derivatives market statistics and located in one of the 13 reporting countries. In addition, reporting dealers include all branches and subsidiaries of these entities worldwide.</link:label>
    <link:labelArc xlink:type="arc" xlink:arcrole="http://www.xbrl.org/2003/arcrole/concept-label" xlink:from="loc_dnb_dim001" xlink:to="label_dnb_dim001_2" />
    <link:loc xlink:type="locator" xlink:href="dim.xsd#dnb_dim002" xlink:label="loc_dnb_dim002" />
    <link:label xlink:type="resource" xlink:label="label_dnb_dim002" xml:lang="en" xlink:role="http://www.xbrl.org/2003/role/label">Instrument bought/sold</link:label>
    <link:labelArc xlink:type="arc" xlink:arcrole="http://www.xbrl.org/2003/arcrole/concept-label" xlink:from="loc_dnb_dim002" xlink:to="label_dnb_dim002" />
    <link:label xlink:type="resource" xlink:label="label_dnb_dim002_1" xml:lang="en" xlink:role="http://www.xbrl.org/2003/role/documentation">INSTR-BS</link:label>
    <link:labelArc xlink:type="arc" xlink:arcrole="http://www.xbrl.org/2003/arcrole/concept-label" xlink:from="loc_dnb_dim002" xlink:to="label_dnb_dim002_1" />
    <link:label xlink:type="resource" xlink:label="label_dnb_dim002_2" xml:lang="en" xlink:role="http://www.xbrl.org/2003/role/verboseLabel">Derivative instruments can be bought or sold. If an instrument is sold, the reporting institution is a writer of the derivative. If an instrument is bought, the reporting institution is a purchaser of the derivative.</link:label>
    <link:labelArc xlink:type="arc" xlink:arcrole="http://www.xbrl.org/2003/arcrole/concept-label" xlink:from="loc_dnb_dim002" xlink:to="label_dnb_dim002_2" />
    <link:loc xlink:type="locator" xlink:href="dim.xsd#dnb_dim003" xlink:label="loc_dnb_dim003" />
    <link:label xlink:type="resource" xlink:label="label_dnb_dim003" xml:lang="en" xlink:role="http://www.xbrl.org/2003/role/label">Replacement value (sign)</link:label>
    <link:labelArc xlink:type="arc" xlink:arcrole="http://www.xbrl.org/2003/arcrole/concept-label" xlink:from="loc_dnb_dim003" xlink:to="label_dnb_dim003" />
    <link:label xlink:type="resource" xlink:label="label_dnb_dim003_1" xml:lang="en" xlink:role="http://www.xbrl.org/2003/role/documentation">REP-VAL</link:label>
    <link:labelArc xlink:type="arc" xlink:arcrole="http://www.xbrl.org/2003/arcrole/concept-label" xlink:from="loc_dnb_dim003" xlink:to="label_dnb_dim003_1" />
    <link:label xlink:type="resource" xlink:label="label_dnb_dim003_2" xml:lang="en" xlink:role="http://www.xbrl.org/2003/role/verboseLabel">Replacement values stand for the price to be received or paid if the instrument were sold in the market at the time of reporting, there are positive and negative replacement values.</link:label>
    <link:labelArc xlink:type="arc" xlink:arcrole="http://www.xbrl.org/2003/arcrole/concept-label" xlink:from="loc_dnb_dim003" xlink:to="label_dnb_dim003_2" />
    <link:loc xlink:type="locator" xlink:href="dim.xsd#dnb_dim004" xlink:label="loc_dnb_dim004" />
    <link:label xlink:type="resource" xlink:label="label_dnb_dim004" xml:lang="en" xlink:role="http://www.xbrl.org/2003/role/label">Counterparty</link:label>
    <link:labelArc xlink:type="arc" xlink:arcrole="http://www.xbrl.org/2003/arcrole/concept-label" xlink:from="loc_dnb_dim004" xlink:to="label_dnb_dim004" />
    <link:label xlink:type="resource" xlink:label="label_dnb_dim004_1" xml:lang="en" xlink:role="http://www.xbrl.org/2003/role/documentation">CPTY</link:label>
    <link:labelArc xlink:type="arc" xlink:arcrole="http://www.xbrl.org/2003/arcrole/concept-label" xlink:from="loc_dnb_dim004" xlink:to="label_dnb_dim004_1" />
    <link:label xlink:type="resource" xlink:label="label_dnb_dim004_2" xml:lang="en" xlink:role="http://www.xbrl.org/2003/role/verboseLabel">Party other than the reporting institution in a contract or transaction.</link:label>
    <link:labelArc xlink:type="arc" xlink:arcrole="http://www.xbrl.org/2003/arcrole/concept-label" xlink:from="loc_dnb_dim004" xlink:to="label_dnb_dim004_2" />
    <link:loc xlink:type="locator" xlink:href="dim.xsd#dnb_dim005" xlink:label="loc_dnb_dim005" />
    <link:label xlink:type="resource" xlink:label="label_dnb_dim005" xml:lang="en" xlink:role="http://www.xbrl.org/2003/role/label">Original currency</link:label>
    <link:labelArc xlink:type="arc" xlink:arcrole="http://www.xbrl.org/2003/arcrole/concept-label" xlink:from="loc_dnb_dim005" xlink:to="label_dnb_dim005" />
    <link:label xlink:type="resource" xlink:label="label_dnb_dim005_1" xml:lang="en" xlink:role="http://www.xbrl.org/2003/role/documentation">ORG-CURR</link:label>
    <link:labelArc xlink:type="arc" xlink:arcrole="http://www.xbrl.org/2003/arcrole/concept-label" xlink:from="loc_dnb_dim005" xlink:to="label_dnb_dim005_1" />
    <link:label xlink:type="resource" xlink:label="label_dnb_dim005_2" xml:lang="en" xlink:role="http://www.xbrl.org/2003/role/verboseLabel">Original currency.</link:label>
    <link:labelArc xlink:type="arc" xlink:arcrole="http://www.xbrl.org/2003/arcrole/concept-label" xlink:from="loc_dnb_dim005" xlink:to="label_dnb_dim005_2" />
    <link:loc xlink:type="locator" xlink:href="dim.xsd#dnb_dim006" xlink:label="loc_dnb_dim006" />
    <link:label xlink:type="resource" xlink:label="label_dnb_dim006" xml:lang="en" xlink:role="http://www.xbrl.org/2003/role/label">Investment rating</link:label>
    <link:labelArc xlink:type="arc" xlink:arcrole="http://www.xbrl.org/2003/arcrole/concept-label" xlink:from="loc_dnb_dim006" xlink:to="label_dnb_dim006" />
    <link:label xlink:type="resource" xlink:label="label_dnb_dim006_1" xml:lang="en" xlink:role="http://www.xbrl.org/2003/role/documentation">INV-RTNG</link:label>
    <link:labelArc xlink:type="arc" xlink:arcrole="http://www.xbrl.org/2003/arcrole/concept-label" xlink:from="loc_dnb_dim006" xlink:to="label_dnb_dim006_1" />
    <link:label xlink:type="resource" xlink:label="label_dnb_dim006_2" xml:lang="en" xlink:role="http://www.xbrl.org/2003/role/verboseLabel">Investment rating.</link:label>
    <link:labelArc xlink:type="arc" xlink:arcrole="http://www.xbrl.org/2003/arcrole/concept-label" xlink:from="loc_dnb_dim006" xlink:to="label_dnb_dim006_2" />
    <link:loc xlink:type="locator" xlink:href="dim.xsd#dnb_dim007" xlink:label="loc_dnb_dim007" />
    <link:label xlink:type="resource" xlink:label="label_dnb_dim007" xml:lang="en" xlink:role="http://www.xbrl.org/2003/role/label">Geographical area counterparty</link:label>
    <link:labelArc xlink:type="arc" xlink:arcrole="http://www.xbrl.org/2003/arcrole/concept-label" xlink:from="loc_dnb_dim007" xlink:to="label_dnb_dim007" />
    <link:label xlink:type="resource" xlink:label="label_dnb_dim007_1" xml:lang="en" xlink:role="http://www.xbrl.org/2003/role/documentation">GEO-AREA-CPTY</link:label>
    <link:labelArc xlink:type="arc" xlink:arcrole="http://www.xbrl.org/2003/arcrole/concept-label" xlink:from="loc_dnb_dim007" xlink:to="label_dnb_dim007_1" />
    <link:label xlink:type="resource" xlink:label="label_dnb_dim007_2" xml:lang="en" xlink:role="http://www.xbrl.org/2003/role/verboseLabel">The geographical area of the counterparty.</link:label>
    <link:labelArc xlink:type="arc" xlink:arcrole="http://www.xbrl.org/2003/arcrole/concept-label" xlink:from="loc_dnb_dim007" xlink:to="label_dnb_dim007_2" />
    <link:loc xlink:type="locator" xlink:href="dim.xsd#dnb_dim008" xlink:label="loc_dnb_dim008" />
    <link:label xlink:type="resource" xlink:label="label_dnb_dim008" xml:lang="en" xlink:role="http://www.xbrl.org/2003/role/label">Geographical area underlying</link:label>
    <link:labelArc xlink:type="arc" xlink:arcrole="http://www.xbrl.org/2003/arcrole/concept-label" xlink:from="loc_dnb_dim008" xlink:to="label_dnb_dim008" />
    <link:label xlink:type="resource" xlink:label="label_dnb_dim008_1" xml:lang="en" xlink:role="http://www.xbrl.org/2003/role/documentation">GEO-AREA-UNDL</link:label>
    <link:labelArc xlink:type="arc" xlink:arcrole="http://www.xbrl.org/2003/arcrole/concept-label" xlink:from="loc_dnb_dim008" xlink:to="label_dnb_dim008_1" />
    <link:label xlink:type="resource" xlink:label="label_dnb_dim008_2" xml:lang="en" xlink:role="http://www.xbrl.org/2003/role/verboseLabel">The geographical area corresponding to the underlying entity.</link:label>
    <link:labelArc xlink:type="arc" xlink:arcrole="http://www.xbrl.org/2003/arcrole/concept-label" xlink:from="loc_dnb_dim008" xlink:to="label_dnb_dim008_2" />
    <link:loc xlink:type="locator" xlink:href="dim.xsd#dnb_dim009" xlink:label="loc_dnb_dim009" />
    <link:label xlink:type="resource" xlink:label="label_dnb_dim009" xml:lang="en" xlink:role="http://www.xbrl.org/2003/role/label">Derivative instrument group</link:label>
    <link:labelArc xlink:type="arc" xlink:arcrole="http://www.xbrl.org/2003/arcrole/concept-label" xlink:from="loc_dnb_dim009" xlink:to="label_dnb_dim009" />
    <link:label xlink:type="resource" xlink:label="label_dnb_dim009_1" xml:lang="en" xlink:role="http://www.xbrl.org/2003/role/documentation">DER-INV-GRP</link:label>
    <link:labelArc xlink:type="arc" xlink:arcrole="http://www.xbrl.org/2003/arcrole/concept-label" xlink:from="loc_dnb_dim009" xlink:to="label_dnb_dim009_1" />
    <link:label xlink:type="resource" xlink:label="label_dnb_dim009_2" xml:lang="en" xlink:role="http://www.xbrl.org/2003/role/verboseLabel">Derivatives are split in the three plain vanilla instrument groups; forwards, swaps and options.</link:label>
    <link:labelArc xlink:type="arc" xlink:arcrole="http://www.xbrl.org/2003/arcrole/concept-label" xlink:from="loc_dnb_dim009" xlink:to="label_dnb_dim009_2" />
    <link:loc xlink:type="locator" xlink:href="dim.xsd#dnb_dim010" xlink:label="loc_dnb_dim010" />
    <link:label xlink:type="resource" xlink:label="label_dnb_dim010" xml:lang="en" xlink:role="http://www.xbrl.org/2003/role/label">Single/Multi-name instruments</link:label>
    <link:labelArc xlink:type="arc" xlink:arcrole="http://www.xbrl.org/2003/arcrole/concept-label" xlink:from="loc_dnb_dim010" xlink:to="label_dnb_dim010" />
    <link:label xlink:type="resource" xlink:label="label_dnb_dim010_1" xml:lang="en" xlink:role="http://www.xbrl.org/2003/role/documentation">SM-NAME-INSTR</link:label>
    <link:labelArc xlink:type="arc" xlink:arcrole="http://www.xbrl.org/2003/arcrole/concept-label" xlink:from="loc_dnb_dim010" xlink:to="label_dnb_dim010_1" />
    <link:label xlink:type="resource" xlink:label="label_dnb_dim010_2" xml:lang="en" xlink:role="http://www.xbrl.org/2003/role/verboseLabel">Instrument type CDS split to reference entity, Single-name or Multi-name (index) CDS contracts.</link:label>
    <link:labelArc xlink:type="arc" xlink:arcrole="http://www.xbrl.org/2003/arcrole/concept-label" xlink:from="loc_dnb_dim010" xlink:to="label_dnb_dim010_2" />
    <link:loc xlink:type="locator" xlink:href="dim.xsd#dnb_dim011" xlink:label="loc_dnb_dim011" />
    <link:label xlink:type="resource" xlink:label="label_dnb_dim011" xml:lang="en" xlink:role="http://www.xbrl.org/2003/role/label">Market</link:label>
    <link:labelArc xlink:type="arc" xlink:arcrole="http://www.xbrl.org/2003/arcrole/concept-label" xlink:from="loc_dnb_dim011" xlink:to="label_dnb_dim011" />
    <link:label xlink:type="resource" xlink:label="label_dnb_dim011_1" xml:lang="en" xlink:role="http://www.xbrl.org/2003/role/documentation">MARKET</link:label>
    <link:labelArc xlink:type="arc" xlink:arcrole="http://www.xbrl.org/2003/arcrole/concept-label" xlink:from="loc_dnb_dim011" xlink:to="label_dnb_dim011_1" />
    <link:label xlink:type="resource" xlink:label="label_dnb_dim011_2" xml:lang="en" xlink:role="http://www.xbrl.org/2003/role/verboseLabel">The market on which a derivative is traded. A derivative can be traded over-the-counter (OTC) or on an exchange market.</link:label>
    <link:labelArc xlink:type="arc" xlink:arcrole="http://www.xbrl.org/2003/arcrole/concept-label" xlink:from="loc_dnb_dim011" xlink:to="label_dnb_dim011_2" />
    <link:loc xlink:type="locator" xlink:href="dim.xsd#dnb_dim012" xlink:label="loc_dnb_dim012" />
    <link:label xlink:type="resource" xlink:label="label_dnb_dim012" xml:lang="en" xlink:role="http://www.xbrl.org/2003/role/label">Sector reference entity</link:label>
    <link:labelArc xlink:type="arc" xlink:arcrole="http://www.xbrl.org/2003/arcrole/concept-label" xlink:from="loc_dnb_dim012" xlink:to="label_dnb_dim012" />
    <link:label xlink:type="resource" xlink:label="label_dnb_dim012_1" xml:lang="en" xlink:role="http://www.xbrl.org/2003/role/documentation">SECT-REF-ENT</link:label>
    <link:labelArc xlink:type="arc" xlink:arcrole="http://www.xbrl.org/2003/arcrole/concept-label" xlink:from="loc_dnb_dim012" xlink:to="label_dnb_dim012_1" />
    <link:label xlink:type="resource" xlink:label="label_dnb_dim012_2" xml:lang="en" xlink:role="http://www.xbrl.org/2003/role/verboseLabel">Economic sector of the obligor of the underlying reference obligation (reference entity).</link:label>
    <link:labelArc xlink:type="arc" xlink:arcrole="http://www.xbrl.org/2003/arcrole/concept-label" xlink:from="loc_dnb_dim012" xlink:to="label_dnb_dim012_2" />
    <link:loc xlink:type="locator" xlink:href="dim.xsd#dnb_dim013" xlink:label="loc_dnb_dim013" />
    <link:label xlink:type="resource" xlink:label="label_dnb_dim013" xml:lang="en" xlink:role="http://www.xbrl.org/2003/role/label">Remaining maturity</link:label>
    <link:labelArc xlink:type="arc" xlink:arcrole="http://www.xbrl.org/2003/arcrole/concept-label" xlink:from="loc_dnb_dim013" xlink:to="label_dnb_dim013" />
    <link:label xlink:type="resource" xlink:label="label_dnb_dim013_1" xml:lang="en" xlink:role="http://www.xbrl.org/2003/role/documentation">REM-MAT</link:label>
    <link:labelArc xlink:type="arc" xlink:arcrole="http://www.xbrl.org/2003/arcrole/concept-label" xlink:from="loc_dnb_dim013" xlink:to="label_dnb_dim013_1" />
    <link:label xlink:type="resource" xlink:label="label_dnb_dim013_2" xml:lang="en" xlink:role="http://www.xbrl.org/2003/role/verboseLabel">Remaining maturity of a derivative contract, the remaining maturity of each leg should be determined as the difference between the reporting date and the settlement or due date, respectively, of the near and far-end legs of the transaction.</link:label>
    <link:labelArc xlink:type="arc" xlink:arcrole="http://www.xbrl.org/2003/arcrole/concept-label" xlink:from="loc_dnb_dim013" xlink:to="label_dnb_dim013_2" />
    <link:loc xlink:type="locator" xlink:href="dim.xsd#dnb_dim014" xlink:label="loc_dnb_dim014" />
    <link:label xlink:type="resource" xlink:label="label_dnb_dim014" xml:lang="en" xlink:role="http://www.xbrl.org/2003/role/label">Market risk</link:label>
    <link:labelArc xlink:type="arc" xlink:arcrole="http://www.xbrl.org/2003/arcrole/concept-label" xlink:from="loc_dnb_dim014" xlink:to="label_dnb_dim014" />
    <link:label xlink:type="resource" xlink:label="label_dnb_dim014_1" xml:lang="en" xlink:role="http://www.xbrl.org/2003/role/documentation">MRKT-RSK</link:label>
    <link:labelArc xlink:type="arc" xlink:arcrole="http://www.xbrl.org/2003/arcrole/concept-label" xlink:from="loc_dnb_dim014" xlink:to="label_dnb_dim014_1" />
    <link:label xlink:type="resource" xlink:label="label_dnb_dim014_2" xml:lang="en" xlink:role="http://www.xbrl.org/2003/role/verboseLabel">Market risk is the risk of a price movement in the underlying of the derivative. Individual derivatives transactions are to be categorised into six risk classes: foreign exchange, single-currency interest rate, equity, commodity, credit and other.</link:label>
    <link:labelArc xlink:type="arc" xlink:arcrole="http://www.xbrl.org/2003/arcrole/concept-label" xlink:from="loc_dnb_dim014" xlink:to="label_dnb_dim014_2" />
    <link:loc xlink:type="locator" xlink:href="dim.xsd#dnb_dim015" xlink:label="loc_dnb_dim015" />
    <link:label xlink:type="resource" xlink:label="label_dnb_dim015" xml:lang="en" xlink:role="http://www.xbrl.org/2003/role/label">Claims year</link:label>
    <link:labelArc xlink:type="arc" xlink:arcrole="http://www.xbrl.org/2003/arcrole/concept-label" xlink:from="loc_dnb_dim015" xlink:to="label_dnb_dim015" />
    <link:label xlink:type="resource" xlink:label="label_dnb_dim015_1" xml:lang="en" xlink:role="http://www.xbrl.org/2003/role/documentation">CLMS-YR</link:label>
    <link:labelArc xlink:type="arc" xlink:arcrole="http://www.xbrl.org/2003/arcrole/concept-label" xlink:from="loc_dnb_dim015" xlink:to="label_dnb_dim015_1" />
    <link:label xlink:type="resource" xlink:label="label_dnb_dim015_2" xml:lang="en" xlink:role="http://www.xbrl.org/2003/role/verboseLabel">The calendar year in which an insured risk occurs.</link:label>
    <link:labelArc xlink:type="arc" xlink:arcrole="http://www.xbrl.org/2003/arcrole/concept-label" xlink:from="loc_dnb_dim015" xlink:to="label_dnb_dim015_2" />
    <link:loc xlink:type="locator" xlink:href="dim.xsd#dnb_dim016" xlink:label="loc_dnb_dim016" />
    <link:label xlink:type="resource" xlink:label="label_dnb_dim016" xml:lang="en" xlink:role="http://www.xbrl.org/2003/role/label">Development year</link:label>
    <link:labelArc xlink:type="arc" xlink:arcrole="http://www.xbrl.org/2003/arcrole/concept-label" xlink:from="loc_dnb_dim016" xlink:to="label_dnb_dim016" />
    <link:label xlink:type="resource" xlink:label="label_dnb_dim016_1" xml:lang="en" xlink:role="http://www.xbrl.org/2003/role/documentation">DEV-YR</link:label>
    <link:labelArc xlink:type="arc" xlink:arcrole="http://www.xbrl.org/2003/arcrole/concept-label" xlink:from="loc_dnb_dim016" xlink:to="label_dnb_dim016_1" />
    <link:label xlink:type="resource" xlink:label="label_dnb_dim016_2" xml:lang="en" xlink:role="http://www.xbrl.org/2003/role/verboseLabel">1 + accounting year - claims year; runs from 1 up to 15.</link:label>
    <link:labelArc xlink:type="arc" xlink:arcrole="http://www.xbrl.org/2003/arcrole/concept-label" xlink:from="loc_dnb_dim016" xlink:to="label_dnb_dim016_2" />
    <link:loc xlink:type="locator" xlink:href="dim.xsd#dnb_dim017" xlink:label="loc_dnb_dim017" />
    <link:label xlink:type="resource" xlink:label="label_dnb_dim017" xml:lang="en" xlink:role="http://www.xbrl.org/2003/role/label">Type of health item</link:label>
    <link:labelArc xlink:type="arc" xlink:arcrole="http://www.xbrl.org/2003/arcrole/concept-label" xlink:from="loc_dnb_dim017" xlink:to="label_dnb_dim017" />
    <link:label xlink:type="resource" xlink:label="label_dnb_dim017_1" xml:lang="en" xlink:role="http://www.xbrl.org/2003/role/documentation">TYP-HEALTH</link:label>
    <link:labelArc xlink:type="arc" xlink:arcrole="http://www.xbrl.org/2003/arcrole/concept-label" xlink:from="loc_dnb_dim017" xlink:to="label_dnb_dim017_1" />
    <link:label xlink:type="resource" xlink:label="label_dnb_dim017_2" xml:lang="en" xlink:role="http://www.xbrl.org/2003/role/verboseLabel">Items specific for health insurers.</link:label>
    <link:labelArc xlink:type="arc" xlink:arcrole="http://www.xbrl.org/2003/arcrole/concept-label" xlink:from="loc_dnb_dim017" xlink:to="label_dnb_dim017_2" />
    <link:loc xlink:type="locator" xlink:href="dim.xsd#dnb_dim018" xlink:label="loc_dnb_dim018" />
    <link:label xlink:type="resource" xlink:label="label_dnb_dim018" xml:lang="en" xlink:role="http://www.xbrl.org/2003/role/label">Line of business</link:label>
    <link:labelArc xlink:type="arc" xlink:arcrole="http://www.xbrl.org/2003/arcrole/concept-label" xlink:from="loc_dnb_dim018" xlink:to="label_dnb_dim018" />
    <link:label xlink:type="resource" xlink:label="label_dnb_dim018_1" xml:lang="en" xlink:role="http://www.xbrl.org/2003/role/documentation">LNE-OF-BSNSS</link:label>
    <link:labelArc xlink:type="arc" xlink:arcrole="http://www.xbrl.org/2003/arcrole/concept-label" xlink:from="loc_dnb_dim018" xlink:to="label_dnb_dim018_1" />
    <link:label xlink:type="resource" xlink:label="label_dnb_dim018_2" xml:lang="en" xlink:role="http://www.xbrl.org/2003/role/verboseLabel">Specifies the type of insurance.</link:label>
    <link:labelArc xlink:type="arc" xlink:arcrole="http://www.xbrl.org/2003/arcrole/concept-label" xlink:from="loc_dnb_dim018" xlink:to="label_dnb_dim018_2" />
    <link:loc xlink:type="locator" xlink:href="dim.xsd#dnb_dim019" xlink:label="loc_dnb_dim019" />
    <link:label xlink:type="resource" xlink:label="label_dnb_dim019" xml:lang="en" xlink:role="http://www.xbrl.org/2003/role/label">Premium</link:label>
    <link:labelArc xlink:type="arc" xlink:arcrole="http://www.xbrl.org/2003/arcrole/concept-label" xlink:from="loc_dnb_dim019" xlink:to="label_dnb_dim019" />
    <link:label xlink:type="resource" xlink:label="label_dnb_dim019_1" xml:lang="en" xlink:role="http://www.xbrl.org/2003/role/documentation">PREMIUM</link:label>
    <link:labelArc xlink:type="arc" xlink:arcrole="http://www.xbrl.org/2003/arcrole/concept-label" xlink:from="loc_dnb_dim019" xlink:to="label_dnb_dim019_1" />
    <link:label xlink:type="resource" xlink:label="label_dnb_dim019_2" xml:lang="en" xlink:role="http://www.xbrl.org/2003/role/verboseLabel">Amount paid for an insurance contract.</link:label>
    <link:labelArc xlink:type="arc" xlink:arcrole="http://www.xbrl.org/2003/arcrole/concept-label" xlink:from="loc_dnb_dim019" xlink:to="label_dnb_dim019_2" />
    <link:loc xlink:type="locator" xlink:href="dim.xsd#dnb_dim020" xlink:label="loc_dnb_dim020" />
    <link:label xlink:type="resource" xlink:label="label_dnb_dim020" xml:lang="en" xlink:role="http://www.xbrl.org/2003/role/label">Number insured</link:label>
    <link:labelArc xlink:type="arc" xlink:arcrole="http://www.xbrl.org/2003/arcrole/concept-label" xlink:from="loc_dnb_dim020" xlink:to="label_dnb_dim020" />
    <link:label xlink:type="resource" xlink:label="label_dnb_dim020_1" xml:lang="en" xlink:role="http://www.xbrl.org/2003/role/documentation">NUM-INSRD</link:label>
    <link:labelArc xlink:type="arc" xlink:arcrole="http://www.xbrl.org/2003/arcrole/concept-label" xlink:from="loc_dnb_dim020" xlink:to="label_dnb_dim020_1" />
    <link:label xlink:type="resource" xlink:label="label_dnb_dim020_2" xml:lang="en" xlink:role="http://www.xbrl.org/2003/role/verboseLabel">Number insured.</link:label>
    <link:labelArc xlink:type="arc" xlink:arcrole="http://www.xbrl.org/2003/arcrole/concept-label" xlink:from="loc_dnb_dim020" xlink:to="label_dnb_dim020_2" />
    <link:loc xlink:type="locator" xlink:href="dim.xsd#dnb_dim021" xlink:label="loc_dnb_dim021" />
    <link:label xlink:type="resource" xlink:label="label_dnb_dim021" xml:lang="en" xlink:role="http://www.xbrl.org/2003/role/label">Valuation</link:label>
    <link:labelArc xlink:type="arc" xlink:arcrole="http://www.xbrl.org/2003/arcrole/concept-label" xlink:from="loc_dnb_dim021" xlink:to="label_dnb_dim021" />
    <link:label xlink:type="resource" xlink:label="label_dnb_dim021_1" xml:lang="en" xlink:role="http://www.xbrl.org/2003/role/documentation">VALUATION</link:label>
    <link:labelArc xlink:type="arc" xlink:arcrole="http://www.xbrl.org/2003/arcrole/concept-label" xlink:from="loc_dnb_dim021" xlink:to="label_dnb_dim021_1" />
    <link:label xlink:type="resource" xlink:label="label_dnb_dim021_2" xml:lang="en" xlink:role="http://www.xbrl.org/2003/role/verboseLabel">Valuation used.</link:label>
    <link:labelArc xlink:type="arc" xlink:arcrole="http://www.xbrl.org/2003/arcrole/concept-label" xlink:from="loc_dnb_dim021" xlink:to="label_dnb_dim021_2" />
    <link:loc xlink:type="locator" xlink:href="dim.xsd#dnb_dim022" xlink:label="loc_dnb_dim022" />
    <link:label xlink:type="resource" xlink:label="label_dnb_dim022" xml:lang="en" xlink:role="http://www.xbrl.org/2003/role/label">Account</link:label>
    <link:labelArc xlink:type="arc" xlink:arcrole="http://www.xbrl.org/2003/arcrole/concept-label" xlink:from="loc_dnb_dim022" xlink:to="label_dnb_dim022" />
    <link:label xlink:type="resource" xlink:label="label_dnb_dim022_1" xml:lang="en" xlink:role="http://www.xbrl.org/2003/role/documentation">ACCOUNT</link:label>
    <link:labelArc xlink:type="arc" xlink:arcrole="http://www.xbrl.org/2003/arcrole/concept-label" xlink:from="loc_dnb_dim022" xlink:to="label_dnb_dim022_1" />
    <link:label xlink:type="resource" xlink:label="label_dnb_dim022_2" xml:lang="en" xlink:role="http://www.xbrl.org/2003/role/verboseLabel">Specifies which part of the financial statements is meant.</link:label>
    <link:labelArc xlink:type="arc" xlink:arcrole="http://www.xbrl.org/2003/arcrole/concept-label" xlink:from="loc_dnb_dim022" xlink:to="label_dnb_dim022_2" />
    <link:loc xlink:type="locator" xlink:href="dim.xsd#dnb_dim023" xlink:label="loc_dnb_dim023" />
    <link:label xlink:type="resource" xlink:label="label_dnb_dim023" xml:lang="en" xlink:role="http://www.xbrl.org/2003/role/label">Type of profit and loss</link:label>
    <link:labelArc xlink:type="arc" xlink:arcrole="http://www.xbrl.org/2003/arcrole/concept-label" xlink:from="loc_dnb_dim023" xlink:to="label_dnb_dim023" />
    <link:label xlink:type="resource" xlink:label="label_dnb_dim023_1" xml:lang="en" xlink:role="http://www.xbrl.org/2003/role/documentation">TYP-PROF-LOSS</link:label>
    <link:labelArc xlink:type="arc" xlink:arcrole="http://www.xbrl.org/2003/arcrole/concept-label" xlink:from="loc_dnb_dim023" xlink:to="label_dnb_dim023_1" />
    <link:label xlink:type="resource" xlink:label="label_dnb_dim023_2" xml:lang="en" xlink:role="http://www.xbrl.org/2003/role/verboseLabel">Refers to the items on the profit and loss account.</link:label>
    <link:labelArc xlink:type="arc" xlink:arcrole="http://www.xbrl.org/2003/arcrole/concept-label" xlink:from="loc_dnb_dim023" xlink:to="label_dnb_dim023_2" />
    <link:loc xlink:type="locator" xlink:href="dim.xsd#dnb_dim024" xlink:label="loc_dnb_dim024" />
    <link:label xlink:type="resource" xlink:label="label_dnb_dim024" xml:lang="en" xlink:role="http://www.xbrl.org/2003/role/label">Accounting period</link:label>
    <link:labelArc xlink:type="arc" xlink:arcrole="http://www.xbrl.org/2003/arcrole/concept-label" xlink:from="loc_dnb_dim024" xlink:to="label_dnb_dim024" />
    <link:label xlink:type="resource" xlink:label="label_dnb_dim024_1" xml:lang="en" xlink:role="http://www.xbrl.org/2003/role/documentation">ACC-PER</link:label>
    <link:labelArc xlink:type="arc" xlink:arcrole="http://www.xbrl.org/2003/arcrole/concept-label" xlink:from="loc_dnb_dim024" xlink:to="label_dnb_dim024_1" />
    <link:label xlink:type="resource" xlink:label="label_dnb_dim024_2" xml:lang="en" xlink:role="http://www.xbrl.org/2003/role/verboseLabel">Refers to the period used for the financial statements.</link:label>
    <link:labelArc xlink:type="arc" xlink:arcrole="http://www.xbrl.org/2003/arcrole/concept-label" xlink:from="loc_dnb_dim024" xlink:to="label_dnb_dim024_2" />
    <link:loc xlink:type="locator" xlink:href="dim.xsd#dnb_dim025" xlink:label="loc_dnb_dim025" />
    <link:label xlink:type="resource" xlink:label="label_dnb_dim025" xml:lang="en" xlink:role="http://www.xbrl.org/2003/role/label">Insurance risk</link:label>
    <link:labelArc xlink:type="arc" xlink:arcrole="http://www.xbrl.org/2003/arcrole/concept-label" xlink:from="loc_dnb_dim025" xlink:to="label_dnb_dim025" />
    <link:label xlink:type="resource" xlink:label="label_dnb_dim025_1" xml:lang="en" xlink:role="http://www.xbrl.org/2003/role/documentation">INS-RISK</link:label>
    <link:labelArc xlink:type="arc" xlink:arcrole="http://www.xbrl.org/2003/arcrole/concept-label" xlink:from="loc_dnb_dim025" xlink:to="label_dnb_dim025_1" />
    <link:label xlink:type="resource" xlink:label="label_dnb_dim025_2" xml:lang="en" xlink:role="http://www.xbrl.org/2003/role/verboseLabel">The likelihood that an insured event will occur, requiring the insurer to pay a claim.</link:label>
    <link:labelArc xlink:type="arc" xlink:arcrole="http://www.xbrl.org/2003/arcrole/concept-label" xlink:from="loc_dnb_dim025" xlink:to="label_dnb_dim025_2" />
    <link:loc xlink:type="locator" xlink:href="dim.xsd#dnb_dim026" xlink:label="loc_dnb_dim026" />
    <link:label xlink:type="resource" xlink:label="label_dnb_dim026" xml:lang="en" xlink:role="http://www.xbrl.org/2003/role/label">Geographical area covered</link:label>
    <link:labelArc xlink:type="arc" xlink:arcrole="http://www.xbrl.org/2003/arcrole/concept-label" xlink:from="loc_dnb_dim026" xlink:to="label_dnb_dim026" />
    <link:label xlink:type="resource" xlink:label="label_dnb_dim026_1" xml:lang="en" xlink:role="http://www.xbrl.org/2003/role/documentation">GEO-AREA-COVRD</link:label>
    <link:labelArc xlink:type="arc" xlink:arcrole="http://www.xbrl.org/2003/arcrole/concept-label" xlink:from="loc_dnb_dim026" xlink:to="label_dnb_dim026_1" />
    <link:label xlink:type="resource" xlink:label="label_dnb_dim026_2" xml:lang="en" xlink:role="http://www.xbrl.org/2003/role/verboseLabel">Indicates which geographical area is covered.</link:label>
    <link:labelArc xlink:type="arc" xlink:arcrole="http://www.xbrl.org/2003/arcrole/concept-label" xlink:from="loc_dnb_dim026" xlink:to="label_dnb_dim026_2" />
    <link:loc xlink:type="locator" xlink:href="dim.xsd#dnb_dim027" xlink:label="loc_dnb_dim027" />
    <link:label xlink:type="resource" xlink:label="label_dnb_dim027" xml:lang="en" xlink:role="http://www.xbrl.org/2003/role/label">Concentration risk</link:label>
    <link:labelArc xlink:type="arc" xlink:arcrole="http://www.xbrl.org/2003/arcrole/concept-label" xlink:from="loc_dnb_dim027" xlink:to="label_dnb_dim027" />
    <link:label xlink:type="resource" xlink:label="label_dnb_dim027_1" xml:lang="en" xlink:role="http://www.xbrl.org/2003/role/documentation">CONC-RISK</link:label>
    <link:labelArc xlink:type="arc" xlink:arcrole="http://www.xbrl.org/2003/arcrole/concept-label" xlink:from="loc_dnb_dim027" xlink:to="label_dnb_dim027_1" />
    <link:label xlink:type="resource" xlink:label="label_dnb_dim027_2" xml:lang="en" xlink:role="http://www.xbrl.org/2003/role/verboseLabel">Indicates if the exposure is concentrated in certain areas.</link:label>
    <link:labelArc xlink:type="arc" xlink:arcrole="http://www.xbrl.org/2003/arcrole/concept-label" xlink:from="loc_dnb_dim027" xlink:to="label_dnb_dim027_2" />
    <link:loc xlink:type="locator" xlink:href="dim.xsd#dnb_dim028" xlink:label="loc_dnb_dim028" />
    <link:label xlink:type="resource" xlink:label="label_dnb_dim028" xml:lang="en" xlink:role="http://www.xbrl.org/2003/role/label">Capital</link:label>
    <link:labelArc xlink:type="arc" xlink:arcrole="http://www.xbrl.org/2003/arcrole/concept-label" xlink:from="loc_dnb_dim028" xlink:to="label_dnb_dim028" />
    <link:label xlink:type="resource" xlink:label="label_dnb_dim028_1" xml:lang="en" xlink:role="http://www.xbrl.org/2003/role/documentation">CAPITAL</link:label>
    <link:labelArc xlink:type="arc" xlink:arcrole="http://www.xbrl.org/2003/arcrole/concept-label" xlink:from="loc_dnb_dim028" xlink:to="label_dnb_dim028_1" />
    <link:label xlink:type="resource" xlink:label="label_dnb_dim028_2" xml:lang="en" xlink:role="http://www.xbrl.org/2003/role/verboseLabel">The amount insured.</link:label>
    <link:labelArc xlink:type="arc" xlink:arcrole="http://www.xbrl.org/2003/arcrole/concept-label" xlink:from="loc_dnb_dim028" xlink:to="label_dnb_dim028_2" />
    <link:loc xlink:type="locator" xlink:href="dim.xsd#dnb_dim029" xlink:label="loc_dnb_dim029" />
    <link:label xlink:type="resource" xlink:label="label_dnb_dim029" xml:lang="en" xlink:role="http://www.xbrl.org/2003/role/label">Exposure</link:label>
    <link:labelArc xlink:type="arc" xlink:arcrole="http://www.xbrl.org/2003/arcrole/concept-label" xlink:from="loc_dnb_dim029" xlink:to="label_dnb_dim029" />
    <link:label xlink:type="resource" xlink:label="label_dnb_dim029_1" xml:lang="en" xlink:role="http://www.xbrl.org/2003/role/documentation">EXPOSURE</link:label>
    <link:labelArc xlink:type="arc" xlink:arcrole="http://www.xbrl.org/2003/arcrole/concept-label" xlink:from="loc_dnb_dim029" xlink:to="label_dnb_dim029_1" />
    <link:label xlink:type="resource" xlink:label="label_dnb_dim029_2" xml:lang="en" xlink:role="http://www.xbrl.org/2003/role/verboseLabel">The state of being subject to loss because of some hazard or contingency.</link:label>
    <link:labelArc xlink:type="arc" xlink:arcrole="http://www.xbrl.org/2003/arcrole/concept-label" xlink:from="loc_dnb_dim029" xlink:to="label_dnb_dim029_2" />
    <link:loc xlink:type="locator" xlink:href="dim.xsd#dnb_dim030" xlink:label="loc_dnb_dim030" />
    <link:label xlink:type="resource" xlink:label="label_dnb_dim030" xml:lang="en" xlink:role="http://www.xbrl.org/2003/role/label">Returnperiod</link:label>
    <link:labelArc xlink:type="arc" xlink:arcrole="http://www.xbrl.org/2003/arcrole/concept-label" xlink:from="loc_dnb_dim030" xlink:to="label_dnb_dim030" />
    <link:label xlink:type="resource" xlink:label="label_dnb_dim030_1" xml:lang="en" xlink:role="http://www.xbrl.org/2003/role/documentation">RET-PERIOD</link:label>
    <link:labelArc xlink:type="arc" xlink:arcrole="http://www.xbrl.org/2003/arcrole/concept-label" xlink:from="loc_dnb_dim030" xlink:to="label_dnb_dim030_1" />
    <link:label xlink:type="resource" xlink:label="label_dnb_dim030_2" xml:lang="en" xlink:role="http://www.xbrl.org/2003/role/verboseLabel">A return period, also known as a recurrence interval (sometimes repeat interval) is an estimate of the likelihood of an event to occur.</link:label>
    <link:labelArc xlink:type="arc" xlink:arcrole="http://www.xbrl.org/2003/arcrole/concept-label" xlink:from="loc_dnb_dim030" xlink:to="label_dnb_dim030_2" />
    <link:loc xlink:type="locator" xlink:href="dim.xsd#dnb_dim031" xlink:label="loc_dnb_dim031" />
    <link:label xlink:type="resource" xlink:label="label_dnb_dim031" xml:lang="en" xlink:role="http://www.xbrl.org/2003/role/label">Catastrophe model</link:label>
    <link:labelArc xlink:type="arc" xlink:arcrole="http://www.xbrl.org/2003/arcrole/concept-label" xlink:from="loc_dnb_dim031" xlink:to="label_dnb_dim031" />
    <link:label xlink:type="resource" xlink:label="label_dnb_dim031_1" xml:lang="en" xlink:role="http://www.xbrl.org/2003/role/documentation">CAST-MODEL</link:label>
    <link:labelArc xlink:type="arc" xlink:arcrole="http://www.xbrl.org/2003/arcrole/concept-label" xlink:from="loc_dnb_dim031" xlink:to="label_dnb_dim031_1" />
    <link:label xlink:type="resource" xlink:label="label_dnb_dim031_2" xml:lang="en" xlink:role="http://www.xbrl.org/2003/role/verboseLabel">Model used to predict the losses forthcoming from a catastrophe.</link:label>
    <link:labelArc xlink:type="arc" xlink:arcrole="http://www.xbrl.org/2003/arcrole/concept-label" xlink:from="loc_dnb_dim031" xlink:to="label_dnb_dim031_2" />
    <link:loc xlink:type="locator" xlink:href="dim.xsd#dnb_dim032" xlink:label="loc_dnb_dim032" />
    <link:label xlink:type="resource" xlink:label="label_dnb_dim032" xml:lang="en" xlink:role="http://www.xbrl.org/2003/role/label">Insurance</link:label>
    <link:labelArc xlink:type="arc" xlink:arcrole="http://www.xbrl.org/2003/arcrole/concept-label" xlink:from="loc_dnb_dim032" xlink:to="label_dnb_dim032" />
    <link:label xlink:type="resource" xlink:label="label_dnb_dim032_1" xml:lang="en" xlink:role="http://www.xbrl.org/2003/role/documentation">INSURANCE</link:label>
    <link:labelArc xlink:type="arc" xlink:arcrole="http://www.xbrl.org/2003/arcrole/concept-label" xlink:from="loc_dnb_dim032" xlink:to="label_dnb_dim032_1" />
    <link:label xlink:type="resource" xlink:label="label_dnb_dim032_2" xml:lang="en" xlink:role="http://www.xbrl.org/2003/role/verboseLabel">Risk-transfer mechanism that ensures full or partial financial compensation for the loss or damage caused by event(s) beyond the control of the insured party.</link:label>
    <link:labelArc xlink:type="arc" xlink:arcrole="http://www.xbrl.org/2003/arcrole/concept-label" xlink:from="loc_dnb_dim032" xlink:to="label_dnb_dim032_2" />
    <link:loc xlink:type="locator" xlink:href="dim.xsd#dnb_dim033" xlink:label="loc_dnb_dim033" />
    <link:label xlink:type="resource" xlink:label="label_dnb_dim033" xml:lang="en" xlink:role="http://www.xbrl.org/2003/role/label">Value</link:label>
    <link:labelArc xlink:type="arc" xlink:arcrole="http://www.xbrl.org/2003/arcrole/concept-label" xlink:from="loc_dnb_dim033" xlink:to="label_dnb_dim033" />
    <link:label xlink:type="resource" xlink:label="label_dnb_dim033_1" xml:lang="en" xlink:role="http://www.xbrl.org/2003/role/documentation">VALUE</link:label>
    <link:labelArc xlink:type="arc" xlink:arcrole="http://www.xbrl.org/2003/arcrole/concept-label" xlink:from="loc_dnb_dim033" xlink:to="label_dnb_dim033_1" />
    <link:label xlink:type="resource" xlink:label="label_dnb_dim033_2" xml:lang="en" xlink:role="http://www.xbrl.org/2003/role/verboseLabel">Value.</link:label>
    <link:labelArc xlink:type="arc" xlink:arcrole="http://www.xbrl.org/2003/arcrole/concept-label" xlink:from="loc_dnb_dim033" xlink:to="label_dnb_dim033_2" />
    <link:loc xlink:type="locator" xlink:href="dim.xsd#dnb_dim034" xlink:label="loc_dnb_dim034" />
    <link:label xlink:type="resource" xlink:label="label_dnb_dim034" xml:lang="en" xlink:role="http://www.xbrl.org/2003/role/label">Benefit</link:label>
    <link:labelArc xlink:type="arc" xlink:arcrole="http://www.xbrl.org/2003/arcrole/concept-label" xlink:from="loc_dnb_dim034" xlink:to="label_dnb_dim034" />
    <link:label xlink:type="resource" xlink:label="label_dnb_dim034_1" xml:lang="en" xlink:role="http://www.xbrl.org/2003/role/documentation">BENEFIT</link:label>
    <link:labelArc xlink:type="arc" xlink:arcrole="http://www.xbrl.org/2003/arcrole/concept-label" xlink:from="loc_dnb_dim034" xlink:to="label_dnb_dim034_1" />
    <link:label xlink:type="resource" xlink:label="label_dnb_dim034_2" xml:lang="en" xlink:role="http://www.xbrl.org/2003/role/verboseLabel">Amount paid to the insured party.</link:label>
    <link:labelArc xlink:type="arc" xlink:arcrole="http://www.xbrl.org/2003/arcrole/concept-label" xlink:from="loc_dnb_dim034" xlink:to="label_dnb_dim034_2" />
    <link:loc xlink:type="locator" xlink:href="dim.xsd#dnb_dim035" xlink:label="loc_dnb_dim035" />
    <link:label xlink:type="resource" xlink:label="label_dnb_dim035" xml:lang="en" xlink:role="http://www.xbrl.org/2003/role/label">Product name</link:label>
    <link:labelArc xlink:type="arc" xlink:arcrole="http://www.xbrl.org/2003/arcrole/concept-label" xlink:from="loc_dnb_dim035" xlink:to="label_dnb_dim035" />
    <link:label xlink:type="resource" xlink:label="label_dnb_dim035_1" xml:lang="en" xlink:role="http://www.xbrl.org/2003/role/documentation">PROD-NAME</link:label>
    <link:labelArc xlink:type="arc" xlink:arcrole="http://www.xbrl.org/2003/arcrole/concept-label" xlink:from="loc_dnb_dim035" xlink:to="label_dnb_dim035_1" />
    <link:label xlink:type="resource" xlink:label="label_dnb_dim035_2" xml:lang="en" xlink:role="http://www.xbrl.org/2003/role/verboseLabel">Name of a specific product.</link:label>
    <link:labelArc xlink:type="arc" xlink:arcrole="http://www.xbrl.org/2003/arcrole/concept-label" xlink:from="loc_dnb_dim035" xlink:to="label_dnb_dim035_2" />
    <link:loc xlink:type="locator" xlink:href="dim.xsd#dnb_dim036" xlink:label="loc_dnb_dim036" />
    <link:label xlink:type="resource" xlink:label="label_dnb_dim036" xml:lang="en" xlink:role="http://www.xbrl.org/2003/role/label">Package item</link:label>
    <link:labelArc xlink:type="arc" xlink:arcrole="http://www.xbrl.org/2003/arcrole/concept-label" xlink:from="loc_dnb_dim036" xlink:to="label_dnb_dim036" />
    <link:label xlink:type="resource" xlink:label="label_dnb_dim036_1" xml:lang="en" xlink:role="http://www.xbrl.org/2003/role/documentation">PACK-ITEM</link:label>
    <link:labelArc xlink:type="arc" xlink:arcrole="http://www.xbrl.org/2003/arcrole/concept-label" xlink:from="loc_dnb_dim036" xlink:to="label_dnb_dim036_1" />
    <link:label xlink:type="resource" xlink:label="label_dnb_dim036_2" xml:lang="en" xlink:role="http://www.xbrl.org/2003/role/verboseLabel">Name of the item belonging to a product.</link:label>
    <link:labelArc xlink:type="arc" xlink:arcrole="http://www.xbrl.org/2003/arcrole/concept-label" xlink:from="loc_dnb_dim036" xlink:to="label_dnb_dim036_2" />
    <link:loc xlink:type="locator" xlink:href="dim.xsd#dnb_dim037" xlink:label="loc_dnb_dim037" />
    <link:label xlink:type="resource" xlink:label="label_dnb_dim037" xml:lang="en" xlink:role="http://www.xbrl.org/2003/role/label">Denomination currency</link:label>
    <link:labelArc xlink:type="arc" xlink:arcrole="http://www.xbrl.org/2003/arcrole/concept-label" xlink:from="loc_dnb_dim037" xlink:to="label_dnb_dim037" />
    <link:label xlink:type="resource" xlink:label="label_dnb_dim037_1" xml:lang="en" xlink:role="http://www.xbrl.org/2003/role/documentation">DENOM-CURR</link:label>
    <link:labelArc xlink:type="arc" xlink:arcrole="http://www.xbrl.org/2003/arcrole/concept-label" xlink:from="loc_dnb_dim037" xlink:to="label_dnb_dim037_1" />
    <link:label xlink:type="resource" xlink:label="label_dnb_dim037_2" xml:lang="en" xlink:role="http://www.xbrl.org/2003/role/verboseLabel">Currency used.</link:label>
    <link:labelArc xlink:type="arc" xlink:arcrole="http://www.xbrl.org/2003/arcrole/concept-label" xlink:from="loc_dnb_dim037" xlink:to="label_dnb_dim037_2" />
    <link:loc xlink:type="locator" xlink:href="dim.xsd#dnb_dim038" xlink:label="loc_dnb_dim038" />
    <link:label xlink:type="resource" xlink:label="label_dnb_dim038" xml:lang="en" xlink:role="http://www.xbrl.org/2003/role/label">Collateral and/or guarantees</link:label>
    <link:labelArc xlink:type="arc" xlink:arcrole="http://www.xbrl.org/2003/arcrole/concept-label" xlink:from="loc_dnb_dim038" xlink:to="label_dnb_dim038" />
    <link:label xlink:type="resource" xlink:label="label_dnb_dim038_1" xml:lang="en" xlink:role="http://www.xbrl.org/2003/role/documentation">COLL-GUARNTS</link:label>
    <link:labelArc xlink:type="arc" xlink:arcrole="http://www.xbrl.org/2003/arcrole/concept-label" xlink:from="loc_dnb_dim038" xlink:to="label_dnb_dim038_1" />
    <link:label xlink:type="resource" xlink:label="label_dnb_dim038_2" xml:lang="en" xlink:role="http://www.xbrl.org/2003/role/verboseLabel">Specifies which collateral is used.</link:label>
    <link:labelArc xlink:type="arc" xlink:arcrole="http://www.xbrl.org/2003/arcrole/concept-label" xlink:from="loc_dnb_dim038" xlink:to="label_dnb_dim038_2" />
    <link:loc xlink:type="locator" xlink:href="dim.xsd#dnb_dim039" xlink:label="loc_dnb_dim039" />
    <link:label xlink:type="resource" xlink:label="label_dnb_dim039" xml:lang="en" xlink:role="http://www.xbrl.org/2003/role/label">Interest rate methodology</link:label>
    <link:labelArc xlink:type="arc" xlink:arcrole="http://www.xbrl.org/2003/arcrole/concept-label" xlink:from="loc_dnb_dim039" xlink:to="label_dnb_dim039" />
    <link:label xlink:type="resource" xlink:label="label_dnb_dim039_1" xml:lang="en" xlink:role="http://www.xbrl.org/2003/role/documentation">INT-RATE-METH</link:label>
    <link:labelArc xlink:type="arc" xlink:arcrole="http://www.xbrl.org/2003/arcrole/concept-label" xlink:from="loc_dnb_dim039" xlink:to="label_dnb_dim039_1" />
    <link:label xlink:type="resource" xlink:label="label_dnb_dim039_2" xml:lang="en" xlink:role="http://www.xbrl.org/2003/role/verboseLabel">Specifies which interest rate methodology is used.</link:label>
    <link:labelArc xlink:type="arc" xlink:arcrole="http://www.xbrl.org/2003/arcrole/concept-label" xlink:from="loc_dnb_dim039" xlink:to="label_dnb_dim039_2" />
    <link:loc xlink:type="locator" xlink:href="dim.xsd#dnb_dim040" xlink:label="loc_dnb_dim040" />
    <link:label xlink:type="resource" xlink:label="label_dnb_dim040" xml:lang="en" xlink:role="http://www.xbrl.org/2003/role/label">Balance side</link:label>
    <link:labelArc xlink:type="arc" xlink:arcrole="http://www.xbrl.org/2003/arcrole/concept-label" xlink:from="loc_dnb_dim040" xlink:to="label_dnb_dim040" />
    <link:label xlink:type="resource" xlink:label="label_dnb_dim040_1" xml:lang="en" xlink:role="http://www.xbrl.org/2003/role/documentation">BAL-SIDE</link:label>
    <link:labelArc xlink:type="arc" xlink:arcrole="http://www.xbrl.org/2003/arcrole/concept-label" xlink:from="loc_dnb_dim040" xlink:to="label_dnb_dim040_1" />
    <link:label xlink:type="resource" xlink:label="label_dnb_dim040_2" xml:lang="en" xlink:role="http://www.xbrl.org/2003/role/verboseLabel">Specifies which part of the balance is used.</link:label>
    <link:labelArc xlink:type="arc" xlink:arcrole="http://www.xbrl.org/2003/arcrole/concept-label" xlink:from="loc_dnb_dim040" xlink:to="label_dnb_dim040_2" />
    <link:loc xlink:type="locator" xlink:href="dim.xsd#dnb_dim041" xlink:label="loc_dnb_dim041" />
    <link:label xlink:type="resource" xlink:label="label_dnb_dim041" xml:lang="en" xlink:role="http://www.xbrl.org/2003/role/label">Balance item</link:label>
    <link:labelArc xlink:type="arc" xlink:arcrole="http://www.xbrl.org/2003/arcrole/concept-label" xlink:from="loc_dnb_dim041" xlink:to="label_dnb_dim041" />
    <link:label xlink:type="resource" xlink:label="label_dnb_dim041_1" xml:lang="en" xlink:role="http://www.xbrl.org/2003/role/documentation">BAL-ITEM</link:label>
    <link:labelArc xlink:type="arc" xlink:arcrole="http://www.xbrl.org/2003/arcrole/concept-label" xlink:from="loc_dnb_dim041" xlink:to="label_dnb_dim041_1" />
    <link:label xlink:type="resource" xlink:label="label_dnb_dim041_2" xml:lang="en" xlink:role="http://www.xbrl.org/2003/role/verboseLabel">Specifies which item of the balance is used.</link:label>
    <link:labelArc xlink:type="arc" xlink:arcrole="http://www.xbrl.org/2003/arcrole/concept-label" xlink:from="loc_dnb_dim041" xlink:to="label_dnb_dim041_2" />
    <link:loc xlink:type="locator" xlink:href="dim.xsd#dnb_dim042" xlink:label="loc_dnb_dim042" />
    <link:label xlink:type="resource" xlink:label="label_dnb_dim042" xml:lang="en" xlink:role="http://www.xbrl.org/2003/role/label">Balance item of which</link:label>
    <link:labelArc xlink:type="arc" xlink:arcrole="http://www.xbrl.org/2003/arcrole/concept-label" xlink:from="loc_dnb_dim042" xlink:to="label_dnb_dim042" />
    <link:label xlink:type="resource" xlink:label="label_dnb_dim042_1" xml:lang="en" xlink:role="http://www.xbrl.org/2003/role/documentation">BAL-ITEM-OFW</link:label>
    <link:labelArc xlink:type="arc" xlink:arcrole="http://www.xbrl.org/2003/arcrole/concept-label" xlink:from="loc_dnb_dim042" xlink:to="label_dnb_dim042_1" />
    <link:label xlink:type="resource" xlink:label="label_dnb_dim042_2" xml:lang="en" xlink:role="http://www.xbrl.org/2003/role/verboseLabel">Specifies which item of the balance is used (of which item).</link:label>
    <link:labelArc xlink:type="arc" xlink:arcrole="http://www.xbrl.org/2003/arcrole/concept-label" xlink:from="loc_dnb_dim042" xlink:to="label_dnb_dim042_2" />
    <link:loc xlink:type="locator" xlink:href="dim.xsd#dnb_dim043" xlink:label="loc_dnb_dim043" />
    <link:label xlink:type="resource" xlink:label="label_dnb_dim043" xml:lang="en" xlink:role="http://www.xbrl.org/2003/role/label">Type of securitisation</link:label>
    <link:labelArc xlink:type="arc" xlink:arcrole="http://www.xbrl.org/2003/arcrole/concept-label" xlink:from="loc_dnb_dim043" xlink:to="label_dnb_dim043" />
    <link:label xlink:type="resource" xlink:label="label_dnb_dim043_1" xml:lang="en" xlink:role="http://www.xbrl.org/2003/role/documentation">TYP-SECUR</link:label>
    <link:labelArc xlink:type="arc" xlink:arcrole="http://www.xbrl.org/2003/arcrole/concept-label" xlink:from="loc_dnb_dim043" xlink:to="label_dnb_dim043_1" />
    <link:label xlink:type="resource" xlink:label="label_dnb_dim043_2" xml:lang="en" xlink:role="http://www.xbrl.org/2003/role/verboseLabel">Specifies the type of securisation.</link:label>
    <link:labelArc xlink:type="arc" xlink:arcrole="http://www.xbrl.org/2003/arcrole/concept-label" xlink:from="loc_dnb_dim043" xlink:to="label_dnb_dim043_2" />
    <link:loc xlink:type="locator" xlink:href="dim.xsd#dnb_dim044" xlink:label="loc_dnb_dim044" />
    <link:label xlink:type="resource" xlink:label="label_dnb_dim044" xml:lang="en" xlink:role="http://www.xbrl.org/2003/role/label">Counterparty country/group</link:label>
    <link:labelArc xlink:type="arc" xlink:arcrole="http://www.xbrl.org/2003/arcrole/concept-label" xlink:from="loc_dnb_dim044" xlink:to="label_dnb_dim044" />
    <link:label xlink:type="resource" xlink:label="label_dnb_dim044_1" xml:lang="en" xlink:role="http://www.xbrl.org/2003/role/documentation">CPTY-CNTR-GRP</link:label>
    <link:labelArc xlink:type="arc" xlink:arcrole="http://www.xbrl.org/2003/arcrole/concept-label" xlink:from="loc_dnb_dim044" xlink:to="label_dnb_dim044_1" />
    <link:label xlink:type="resource" xlink:label="label_dnb_dim044_2" xml:lang="en" xlink:role="http://www.xbrl.org/2003/role/verboseLabel">Specifies the counterparty country/group</link:label>
    <link:labelArc xlink:type="arc" xlink:arcrole="http://www.xbrl.org/2003/arcrole/concept-label" xlink:from="loc_dnb_dim044" xlink:to="label_dnb_dim044_2" />
    <link:loc xlink:type="locator" xlink:href="dim.xsd#dnb_dim045" xlink:label="loc_dnb_dim045" />
    <link:label xlink:type="resource" xlink:label="label_dnb_dim045" xml:lang="en" xlink:role="http://www.xbrl.org/2003/role/label">Country of origin SPV</link:label>
    <link:labelArc xlink:type="arc" xlink:arcrole="http://www.xbrl.org/2003/arcrole/concept-label" xlink:from="loc_dnb_dim045" xlink:to="label_dnb_dim045" />
    <link:label xlink:type="resource" xlink:label="label_dnb_dim045_1" xml:lang="en" xlink:role="http://www.xbrl.org/2003/role/documentation">CNTR-SPV</link:label>
    <link:labelArc xlink:type="arc" xlink:arcrole="http://www.xbrl.org/2003/arcrole/concept-label" xlink:from="loc_dnb_dim045" xlink:to="label_dnb_dim045_1" />
    <link:label xlink:type="resource" xlink:label="label_dnb_dim045_2" xml:lang="en" xlink:role="http://www.xbrl.org/2003/role/verboseLabel">Spedifies the country of origin SPV</link:label>
    <link:labelArc xlink:type="arc" xlink:arcrole="http://www.xbrl.org/2003/arcrole/concept-label" xlink:from="loc_dnb_dim045" xlink:to="label_dnb_dim045_2" />
    <link:loc xlink:type="locator" xlink:href="dim.xsd#dnb_dim046" xlink:label="loc_dnb_dim046" />
    <link:label xlink:type="resource" xlink:label="label_dnb_dim046" xml:lang="en" xlink:role="http://www.xbrl.org/2003/role/label">Measure</link:label>
    <link:labelArc xlink:type="arc" xlink:arcrole="http://www.xbrl.org/2003/arcrole/concept-label" xlink:from="loc_dnb_dim046" xlink:to="label_dnb_dim046" />
    <link:label xlink:type="resource" xlink:label="label_dnb_dim046_1" xml:lang="en" xlink:role="http://www.xbrl.org/2003/role/documentation">MEASURE</link:label>
    <link:labelArc xlink:type="arc" xlink:arcrole="http://www.xbrl.org/2003/arcrole/concept-label" xlink:from="loc_dnb_dim046" xlink:to="label_dnb_dim046_1" />
    <link:label xlink:type="resource" xlink:label="label_dnb_dim046_2" xml:lang="en" xlink:role="http://www.xbrl.org/2003/role/verboseLabel">Specifies the measure</link:label>
    <link:labelArc xlink:type="arc" xlink:arcrole="http://www.xbrl.org/2003/arcrole/concept-label" xlink:from="loc_dnb_dim046" xlink:to="label_dnb_dim046_2" />
    <link:loc xlink:type="locator" xlink:href="dim.xsd#dnb_dim047" xlink:label="loc_dnb_dim047" />
    <link:label xlink:type="resource" xlink:label="label_dnb_dim047" xml:lang="en" xlink:role="http://www.xbrl.org/2003/role/label">Type of measure</link:label>
    <link:labelArc xlink:type="arc" xlink:arcrole="http://www.xbrl.org/2003/arcrole/concept-label" xlink:from="loc_dnb_dim047" xlink:to="label_dnb_dim047" />
    <link:label xlink:type="resource" xlink:label="label_dnb_dim047_1" xml:lang="en" xlink:role="http://www.xbrl.org/2003/role/documentation">TYP-MEASURE</link:label>
    <link:labelArc xlink:type="arc" xlink:arcrole="http://www.xbrl.org/2003/arcrole/concept-label" xlink:from="loc_dnb_dim047" xlink:to="label_dnb_dim047_1" />
    <link:label xlink:type="resource" xlink:label="label_dnb_dim047_2" xml:lang="en" xlink:role="http://www.xbrl.org/2003/role/verboseLabel">Specifies the type of measure</link:label>
    <link:labelArc xlink:type="arc" xlink:arcrole="http://www.xbrl.org/2003/arcrole/concept-label" xlink:from="loc_dnb_dim047" xlink:to="label_dnb_dim047_2" />
    <link:loc xlink:type="locator" xlink:href="dim.xsd#dnb_dim048" xlink:label="loc_dnb_dim048" />
    <link:label xlink:type="resource" xlink:label="label_dnb_dim048" xml:lang="en" xlink:role="http://www.xbrl.org/2003/role/label">Amount category</link:label>
    <link:labelArc xlink:type="arc" xlink:arcrole="http://www.xbrl.org/2003/arcrole/concept-label" xlink:from="loc_dnb_dim048" xlink:to="label_dnb_dim048" />
    <link:label xlink:type="resource" xlink:label="label_dnb_dim048_1" xml:lang="en" xlink:role="http://www.xbrl.org/2003/role/documentation">AMOUNT-CAT</link:label>
    <link:labelArc xlink:type="arc" xlink:arcrole="http://www.xbrl.org/2003/arcrole/concept-label" xlink:from="loc_dnb_dim048" xlink:to="label_dnb_dim048_1" />
    <link:label xlink:type="resource" xlink:label="label_dnb_dim048_2" xml:lang="en" xlink:role="http://www.xbrl.org/2003/role/verboseLabel">Specifies the amount category</link:label>
    <link:labelArc xlink:type="arc" xlink:arcrole="http://www.xbrl.org/2003/arcrole/concept-label" xlink:from="loc_dnb_dim048" xlink:to="label_dnb_dim048_2" />
    <link:loc xlink:type="locator" xlink:href="dim.xsd#dnb_dim049" xlink:label="loc_dnb_dim049" />
    <link:label xlink:type="resource" xlink:label="label_dnb_dim049" xml:lang="en" xlink:role="http://www.xbrl.org/2003/role/label">Type of transfer</link:label>
    <link:labelArc xlink:type="arc" xlink:arcrole="http://www.xbrl.org/2003/arcrole/concept-label" xlink:from="loc_dnb_dim049" xlink:to="label_dnb_dim049" />
    <link:label xlink:type="resource" xlink:label="label_dnb_dim049_1" xml:lang="en" xlink:role="http://www.xbrl.org/2003/role/documentation">TYP-TRNSFR</link:label>
    <link:labelArc xlink:type="arc" xlink:arcrole="http://www.xbrl.org/2003/arcrole/concept-label" xlink:from="loc_dnb_dim049" xlink:to="label_dnb_dim049_1" />
    <link:label xlink:type="resource" xlink:label="label_dnb_dim049_2" xml:lang="en" xlink:role="http://www.xbrl.org/2003/role/verboseLabel">Specifies the type of transfer</link:label>
    <link:labelArc xlink:type="arc" xlink:arcrole="http://www.xbrl.org/2003/arcrole/concept-label" xlink:from="loc_dnb_dim049" xlink:to="label_dnb_dim049_2" />
    <link:loc xlink:type="locator" xlink:href="dim.xsd#dnb_dim050" xlink:label="loc_dnb_dim050" />
    <link:label xlink:type="resource" xlink:label="label_dnb_dim050" xml:lang="en" xlink:role="http://www.xbrl.org/2003/role/label">Counterparty of transfer</link:label>
    <link:labelArc xlink:type="arc" xlink:arcrole="http://www.xbrl.org/2003/arcrole/concept-label" xlink:from="loc_dnb_dim050" xlink:to="label_dnb_dim050" />
    <link:label xlink:type="resource" xlink:label="label_dnb_dim050_1" xml:lang="en" xlink:role="http://www.xbrl.org/2003/role/documentation">CPTY-TRNSFR</link:label>
    <link:labelArc xlink:type="arc" xlink:arcrole="http://www.xbrl.org/2003/arcrole/concept-label" xlink:from="loc_dnb_dim050" xlink:to="label_dnb_dim050_1" />
    <link:label xlink:type="resource" xlink:label="label_dnb_dim050_2" xml:lang="en" xlink:role="http://www.xbrl.org/2003/role/verboseLabel">Specifies the counterparty of transfer</link:label>
    <link:labelArc xlink:type="arc" xlink:arcrole="http://www.xbrl.org/2003/arcrole/concept-label" xlink:from="loc_dnb_dim050" xlink:to="label_dnb_dim050_2" />
    <link:loc xlink:type="locator" xlink:href="dim.xsd#dnb_dim051" xlink:label="loc_dnb_dim051" />
    <link:label xlink:type="resource" xlink:label="label_dnb_dim051" xml:lang="en" xlink:role="http://www.xbrl.org/2003/role/label">Counterparty sector</link:label>
    <link:labelArc xlink:type="arc" xlink:arcrole="http://www.xbrl.org/2003/arcrole/concept-label" xlink:from="loc_dnb_dim051" xlink:to="label_dnb_dim051" />
    <link:label xlink:type="resource" xlink:label="label_dnb_dim051_1" xml:lang="en" xlink:role="http://www.xbrl.org/2003/role/documentation">CPTY-SECT</link:label>
    <link:labelArc xlink:type="arc" xlink:arcrole="http://www.xbrl.org/2003/arcrole/concept-label" xlink:from="loc_dnb_dim051" xlink:to="label_dnb_dim051_1" />
    <link:label xlink:type="resource" xlink:label="label_dnb_dim051_2" xml:lang="en" xlink:role="http://www.xbrl.org/2003/role/verboseLabel">Specifies the counterparty sector</link:label>
    <link:labelArc xlink:type="arc" xlink:arcrole="http://www.xbrl.org/2003/arcrole/concept-label" xlink:from="loc_dnb_dim051" xlink:to="label_dnb_dim051_2" />
    <link:loc xlink:type="locator" xlink:href="dim.xsd#dnb_dim052" xlink:label="loc_dnb_dim052" />
    <link:label xlink:type="resource" xlink:label="label_dnb_dim052" xml:lang="en" xlink:role="http://www.xbrl.org/2003/role/label">Original maturity</link:label>
    <link:labelArc xlink:type="arc" xlink:arcrole="http://www.xbrl.org/2003/arcrole/concept-label" xlink:from="loc_dnb_dim052" xlink:to="label_dnb_dim052" />
    <link:label xlink:type="resource" xlink:label="label_dnb_dim052_1" xml:lang="en" xlink:role="http://www.xbrl.org/2003/role/documentation">ORG-MAT</link:label>
    <link:labelArc xlink:type="arc" xlink:arcrole="http://www.xbrl.org/2003/arcrole/concept-label" xlink:from="loc_dnb_dim052" xlink:to="label_dnb_dim052_1" />
    <link:label xlink:type="resource" xlink:label="label_dnb_dim052_2" xml:lang="en" xlink:role="http://www.xbrl.org/2003/role/verboseLabel">Specifies the original maturity</link:label>
    <link:labelArc xlink:type="arc" xlink:arcrole="http://www.xbrl.org/2003/arcrole/concept-label" xlink:from="loc_dnb_dim052" xlink:to="label_dnb_dim052_2" />
    <link:loc xlink:type="locator" xlink:href="dim.xsd#dnb_dim053" xlink:label="loc_dnb_dim053" />
    <link:label xlink:type="resource" xlink:label="label_dnb_dim053" xml:lang="en" xlink:role="http://www.xbrl.org/2003/role/label">Interest rate reset</link:label>
    <link:labelArc xlink:type="arc" xlink:arcrole="http://www.xbrl.org/2003/arcrole/concept-label" xlink:from="loc_dnb_dim053" xlink:to="label_dnb_dim053" />
    <link:label xlink:type="resource" xlink:label="label_dnb_dim053_1" xml:lang="en" xlink:role="http://www.xbrl.org/2003/role/documentation">INT-RATE-RST</link:label>
    <link:labelArc xlink:type="arc" xlink:arcrole="http://www.xbrl.org/2003/arcrole/concept-label" xlink:from="loc_dnb_dim053" xlink:to="label_dnb_dim053_1" />
    <link:label xlink:type="resource" xlink:label="label_dnb_dim053_2" xml:lang="en" xlink:role="http://www.xbrl.org/2003/role/verboseLabel">Specifies the interest rate reset</link:label>
    <link:labelArc xlink:type="arc" xlink:arcrole="http://www.xbrl.org/2003/arcrole/concept-label" xlink:from="loc_dnb_dim053" xlink:to="label_dnb_dim053_2" />
    <link:loc xlink:type="locator" xlink:href="dim.xsd#dnb_dim054" xlink:label="loc_dnb_dim054" />
    <link:label xlink:type="resource" xlink:label="label_dnb_dim054" xml:lang="en" xlink:role="http://www.xbrl.org/2003/role/label">Period of notice</link:label>
    <link:labelArc xlink:type="arc" xlink:arcrole="http://www.xbrl.org/2003/arcrole/concept-label" xlink:from="loc_dnb_dim054" xlink:to="label_dnb_dim054" />
    <link:label xlink:type="resource" xlink:label="label_dnb_dim054_1" xml:lang="en" xlink:role="http://www.xbrl.org/2003/role/documentation">PER-NOT</link:label>
    <link:labelArc xlink:type="arc" xlink:arcrole="http://www.xbrl.org/2003/arcrole/concept-label" xlink:from="loc_dnb_dim054" xlink:to="label_dnb_dim054_1" />
    <link:label xlink:type="resource" xlink:label="label_dnb_dim054_2" xml:lang="en" xlink:role="http://www.xbrl.org/2003/role/verboseLabel">Specifies the period of notice</link:label>
    <link:labelArc xlink:type="arc" xlink:arcrole="http://www.xbrl.org/2003/arcrole/concept-label" xlink:from="loc_dnb_dim054" xlink:to="label_dnb_dim054_2" />
    <link:loc xlink:type="locator" xlink:href="dim.xsd#dnb_dim055" xlink:label="loc_dnb_dim055" />
    <link:label xlink:type="resource" xlink:label="label_dnb_dim055" xml:lang="en" xlink:role="http://www.xbrl.org/2003/role/label">Interest rate fixation</link:label>
    <link:labelArc xlink:type="arc" xlink:arcrole="http://www.xbrl.org/2003/arcrole/concept-label" xlink:from="loc_dnb_dim055" xlink:to="label_dnb_dim055" />
    <link:label xlink:type="resource" xlink:label="label_dnb_dim055_1" xml:lang="en" xlink:role="http://www.xbrl.org/2003/role/documentation">INT-RATE-FIX</link:label>
    <link:labelArc xlink:type="arc" xlink:arcrole="http://www.xbrl.org/2003/arcrole/concept-label" xlink:from="loc_dnb_dim055" xlink:to="label_dnb_dim055_1" />
    <link:label xlink:type="resource" xlink:label="label_dnb_dim055_2" xml:lang="en" xlink:role="http://www.xbrl.org/2003/role/verboseLabel">Specifies the interest rate fixation</link:label>
    <link:labelArc xlink:type="arc" xlink:arcrole="http://www.xbrl.org/2003/arcrole/concept-label" xlink:from="loc_dnb_dim055" xlink:to="label_dnb_dim055_2" />
    <link:loc xlink:type="locator" xlink:href="dim.xsd#dnb_dim056" xlink:label="loc_dnb_dim056" />
    <link:label xlink:type="resource" xlink:label="label_dnb_dim056" xml:lang="en" xlink:role="http://www.xbrl.org/2003/role/label">Minimumreserve required</link:label>
    <link:labelArc xlink:type="arc" xlink:arcrole="http://www.xbrl.org/2003/arcrole/concept-label" xlink:from="loc_dnb_dim056" xlink:to="label_dnb_dim056" />
    <link:label xlink:type="resource" xlink:label="label_dnb_dim056_1" xml:lang="en" xlink:role="http://www.xbrl.org/2003/role/documentation">MINRES-REQ</link:label>
    <link:labelArc xlink:type="arc" xlink:arcrole="http://www.xbrl.org/2003/arcrole/concept-label" xlink:from="loc_dnb_dim056" xlink:to="label_dnb_dim056_1" />
    <link:label xlink:type="resource" xlink:label="label_dnb_dim056_2" xml:lang="en" xlink:role="http://www.xbrl.org/2003/role/verboseLabel">Specifies the minimumreserve required</link:label>
    <link:labelArc xlink:type="arc" xlink:arcrole="http://www.xbrl.org/2003/arcrole/concept-label" xlink:from="loc_dnb_dim056" xlink:to="label_dnb_dim056_2" />
    <link:loc xlink:type="locator" xlink:href="dim.xsd#dnb_dim057" xlink:label="loc_dnb_dim057" />
    <link:label xlink:type="resource" xlink:label="label_dnb_dim057" xml:lang="en" xlink:role="http://www.xbrl.org/2003/role/label">Working capital</link:label>
    <link:labelArc xlink:type="arc" xlink:arcrole="http://www.xbrl.org/2003/arcrole/concept-label" xlink:from="loc_dnb_dim057" xlink:to="label_dnb_dim057" />
    <link:label xlink:type="resource" xlink:label="label_dnb_dim057_1" xml:lang="en" xlink:role="http://www.xbrl.org/2003/role/documentation">WORK-CAP</link:label>
    <link:labelArc xlink:type="arc" xlink:arcrole="http://www.xbrl.org/2003/arcrole/concept-label" xlink:from="loc_dnb_dim057" xlink:to="label_dnb_dim057_1" />
    <link:label xlink:type="resource" xlink:label="label_dnb_dim057_2" xml:lang="en" xlink:role="http://www.xbrl.org/2003/role/verboseLabel">Specifies the working capital</link:label>
    <link:labelArc xlink:type="arc" xlink:arcrole="http://www.xbrl.org/2003/arcrole/concept-label" xlink:from="loc_dnb_dim057" xlink:to="label_dnb_dim057_2" />
    <link:loc xlink:type="locator" xlink:href="dim.xsd#dnb_dim058" xlink:label="loc_dnb_dim058" />
    <link:label xlink:type="resource" xlink:label="label_dnb_dim058" xml:lang="en" xlink:role="http://www.xbrl.org/2003/role/label">Type of balance</link:label>
    <link:labelArc xlink:type="arc" xlink:arcrole="http://www.xbrl.org/2003/arcrole/concept-label" xlink:from="loc_dnb_dim058" xlink:to="label_dnb_dim058" />
    <link:label xlink:type="resource" xlink:label="label_dnb_dim058_1" xml:lang="en" xlink:role="http://www.xbrl.org/2003/role/documentation">TYP-BAL</link:label>
    <link:labelArc xlink:type="arc" xlink:arcrole="http://www.xbrl.org/2003/arcrole/concept-label" xlink:from="loc_dnb_dim058" xlink:to="label_dnb_dim058_1" />
    <link:label xlink:type="resource" xlink:label="label_dnb_dim058_2" xml:lang="en" xlink:role="http://www.xbrl.org/2003/role/verboseLabel">Specifies the type of balance</link:label>
    <link:labelArc xlink:type="arc" xlink:arcrole="http://www.xbrl.org/2003/arcrole/concept-label" xlink:from="loc_dnb_dim058" xlink:to="label_dnb_dim058_2" />
    <link:loc xlink:type="locator" xlink:href="dim.xsd#dnb_dim059" xlink:label="loc_dnb_dim059" />
    <link:label xlink:type="resource" xlink:label="label_dnb_dim059" xml:lang="en" xlink:role="http://www.xbrl.org/2003/role/label">Short positions</link:label>
    <link:labelArc xlink:type="arc" xlink:arcrole="http://www.xbrl.org/2003/arcrole/concept-label" xlink:from="loc_dnb_dim059" xlink:to="label_dnb_dim059" />
    <link:label xlink:type="resource" xlink:label="label_dnb_dim059_1" xml:lang="en" xlink:role="http://www.xbrl.org/2003/role/documentation">SHORT-POS</link:label>
    <link:labelArc xlink:type="arc" xlink:arcrole="http://www.xbrl.org/2003/arcrole/concept-label" xlink:from="loc_dnb_dim059" xlink:to="label_dnb_dim059_1" />
    <link:label xlink:type="resource" xlink:label="label_dnb_dim059_2" xml:lang="en" xlink:role="http://www.xbrl.org/2003/role/verboseLabel">Specifies the short positions</link:label>
    <link:labelArc xlink:type="arc" xlink:arcrole="http://www.xbrl.org/2003/arcrole/concept-label" xlink:from="loc_dnb_dim059" xlink:to="label_dnb_dim059_2" />
    <link:loc xlink:type="locator" xlink:href="dim.xsd#dnb_dim060" xlink:label="loc_dnb_dim060" />
    <link:label xlink:type="resource" xlink:label="label_dnb_dim060" xml:lang="en" xlink:role="http://www.xbrl.org/2003/role/label">Loan to value</link:label>
    <link:labelArc xlink:type="arc" xlink:arcrole="http://www.xbrl.org/2003/arcrole/concept-label" xlink:from="loc_dnb_dim060" xlink:to="label_dnb_dim060" />
    <link:label xlink:type="resource" xlink:label="label_dnb_dim060_1" xml:lang="en" xlink:role="http://www.xbrl.org/2003/role/documentation">LTV</link:label>
    <link:labelArc xlink:type="arc" xlink:arcrole="http://www.xbrl.org/2003/arcrole/concept-label" xlink:from="loc_dnb_dim060" xlink:to="label_dnb_dim060_1" />
    <link:label xlink:type="resource" xlink:label="label_dnb_dim060_2" xml:lang="en" xlink:role="http://www.xbrl.org/2003/role/verboseLabel">Specifies the loan to value</link:label>
    <link:labelArc xlink:type="arc" xlink:arcrole="http://www.xbrl.org/2003/arcrole/concept-label" xlink:from="loc_dnb_dim060" xlink:to="label_dnb_dim060_2" />
    <link:loc xlink:type="locator" xlink:href="dim.xsd#dnb_dim061" xlink:label="loc_dnb_dim061" />
    <link:label xlink:type="resource" xlink:label="label_dnb_dim061" xml:lang="en" xlink:role="http://www.xbrl.org/2003/role/label">Activity</link:label>
    <link:labelArc xlink:type="arc" xlink:arcrole="http://www.xbrl.org/2003/arcrole/concept-label" xlink:from="loc_dnb_dim061" xlink:to="label_dnb_dim061" />
    <link:label xlink:type="resource" xlink:label="label_dnb_dim061_1" xml:lang="en" xlink:role="http://www.xbrl.org/2003/role/documentation">ACTIVITY</link:label>
    <link:labelArc xlink:type="arc" xlink:arcrole="http://www.xbrl.org/2003/arcrole/concept-label" xlink:from="loc_dnb_dim061" xlink:to="label_dnb_dim061_1" />
    <link:label xlink:type="resource" xlink:label="label_dnb_dim061_2" xml:lang="en" xlink:role="http://www.xbrl.org/2003/role/verboseLabel">Specifies the industry (type) of activity.</link:label>
    <link:labelArc xlink:type="arc" xlink:arcrole="http://www.xbrl.org/2003/arcrole/concept-label" xlink:from="loc_dnb_dim061" xlink:to="label_dnb_dim061_2" />
    <link:loc xlink:type="locator" xlink:href="dim.xsd#dnb_dim062" xlink:label="loc_dnb_dim062" />
    <link:label xlink:type="resource" xlink:label="label_dnb_dim062" xml:lang="en" xlink:role="http://www.xbrl.org/2003/role/label">Capital guarantees</link:label>
    <link:labelArc xlink:type="arc" xlink:arcrole="http://www.xbrl.org/2003/arcrole/concept-label" xlink:from="loc_dnb_dim062" xlink:to="label_dnb_dim062" />
    <link:label xlink:type="resource" xlink:label="label_dnb_dim062_1" xml:lang="en" xlink:role="http://www.xbrl.org/2003/role/documentation">CAP-GUARNTS</link:label>
    <link:labelArc xlink:type="arc" xlink:arcrole="http://www.xbrl.org/2003/arcrole/concept-label" xlink:from="loc_dnb_dim062" xlink:to="label_dnb_dim062_1" />
    <link:label xlink:type="resource" xlink:label="label_dnb_dim062_2" xml:lang="en" xlink:role="http://www.xbrl.org/2003/role/verboseLabel">Specifies the capital guarantees</link:label>
    <link:labelArc xlink:type="arc" xlink:arcrole="http://www.xbrl.org/2003/arcrole/concept-label" xlink:from="loc_dnb_dim062" xlink:to="label_dnb_dim062_2" />
    <link:loc xlink:type="locator" xlink:href="dim.xsd#dnb_dim063" xlink:label="loc_dnb_dim063" />
    <link:label xlink:type="resource" xlink:label="label_dnb_dim063" xml:lang="en" xlink:role="http://www.xbrl.org/2003/role/label">Owned</link:label>
    <link:labelArc xlink:type="arc" xlink:arcrole="http://www.xbrl.org/2003/arcrole/concept-label" xlink:from="loc_dnb_dim063" xlink:to="label_dnb_dim063" />
    <link:label xlink:type="resource" xlink:label="label_dnb_dim063_1" xml:lang="en" xlink:role="http://www.xbrl.org/2003/role/documentation">OWNED</link:label>
    <link:labelArc xlink:type="arc" xlink:arcrole="http://www.xbrl.org/2003/arcrole/concept-label" xlink:from="loc_dnb_dim063" xlink:to="label_dnb_dim063_1" />
    <link:label xlink:type="resource" xlink:label="label_dnb_dim063_2" xml:lang="en" xlink:role="http://www.xbrl.org/2003/role/verboseLabel">Specifies owned</link:label>
    <link:labelArc xlink:type="arc" xlink:arcrole="http://www.xbrl.org/2003/arcrole/concept-label" xlink:from="loc_dnb_dim063" xlink:to="label_dnb_dim063_2" />
    <link:loc xlink:type="locator" xlink:href="dim.xsd#dnb_dim064" xlink:label="loc_dnb_dim064" />
    <link:label xlink:type="resource" xlink:label="label_dnb_dim064" xml:lang="en" xlink:role="http://www.xbrl.org/2003/role/label">Real estate collateral</link:label>
    <link:labelArc xlink:type="arc" xlink:arcrole="http://www.xbrl.org/2003/arcrole/concept-label" xlink:from="loc_dnb_dim064" xlink:to="label_dnb_dim064" />
    <link:label xlink:type="resource" xlink:label="label_dnb_dim064_1" xml:lang="en" xlink:role="http://www.xbrl.org/2003/role/documentation">REAL-EST-COLL</link:label>
    <link:labelArc xlink:type="arc" xlink:arcrole="http://www.xbrl.org/2003/arcrole/concept-label" xlink:from="loc_dnb_dim064" xlink:to="label_dnb_dim064_1" />
    <link:label xlink:type="resource" xlink:label="label_dnb_dim064_2" xml:lang="en" xlink:role="http://www.xbrl.org/2003/role/verboseLabel">Specifies the real estate collateral</link:label>
    <link:labelArc xlink:type="arc" xlink:arcrole="http://www.xbrl.org/2003/arcrole/concept-label" xlink:from="loc_dnb_dim064" xlink:to="label_dnb_dim064_2" />
    <link:loc xlink:type="locator" xlink:href="dim.xsd#dnb_dim065" xlink:label="loc_dnb_dim065" />
    <link:label xlink:type="resource" xlink:label="label_dnb_dim065" xml:lang="en" xlink:role="http://www.xbrl.org/2003/role/label">True sale</link:label>
    <link:labelArc xlink:type="arc" xlink:arcrole="http://www.xbrl.org/2003/arcrole/concept-label" xlink:from="loc_dnb_dim065" xlink:to="label_dnb_dim065" />
    <link:label xlink:type="resource" xlink:label="label_dnb_dim065_1" xml:lang="en" xlink:role="http://www.xbrl.org/2003/role/documentation">TRUE-SALE</link:label>
    <link:labelArc xlink:type="arc" xlink:arcrole="http://www.xbrl.org/2003/arcrole/concept-label" xlink:from="loc_dnb_dim065" xlink:to="label_dnb_dim065_1" />
    <link:label xlink:type="resource" xlink:label="label_dnb_dim065_2" xml:lang="en" xlink:role="http://www.xbrl.org/2003/role/verboseLabel">Specifies the true sale</link:label>
    <link:labelArc xlink:type="arc" xlink:arcrole="http://www.xbrl.org/2003/arcrole/concept-label" xlink:from="loc_dnb_dim065" xlink:to="label_dnb_dim065_2" />
    <link:loc xlink:type="locator" xlink:href="dim.xsd#dnb_dim066" xlink:label="loc_dnb_dim066" />
    <link:label xlink:type="resource" xlink:label="label_dnb_dim066" xml:lang="en" xlink:role="http://www.xbrl.org/2003/role/label">Counterparty sector of transfer</link:label>
    <link:labelArc xlink:type="arc" xlink:arcrole="http://www.xbrl.org/2003/arcrole/concept-label" xlink:from="loc_dnb_dim066" xlink:to="label_dnb_dim066" />
    <link:label xlink:type="resource" xlink:label="label_dnb_dim066_1" xml:lang="en" xlink:role="http://www.xbrl.org/2003/role/documentation">CPTY-SECT-TRNSFR</link:label>
    <link:labelArc xlink:type="arc" xlink:arcrole="http://www.xbrl.org/2003/arcrole/concept-label" xlink:from="loc_dnb_dim066" xlink:to="label_dnb_dim066_1" />
    <link:label xlink:type="resource" xlink:label="label_dnb_dim066_2" xml:lang="en" xlink:role="http://www.xbrl.org/2003/role/verboseLabel">Specifies the counterparty sector of transfer</link:label>
    <link:labelArc xlink:type="arc" xlink:arcrole="http://www.xbrl.org/2003/arcrole/concept-label" xlink:from="loc_dnb_dim066" xlink:to="label_dnb_dim066_2" />
    <link:loc xlink:type="locator" xlink:href="dim.xsd#dnb_dim067" xlink:label="loc_dnb_dim067" />
    <link:label xlink:type="resource" xlink:label="label_dnb_dim067" xml:lang="en" xlink:role="http://www.xbrl.org/2003/role/label">Counterparty countrygroup of transfer</link:label>
    <link:labelArc xlink:type="arc" xlink:arcrole="http://www.xbrl.org/2003/arcrole/concept-label" xlink:from="loc_dnb_dim067" xlink:to="label_dnb_dim067" />
    <link:label xlink:type="resource" xlink:label="label_dnb_dim067_1" xml:lang="en" xlink:role="http://www.xbrl.org/2003/role/documentation">CPTY-CNTR-GRP-TRNSFR</link:label>
    <link:labelArc xlink:type="arc" xlink:arcrole="http://www.xbrl.org/2003/arcrole/concept-label" xlink:from="loc_dnb_dim067" xlink:to="label_dnb_dim067_1" />
    <link:label xlink:type="resource" xlink:label="label_dnb_dim067_2" xml:lang="en" xlink:role="http://www.xbrl.org/2003/role/verboseLabel">Specifies the counterparty countrygroup of transfer</link:label>
    <link:labelArc xlink:type="arc" xlink:arcrole="http://www.xbrl.org/2003/arcrole/concept-label" xlink:from="loc_dnb_dim067" xlink:to="label_dnb_dim067_2" />
    <link:loc xlink:type="locator" xlink:href="dim.xsd#dnb_dim068" xlink:label="loc_dnb_dim068" />
    <link:label xlink:type="resource" xlink:label="label_dnb_dim068" xml:lang="en" xlink:role="http://www.xbrl.org/2003/role/label">Payment processing type</link:label>
    <link:labelArc xlink:type="arc" xlink:arcrole="http://www.xbrl.org/2003/arcrole/concept-label" xlink:from="loc_dnb_dim068" xlink:to="label_dnb_dim068" />
    <link:label xlink:type="resource" xlink:label="label_dnb_dim068_1" xml:lang="en" xlink:role="http://www.xbrl.org/2003/role/documentation">PAYM-PRCSS-TYP</link:label>
    <link:labelArc xlink:type="arc" xlink:arcrole="http://www.xbrl.org/2003/arcrole/concept-label" xlink:from="loc_dnb_dim068" xlink:to="label_dnb_dim068_1" />
    <link:label xlink:type="resource" xlink:label="label_dnb_dim068_2" xml:lang="en" xlink:role="http://www.xbrl.org/2003/role/verboseLabel">Specifies type of payment processing</link:label>
    <link:labelArc xlink:type="arc" xlink:arcrole="http://www.xbrl.org/2003/arcrole/concept-label" xlink:from="loc_dnb_dim068" xlink:to="label_dnb_dim068_2" />
    <link:loc xlink:type="locator" xlink:href="dim.xsd#dnb_dim069" xlink:label="loc_dnb_dim069" />
    <link:label xlink:type="resource" xlink:label="label_dnb_dim069" xml:lang="en" xlink:role="http://www.xbrl.org/2003/role/label">Payment processing category</link:label>
    <link:labelArc xlink:type="arc" xlink:arcrole="http://www.xbrl.org/2003/arcrole/concept-label" xlink:from="loc_dnb_dim069" xlink:to="label_dnb_dim069" />
    <link:label xlink:type="resource" xlink:label="label_dnb_dim069_1" xml:lang="en" xlink:role="http://www.xbrl.org/2003/role/documentation">PAYM-PRCSS-CAT</link:label>
    <link:labelArc xlink:type="arc" xlink:arcrole="http://www.xbrl.org/2003/arcrole/concept-label" xlink:from="loc_dnb_dim069" xlink:to="label_dnb_dim069_1" />
    <link:label xlink:type="resource" xlink:label="label_dnb_dim069_2" xml:lang="en" xlink:role="http://www.xbrl.org/2003/role/verboseLabel">Specifies category of payment processing</link:label>
    <link:labelArc xlink:type="arc" xlink:arcrole="http://www.xbrl.org/2003/arcrole/concept-label" xlink:from="loc_dnb_dim069" xlink:to="label_dnb_dim069_2" />
    <link:loc xlink:type="locator" xlink:href="dim.xsd#dnb_dim070" xlink:label="loc_dnb_dim070" />
    <link:label xlink:type="resource" xlink:label="label_dnb_dim070" xml:lang="en" xlink:role="http://www.xbrl.org/2003/role/label">Availability time period</link:label>
    <link:labelArc xlink:type="arc" xlink:arcrole="http://www.xbrl.org/2003/arcrole/concept-label" xlink:from="loc_dnb_dim070" xlink:to="label_dnb_dim070" />
    <link:label xlink:type="resource" xlink:label="label_dnb_dim070_1" xml:lang="en" xlink:role="http://www.xbrl.org/2003/role/documentation">AVAIL-TIME-PER</link:label>
    <link:labelArc xlink:type="arc" xlink:arcrole="http://www.xbrl.org/2003/arcrole/concept-label" xlink:from="loc_dnb_dim070" xlink:to="label_dnb_dim070_1" />
    <link:label xlink:type="resource" xlink:label="label_dnb_dim070_2" xml:lang="en" xlink:role="http://www.xbrl.org/2003/role/verboseLabel">Specifies period of availability time</link:label>
    <link:labelArc xlink:type="arc" xlink:arcrole="http://www.xbrl.org/2003/arcrole/concept-label" xlink:from="loc_dnb_dim070" xlink:to="label_dnb_dim070_2" />
    <link:loc xlink:type="locator" xlink:href="dim.xsd#dnb_dim071" xlink:label="loc_dnb_dim071" />
    <link:label xlink:type="resource" xlink:label="label_dnb_dim071" xml:lang="en" xlink:role="http://www.xbrl.org/2003/role/label">Type of maximum authorization request</link:label>
    <link:labelArc xlink:type="arc" xlink:arcrole="http://www.xbrl.org/2003/arcrole/concept-label" xlink:from="loc_dnb_dim071" xlink:to="label_dnb_dim071" />
    <link:label xlink:type="resource" xlink:label="label_dnb_dim071_1" xml:lang="en" xlink:role="http://www.xbrl.org/2003/role/documentation">TYP-MAX-AUTH-REQ</link:label>
    <link:labelArc xlink:type="arc" xlink:arcrole="http://www.xbrl.org/2003/arcrole/concept-label" xlink:from="loc_dnb_dim071" xlink:to="label_dnb_dim071_1" />
    <link:label xlink:type="resource" xlink:label="label_dnb_dim071_2" xml:lang="en" xlink:role="http://www.xbrl.org/2003/role/verboseLabel">Specifies request of type of maximum authorization</link:label>
    <link:labelArc xlink:type="arc" xlink:arcrole="http://www.xbrl.org/2003/arcrole/concept-label" xlink:from="loc_dnb_dim071" xlink:to="label_dnb_dim071_2" />
    <link:loc xlink:type="locator" xlink:href="dim.xsd#dnb_dim072" xlink:label="loc_dnb_dim072" />
    <link:label xlink:type="resource" xlink:label="label_dnb_dim072" xml:lang="en" xlink:role="http://www.xbrl.org/2003/role/label">Counterparty authorization request</link:label>
    <link:labelArc xlink:type="arc" xlink:arcrole="http://www.xbrl.org/2003/arcrole/concept-label" xlink:from="loc_dnb_dim072" xlink:to="label_dnb_dim072" />
    <link:label xlink:type="resource" xlink:label="label_dnb_dim072_1" xml:lang="en" xlink:role="http://www.xbrl.org/2003/role/documentation">CPTY-AUTH-REQ</link:label>
    <link:labelArc xlink:type="arc" xlink:arcrole="http://www.xbrl.org/2003/arcrole/concept-label" xlink:from="loc_dnb_dim072" xlink:to="label_dnb_dim072_1" />
    <link:label xlink:type="resource" xlink:label="label_dnb_dim072_2" xml:lang="en" xlink:role="http://www.xbrl.org/2003/role/verboseLabel">Specifies request of counterparty authorization</link:label>
    <link:labelArc xlink:type="arc" xlink:arcrole="http://www.xbrl.org/2003/arcrole/concept-label" xlink:from="loc_dnb_dim072" xlink:to="label_dnb_dim072_2" />
    <link:loc xlink:type="locator" xlink:href="dim.xsd#dnb_dim073" xlink:label="loc_dnb_dim073" />
    <link:label xlink:type="resource" xlink:label="label_dnb_dim073" xml:lang="en" xlink:role="http://www.xbrl.org/2003/role/label">Type of payment</link:label>
    <link:labelArc xlink:type="arc" xlink:arcrole="http://www.xbrl.org/2003/arcrole/concept-label" xlink:from="loc_dnb_dim073" xlink:to="label_dnb_dim073" />
    <link:label xlink:type="resource" xlink:label="label_dnb_dim073_1" xml:lang="en" xlink:role="http://www.xbrl.org/2003/role/documentation">TYP-PAYMNT</link:label>
    <link:labelArc xlink:type="arc" xlink:arcrole="http://www.xbrl.org/2003/arcrole/concept-label" xlink:from="loc_dnb_dim073" xlink:to="label_dnb_dim073_1" />
    <link:label xlink:type="resource" xlink:label="label_dnb_dim073_2" xml:lang="en" xlink:role="http://www.xbrl.org/2003/role/verboseLabel">Specifies payment of type of</link:label>
    <link:labelArc xlink:type="arc" xlink:arcrole="http://www.xbrl.org/2003/arcrole/concept-label" xlink:from="loc_dnb_dim073" xlink:to="label_dnb_dim073_2" />
    <link:loc xlink:type="locator" xlink:href="dim.xsd#dnb_dim074" xlink:label="loc_dnb_dim074" />
    <link:label xlink:type="resource" xlink:label="label_dnb_dim074" xml:lang="en" xlink:role="http://www.xbrl.org/2003/role/label">Indirect participation</link:label>
    <link:labelArc xlink:type="arc" xlink:arcrole="http://www.xbrl.org/2003/arcrole/concept-label" xlink:from="loc_dnb_dim074" xlink:to="label_dnb_dim074" />
    <link:label xlink:type="resource" xlink:label="label_dnb_dim074_1" xml:lang="en" xlink:role="http://www.xbrl.org/2003/role/documentation">INDRCT-PART</link:label>
    <link:labelArc xlink:type="arc" xlink:arcrole="http://www.xbrl.org/2003/arcrole/concept-label" xlink:from="loc_dnb_dim074" xlink:to="label_dnb_dim074_1" />
    <link:label xlink:type="resource" xlink:label="label_dnb_dim074_2" xml:lang="en" xlink:role="http://www.xbrl.org/2003/role/verboseLabel">Specifies participation of indirect</link:label>
    <link:labelArc xlink:type="arc" xlink:arcrole="http://www.xbrl.org/2003/arcrole/concept-label" xlink:from="loc_dnb_dim074" xlink:to="label_dnb_dim074_2" />
  </link:labelLink>
</link:linkbase>