﻿<?xml version="1.0" encoding="utf-8"?>
<!--© DNB-->
<link:linkbase xmlns:xsi="http://www.w3.org/2001/XMLSchema-instance" xmlns:xlink="http://www.w3.org/1999/xlink" xmlns:link="http://www.xbrl.org/2003/linkbase" xmlns:xbrldt="http://xbrl.org/2005/xbrldt" xsi:schemaLocation="http://www.xbrl.org/2003/linkbase http://www.xbrl.org/2003/xbrl-linkbase-2003-12-31.xsd http://xbrl.org/2005/xbrldt http://www.xbrl.org/2005/xbrldt-2005.xsd">
  <link:arcroleRef arcroleURI="http://xbrl.org/int/dim/arcrole/dimension-default" xlink:type="simple" xlink:href="http://www.xbrl.org/2005/xbrldt-2005.xsd#dimension-default" />
  <link:arcroleRef arcroleURI="http://xbrl.org/int/dim/arcrole/dimension-domain" xlink:type="simple" xlink:href="http://www.xbrl.org/2005/xbrldt-2005.xsd#dimension-domain" />
  <link:definitionLink xlink:type="extended" xlink:role="http://www.xbrl.org/2003/role/link">
    <link:loc xlink:type="locator" xlink:href="../dom/exp.xsd#dnb_dom001" xlink:label="loc_dnb_dom001" />
    <link:loc xlink:type="locator" xlink:href="dim.xsd#dnb_dim001" xlink:label="loc_dnb_dim001" />
    <link:definitionArc xlink:type="arc" xlink:arcrole="http://xbrl.org/int/dim/arcrole/dimension-domain" xlink:from="loc_dnb_dim001" xlink:to="loc_dnb_dom001" xbrldt:usable="false" />
    <link:loc xlink:type="locator" xlink:href="../dom/dom001/mem.xsd#dnb_mem000" xlink:label="loc_dnb_dom001_mem000" />
    <link:definitionArc xlink:type="arc" xlink:arcrole="http://xbrl.org/int/dim/arcrole/dimension-default" xlink:from="loc_dnb_dim001" xlink:to="loc_dnb_dom001_mem000" />
    <link:loc xlink:type="locator" xlink:href="dim.xsd#dnb_dim002" xlink:label="loc_dnb_dim002" />
    <link:definitionArc xlink:type="arc" xlink:arcrole="http://xbrl.org/int/dim/arcrole/dimension-domain" xlink:from="loc_dnb_dim002" xlink:to="loc_dnb_dom001" xbrldt:usable="false" />
    <link:definitionArc xlink:type="arc" xlink:arcrole="http://xbrl.org/int/dim/arcrole/dimension-default" xlink:from="loc_dnb_dim002" xlink:to="loc_dnb_dom001_mem000" />
    <link:loc xlink:type="locator" xlink:href="dim.xsd#dnb_dim003" xlink:label="loc_dnb_dim003" />
    <link:definitionArc xlink:type="arc" xlink:arcrole="http://xbrl.org/int/dim/arcrole/dimension-domain" xlink:from="loc_dnb_dim003" xlink:to="loc_dnb_dom001" xbrldt:usable="false" />
    <link:definitionArc xlink:type="arc" xlink:arcrole="http://xbrl.org/int/dim/arcrole/dimension-default" xlink:from="loc_dnb_dim003" xlink:to="loc_dnb_dom001_mem000" />
    <link:loc xlink:type="locator" xlink:href="../dom/exp.xsd#dnb_dom002" xlink:label="loc_dnb_dom002" />
    <link:loc xlink:type="locator" xlink:href="dim.xsd#dnb_dim004" xlink:label="loc_dnb_dim004" />
    <link:definitionArc xlink:type="arc" xlink:arcrole="http://xbrl.org/int/dim/arcrole/dimension-domain" xlink:from="loc_dnb_dim004" xlink:to="loc_dnb_dom002" xbrldt:usable="false" />
    <link:loc xlink:type="locator" xlink:href="../dom/dom002/mem.xsd#dnb_mem000" xlink:label="loc_dnb_dom002_mem000" />
    <link:definitionArc xlink:type="arc" xlink:arcrole="http://xbrl.org/int/dim/arcrole/dimension-default" xlink:from="loc_dnb_dim004" xlink:to="loc_dnb_dom002_mem000" />
    <link:loc xlink:type="locator" xlink:href="../dom/exp.xsd#dnb_dom003" xlink:label="loc_dnb_dom003" />
    <link:loc xlink:type="locator" xlink:href="dim.xsd#dnb_dim005" xlink:label="loc_dnb_dim005" />
    <link:definitionArc xlink:type="arc" xlink:arcrole="http://xbrl.org/int/dim/arcrole/dimension-domain" xlink:from="loc_dnb_dim005" xlink:to="loc_dnb_dom003" xbrldt:usable="false" />
    <link:loc xlink:type="locator" xlink:href="../dom/dom003/mem.xsd#dnb_mem000" xlink:label="loc_dnb_dom003_mem000" />
    <link:definitionArc xlink:type="arc" xlink:arcrole="http://xbrl.org/int/dim/arcrole/dimension-default" xlink:from="loc_dnb_dim005" xlink:to="loc_dnb_dom003_mem000" />
    <link:loc xlink:type="locator" xlink:href="../dom/exp.xsd#dnb_dom004" xlink:label="loc_dnb_dom004" />
    <link:loc xlink:type="locator" xlink:href="dim.xsd#dnb_dim006" xlink:label="loc_dnb_dim006" />
    <link:definitionArc xlink:type="arc" xlink:arcrole="http://xbrl.org/int/dim/arcrole/dimension-domain" xlink:from="loc_dnb_dim006" xlink:to="loc_dnb_dom004" xbrldt:usable="false" />
    <link:loc xlink:type="locator" xlink:href="../dom/dom004/mem.xsd#dnb_mem000" xlink:label="loc_dnb_dom004_mem000" />
    <link:definitionArc xlink:type="arc" xlink:arcrole="http://xbrl.org/int/dim/arcrole/dimension-default" xlink:from="loc_dnb_dim006" xlink:to="loc_dnb_dom004_mem000" />
    <link:loc xlink:type="locator" xlink:href="../dom/exp.xsd#dnb_dom005" xlink:label="loc_dnb_dom005" />
    <link:loc xlink:type="locator" xlink:href="dim.xsd#dnb_dim007" xlink:label="loc_dnb_dim007" />
    <link:definitionArc xlink:type="arc" xlink:arcrole="http://xbrl.org/int/dim/arcrole/dimension-domain" xlink:from="loc_dnb_dim007" xlink:to="loc_dnb_dom005" xbrldt:usable="false" />
    <link:loc xlink:type="locator" xlink:href="../dom/dom005/mem.xsd#dnb_mem000" xlink:label="loc_dnb_dom005_mem000" />
    <link:definitionArc xlink:type="arc" xlink:arcrole="http://xbrl.org/int/dim/arcrole/dimension-default" xlink:from="loc_dnb_dim007" xlink:to="loc_dnb_dom005_mem000" />
    <link:loc xlink:type="locator" xlink:href="dim.xsd#dnb_dim008" xlink:label="loc_dnb_dim008" />
    <link:definitionArc xlink:type="arc" xlink:arcrole="http://xbrl.org/int/dim/arcrole/dimension-domain" xlink:from="loc_dnb_dim008" xlink:to="loc_dnb_dom005" xbrldt:usable="false" />
    <link:definitionArc xlink:type="arc" xlink:arcrole="http://xbrl.org/int/dim/arcrole/dimension-default" xlink:from="loc_dnb_dim008" xlink:to="loc_dnb_dom005_mem000" />
    <link:loc xlink:type="locator" xlink:href="../dom/exp.xsd#dnb_dom006" xlink:label="loc_dnb_dom006" />
    <link:loc xlink:type="locator" xlink:href="dim.xsd#dnb_dim009" xlink:label="loc_dnb_dim009" />
    <link:definitionArc xlink:type="arc" xlink:arcrole="http://xbrl.org/int/dim/arcrole/dimension-domain" xlink:from="loc_dnb_dim009" xlink:to="loc_dnb_dom006" xbrldt:usable="false" />
    <link:loc xlink:type="locator" xlink:href="../dom/dom006/mem.xsd#dnb_mem000" xlink:label="loc_dnb_dom006_mem000" />
    <link:definitionArc xlink:type="arc" xlink:arcrole="http://xbrl.org/int/dim/arcrole/dimension-default" xlink:from="loc_dnb_dim009" xlink:to="loc_dnb_dom006_mem000" />
    <link:loc xlink:type="locator" xlink:href="dim.xsd#dnb_dim010" xlink:label="loc_dnb_dim010" />
    <link:definitionArc xlink:type="arc" xlink:arcrole="http://xbrl.org/int/dim/arcrole/dimension-domain" xlink:from="loc_dnb_dim010" xlink:to="loc_dnb_dom006" xbrldt:usable="false" />
    <link:definitionArc xlink:type="arc" xlink:arcrole="http://xbrl.org/int/dim/arcrole/dimension-default" xlink:from="loc_dnb_dim010" xlink:to="loc_dnb_dom006_mem000" />
    <link:loc xlink:type="locator" xlink:href="../dom/exp.xsd#dnb_dom007" xlink:label="loc_dnb_dom007" />
    <link:loc xlink:type="locator" xlink:href="dim.xsd#dnb_dim011" xlink:label="loc_dnb_dim011" />
    <link:definitionArc xlink:type="arc" xlink:arcrole="http://xbrl.org/int/dim/arcrole/dimension-domain" xlink:from="loc_dnb_dim011" xlink:to="loc_dnb_dom007" xbrldt:usable="false" />
    <link:loc xlink:type="locator" xlink:href="../dom/dom007/mem.xsd#dnb_mem000" xlink:label="loc_dnb_dom007_mem000" />
    <link:definitionArc xlink:type="arc" xlink:arcrole="http://xbrl.org/int/dim/arcrole/dimension-default" xlink:from="loc_dnb_dim011" xlink:to="loc_dnb_dom007_mem000" />
    <link:loc xlink:type="locator" xlink:href="../dom/exp.xsd#dnb_dom008" xlink:label="loc_dnb_dom008" />
    <link:loc xlink:type="locator" xlink:href="dim.xsd#dnb_dim012" xlink:label="loc_dnb_dim012" />
    <link:definitionArc xlink:type="arc" xlink:arcrole="http://xbrl.org/int/dim/arcrole/dimension-domain" xlink:from="loc_dnb_dim012" xlink:to="loc_dnb_dom008" xbrldt:usable="false" />
    <link:loc xlink:type="locator" xlink:href="../dom/dom008/mem.xsd#dnb_mem000" xlink:label="loc_dnb_dom008_mem000" />
    <link:definitionArc xlink:type="arc" xlink:arcrole="http://xbrl.org/int/dim/arcrole/dimension-default" xlink:from="loc_dnb_dim012" xlink:to="loc_dnb_dom008_mem000" />
    <link:loc xlink:type="locator" xlink:href="../dom/exp.xsd#dnb_dom009" xlink:label="loc_dnb_dom009" />
    <link:loc xlink:type="locator" xlink:href="dim.xsd#dnb_dim013" xlink:label="loc_dnb_dim013" />
    <link:definitionArc xlink:type="arc" xlink:arcrole="http://xbrl.org/int/dim/arcrole/dimension-domain" xlink:from="loc_dnb_dim013" xlink:to="loc_dnb_dom009" xbrldt:usable="false" />
    <link:loc xlink:type="locator" xlink:href="../dom/dom009/mem.xsd#dnb_mem000" xlink:label="loc_dnb_dom009_mem000" />
    <link:definitionArc xlink:type="arc" xlink:arcrole="http://xbrl.org/int/dim/arcrole/dimension-default" xlink:from="loc_dnb_dim013" xlink:to="loc_dnb_dom009_mem000" />
    <link:loc xlink:type="locator" xlink:href="../dom/exp.xsd#dnb_dom010" xlink:label="loc_dnb_dom010" />
    <link:loc xlink:type="locator" xlink:href="dim.xsd#dnb_dim014" xlink:label="loc_dnb_dim014" />
    <link:definitionArc xlink:type="arc" xlink:arcrole="http://xbrl.org/int/dim/arcrole/dimension-domain" xlink:from="loc_dnb_dim014" xlink:to="loc_dnb_dom010" xbrldt:usable="false" />
    <link:loc xlink:type="locator" xlink:href="../dom/dom010/mem.xsd#dnb_mem000" xlink:label="loc_dnb_dom010_mem000" />
    <link:definitionArc xlink:type="arc" xlink:arcrole="http://xbrl.org/int/dim/arcrole/dimension-default" xlink:from="loc_dnb_dim014" xlink:to="loc_dnb_dom010_mem000" />
    <link:loc xlink:type="locator" xlink:href="../dom/exp.xsd#dnb_dom013" xlink:label="loc_dnb_dom013" />
    <link:loc xlink:type="locator" xlink:href="dim.xsd#dnb_dim015" xlink:label="loc_dnb_dim015" />
    <link:definitionArc xlink:type="arc" xlink:arcrole="http://xbrl.org/int/dim/arcrole/dimension-domain" xlink:from="loc_dnb_dim015" xlink:to="loc_dnb_dom013" xbrldt:usable="false" />
    <link:loc xlink:type="locator" xlink:href="../dom/dom013/mem.xsd#dnb_mem000" xlink:label="loc_dnb_dom013_mem000" />
    <link:definitionArc xlink:type="arc" xlink:arcrole="http://xbrl.org/int/dim/arcrole/dimension-default" xlink:from="loc_dnb_dim015" xlink:to="loc_dnb_dom013_mem000" />
    <link:loc xlink:type="locator" xlink:href="dim.xsd#dnb_dim016" xlink:label="loc_dnb_dim016" />
    <link:definitionArc xlink:type="arc" xlink:arcrole="http://xbrl.org/int/dim/arcrole/dimension-domain" xlink:from="loc_dnb_dim016" xlink:to="loc_dnb_dom013" xbrldt:usable="false" />
    <link:definitionArc xlink:type="arc" xlink:arcrole="http://xbrl.org/int/dim/arcrole/dimension-default" xlink:from="loc_dnb_dim016" xlink:to="loc_dnb_dom013_mem000" />
    <link:loc xlink:type="locator" xlink:href="../dom/exp.xsd#dnb_dom014" xlink:label="loc_dnb_dom014" />
    <link:loc xlink:type="locator" xlink:href="dim.xsd#dnb_dim017" xlink:label="loc_dnb_dim017" />
    <link:definitionArc xlink:type="arc" xlink:arcrole="http://xbrl.org/int/dim/arcrole/dimension-domain" xlink:from="loc_dnb_dim017" xlink:to="loc_dnb_dom014" xbrldt:usable="false" />
    <link:loc xlink:type="locator" xlink:href="../dom/dom014/mem.xsd#dnb_mem000" xlink:label="loc_dnb_dom014_mem000" />
    <link:definitionArc xlink:type="arc" xlink:arcrole="http://xbrl.org/int/dim/arcrole/dimension-default" xlink:from="loc_dnb_dim017" xlink:to="loc_dnb_dom014_mem000" />
    <link:loc xlink:type="locator" xlink:href="../dom/exp.xsd#dnb_dom012" xlink:label="loc_dnb_dom012" />
    <link:loc xlink:type="locator" xlink:href="dim.xsd#dnb_dim018" xlink:label="loc_dnb_dim018" />
    <link:definitionArc xlink:type="arc" xlink:arcrole="http://xbrl.org/int/dim/arcrole/dimension-domain" xlink:from="loc_dnb_dim018" xlink:to="loc_dnb_dom012" xbrldt:usable="false" />
    <link:loc xlink:type="locator" xlink:href="../dom/dom012/mem.xsd#dnb_mem000" xlink:label="loc_dnb_dom012_mem000" />
    <link:definitionArc xlink:type="arc" xlink:arcrole="http://xbrl.org/int/dim/arcrole/dimension-default" xlink:from="loc_dnb_dim018" xlink:to="loc_dnb_dom012_mem000" />
    <link:loc xlink:type="locator" xlink:href="../dom/exp.xsd#dnb_dom015" xlink:label="loc_dnb_dom015" />
    <link:loc xlink:type="locator" xlink:href="dim.xsd#dnb_dim019" xlink:label="loc_dnb_dim019" />
    <link:definitionArc xlink:type="arc" xlink:arcrole="http://xbrl.org/int/dim/arcrole/dimension-domain" xlink:from="loc_dnb_dim019" xlink:to="loc_dnb_dom015" xbrldt:usable="false" />
    <link:loc xlink:type="locator" xlink:href="../dom/dom015/mem.xsd#dnb_mem000" xlink:label="loc_dnb_dom015_mem000" />
    <link:definitionArc xlink:type="arc" xlink:arcrole="http://xbrl.org/int/dim/arcrole/dimension-default" xlink:from="loc_dnb_dim019" xlink:to="loc_dnb_dom015_mem000" />
    <link:loc xlink:type="locator" xlink:href="../dom/exp.xsd#dnb_dom016" xlink:label="loc_dnb_dom016" />
    <link:loc xlink:type="locator" xlink:href="dim.xsd#dnb_dim020" xlink:label="loc_dnb_dim020" />
    <link:definitionArc xlink:type="arc" xlink:arcrole="http://xbrl.org/int/dim/arcrole/dimension-domain" xlink:from="loc_dnb_dim020" xlink:to="loc_dnb_dom016" xbrldt:usable="false" />
    <link:loc xlink:type="locator" xlink:href="../dom/dom016/mem.xsd#dnb_mem000" xlink:label="loc_dnb_dom016_mem000" />
    <link:definitionArc xlink:type="arc" xlink:arcrole="http://xbrl.org/int/dim/arcrole/dimension-default" xlink:from="loc_dnb_dim020" xlink:to="loc_dnb_dom016_mem000" />
    <link:loc xlink:type="locator" xlink:href="../dom/exp.xsd#dnb_dom011" xlink:label="loc_dnb_dom011" />
    <link:loc xlink:type="locator" xlink:href="dim.xsd#dnb_dim021" xlink:label="loc_dnb_dim021" />
    <link:definitionArc xlink:type="arc" xlink:arcrole="http://xbrl.org/int/dim/arcrole/dimension-domain" xlink:from="loc_dnb_dim021" xlink:to="loc_dnb_dom011" xbrldt:usable="false" />
    <link:loc xlink:type="locator" xlink:href="../dom/dom011/mem.xsd#dnb_mem000" xlink:label="loc_dnb_dom011_mem000" />
    <link:definitionArc xlink:type="arc" xlink:arcrole="http://xbrl.org/int/dim/arcrole/dimension-default" xlink:from="loc_dnb_dim021" xlink:to="loc_dnb_dom011_mem000" />
    <link:loc xlink:type="locator" xlink:href="../dom/exp.xsd#dnb_dom017" xlink:label="loc_dnb_dom017" />
    <link:loc xlink:type="locator" xlink:href="dim.xsd#dnb_dim022" xlink:label="loc_dnb_dim022" />
    <link:definitionArc xlink:type="arc" xlink:arcrole="http://xbrl.org/int/dim/arcrole/dimension-domain" xlink:from="loc_dnb_dim022" xlink:to="loc_dnb_dom017" xbrldt:usable="false" />
    <link:loc xlink:type="locator" xlink:href="../dom/dom017/mem.xsd#dnb_mem000" xlink:label="loc_dnb_dom017_mem000" />
    <link:definitionArc xlink:type="arc" xlink:arcrole="http://xbrl.org/int/dim/arcrole/dimension-default" xlink:from="loc_dnb_dim022" xlink:to="loc_dnb_dom017_mem000" />
    <link:loc xlink:type="locator" xlink:href="dim.xsd#dnb_dim023" xlink:label="loc_dnb_dim023" />
    <link:definitionArc xlink:type="arc" xlink:arcrole="http://xbrl.org/int/dim/arcrole/dimension-domain" xlink:from="loc_dnb_dim023" xlink:to="loc_dnb_dom014" xbrldt:usable="false" />
    <link:definitionArc xlink:type="arc" xlink:arcrole="http://xbrl.org/int/dim/arcrole/dimension-default" xlink:from="loc_dnb_dim023" xlink:to="loc_dnb_dom014_mem000" />
    <link:loc xlink:type="locator" xlink:href="dim.xsd#dnb_dim024" xlink:label="loc_dnb_dim024" />
    <link:definitionArc xlink:type="arc" xlink:arcrole="http://xbrl.org/int/dim/arcrole/dimension-domain" xlink:from="loc_dnb_dim024" xlink:to="loc_dnb_dom013" xbrldt:usable="false" />
    <link:definitionArc xlink:type="arc" xlink:arcrole="http://xbrl.org/int/dim/arcrole/dimension-default" xlink:from="loc_dnb_dim024" xlink:to="loc_dnb_dom013_mem000" />
    <link:loc xlink:type="locator" xlink:href="dim.xsd#dnb_dim025" xlink:label="loc_dnb_dim025" />
    <link:definitionArc xlink:type="arc" xlink:arcrole="http://xbrl.org/int/dim/arcrole/dimension-domain" xlink:from="loc_dnb_dim025" xlink:to="loc_dnb_dom010" xbrldt:usable="false" />
    <link:definitionArc xlink:type="arc" xlink:arcrole="http://xbrl.org/int/dim/arcrole/dimension-default" xlink:from="loc_dnb_dim025" xlink:to="loc_dnb_dom010_mem000" />
    <link:loc xlink:type="locator" xlink:href="dim.xsd#dnb_dim026" xlink:label="loc_dnb_dim026" />
    <link:definitionArc xlink:type="arc" xlink:arcrole="http://xbrl.org/int/dim/arcrole/dimension-domain" xlink:from="loc_dnb_dim026" xlink:to="loc_dnb_dom005" xbrldt:usable="false" />
    <link:definitionArc xlink:type="arc" xlink:arcrole="http://xbrl.org/int/dim/arcrole/dimension-default" xlink:from="loc_dnb_dim026" xlink:to="loc_dnb_dom005_mem000" />
    <link:loc xlink:type="locator" xlink:href="../dom/exp.xsd#dnb_dom018" xlink:label="loc_dnb_dom018" />
    <link:loc xlink:type="locator" xlink:href="dim.xsd#dnb_dim027" xlink:label="loc_dnb_dim027" />
    <link:definitionArc xlink:type="arc" xlink:arcrole="http://xbrl.org/int/dim/arcrole/dimension-domain" xlink:from="loc_dnb_dim027" xlink:to="loc_dnb_dom018" xbrldt:usable="false" />
    <link:loc xlink:type="locator" xlink:href="../dom/dom018/mem.xsd#dnb_mem000" xlink:label="loc_dnb_dom018_mem000" />
    <link:definitionArc xlink:type="arc" xlink:arcrole="http://xbrl.org/int/dim/arcrole/dimension-default" xlink:from="loc_dnb_dim027" xlink:to="loc_dnb_dom018_mem000" />
    <link:loc xlink:type="locator" xlink:href="../dom/exp.xsd#dnb_dom019" xlink:label="loc_dnb_dom019" />
    <link:loc xlink:type="locator" xlink:href="dim.xsd#dnb_dim028" xlink:label="loc_dnb_dim028" />
    <link:definitionArc xlink:type="arc" xlink:arcrole="http://xbrl.org/int/dim/arcrole/dimension-domain" xlink:from="loc_dnb_dim028" xlink:to="loc_dnb_dom019" xbrldt:usable="false" />
    <link:loc xlink:type="locator" xlink:href="../dom/dom019/mem.xsd#dnb_mem000" xlink:label="loc_dnb_dom019_mem000" />
    <link:definitionArc xlink:type="arc" xlink:arcrole="http://xbrl.org/int/dim/arcrole/dimension-default" xlink:from="loc_dnb_dim028" xlink:to="loc_dnb_dom019_mem000" />
    <link:loc xlink:type="locator" xlink:href="../dom/exp.xsd#dnb_dom020" xlink:label="loc_dnb_dom020" />
    <link:loc xlink:type="locator" xlink:href="dim.xsd#dnb_dim029" xlink:label="loc_dnb_dim029" />
    <link:definitionArc xlink:type="arc" xlink:arcrole="http://xbrl.org/int/dim/arcrole/dimension-domain" xlink:from="loc_dnb_dim029" xlink:to="loc_dnb_dom020" xbrldt:usable="false" />
    <link:loc xlink:type="locator" xlink:href="../dom/dom020/mem.xsd#dnb_mem000" xlink:label="loc_dnb_dom020_mem000" />
    <link:definitionArc xlink:type="arc" xlink:arcrole="http://xbrl.org/int/dim/arcrole/dimension-default" xlink:from="loc_dnb_dim029" xlink:to="loc_dnb_dom020_mem000" />
    <link:loc xlink:type="locator" xlink:href="dim.xsd#dnb_dim030" xlink:label="loc_dnb_dim030" />
    <link:definitionArc xlink:type="arc" xlink:arcrole="http://xbrl.org/int/dim/arcrole/dimension-domain" xlink:from="loc_dnb_dim030" xlink:to="loc_dnb_dom013" xbrldt:usable="false" />
    <link:definitionArc xlink:type="arc" xlink:arcrole="http://xbrl.org/int/dim/arcrole/dimension-default" xlink:from="loc_dnb_dim030" xlink:to="loc_dnb_dom013_mem000" />
    <link:loc xlink:type="locator" xlink:href="../dom/exp.xsd#dnb_dom021" xlink:label="loc_dnb_dom021" />
    <link:loc xlink:type="locator" xlink:href="dim.xsd#dnb_dim031" xlink:label="loc_dnb_dim031" />
    <link:definitionArc xlink:type="arc" xlink:arcrole="http://xbrl.org/int/dim/arcrole/dimension-domain" xlink:from="loc_dnb_dim031" xlink:to="loc_dnb_dom021" xbrldt:usable="false" />
    <link:loc xlink:type="locator" xlink:href="../dom/dom021/mem.xsd#dnb_mem000" xlink:label="loc_dnb_dom021_mem000" />
    <link:definitionArc xlink:type="arc" xlink:arcrole="http://xbrl.org/int/dim/arcrole/dimension-default" xlink:from="loc_dnb_dim031" xlink:to="loc_dnb_dom021_mem000" />
    <link:loc xlink:type="locator" xlink:href="../dom/exp.xsd#dnb_dom022" xlink:label="loc_dnb_dom022" />
    <link:loc xlink:type="locator" xlink:href="dim.xsd#dnb_dim032" xlink:label="loc_dnb_dim032" />
    <link:definitionArc xlink:type="arc" xlink:arcrole="http://xbrl.org/int/dim/arcrole/dimension-domain" xlink:from="loc_dnb_dim032" xlink:to="loc_dnb_dom022" xbrldt:usable="false" />
    <link:loc xlink:type="locator" xlink:href="../dom/dom022/mem.xsd#dnb_mem000" xlink:label="loc_dnb_dom022_mem000" />
    <link:definitionArc xlink:type="arc" xlink:arcrole="http://xbrl.org/int/dim/arcrole/dimension-default" xlink:from="loc_dnb_dim032" xlink:to="loc_dnb_dom022_mem000" />
    <link:loc xlink:type="locator" xlink:href="../dom/exp.xsd#dnb_dom023" xlink:label="loc_dnb_dom023" />
    <link:loc xlink:type="locator" xlink:href="dim.xsd#dnb_dim033" xlink:label="loc_dnb_dim033" />
    <link:definitionArc xlink:type="arc" xlink:arcrole="http://xbrl.org/int/dim/arcrole/dimension-domain" xlink:from="loc_dnb_dim033" xlink:to="loc_dnb_dom023" xbrldt:usable="false" />
    <link:loc xlink:type="locator" xlink:href="../dom/dom023/mem.xsd#dnb_mem000" xlink:label="loc_dnb_dom023_mem000" />
    <link:definitionArc xlink:type="arc" xlink:arcrole="http://xbrl.org/int/dim/arcrole/dimension-default" xlink:from="loc_dnb_dim033" xlink:to="loc_dnb_dom023_mem000" />
    <link:loc xlink:type="locator" xlink:href="../dom/exp.xsd#dnb_dom024" xlink:label="loc_dnb_dom024" />
    <link:loc xlink:type="locator" xlink:href="dim.xsd#dnb_dim034" xlink:label="loc_dnb_dim034" />
    <link:definitionArc xlink:type="arc" xlink:arcrole="http://xbrl.org/int/dim/arcrole/dimension-domain" xlink:from="loc_dnb_dim034" xlink:to="loc_dnb_dom024" xbrldt:usable="false" />
    <link:loc xlink:type="locator" xlink:href="../dom/dom024/mem.xsd#dnb_mem000" xlink:label="loc_dnb_dom024_mem000" />
    <link:definitionArc xlink:type="arc" xlink:arcrole="http://xbrl.org/int/dim/arcrole/dimension-default" xlink:from="loc_dnb_dim034" xlink:to="loc_dnb_dom024_mem000" />
    <link:loc xlink:type="locator" xlink:href="dim.xsd#dnb_dim037" xlink:label="loc_dnb_dim037" />
    <link:definitionArc xlink:type="arc" xlink:arcrole="http://xbrl.org/int/dim/arcrole/dimension-domain" xlink:from="loc_dnb_dim037" xlink:to="loc_dnb_dom003" xbrldt:usable="false" />
    <link:definitionArc xlink:type="arc" xlink:arcrole="http://xbrl.org/int/dim/arcrole/dimension-default" xlink:from="loc_dnb_dim037" xlink:to="loc_dnb_dom003_mem000" />
    <link:loc xlink:type="locator" xlink:href="../dom/exp.xsd#dnb_dom025" xlink:label="loc_dnb_dom025" />
    <link:loc xlink:type="locator" xlink:href="dim.xsd#dnb_dim038" xlink:label="loc_dnb_dim038" />
    <link:definitionArc xlink:type="arc" xlink:arcrole="http://xbrl.org/int/dim/arcrole/dimension-domain" xlink:from="loc_dnb_dim038" xlink:to="loc_dnb_dom025" xbrldt:usable="false" />
    <link:loc xlink:type="locator" xlink:href="../dom/dom025/mem.xsd#dnb_mem000" xlink:label="loc_dnb_dom025_mem000" />
    <link:definitionArc xlink:type="arc" xlink:arcrole="http://xbrl.org/int/dim/arcrole/dimension-default" xlink:from="loc_dnb_dim038" xlink:to="loc_dnb_dom025_mem000" />
    <link:loc xlink:type="locator" xlink:href="../dom/exp.xsd#dnb_dom026" xlink:label="loc_dnb_dom026" />
    <link:loc xlink:type="locator" xlink:href="dim.xsd#dnb_dim039" xlink:label="loc_dnb_dim039" />
    <link:definitionArc xlink:type="arc" xlink:arcrole="http://xbrl.org/int/dim/arcrole/dimension-domain" xlink:from="loc_dnb_dim039" xlink:to="loc_dnb_dom026" xbrldt:usable="false" />
    <link:loc xlink:type="locator" xlink:href="../dom/dom026/mem.xsd#dnb_mem000" xlink:label="loc_dnb_dom026_mem000" />
    <link:definitionArc xlink:type="arc" xlink:arcrole="http://xbrl.org/int/dim/arcrole/dimension-default" xlink:from="loc_dnb_dim039" xlink:to="loc_dnb_dom026_mem000" />
    <link:loc xlink:type="locator" xlink:href="../dom/exp.xsd#dnb_dom027" xlink:label="loc_dnb_dom027" />
    <link:loc xlink:type="locator" xlink:href="dim.xsd#dnb_dim040" xlink:label="loc_dnb_dim040" />
    <link:definitionArc xlink:type="arc" xlink:arcrole="http://xbrl.org/int/dim/arcrole/dimension-domain" xlink:from="loc_dnb_dim040" xlink:to="loc_dnb_dom027" xbrldt:usable="false" />
    <link:loc xlink:type="locator" xlink:href="../dom/dom027/mem.xsd#dnb_mem000" xlink:label="loc_dnb_dom027_mem000" />
    <link:definitionArc xlink:type="arc" xlink:arcrole="http://xbrl.org/int/dim/arcrole/dimension-default" xlink:from="loc_dnb_dim040" xlink:to="loc_dnb_dom027_mem000" />
    <link:loc xlink:type="locator" xlink:href="../dom/exp.xsd#dnb_dom028" xlink:label="loc_dnb_dom028" />
    <link:loc xlink:type="locator" xlink:href="dim.xsd#dnb_dim041" xlink:label="loc_dnb_dim041" />
    <link:definitionArc xlink:type="arc" xlink:arcrole="http://xbrl.org/int/dim/arcrole/dimension-domain" xlink:from="loc_dnb_dim041" xlink:to="loc_dnb_dom028" xbrldt:usable="false" />
    <link:loc xlink:type="locator" xlink:href="../dom/dom028/mem.xsd#dnb_mem000" xlink:label="loc_dnb_dom028_mem000" />
    <link:definitionArc xlink:type="arc" xlink:arcrole="http://xbrl.org/int/dim/arcrole/dimension-default" xlink:from="loc_dnb_dim041" xlink:to="loc_dnb_dom028_mem000" />
    <link:loc xlink:type="locator" xlink:href="dim.xsd#dnb_dim042" xlink:label="loc_dnb_dim042" />
    <link:definitionArc xlink:type="arc" xlink:arcrole="http://xbrl.org/int/dim/arcrole/dimension-domain" xlink:from="loc_dnb_dim042" xlink:to="loc_dnb_dom028" xbrldt:usable="false" />
    <link:definitionArc xlink:type="arc" xlink:arcrole="http://xbrl.org/int/dim/arcrole/dimension-default" xlink:from="loc_dnb_dim042" xlink:to="loc_dnb_dom028_mem000" />
    <link:loc xlink:type="locator" xlink:href="../dom/exp.xsd#dnb_dom029" xlink:label="loc_dnb_dom029" />
    <link:loc xlink:type="locator" xlink:href="dim.xsd#dnb_dim043" xlink:label="loc_dnb_dim043" />
    <link:definitionArc xlink:type="arc" xlink:arcrole="http://xbrl.org/int/dim/arcrole/dimension-domain" xlink:from="loc_dnb_dim043" xlink:to="loc_dnb_dom029" xbrldt:usable="false" />
    <link:loc xlink:type="locator" xlink:href="../dom/dom029/mem.xsd#dnb_mem000" xlink:label="loc_dnb_dom029_mem000" />
    <link:definitionArc xlink:type="arc" xlink:arcrole="http://xbrl.org/int/dim/arcrole/dimension-default" xlink:from="loc_dnb_dim043" xlink:to="loc_dnb_dom029_mem000" />
    <link:loc xlink:type="locator" xlink:href="../dom/exp.xsd#dnb_dom030" xlink:label="loc_dnb_dom030" />
    <link:loc xlink:type="locator" xlink:href="dim.xsd#dnb_dim044" xlink:label="loc_dnb_dim044" />
    <link:definitionArc xlink:type="arc" xlink:arcrole="http://xbrl.org/int/dim/arcrole/dimension-domain" xlink:from="loc_dnb_dim044" xlink:to="loc_dnb_dom030" xbrldt:usable="false" />
    <link:loc xlink:type="locator" xlink:href="../dom/dom030/mem.xsd#dnb_mem000" xlink:label="loc_dnb_dom030_mem000" />
    <link:definitionArc xlink:type="arc" xlink:arcrole="http://xbrl.org/int/dim/arcrole/dimension-default" xlink:from="loc_dnb_dim044" xlink:to="loc_dnb_dom030_mem000" />
    <link:loc xlink:type="locator" xlink:href="dim.xsd#dnb_dim045" xlink:label="loc_dnb_dim045" />
    <link:definitionArc xlink:type="arc" xlink:arcrole="http://xbrl.org/int/dim/arcrole/dimension-domain" xlink:from="loc_dnb_dim045" xlink:to="loc_dnb_dom030" xbrldt:usable="false" />
    <link:definitionArc xlink:type="arc" xlink:arcrole="http://xbrl.org/int/dim/arcrole/dimension-default" xlink:from="loc_dnb_dim045" xlink:to="loc_dnb_dom030_mem000" />
    <link:loc xlink:type="locator" xlink:href="../dom/exp.xsd#dnb_dom031" xlink:label="loc_dnb_dom031" />
    <link:loc xlink:type="locator" xlink:href="dim.xsd#dnb_dim046" xlink:label="loc_dnb_dim046" />
    <link:definitionArc xlink:type="arc" xlink:arcrole="http://xbrl.org/int/dim/arcrole/dimension-domain" xlink:from="loc_dnb_dim046" xlink:to="loc_dnb_dom031" xbrldt:usable="false" />
    <link:loc xlink:type="locator" xlink:href="../dom/dom031/mem.xsd#dnb_mem000" xlink:label="loc_dnb_dom031_mem000" />
    <link:definitionArc xlink:type="arc" xlink:arcrole="http://xbrl.org/int/dim/arcrole/dimension-default" xlink:from="loc_dnb_dim046" xlink:to="loc_dnb_dom031_mem000" />
    <link:loc xlink:type="locator" xlink:href="../dom/exp.xsd#dnb_dom032" xlink:label="loc_dnb_dom032" />
    <link:loc xlink:type="locator" xlink:href="dim.xsd#dnb_dim047" xlink:label="loc_dnb_dim047" />
    <link:definitionArc xlink:type="arc" xlink:arcrole="http://xbrl.org/int/dim/arcrole/dimension-domain" xlink:from="loc_dnb_dim047" xlink:to="loc_dnb_dom032" xbrldt:usable="false" />
    <link:loc xlink:type="locator" xlink:href="../dom/dom032/mem.xsd#dnb_mem000" xlink:label="loc_dnb_dom032_mem000" />
    <link:definitionArc xlink:type="arc" xlink:arcrole="http://xbrl.org/int/dim/arcrole/dimension-default" xlink:from="loc_dnb_dim047" xlink:to="loc_dnb_dom032_mem000" />
    <link:loc xlink:type="locator" xlink:href="../dom/exp.xsd#dnb_dom033" xlink:label="loc_dnb_dom033" />
    <link:loc xlink:type="locator" xlink:href="dim.xsd#dnb_dim048" xlink:label="loc_dnb_dim048" />
    <link:definitionArc xlink:type="arc" xlink:arcrole="http://xbrl.org/int/dim/arcrole/dimension-domain" xlink:from="loc_dnb_dim048" xlink:to="loc_dnb_dom033" xbrldt:usable="false" />
    <link:loc xlink:type="locator" xlink:href="../dom/dom033/mem.xsd#dnb_mem000" xlink:label="loc_dnb_dom033_mem000" />
    <link:definitionArc xlink:type="arc" xlink:arcrole="http://xbrl.org/int/dim/arcrole/dimension-default" xlink:from="loc_dnb_dim048" xlink:to="loc_dnb_dom033_mem000" />
    <link:loc xlink:type="locator" xlink:href="../dom/exp.xsd#dnb_dom034" xlink:label="loc_dnb_dom034" />
    <link:loc xlink:type="locator" xlink:href="dim.xsd#dnb_dim049" xlink:label="loc_dnb_dim049" />
    <link:definitionArc xlink:type="arc" xlink:arcrole="http://xbrl.org/int/dim/arcrole/dimension-domain" xlink:from="loc_dnb_dim049" xlink:to="loc_dnb_dom034" xbrldt:usable="false" />
    <link:loc xlink:type="locator" xlink:href="../dom/dom034/mem.xsd#dnb_mem000" xlink:label="loc_dnb_dom034_mem000" />
    <link:definitionArc xlink:type="arc" xlink:arcrole="http://xbrl.org/int/dim/arcrole/dimension-default" xlink:from="loc_dnb_dim049" xlink:to="loc_dnb_dom034_mem000" />
    <link:loc xlink:type="locator" xlink:href="dim.xsd#dnb_dim050" xlink:label="loc_dnb_dim050" />
    <link:definitionArc xlink:type="arc" xlink:arcrole="http://xbrl.org/int/dim/arcrole/dimension-domain" xlink:from="loc_dnb_dim050" xlink:to="loc_dnb_dom008" xbrldt:usable="false" />
    <link:definitionArc xlink:type="arc" xlink:arcrole="http://xbrl.org/int/dim/arcrole/dimension-default" xlink:from="loc_dnb_dim050" xlink:to="loc_dnb_dom008_mem000" />
    <link:loc xlink:type="locator" xlink:href="dim.xsd#dnb_dim051" xlink:label="loc_dnb_dim051" />
    <link:definitionArc xlink:type="arc" xlink:arcrole="http://xbrl.org/int/dim/arcrole/dimension-domain" xlink:from="loc_dnb_dim051" xlink:to="loc_dnb_dom008" xbrldt:usable="false" />
    <link:definitionArc xlink:type="arc" xlink:arcrole="http://xbrl.org/int/dim/arcrole/dimension-default" xlink:from="loc_dnb_dim051" xlink:to="loc_dnb_dom008_mem000" />
    <link:loc xlink:type="locator" xlink:href="dim.xsd#dnb_dim052" xlink:label="loc_dnb_dim052" />
    <link:definitionArc xlink:type="arc" xlink:arcrole="http://xbrl.org/int/dim/arcrole/dimension-domain" xlink:from="loc_dnb_dim052" xlink:to="loc_dnb_dom009" xbrldt:usable="false" />
    <link:definitionArc xlink:type="arc" xlink:arcrole="http://xbrl.org/int/dim/arcrole/dimension-default" xlink:from="loc_dnb_dim052" xlink:to="loc_dnb_dom009_mem000" />
    <link:loc xlink:type="locator" xlink:href="../dom/exp.xsd#dnb_dom035" xlink:label="loc_dnb_dom035" />
    <link:loc xlink:type="locator" xlink:href="dim.xsd#dnb_dim053" xlink:label="loc_dnb_dim053" />
    <link:definitionArc xlink:type="arc" xlink:arcrole="http://xbrl.org/int/dim/arcrole/dimension-domain" xlink:from="loc_dnb_dim053" xlink:to="loc_dnb_dom035" xbrldt:usable="false" />
    <link:loc xlink:type="locator" xlink:href="../dom/dom035/mem.xsd#dnb_mem000" xlink:label="loc_dnb_dom035_mem000" />
    <link:definitionArc xlink:type="arc" xlink:arcrole="http://xbrl.org/int/dim/arcrole/dimension-default" xlink:from="loc_dnb_dim053" xlink:to="loc_dnb_dom035_mem000" />
    <link:loc xlink:type="locator" xlink:href="dim.xsd#dnb_dim054" xlink:label="loc_dnb_dim054" />
    <link:definitionArc xlink:type="arc" xlink:arcrole="http://xbrl.org/int/dim/arcrole/dimension-domain" xlink:from="loc_dnb_dim054" xlink:to="loc_dnb_dom009" xbrldt:usable="false" />
    <link:definitionArc xlink:type="arc" xlink:arcrole="http://xbrl.org/int/dim/arcrole/dimension-default" xlink:from="loc_dnb_dim054" xlink:to="loc_dnb_dom009_mem000" />
    <link:loc xlink:type="locator" xlink:href="dim.xsd#dnb_dim055" xlink:label="loc_dnb_dim055" />
    <link:definitionArc xlink:type="arc" xlink:arcrole="http://xbrl.org/int/dim/arcrole/dimension-domain" xlink:from="loc_dnb_dim055" xlink:to="loc_dnb_dom009" xbrldt:usable="false" />
    <link:definitionArc xlink:type="arc" xlink:arcrole="http://xbrl.org/int/dim/arcrole/dimension-default" xlink:from="loc_dnb_dim055" xlink:to="loc_dnb_dom009_mem000" />
    <link:loc xlink:type="locator" xlink:href="dim.xsd#dnb_dim056" xlink:label="loc_dnb_dim056" />
    <link:definitionArc xlink:type="arc" xlink:arcrole="http://xbrl.org/int/dim/arcrole/dimension-domain" xlink:from="loc_dnb_dim056" xlink:to="loc_dnb_dom001" xbrldt:usable="false" />
    <link:definitionArc xlink:type="arc" xlink:arcrole="http://xbrl.org/int/dim/arcrole/dimension-default" xlink:from="loc_dnb_dim056" xlink:to="loc_dnb_dom001_mem000" />
    <link:loc xlink:type="locator" xlink:href="../dom/exp.xsd#dnb_dom036" xlink:label="loc_dnb_dom036" />
    <link:loc xlink:type="locator" xlink:href="dim.xsd#dnb_dim057" xlink:label="loc_dnb_dim057" />
    <link:definitionArc xlink:type="arc" xlink:arcrole="http://xbrl.org/int/dim/arcrole/dimension-domain" xlink:from="loc_dnb_dim057" xlink:to="loc_dnb_dom036" xbrldt:usable="false" />
    <link:loc xlink:type="locator" xlink:href="../dom/dom036/mem.xsd#dnb_mem000" xlink:label="loc_dnb_dom036_mem000" />
    <link:definitionArc xlink:type="arc" xlink:arcrole="http://xbrl.org/int/dim/arcrole/dimension-default" xlink:from="loc_dnb_dim057" xlink:to="loc_dnb_dom036_mem000" />
    <link:loc xlink:type="locator" xlink:href="../dom/exp.xsd#dnb_dom037" xlink:label="loc_dnb_dom037" />
    <link:loc xlink:type="locator" xlink:href="dim.xsd#dnb_dim058" xlink:label="loc_dnb_dim058" />
    <link:definitionArc xlink:type="arc" xlink:arcrole="http://xbrl.org/int/dim/arcrole/dimension-domain" xlink:from="loc_dnb_dim058" xlink:to="loc_dnb_dom037" xbrldt:usable="false" />
    <link:loc xlink:type="locator" xlink:href="../dom/dom037/mem.xsd#dnb_mem000" xlink:label="loc_dnb_dom037_mem000" />
    <link:definitionArc xlink:type="arc" xlink:arcrole="http://xbrl.org/int/dim/arcrole/dimension-default" xlink:from="loc_dnb_dim058" xlink:to="loc_dnb_dom037_mem000" />
    <link:loc xlink:type="locator" xlink:href="dim.xsd#dnb_dim059" xlink:label="loc_dnb_dim059" />
    <link:definitionArc xlink:type="arc" xlink:arcrole="http://xbrl.org/int/dim/arcrole/dimension-domain" xlink:from="loc_dnb_dim059" xlink:to="loc_dnb_dom001" xbrldt:usable="false" />
    <link:definitionArc xlink:type="arc" xlink:arcrole="http://xbrl.org/int/dim/arcrole/dimension-default" xlink:from="loc_dnb_dim059" xlink:to="loc_dnb_dom001_mem000" />
    <link:loc xlink:type="locator" xlink:href="../dom/exp.xsd#dnb_dom038" xlink:label="loc_dnb_dom038" />
    <link:loc xlink:type="locator" xlink:href="dim.xsd#dnb_dim060" xlink:label="loc_dnb_dim060" />
    <link:definitionArc xlink:type="arc" xlink:arcrole="http://xbrl.org/int/dim/arcrole/dimension-domain" xlink:from="loc_dnb_dim060" xlink:to="loc_dnb_dom038" xbrldt:usable="false" />
    <link:loc xlink:type="locator" xlink:href="../dom/dom038/mem.xsd#dnb_mem000" xlink:label="loc_dnb_dom038_mem000" />
    <link:definitionArc xlink:type="arc" xlink:arcrole="http://xbrl.org/int/dim/arcrole/dimension-default" xlink:from="loc_dnb_dim060" xlink:to="loc_dnb_dom038_mem000" />
    <link:loc xlink:type="locator" xlink:href="../dom/exp.xsd#dnb_dom039" xlink:label="loc_dnb_dom039" />
    <link:loc xlink:type="locator" xlink:href="dim.xsd#dnb_dim061" xlink:label="loc_dnb_dim061" />
    <link:definitionArc xlink:type="arc" xlink:arcrole="http://xbrl.org/int/dim/arcrole/dimension-domain" xlink:from="loc_dnb_dim061" xlink:to="loc_dnb_dom039" xbrldt:usable="false" />
    <link:loc xlink:type="locator" xlink:href="../dom/dom039/mem.xsd#dnb_mem000" xlink:label="loc_dnb_dom039_mem000" />
    <link:definitionArc xlink:type="arc" xlink:arcrole="http://xbrl.org/int/dim/arcrole/dimension-default" xlink:from="loc_dnb_dim061" xlink:to="loc_dnb_dom039_mem000" />
    <link:loc xlink:type="locator" xlink:href="../dom/exp.xsd#dnb_dom040" xlink:label="loc_dnb_dom040" />
    <link:loc xlink:type="locator" xlink:href="dim.xsd#dnb_dim062" xlink:label="loc_dnb_dim062" />
    <link:definitionArc xlink:type="arc" xlink:arcrole="http://xbrl.org/int/dim/arcrole/dimension-domain" xlink:from="loc_dnb_dim062" xlink:to="loc_dnb_dom040" xbrldt:usable="false" />
    <link:loc xlink:type="locator" xlink:href="../dom/dom040/mem.xsd#dnb_mem000" xlink:label="loc_dnb_dom040_mem000" />
    <link:definitionArc xlink:type="arc" xlink:arcrole="http://xbrl.org/int/dim/arcrole/dimension-default" xlink:from="loc_dnb_dim062" xlink:to="loc_dnb_dom040_mem000" />
    <link:loc xlink:type="locator" xlink:href="dim.xsd#dnb_dim063" xlink:label="loc_dnb_dim063" />
    <link:definitionArc xlink:type="arc" xlink:arcrole="http://xbrl.org/int/dim/arcrole/dimension-domain" xlink:from="loc_dnb_dim063" xlink:to="loc_dnb_dom001" xbrldt:usable="false" />
    <link:definitionArc xlink:type="arc" xlink:arcrole="http://xbrl.org/int/dim/arcrole/dimension-default" xlink:from="loc_dnb_dim063" xlink:to="loc_dnb_dom001_mem000" />
    <link:loc xlink:type="locator" xlink:href="dim.xsd#dnb_dim064" xlink:label="loc_dnb_dim064" />
    <link:definitionArc xlink:type="arc" xlink:arcrole="http://xbrl.org/int/dim/arcrole/dimension-domain" xlink:from="loc_dnb_dim064" xlink:to="loc_dnb_dom001" xbrldt:usable="false" />
    <link:definitionArc xlink:type="arc" xlink:arcrole="http://xbrl.org/int/dim/arcrole/dimension-default" xlink:from="loc_dnb_dim064" xlink:to="loc_dnb_dom001_mem000" />
    <link:loc xlink:type="locator" xlink:href="dim.xsd#dnb_dim065" xlink:label="loc_dnb_dim065" />
    <link:definitionArc xlink:type="arc" xlink:arcrole="http://xbrl.org/int/dim/arcrole/dimension-domain" xlink:from="loc_dnb_dim065" xlink:to="loc_dnb_dom001" xbrldt:usable="false" />
    <link:definitionArc xlink:type="arc" xlink:arcrole="http://xbrl.org/int/dim/arcrole/dimension-default" xlink:from="loc_dnb_dim065" xlink:to="loc_dnb_dom001_mem000" />
    <link:loc xlink:type="locator" xlink:href="dim.xsd#dnb_dim066" xlink:label="loc_dnb_dim066" />
    <link:definitionArc xlink:type="arc" xlink:arcrole="http://xbrl.org/int/dim/arcrole/dimension-domain" xlink:from="loc_dnb_dim066" xlink:to="loc_dnb_dom008" xbrldt:usable="false" />
    <link:definitionArc xlink:type="arc" xlink:arcrole="http://xbrl.org/int/dim/arcrole/dimension-default" xlink:from="loc_dnb_dim066" xlink:to="loc_dnb_dom008_mem000" />
    <link:loc xlink:type="locator" xlink:href="dim.xsd#dnb_dim067" xlink:label="loc_dnb_dim067" />
    <link:definitionArc xlink:type="arc" xlink:arcrole="http://xbrl.org/int/dim/arcrole/dimension-domain" xlink:from="loc_dnb_dim067" xlink:to="loc_dnb_dom030" xbrldt:usable="false" />
    <link:definitionArc xlink:type="arc" xlink:arcrole="http://xbrl.org/int/dim/arcrole/dimension-default" xlink:from="loc_dnb_dim067" xlink:to="loc_dnb_dom030_mem000" />
    <link:loc xlink:type="locator" xlink:href="../dom/exp.xsd#dnb_dom041" xlink:label="loc_dnb_dom041" />
    <link:loc xlink:type="locator" xlink:href="dim.xsd#dnb_dim068" xlink:label="loc_dnb_dim068" />
    <link:definitionArc xlink:type="arc" xlink:arcrole="http://xbrl.org/int/dim/arcrole/dimension-domain" xlink:from="loc_dnb_dim068" xlink:to="loc_dnb_dom041" xbrldt:usable="false" />
    <link:loc xlink:type="locator" xlink:href="../dom/dom041/mem.xsd#dnb_mem000" xlink:label="loc_dnb_dom041_mem000" />
    <link:definitionArc xlink:type="arc" xlink:arcrole="http://xbrl.org/int/dim/arcrole/dimension-default" xlink:from="loc_dnb_dim068" xlink:to="loc_dnb_dom041_mem000" />
    <link:loc xlink:type="locator" xlink:href="../dom/exp.xsd#dnb_dom042" xlink:label="loc_dnb_dom042" />
    <link:loc xlink:type="locator" xlink:href="dim.xsd#dnb_dim069" xlink:label="loc_dnb_dim069" />
    <link:definitionArc xlink:type="arc" xlink:arcrole="http://xbrl.org/int/dim/arcrole/dimension-domain" xlink:from="loc_dnb_dim069" xlink:to="loc_dnb_dom042" xbrldt:usable="false" />
    <link:loc xlink:type="locator" xlink:href="../dom/dom042/mem.xsd#dnb_mem000" xlink:label="loc_dnb_dom042_mem000" />
    <link:definitionArc xlink:type="arc" xlink:arcrole="http://xbrl.org/int/dim/arcrole/dimension-default" xlink:from="loc_dnb_dim069" xlink:to="loc_dnb_dom042_mem000" />
    <link:loc xlink:type="locator" xlink:href="dim.xsd#dnb_dim070" xlink:label="loc_dnb_dim070" />
    <link:definitionArc xlink:type="arc" xlink:arcrole="http://xbrl.org/int/dim/arcrole/dimension-domain" xlink:from="loc_dnb_dim070" xlink:to="loc_dnb_dom001" xbrldt:usable="false" />
    <link:definitionArc xlink:type="arc" xlink:arcrole="http://xbrl.org/int/dim/arcrole/dimension-default" xlink:from="loc_dnb_dim070" xlink:to="loc_dnb_dom001_mem000" />
    <link:loc xlink:type="locator" xlink:href="../dom/exp.xsd#dnb_dom043" xlink:label="loc_dnb_dom043" />
    <link:loc xlink:type="locator" xlink:href="dim.xsd#dnb_dim071" xlink:label="loc_dnb_dim071" />
    <link:definitionArc xlink:type="arc" xlink:arcrole="http://xbrl.org/int/dim/arcrole/dimension-domain" xlink:from="loc_dnb_dim071" xlink:to="loc_dnb_dom043" xbrldt:usable="false" />
    <link:loc xlink:type="locator" xlink:href="../dom/dom043/mem.xsd#dnb_mem000" xlink:label="loc_dnb_dom043_mem000" />
    <link:definitionArc xlink:type="arc" xlink:arcrole="http://xbrl.org/int/dim/arcrole/dimension-default" xlink:from="loc_dnb_dim071" xlink:to="loc_dnb_dom043_mem000" />
    <link:loc xlink:type="locator" xlink:href="../dom/exp.xsd#dnb_dom044" xlink:label="loc_dnb_dom044" />
    <link:loc xlink:type="locator" xlink:href="dim.xsd#dnb_dim072" xlink:label="loc_dnb_dim072" />
    <link:definitionArc xlink:type="arc" xlink:arcrole="http://xbrl.org/int/dim/arcrole/dimension-domain" xlink:from="loc_dnb_dim072" xlink:to="loc_dnb_dom044" xbrldt:usable="false" />
    <link:loc xlink:type="locator" xlink:href="../dom/dom044/mem.xsd#dnb_mem000" xlink:label="loc_dnb_dom044_mem000" />
    <link:definitionArc xlink:type="arc" xlink:arcrole="http://xbrl.org/int/dim/arcrole/dimension-default" xlink:from="loc_dnb_dim072" xlink:to="loc_dnb_dom044_mem000" />
    <link:loc xlink:type="locator" xlink:href="../dom/exp.xsd#dnb_dom045" xlink:label="loc_dnb_dom045" />
    <link:loc xlink:type="locator" xlink:href="dim.xsd#dnb_dim073" xlink:label="loc_dnb_dim073" />
    <link:definitionArc xlink:type="arc" xlink:arcrole="http://xbrl.org/int/dim/arcrole/dimension-domain" xlink:from="loc_dnb_dim073" xlink:to="loc_dnb_dom045" xbrldt:usable="false" />
    <link:loc xlink:type="locator" xlink:href="../dom/dom045/mem.xsd#dnb_mem000" xlink:label="loc_dnb_dom045_mem000" />
    <link:definitionArc xlink:type="arc" xlink:arcrole="http://xbrl.org/int/dim/arcrole/dimension-default" xlink:from="loc_dnb_dim073" xlink:to="loc_dnb_dom045_mem000" />
    <link:loc xlink:type="locator" xlink:href="dim.xsd#dnb_dim074" xlink:label="loc_dnb_dim074" />
    <link:definitionArc xlink:type="arc" xlink:arcrole="http://xbrl.org/int/dim/arcrole/dimension-domain" xlink:from="loc_dnb_dim074" xlink:to="loc_dnb_dom001" xbrldt:usable="false" />
    <link:definitionArc xlink:type="arc" xlink:arcrole="http://xbrl.org/int/dim/arcrole/dimension-default" xlink:from="loc_dnb_dim074" xlink:to="loc_dnb_dom001_mem000" />
  </link:definitionLink>
</link:linkbase>