<ns0:linkbase xmlns:ns0="http://www.xbrl.org/2003/linkbase" xmlns:ns2="http://www.w3.org/1999/xlink" xmlns:ns3="http://xbrl.org/2005/xbrldt" xmlns:xsi="http://www.w3.org/2001/XMLSchema-instance" xsi:schemaLocation="http://www.xbrl.org/2003/linkbase http://www.xbrl.org/2003/xbrl-linkbase-2003-12-31.xsd">
    <ns0:arcroleRef arcroleURI="http://xbrl.org/int/dim/arcrole/dimension-domain" ns2:href="http://www.xbrl.org/2005/xbrldt-2005.xsd#dimension-domain" ns2:type="simple" />
    <ns0:arcroleRef arcroleURI="http://xbrl.org/int/dim/arcrole/dimension-default" ns2:href="http://www.xbrl.org/2005/xbrldt-2005.xsd#dimension-default" ns2:type="simple" />
    <ns0:arcroleRef arcroleURI="http://xbrl.org/int/dim/arcrole/hypercube-dimension" ns2:href="http://www.xbrl.org/2005/xbrldt-2005.xsd#hypercube-dimension" ns2:type="simple" />
    <ns0:roleRef roleURI="http://ferc.gov/form/2020-01-01/roles/Schedule/F1/ScheduleInvestmentsInSubsidiaryCompanies" ns2:href="form-1-sched-InvestmentsInSubsidiaryCompanies_2020-01-01.xsd#roleType_ScheduleInvestmentsInSubsidiaryCompanies" ns2:type="simple" />
    <ns0:arcroleRef arcroleURI="http://xbrl.org/int/dim/arcrole/all" ns2:href="http://www.xbrl.org/2005/xbrldt-2005.xsd#all" ns2:type="simple" />
    <ns0:arcroleRef arcroleURI="http://xbrl.org/int/dim/arcrole/domain-member" ns2:href="http://www.xbrl.org/2005/xbrldt-2005.xsd#domain-member" ns2:type="simple" />
    <ns0:definitionLink ns2:role="http://ferc.gov/form/2020-01-01/roles/Schedule/F1/ScheduleInvestmentsInSubsidiaryCompanies" ns2:type="extended">
        <ns0:loc ns2:href="../../ferc-core_2020-01-01.xsd#ferc_ScheduleInvestmentsInSubsidiaryCompaniesAbstract" ns2:label="ferc_ScheduleInvestmentsInSubsidiaryCompaniesAbstract" ns2:type="locator" />
        <ns0:loc ns2:href="../../ferc-core_2020-01-01.xsd#ferc_InvestmentsInSubsidiaryCompaniesLineItems" ns2:label="ferc_InvestmentsInSubsidiaryCompaniesLineItems" ns2:type="locator" />
        <ns0:definitionArc order="1" ns2:arcrole="http://xbrl.org/int/dim/arcrole/domain-member" ns2:from="ferc_ScheduleInvestmentsInSubsidiaryCompaniesAbstract" ns2:to="ferc_InvestmentsInSubsidiaryCompaniesLineItems" ns2:type="arc" />
        <ns0:loc ns2:href="../../ferc-core_2020-01-01.xsd#ferc_InvestmentsInSubsidiaryCompaniesTable" ns2:label="ferc_InvestmentsInSubsidiaryCompaniesTable" ns2:type="locator" />
        <ns0:definitionArc order="1" ns2:arcrole="http://xbrl.org/int/dim/arcrole/all" ns2:from="ferc_InvestmentsInSubsidiaryCompaniesLineItems" ns2:to="ferc_InvestmentsInSubsidiaryCompaniesTable" ns2:type="arc" ns3:closed="true" ns3:contextElement="segment" />
        <ns0:loc ns2:href="../../ferc-core_2020-01-01.xsd#ferc_SubsidiaryCompanyAxis" ns2:label="ferc_SubsidiaryCompanyAxis" ns2:type="locator" />
        <ns0:definitionArc order="1" ns2:arcrole="http://xbrl.org/int/dim/arcrole/hypercube-dimension" ns2:from="ferc_InvestmentsInSubsidiaryCompaniesTable" ns2:to="ferc_SubsidiaryCompanyAxis" ns2:type="arc" />
        <ns0:loc ns2:href="../../ferc-core_2020-01-01.xsd#ferc_InvestmentsInSubsidiaryCompaniesAxis" ns2:label="ferc_InvestmentsInSubsidiaryCompaniesAxis" ns2:type="locator" />
        <ns0:definitionArc order="2" ns2:arcrole="http://xbrl.org/int/dim/arcrole/hypercube-dimension" ns2:from="ferc_InvestmentsInSubsidiaryCompaniesTable" ns2:to="ferc_InvestmentsInSubsidiaryCompaniesAxis" ns2:type="arc" />
        <ns0:loc ns2:href="../../ferc-core_2020-01-01.xsd#ferc_InvestmentsInSubsidiaryCompaniesDomain" ns2:label="ferc_InvestmentsInSubsidiaryCompaniesDomain" ns2:type="locator" />
        <ns0:definitionArc order="1" ns2:arcrole="http://xbrl.org/int/dim/arcrole/dimension-domain" ns2:from="ferc_InvestmentsInSubsidiaryCompaniesAxis" ns2:to="ferc_InvestmentsInSubsidiaryCompaniesDomain" ns2:type="arc" />
        <ns0:loc ns2:href="../../ferc-core_2020-01-01.xsd#ferc_CapitalContributionMember" ns2:label="ferc_CapitalContributionMember" ns2:type="locator" />
        <ns0:definitionArc order="1" ns2:arcrole="http://xbrl.org/int/dim/arcrole/domain-member" ns2:from="ferc_InvestmentsInSubsidiaryCompaniesDomain" ns2:to="ferc_CapitalContributionMember" ns2:type="arc" />
        <ns0:loc ns2:href="../../ferc-core_2020-01-01.xsd#ferc_PaidInCapitalMember" ns2:label="ferc_PaidInCapitalMember" ns2:type="locator" />
        <ns0:definitionArc order="2" ns2:arcrole="http://xbrl.org/int/dim/arcrole/domain-member" ns2:from="ferc_InvestmentsInSubsidiaryCompaniesDomain" ns2:to="ferc_PaidInCapitalMember" ns2:type="arc" />
        <ns0:loc ns2:href="../../ferc-core_2020-01-01.xsd#ferc_PurchaseAccountingAdjustmentsMember" ns2:label="ferc_PurchaseAccountingAdjustmentsMember" ns2:type="locator" />
        <ns0:definitionArc order="3" ns2:arcrole="http://xbrl.org/int/dim/arcrole/domain-member" ns2:from="ferc_InvestmentsInSubsidiaryCompaniesDomain" ns2:to="ferc_PurchaseAccountingAdjustmentsMember" ns2:type="arc" />
        <ns0:loc ns2:href="../../ferc-core_2020-01-01.xsd#ferc_PurchaseAccountingGoodwillAllocationMember" ns2:label="ferc_PurchaseAccountingGoodwillAllocationMember" ns2:type="locator" />
        <ns0:definitionArc order="4" ns2:arcrole="http://xbrl.org/int/dim/arcrole/domain-member" ns2:from="ferc_InvestmentsInSubsidiaryCompaniesDomain" ns2:to="ferc_PurchaseAccountingGoodwillAllocationMember" ns2:type="arc" />
        <ns0:loc ns2:href="../../ferc-core_2020-01-01.xsd#ferc_UnappriatedUndistributedSubsidiaryEarningsMember" ns2:label="ferc_UnappriatedUndistributedSubsidiaryEarningsMember" ns2:type="locator" />
        <ns0:definitionArc order="5" ns2:arcrole="http://xbrl.org/int/dim/arcrole/domain-member" ns2:from="ferc_InvestmentsInSubsidiaryCompaniesDomain" ns2:to="ferc_UnappriatedUndistributedSubsidiaryEarningsMember" ns2:type="arc" />
        <ns0:loc ns2:href="../../ferc-core_2020-01-01.xsd#ferc_AdvancesOpenAccountMember" ns2:label="ferc_AdvancesOpenAccountMember" ns2:type="locator" />
        <ns0:definitionArc order="6" ns2:arcrole="http://xbrl.org/int/dim/arcrole/domain-member" ns2:from="ferc_InvestmentsInSubsidiaryCompaniesDomain" ns2:to="ferc_AdvancesOpenAccountMember" ns2:type="arc" />
        <ns0:loc ns2:href="../../ferc-core_2020-01-01.xsd#ferc_AdvancesNoteMember" ns2:label="ferc_AdvancesNoteMember" ns2:type="locator" />
        <ns0:definitionArc order="7" ns2:arcrole="http://xbrl.org/int/dim/arcrole/domain-member" ns2:from="ferc_InvestmentsInSubsidiaryCompaniesDomain" ns2:to="ferc_AdvancesNoteMember" ns2:type="arc" />
        <ns0:loc ns2:href="../../ferc-core_2020-01-01.xsd#ferc_CaptialStockMember" ns2:label="ferc_CaptialStockMember" ns2:type="locator" />
        <ns0:definitionArc order="8" ns2:arcrole="http://xbrl.org/int/dim/arcrole/domain-member" ns2:from="ferc_InvestmentsInSubsidiaryCompaniesDomain" ns2:to="ferc_CaptialStockMember" ns2:type="arc" />
        <ns0:loc ns2:href="../../ferc-core_2020-01-01.xsd#ferc_EquityContributionMember" ns2:label="ferc_EquityContributionMember" ns2:type="locator" />
        <ns0:definitionArc order="9" ns2:arcrole="http://xbrl.org/int/dim/arcrole/domain-member" ns2:from="ferc_InvestmentsInSubsidiaryCompaniesDomain" ns2:to="ferc_EquityContributionMember" ns2:type="arc" />
        <ns0:loc ns2:href="../../ferc-core_2020-01-01.xsd#ferc_RetainedEarningsMember" ns2:label="ferc_RetainedEarningsMember" ns2:type="locator" />
        <ns0:definitionArc order="10" ns2:arcrole="http://xbrl.org/int/dim/arcrole/domain-member" ns2:from="ferc_InvestmentsInSubsidiaryCompaniesDomain" ns2:to="ferc_RetainedEarningsMember" ns2:type="arc" />
        <ns0:loc ns2:href="../../ferc-core_2020-01-01.xsd#ferc_OtherInvestmentsInSubsidiaryCompaniesMember" ns2:label="ferc_OtherInvestmentsInSubsidiaryCompaniesMember" ns2:type="locator" />
        <ns0:definitionArc order="11" ns2:arcrole="http://xbrl.org/int/dim/arcrole/domain-member" ns2:from="ferc_InvestmentsInSubsidiaryCompaniesDomain" ns2:to="ferc_OtherInvestmentsInSubsidiaryCompaniesMember" ns2:type="arc" />
        <ns0:loc ns2:href="../../ferc-core_2020-01-01.xsd#ferc_UnspecifiedInvestmentsInSubsidiaryCompaniesOneMember" ns2:label="ferc_UnspecifiedInvestmentsInSubsidiaryCompaniesOneMember" ns2:type="locator" />
        <ns0:definitionArc order="12" ns2:arcrole="http://xbrl.org/int/dim/arcrole/domain-member" ns2:from="ferc_InvestmentsInSubsidiaryCompaniesDomain" ns2:to="ferc_UnspecifiedInvestmentsInSubsidiaryCompaniesOneMember" ns2:type="arc" />
        <ns0:loc ns2:href="../../ferc-core_2020-01-01.xsd#ferc_UnspecifiedInvestmentsInSubsidiaryCompaniesTwoMember" ns2:label="ferc_UnspecifiedInvestmentsInSubsidiaryCompaniesTwoMember" ns2:type="locator" />
        <ns0:definitionArc order="13" ns2:arcrole="http://xbrl.org/int/dim/arcrole/domain-member" ns2:from="ferc_InvestmentsInSubsidiaryCompaniesDomain" ns2:to="ferc_UnspecifiedInvestmentsInSubsidiaryCompaniesTwoMember" ns2:type="arc" />
        <ns0:loc ns2:href="../../ferc-core_2020-01-01.xsd#ferc_UnspecifiedInvestmentsInSubsidiaryCompaniesThreeMember" ns2:label="ferc_UnspecifiedInvestmentsInSubsidiaryCompaniesThreeMember" ns2:type="locator" />
        <ns0:definitionArc order="14" ns2:arcrole="http://xbrl.org/int/dim/arcrole/domain-member" ns2:from="ferc_InvestmentsInSubsidiaryCompaniesDomain" ns2:to="ferc_UnspecifiedInvestmentsInSubsidiaryCompaniesThreeMember" ns2:type="arc" />
        <ns0:loc ns2:href="../../ferc-core_2020-01-01.xsd#ferc_UnspecifiedInvestmentsInSubsidiaryCompaniesFourMember" ns2:label="ferc_UnspecifiedInvestmentsInSubsidiaryCompaniesFourMember" ns2:type="locator" />
        <ns0:definitionArc order="15" ns2:arcrole="http://xbrl.org/int/dim/arcrole/domain-member" ns2:from="ferc_InvestmentsInSubsidiaryCompaniesDomain" ns2:to="ferc_UnspecifiedInvestmentsInSubsidiaryCompaniesFourMember" ns2:type="arc" />
        <ns0:loc ns2:href="../../ferc-core_2020-01-01.xsd#ferc_UnspecifiedInvestmentsInSubsidiaryCompaniesFiveMember" ns2:label="ferc_UnspecifiedInvestmentsInSubsidiaryCompaniesFiveMember" ns2:type="locator" />
        <ns0:definitionArc order="16" ns2:arcrole="http://xbrl.org/int/dim/arcrole/domain-member" ns2:from="ferc_InvestmentsInSubsidiaryCompaniesDomain" ns2:to="ferc_UnspecifiedInvestmentsInSubsidiaryCompaniesFiveMember" ns2:type="arc" />
        <ns0:loc ns2:href="../../ferc-core_2020-01-01.xsd#ferc_UnspecifiedInvestmentsInSubsidiaryCompaniesSixMember" ns2:label="ferc_UnspecifiedInvestmentsInSubsidiaryCompaniesSixMember" ns2:type="locator" />
        <ns0:definitionArc order="17" ns2:arcrole="http://xbrl.org/int/dim/arcrole/domain-member" ns2:from="ferc_InvestmentsInSubsidiaryCompaniesDomain" ns2:to="ferc_UnspecifiedInvestmentsInSubsidiaryCompaniesSixMember" ns2:type="arc" />
        <ns0:loc ns2:href="../../ferc-core_2020-01-01.xsd#ferc_UnspecifiedInvestmentsInSubsidiaryCompaniesSevenMember" ns2:label="ferc_UnspecifiedInvestmentsInSubsidiaryCompaniesSevenMember" ns2:type="locator" />
        <ns0:definitionArc order="18" ns2:arcrole="http://xbrl.org/int/dim/arcrole/domain-member" ns2:from="ferc_InvestmentsInSubsidiaryCompaniesDomain" ns2:to="ferc_UnspecifiedInvestmentsInSubsidiaryCompaniesSevenMember" ns2:type="arc" />
        <ns0:loc ns2:href="../../ferc-core_2020-01-01.xsd#ferc_UnspecifiedInvestmentsInSubsidiaryCompaniesEightMember" ns2:label="ferc_UnspecifiedInvestmentsInSubsidiaryCompaniesEightMember" ns2:type="locator" />
        <ns0:definitionArc order="19" ns2:arcrole="http://xbrl.org/int/dim/arcrole/domain-member" ns2:from="ferc_InvestmentsInSubsidiaryCompaniesDomain" ns2:to="ferc_UnspecifiedInvestmentsInSubsidiaryCompaniesEightMember" ns2:type="arc" />
        <ns0:loc ns2:href="../../ferc-core_2020-01-01.xsd#ferc_UnspecifiedInvestmentsInSubsidiaryCompaniesNineMember" ns2:label="ferc_UnspecifiedInvestmentsInSubsidiaryCompaniesNineMember" ns2:type="locator" />
        <ns0:definitionArc order="20" ns2:arcrole="http://xbrl.org/int/dim/arcrole/domain-member" ns2:from="ferc_InvestmentsInSubsidiaryCompaniesDomain" ns2:to="ferc_UnspecifiedInvestmentsInSubsidiaryCompaniesNineMember" ns2:type="arc" />
        <ns0:loc ns2:href="../../ferc-core_2020-01-01.xsd#ferc_UnspecifiedInvestmentsInSubsidiaryCompaniesTenMember" ns2:label="ferc_UnspecifiedInvestmentsInSubsidiaryCompaniesTenMember" ns2:type="locator" />
        <ns0:definitionArc order="21" ns2:arcrole="http://xbrl.org/int/dim/arcrole/domain-member" ns2:from="ferc_InvestmentsInSubsidiaryCompaniesDomain" ns2:to="ferc_UnspecifiedInvestmentsInSubsidiaryCompaniesTenMember" ns2:type="arc" />
        <ns0:loc ns2:href="../../ferc-core_2020-01-01.xsd#ferc_UnspecifiedInvestmentsInSubsidiaryCompaniesElevenMember" ns2:label="ferc_UnspecifiedInvestmentsInSubsidiaryCompaniesElevenMember" ns2:type="locator" />
        <ns0:definitionArc order="22" ns2:arcrole="http://xbrl.org/int/dim/arcrole/domain-member" ns2:from="ferc_InvestmentsInSubsidiaryCompaniesDomain" ns2:to="ferc_UnspecifiedInvestmentsInSubsidiaryCompaniesElevenMember" ns2:type="arc" />
        <ns0:loc ns2:href="../../ferc-core_2020-01-01.xsd#ferc_UnspecifiedInvestmentsInSubsidiaryCompaniesTwelveMember" ns2:label="ferc_UnspecifiedInvestmentsInSubsidiaryCompaniesTwelveMember" ns2:type="locator" />
        <ns0:definitionArc order="23" ns2:arcrole="http://xbrl.org/int/dim/arcrole/domain-member" ns2:from="ferc_InvestmentsInSubsidiaryCompaniesDomain" ns2:to="ferc_UnspecifiedInvestmentsInSubsidiaryCompaniesTwelveMember" ns2:type="arc" />
        <ns0:loc ns2:href="../../ferc-core_2020-01-01.xsd#ferc_OrderNumber" ns2:label="ferc_OrderNumber" ns2:type="locator" />
        <ns0:definitionArc order="2" ns2:arcrole="http://xbrl.org/int/dim/arcrole/domain-member" ns2:from="ferc_InvestmentsInSubsidiaryCompaniesLineItems" ns2:to="ferc_OrderNumber" ns2:type="arc" />
        <ns0:loc ns2:href="../../ferc-core_2020-01-01.xsd#ferc_DescriptionOfInvestmentsInSubsidiaryCompanies" ns2:label="ferc_DescriptionOfInvestmentsInSubsidiaryCompanies" ns2:type="locator" />
        <ns0:definitionArc order="3" ns2:arcrole="http://xbrl.org/int/dim/arcrole/domain-member" ns2:from="ferc_InvestmentsInSubsidiaryCompaniesLineItems" ns2:to="ferc_DescriptionOfInvestmentsInSubsidiaryCompanies" ns2:type="arc" />
        <ns0:loc ns2:href="../../ferc-core_2020-01-01.xsd#ferc_DateOfAcquisitionInvestmentsInSubsidiaryCompanies" ns2:label="ferc_DateOfAcquisitionInvestmentsInSubsidiaryCompanies" ns2:type="locator" />
        <ns0:definitionArc order="4" ns2:arcrole="http://xbrl.org/int/dim/arcrole/domain-member" ns2:from="ferc_InvestmentsInSubsidiaryCompaniesLineItems" ns2:to="ferc_DateOfAcquisitionInvestmentsInSubsidiaryCompanies" ns2:type="arc" />
        <ns0:loc ns2:href="../../ferc-core_2020-01-01.xsd#ferc_DateOfMaturityInvestmentsInSubsidiaryCompanies" ns2:label="ferc_DateOfMaturityInvestmentsInSubsidiaryCompanies" ns2:type="locator" />
        <ns0:definitionArc order="5" ns2:arcrole="http://xbrl.org/int/dim/arcrole/domain-member" ns2:from="ferc_InvestmentsInSubsidiaryCompaniesLineItems" ns2:to="ferc_DateOfMaturityInvestmentsInSubsidiaryCompanies" ns2:type="arc" />
        <ns0:loc ns2:href="../../ferc-core_2020-01-01.xsd#ferc_InvestmentInSubsidiaryCompanies" ns2:label="ferc_InvestmentInSubsidiaryCompanies" ns2:type="locator" />
        <ns0:definitionArc order="6" ns2:arcrole="http://xbrl.org/int/dim/arcrole/domain-member" ns2:from="ferc_InvestmentsInSubsidiaryCompaniesLineItems" ns2:to="ferc_InvestmentInSubsidiaryCompanies" ns2:type="arc" />
        <ns0:loc ns2:href="../../ferc-core_2020-01-01.xsd#ferc_EquityInEarningsOfSubsidiaryCompanies" ns2:label="ferc_EquityInEarningsOfSubsidiaryCompanies" ns2:type="locator" />
        <ns0:definitionArc order="7" ns2:arcrole="http://xbrl.org/int/dim/arcrole/domain-member" ns2:from="ferc_InvestmentsInSubsidiaryCompaniesLineItems" ns2:to="ferc_EquityInEarningsOfSubsidiaryCompanies" ns2:type="arc" />
        <ns0:loc ns2:href="../../ferc-core_2020-01-01.xsd#ferc_InterestAndDividendRevenueFromInvestments" ns2:label="ferc_InterestAndDividendRevenueFromInvestments" ns2:type="locator" />
        <ns0:definitionArc order="8" ns2:arcrole="http://xbrl.org/int/dim/arcrole/domain-member" ns2:from="ferc_InvestmentsInSubsidiaryCompaniesLineItems" ns2:to="ferc_InterestAndDividendRevenueFromInvestments" ns2:type="arc" />
        <ns0:loc ns2:href="../../ferc-core_2020-01-01.xsd#ferc_InvestmentGainLossOnDisplosal" ns2:label="ferc_InvestmentGainLossOnDisplosal" ns2:type="locator" />
        <ns0:definitionArc order="9" ns2:arcrole="http://xbrl.org/int/dim/arcrole/domain-member" ns2:from="ferc_InvestmentsInSubsidiaryCompaniesLineItems" ns2:to="ferc_InvestmentGainLossOnDisplosal" ns2:type="arc" />
    </ns0:definitionLink>
    <ns0:definitionLink ns2:role="http://ferc.gov/form/2020-01-01/roles/Schedule/F1/ScheduleInvestmentsInSubsidiaryCompanies" ns2:type="extended">
        <ns0:loc ns2:href="../../ferc-core_2020-01-01.xsd#ferc_InvestmentsInSubsidiaryCompaniesAxis" ns2:label="ferc_InvestmentsInSubsidiaryCompaniesAxis" ns2:type="locator" />
        <ns0:loc ns2:href="../../ferc-core_2020-01-01.xsd#ferc_InvestmentsInSubsidiaryCompaniesDomain" ns2:label="ferc_InvestmentsInSubsidiaryCompaniesDomain" ns2:type="locator" />
        <ns0:definitionArc order="1" ns2:arcrole="http://xbrl.org/int/dim/arcrole/dimension-default" ns2:from="ferc_InvestmentsInSubsidiaryCompaniesAxis" ns2:to="ferc_InvestmentsInSubsidiaryCompaniesDomain" ns2:type="arc" />
    </ns0:definitionLink>
</ns0:linkbase>