﻿<?xml version="1.0" encoding="utf-8"?>
<!--© DNB-->
<link:linkbase xmlns:xsi="http://www.w3.org/2001/XMLSchema-instance" xmlns:xlink="http://www.w3.org/1999/xlink" xmlns:link="http://www.xbrl.org/2003/linkbase" xmlns:xbrldt="http://xbrl.org/2005/xbrldt" xsi:schemaLocation="http://www.xbrl.org/2003/linkbase http://www.xbrl.org/2003/xbrl-linkbase-2003-12-31.xsd http://xbrl.org/2005/xbrldt http://www.xbrl.org/2005/xbrldt-2005.xsd">
  <link:arcroleRef arcroleURI="http://xbrl.org/int/dim/arcrole/domain-member" xlink:type="simple" xlink:href="http://www.xbrl.org/2005/xbrldt-2005.xsd#domain-member" />
  <link:roleRef roleURI="http://www.dnb.nl/xbrl/role/dict/dom/dom028/001" xlink:type="simple" xlink:href="hier.xsd#dnb_001" />
  <link:definitionLink xlink:type="extended" xlink:role="http://www.dnb.nl/xbrl/role/dict/dom/dom028/001">
    <link:loc xlink:type="locator" xlink:href="../exp.xsd#dnb_dom028" xlink:label="loc_dnb_dom028" />
    <link:loc xlink:type="locator" xlink:href="mem.xsd#dnb_mem000" xlink:label="loc_dnb_mem000" />
    <link:definitionArc xlink:type="arc" xlink:arcrole="http://xbrl.org/int/dim/arcrole/domain-member" xlink:from="loc_dnb_dom028" xlink:to="loc_dnb_mem000" order="1" />
    <link:loc xlink:type="locator" xlink:href="mem.xsd#dnb_mem031" xlink:label="loc_dnb_mem031" />
    <link:definitionArc xlink:type="arc" xlink:arcrole="http://xbrl.org/int/dim/arcrole/domain-member" xlink:from="loc_dnb_mem000" xlink:to="loc_dnb_mem031" order="1" />
    <link:loc xlink:type="locator" xlink:href="mem.xsd#dnb_mem001" xlink:label="loc_dnb_mem001" />
    <link:definitionArc xlink:type="arc" xlink:arcrole="http://xbrl.org/int/dim/arcrole/domain-member" xlink:from="loc_dnb_mem031" xlink:to="loc_dnb_mem001" order="1" />
    <link:loc xlink:type="locator" xlink:href="mem.xsd#dnb_mem004" xlink:label="loc_dnb_mem004" />
    <link:definitionArc xlink:type="arc" xlink:arcrole="http://xbrl.org/int/dim/arcrole/domain-member" xlink:from="loc_dnb_mem003" xlink:to="loc_dnb_mem004" order="1" />
    <link:loc xlink:type="locator" xlink:href="mem.xsd#dnb_mem005" xlink:label="loc_dnb_mem005" />
    <link:definitionArc xlink:type="arc" xlink:arcrole="http://xbrl.org/int/dim/arcrole/domain-member" xlink:from="loc_dnb_mem004" xlink:to="loc_dnb_mem005" order="1" />
    <link:loc xlink:type="locator" xlink:href="mem.xsd#dnb_mem010" xlink:label="loc_dnb_mem010" />
    <link:definitionArc xlink:type="arc" xlink:arcrole="http://xbrl.org/int/dim/arcrole/domain-member" xlink:from="loc_dnb_mem009" xlink:to="loc_dnb_mem010" order="1" />
    <link:loc xlink:type="locator" xlink:href="mem.xsd#dnb_mem011" xlink:label="loc_dnb_mem011" />
    <link:definitionArc xlink:type="arc" xlink:arcrole="http://xbrl.org/int/dim/arcrole/domain-member" xlink:from="loc_dnb_mem010" xlink:to="loc_dnb_mem011" order="1" />
    <link:loc xlink:type="locator" xlink:href="mem.xsd#dnb_mem014" xlink:label="loc_dnb_mem014" />
    <link:definitionArc xlink:type="arc" xlink:arcrole="http://xbrl.org/int/dim/arcrole/domain-member" xlink:from="loc_dnb_mem013" xlink:to="loc_dnb_mem014" order="1" />
    <link:loc xlink:type="locator" xlink:href="mem.xsd#dnb_mem020" xlink:label="loc_dnb_mem020" />
    <link:definitionArc xlink:type="arc" xlink:arcrole="http://xbrl.org/int/dim/arcrole/domain-member" xlink:from="loc_dnb_mem019" xlink:to="loc_dnb_mem020" order="1" />
    <link:loc xlink:type="locator" xlink:href="mem.xsd#dnb_mem022" xlink:label="loc_dnb_mem022" />
    <link:definitionArc xlink:type="arc" xlink:arcrole="http://xbrl.org/int/dim/arcrole/domain-member" xlink:from="loc_dnb_mem013" xlink:to="loc_dnb_mem022" order="1" />
    <link:loc xlink:type="locator" xlink:href="mem.xsd#dnb_mem026" xlink:label="loc_dnb_mem026" />
    <link:definitionArc xlink:type="arc" xlink:arcrole="http://xbrl.org/int/dim/arcrole/domain-member" xlink:from="loc_dnb_mem025" xlink:to="loc_dnb_mem026" order="1" />
    <link:loc xlink:type="locator" xlink:href="mem.xsd#dnb_mem033" xlink:label="loc_dnb_mem033" />
    <link:definitionArc xlink:type="arc" xlink:arcrole="http://xbrl.org/int/dim/arcrole/domain-member" xlink:from="loc_dnb_mem032" xlink:to="loc_dnb_mem033" order="1" />
    <link:loc xlink:type="locator" xlink:href="mem.xsd#dnb_mem035" xlink:label="loc_dnb_mem035" />
    <link:definitionArc xlink:type="arc" xlink:arcrole="http://xbrl.org/int/dim/arcrole/domain-member" xlink:from="loc_dnb_mem034" xlink:to="loc_dnb_mem035" order="1" />
    <link:loc xlink:type="locator" xlink:href="mem.xsd#dnb_mem042" xlink:label="loc_dnb_mem042" />
    <link:definitionArc xlink:type="arc" xlink:arcrole="http://xbrl.org/int/dim/arcrole/domain-member" xlink:from="loc_dnb_mem041" xlink:to="loc_dnb_mem042" order="1" />
    <link:loc xlink:type="locator" xlink:href="mem.xsd#dnb_mem043" xlink:label="loc_dnb_mem043" />
    <link:definitionArc xlink:type="arc" xlink:arcrole="http://xbrl.org/int/dim/arcrole/domain-member" xlink:from="loc_dnb_mem042" xlink:to="loc_dnb_mem043" order="1" />
    <link:loc xlink:type="locator" xlink:href="mem.xsd#dnb_mem045" xlink:label="loc_dnb_mem045" />
    <link:definitionArc xlink:type="arc" xlink:arcrole="http://xbrl.org/int/dim/arcrole/domain-member" xlink:from="loc_dnb_mem044" xlink:to="loc_dnb_mem045" order="1" />
    <link:loc xlink:type="locator" xlink:href="mem.xsd#dnb_mem049" xlink:label="loc_dnb_mem049" />
    <link:definitionArc xlink:type="arc" xlink:arcrole="http://xbrl.org/int/dim/arcrole/domain-member" xlink:from="loc_dnb_mem048" xlink:to="loc_dnb_mem049" order="1" />
    <link:loc xlink:type="locator" xlink:href="mem.xsd#dnb_mem052" xlink:label="loc_dnb_mem052" />
    <link:definitionArc xlink:type="arc" xlink:arcrole="http://xbrl.org/int/dim/arcrole/domain-member" xlink:from="loc_dnb_mem051" xlink:to="loc_dnb_mem052" order="1" />
    <link:loc xlink:type="locator" xlink:href="mem.xsd#dnb_mem002" xlink:label="loc_dnb_mem002" />
    <link:definitionArc xlink:type="arc" xlink:arcrole="http://xbrl.org/int/dim/arcrole/domain-member" xlink:from="loc_dnb_mem031" xlink:to="loc_dnb_mem002" order="2" />
    <link:loc xlink:type="locator" xlink:href="mem.xsd#dnb_mem006" xlink:label="loc_dnb_mem006" />
    <link:definitionArc xlink:type="arc" xlink:arcrole="http://xbrl.org/int/dim/arcrole/domain-member" xlink:from="loc_dnb_mem004" xlink:to="loc_dnb_mem006" order="2" />
    <link:loc xlink:type="locator" xlink:href="mem.xsd#dnb_mem007" xlink:label="loc_dnb_mem007" />
    <link:definitionArc xlink:type="arc" xlink:arcrole="http://xbrl.org/int/dim/arcrole/domain-member" xlink:from="loc_dnb_mem003" xlink:to="loc_dnb_mem007" order="2" />
    <link:loc xlink:type="locator" xlink:href="mem.xsd#dnb_mem012" xlink:label="loc_dnb_mem012" />
    <link:definitionArc xlink:type="arc" xlink:arcrole="http://xbrl.org/int/dim/arcrole/domain-member" xlink:from="loc_dnb_mem010" xlink:to="loc_dnb_mem012" order="2" />
    <link:loc xlink:type="locator" xlink:href="mem.xsd#dnb_mem013" xlink:label="loc_dnb_mem013" />
    <link:definitionArc xlink:type="arc" xlink:arcrole="http://xbrl.org/int/dim/arcrole/domain-member" xlink:from="loc_dnb_mem009" xlink:to="loc_dnb_mem013" order="2" />
    <link:loc xlink:type="locator" xlink:href="mem.xsd#dnb_mem015" xlink:label="loc_dnb_mem015" />
    <link:definitionArc xlink:type="arc" xlink:arcrole="http://xbrl.org/int/dim/arcrole/domain-member" xlink:from="loc_dnb_mem013" xlink:to="loc_dnb_mem015" order="2" />
    <link:loc xlink:type="locator" xlink:href="mem.xsd#dnb_mem021" xlink:label="loc_dnb_mem021" />
    <link:definitionArc xlink:type="arc" xlink:arcrole="http://xbrl.org/int/dim/arcrole/domain-member" xlink:from="loc_dnb_mem019" xlink:to="loc_dnb_mem021" order="2" />
    <link:loc xlink:type="locator" xlink:href="mem.xsd#dnb_mem027" xlink:label="loc_dnb_mem027" />
    <link:definitionArc xlink:type="arc" xlink:arcrole="http://xbrl.org/int/dim/arcrole/domain-member" xlink:from="loc_dnb_mem025" xlink:to="loc_dnb_mem027" order="2" />
    <link:loc xlink:type="locator" xlink:href="mem.xsd#dnb_mem057" xlink:label="loc_dnb_mem057" />
    <link:definitionArc xlink:type="arc" xlink:arcrole="http://xbrl.org/int/dim/arcrole/domain-member" xlink:from="loc_dnb_mem000" xlink:to="loc_dnb_mem057" order="2" />
    <link:loc xlink:type="locator" xlink:href="mem.xsd#dnb_mem034" xlink:label="loc_dnb_mem034" />
    <link:definitionArc xlink:type="arc" xlink:arcrole="http://xbrl.org/int/dim/arcrole/domain-member" xlink:from="loc_dnb_mem032" xlink:to="loc_dnb_mem034" order="2" />
    <link:loc xlink:type="locator" xlink:href="mem.xsd#dnb_mem036" xlink:label="loc_dnb_mem036" />
    <link:definitionArc xlink:type="arc" xlink:arcrole="http://xbrl.org/int/dim/arcrole/domain-member" xlink:from="loc_dnb_mem034" xlink:to="loc_dnb_mem036" order="2" />
    <link:loc xlink:type="locator" xlink:href="mem.xsd#dnb_mem044" xlink:label="loc_dnb_mem044" />
    <link:definitionArc xlink:type="arc" xlink:arcrole="http://xbrl.org/int/dim/arcrole/domain-member" xlink:from="loc_dnb_mem042" xlink:to="loc_dnb_mem044" order="2" />
    <link:loc xlink:type="locator" xlink:href="mem.xsd#dnb_mem046" xlink:label="loc_dnb_mem046" />
    <link:definitionArc xlink:type="arc" xlink:arcrole="http://xbrl.org/int/dim/arcrole/domain-member" xlink:from="loc_dnb_mem044" xlink:to="loc_dnb_mem046" order="2" />
    <link:loc xlink:type="locator" xlink:href="mem.xsd#dnb_mem048" xlink:label="loc_dnb_mem048" />
    <link:definitionArc xlink:type="arc" xlink:arcrole="http://xbrl.org/int/dim/arcrole/domain-member" xlink:from="loc_dnb_mem041" xlink:to="loc_dnb_mem048" order="2" />
    <link:loc xlink:type="locator" xlink:href="mem.xsd#dnb_mem053" xlink:label="loc_dnb_mem053" />
    <link:definitionArc xlink:type="arc" xlink:arcrole="http://xbrl.org/int/dim/arcrole/domain-member" xlink:from="loc_dnb_mem051" xlink:to="loc_dnb_mem053" order="2" />
    <link:loc xlink:type="locator" xlink:href="mem.xsd#dnb_mem003" xlink:label="loc_dnb_mem003" />
    <link:definitionArc xlink:type="arc" xlink:arcrole="http://xbrl.org/int/dim/arcrole/domain-member" xlink:from="loc_dnb_mem031" xlink:to="loc_dnb_mem003" order="3" />
    <link:loc xlink:type="locator" xlink:href="mem.xsd#dnb_mem016" xlink:label="loc_dnb_mem016" />
    <link:definitionArc xlink:type="arc" xlink:arcrole="http://xbrl.org/int/dim/arcrole/domain-member" xlink:from="loc_dnb_mem013" xlink:to="loc_dnb_mem016" order="3" />
    <link:loc xlink:type="locator" xlink:href="mem.xsd#dnb_mem028" xlink:label="loc_dnb_mem028" />
    <link:definitionArc xlink:type="arc" xlink:arcrole="http://xbrl.org/int/dim/arcrole/domain-member" xlink:from="loc_dnb_mem025" xlink:to="loc_dnb_mem028" order="3" />
    <link:loc xlink:type="locator" xlink:href="mem.xsd#dnb_mem037" xlink:label="loc_dnb_mem037" />
    <link:definitionArc xlink:type="arc" xlink:arcrole="http://xbrl.org/int/dim/arcrole/domain-member" xlink:from="loc_dnb_mem034" xlink:to="loc_dnb_mem037" order="3" />
    <link:loc xlink:type="locator" xlink:href="mem.xsd#dnb_mem047" xlink:label="loc_dnb_mem047" />
    <link:definitionArc xlink:type="arc" xlink:arcrole="http://xbrl.org/int/dim/arcrole/domain-member" xlink:from="loc_dnb_mem044" xlink:to="loc_dnb_mem047" order="3" />
    <link:loc xlink:type="locator" xlink:href="mem.xsd#dnb_mem054" xlink:label="loc_dnb_mem054" />
    <link:definitionArc xlink:type="arc" xlink:arcrole="http://xbrl.org/int/dim/arcrole/domain-member" xlink:from="loc_dnb_mem051" xlink:to="loc_dnb_mem054" order="3" />
    <link:loc xlink:type="locator" xlink:href="mem.xsd#dnb_mem008" xlink:label="loc_dnb_mem008" />
    <link:definitionArc xlink:type="arc" xlink:arcrole="http://xbrl.org/int/dim/arcrole/domain-member" xlink:from="loc_dnb_mem031" xlink:to="loc_dnb_mem008" order="4" />
    <link:loc xlink:type="locator" xlink:href="mem.xsd#dnb_mem017" xlink:label="loc_dnb_mem017" />
    <link:definitionArc xlink:type="arc" xlink:arcrole="http://xbrl.org/int/dim/arcrole/domain-member" xlink:from="loc_dnb_mem013" xlink:to="loc_dnb_mem017" order="4" />
    <link:loc xlink:type="locator" xlink:href="mem.xsd#dnb_mem029" xlink:label="loc_dnb_mem029" />
    <link:definitionArc xlink:type="arc" xlink:arcrole="http://xbrl.org/int/dim/arcrole/domain-member" xlink:from="loc_dnb_mem025" xlink:to="loc_dnb_mem029" order="4" />
    <link:loc xlink:type="locator" xlink:href="mem.xsd#dnb_mem038" xlink:label="loc_dnb_mem038" />
    <link:definitionArc xlink:type="arc" xlink:arcrole="http://xbrl.org/int/dim/arcrole/domain-member" xlink:from="loc_dnb_mem034" xlink:to="loc_dnb_mem038" order="4" />
    <link:loc xlink:type="locator" xlink:href="mem.xsd#dnb_mem055" xlink:label="loc_dnb_mem055" />
    <link:definitionArc xlink:type="arc" xlink:arcrole="http://xbrl.org/int/dim/arcrole/domain-member" xlink:from="loc_dnb_mem051" xlink:to="loc_dnb_mem055" order="4" />
    <link:loc xlink:type="locator" xlink:href="mem.xsd#dnb_mem009" xlink:label="loc_dnb_mem009" />
    <link:definitionArc xlink:type="arc" xlink:arcrole="http://xbrl.org/int/dim/arcrole/domain-member" xlink:from="loc_dnb_mem031" xlink:to="loc_dnb_mem009" order="5" />
    <link:loc xlink:type="locator" xlink:href="mem.xsd#dnb_mem018" xlink:label="loc_dnb_mem018" />
    <link:definitionArc xlink:type="arc" xlink:arcrole="http://xbrl.org/int/dim/arcrole/domain-member" xlink:from="loc_dnb_mem013" xlink:to="loc_dnb_mem018" order="5" />
    <link:loc xlink:type="locator" xlink:href="mem.xsd#dnb_mem030" xlink:label="loc_dnb_mem030" />
    <link:definitionArc xlink:type="arc" xlink:arcrole="http://xbrl.org/int/dim/arcrole/domain-member" xlink:from="loc_dnb_mem025" xlink:to="loc_dnb_mem030" order="5" />
    <link:loc xlink:type="locator" xlink:href="mem.xsd#dnb_mem039" xlink:label="loc_dnb_mem039" />
    <link:definitionArc xlink:type="arc" xlink:arcrole="http://xbrl.org/int/dim/arcrole/domain-member" xlink:from="loc_dnb_mem034" xlink:to="loc_dnb_mem039" order="5" />
    <link:loc xlink:type="locator" xlink:href="mem.xsd#dnb_mem056" xlink:label="loc_dnb_mem056" />
    <link:definitionArc xlink:type="arc" xlink:arcrole="http://xbrl.org/int/dim/arcrole/domain-member" xlink:from="loc_dnb_mem051" xlink:to="loc_dnb_mem056" order="5" />
    <link:loc xlink:type="locator" xlink:href="mem.xsd#dnb_mem019" xlink:label="loc_dnb_mem019" />
    <link:definitionArc xlink:type="arc" xlink:arcrole="http://xbrl.org/int/dim/arcrole/domain-member" xlink:from="loc_dnb_mem013" xlink:to="loc_dnb_mem019" order="6" />
    <link:loc xlink:type="locator" xlink:href="mem.xsd#dnb_mem023" xlink:label="loc_dnb_mem023" />
    <link:definitionArc xlink:type="arc" xlink:arcrole="http://xbrl.org/int/dim/arcrole/domain-member" xlink:from="loc_dnb_mem031" xlink:to="loc_dnb_mem023" order="6" />
    <link:loc xlink:type="locator" xlink:href="mem.xsd#dnb_mem024" xlink:label="loc_dnb_mem024" />
    <link:definitionArc xlink:type="arc" xlink:arcrole="http://xbrl.org/int/dim/arcrole/domain-member" xlink:from="loc_dnb_mem031" xlink:to="loc_dnb_mem024" order="7" />
    <link:loc xlink:type="locator" xlink:href="mem.xsd#dnb_mem025" xlink:label="loc_dnb_mem025" />
    <link:definitionArc xlink:type="arc" xlink:arcrole="http://xbrl.org/int/dim/arcrole/domain-member" xlink:from="loc_dnb_mem031" xlink:to="loc_dnb_mem025" order="8" />
    <link:loc xlink:type="locator" xlink:href="mem.xsd#dnb_mem032" xlink:label="loc_dnb_mem032" />
    <link:definitionArc xlink:type="arc" xlink:arcrole="http://xbrl.org/int/dim/arcrole/domain-member" xlink:from="loc_dnb_mem057" xlink:to="loc_dnb_mem032" order="9" />
    <link:loc xlink:type="locator" xlink:href="mem.xsd#dnb_mem040" xlink:label="loc_dnb_mem040" />
    <link:definitionArc xlink:type="arc" xlink:arcrole="http://xbrl.org/int/dim/arcrole/domain-member" xlink:from="loc_dnb_mem057" xlink:to="loc_dnb_mem040" order="10" />
    <link:loc xlink:type="locator" xlink:href="mem.xsd#dnb_mem041" xlink:label="loc_dnb_mem041" />
    <link:definitionArc xlink:type="arc" xlink:arcrole="http://xbrl.org/int/dim/arcrole/domain-member" xlink:from="loc_dnb_mem057" xlink:to="loc_dnb_mem041" order="11" />
    <link:loc xlink:type="locator" xlink:href="mem.xsd#dnb_mem050" xlink:label="loc_dnb_mem050" />
    <link:definitionArc xlink:type="arc" xlink:arcrole="http://xbrl.org/int/dim/arcrole/domain-member" xlink:from="loc_dnb_mem057" xlink:to="loc_dnb_mem050" order="12" />
    <link:loc xlink:type="locator" xlink:href="mem.xsd#dnb_mem051" xlink:label="loc_dnb_mem051" />
    <link:definitionArc xlink:type="arc" xlink:arcrole="http://xbrl.org/int/dim/arcrole/domain-member" xlink:from="loc_dnb_mem057" xlink:to="loc_dnb_mem051" order="13" />
  </link:definitionLink>
  <link:roleRef roleURI="http://www.dnb.nl/xbrl/role/dict/dom/dom028/002" xlink:type="simple" xlink:href="hier.xsd#dnb_002" />
  <link:definitionLink xlink:type="extended" xlink:role="http://www.dnb.nl/xbrl/role/dict/dom/dom028/002">
    <link:loc xlink:type="locator" xlink:href="../exp.xsd#dnb_dom028" xlink:label="loc_dnb_dom028" />
    <link:loc xlink:type="locator" xlink:href="mem.xsd#dnb_mem059" xlink:label="loc_dnb_mem059" />
    <link:definitionArc xlink:type="arc" xlink:arcrole="http://xbrl.org/int/dim/arcrole/domain-member" xlink:from="loc_dnb_dom028" xlink:to="loc_dnb_mem059" order="1" />
    <link:loc xlink:type="locator" xlink:href="mem.xsd#dnb_mem016" xlink:label="loc_dnb_mem016" />
    <link:definitionArc xlink:type="arc" xlink:arcrole="http://xbrl.org/int/dim/arcrole/domain-member" xlink:from="loc_dnb_mem059" xlink:to="loc_dnb_mem016" order="1" />
    <link:loc xlink:type="locator" xlink:href="mem.xsd#dnb_mem020" xlink:label="loc_dnb_mem020" />
    <link:definitionArc xlink:type="arc" xlink:arcrole="http://xbrl.org/int/dim/arcrole/domain-member" xlink:from="loc_dnb_mem019" xlink:to="loc_dnb_mem020" order="1" />
    <link:loc xlink:type="locator" xlink:href="mem.xsd#dnb_mem017" xlink:label="loc_dnb_mem017" />
    <link:definitionArc xlink:type="arc" xlink:arcrole="http://xbrl.org/int/dim/arcrole/domain-member" xlink:from="loc_dnb_mem059" xlink:to="loc_dnb_mem017" order="2" />
    <link:loc xlink:type="locator" xlink:href="mem.xsd#dnb_mem021" xlink:label="loc_dnb_mem021" />
    <link:definitionArc xlink:type="arc" xlink:arcrole="http://xbrl.org/int/dim/arcrole/domain-member" xlink:from="loc_dnb_mem019" xlink:to="loc_dnb_mem021" order="2" />
    <link:loc xlink:type="locator" xlink:href="mem.xsd#dnb_mem018" xlink:label="loc_dnb_mem018" />
    <link:definitionArc xlink:type="arc" xlink:arcrole="http://xbrl.org/int/dim/arcrole/domain-member" xlink:from="loc_dnb_mem059" xlink:to="loc_dnb_mem018" order="3" />
    <link:loc xlink:type="locator" xlink:href="mem.xsd#dnb_mem019" xlink:label="loc_dnb_mem019" />
    <link:definitionArc xlink:type="arc" xlink:arcrole="http://xbrl.org/int/dim/arcrole/domain-member" xlink:from="loc_dnb_mem059" xlink:to="loc_dnb_mem019" order="4" />
  </link:definitionLink>
</link:linkbase>