﻿<?xml version="1.0" encoding="utf-8"?>
<!--© DNB-->
<link:linkbase xmlns:xsi="http://www.w3.org/2001/XMLSchema-instance" xmlns:xlink="http://www.w3.org/1999/xlink" xmlns:link="http://www.xbrl.org/2003/linkbase" xsi:schemaLocation="http://www.xbrl.org/2003/linkbase http://www.xbrl.org/2003/xbrl-linkbase-2003-12-31.xsd">
  <link:labelLink xlink:type="extended" xlink:role="http://www.xbrl.org/2003/role/link">
    <link:loc xlink:type="locator" xlink:href="mem.xsd#dnb_mem000" xlink:label="loc_dnb_mem000" />
    <link:label xlink:type="resource" xlink:label="label_dnb_mem000" xml:lang="en" xlink:role="http://www.xbrl.org/2003/role/label">Not applicable / All or Total</link:label>
    <link:labelArc xlink:type="arc" xlink:arcrole="http://www.xbrl.org/2003/arcrole/concept-label" xlink:from="loc_dnb_mem000" xlink:to="label_dnb_mem000" />
    <link:label xlink:type="resource" xlink:label="label_dnb_mem000_2" xml:lang="en" xlink:role="http://www.xbrl.org/2003/role/documentation">NAP-ALL-TOT</link:label>
    <link:labelArc xlink:type="arc" xlink:arcrole="http://www.xbrl.org/2003/arcrole/concept-label" xlink:from="loc_dnb_mem000" xlink:to="label_dnb_mem000_2" />
    <link:loc xlink:type="locator" xlink:href="mem.xsd#dnb_mem001" xlink:label="loc_dnb_mem001" />
    <link:label xlink:type="resource" xlink:label="label_dnb_mem001" xml:lang="en" xlink:role="http://www.xbrl.org/2003/role/label">Currency in circulation</link:label>
    <link:labelArc xlink:type="arc" xlink:arcrole="http://www.xbrl.org/2003/arcrole/concept-label" xlink:from="loc_dnb_mem001" xlink:to="label_dnb_mem001" />
    <link:label xlink:type="resource" xlink:label="label_dnb_mem001_2" xml:lang="en" xlink:role="http://www.xbrl.org/2003/role/documentation">CURR-CIRCU</link:label>
    <link:labelArc xlink:type="arc" xlink:arcrole="http://www.xbrl.org/2003/arcrole/concept-label" xlink:from="loc_dnb_mem001" xlink:to="label_dnb_mem001_2" />
    <link:loc xlink:type="locator" xlink:href="mem.xsd#dnb_mem002" xlink:label="loc_dnb_mem002" />
    <link:label xlink:type="resource" xlink:label="label_dnb_mem002" xml:lang="en" xlink:role="http://www.xbrl.org/2003/role/label">Shares/ units</link:label>
    <link:labelArc xlink:type="arc" xlink:arcrole="http://www.xbrl.org/2003/arcrole/concept-label" xlink:from="loc_dnb_mem002" xlink:to="label_dnb_mem002" />
    <link:label xlink:type="resource" xlink:label="label_dnb_mem002_2" xml:lang="en" xlink:role="http://www.xbrl.org/2003/role/documentation">SHARS-UNITS</link:label>
    <link:labelArc xlink:type="arc" xlink:arcrole="http://www.xbrl.org/2003/arcrole/concept-label" xlink:from="loc_dnb_mem002" xlink:to="label_dnb_mem002_2" />
    <link:loc xlink:type="locator" xlink:href="mem.xsd#dnb_mem003" xlink:label="loc_dnb_mem003" />
    <link:label xlink:type="resource" xlink:label="label_dnb_mem003" xml:lang="en" xlink:role="http://www.xbrl.org/2003/role/label">Shares and other equities</link:label>
    <link:labelArc xlink:type="arc" xlink:arcrole="http://www.xbrl.org/2003/arcrole/concept-label" xlink:from="loc_dnb_mem003" xlink:to="label_dnb_mem003" />
    <link:label xlink:type="resource" xlink:label="label_dnb_mem003_2" xml:lang="en" xlink:role="http://www.xbrl.org/2003/role/documentation">SHARS-OTHR-EQT</link:label>
    <link:labelArc xlink:type="arc" xlink:arcrole="http://www.xbrl.org/2003/arcrole/concept-label" xlink:from="loc_dnb_mem003" xlink:to="label_dnb_mem003_2" />
    <link:loc xlink:type="locator" xlink:href="mem.xsd#dnb_mem004" xlink:label="loc_dnb_mem004" />
    <link:label xlink:type="resource" xlink:label="label_dnb_mem004" xml:lang="en" xlink:role="http://www.xbrl.org/2003/role/label">Shares held</link:label>
    <link:labelArc xlink:type="arc" xlink:arcrole="http://www.xbrl.org/2003/arcrole/concept-label" xlink:from="loc_dnb_mem004" xlink:to="label_dnb_mem004" />
    <link:label xlink:type="resource" xlink:label="label_dnb_mem004_2" xml:lang="en" xlink:role="http://www.xbrl.org/2003/role/documentation">EQT-SHARS-HLD</link:label>
    <link:labelArc xlink:type="arc" xlink:arcrole="http://www.xbrl.org/2003/arcrole/concept-label" xlink:from="loc_dnb_mem004" xlink:to="label_dnb_mem004_2" />
    <link:loc xlink:type="locator" xlink:href="mem.xsd#dnb_mem005" xlink:label="loc_dnb_mem005" />
    <link:label xlink:type="resource" xlink:label="label_dnb_mem005" xml:lang="en" xlink:role="http://www.xbrl.org/2003/role/label">Listed</link:label>
    <link:labelArc xlink:type="arc" xlink:arcrole="http://www.xbrl.org/2003/arcrole/concept-label" xlink:from="loc_dnb_mem005" xlink:to="label_dnb_mem005" />
    <link:label xlink:type="resource" xlink:label="label_dnb_mem005_2" xml:lang="en" xlink:role="http://www.xbrl.org/2003/role/documentation">EQT-LSTD-SHRS</link:label>
    <link:labelArc xlink:type="arc" xlink:arcrole="http://www.xbrl.org/2003/arcrole/concept-label" xlink:from="loc_dnb_mem005" xlink:to="label_dnb_mem005_2" />
    <link:loc xlink:type="locator" xlink:href="mem.xsd#dnb_mem006" xlink:label="loc_dnb_mem006" />
    <link:label xlink:type="resource" xlink:label="label_dnb_mem006" xml:lang="en" xlink:role="http://www.xbrl.org/2003/role/label">Unlisted</link:label>
    <link:labelArc xlink:type="arc" xlink:arcrole="http://www.xbrl.org/2003/arcrole/concept-label" xlink:from="loc_dnb_mem006" xlink:to="label_dnb_mem006" />
    <link:label xlink:type="resource" xlink:label="label_dnb_mem006_2" xml:lang="en" xlink:role="http://www.xbrl.org/2003/role/documentation">EQT-UNLSTD-SHRS</link:label>
    <link:labelArc xlink:type="arc" xlink:arcrole="http://www.xbrl.org/2003/arcrole/concept-label" xlink:from="loc_dnb_mem006" xlink:to="label_dnb_mem006_2" />
    <link:loc xlink:type="locator" xlink:href="mem.xsd#dnb_mem007" xlink:label="loc_dnb_mem007" />
    <link:label xlink:type="resource" xlink:label="label_dnb_mem007" xml:lang="en" xlink:role="http://www.xbrl.org/2003/role/label">Participations</link:label>
    <link:labelArc xlink:type="arc" xlink:arcrole="http://www.xbrl.org/2003/arcrole/concept-label" xlink:from="loc_dnb_mem007" xlink:to="label_dnb_mem007" />
    <link:label xlink:type="resource" xlink:label="label_dnb_mem007_2" xml:lang="en" xlink:role="http://www.xbrl.org/2003/role/documentation">OTHR-EQT</link:label>
    <link:labelArc xlink:type="arc" xlink:arcrole="http://www.xbrl.org/2003/arcrole/concept-label" xlink:from="loc_dnb_mem007" xlink:to="label_dnb_mem007_2" />
    <link:loc xlink:type="locator" xlink:href="mem.xsd#dnb_mem008" xlink:label="loc_dnb_mem008" />
    <link:label xlink:type="resource" xlink:label="label_dnb_mem008" xml:lang="en" xlink:role="http://www.xbrl.org/2003/role/label">Debt securities held</link:label>
    <link:labelArc xlink:type="arc" xlink:arcrole="http://www.xbrl.org/2003/arcrole/concept-label" xlink:from="loc_dnb_mem008" xlink:to="label_dnb_mem008" />
    <link:label xlink:type="resource" xlink:label="label_dnb_mem008_2" xml:lang="en" xlink:role="http://www.xbrl.org/2003/role/documentation">DEBT-SEC-HLD</link:label>
    <link:labelArc xlink:type="arc" xlink:arcrole="http://www.xbrl.org/2003/arcrole/concept-label" xlink:from="loc_dnb_mem008" xlink:to="label_dnb_mem008_2" />
    <link:loc xlink:type="locator" xlink:href="mem.xsd#dnb_mem009" xlink:label="loc_dnb_mem009" />
    <link:label xlink:type="resource" xlink:label="label_dnb_mem009" xml:lang="en" xlink:role="http://www.xbrl.org/2003/role/label">Loans granted and deposits placed</link:label>
    <link:labelArc xlink:type="arc" xlink:arcrole="http://www.xbrl.org/2003/arcrole/concept-label" xlink:from="loc_dnb_mem009" xlink:to="label_dnb_mem009" />
    <link:label xlink:type="resource" xlink:label="label_dnb_mem009_2" xml:lang="en" xlink:role="http://www.xbrl.org/2003/role/documentation">LNS-GR-DEP-PL</link:label>
    <link:labelArc xlink:type="arc" xlink:arcrole="http://www.xbrl.org/2003/arcrole/concept-label" xlink:from="loc_dnb_mem009" xlink:to="label_dnb_mem009_2" />
    <link:loc xlink:type="locator" xlink:href="mem.xsd#dnb_mem010" xlink:label="loc_dnb_mem010" />
    <link:label xlink:type="resource" xlink:label="label_dnb_mem010" xml:lang="en" xlink:role="http://www.xbrl.org/2003/role/label">Deposits placed</link:label>
    <link:labelArc xlink:type="arc" xlink:arcrole="http://www.xbrl.org/2003/arcrole/concept-label" xlink:from="loc_dnb_mem010" xlink:to="label_dnb_mem010" />
    <link:label xlink:type="resource" xlink:label="label_dnb_mem010_2" xml:lang="en" xlink:role="http://www.xbrl.org/2003/role/documentation">DEP-PLACED</link:label>
    <link:labelArc xlink:type="arc" xlink:arcrole="http://www.xbrl.org/2003/arcrole/concept-label" xlink:from="loc_dnb_mem010" xlink:to="label_dnb_mem010_2" />
    <link:loc xlink:type="locator" xlink:href="mem.xsd#dnb_mem011" xlink:label="loc_dnb_mem011" />
    <link:label xlink:type="resource" xlink:label="label_dnb_mem011" xml:lang="en" xlink:role="http://www.xbrl.org/2003/role/label">Overnight deposits assets</link:label>
    <link:labelArc xlink:type="arc" xlink:arcrole="http://www.xbrl.org/2003/arcrole/concept-label" xlink:from="loc_dnb_mem011" xlink:to="label_dnb_mem011" />
    <link:label xlink:type="resource" xlink:label="label_dnb_mem011_2" xml:lang="en" xlink:role="http://www.xbrl.org/2003/role/documentation">OVRNGHT-DEP-A</link:label>
    <link:labelArc xlink:type="arc" xlink:arcrole="http://www.xbrl.org/2003/arcrole/concept-label" xlink:from="loc_dnb_mem011" xlink:to="label_dnb_mem011_2" />
    <link:loc xlink:type="locator" xlink:href="mem.xsd#dnb_mem012" xlink:label="loc_dnb_mem012" />
    <link:label xlink:type="resource" xlink:label="label_dnb_mem012" xml:lang="en" xlink:role="http://www.xbrl.org/2003/role/label">Other deposits placed</link:label>
    <link:labelArc xlink:type="arc" xlink:arcrole="http://www.xbrl.org/2003/arcrole/concept-label" xlink:from="loc_dnb_mem012" xlink:to="label_dnb_mem012" />
    <link:label xlink:type="resource" xlink:label="label_dnb_mem012_2" xml:lang="en" xlink:role="http://www.xbrl.org/2003/role/documentation">OTHR-DEP-PL</link:label>
    <link:labelArc xlink:type="arc" xlink:arcrole="http://www.xbrl.org/2003/arcrole/concept-label" xlink:from="loc_dnb_mem012" xlink:to="label_dnb_mem012_2" />
    <link:loc xlink:type="locator" xlink:href="mem.xsd#dnb_mem013" xlink:label="loc_dnb_mem013" />
    <link:label xlink:type="resource" xlink:label="label_dnb_mem013" xml:lang="en" xlink:role="http://www.xbrl.org/2003/role/label">Loans granted</link:label>
    <link:labelArc xlink:type="arc" xlink:arcrole="http://www.xbrl.org/2003/arcrole/concept-label" xlink:from="loc_dnb_mem013" xlink:to="label_dnb_mem013" />
    <link:label xlink:type="resource" xlink:label="label_dnb_mem013_2" xml:lang="en" xlink:role="http://www.xbrl.org/2003/role/documentation">LNS-GRANTD</link:label>
    <link:labelArc xlink:type="arc" xlink:arcrole="http://www.xbrl.org/2003/arcrole/concept-label" xlink:from="loc_dnb_mem013" xlink:to="label_dnb_mem013_2" />
    <link:loc xlink:type="locator" xlink:href="mem.xsd#dnb_mem014" xlink:label="loc_dnb_mem014" />
    <link:label xlink:type="resource" xlink:label="label_dnb_mem014" xml:lang="en" xlink:role="http://www.xbrl.org/2003/role/label">Loans</link:label>
    <link:labelArc xlink:type="arc" xlink:arcrole="http://www.xbrl.org/2003/arcrole/concept-label" xlink:from="loc_dnb_mem014" xlink:to="label_dnb_mem014" />
    <link:label xlink:type="resource" xlink:label="label_dnb_mem014_2" xml:lang="en" xlink:role="http://www.xbrl.org/2003/role/documentation">LNS</link:label>
    <link:labelArc xlink:type="arc" xlink:arcrole="http://www.xbrl.org/2003/arcrole/concept-label" xlink:from="loc_dnb_mem014" xlink:to="label_dnb_mem014_2" />
    <link:loc xlink:type="locator" xlink:href="mem.xsd#dnb_mem015" xlink:label="loc_dnb_mem015" />
    <link:label xlink:type="resource" xlink:label="label_dnb_mem015" xml:lang="en" xlink:role="http://www.xbrl.org/2003/role/label">Loans for house purchases</link:label>
    <link:labelArc xlink:type="arc" xlink:arcrole="http://www.xbrl.org/2003/arcrole/concept-label" xlink:from="loc_dnb_mem015" xlink:to="label_dnb_mem015" />
    <link:label xlink:type="resource" xlink:label="label_dnb_mem015_2" xml:lang="en" xlink:role="http://www.xbrl.org/2003/role/documentation">HS-PURCHASE</link:label>
    <link:labelArc xlink:type="arc" xlink:arcrole="http://www.xbrl.org/2003/arcrole/concept-label" xlink:from="loc_dnb_mem015" xlink:to="label_dnb_mem015_2" />
    <link:loc xlink:type="locator" xlink:href="mem.xsd#dnb_mem016" xlink:label="loc_dnb_mem016" />
    <link:label xlink:type="resource" xlink:label="label_dnb_mem016" xml:lang="en" xlink:role="http://www.xbrl.org/2003/role/label">Loans for consumption (personal)</link:label>
    <link:labelArc xlink:type="arc" xlink:arcrole="http://www.xbrl.org/2003/arcrole/concept-label" xlink:from="loc_dnb_mem016" xlink:to="label_dnb_mem016" />
    <link:label xlink:type="resource" xlink:label="label_dnb_mem016_2" xml:lang="en" xlink:role="http://www.xbrl.org/2003/role/documentation">PERS-LNS</link:label>
    <link:labelArc xlink:type="arc" xlink:arcrole="http://www.xbrl.org/2003/arcrole/concept-label" xlink:from="loc_dnb_mem016" xlink:to="label_dnb_mem016_2" />
    <link:loc xlink:type="locator" xlink:href="mem.xsd#dnb_mem017" xlink:label="loc_dnb_mem017" />
    <link:label xlink:type="resource" xlink:label="label_dnb_mem017" xml:lang="en" xlink:role="http://www.xbrl.org/2003/role/label">Revolving loans</link:label>
    <link:labelArc xlink:type="arc" xlink:arcrole="http://www.xbrl.org/2003/arcrole/concept-label" xlink:from="loc_dnb_mem017" xlink:to="label_dnb_mem017" />
    <link:label xlink:type="resource" xlink:label="label_dnb_mem017_2" xml:lang="en" xlink:role="http://www.xbrl.org/2003/role/documentation">REVOL-LNS</link:label>
    <link:labelArc xlink:type="arc" xlink:arcrole="http://www.xbrl.org/2003/arcrole/concept-label" xlink:from="loc_dnb_mem017" xlink:to="label_dnb_mem017_2" />
    <link:loc xlink:type="locator" xlink:href="mem.xsd#dnb_mem018" xlink:label="loc_dnb_mem018" />
    <link:label xlink:type="resource" xlink:label="label_dnb_mem018" xml:lang="en" xlink:role="http://www.xbrl.org/2003/role/label">Overdrafts</link:label>
    <link:labelArc xlink:type="arc" xlink:arcrole="http://www.xbrl.org/2003/arcrole/concept-label" xlink:from="loc_dnb_mem018" xlink:to="label_dnb_mem018" />
    <link:label xlink:type="resource" xlink:label="label_dnb_mem018_2" xml:lang="en" xlink:role="http://www.xbrl.org/2003/role/documentation">OVERDRAFT</link:label>
    <link:labelArc xlink:type="arc" xlink:arcrole="http://www.xbrl.org/2003/arcrole/concept-label" xlink:from="loc_dnb_mem018" xlink:to="label_dnb_mem018_2" />
    <link:loc xlink:type="locator" xlink:href="mem.xsd#dnb_mem019" xlink:label="loc_dnb_mem019" />
    <link:label xlink:type="resource" xlink:label="label_dnb_mem019" xml:lang="en" xlink:role="http://www.xbrl.org/2003/role/label">Credit cards</link:label>
    <link:labelArc xlink:type="arc" xlink:arcrole="http://www.xbrl.org/2003/arcrole/concept-label" xlink:from="loc_dnb_mem019" xlink:to="label_dnb_mem019" />
    <link:label xlink:type="resource" xlink:label="label_dnb_mem019_2" xml:lang="en" xlink:role="http://www.xbrl.org/2003/role/documentation">CRED-CARDS</link:label>
    <link:labelArc xlink:type="arc" xlink:arcrole="http://www.xbrl.org/2003/arcrole/concept-label" xlink:from="loc_dnb_mem019" xlink:to="label_dnb_mem019_2" />
    <link:loc xlink:type="locator" xlink:href="mem.xsd#dnb_mem020" xlink:label="loc_dnb_mem020" />
    <link:label xlink:type="resource" xlink:label="label_dnb_mem020" xml:lang="en" xlink:role="http://www.xbrl.org/2003/role/label">Convenience credit</link:label>
    <link:labelArc xlink:type="arc" xlink:arcrole="http://www.xbrl.org/2003/arcrole/concept-label" xlink:from="loc_dnb_mem020" xlink:to="label_dnb_mem020" />
    <link:label xlink:type="resource" xlink:label="label_dnb_mem020_2" xml:lang="en" xlink:role="http://www.xbrl.org/2003/role/documentation">CONV-CREDIT</link:label>
    <link:labelArc xlink:type="arc" xlink:arcrole="http://www.xbrl.org/2003/arcrole/concept-label" xlink:from="loc_dnb_mem020" xlink:to="label_dnb_mem020_2" />
    <link:loc xlink:type="locator" xlink:href="mem.xsd#dnb_mem021" xlink:label="loc_dnb_mem021" />
    <link:label xlink:type="resource" xlink:label="label_dnb_mem021" xml:lang="en" xlink:role="http://www.xbrl.org/2003/role/label">Extended credit</link:label>
    <link:labelArc xlink:type="arc" xlink:arcrole="http://www.xbrl.org/2003/arcrole/concept-label" xlink:from="loc_dnb_mem021" xlink:to="label_dnb_mem021" />
    <link:label xlink:type="resource" xlink:label="label_dnb_mem021_2" xml:lang="en" xlink:role="http://www.xbrl.org/2003/role/documentation">EXTND-CREDIT</link:label>
    <link:labelArc xlink:type="arc" xlink:arcrole="http://www.xbrl.org/2003/arcrole/concept-label" xlink:from="loc_dnb_mem021" xlink:to="label_dnb_mem021_2" />
    <link:loc xlink:type="locator" xlink:href="mem.xsd#dnb_mem022" xlink:label="loc_dnb_mem022" />
    <link:label xlink:type="resource" xlink:label="label_dnb_mem022" xml:lang="en" xlink:role="http://www.xbrl.org/2003/role/label">Other loans</link:label>
    <link:labelArc xlink:type="arc" xlink:arcrole="http://www.xbrl.org/2003/arcrole/concept-label" xlink:from="loc_dnb_mem022" xlink:to="label_dnb_mem022" />
    <link:label xlink:type="resource" xlink:label="label_dnb_mem022_2" xml:lang="en" xlink:role="http://www.xbrl.org/2003/role/documentation">OTHR-LNS</link:label>
    <link:labelArc xlink:type="arc" xlink:arcrole="http://www.xbrl.org/2003/arcrole/concept-label" xlink:from="loc_dnb_mem022" xlink:to="label_dnb_mem022_2" />
    <link:loc xlink:type="locator" xlink:href="mem.xsd#dnb_mem023" xlink:label="loc_dnb_mem023" />
    <link:label xlink:type="resource" xlink:label="label_dnb_mem023" xml:lang="en" xlink:role="http://www.xbrl.org/2003/role/label">Non-financial assets</link:label>
    <link:labelArc xlink:type="arc" xlink:arcrole="http://www.xbrl.org/2003/arcrole/concept-label" xlink:from="loc_dnb_mem023" xlink:to="label_dnb_mem023" />
    <link:label xlink:type="resource" xlink:label="label_dnb_mem023_2" xml:lang="en" xlink:role="http://www.xbrl.org/2003/role/documentation">NON-FIN-ASSETS</link:label>
    <link:labelArc xlink:type="arc" xlink:arcrole="http://www.xbrl.org/2003/arcrole/concept-label" xlink:from="loc_dnb_mem023" xlink:to="label_dnb_mem023_2" />
    <link:loc xlink:type="locator" xlink:href="mem.xsd#dnb_mem024" xlink:label="loc_dnb_mem024" />
    <link:label xlink:type="resource" xlink:label="label_dnb_mem024" xml:lang="en" xlink:role="http://www.xbrl.org/2003/role/label">Financial derivatives assets</link:label>
    <link:labelArc xlink:type="arc" xlink:arcrole="http://www.xbrl.org/2003/arcrole/concept-label" xlink:from="loc_dnb_mem024" xlink:to="label_dnb_mem024" />
    <link:label xlink:type="resource" xlink:label="label_dnb_mem024_2" xml:lang="en" xlink:role="http://www.xbrl.org/2003/role/documentation">FIN-DER-A</link:label>
    <link:labelArc xlink:type="arc" xlink:arcrole="http://www.xbrl.org/2003/arcrole/concept-label" xlink:from="loc_dnb_mem024" xlink:to="label_dnb_mem024_2" />
    <link:loc xlink:type="locator" xlink:href="mem.xsd#dnb_mem025" xlink:label="loc_dnb_mem025" />
    <link:label xlink:type="resource" xlink:label="label_dnb_mem025" xml:lang="en" xlink:role="http://www.xbrl.org/2003/role/label">Other assets</link:label>
    <link:labelArc xlink:type="arc" xlink:arcrole="http://www.xbrl.org/2003/arcrole/concept-label" xlink:from="loc_dnb_mem025" xlink:to="label_dnb_mem025" />
    <link:label xlink:type="resource" xlink:label="label_dnb_mem025_2" xml:lang="en" xlink:role="http://www.xbrl.org/2003/role/documentation">OTHR-ASSETS</link:label>
    <link:labelArc xlink:type="arc" xlink:arcrole="http://www.xbrl.org/2003/arcrole/concept-label" xlink:from="loc_dnb_mem025" xlink:to="label_dnb_mem025_2" />
    <link:loc xlink:type="locator" xlink:href="mem.xsd#dnb_mem026" xlink:label="loc_dnb_mem026" />
    <link:label xlink:type="resource" xlink:label="label_dnb_mem026" xml:lang="en" xlink:role="http://www.xbrl.org/2003/role/label">Accrued interest receivable on securities</link:label>
    <link:labelArc xlink:type="arc" xlink:arcrole="http://www.xbrl.org/2003/arcrole/concept-label" xlink:from="loc_dnb_mem026" xlink:to="label_dnb_mem026" />
    <link:label xlink:type="resource" xlink:label="label_dnb_mem026_2" xml:lang="en" xlink:role="http://www.xbrl.org/2003/role/documentation">ACCR-INT-SEC-RECV</link:label>
    <link:labelArc xlink:type="arc" xlink:arcrole="http://www.xbrl.org/2003/arcrole/concept-label" xlink:from="loc_dnb_mem026" xlink:to="label_dnb_mem026_2" />
    <link:loc xlink:type="locator" xlink:href="mem.xsd#dnb_mem027" xlink:label="loc_dnb_mem027" />
    <link:label xlink:type="resource" xlink:label="label_dnb_mem027" xml:lang="en" xlink:role="http://www.xbrl.org/2003/role/label">Accrued interest receivable on loans</link:label>
    <link:labelArc xlink:type="arc" xlink:arcrole="http://www.xbrl.org/2003/arcrole/concept-label" xlink:from="loc_dnb_mem027" xlink:to="label_dnb_mem027" />
    <link:label xlink:type="resource" xlink:label="label_dnb_mem027_2" xml:lang="en" xlink:role="http://www.xbrl.org/2003/role/documentation">ACCR-INT-LNS-RECV</link:label>
    <link:labelArc xlink:type="arc" xlink:arcrole="http://www.xbrl.org/2003/arcrole/concept-label" xlink:from="loc_dnb_mem027" xlink:to="label_dnb_mem027_2" />
    <link:loc xlink:type="locator" xlink:href="mem.xsd#dnb_mem028" xlink:label="loc_dnb_mem028" />
    <link:label xlink:type="resource" xlink:label="label_dnb_mem028" xml:lang="en" xlink:role="http://www.xbrl.org/2003/role/label">Goodwill</link:label>
    <link:labelArc xlink:type="arc" xlink:arcrole="http://www.xbrl.org/2003/arcrole/concept-label" xlink:from="loc_dnb_mem028" xlink:to="label_dnb_mem028" />
    <link:label xlink:type="resource" xlink:label="label_dnb_mem028_2" xml:lang="en" xlink:role="http://www.xbrl.org/2003/role/documentation">GOODWILL</link:label>
    <link:labelArc xlink:type="arc" xlink:arcrole="http://www.xbrl.org/2003/arcrole/concept-label" xlink:from="loc_dnb_mem028" xlink:to="label_dnb_mem028_2" />
    <link:loc xlink:type="locator" xlink:href="mem.xsd#dnb_mem029" xlink:label="loc_dnb_mem029" />
    <link:label xlink:type="resource" xlink:label="label_dnb_mem029" xml:lang="en" xlink:role="http://www.xbrl.org/2003/role/label">Transit items assets</link:label>
    <link:labelArc xlink:type="arc" xlink:arcrole="http://www.xbrl.org/2003/arcrole/concept-label" xlink:from="loc_dnb_mem029" xlink:to="label_dnb_mem029" />
    <link:label xlink:type="resource" xlink:label="label_dnb_mem029_2" xml:lang="en" xlink:role="http://www.xbrl.org/2003/role/documentation">TRANST-ITMS-A</link:label>
    <link:labelArc xlink:type="arc" xlink:arcrole="http://www.xbrl.org/2003/arcrole/concept-label" xlink:from="loc_dnb_mem029" xlink:to="label_dnb_mem029_2" />
    <link:loc xlink:type="locator" xlink:href="mem.xsd#dnb_mem030" xlink:label="loc_dnb_mem030" />
    <link:label xlink:type="resource" xlink:label="label_dnb_mem030" xml:lang="en" xlink:role="http://www.xbrl.org/2003/role/label">Non classified other assets</link:label>
    <link:labelArc xlink:type="arc" xlink:arcrole="http://www.xbrl.org/2003/arcrole/concept-label" xlink:from="loc_dnb_mem030" xlink:to="label_dnb_mem030" />
    <link:label xlink:type="resource" xlink:label="label_dnb_mem030_2" xml:lang="en" xlink:role="http://www.xbrl.org/2003/role/documentation">NON-CLAS-OTHR-A</link:label>
    <link:labelArc xlink:type="arc" xlink:arcrole="http://www.xbrl.org/2003/arcrole/concept-label" xlink:from="loc_dnb_mem030" xlink:to="label_dnb_mem030_2" />
    <link:loc xlink:type="locator" xlink:href="mem.xsd#dnb_mem031" xlink:label="loc_dnb_mem031" />
    <link:label xlink:type="resource" xlink:label="label_dnb_mem031" xml:lang="en" xlink:role="http://www.xbrl.org/2003/role/label">Total assets</link:label>
    <link:labelArc xlink:type="arc" xlink:arcrole="http://www.xbrl.org/2003/arcrole/concept-label" xlink:from="loc_dnb_mem031" xlink:to="label_dnb_mem031" />
    <link:label xlink:type="resource" xlink:label="label_dnb_mem031_2" xml:lang="en" xlink:role="http://www.xbrl.org/2003/role/documentation">TOT-ASSETS</link:label>
    <link:labelArc xlink:type="arc" xlink:arcrole="http://www.xbrl.org/2003/arcrole/concept-label" xlink:from="loc_dnb_mem031" xlink:to="label_dnb_mem031_2" />
    <link:loc xlink:type="locator" xlink:href="mem.xsd#dnb_mem032" xlink:label="loc_dnb_mem032" />
    <link:label xlink:type="resource" xlink:label="label_dnb_mem032" xml:lang="en" xlink:role="http://www.xbrl.org/2003/role/label">Capital and reserves</link:label>
    <link:labelArc xlink:type="arc" xlink:arcrole="http://www.xbrl.org/2003/arcrole/concept-label" xlink:from="loc_dnb_mem032" xlink:to="label_dnb_mem032" />
    <link:label xlink:type="resource" xlink:label="label_dnb_mem032_2" xml:lang="en" xlink:role="http://www.xbrl.org/2003/role/documentation">CAP-RES</link:label>
    <link:labelArc xlink:type="arc" xlink:arcrole="http://www.xbrl.org/2003/arcrole/concept-label" xlink:from="loc_dnb_mem032" xlink:to="label_dnb_mem032_2" />
    <link:loc xlink:type="locator" xlink:href="mem.xsd#dnb_mem033" xlink:label="loc_dnb_mem033" />
    <link:label xlink:type="resource" xlink:label="label_dnb_mem033" xml:lang="en" xlink:role="http://www.xbrl.org/2003/role/label">Shares / participations issued by money market funds</link:label>
    <link:labelArc xlink:type="arc" xlink:arcrole="http://www.xbrl.org/2003/arcrole/concept-label" xlink:from="loc_dnb_mem033" xlink:to="label_dnb_mem033" />
    <link:label xlink:type="resource" xlink:label="label_dnb_mem033_2" xml:lang="en" xlink:role="http://www.xbrl.org/2003/role/documentation">SHARS-UNITS</link:label>
    <link:labelArc xlink:type="arc" xlink:arcrole="http://www.xbrl.org/2003/arcrole/concept-label" xlink:from="loc_dnb_mem033" xlink:to="label_dnb_mem033_2" />
    <link:loc xlink:type="locator" xlink:href="mem.xsd#dnb_mem034" xlink:label="loc_dnb_mem034" />
    <link:label xlink:type="resource" xlink:label="label_dnb_mem034" xml:lang="en" xlink:role="http://www.xbrl.org/2003/role/label">Equity capital of associates</link:label>
    <link:labelArc xlink:type="arc" xlink:arcrole="http://www.xbrl.org/2003/arcrole/concept-label" xlink:from="loc_dnb_mem034" xlink:to="label_dnb_mem034" />
    <link:label xlink:type="resource" xlink:label="label_dnb_mem034_2" xml:lang="en" xlink:role="http://www.xbrl.org/2003/role/documentation">EQT-CAP-ASS</link:label>
    <link:labelArc xlink:type="arc" xlink:arcrole="http://www.xbrl.org/2003/arcrole/concept-label" xlink:from="loc_dnb_mem034" xlink:to="label_dnb_mem034_2" />
    <link:loc xlink:type="locator" xlink:href="mem.xsd#dnb_mem035" xlink:label="loc_dnb_mem035" />
    <link:label xlink:type="resource" xlink:label="label_dnb_mem035" xml:lang="en" xlink:role="http://www.xbrl.org/2003/role/label">Accrued equity capital of associates including agio</link:label>
    <link:labelArc xlink:type="arc" xlink:arcrole="http://www.xbrl.org/2003/arcrole/concept-label" xlink:from="loc_dnb_mem035" xlink:to="label_dnb_mem035" />
    <link:label xlink:type="resource" xlink:label="label_dnb_mem035_2" xml:lang="en" xlink:role="http://www.xbrl.org/2003/role/documentation">ACCR-EQT-CAP-ASS</link:label>
    <link:labelArc xlink:type="arc" xlink:arcrole="http://www.xbrl.org/2003/arcrole/concept-label" xlink:from="loc_dnb_mem035" xlink:to="label_dnb_mem035_2" />
    <link:loc xlink:type="locator" xlink:href="mem.xsd#dnb_mem036" xlink:label="loc_dnb_mem036" />
    <link:label xlink:type="resource" xlink:label="label_dnb_mem036" xml:lang="en" xlink:role="http://www.xbrl.org/2003/role/label">Profit (or loss) as recorded in the profit and loss account</link:label>
    <link:labelArc xlink:type="arc" xlink:arcrole="http://www.xbrl.org/2003/arcrole/concept-label" xlink:from="loc_dnb_mem036" xlink:to="label_dnb_mem036" />
    <link:label xlink:type="resource" xlink:label="label_dnb_mem036_2" xml:lang="en" xlink:role="http://www.xbrl.org/2003/role/documentation">PROFIT-LOSS</link:label>
    <link:labelArc xlink:type="arc" xlink:arcrole="http://www.xbrl.org/2003/arcrole/concept-label" xlink:from="loc_dnb_mem036" xlink:to="label_dnb_mem036_2" />
    <link:loc xlink:type="locator" xlink:href="mem.xsd#dnb_mem037" xlink:label="loc_dnb_mem037" />
    <link:label xlink:type="resource" xlink:label="label_dnb_mem037" xml:lang="en" xlink:role="http://www.xbrl.org/2003/role/label">Income and expenses processed directly in equity of associates</link:label>
    <link:labelArc xlink:type="arc" xlink:arcrole="http://www.xbrl.org/2003/arcrole/concept-label" xlink:from="loc_dnb_mem037" xlink:to="label_dnb_mem037" />
    <link:label xlink:type="resource" xlink:label="label_dnb_mem037_2" xml:lang="en" xlink:role="http://www.xbrl.org/2003/role/documentation">INC-EXPS-EQT-ASS</link:label>
    <link:labelArc xlink:type="arc" xlink:arcrole="http://www.xbrl.org/2003/arcrole/concept-label" xlink:from="loc_dnb_mem037" xlink:to="label_dnb_mem037_2" />
    <link:loc xlink:type="locator" xlink:href="mem.xsd#dnb_mem038" xlink:label="loc_dnb_mem038" />
    <link:label xlink:type="resource" xlink:label="label_dnb_mem038" xml:lang="en" xlink:role="http://www.xbrl.org/2003/role/label">Unpaid earnings or funds (including general and specific reserves)</link:label>
    <link:labelArc xlink:type="arc" xlink:arcrole="http://www.xbrl.org/2003/arcrole/concept-label" xlink:from="loc_dnb_mem038" xlink:to="label_dnb_mem038" />
    <link:label xlink:type="resource" xlink:label="label_dnb_mem038_2" xml:lang="en" xlink:role="http://www.xbrl.org/2003/role/documentation">UNPD-EARN-FUNDS</link:label>
    <link:labelArc xlink:type="arc" xlink:arcrole="http://www.xbrl.org/2003/arcrole/concept-label" xlink:from="loc_dnb_mem038" xlink:to="label_dnb_mem038_2" />
    <link:loc xlink:type="locator" xlink:href="mem.xsd#dnb_mem039" xlink:label="loc_dnb_mem039" />
    <link:label xlink:type="resource" xlink:label="label_dnb_mem039" xml:lang="en" xlink:role="http://www.xbrl.org/2003/role/label">Provisions</link:label>
    <link:labelArc xlink:type="arc" xlink:arcrole="http://www.xbrl.org/2003/arcrole/concept-label" xlink:from="loc_dnb_mem039" xlink:to="label_dnb_mem039" />
    <link:label xlink:type="resource" xlink:label="label_dnb_mem039_2" xml:lang="en" xlink:role="http://www.xbrl.org/2003/role/documentation">PROVISIONS</link:label>
    <link:labelArc xlink:type="arc" xlink:arcrole="http://www.xbrl.org/2003/arcrole/concept-label" xlink:from="loc_dnb_mem039" xlink:to="label_dnb_mem039_2" />
    <link:loc xlink:type="locator" xlink:href="mem.xsd#dnb_mem040" xlink:label="loc_dnb_mem040" />
    <link:label xlink:type="resource" xlink:label="label_dnb_mem040" xml:lang="en" xlink:role="http://www.xbrl.org/2003/role/label">Debt securities issued</link:label>
    <link:labelArc xlink:type="arc" xlink:arcrole="http://www.xbrl.org/2003/arcrole/concept-label" xlink:from="loc_dnb_mem040" xlink:to="label_dnb_mem040" />
    <link:label xlink:type="resource" xlink:label="label_dnb_mem040_2" xml:lang="en" xlink:role="http://www.xbrl.org/2003/role/documentation">DEBT-SEC-ISSD</link:label>
    <link:labelArc xlink:type="arc" xlink:arcrole="http://www.xbrl.org/2003/arcrole/concept-label" xlink:from="loc_dnb_mem040" xlink:to="label_dnb_mem040_2" />
    <link:loc xlink:type="locator" xlink:href="mem.xsd#dnb_mem041" xlink:label="loc_dnb_mem041" />
    <link:label xlink:type="resource" xlink:label="label_dnb_mem041" xml:lang="en" xlink:role="http://www.xbrl.org/2003/role/label">Loans and deposits received</link:label>
    <link:labelArc xlink:type="arc" xlink:arcrole="http://www.xbrl.org/2003/arcrole/concept-label" xlink:from="loc_dnb_mem041" xlink:to="label_dnb_mem041" />
    <link:label xlink:type="resource" xlink:label="label_dnb_mem041_2" xml:lang="en" xlink:role="http://www.xbrl.org/2003/role/documentation">LNS-DEP-RECVD</link:label>
    <link:labelArc xlink:type="arc" xlink:arcrole="http://www.xbrl.org/2003/arcrole/concept-label" xlink:from="loc_dnb_mem041" xlink:to="label_dnb_mem041_2" />
    <link:loc xlink:type="locator" xlink:href="mem.xsd#dnb_mem042" xlink:label="loc_dnb_mem042" />
    <link:label xlink:type="resource" xlink:label="label_dnb_mem042" xml:lang="en" xlink:role="http://www.xbrl.org/2003/role/label">Deposits received</link:label>
    <link:labelArc xlink:type="arc" xlink:arcrole="http://www.xbrl.org/2003/arcrole/concept-label" xlink:from="loc_dnb_mem042" xlink:to="label_dnb_mem042" />
    <link:label xlink:type="resource" xlink:label="label_dnb_mem042_2" xml:lang="en" xlink:role="http://www.xbrl.org/2003/role/documentation">DEP-RECVD</link:label>
    <link:labelArc xlink:type="arc" xlink:arcrole="http://www.xbrl.org/2003/arcrole/concept-label" xlink:from="loc_dnb_mem042" xlink:to="label_dnb_mem042_2" />
    <link:loc xlink:type="locator" xlink:href="mem.xsd#dnb_mem043" xlink:label="loc_dnb_mem043" />
    <link:label xlink:type="resource" xlink:label="label_dnb_mem043" xml:lang="en" xlink:role="http://www.xbrl.org/2003/role/label">Overnight deposits liabilities</link:label>
    <link:labelArc xlink:type="arc" xlink:arcrole="http://www.xbrl.org/2003/arcrole/concept-label" xlink:from="loc_dnb_mem043" xlink:to="label_dnb_mem043" />
    <link:label xlink:type="resource" xlink:label="label_dnb_mem043_2" xml:lang="en" xlink:role="http://www.xbrl.org/2003/role/documentation">OVRNGHT-DEP-L</link:label>
    <link:labelArc xlink:type="arc" xlink:arcrole="http://www.xbrl.org/2003/arcrole/concept-label" xlink:from="loc_dnb_mem043" xlink:to="label_dnb_mem043_2" />
    <link:loc xlink:type="locator" xlink:href="mem.xsd#dnb_mem044" xlink:label="loc_dnb_mem044" />
    <link:label xlink:type="resource" xlink:label="label_dnb_mem044" xml:lang="en" xlink:role="http://www.xbrl.org/2003/role/label">Other deposits received</link:label>
    <link:labelArc xlink:type="arc" xlink:arcrole="http://www.xbrl.org/2003/arcrole/concept-label" xlink:from="loc_dnb_mem044" xlink:to="label_dnb_mem044" />
    <link:label xlink:type="resource" xlink:label="label_dnb_mem044_2" xml:lang="en" xlink:role="http://www.xbrl.org/2003/role/documentation">OTHR-DEP-RECVD</link:label>
    <link:labelArc xlink:type="arc" xlink:arcrole="http://www.xbrl.org/2003/arcrole/concept-label" xlink:from="loc_dnb_mem044" xlink:to="label_dnb_mem044_2" />
    <link:loc xlink:type="locator" xlink:href="mem.xsd#dnb_mem045" xlink:label="loc_dnb_mem045" />
    <link:label xlink:type="resource" xlink:label="label_dnb_mem045" xml:lang="en" xlink:role="http://www.xbrl.org/2003/role/label">Deposits with agreed maturity</link:label>
    <link:labelArc xlink:type="arc" xlink:arcrole="http://www.xbrl.org/2003/arcrole/concept-label" xlink:from="loc_dnb_mem045" xlink:to="label_dnb_mem045" />
    <link:label xlink:type="resource" xlink:label="label_dnb_mem045_2" xml:lang="en" xlink:role="http://www.xbrl.org/2003/role/documentation">DEP-AGRD-MAT</link:label>
    <link:labelArc xlink:type="arc" xlink:arcrole="http://www.xbrl.org/2003/arcrole/concept-label" xlink:from="loc_dnb_mem045" xlink:to="label_dnb_mem045_2" />
    <link:loc xlink:type="locator" xlink:href="mem.xsd#dnb_mem046" xlink:label="loc_dnb_mem046" />
    <link:label xlink:type="resource" xlink:label="label_dnb_mem046" xml:lang="en" xlink:role="http://www.xbrl.org/2003/role/label">Deposits redeemable at notice</link:label>
    <link:labelArc xlink:type="arc" xlink:arcrole="http://www.xbrl.org/2003/arcrole/concept-label" xlink:from="loc_dnb_mem046" xlink:to="label_dnb_mem046" />
    <link:label xlink:type="resource" xlink:label="label_dnb_mem046_2" xml:lang="en" xlink:role="http://www.xbrl.org/2003/role/documentation">DEP-REDMBL-NTC</link:label>
    <link:labelArc xlink:type="arc" xlink:arcrole="http://www.xbrl.org/2003/arcrole/concept-label" xlink:from="loc_dnb_mem046" xlink:to="label_dnb_mem046_2" />
    <link:loc xlink:type="locator" xlink:href="mem.xsd#dnb_mem047" xlink:label="loc_dnb_mem047" />
    <link:label xlink:type="resource" xlink:label="label_dnb_mem047" xml:lang="en" xlink:role="http://www.xbrl.org/2003/role/label">Repos liabilities</link:label>
    <link:labelArc xlink:type="arc" xlink:arcrole="http://www.xbrl.org/2003/arcrole/concept-label" xlink:from="loc_dnb_mem047" xlink:to="label_dnb_mem047" />
    <link:label xlink:type="resource" xlink:label="label_dnb_mem047_2" xml:lang="en" xlink:role="http://www.xbrl.org/2003/role/documentation">REPOS-L</link:label>
    <link:labelArc xlink:type="arc" xlink:arcrole="http://www.xbrl.org/2003/arcrole/concept-label" xlink:from="loc_dnb_mem047" xlink:to="label_dnb_mem047_2" />
    <link:loc xlink:type="locator" xlink:href="mem.xsd#dnb_mem048" xlink:label="loc_dnb_mem048" />
    <link:label xlink:type="resource" xlink:label="label_dnb_mem048" xml:lang="en" xlink:role="http://www.xbrl.org/2003/role/label">Loans received</link:label>
    <link:labelArc xlink:type="arc" xlink:arcrole="http://www.xbrl.org/2003/arcrole/concept-label" xlink:from="loc_dnb_mem048" xlink:to="label_dnb_mem048" />
    <link:label xlink:type="resource" xlink:label="label_dnb_mem048_2" xml:lang="en" xlink:role="http://www.xbrl.org/2003/role/documentation">LNS-RECVD</link:label>
    <link:labelArc xlink:type="arc" xlink:arcrole="http://www.xbrl.org/2003/arcrole/concept-label" xlink:from="loc_dnb_mem048" xlink:to="label_dnb_mem048_2" />
    <link:loc xlink:type="locator" xlink:href="mem.xsd#dnb_mem049" xlink:label="loc_dnb_mem049" />
    <link:label xlink:type="resource" xlink:label="label_dnb_mem049" xml:lang="en" xlink:role="http://www.xbrl.org/2003/role/label">Long term loans received</link:label>
    <link:labelArc xlink:type="arc" xlink:arcrole="http://www.xbrl.org/2003/arcrole/concept-label" xlink:from="loc_dnb_mem049" xlink:to="label_dnb_mem049" />
    <link:label xlink:type="resource" xlink:label="label_dnb_mem049_2" xml:lang="en" xlink:role="http://www.xbrl.org/2003/role/documentation">L-TRM-LNS-RECVD</link:label>
    <link:labelArc xlink:type="arc" xlink:arcrole="http://www.xbrl.org/2003/arcrole/concept-label" xlink:from="loc_dnb_mem049" xlink:to="label_dnb_mem049_2" />
    <link:loc xlink:type="locator" xlink:href="mem.xsd#dnb_mem050" xlink:label="loc_dnb_mem050" />
    <link:label xlink:type="resource" xlink:label="label_dnb_mem050" xml:lang="en" xlink:role="http://www.xbrl.org/2003/role/label">Financial derivatives liabilities</link:label>
    <link:labelArc xlink:type="arc" xlink:arcrole="http://www.xbrl.org/2003/arcrole/concept-label" xlink:from="loc_dnb_mem050" xlink:to="label_dnb_mem050" />
    <link:label xlink:type="resource" xlink:label="label_dnb_mem050_2" xml:lang="en" xlink:role="http://www.xbrl.org/2003/role/documentation">FIN-DER-L</link:label>
    <link:labelArc xlink:type="arc" xlink:arcrole="http://www.xbrl.org/2003/arcrole/concept-label" xlink:from="loc_dnb_mem050" xlink:to="label_dnb_mem050_2" />
    <link:loc xlink:type="locator" xlink:href="mem.xsd#dnb_mem051" xlink:label="loc_dnb_mem051" />
    <link:label xlink:type="resource" xlink:label="label_dnb_mem051" xml:lang="en" xlink:role="http://www.xbrl.org/2003/role/label">Other liabilities</link:label>
    <link:labelArc xlink:type="arc" xlink:arcrole="http://www.xbrl.org/2003/arcrole/concept-label" xlink:from="loc_dnb_mem051" xlink:to="label_dnb_mem051" />
    <link:label xlink:type="resource" xlink:label="label_dnb_mem051_2" xml:lang="en" xlink:role="http://www.xbrl.org/2003/role/documentation">OTHR-LIABLTS</link:label>
    <link:labelArc xlink:type="arc" xlink:arcrole="http://www.xbrl.org/2003/arcrole/concept-label" xlink:from="loc_dnb_mem051" xlink:to="label_dnb_mem051_2" />
    <link:loc xlink:type="locator" xlink:href="mem.xsd#dnb_mem052" xlink:label="loc_dnb_mem052" />
    <link:label xlink:type="resource" xlink:label="label_dnb_mem052" xml:lang="en" xlink:role="http://www.xbrl.org/2003/role/label">Valuation discrepancy debt securities (market - nominal value)</link:label>
    <link:labelArc xlink:type="arc" xlink:arcrole="http://www.xbrl.org/2003/arcrole/concept-label" xlink:from="loc_dnb_mem052" xlink:to="label_dnb_mem052" />
    <link:label xlink:type="resource" xlink:label="label_dnb_mem052_2" xml:lang="en" xlink:role="http://www.xbrl.org/2003/role/documentation">VAL-DISC-DBT-SEC</link:label>
    <link:labelArc xlink:type="arc" xlink:arcrole="http://www.xbrl.org/2003/arcrole/concept-label" xlink:from="loc_dnb_mem052" xlink:to="label_dnb_mem052_2" />
    <link:loc xlink:type="locator" xlink:href="mem.xsd#dnb_mem053" xlink:label="loc_dnb_mem053" />
    <link:label xlink:type="resource" xlink:label="label_dnb_mem053" xml:lang="en" xlink:role="http://www.xbrl.org/2003/role/label">Accrued interest payable on securities</link:label>
    <link:labelArc xlink:type="arc" xlink:arcrole="http://www.xbrl.org/2003/arcrole/concept-label" xlink:from="loc_dnb_mem053" xlink:to="label_dnb_mem053" />
    <link:label xlink:type="resource" xlink:label="label_dnb_mem053_2" xml:lang="en" xlink:role="http://www.xbrl.org/2003/role/documentation">ACCR-INT-SEC-PAYB</link:label>
    <link:labelArc xlink:type="arc" xlink:arcrole="http://www.xbrl.org/2003/arcrole/concept-label" xlink:from="loc_dnb_mem053" xlink:to="label_dnb_mem053_2" />
    <link:loc xlink:type="locator" xlink:href="mem.xsd#dnb_mem054" xlink:label="loc_dnb_mem054" />
    <link:label xlink:type="resource" xlink:label="label_dnb_mem054" xml:lang="en" xlink:role="http://www.xbrl.org/2003/role/label">Accrued interest payable on deposits</link:label>
    <link:labelArc xlink:type="arc" xlink:arcrole="http://www.xbrl.org/2003/arcrole/concept-label" xlink:from="loc_dnb_mem054" xlink:to="label_dnb_mem054" />
    <link:label xlink:type="resource" xlink:label="label_dnb_mem054_2" xml:lang="en" xlink:role="http://www.xbrl.org/2003/role/documentation">ACCR-INT-LNS-PAYB</link:label>
    <link:labelArc xlink:type="arc" xlink:arcrole="http://www.xbrl.org/2003/arcrole/concept-label" xlink:from="loc_dnb_mem054" xlink:to="label_dnb_mem054_2" />
    <link:loc xlink:type="locator" xlink:href="mem.xsd#dnb_mem055" xlink:label="loc_dnb_mem055" />
    <link:label xlink:type="resource" xlink:label="label_dnb_mem055" xml:lang="en" xlink:role="http://www.xbrl.org/2003/role/label">Transit items liabilities</link:label>
    <link:labelArc xlink:type="arc" xlink:arcrole="http://www.xbrl.org/2003/arcrole/concept-label" xlink:from="loc_dnb_mem055" xlink:to="label_dnb_mem055" />
    <link:label xlink:type="resource" xlink:label="label_dnb_mem055_2" xml:lang="en" xlink:role="http://www.xbrl.org/2003/role/documentation">TRNST-ITMS-L</link:label>
    <link:labelArc xlink:type="arc" xlink:arcrole="http://www.xbrl.org/2003/arcrole/concept-label" xlink:from="loc_dnb_mem055" xlink:to="label_dnb_mem055_2" />
    <link:loc xlink:type="locator" xlink:href="mem.xsd#dnb_mem056" xlink:label="loc_dnb_mem056" />
    <link:label xlink:type="resource" xlink:label="label_dnb_mem056" xml:lang="en" xlink:role="http://www.xbrl.org/2003/role/label">Non classified other liabilities</link:label>
    <link:labelArc xlink:type="arc" xlink:arcrole="http://www.xbrl.org/2003/arcrole/concept-label" xlink:from="loc_dnb_mem056" xlink:to="label_dnb_mem056" />
    <link:label xlink:type="resource" xlink:label="label_dnb_mem056_2" xml:lang="en" xlink:role="http://www.xbrl.org/2003/role/documentation">NON-CLAS-OTHR-L</link:label>
    <link:labelArc xlink:type="arc" xlink:arcrole="http://www.xbrl.org/2003/arcrole/concept-label" xlink:from="loc_dnb_mem056" xlink:to="label_dnb_mem056_2" />
    <link:loc xlink:type="locator" xlink:href="mem.xsd#dnb_mem057" xlink:label="loc_dnb_mem057" />
    <link:label xlink:type="resource" xlink:label="label_dnb_mem057" xml:lang="en" xlink:role="http://www.xbrl.org/2003/role/label">Total liabilities</link:label>
    <link:labelArc xlink:type="arc" xlink:arcrole="http://www.xbrl.org/2003/arcrole/concept-label" xlink:from="loc_dnb_mem057" xlink:to="label_dnb_mem057" />
    <link:label xlink:type="resource" xlink:label="label_dnb_mem057_2" xml:lang="en" xlink:role="http://www.xbrl.org/2003/role/documentation">TOT-LIABLTS</link:label>
    <link:labelArc xlink:type="arc" xlink:arcrole="http://www.xbrl.org/2003/arcrole/concept-label" xlink:from="loc_dnb_mem057" xlink:to="label_dnb_mem057_2" />
    <link:loc xlink:type="locator" xlink:href="mem.xsd#dnb_mem058" xlink:label="loc_dnb_mem058" />
    <link:label xlink:type="resource" xlink:label="label_dnb_mem058" xml:lang="en" xlink:role="http://www.xbrl.org/2003/role/label">Credit lines</link:label>
    <link:labelArc xlink:type="arc" xlink:arcrole="http://www.xbrl.org/2003/arcrole/concept-label" xlink:from="loc_dnb_mem058" xlink:to="label_dnb_mem058" />
    <link:label xlink:type="resource" xlink:label="label_dnb_mem058_2" xml:lang="en" xlink:role="http://www.xbrl.org/2003/role/documentation">CRED-LNS</link:label>
    <link:labelArc xlink:type="arc" xlink:arcrole="http://www.xbrl.org/2003/arcrole/concept-label" xlink:from="loc_dnb_mem058" xlink:to="label_dnb_mem058_2" />
    <link:loc xlink:type="locator" xlink:href="mem.xsd#dnb_mem059" xlink:label="loc_dnb_mem059" />
    <link:label xlink:type="resource" xlink:label="label_dnb_mem059" xml:lang="en" xlink:role="http://www.xbrl.org/2003/role/label">Consumer credit</link:label>
    <link:labelArc xlink:type="arc" xlink:arcrole="http://www.xbrl.org/2003/arcrole/concept-label" xlink:from="loc_dnb_mem059" xlink:to="label_dnb_mem059" />
    <link:label xlink:type="resource" xlink:label="label_dnb_mem059_2" xml:lang="en" xlink:role="http://www.xbrl.org/2003/role/documentation">CONS-CRED</link:label>
    <link:labelArc xlink:type="arc" xlink:arcrole="http://www.xbrl.org/2003/arcrole/concept-label" xlink:from="loc_dnb_mem059" xlink:to="label_dnb_mem059_2" />
    <link:loc xlink:type="locator" xlink:href="mem.xsd#dnb_mem060" xlink:label="loc_dnb_mem060" />
    <link:label xlink:type="resource" xlink:label="label_dnb_mem060" xml:lang="en" xlink:role="http://www.xbrl.org/2003/role/label">Notional cash pooling assets</link:label>
    <link:labelArc xlink:type="arc" xlink:arcrole="http://www.xbrl.org/2003/arcrole/concept-label" xlink:from="loc_dnb_mem060" xlink:to="label_dnb_mem060" />
    <link:label xlink:type="resource" xlink:label="label_dnb_mem060_2" xml:lang="en" xlink:role="http://www.xbrl.org/2003/role/documentation">N-CASH-POOL-A</link:label>
    <link:labelArc xlink:type="arc" xlink:arcrole="http://www.xbrl.org/2003/arcrole/concept-label" xlink:from="loc_dnb_mem060" xlink:to="label_dnb_mem060_2" />
    <link:loc xlink:type="locator" xlink:href="mem.xsd#dnb_mem061" xlink:label="loc_dnb_mem061" />
    <link:label xlink:type="resource" xlink:label="label_dnb_mem061" xml:lang="en" xlink:role="http://www.xbrl.org/2003/role/label">Reverse repos</link:label>
    <link:labelArc xlink:type="arc" xlink:arcrole="http://www.xbrl.org/2003/arcrole/concept-label" xlink:from="loc_dnb_mem061" xlink:to="label_dnb_mem061" />
    <link:label xlink:type="resource" xlink:label="label_dnb_mem061_2" xml:lang="en" xlink:role="http://www.xbrl.org/2003/role/documentation">REV-REPOS</link:label>
    <link:labelArc xlink:type="arc" xlink:arcrole="http://www.xbrl.org/2003/arcrole/concept-label" xlink:from="loc_dnb_mem061" xlink:to="label_dnb_mem061_2" />
    <link:loc xlink:type="locator" xlink:href="mem.xsd#dnb_mem062" xlink:label="loc_dnb_mem062" />
    <link:label xlink:type="resource" xlink:label="label_dnb_mem062" xml:lang="en" xlink:role="http://www.xbrl.org/2003/role/label">Syndicated loans</link:label>
    <link:labelArc xlink:type="arc" xlink:arcrole="http://www.xbrl.org/2003/arcrole/concept-label" xlink:from="loc_dnb_mem062" xlink:to="label_dnb_mem062" />
    <link:label xlink:type="resource" xlink:label="label_dnb_mem062_2" xml:lang="en" xlink:role="http://www.xbrl.org/2003/role/documentation">SYN-LNS</link:label>
    <link:labelArc xlink:type="arc" xlink:arcrole="http://www.xbrl.org/2003/arcrole/concept-label" xlink:from="loc_dnb_mem062" xlink:to="label_dnb_mem062_2" />
    <link:loc xlink:type="locator" xlink:href="mem.xsd#dnb_mem063" xlink:label="loc_dnb_mem063" />
    <link:label xlink:type="resource" xlink:label="label_dnb_mem063" xml:lang="en" xlink:role="http://www.xbrl.org/2003/role/label">Other loans granted and deposits placed</link:label>
    <link:labelArc xlink:type="arc" xlink:arcrole="http://www.xbrl.org/2003/arcrole/concept-label" xlink:from="loc_dnb_mem063" xlink:to="label_dnb_mem063" />
    <link:label xlink:type="resource" xlink:label="label_dnb_mem063_2" xml:lang="en" xlink:role="http://www.xbrl.org/2003/role/documentation">OTHR-LNS-GR-DEP-PL</link:label>
    <link:labelArc xlink:type="arc" xlink:arcrole="http://www.xbrl.org/2003/arcrole/concept-label" xlink:from="loc_dnb_mem063" xlink:to="label_dnb_mem063_2" />
    <link:loc xlink:type="locator" xlink:href="mem.xsd#dnb_mem064" xlink:label="loc_dnb_mem064" />
    <link:label xlink:type="resource" xlink:label="label_dnb_mem064" xml:lang="en" xlink:role="http://www.xbrl.org/2003/role/label">Notional cash pooling liabilities</link:label>
    <link:labelArc xlink:type="arc" xlink:arcrole="http://www.xbrl.org/2003/arcrole/concept-label" xlink:from="loc_dnb_mem064" xlink:to="label_dnb_mem064" />
    <link:label xlink:type="resource" xlink:label="label_dnb_mem064_2" xml:lang="en" xlink:role="http://www.xbrl.org/2003/role/documentation">N-CASH-POOL-L</link:label>
    <link:labelArc xlink:type="arc" xlink:arcrole="http://www.xbrl.org/2003/arcrole/concept-label" xlink:from="loc_dnb_mem064" xlink:to="label_dnb_mem064_2" />
    <link:loc xlink:type="locator" xlink:href="mem.xsd#dnb_mem065" xlink:label="loc_dnb_mem065" />
    <link:label xlink:type="resource" xlink:label="label_dnb_mem065" xml:lang="en" xlink:role="http://www.xbrl.org/2003/role/label">Other loans and deposits received</link:label>
    <link:labelArc xlink:type="arc" xlink:arcrole="http://www.xbrl.org/2003/arcrole/concept-label" xlink:from="loc_dnb_mem065" xlink:to="label_dnb_mem065" />
    <link:label xlink:type="resource" xlink:label="label_dnb_mem065_2" xml:lang="en" xlink:role="http://www.xbrl.org/2003/role/documentation">OTHR-LNS-DEP-RECVD</link:label>
    <link:labelArc xlink:type="arc" xlink:arcrole="http://www.xbrl.org/2003/arcrole/concept-label" xlink:from="loc_dnb_mem065" xlink:to="label_dnb_mem065_2" />
  </link:labelLink>
</link:linkbase>