<ns0:linkbase xmlns:ns0="http://www.xbrl.org/2003/linkbase" xmlns:ns2="http://www.w3.org/1999/xlink" xmlns:ns3="http://xbrl.org/2005/xbrldt" xmlns:xsi="http://www.w3.org/2001/XMLSchema-instance" xsi:schemaLocation="http://www.xbrl.org/2003/linkbase http://www.xbrl.org/2003/xbrl-linkbase-2003-12-31.xsd">
    <ns0:arcroleRef arcroleURI="http://xbrl.org/int/dim/arcrole/dimension-domain" ns2:href="http://www.xbrl.org/2005/xbrldt-2005.xsd#dimension-domain" ns2:type="simple" />
    <ns0:arcroleRef arcroleURI="http://xbrl.org/int/dim/arcrole/dimension-default" ns2:href="http://www.xbrl.org/2005/xbrldt-2005.xsd#dimension-default" ns2:type="simple" />
    <ns0:arcroleRef arcroleURI="http://xbrl.org/int/dim/arcrole/hypercube-dimension" ns2:href="http://www.xbrl.org/2005/xbrldt-2005.xsd#hypercube-dimension" ns2:type="simple" />
    <ns0:roleRef roleURI="http://ferc.gov/form/2020-01-01/roles/Schedule/F1Q/ScheduleElectricProductionOtherPowerSupplyTransmissionRegionalMarketAndDistributedExpenses" ns2:href="form-1Q-sched-ElectricProductionOtherPowerTransmissionRegionalExpenses_2020-01-01.xsd#roleType_ScheduleElectricProductionOtherPowerSupplyTransmissionRegionalMarketAndDistributedExpenses" ns2:type="simple" />
    <ns0:arcroleRef arcroleURI="http://xbrl.org/int/dim/arcrole/all" ns2:href="http://www.xbrl.org/2005/xbrldt-2005.xsd#all" ns2:type="simple" />
    <ns0:arcroleRef arcroleURI="http://xbrl.org/int/dim/arcrole/domain-member" ns2:href="http://www.xbrl.org/2005/xbrldt-2005.xsd#domain-member" ns2:type="simple" />
    <ns0:definitionLink ns2:role="http://ferc.gov/form/2020-01-01/roles/Schedule/F1Q/ScheduleElectricProductionOtherPowerSupplyTransmissionRegionalMarketAndDistributedExpenses" ns2:type="extended">
        <ns0:loc ns2:href="../../ferc-core_2020-01-01.xsd#ferc_ScheduleElectricProductionOtherPowerTransmissionRegionalExpensesAbstract" ns2:label="ferc_ScheduleElectricProductionOtherPowerTransmissionRegionalExpensesAbstract" ns2:type="locator" />
        <ns0:loc ns2:href="../../ferc-core_2020-01-01.xsd#ferc_ElectricProductionOtherPowerTransmissionRegionalExpensesLineItems" ns2:label="ferc_ElectricProductionOtherPowerTransmissionRegionalExpensesLineItems" ns2:type="locator" />
        <ns0:definitionArc order="1" ns2:arcrole="http://xbrl.org/int/dim/arcrole/domain-member" ns2:from="ferc_ScheduleElectricProductionOtherPowerTransmissionRegionalExpensesAbstract" ns2:to="ferc_ElectricProductionOtherPowerTransmissionRegionalExpensesLineItems" ns2:type="arc" />
        <ns0:loc ns2:href="../../ferc-core_2020-01-01.xsd#ferc_ElectricProductionOtherPowerTransmissionRegionalExpensesTable" ns2:label="ferc_ElectricProductionOtherPowerTransmissionRegionalExpensesTable" ns2:type="locator" />
        <ns0:definitionArc order="1" ns2:arcrole="http://xbrl.org/int/dim/arcrole/all" ns2:from="ferc_ElectricProductionOtherPowerTransmissionRegionalExpensesLineItems" ns2:to="ferc_ElectricProductionOtherPowerTransmissionRegionalExpensesTable" ns2:type="arc" ns3:closed="true" ns3:contextElement="segment" />
        <ns0:loc ns2:href="../../ferc-core_2020-01-01.xsd#ferc_PowerProductionExpensesAbstract" ns2:label="ferc_PowerProductionExpensesAbstract" ns2:type="locator" />
        <ns0:definitionArc order="2" ns2:arcrole="http://xbrl.org/int/dim/arcrole/domain-member" ns2:from="ferc_ElectricProductionOtherPowerTransmissionRegionalExpensesLineItems" ns2:to="ferc_PowerProductionExpensesAbstract" ns2:type="arc" />
        <ns0:loc ns2:href="../../ferc-core_2020-01-01.xsd#ferc_SteamPowerGenerationOperationsExpense" ns2:label="ferc_SteamPowerGenerationOperationsExpense" ns2:type="locator" />
        <ns0:definitionArc order="1" ns2:arcrole="http://xbrl.org/int/dim/arcrole/domain-member" ns2:from="ferc_PowerProductionExpensesAbstract" ns2:to="ferc_SteamPowerGenerationOperationsExpense" ns2:type="arc" />
        <ns0:loc ns2:href="../../ferc-core_2020-01-01.xsd#ferc_SteamPowerGenerationMaintenanceExpense" ns2:label="ferc_SteamPowerGenerationMaintenanceExpense" ns2:type="locator" />
        <ns0:definitionArc order="2" ns2:arcrole="http://xbrl.org/int/dim/arcrole/domain-member" ns2:from="ferc_PowerProductionExpensesAbstract" ns2:to="ferc_SteamPowerGenerationMaintenanceExpense" ns2:type="arc" />
        <ns0:loc ns2:href="../../ferc-core_2020-01-01.xsd#ferc_PowerProductionExpensesSteamPower" ns2:label="ferc_PowerProductionExpensesSteamPower" ns2:type="locator" />
        <ns0:definitionArc order="3" ns2:arcrole="http://xbrl.org/int/dim/arcrole/domain-member" ns2:from="ferc_PowerProductionExpensesAbstract" ns2:to="ferc_PowerProductionExpensesSteamPower" ns2:type="arc" />
        <ns0:loc ns2:href="../../ferc-core_2020-01-01.xsd#ferc_NuclearPowerGenerationOperationsExpense" ns2:label="ferc_NuclearPowerGenerationOperationsExpense" ns2:type="locator" />
        <ns0:definitionArc order="4" ns2:arcrole="http://xbrl.org/int/dim/arcrole/domain-member" ns2:from="ferc_PowerProductionExpensesAbstract" ns2:to="ferc_NuclearPowerGenerationOperationsExpense" ns2:type="arc" />
        <ns0:loc ns2:href="../../ferc-core_2020-01-01.xsd#ferc_NuclearPowerGenerationMaintenanceExpense" ns2:label="ferc_NuclearPowerGenerationMaintenanceExpense" ns2:type="locator" />
        <ns0:definitionArc order="5" ns2:arcrole="http://xbrl.org/int/dim/arcrole/domain-member" ns2:from="ferc_PowerProductionExpensesAbstract" ns2:to="ferc_NuclearPowerGenerationMaintenanceExpense" ns2:type="arc" />
        <ns0:loc ns2:href="../../ferc-core_2020-01-01.xsd#ferc_PowerProductionExpensesNuclearPower" ns2:label="ferc_PowerProductionExpensesNuclearPower" ns2:type="locator" />
        <ns0:definitionArc order="6" ns2:arcrole="http://xbrl.org/int/dim/arcrole/domain-member" ns2:from="ferc_PowerProductionExpensesAbstract" ns2:to="ferc_PowerProductionExpensesNuclearPower" ns2:type="arc" />
        <ns0:loc ns2:href="../../ferc-core_2020-01-01.xsd#ferc_HydraulicPowerGenerationOperationsExpense" ns2:label="ferc_HydraulicPowerGenerationOperationsExpense" ns2:type="locator" />
        <ns0:definitionArc order="7" ns2:arcrole="http://xbrl.org/int/dim/arcrole/domain-member" ns2:from="ferc_PowerProductionExpensesAbstract" ns2:to="ferc_HydraulicPowerGenerationOperationsExpense" ns2:type="arc" />
        <ns0:loc ns2:href="../../ferc-core_2020-01-01.xsd#ferc_HydraulicPowerGenerationMaintenanceExpense" ns2:label="ferc_HydraulicPowerGenerationMaintenanceExpense" ns2:type="locator" />
        <ns0:definitionArc order="8" ns2:arcrole="http://xbrl.org/int/dim/arcrole/domain-member" ns2:from="ferc_PowerProductionExpensesAbstract" ns2:to="ferc_HydraulicPowerGenerationMaintenanceExpense" ns2:type="arc" />
        <ns0:loc ns2:href="../../ferc-core_2020-01-01.xsd#ferc_PowerProductionExpensesHydraulicPower" ns2:label="ferc_PowerProductionExpensesHydraulicPower" ns2:type="locator" />
        <ns0:definitionArc order="9" ns2:arcrole="http://xbrl.org/int/dim/arcrole/domain-member" ns2:from="ferc_PowerProductionExpensesAbstract" ns2:to="ferc_PowerProductionExpensesHydraulicPower" ns2:type="arc" />
        <ns0:loc ns2:href="../../ferc-core_2020-01-01.xsd#ferc_RentsOtherPowerGeneration" ns2:label="ferc_RentsOtherPowerGeneration" ns2:type="locator" />
        <ns0:definitionArc order="10" ns2:arcrole="http://xbrl.org/int/dim/arcrole/domain-member" ns2:from="ferc_PowerProductionExpensesAbstract" ns2:to="ferc_RentsOtherPowerGeneration" ns2:type="arc" />
        <ns0:loc ns2:href="../../ferc-core_2020-01-01.xsd#ferc_MaintenanceOfEnergyStorageEquipmentOtherPowerGeneration" ns2:label="ferc_MaintenanceOfEnergyStorageEquipmentOtherPowerGeneration" ns2:type="locator" />
        <ns0:definitionArc order="11" ns2:arcrole="http://xbrl.org/int/dim/arcrole/domain-member" ns2:from="ferc_PowerProductionExpensesAbstract" ns2:to="ferc_MaintenanceOfEnergyStorageEquipmentOtherPowerGeneration" ns2:type="arc" />
        <ns0:loc ns2:href="../../ferc-core_2020-01-01.xsd#ferc_MaintenanceOfMiscellaneousOtherPowerGenerationPlant" ns2:label="ferc_MaintenanceOfMiscellaneousOtherPowerGenerationPlant" ns2:type="locator" />
        <ns0:definitionArc order="12" ns2:arcrole="http://xbrl.org/int/dim/arcrole/domain-member" ns2:from="ferc_PowerProductionExpensesAbstract" ns2:to="ferc_MaintenanceOfMiscellaneousOtherPowerGenerationPlant" ns2:type="arc" />
        <ns0:loc ns2:href="../../ferc-core_2020-01-01.xsd#ferc_OtherPowerSuplyExpensesAbstract" ns2:label="ferc_OtherPowerSuplyExpensesAbstract" ns2:type="locator" />
        <ns0:definitionArc order="3" ns2:arcrole="http://xbrl.org/int/dim/arcrole/domain-member" ns2:from="ferc_ElectricProductionOtherPowerTransmissionRegionalExpensesLineItems" ns2:to="ferc_OtherPowerSuplyExpensesAbstract" ns2:type="arc" />
        <ns0:loc ns2:href="../../ferc-core_2020-01-01.xsd#ferc_PurchasedPower" ns2:label="ferc_PurchasedPower" ns2:type="locator" />
        <ns0:definitionArc order="1" ns2:arcrole="http://xbrl.org/int/dim/arcrole/domain-member" ns2:from="ferc_OtherPowerSuplyExpensesAbstract" ns2:to="ferc_PurchasedPower" ns2:type="arc" />
        <ns0:loc ns2:href="../../ferc-core_2020-01-01.xsd#ferc_PowerPurchasedForStorageOperations" ns2:label="ferc_PowerPurchasedForStorageOperations" ns2:type="locator" />
        <ns0:definitionArc order="2" ns2:arcrole="http://xbrl.org/int/dim/arcrole/domain-member" ns2:from="ferc_OtherPowerSuplyExpensesAbstract" ns2:to="ferc_PowerPurchasedForStorageOperations" ns2:type="arc" />
        <ns0:loc ns2:href="../../ferc-core_2020-01-01.xsd#ferc_SystemControlAndLoadDispatchingElectric" ns2:label="ferc_SystemControlAndLoadDispatchingElectric" ns2:type="locator" />
        <ns0:definitionArc order="3" ns2:arcrole="http://xbrl.org/int/dim/arcrole/domain-member" ns2:from="ferc_OtherPowerSuplyExpensesAbstract" ns2:to="ferc_SystemControlAndLoadDispatchingElectric" ns2:type="arc" />
        <ns0:loc ns2:href="../../ferc-core_2020-01-01.xsd#ferc_OtherExpensesOtherPowerSupplyExpenses" ns2:label="ferc_OtherExpensesOtherPowerSupplyExpenses" ns2:type="locator" />
        <ns0:definitionArc order="4" ns2:arcrole="http://xbrl.org/int/dim/arcrole/domain-member" ns2:from="ferc_OtherPowerSuplyExpensesAbstract" ns2:to="ferc_OtherExpensesOtherPowerSupplyExpenses" ns2:type="arc" />
        <ns0:loc ns2:href="../../ferc-core_2020-01-01.xsd#ferc_OtherPowerSupplyExpense" ns2:label="ferc_OtherPowerSupplyExpense" ns2:type="locator" />
        <ns0:definitionArc order="5" ns2:arcrole="http://xbrl.org/int/dim/arcrole/domain-member" ns2:from="ferc_OtherPowerSuplyExpensesAbstract" ns2:to="ferc_OtherPowerSupplyExpense" ns2:type="arc" />
        <ns0:loc ns2:href="../../ferc-core_2020-01-01.xsd#ferc_PowerProductionExpenses" ns2:label="ferc_PowerProductionExpenses" ns2:type="locator" />
        <ns0:definitionArc order="4" ns2:arcrole="http://xbrl.org/int/dim/arcrole/domain-member" ns2:from="ferc_ElectricProductionOtherPowerTransmissionRegionalExpensesLineItems" ns2:to="ferc_PowerProductionExpenses" ns2:type="arc" />
        <ns0:loc ns2:href="../../ferc-core_2020-01-01.xsd#ferc_TransmissionExpensesAbstract" ns2:label="ferc_TransmissionExpensesAbstract" ns2:type="locator" />
        <ns0:definitionArc order="5" ns2:arcrole="http://xbrl.org/int/dim/arcrole/domain-member" ns2:from="ferc_ElectricProductionOtherPowerTransmissionRegionalExpensesLineItems" ns2:to="ferc_TransmissionExpensesAbstract" ns2:type="arc" />
        <ns0:loc ns2:href="../../ferc-core_2020-01-01.xsd#ferc_TransmissionExpensesOperationAbstract" ns2:label="ferc_TransmissionExpensesOperationAbstract" ns2:type="locator" />
        <ns0:definitionArc order="1" ns2:arcrole="http://xbrl.org/int/dim/arcrole/domain-member" ns2:from="ferc_TransmissionExpensesAbstract" ns2:to="ferc_TransmissionExpensesOperationAbstract" ns2:type="arc" />
        <ns0:loc ns2:href="../../ferc-core_2020-01-01.xsd#ferc_OperationSupervisionAndEngineeringElectricTransmissionExpenses" ns2:label="ferc_OperationSupervisionAndEngineeringElectricTransmissionExpenses" ns2:type="locator" />
        <ns0:definitionArc order="1" ns2:arcrole="http://xbrl.org/int/dim/arcrole/domain-member" ns2:from="ferc_TransmissionExpensesOperationAbstract" ns2:to="ferc_OperationSupervisionAndEngineeringElectricTransmissionExpenses" ns2:type="arc" />
        <ns0:loc ns2:href="../../ferc-core_2020-01-01.xsd#ferc_LoadDispatchReliability" ns2:label="ferc_LoadDispatchReliability" ns2:type="locator" />
        <ns0:definitionArc order="2" ns2:arcrole="http://xbrl.org/int/dim/arcrole/domain-member" ns2:from="ferc_TransmissionExpensesOperationAbstract" ns2:to="ferc_LoadDispatchReliability" ns2:type="arc" />
        <ns0:loc ns2:href="../../ferc-core_2020-01-01.xsd#ferc_LoadDispatchMonitorAndOperateTransmissionSystem" ns2:label="ferc_LoadDispatchMonitorAndOperateTransmissionSystem" ns2:type="locator" />
        <ns0:definitionArc order="3" ns2:arcrole="http://xbrl.org/int/dim/arcrole/domain-member" ns2:from="ferc_TransmissionExpensesOperationAbstract" ns2:to="ferc_LoadDispatchMonitorAndOperateTransmissionSystem" ns2:type="arc" />
        <ns0:loc ns2:href="../../ferc-core_2020-01-01.xsd#ferc_LoadDispatchTransmissionServiceAndScheduling" ns2:label="ferc_LoadDispatchTransmissionServiceAndScheduling" ns2:type="locator" />
        <ns0:definitionArc order="4" ns2:arcrole="http://xbrl.org/int/dim/arcrole/domain-member" ns2:from="ferc_TransmissionExpensesOperationAbstract" ns2:to="ferc_LoadDispatchTransmissionServiceAndScheduling" ns2:type="arc" />
        <ns0:loc ns2:href="../../ferc-core_2020-01-01.xsd#ferc_SchedulingSystemControlAndDispatchServices" ns2:label="ferc_SchedulingSystemControlAndDispatchServices" ns2:type="locator" />
        <ns0:definitionArc order="5" ns2:arcrole="http://xbrl.org/int/dim/arcrole/domain-member" ns2:from="ferc_TransmissionExpensesOperationAbstract" ns2:to="ferc_SchedulingSystemControlAndDispatchServices" ns2:type="arc" />
        <ns0:loc ns2:href="../../ferc-core_2020-01-01.xsd#ferc_ReliabilityPlanningAndStandardsDevelopment" ns2:label="ferc_ReliabilityPlanningAndStandardsDevelopment" ns2:type="locator" />
        <ns0:definitionArc order="6" ns2:arcrole="http://xbrl.org/int/dim/arcrole/domain-member" ns2:from="ferc_TransmissionExpensesOperationAbstract" ns2:to="ferc_ReliabilityPlanningAndStandardsDevelopment" ns2:type="arc" />
        <ns0:loc ns2:href="../../ferc-core_2020-01-01.xsd#ferc_TransmissionServiceStudies" ns2:label="ferc_TransmissionServiceStudies" ns2:type="locator" />
        <ns0:definitionArc order="7" ns2:arcrole="http://xbrl.org/int/dim/arcrole/domain-member" ns2:from="ferc_TransmissionExpensesOperationAbstract" ns2:to="ferc_TransmissionServiceStudies" ns2:type="arc" />
        <ns0:loc ns2:href="../../ferc-core_2020-01-01.xsd#ferc_GenerationInterconnectionStudies" ns2:label="ferc_GenerationInterconnectionStudies" ns2:type="locator" />
        <ns0:definitionArc order="8" ns2:arcrole="http://xbrl.org/int/dim/arcrole/domain-member" ns2:from="ferc_TransmissionExpensesOperationAbstract" ns2:to="ferc_GenerationInterconnectionStudies" ns2:type="arc" />
        <ns0:loc ns2:href="../../ferc-core_2020-01-01.xsd#ferc_ReliabilityPlanningAndStandardsDevelopmentServices" ns2:label="ferc_ReliabilityPlanningAndStandardsDevelopmentServices" ns2:type="locator" />
        <ns0:definitionArc order="9" ns2:arcrole="http://xbrl.org/int/dim/arcrole/domain-member" ns2:from="ferc_TransmissionExpensesOperationAbstract" ns2:to="ferc_ReliabilityPlanningAndStandardsDevelopmentServices" ns2:type="arc" />
        <ns0:loc ns2:href="../../ferc-core_2020-01-01.xsd#ferc_StationExpensesTransmissionExpense" ns2:label="ferc_StationExpensesTransmissionExpense" ns2:type="locator" />
        <ns0:definitionArc order="10" ns2:arcrole="http://xbrl.org/int/dim/arcrole/domain-member" ns2:from="ferc_TransmissionExpensesOperationAbstract" ns2:to="ferc_StationExpensesTransmissionExpense" ns2:type="arc" />
        <ns0:loc ns2:href="../../ferc-core_2020-01-01.xsd#ferc_OperationOfEnergyStorageEquipmentTransmissionExpense" ns2:label="ferc_OperationOfEnergyStorageEquipmentTransmissionExpense" ns2:type="locator" />
        <ns0:definitionArc order="11" ns2:arcrole="http://xbrl.org/int/dim/arcrole/domain-member" ns2:from="ferc_TransmissionExpensesOperationAbstract" ns2:to="ferc_OperationOfEnergyStorageEquipmentTransmissionExpense" ns2:type="arc" />
        <ns0:loc ns2:href="../../ferc-core_2020-01-01.xsd#ferc_OverheadLineExpense" ns2:label="ferc_OverheadLineExpense" ns2:type="locator" />
        <ns0:definitionArc order="12" ns2:arcrole="http://xbrl.org/int/dim/arcrole/domain-member" ns2:from="ferc_TransmissionExpensesOperationAbstract" ns2:to="ferc_OverheadLineExpense" ns2:type="arc" />
        <ns0:loc ns2:href="../../ferc-core_2020-01-01.xsd#ferc_UndergroundLineExpensesTransmissionExpense" ns2:label="ferc_UndergroundLineExpensesTransmissionExpense" ns2:type="locator" />
        <ns0:definitionArc order="13" ns2:arcrole="http://xbrl.org/int/dim/arcrole/domain-member" ns2:from="ferc_TransmissionExpensesOperationAbstract" ns2:to="ferc_UndergroundLineExpensesTransmissionExpense" ns2:type="arc" />
        <ns0:loc ns2:href="../../ferc-core_2020-01-01.xsd#ferc_TransmissionOfElectricityByOthers" ns2:label="ferc_TransmissionOfElectricityByOthers" ns2:type="locator" />
        <ns0:definitionArc order="14" ns2:arcrole="http://xbrl.org/int/dim/arcrole/domain-member" ns2:from="ferc_TransmissionExpensesOperationAbstract" ns2:to="ferc_TransmissionOfElectricityByOthers" ns2:type="arc" />
        <ns0:loc ns2:href="../../ferc-core_2020-01-01.xsd#ferc_MiscellaneousTransmissionExpenses" ns2:label="ferc_MiscellaneousTransmissionExpenses" ns2:type="locator" />
        <ns0:definitionArc order="15" ns2:arcrole="http://xbrl.org/int/dim/arcrole/domain-member" ns2:from="ferc_TransmissionExpensesOperationAbstract" ns2:to="ferc_MiscellaneousTransmissionExpenses" ns2:type="arc" />
        <ns0:loc ns2:href="../../ferc-core_2020-01-01.xsd#ferc_RentsTransmissionElectricExpense" ns2:label="ferc_RentsTransmissionElectricExpense" ns2:type="locator" />
        <ns0:definitionArc order="16" ns2:arcrole="http://xbrl.org/int/dim/arcrole/domain-member" ns2:from="ferc_TransmissionExpensesOperationAbstract" ns2:to="ferc_RentsTransmissionElectricExpense" ns2:type="arc" />
        <ns0:loc ns2:href="../../ferc-core_2020-01-01.xsd#ferc_OperationSuppliesAndExpensesTransmissionExpense" ns2:label="ferc_OperationSuppliesAndExpensesTransmissionExpense" ns2:type="locator" />
        <ns0:definitionArc order="17" ns2:arcrole="http://xbrl.org/int/dim/arcrole/domain-member" ns2:from="ferc_TransmissionExpensesOperationAbstract" ns2:to="ferc_OperationSuppliesAndExpensesTransmissionExpense" ns2:type="arc" />
        <ns0:loc ns2:href="../../ferc-core_2020-01-01.xsd#ferc_TransmissionOperationExpense" ns2:label="ferc_TransmissionOperationExpense" ns2:type="locator" />
        <ns0:definitionArc order="18" ns2:arcrole="http://xbrl.org/int/dim/arcrole/domain-member" ns2:from="ferc_TransmissionExpensesOperationAbstract" ns2:to="ferc_TransmissionOperationExpense" ns2:type="arc" />
        <ns0:loc ns2:href="../../ferc-core_2020-01-01.xsd#ferc_TransmissionMaintenanceAbstract" ns2:label="ferc_TransmissionMaintenanceAbstract" ns2:type="locator" />
        <ns0:definitionArc order="2" ns2:arcrole="http://xbrl.org/int/dim/arcrole/domain-member" ns2:from="ferc_TransmissionExpensesAbstract" ns2:to="ferc_TransmissionMaintenanceAbstract" ns2:type="arc" />
        <ns0:loc ns2:href="../../ferc-core_2020-01-01.xsd#ferc_MaintenanceSupervisionAndEngineeringElectricTransmissionExpenses" ns2:label="ferc_MaintenanceSupervisionAndEngineeringElectricTransmissionExpenses" ns2:type="locator" />
        <ns0:definitionArc order="1" ns2:arcrole="http://xbrl.org/int/dim/arcrole/domain-member" ns2:from="ferc_TransmissionMaintenanceAbstract" ns2:to="ferc_MaintenanceSupervisionAndEngineeringElectricTransmissionExpenses" ns2:type="arc" />
        <ns0:loc ns2:href="../../ferc-core_2020-01-01.xsd#ferc_MaintenanceOfStructuresTransmissionExpense" ns2:label="ferc_MaintenanceOfStructuresTransmissionExpense" ns2:type="locator" />
        <ns0:definitionArc order="2" ns2:arcrole="http://xbrl.org/int/dim/arcrole/domain-member" ns2:from="ferc_TransmissionMaintenanceAbstract" ns2:to="ferc_MaintenanceOfStructuresTransmissionExpense" ns2:type="arc" />
        <ns0:loc ns2:href="../../ferc-core_2020-01-01.xsd#ferc_MaintenanceOfComputerHardwareTransmission" ns2:label="ferc_MaintenanceOfComputerHardwareTransmission" ns2:type="locator" />
        <ns0:definitionArc order="3" ns2:arcrole="http://xbrl.org/int/dim/arcrole/domain-member" ns2:from="ferc_TransmissionMaintenanceAbstract" ns2:to="ferc_MaintenanceOfComputerHardwareTransmission" ns2:type="arc" />
        <ns0:loc ns2:href="../../ferc-core_2020-01-01.xsd#ferc_MaintenanceOfComputerSoftwareTransmission" ns2:label="ferc_MaintenanceOfComputerSoftwareTransmission" ns2:type="locator" />
        <ns0:definitionArc order="4" ns2:arcrole="http://xbrl.org/int/dim/arcrole/domain-member" ns2:from="ferc_TransmissionMaintenanceAbstract" ns2:to="ferc_MaintenanceOfComputerSoftwareTransmission" ns2:type="arc" />
        <ns0:loc ns2:href="../../ferc-core_2020-01-01.xsd#ferc_MaintenanceOfCommunicationEquipmentElectricTransmission" ns2:label="ferc_MaintenanceOfCommunicationEquipmentElectricTransmission" ns2:type="locator" />
        <ns0:definitionArc order="5" ns2:arcrole="http://xbrl.org/int/dim/arcrole/domain-member" ns2:from="ferc_TransmissionMaintenanceAbstract" ns2:to="ferc_MaintenanceOfCommunicationEquipmentElectricTransmission" ns2:type="arc" />
        <ns0:loc ns2:href="../../ferc-core_2020-01-01.xsd#ferc_MaintenanceOfMiscellaneousRegionalTransmissionPlant" ns2:label="ferc_MaintenanceOfMiscellaneousRegionalTransmissionPlant" ns2:type="locator" />
        <ns0:definitionArc order="6" ns2:arcrole="http://xbrl.org/int/dim/arcrole/domain-member" ns2:from="ferc_TransmissionMaintenanceAbstract" ns2:to="ferc_MaintenanceOfMiscellaneousRegionalTransmissionPlant" ns2:type="arc" />
        <ns0:loc ns2:href="../../ferc-core_2020-01-01.xsd#ferc_MaintenanceOfStationEquipmentTransmission" ns2:label="ferc_MaintenanceOfStationEquipmentTransmission" ns2:type="locator" />
        <ns0:definitionArc order="7" ns2:arcrole="http://xbrl.org/int/dim/arcrole/domain-member" ns2:from="ferc_TransmissionMaintenanceAbstract" ns2:to="ferc_MaintenanceOfStationEquipmentTransmission" ns2:type="arc" />
        <ns0:loc ns2:href="../../ferc-core_2020-01-01.xsd#ferc_MaintenanceOfEnergyStorageEquipmentTransmission" ns2:label="ferc_MaintenanceOfEnergyStorageEquipmentTransmission" ns2:type="locator" />
        <ns0:definitionArc order="8" ns2:arcrole="http://xbrl.org/int/dim/arcrole/domain-member" ns2:from="ferc_TransmissionMaintenanceAbstract" ns2:to="ferc_MaintenanceOfEnergyStorageEquipmentTransmission" ns2:type="arc" />
        <ns0:loc ns2:href="../../ferc-core_2020-01-01.xsd#ferc_MaintenanceOfOverheadLinesTransmission" ns2:label="ferc_MaintenanceOfOverheadLinesTransmission" ns2:type="locator" />
        <ns0:definitionArc order="9" ns2:arcrole="http://xbrl.org/int/dim/arcrole/domain-member" ns2:from="ferc_TransmissionMaintenanceAbstract" ns2:to="ferc_MaintenanceOfOverheadLinesTransmission" ns2:type="arc" />
        <ns0:loc ns2:href="../../ferc-core_2020-01-01.xsd#ferc_MaintenanceOfUndergroundLinesTransmission" ns2:label="ferc_MaintenanceOfUndergroundLinesTransmission" ns2:type="locator" />
        <ns0:definitionArc order="10" ns2:arcrole="http://xbrl.org/int/dim/arcrole/domain-member" ns2:from="ferc_TransmissionMaintenanceAbstract" ns2:to="ferc_MaintenanceOfUndergroundLinesTransmission" ns2:type="arc" />
        <ns0:loc ns2:href="../../ferc-core_2020-01-01.xsd#ferc_MaintenanceOfMiscellaneousTransmissionPlant" ns2:label="ferc_MaintenanceOfMiscellaneousTransmissionPlant" ns2:type="locator" />
        <ns0:definitionArc order="11" ns2:arcrole="http://xbrl.org/int/dim/arcrole/domain-member" ns2:from="ferc_TransmissionMaintenanceAbstract" ns2:to="ferc_MaintenanceOfMiscellaneousTransmissionPlant" ns2:type="arc" />
        <ns0:loc ns2:href="../../ferc-core_2020-01-01.xsd#ferc_MaintenanceOfTransmissionPlant" ns2:label="ferc_MaintenanceOfTransmissionPlant" ns2:type="locator" />
        <ns0:definitionArc order="12" ns2:arcrole="http://xbrl.org/int/dim/arcrole/domain-member" ns2:from="ferc_TransmissionMaintenanceAbstract" ns2:to="ferc_MaintenanceOfTransmissionPlant" ns2:type="arc" />
        <ns0:loc ns2:href="../../ferc-core_2020-01-01.xsd#ferc_TransmissionMaintenanceExpenseElectric" ns2:label="ferc_TransmissionMaintenanceExpenseElectric" ns2:type="locator" />
        <ns0:definitionArc order="13" ns2:arcrole="http://xbrl.org/int/dim/arcrole/domain-member" ns2:from="ferc_TransmissionMaintenanceAbstract" ns2:to="ferc_TransmissionMaintenanceExpenseElectric" ns2:type="arc" />
        <ns0:loc ns2:href="../../ferc-core_2020-01-01.xsd#ferc_TransmissionExpenses" ns2:label="ferc_TransmissionExpenses" ns2:type="locator" />
        <ns0:definitionArc order="3" ns2:arcrole="http://xbrl.org/int/dim/arcrole/domain-member" ns2:from="ferc_TransmissionExpensesAbstract" ns2:to="ferc_TransmissionExpenses" ns2:type="arc" />
        <ns0:loc ns2:href="../../ferc-core_2020-01-01.xsd#ferc_RegionalMarketExpensesAbstract" ns2:label="ferc_RegionalMarketExpensesAbstract" ns2:type="locator" />
        <ns0:definitionArc order="6" ns2:arcrole="http://xbrl.org/int/dim/arcrole/domain-member" ns2:from="ferc_ElectricProductionOtherPowerTransmissionRegionalExpensesLineItems" ns2:to="ferc_RegionalMarketExpensesAbstract" ns2:type="arc" />
        <ns0:loc ns2:href="../../ferc-core_2020-01-01.xsd#ferc_RegionalMarketExpensesOperationAbstract" ns2:label="ferc_RegionalMarketExpensesOperationAbstract" ns2:type="locator" />
        <ns0:definitionArc order="1" ns2:arcrole="http://xbrl.org/int/dim/arcrole/domain-member" ns2:from="ferc_RegionalMarketExpensesAbstract" ns2:to="ferc_RegionalMarketExpensesOperationAbstract" ns2:type="arc" />
        <ns0:loc ns2:href="../../ferc-core_2020-01-01.xsd#ferc_OperationSupervision" ns2:label="ferc_OperationSupervision" ns2:type="locator" />
        <ns0:definitionArc order="1" ns2:arcrole="http://xbrl.org/int/dim/arcrole/domain-member" ns2:from="ferc_RegionalMarketExpensesOperationAbstract" ns2:to="ferc_OperationSupervision" ns2:type="arc" />
        <ns0:loc ns2:href="../../ferc-core_2020-01-01.xsd#ferc_DayAheadAndRealTimeMarketAdministration" ns2:label="ferc_DayAheadAndRealTimeMarketAdministration" ns2:type="locator" />
        <ns0:definitionArc order="2" ns2:arcrole="http://xbrl.org/int/dim/arcrole/domain-member" ns2:from="ferc_RegionalMarketExpensesOperationAbstract" ns2:to="ferc_DayAheadAndRealTimeMarketAdministration" ns2:type="arc" />
        <ns0:loc ns2:href="../../ferc-core_2020-01-01.xsd#ferc_TransmissionRightsMarketAdministration" ns2:label="ferc_TransmissionRightsMarketAdministration" ns2:type="locator" />
        <ns0:definitionArc order="3" ns2:arcrole="http://xbrl.org/int/dim/arcrole/domain-member" ns2:from="ferc_RegionalMarketExpensesOperationAbstract" ns2:to="ferc_TransmissionRightsMarketAdministration" ns2:type="arc" />
        <ns0:loc ns2:href="../../ferc-core_2020-01-01.xsd#ferc_CapacityMarketAdministration" ns2:label="ferc_CapacityMarketAdministration" ns2:type="locator" />
        <ns0:definitionArc order="4" ns2:arcrole="http://xbrl.org/int/dim/arcrole/domain-member" ns2:from="ferc_RegionalMarketExpensesOperationAbstract" ns2:to="ferc_CapacityMarketAdministration" ns2:type="arc" />
        <ns0:loc ns2:href="../../ferc-core_2020-01-01.xsd#ferc_AncillaryServicesMarketAdministration" ns2:label="ferc_AncillaryServicesMarketAdministration" ns2:type="locator" />
        <ns0:definitionArc order="5" ns2:arcrole="http://xbrl.org/int/dim/arcrole/domain-member" ns2:from="ferc_RegionalMarketExpensesOperationAbstract" ns2:to="ferc_AncillaryServicesMarketAdministration" ns2:type="arc" />
        <ns0:loc ns2:href="../../ferc-core_2020-01-01.xsd#ferc_MarketMonitoringAndCompliance" ns2:label="ferc_MarketMonitoringAndCompliance" ns2:type="locator" />
        <ns0:definitionArc order="6" ns2:arcrole="http://xbrl.org/int/dim/arcrole/domain-member" ns2:from="ferc_RegionalMarketExpensesOperationAbstract" ns2:to="ferc_MarketMonitoringAndCompliance" ns2:type="arc" />
        <ns0:loc ns2:href="../../ferc-core_2020-01-01.xsd#ferc_MarketFacilitationMonitoringAndComplianceServices" ns2:label="ferc_MarketFacilitationMonitoringAndComplianceServices" ns2:type="locator" />
        <ns0:definitionArc order="7" ns2:arcrole="http://xbrl.org/int/dim/arcrole/domain-member" ns2:from="ferc_RegionalMarketExpensesOperationAbstract" ns2:to="ferc_MarketFacilitationMonitoringAndComplianceServices" ns2:type="arc" />
        <ns0:loc ns2:href="../../ferc-core_2020-01-01.xsd#ferc_RegionalMarketOperationExpense" ns2:label="ferc_RegionalMarketOperationExpense" ns2:type="locator" />
        <ns0:definitionArc order="8" ns2:arcrole="http://xbrl.org/int/dim/arcrole/domain-member" ns2:from="ferc_RegionalMarketExpensesOperationAbstract" ns2:to="ferc_RegionalMarketOperationExpense" ns2:type="arc" />
        <ns0:loc ns2:href="../../ferc-core_2020-01-01.xsd#ferc_RegionalMarketExpensesMaintenanceAbstract" ns2:label="ferc_RegionalMarketExpensesMaintenanceAbstract" ns2:type="locator" />
        <ns0:definitionArc order="2" ns2:arcrole="http://xbrl.org/int/dim/arcrole/domain-member" ns2:from="ferc_RegionalMarketExpensesAbstract" ns2:to="ferc_RegionalMarketExpensesMaintenanceAbstract" ns2:type="arc" />
        <ns0:loc ns2:href="../../ferc-core_2020-01-01.xsd#ferc_MaintenanceOfStructuresAndImprovementsRegionalMarketExpenses" ns2:label="ferc_MaintenanceOfStructuresAndImprovementsRegionalMarketExpenses" ns2:type="locator" />
        <ns0:definitionArc order="1" ns2:arcrole="http://xbrl.org/int/dim/arcrole/domain-member" ns2:from="ferc_RegionalMarketExpensesMaintenanceAbstract" ns2:to="ferc_MaintenanceOfStructuresAndImprovementsRegionalMarketExpenses" ns2:type="arc" />
        <ns0:loc ns2:href="../../ferc-core_2020-01-01.xsd#ferc_MaintenanceOfComputerHardware" ns2:label="ferc_MaintenanceOfComputerHardware" ns2:type="locator" />
        <ns0:definitionArc order="2" ns2:arcrole="http://xbrl.org/int/dim/arcrole/domain-member" ns2:from="ferc_RegionalMarketExpensesMaintenanceAbstract" ns2:to="ferc_MaintenanceOfComputerHardware" ns2:type="arc" />
        <ns0:loc ns2:href="../../ferc-core_2020-01-01.xsd#ferc_MaintenanceOfComputerSoftware" ns2:label="ferc_MaintenanceOfComputerSoftware" ns2:type="locator" />
        <ns0:definitionArc order="3" ns2:arcrole="http://xbrl.org/int/dim/arcrole/domain-member" ns2:from="ferc_RegionalMarketExpensesMaintenanceAbstract" ns2:to="ferc_MaintenanceOfComputerSoftware" ns2:type="arc" />
        <ns0:loc ns2:href="../../ferc-core_2020-01-01.xsd#ferc_MaintenanceOfCommunicationEquipmentRegionalMarketExpenses" ns2:label="ferc_MaintenanceOfCommunicationEquipmentRegionalMarketExpenses" ns2:type="locator" />
        <ns0:definitionArc order="4" ns2:arcrole="http://xbrl.org/int/dim/arcrole/domain-member" ns2:from="ferc_RegionalMarketExpensesMaintenanceAbstract" ns2:to="ferc_MaintenanceOfCommunicationEquipmentRegionalMarketExpenses" ns2:type="arc" />
        <ns0:loc ns2:href="../../ferc-core_2020-01-01.xsd#ferc_MaintenanceOfMiscellaneousMarketOperationPlant" ns2:label="ferc_MaintenanceOfMiscellaneousMarketOperationPlant" ns2:type="locator" />
        <ns0:definitionArc order="5" ns2:arcrole="http://xbrl.org/int/dim/arcrole/domain-member" ns2:from="ferc_RegionalMarketExpensesMaintenanceAbstract" ns2:to="ferc_MaintenanceOfMiscellaneousMarketOperationPlant" ns2:type="arc" />
        <ns0:loc ns2:href="../../ferc-core_2020-01-01.xsd#ferc_RegionalMarketMaintenanceExpense" ns2:label="ferc_RegionalMarketMaintenanceExpense" ns2:type="locator" />
        <ns0:definitionArc order="6" ns2:arcrole="http://xbrl.org/int/dim/arcrole/domain-member" ns2:from="ferc_RegionalMarketExpensesMaintenanceAbstract" ns2:to="ferc_RegionalMarketMaintenanceExpense" ns2:type="arc" />
        <ns0:loc ns2:href="../../ferc-core_2020-01-01.xsd#ferc_RegionalMarketExpenses" ns2:label="ferc_RegionalMarketExpenses" ns2:type="locator" />
        <ns0:definitionArc order="3" ns2:arcrole="http://xbrl.org/int/dim/arcrole/domain-member" ns2:from="ferc_RegionalMarketExpensesAbstract" ns2:to="ferc_RegionalMarketExpenses" ns2:type="arc" />
        <ns0:loc ns2:href="../../ferc-core_2020-01-01.xsd#ferc_DistributionExpensesAbstract" ns2:label="ferc_DistributionExpensesAbstract" ns2:type="locator" />
        <ns0:definitionArc order="7" ns2:arcrole="http://xbrl.org/int/dim/arcrole/domain-member" ns2:from="ferc_ElectricProductionOtherPowerTransmissionRegionalExpensesLineItems" ns2:to="ferc_DistributionExpensesAbstract" ns2:type="arc" />
        <ns0:loc ns2:href="../../ferc-core_2020-01-01.xsd#ferc_DistributionOperationExpensesElectric" ns2:label="ferc_DistributionOperationExpensesElectric" ns2:type="locator" />
        <ns0:definitionArc order="1" ns2:arcrole="http://xbrl.org/int/dim/arcrole/domain-member" ns2:from="ferc_DistributionExpensesAbstract" ns2:to="ferc_DistributionOperationExpensesElectric" ns2:type="arc" />
        <ns0:loc ns2:href="../../ferc-core_2020-01-01.xsd#ferc_DistributionMaintenanceExpenseElectric" ns2:label="ferc_DistributionMaintenanceExpenseElectric" ns2:type="locator" />
        <ns0:definitionArc order="2" ns2:arcrole="http://xbrl.org/int/dim/arcrole/domain-member" ns2:from="ferc_DistributionExpensesAbstract" ns2:to="ferc_DistributionMaintenanceExpenseElectric" ns2:type="arc" />
        <ns0:loc ns2:href="../../ferc-core_2020-01-01.xsd#ferc_DistributionExpenses" ns2:label="ferc_DistributionExpenses" ns2:type="locator" />
        <ns0:definitionArc order="3" ns2:arcrole="http://xbrl.org/int/dim/arcrole/domain-member" ns2:from="ferc_DistributionExpensesAbstract" ns2:to="ferc_DistributionExpenses" ns2:type="arc" />
    </ns0:definitionLink>
    <ns0:definitionLink ns2:role="http://ferc.gov/form/2020-01-01/roles/Schedule/F1Q/ScheduleElectricProductionOtherPowerSupplyTransmissionRegionalMarketAndDistributedExpenses" ns2:type="extended" />
</ns0:linkbase>