﻿<?xml version="1.0" encoding="utf-8"?>
<!--© DNB-->
<link:linkbase xmlns:xsi="http://www.w3.org/2001/XMLSchema-instance" xmlns:xlink="http://www.w3.org/1999/xlink" xmlns:link="http://www.xbrl.org/2003/linkbase" xmlns:gen="http://xbrl.org/2008/generic" xmlns:label="http://xbrl.org/2008/label" xsi:schemaLocation="http://www.xbrl.org/2003/linkbase http://www.xbrl.org/2003/xbrl-linkbase-2003-12-31.xsd http://xbrl.org/2008/generic http://www.xbrl.org/2008/generic-link.xsd http://xbrl.org/2008/label http://www.xbrl.org/2008/generic-label.xsd">
  <link:arcroleRef arcroleURI="http://xbrl.org/arcrole/2008/element-label" xlink:type="simple" xlink:href="http://www.xbrl.org/2008/generic-label.xsd#element-label" />
  <link:roleRef roleURI="http://www.xbrl.org/2008/role/label" xlink:type="simple" xlink:href="http://www.xbrl.org/2008/generic-label.xsd#standard-label" />
  <link:roleRef roleURI="http://www.xbrl.org/2008/role/verboseLabel" xlink:type="simple" xlink:href="http://www.xbrl.org/2008/generic-label.xsd#verbose-label" />
  <link:roleRef roleURI="http://www.xbrl.org/2008/role/documentation" xlink:type="simple" xlink:href="http://www.xbrl.org/2008/generic-label.xsd#documentation" />
  <gen:link xlink:type="extended" xlink:role="http://www.xbrl.org/2003/role/link">
    <link:loc xlink:type="locator" xlink:href="hier.xsd#dnb_001" xlink:label="loc_dnb_001" />
    <label:label xlink:type="resource" xlink:label="label_dnb_001" xml:lang="en" xlink:role="http://www.xbrl.org/2008/role/label">Activa als onderpand</label:label>
    <gen:arc xlink:type="arc" xlink:arcrole="http://xbrl.org/arcrole/2008/element-label" xlink:from="loc_dnb_001" xlink:to="label_dnb_001" />
    <label:label xlink:type="resource" xlink:label="label_dnb_001_2" xml:lang="en" xlink:role="http://www.xbrl.org/2008/role/documentation">001</label:label>
    <gen:arc xlink:type="arc" xlink:arcrole="http://xbrl.org/arcrole/2008/element-label" xlink:from="loc_dnb_001" xlink:to="label_dnb_001_2" />
    <link:loc xlink:type="locator" xlink:href="hier.xsd#dnb_002" xlink:label="loc_dnb_002" />
    <label:label xlink:type="resource" xlink:label="label_dnb_002" xml:lang="en" xlink:role="http://www.xbrl.org/2008/role/label">Alternative investment</label:label>
    <gen:arc xlink:type="arc" xlink:arcrole="http://xbrl.org/arcrole/2008/element-label" xlink:from="loc_dnb_002" xlink:to="label_dnb_002" />
    <label:label xlink:type="resource" xlink:label="label_dnb_002_2" xml:lang="en" xlink:role="http://www.xbrl.org/2008/role/documentation">002</label:label>
    <gen:arc xlink:type="arc" xlink:arcrole="http://xbrl.org/arcrole/2008/element-label" xlink:from="loc_dnb_002" xlink:to="label_dnb_002_2" />
    <link:loc xlink:type="locator" xlink:href="hier.xsd#dnb_003" xlink:label="loc_dnb_003" />
    <label:label xlink:type="resource" xlink:label="label_dnb_003" xml:lang="en" xlink:role="http://www.xbrl.org/2008/role/label">Gebruik derivaat</label:label>
    <gen:arc xlink:type="arc" xlink:arcrole="http://xbrl.org/arcrole/2008/element-label" xlink:from="loc_dnb_003" xlink:to="label_dnb_003" />
    <label:label xlink:type="resource" xlink:label="label_dnb_003_2" xml:lang="en" xlink:role="http://www.xbrl.org/2008/role/documentation">003</label:label>
    <gen:arc xlink:type="arc" xlink:arcrole="http://xbrl.org/arcrole/2008/element-label" xlink:from="loc_dnb_003" xlink:to="label_dnb_003_2" />
    <link:loc xlink:type="locator" xlink:href="hier.xsd#dnb_004" xlink:label="loc_dnb_004" />
    <label:label xlink:type="resource" xlink:label="label_dnb_004" xml:lang="en" xlink:role="http://www.xbrl.org/2008/role/label">Infrastructure investments</label:label>
    <gen:arc xlink:type="arc" xlink:arcrole="http://xbrl.org/arcrole/2008/element-label" xlink:from="loc_dnb_004" xlink:to="label_dnb_004" />
    <label:label xlink:type="resource" xlink:label="label_dnb_004_2" xml:lang="en" xlink:role="http://www.xbrl.org/2008/role/documentation">004</label:label>
    <gen:arc xlink:type="arc" xlink:arcrole="http://xbrl.org/arcrole/2008/element-label" xlink:from="loc_dnb_004" xlink:to="label_dnb_004_2" />
    <link:loc xlink:type="locator" xlink:href="hier.xsd#dnb_005" xlink:label="loc_dnb_005" />
    <label:label xlink:type="resource" xlink:label="label_dnb_005" xml:lang="en" xlink:role="http://www.xbrl.org/2008/role/label">Koper/verkoper</label:label>
    <gen:arc xlink:type="arc" xlink:arcrole="http://xbrl.org/arcrole/2008/element-label" xlink:from="loc_dnb_005" xlink:to="label_dnb_005" />
    <label:label xlink:type="resource" xlink:label="label_dnb_005_2" xml:lang="en" xlink:role="http://www.xbrl.org/2008/role/documentation">005</label:label>
    <gen:arc xlink:type="arc" xlink:arcrole="http://xbrl.org/arcrole/2008/element-label" xlink:from="loc_dnb_005" xlink:to="label_dnb_005_2" />
    <link:loc xlink:type="locator" xlink:href="hier.xsd#dnb_006" xlink:label="loc_dnb_006" />
    <label:label xlink:type="resource" xlink:label="label_dnb_006" xml:lang="en" xlink:role="http://www.xbrl.org/2008/role/label">Credit quality step</label:label>
    <gen:arc xlink:type="arc" xlink:arcrole="http://xbrl.org/arcrole/2008/element-label" xlink:from="loc_dnb_006" xlink:to="label_dnb_006" />
    <label:label xlink:type="resource" xlink:label="label_dnb_006_2" xml:lang="en" xlink:role="http://www.xbrl.org/2008/role/documentation">006</label:label>
    <gen:arc xlink:type="arc" xlink:arcrole="http://xbrl.org/arcrole/2008/element-label" xlink:from="loc_dnb_006" xlink:to="label_dnb_006_2" />
    <link:loc xlink:type="locator" xlink:href="hier.xsd#dnb_007" xlink:label="loc_dnb_007" />
    <label:label xlink:type="resource" xlink:label="label_dnb_007" xml:lang="en" xlink:role="http://www.xbrl.org/2008/role/label">Country of custody</label:label>
    <gen:arc xlink:type="arc" xlink:arcrole="http://xbrl.org/arcrole/2008/element-label" xlink:from="loc_dnb_007" xlink:to="label_dnb_007" />
    <label:label xlink:type="resource" xlink:label="label_dnb_007_2" xml:lang="en" xlink:role="http://www.xbrl.org/2008/role/documentation">007</label:label>
    <gen:arc xlink:type="arc" xlink:arcrole="http://xbrl.org/arcrole/2008/element-label" xlink:from="loc_dnb_007" xlink:to="label_dnb_007_2" />
    <link:loc xlink:type="locator" xlink:href="hier.xsd#dnb_008" xlink:label="loc_dnb_008" />
    <label:label xlink:type="resource" xlink:label="label_dnb_008" xml:lang="en" xlink:role="http://www.xbrl.org/2008/role/label">Issuer Country</label:label>
    <gen:arc xlink:type="arc" xlink:arcrole="http://xbrl.org/arcrole/2008/element-label" xlink:from="loc_dnb_008" xlink:to="label_dnb_008" />
    <label:label xlink:type="resource" xlink:label="label_dnb_008_2" xml:lang="en" xlink:role="http://www.xbrl.org/2008/role/documentation">008</label:label>
    <gen:arc xlink:type="arc" xlink:arcrole="http://xbrl.org/arcrole/2008/element-label" xlink:from="loc_dnb_008" xlink:to="label_dnb_008_2" />
    <link:loc xlink:type="locator" xlink:href="hier.xsd#dnb_009" xlink:label="loc_dnb_009" />
    <label:label xlink:type="resource" xlink:label="label_dnb_009" xml:lang="en" xlink:role="http://www.xbrl.org/2008/role/label">Liquidatietrigger</label:label>
    <gen:arc xlink:type="arc" xlink:arcrole="http://xbrl.org/arcrole/2008/element-label" xlink:from="loc_dnb_009" xlink:to="label_dnb_009" />
    <label:label xlink:type="resource" xlink:label="label_dnb_009_2" xml:lang="en" xlink:role="http://www.xbrl.org/2008/role/documentation">009</label:label>
    <gen:arc xlink:type="arc" xlink:arcrole="http://xbrl.org/arcrole/2008/element-label" xlink:from="loc_dnb_009" xlink:to="label_dnb_009_2" />
    <link:loc xlink:type="locator" xlink:href="hier.xsd#dnb_010" xlink:label="loc_dnb_010" />
    <label:label xlink:type="resource" xlink:label="label_dnb_010" xml:lang="en" xlink:role="http://www.xbrl.org/2008/role/label">Portfolio/pension scheme type</label:label>
    <gen:arc xlink:type="arc" xlink:arcrole="http://xbrl.org/arcrole/2008/element-label" xlink:from="loc_dnb_010" xlink:to="label_dnb_010" />
    <label:label xlink:type="resource" xlink:label="label_dnb_010_2" xml:lang="en" xlink:role="http://www.xbrl.org/2008/role/documentation">010</label:label>
    <gen:arc xlink:type="arc" xlink:arcrole="http://xbrl.org/arcrole/2008/element-label" xlink:from="loc_dnb_010" xlink:to="label_dnb_010_2" />
    <link:loc xlink:type="locator" xlink:href="hier.xsd#dnb_011" xlink:label="loc_dnb_011" />
    <label:label xlink:type="resource" xlink:label="label_dnb_011" xml:lang="en" xlink:role="http://www.xbrl.org/2008/role/label">Nominated ECAI</label:label>
    <gen:arc xlink:type="arc" xlink:arcrole="http://xbrl.org/arcrole/2008/element-label" xlink:from="loc_dnb_011" xlink:to="label_dnb_011" />
    <label:label xlink:type="resource" xlink:label="label_dnb_011_2" xml:lang="en" xlink:role="http://www.xbrl.org/2008/role/documentation">011</label:label>
    <gen:arc xlink:type="arc" xlink:arcrole="http://xbrl.org/arcrole/2008/element-label" xlink:from="loc_dnb_011" xlink:to="label_dnb_011_2" />
    <link:loc xlink:type="locator" xlink:href="hier.xsd#dnb_012" xlink:label="loc_dnb_012" />
    <label:label xlink:type="resource" xlink:label="label_dnb_012" xml:lang="en" xlink:role="http://www.xbrl.org/2008/role/label">Sector emittent</label:label>
    <gen:arc xlink:type="arc" xlink:arcrole="http://xbrl.org/arcrole/2008/element-label" xlink:from="loc_dnb_012" xlink:to="label_dnb_012" />
    <label:label xlink:type="resource" xlink:label="label_dnb_012_2" xml:lang="en" xlink:role="http://www.xbrl.org/2008/role/documentation">012</label:label>
    <gen:arc xlink:type="arc" xlink:arcrole="http://xbrl.org/arcrole/2008/element-label" xlink:from="loc_dnb_012" xlink:to="label_dnb_012_2" />
    <link:loc xlink:type="locator" xlink:href="hier.xsd#dnb_013" xlink:label="loc_dnb_013" />
    <label:label xlink:type="resource" xlink:label="label_dnb_013" xml:lang="en" xlink:role="http://www.xbrl.org/2008/role/label">Currency</label:label>
    <gen:arc xlink:type="arc" xlink:arcrole="http://xbrl.org/arcrole/2008/element-label" xlink:from="loc_dnb_013" xlink:to="label_dnb_013" />
    <label:label xlink:type="resource" xlink:label="label_dnb_013_2" xml:lang="en" xlink:role="http://www.xbrl.org/2008/role/documentation">013</label:label>
    <gen:arc xlink:type="arc" xlink:arcrole="http://xbrl.org/arcrole/2008/element-label" xlink:from="loc_dnb_013" xlink:to="label_dnb_013_2" />
    <link:loc xlink:type="locator" xlink:href="hier.xsd#dnb_014" xlink:label="loc_dnb_014" />
    <label:label xlink:type="resource" xlink:label="label_dnb_014" xml:lang="en" xlink:role="http://www.xbrl.org/2008/role/label">Valuation method</label:label>
    <gen:arc xlink:type="arc" xlink:arcrole="http://xbrl.org/arcrole/2008/element-label" xlink:from="loc_dnb_014" xlink:to="label_dnb_014" />
    <label:label xlink:type="resource" xlink:label="label_dnb_014_2" xml:lang="en" xlink:role="http://www.xbrl.org/2008/role/documentation">014</label:label>
    <gen:arc xlink:type="arc" xlink:arcrole="http://xbrl.org/arcrole/2008/element-label" xlink:from="loc_dnb_014" xlink:to="label_dnb_014_2" />
  </gen:link>
</link:linkbase>