<ns0:linkbase xmlns:ns0="http://www.xbrl.org/2003/linkbase" xmlns:ns2="http://www.w3.org/1999/xlink" xmlns:xsi="http://www.w3.org/2001/XMLSchema-instance" xsi:schemaLocation="http://www.xbrl.org/2003/linkbase http://www.xbrl.org/2003/xbrl-linkbase-2003-12-31.xsd">
    <ns0:roleRef roleURI="http://ferc.gov/form/2020-01-01/roles/Schedule/F1/SchedulePumpedStorageGeneratingPlantStatistics" ns2:href="form-1-sched-SchedulePumpedStorageGeneratingPlantStatistics_2020-01-01.xsd#roleType_SchedulePumpedStorageGeneratingPlantStatistics" ns2:type="simple" />
    <ns0:calculationLink ns2:role="http://ferc.gov/form/2020-01-01/roles/Schedule/F1/SchedulePumpedStorageGeneratingPlantStatistics" ns2:type="extended">
        <ns0:loc ns2:href="../../ferc-core_2020-01-01.xsd#ferc_NetOutputForLoad" ns2:label="ferc_NetOutputForLoad" ns2:type="locator" />
        <ns0:loc ns2:href="../../ferc-core_2020-01-01.xsd#ferc_NetGenerationExcludingPlantUse" ns2:label="ferc_NetGenerationExcludingPlantUse" ns2:type="locator" />
        <ns0:calculationArc order="1" weight="1" ns2:arcrole="http://www.xbrl.org/2003/arcrole/summation-item" ns2:from="ferc_NetOutputForLoad" ns2:to="ferc_NetGenerationExcludingPlantUse" ns2:type="arc" />
        <ns0:loc ns2:href="../../ferc-core_2020-01-01.xsd#ferc_EnergyUsedForPumping" ns2:label="ferc_EnergyUsedForPumping" ns2:type="locator" />
        <ns0:calculationArc order="1" weight="-1" ns2:arcrole="http://www.xbrl.org/2003/arcrole/summation-item" ns2:from="ferc_NetOutputForLoad" ns2:to="ferc_EnergyUsedForPumping" ns2:type="arc" />
        <ns0:loc ns2:href="../../ferc-core_2020-01-01.xsd#ferc_CostOfPlant" ns2:label="ferc_CostOfPlant" ns2:type="locator" />
        <ns0:loc ns2:href="../../ferc-core_2020-01-01.xsd#ferc_CostOfLandAndLandRightsPumpedStoragePlant" ns2:label="ferc_CostOfLandAndLandRightsPumpedStoragePlant" ns2:type="locator" />
        <ns0:calculationArc order="1" weight="1" ns2:arcrole="http://www.xbrl.org/2003/arcrole/summation-item" ns2:from="ferc_CostOfPlant" ns2:to="ferc_CostOfLandAndLandRightsPumpedStoragePlant" ns2:type="arc" />
        <ns0:loc ns2:href="../../ferc-core_2020-01-01.xsd#ferc_CostOfStructuresAndImprovementsPumpedStoragePlant" ns2:label="ferc_CostOfStructuresAndImprovementsPumpedStoragePlant" ns2:type="locator" />
        <ns0:calculationArc order="1" weight="1" ns2:arcrole="http://www.xbrl.org/2003/arcrole/summation-item" ns2:from="ferc_CostOfPlant" ns2:to="ferc_CostOfStructuresAndImprovementsPumpedStoragePlant" ns2:type="arc" />
        <ns0:loc ns2:href="../../ferc-core_2020-01-01.xsd#ferc_CostOfReservoirsDamsAndWaterwaysPumpedStoragePlant" ns2:label="ferc_CostOfReservoirsDamsAndWaterwaysPumpedStoragePlant" ns2:type="locator" />
        <ns0:calculationArc order="1" weight="1" ns2:arcrole="http://www.xbrl.org/2003/arcrole/summation-item" ns2:from="ferc_CostOfPlant" ns2:to="ferc_CostOfReservoirsDamsAndWaterwaysPumpedStoragePlant" ns2:type="arc" />
        <ns0:loc ns2:href="../../ferc-core_2020-01-01.xsd#ferc_CostOfWaterWheelsTurbinesAndGeneratorsPumpedStoragePlant" ns2:label="ferc_CostOfWaterWheelsTurbinesAndGeneratorsPumpedStoragePlant" ns2:type="locator" />
        <ns0:calculationArc order="1" weight="1" ns2:arcrole="http://www.xbrl.org/2003/arcrole/summation-item" ns2:from="ferc_CostOfPlant" ns2:to="ferc_CostOfWaterWheelsTurbinesAndGeneratorsPumpedStoragePlant" ns2:type="arc" />
        <ns0:loc ns2:href="../../ferc-core_2020-01-01.xsd#ferc_CostOfAccessoryElectricEquipmentPumpedStoragePlant" ns2:label="ferc_CostOfAccessoryElectricEquipmentPumpedStoragePlant" ns2:type="locator" />
        <ns0:calculationArc order="1" weight="1" ns2:arcrole="http://www.xbrl.org/2003/arcrole/summation-item" ns2:from="ferc_CostOfPlant" ns2:to="ferc_CostOfAccessoryElectricEquipmentPumpedStoragePlant" ns2:type="arc" />
        <ns0:loc ns2:href="../../ferc-core_2020-01-01.xsd#ferc_CostOfMiscellaneousPowerPlantEquipmentPumpedStoragePlant" ns2:label="ferc_CostOfMiscellaneousPowerPlantEquipmentPumpedStoragePlant" ns2:type="locator" />
        <ns0:calculationArc order="1" weight="1" ns2:arcrole="http://www.xbrl.org/2003/arcrole/summation-item" ns2:from="ferc_CostOfPlant" ns2:to="ferc_CostOfMiscellaneousPowerPlantEquipmentPumpedStoragePlant" ns2:type="arc" />
        <ns0:loc ns2:href="../../ferc-core_2020-01-01.xsd#ferc_CostOfRoadsRailroadsAndBridgesPumpedStoragePlant" ns2:label="ferc_CostOfRoadsRailroadsAndBridgesPumpedStoragePlant" ns2:type="locator" />
        <ns0:calculationArc order="1" weight="1" ns2:arcrole="http://www.xbrl.org/2003/arcrole/summation-item" ns2:from="ferc_CostOfPlant" ns2:to="ferc_CostOfRoadsRailroadsAndBridgesPumpedStoragePlant" ns2:type="arc" />
        <ns0:loc ns2:href="../../ferc-core_2020-01-01.xsd#ferc_AssetRetirementCostsPumpedStoragePlant" ns2:label="ferc_AssetRetirementCostsPumpedStoragePlant" ns2:type="locator" />
        <ns0:calculationArc order="1" weight="1" ns2:arcrole="http://www.xbrl.org/2003/arcrole/summation-item" ns2:from="ferc_CostOfPlant" ns2:to="ferc_AssetRetirementCostsPumpedStoragePlant" ns2:type="arc" />
        <ns0:loc ns2:href="../../ferc-core_2020-01-01.xsd#ferc_PowerProductionExpensesSteamPower" ns2:label="ferc_PowerProductionExpensesSteamPower" ns2:type="locator" />
        <ns0:calculationArc order="1" weight="1" ns2:arcrole="http://www.xbrl.org/2003/arcrole/summation-item" ns2:from="ferc_PowerProductionExpensesSteamPower" ns2:to="ferc_CostOfPlant" ns2:type="arc" />
        <ns0:loc ns2:href="../../ferc-core_2020-01-01.xsd#ferc_PowerProductionExpenseBeforePumpingExpenses" ns2:label="ferc_PowerProductionExpenseBeforePumpingExpenses" ns2:type="locator" />
        <ns0:loc ns2:href="../../ferc-core_2020-01-01.xsd#ferc_OperationSupervisionAndEngineeringExpense" ns2:label="ferc_OperationSupervisionAndEngineeringExpense" ns2:type="locator" />
        <ns0:calculationArc order="1" weight="1" ns2:arcrole="http://www.xbrl.org/2003/arcrole/summation-item" ns2:from="ferc_PowerProductionExpenseBeforePumpingExpenses" ns2:to="ferc_OperationSupervisionAndEngineeringExpense" ns2:type="arc" />
        <ns0:loc ns2:href="../../ferc-core_2020-01-01.xsd#ferc_WaterForPower" ns2:label="ferc_WaterForPower" ns2:type="locator" />
        <ns0:calculationArc order="1" weight="1" ns2:arcrole="http://www.xbrl.org/2003/arcrole/summation-item" ns2:from="ferc_PowerProductionExpenseBeforePumpingExpenses" ns2:to="ferc_WaterForPower" ns2:type="arc" />
        <ns0:loc ns2:href="../../ferc-core_2020-01-01.xsd#ferc_PumpedStorageExpenses" ns2:label="ferc_PumpedStorageExpenses" ns2:type="locator" />
        <ns0:calculationArc order="1" weight="1" ns2:arcrole="http://www.xbrl.org/2003/arcrole/summation-item" ns2:from="ferc_PowerProductionExpenseBeforePumpingExpenses" ns2:to="ferc_PumpedStorageExpenses" ns2:type="arc" />
        <ns0:loc ns2:href="../../ferc-core_2020-01-01.xsd#ferc_ElectricExpensesPumpedStoragePlant" ns2:label="ferc_ElectricExpensesPumpedStoragePlant" ns2:type="locator" />
        <ns0:calculationArc order="1" weight="1" ns2:arcrole="http://www.xbrl.org/2003/arcrole/summation-item" ns2:from="ferc_PowerProductionExpenseBeforePumpingExpenses" ns2:to="ferc_ElectricExpensesPumpedStoragePlant" ns2:type="arc" />
        <ns0:loc ns2:href="../../ferc-core_2020-01-01.xsd#ferc_MiscellaneousPumpedStoragePowerGenerationExpenses" ns2:label="ferc_MiscellaneousPumpedStoragePowerGenerationExpenses" ns2:type="locator" />
        <ns0:calculationArc order="1" weight="1" ns2:arcrole="http://www.xbrl.org/2003/arcrole/summation-item" ns2:from="ferc_PowerProductionExpenseBeforePumpingExpenses" ns2:to="ferc_MiscellaneousPumpedStoragePowerGenerationExpenses" ns2:type="arc" />
        <ns0:loc ns2:href="../../ferc-core_2020-01-01.xsd#ferc_RentsPumpedStoragePlant" ns2:label="ferc_RentsPumpedStoragePlant" ns2:type="locator" />
        <ns0:calculationArc order="1" weight="1" ns2:arcrole="http://www.xbrl.org/2003/arcrole/summation-item" ns2:from="ferc_PowerProductionExpenseBeforePumpingExpenses" ns2:to="ferc_RentsPumpedStoragePlant" ns2:type="arc" />
        <ns0:loc ns2:href="../../ferc-core_2020-01-01.xsd#ferc_MaintenanceSupervisionAndEngineeringPumpedStoragePlant" ns2:label="ferc_MaintenanceSupervisionAndEngineeringPumpedStoragePlant" ns2:type="locator" />
        <ns0:calculationArc order="1" weight="1" ns2:arcrole="http://www.xbrl.org/2003/arcrole/summation-item" ns2:from="ferc_PowerProductionExpenseBeforePumpingExpenses" ns2:to="ferc_MaintenanceSupervisionAndEngineeringPumpedStoragePlant" ns2:type="arc" />
        <ns0:loc ns2:href="../../ferc-core_2020-01-01.xsd#ferc_MaintenanceOfStructuresPumpedStoragePlant" ns2:label="ferc_MaintenanceOfStructuresPumpedStoragePlant" ns2:type="locator" />
        <ns0:calculationArc order="1" weight="1" ns2:arcrole="http://www.xbrl.org/2003/arcrole/summation-item" ns2:from="ferc_PowerProductionExpenseBeforePumpingExpenses" ns2:to="ferc_MaintenanceOfStructuresPumpedStoragePlant" ns2:type="arc" />
        <ns0:loc ns2:href="../../ferc-core_2020-01-01.xsd#ferc_MaintenanceOfReservoirsDamsAndWaterwaysPumpedStoragePlant" ns2:label="ferc_MaintenanceOfReservoirsDamsAndWaterwaysPumpedStoragePlant" ns2:type="locator" />
        <ns0:calculationArc order="1" weight="1" ns2:arcrole="http://www.xbrl.org/2003/arcrole/summation-item" ns2:from="ferc_PowerProductionExpenseBeforePumpingExpenses" ns2:to="ferc_MaintenanceOfReservoirsDamsAndWaterwaysPumpedStoragePlant" ns2:type="arc" />
        <ns0:loc ns2:href="../../ferc-core_2020-01-01.xsd#ferc_MaintenanceOfElectricPlantPumpedStoragePlant" ns2:label="ferc_MaintenanceOfElectricPlantPumpedStoragePlant" ns2:type="locator" />
        <ns0:calculationArc order="1" weight="1" ns2:arcrole="http://www.xbrl.org/2003/arcrole/summation-item" ns2:from="ferc_PowerProductionExpenseBeforePumpingExpenses" ns2:to="ferc_MaintenanceOfElectricPlantPumpedStoragePlant" ns2:type="arc" />
        <ns0:loc ns2:href="../../ferc-core_2020-01-01.xsd#ferc_MaintenanceOfMiscellaneousPumpedStoragePlant" ns2:label="ferc_MaintenanceOfMiscellaneousPumpedStoragePlant" ns2:type="locator" />
        <ns0:calculationArc order="1" weight="1" ns2:arcrole="http://www.xbrl.org/2003/arcrole/summation-item" ns2:from="ferc_PowerProductionExpenseBeforePumpingExpenses" ns2:to="ferc_MaintenanceOfMiscellaneousPumpedStoragePlant" ns2:type="arc" />
        <ns0:loc ns2:href="../../ferc-core_2020-01-01.xsd#ferc_PowerProductionExpensesPumpedStoragePlant" ns2:label="ferc_PowerProductionExpensesPumpedStoragePlant" ns2:type="locator" />
        <ns0:calculationArc order="1" weight="1" ns2:arcrole="http://www.xbrl.org/2003/arcrole/summation-item" ns2:from="ferc_PowerProductionExpensesPumpedStoragePlant" ns2:to="ferc_PowerProductionExpenseBeforePumpingExpenses" ns2:type="arc" />
        <ns0:loc ns2:href="../../ferc-core_2020-01-01.xsd#ferc_PumpingExpenses" ns2:label="ferc_PumpingExpenses" ns2:type="locator" />
        <ns0:calculationArc order="1" weight="1" ns2:arcrole="http://www.xbrl.org/2003/arcrole/summation-item" ns2:from="ferc_PowerProductionExpensesPumpedStoragePlant" ns2:to="ferc_PumpingExpenses" ns2:type="arc" />
    </ns0:calculationLink>
</ns0:linkbase>