<ns0:linkbase xmlns:ns0="http://www.xbrl.org/2003/linkbase" xmlns:ns2="http://www.w3.org/1999/xlink" xmlns:xsi="http://www.w3.org/2001/XMLSchema-instance" xsi:schemaLocation="http://www.xbrl.org/2003/linkbase http://www.xbrl.org/2003/xbrl-linkbase-2003-12-31.xsd">
    <ns0:roleRef roleURI="http://ferc.gov/form/2020-01-01/roles/label/F1IncomeStatement" ns2:href="../../ferc-core-lab-roles_2020-01-01.xsd#F1IncomeStatement" ns2:type="simple" />
    <ns0:roleRef roleURI="http://ferc.gov/form/2020-01-01/roles/label/F1Total" ns2:href="../../ferc-core-lab-roles_2020-01-01.xsd#F1Total" ns2:type="simple" />
    <ns0:roleRef roleURI="http://ferc.gov/form/2020-01-01/roles/Schedule/F1/IncomeStatment" ns2:href="form-1-sched-StatementOfIncome_2020-01-01.xsd#roleType_IncomeStatment" ns2:type="simple" />
    <ns0:presentationLink ns2:role="http://ferc.gov/form/2020-01-01/roles/Schedule/F1/IncomeStatment" ns2:type="extended">
        <ns0:loc ns2:href="../../ferc-core_2020-01-01.xsd#ferc_ScheduleStatementOfIncomeAbstract" ns2:label="ferc_ScheduleStatementOfIncomeAbstract" ns2:type="locator" />
        <ns0:loc ns2:href="../../ferc-core_2020-01-01.xsd#ferc_StatementOfIncomeTable" ns2:label="ferc_StatementOfIncomeTable" ns2:type="locator" />
        <ns0:presentationArc order="1" ns2:arcrole="http://www.xbrl.org/2003/arcrole/parent-child" ns2:from="ferc_ScheduleStatementOfIncomeAbstract" ns2:to="ferc_StatementOfIncomeTable" ns2:type="arc" />
        <ns0:loc ns2:href="../../ferc-core_2020-01-01.xsd#ferc_UtilityTypeAxis" ns2:label="ferc_UtilityTypeAxis" ns2:type="locator" />
        <ns0:presentationArc order="1" ns2:arcrole="http://www.xbrl.org/2003/arcrole/parent-child" ns2:from="ferc_StatementOfIncomeTable" ns2:to="ferc_UtilityTypeAxis" ns2:type="arc" />
        <ns0:loc ns2:href="../../ferc-core_2020-01-01.xsd#ferc_UtilityTypeDomain" ns2:label="ferc_UtilityTypeDomain" ns2:type="locator" />
        <ns0:presentationArc order="1" ns2:arcrole="http://www.xbrl.org/2003/arcrole/parent-child" ns2:from="ferc_UtilityTypeAxis" ns2:to="ferc_UtilityTypeDomain" ns2:type="arc" />
        <ns0:loc ns2:href="../../ferc-core_2020-01-01.xsd#ferc_ElectricUtilityMember" ns2:label="ferc_ElectricUtilityMember" ns2:type="locator" />
        <ns0:presentationArc order="1" ns2:arcrole="http://www.xbrl.org/2003/arcrole/parent-child" ns2:from="ferc_UtilityTypeDomain" ns2:to="ferc_ElectricUtilityMember" ns2:type="arc" />
        <ns0:loc ns2:href="../../ferc-core_2020-01-01.xsd#ferc_GasUtilityMember" ns2:label="ferc_GasUtilityMember" ns2:type="locator" />
        <ns0:presentationArc order="2" ns2:arcrole="http://www.xbrl.org/2003/arcrole/parent-child" ns2:from="ferc_UtilityTypeDomain" ns2:to="ferc_GasUtilityMember" ns2:type="arc" />
        <ns0:loc ns2:href="../../ferc-core_2020-01-01.xsd#ferc_OtherUtilityMember" ns2:label="ferc_OtherUtilityMember" ns2:type="locator" />
        <ns0:presentationArc order="3" ns2:arcrole="http://www.xbrl.org/2003/arcrole/parent-child" ns2:from="ferc_UtilityTypeDomain" ns2:to="ferc_OtherUtilityMember" ns2:type="arc" />
        <ns0:loc ns2:href="../../ferc-core_2020-01-01.xsd#ferc_StatementOfIncomeLineItems" ns2:label="ferc_StatementOfIncomeLineItems" ns2:type="locator" />
        <ns0:presentationArc order="2" ns2:arcrole="http://www.xbrl.org/2003/arcrole/parent-child" ns2:from="ferc_StatementOfIncomeTable" ns2:to="ferc_StatementOfIncomeLineItems" ns2:type="arc" />
        <ns0:loc ns2:href="../../ferc-core_2020-01-01.xsd#ferc_UtilityOperatingIncomeAbstract" ns2:label="ferc_UtilityOperatingIncomeAbstract" ns2:type="locator" />
        <ns0:presentationArc order="1" preferredLabel="http://ferc.gov/form/2020-01-01/roles/label/F1IncomeStatement" ns2:arcrole="http://www.xbrl.org/2003/arcrole/parent-child" ns2:from="ferc_StatementOfIncomeLineItems" ns2:to="ferc_UtilityOperatingIncomeAbstract" ns2:type="arc" />
        <ns0:loc ns2:href="../../ferc-core_2020-01-01.xsd#ferc_OperatingRevenues" ns2:label="ferc_OperatingRevenues" ns2:type="locator" />
        <ns0:presentationArc order="1" preferredLabel="http://ferc.gov/form/2020-01-01/roles/label/F1IncomeStatement" ns2:arcrole="http://www.xbrl.org/2003/arcrole/parent-child" ns2:from="ferc_UtilityOperatingIncomeAbstract" ns2:to="ferc_OperatingRevenues" ns2:type="arc" />
        <ns0:loc ns2:href="../../ferc-core_2020-01-01.xsd#ferc_OperatingExpensesAbstract" ns2:label="ferc_OperatingExpensesAbstract" ns2:type="locator" />
        <ns0:presentationArc order="2" preferredLabel="http://ferc.gov/form/2020-01-01/roles/label/F1IncomeStatement" ns2:arcrole="http://www.xbrl.org/2003/arcrole/parent-child" ns2:from="ferc_StatementOfIncomeLineItems" ns2:to="ferc_OperatingExpensesAbstract" ns2:type="arc" />
        <ns0:loc ns2:href="../../ferc-core_2020-01-01.xsd#ferc_OperationExpense" ns2:label="ferc_OperationExpense" ns2:type="locator" />
        <ns0:presentationArc order="1" preferredLabel="http://ferc.gov/form/2020-01-01/roles/label/F1IncomeStatement" ns2:arcrole="http://www.xbrl.org/2003/arcrole/parent-child" ns2:from="ferc_OperatingExpensesAbstract" ns2:to="ferc_OperationExpense" ns2:type="arc" />
        <ns0:loc ns2:href="../../ferc-core_2020-01-01.xsd#ferc_MaintenanceExpense" ns2:label="ferc_MaintenanceExpense" ns2:type="locator" />
        <ns0:presentationArc order="2" preferredLabel="http://ferc.gov/form/2020-01-01/roles/label/F1IncomeStatement" ns2:arcrole="http://www.xbrl.org/2003/arcrole/parent-child" ns2:from="ferc_OperatingExpensesAbstract" ns2:to="ferc_MaintenanceExpense" ns2:type="arc" />
        <ns0:loc ns2:href="../../ferc-core_2020-01-01.xsd#ferc_DepreciationExpense" ns2:label="ferc_DepreciationExpense" ns2:type="locator" />
        <ns0:presentationArc order="3" preferredLabel="http://ferc.gov/form/2020-01-01/roles/label/F1IncomeStatement" ns2:arcrole="http://www.xbrl.org/2003/arcrole/parent-child" ns2:from="ferc_OperatingExpensesAbstract" ns2:to="ferc_DepreciationExpense" ns2:type="arc" />
        <ns0:loc ns2:href="../../ferc-core_2020-01-01.xsd#ferc_DepreciationExpenseForAssetRetirementCosts" ns2:label="ferc_DepreciationExpenseForAssetRetirementCosts" ns2:type="locator" />
        <ns0:presentationArc order="4" preferredLabel="http://ferc.gov/form/2020-01-01/roles/label/F1IncomeStatement" ns2:arcrole="http://www.xbrl.org/2003/arcrole/parent-child" ns2:from="ferc_OperatingExpensesAbstract" ns2:to="ferc_DepreciationExpenseForAssetRetirementCosts" ns2:type="arc" />
        <ns0:loc ns2:href="../../ferc-core_2020-01-01.xsd#ferc_AmortizationAndDepletionOfUtilityPlant" ns2:label="ferc_AmortizationAndDepletionOfUtilityPlant" ns2:type="locator" />
        <ns0:presentationArc order="5" preferredLabel="http://ferc.gov/form/2020-01-01/roles/label/F1IncomeStatement" ns2:arcrole="http://www.xbrl.org/2003/arcrole/parent-child" ns2:from="ferc_OperatingExpensesAbstract" ns2:to="ferc_AmortizationAndDepletionOfUtilityPlant" ns2:type="arc" />
        <ns0:loc ns2:href="../../ferc-core_2020-01-01.xsd#ferc_AmortizationOfElectricPlantAcquisitionAdjustments" ns2:label="ferc_AmortizationOfElectricPlantAcquisitionAdjustments" ns2:type="locator" />
        <ns0:presentationArc order="6" preferredLabel="http://ferc.gov/form/2020-01-01/roles/label/F1IncomeStatement" ns2:arcrole="http://www.xbrl.org/2003/arcrole/parent-child" ns2:from="ferc_OperatingExpensesAbstract" ns2:to="ferc_AmortizationOfElectricPlantAcquisitionAdjustments" ns2:type="arc" />
        <ns0:loc ns2:href="../../ferc-core_2020-01-01.xsd#ferc_AmortizationOfPropertyLossesUnrecoveredPlantAndRegulatoryStudyCosts" ns2:label="ferc_AmortizationOfPropertyLossesUnrecoveredPlantAndRegulatoryStudyCosts" ns2:type="locator" />
        <ns0:presentationArc order="7" preferredLabel="http://ferc.gov/form/2020-01-01/roles/label/F1IncomeStatement" ns2:arcrole="http://www.xbrl.org/2003/arcrole/parent-child" ns2:from="ferc_OperatingExpensesAbstract" ns2:to="ferc_AmortizationOfPropertyLossesUnrecoveredPlantAndRegulatoryStudyCosts" ns2:type="arc" />
        <ns0:loc ns2:href="../../ferc-core_2020-01-01.xsd#ferc_AmortizationOfConversionExpenses" ns2:label="ferc_AmortizationOfConversionExpenses" ns2:type="locator" />
        <ns0:presentationArc order="8" preferredLabel="http://ferc.gov/form/2020-01-01/roles/label/F1IncomeStatement" ns2:arcrole="http://www.xbrl.org/2003/arcrole/parent-child" ns2:from="ferc_OperatingExpensesAbstract" ns2:to="ferc_AmortizationOfConversionExpenses" ns2:type="arc" />
        <ns0:loc ns2:href="../../ferc-core_2020-01-01.xsd#ferc_RegulatoryDebits" ns2:label="ferc_RegulatoryDebits" ns2:type="locator" />
        <ns0:presentationArc order="9" preferredLabel="http://ferc.gov/form/2020-01-01/roles/label/F1IncomeStatement" ns2:arcrole="http://www.xbrl.org/2003/arcrole/parent-child" ns2:from="ferc_OperatingExpensesAbstract" ns2:to="ferc_RegulatoryDebits" ns2:type="arc" />
        <ns0:loc ns2:href="../../ferc-core_2020-01-01.xsd#ferc_RegulatoryCredits" ns2:label="ferc_RegulatoryCredits" ns2:type="locator" />
        <ns0:presentationArc order="10" preferredLabel="http://ferc.gov/form/2020-01-01/roles/label/F1IncomeStatement" ns2:arcrole="http://www.xbrl.org/2003/arcrole/parent-child" ns2:from="ferc_OperatingExpensesAbstract" ns2:to="ferc_RegulatoryCredits" ns2:type="arc" />
        <ns0:loc ns2:href="../../ferc-core_2020-01-01.xsd#ferc_TaxesOtherThanIncomeTaxesUtilityOperatingIncome" ns2:label="ferc_TaxesOtherThanIncomeTaxesUtilityOperatingIncome" ns2:type="locator" />
        <ns0:presentationArc order="11" preferredLabel="http://ferc.gov/form/2020-01-01/roles/label/F1IncomeStatement" ns2:arcrole="http://www.xbrl.org/2003/arcrole/parent-child" ns2:from="ferc_OperatingExpensesAbstract" ns2:to="ferc_TaxesOtherThanIncomeTaxesUtilityOperatingIncome" ns2:type="arc" />
        <ns0:loc ns2:href="../../ferc-core_2020-01-01.xsd#ferc_IncomeTaxesOperatingIncome" ns2:label="ferc_IncomeTaxesOperatingIncome" ns2:type="locator" />
        <ns0:presentationArc order="12" preferredLabel="http://ferc.gov/form/2020-01-01/roles/label/F1IncomeStatement" ns2:arcrole="http://www.xbrl.org/2003/arcrole/parent-child" ns2:from="ferc_OperatingExpensesAbstract" ns2:to="ferc_IncomeTaxesOperatingIncome" ns2:type="arc" />
        <ns0:loc ns2:href="../../ferc-core_2020-01-01.xsd#ferc_IncomeTaxesUtilityOperatingIncomeOther" ns2:label="ferc_IncomeTaxesUtilityOperatingIncomeOther" ns2:type="locator" />
        <ns0:presentationArc order="13" preferredLabel="http://ferc.gov/form/2020-01-01/roles/label/F1IncomeStatement" ns2:arcrole="http://www.xbrl.org/2003/arcrole/parent-child" ns2:from="ferc_OperatingExpensesAbstract" ns2:to="ferc_IncomeTaxesUtilityOperatingIncomeOther" ns2:type="arc" />
        <ns0:loc ns2:href="../../ferc-core_2020-01-01.xsd#ferc_ProvisionsForDeferredIncomeTaxesUtilityOperatingIncome" ns2:label="ferc_ProvisionsForDeferredIncomeTaxesUtilityOperatingIncome" ns2:type="locator" />
        <ns0:presentationArc order="14" preferredLabel="http://ferc.gov/form/2020-01-01/roles/label/F1IncomeStatement" ns2:arcrole="http://www.xbrl.org/2003/arcrole/parent-child" ns2:from="ferc_OperatingExpensesAbstract" ns2:to="ferc_ProvisionsForDeferredIncomeTaxesUtilityOperatingIncome" ns2:type="arc" />
        <ns0:loc ns2:href="../../ferc-core_2020-01-01.xsd#ferc_ProvisionForDeferredIncomeTaxesCreditOperatingIncome" ns2:label="ferc_ProvisionForDeferredIncomeTaxesCreditOperatingIncome" ns2:type="locator" />
        <ns0:presentationArc order="15" preferredLabel="http://ferc.gov/form/2020-01-01/roles/label/F1IncomeStatement" ns2:arcrole="http://www.xbrl.org/2003/arcrole/parent-child" ns2:from="ferc_OperatingExpensesAbstract" ns2:to="ferc_ProvisionForDeferredIncomeTaxesCreditOperatingIncome" ns2:type="arc" />
        <ns0:loc ns2:href="../../ferc-core_2020-01-01.xsd#ferc_InvestmentTaxCreditAdjustments" ns2:label="ferc_InvestmentTaxCreditAdjustments" ns2:type="locator" />
        <ns0:presentationArc order="16" preferredLabel="http://ferc.gov/form/2020-01-01/roles/label/F1IncomeStatement" ns2:arcrole="http://www.xbrl.org/2003/arcrole/parent-child" ns2:from="ferc_OperatingExpensesAbstract" ns2:to="ferc_InvestmentTaxCreditAdjustments" ns2:type="arc" />
        <ns0:loc ns2:href="../../ferc-core_2020-01-01.xsd#ferc_GainsFromDispositionOfPlant" ns2:label="ferc_GainsFromDispositionOfPlant" ns2:type="locator" />
        <ns0:presentationArc order="17" preferredLabel="http://ferc.gov/form/2020-01-01/roles/label/F1IncomeStatement" ns2:arcrole="http://www.xbrl.org/2003/arcrole/parent-child" ns2:from="ferc_OperatingExpensesAbstract" ns2:to="ferc_GainsFromDispositionOfPlant" ns2:type="arc" />
        <ns0:loc ns2:href="../../ferc-core_2020-01-01.xsd#ferc_LossesFromDispositionOfServiceCompanyPlant" ns2:label="ferc_LossesFromDispositionOfServiceCompanyPlant" ns2:type="locator" />
        <ns0:presentationArc order="18" preferredLabel="http://ferc.gov/form/2020-01-01/roles/label/F1IncomeStatement" ns2:arcrole="http://www.xbrl.org/2003/arcrole/parent-child" ns2:from="ferc_OperatingExpensesAbstract" ns2:to="ferc_LossesFromDispositionOfServiceCompanyPlant" ns2:type="arc" />
        <ns0:loc ns2:href="../../ferc-core_2020-01-01.xsd#ferc_GainsFromDispositionOfAllowances" ns2:label="ferc_GainsFromDispositionOfAllowances" ns2:type="locator" />
        <ns0:presentationArc order="19" preferredLabel="http://ferc.gov/form/2020-01-01/roles/label/F1IncomeStatement" ns2:arcrole="http://www.xbrl.org/2003/arcrole/parent-child" ns2:from="ferc_OperatingExpensesAbstract" ns2:to="ferc_GainsFromDispositionOfAllowances" ns2:type="arc" />
        <ns0:loc ns2:href="../../ferc-core_2020-01-01.xsd#ferc_LossesFromDispositionOfAllowances" ns2:label="ferc_LossesFromDispositionOfAllowances" ns2:type="locator" />
        <ns0:presentationArc order="20" preferredLabel="http://ferc.gov/form/2020-01-01/roles/label/F1IncomeStatement" ns2:arcrole="http://www.xbrl.org/2003/arcrole/parent-child" ns2:from="ferc_OperatingExpensesAbstract" ns2:to="ferc_LossesFromDispositionOfAllowances" ns2:type="arc" />
        <ns0:loc ns2:href="../../ferc-core_2020-01-01.xsd#ferc_AccretionExpense" ns2:label="ferc_AccretionExpense" ns2:type="locator" />
        <ns0:presentationArc order="21" preferredLabel="http://ferc.gov/form/2020-01-01/roles/label/F1IncomeStatement" ns2:arcrole="http://www.xbrl.org/2003/arcrole/parent-child" ns2:from="ferc_OperatingExpensesAbstract" ns2:to="ferc_AccretionExpense" ns2:type="arc" />
        <ns0:loc ns2:href="../../ferc-core_2020-01-01.xsd#ferc_UtilityOperatingExpenses" ns2:label="ferc_UtilityOperatingExpenses" ns2:type="locator" />
        <ns0:presentationArc order="22" preferredLabel="http://ferc.gov/form/2020-01-01/roles/label/F1Total" ns2:arcrole="http://www.xbrl.org/2003/arcrole/parent-child" ns2:from="ferc_OperatingExpensesAbstract" ns2:to="ferc_UtilityOperatingExpenses" ns2:type="arc" />
        <ns0:loc ns2:href="../../ferc-core_2020-01-01.xsd#ferc_NetUtilityOperatingIncome" ns2:label="ferc_NetUtilityOperatingIncome" ns2:type="locator" />
        <ns0:presentationArc order="23" preferredLabel="http://ferc.gov/form/2020-01-01/roles/label/F1Total" ns2:arcrole="http://www.xbrl.org/2003/arcrole/parent-child" ns2:from="ferc_OperatingExpensesAbstract" ns2:to="ferc_NetUtilityOperatingIncome" ns2:type="arc" />
        <ns0:loc ns2:href="../../ferc-core_2020-01-01.xsd#ferc_OtherIncomeAndDeductionsAbstract" ns2:label="ferc_OtherIncomeAndDeductionsAbstract" ns2:type="locator" />
        <ns0:presentationArc order="3" preferredLabel="http://ferc.gov/form/2020-01-01/roles/label/F1IncomeStatement" ns2:arcrole="http://www.xbrl.org/2003/arcrole/parent-child" ns2:from="ferc_StatementOfIncomeLineItems" ns2:to="ferc_OtherIncomeAndDeductionsAbstract" ns2:type="arc" />
        <ns0:loc ns2:href="../../ferc-core_2020-01-01.xsd#ferc_OtherIncomeAbstract" ns2:label="ferc_OtherIncomeAbstract" ns2:type="locator" />
        <ns0:presentationArc order="1" preferredLabel="http://ferc.gov/form/2020-01-01/roles/label/F1IncomeStatement" ns2:arcrole="http://www.xbrl.org/2003/arcrole/parent-child" ns2:from="ferc_OtherIncomeAndDeductionsAbstract" ns2:to="ferc_OtherIncomeAbstract" ns2:type="arc" />
        <ns0:loc ns2:href="../../ferc-core_2020-01-01.xsd#ferc_NonutilityOperatingIncomeAbstract" ns2:label="ferc_NonutilityOperatingIncomeAbstract" ns2:type="locator" />
        <ns0:presentationArc order="1" preferredLabel="http://ferc.gov/form/2020-01-01/roles/label/F1IncomeStatement" ns2:arcrole="http://www.xbrl.org/2003/arcrole/parent-child" ns2:from="ferc_OtherIncomeAbstract" ns2:to="ferc_NonutilityOperatingIncomeAbstract" ns2:type="arc" />
        <ns0:loc ns2:href="../../ferc-core_2020-01-01.xsd#ferc_RevenuesFromMerchandisingJobbingAndContractWork" ns2:label="ferc_RevenuesFromMerchandisingJobbingAndContractWork" ns2:type="locator" />
        <ns0:presentationArc order="1" preferredLabel="http://ferc.gov/form/2020-01-01/roles/label/F1IncomeStatement" ns2:arcrole="http://www.xbrl.org/2003/arcrole/parent-child" ns2:from="ferc_NonutilityOperatingIncomeAbstract" ns2:to="ferc_RevenuesFromMerchandisingJobbingAndContractWork" ns2:type="arc" />
        <ns0:loc ns2:href="../../ferc-core_2020-01-01.xsd#ferc_CostsAndExpensesOfMerchandisingJobbingAndContractWork" ns2:label="ferc_CostsAndExpensesOfMerchandisingJobbingAndContractWork" ns2:type="locator" />
        <ns0:presentationArc order="2" preferredLabel="http://ferc.gov/form/2020-01-01/roles/label/F1IncomeStatement" ns2:arcrole="http://www.xbrl.org/2003/arcrole/parent-child" ns2:from="ferc_NonutilityOperatingIncomeAbstract" ns2:to="ferc_CostsAndExpensesOfMerchandisingJobbingAndContractWork" ns2:type="arc" />
        <ns0:loc ns2:href="../../ferc-core_2020-01-01.xsd#ferc_RevenuesFromNonutilityOperations" ns2:label="ferc_RevenuesFromNonutilityOperations" ns2:type="locator" />
        <ns0:presentationArc order="3" preferredLabel="http://ferc.gov/form/2020-01-01/roles/label/F1IncomeStatement" ns2:arcrole="http://www.xbrl.org/2003/arcrole/parent-child" ns2:from="ferc_NonutilityOperatingIncomeAbstract" ns2:to="ferc_RevenuesFromNonutilityOperations" ns2:type="arc" />
        <ns0:loc ns2:href="../../ferc-core_2020-01-01.xsd#ferc_ExpensesOfNonutilityOperations" ns2:label="ferc_ExpensesOfNonutilityOperations" ns2:type="locator" />
        <ns0:presentationArc order="4" preferredLabel="http://ferc.gov/form/2020-01-01/roles/label/F1IncomeStatement" ns2:arcrole="http://www.xbrl.org/2003/arcrole/parent-child" ns2:from="ferc_NonutilityOperatingIncomeAbstract" ns2:to="ferc_ExpensesOfNonutilityOperations" ns2:type="arc" />
        <ns0:loc ns2:href="../../ferc-core_2020-01-01.xsd#ferc_NonoperatingRentalIncome" ns2:label="ferc_NonoperatingRentalIncome" ns2:type="locator" />
        <ns0:presentationArc order="5" preferredLabel="http://ferc.gov/form/2020-01-01/roles/label/F1IncomeStatement" ns2:arcrole="http://www.xbrl.org/2003/arcrole/parent-child" ns2:from="ferc_NonutilityOperatingIncomeAbstract" ns2:to="ferc_NonoperatingRentalIncome" ns2:type="arc" />
        <ns0:loc ns2:href="../../ferc-core_2020-01-01.xsd#ferc_EquityInEarningsOfSubsidiaryCompanies" ns2:label="ferc_EquityInEarningsOfSubsidiaryCompanies" ns2:type="locator" />
        <ns0:presentationArc order="6" preferredLabel="http://ferc.gov/form/2020-01-01/roles/label/F1IncomeStatement" ns2:arcrole="http://www.xbrl.org/2003/arcrole/parent-child" ns2:from="ferc_NonutilityOperatingIncomeAbstract" ns2:to="ferc_EquityInEarningsOfSubsidiaryCompanies" ns2:type="arc" />
        <ns0:loc ns2:href="../../ferc-core_2020-01-01.xsd#ferc_InterestAndDividendIncome" ns2:label="ferc_InterestAndDividendIncome" ns2:type="locator" />
        <ns0:presentationArc order="7" preferredLabel="http://ferc.gov/form/2020-01-01/roles/label/F1IncomeStatement" ns2:arcrole="http://www.xbrl.org/2003/arcrole/parent-child" ns2:from="ferc_NonutilityOperatingIncomeAbstract" ns2:to="ferc_InterestAndDividendIncome" ns2:type="arc" />
        <ns0:loc ns2:href="../../ferc-core_2020-01-01.xsd#ferc_AllowanceForOtherFundsUsedDuringConstruction" ns2:label="ferc_AllowanceForOtherFundsUsedDuringConstruction" ns2:type="locator" />
        <ns0:presentationArc order="8" preferredLabel="http://ferc.gov/form/2020-01-01/roles/label/F1IncomeStatement" ns2:arcrole="http://www.xbrl.org/2003/arcrole/parent-child" ns2:from="ferc_NonutilityOperatingIncomeAbstract" ns2:to="ferc_AllowanceForOtherFundsUsedDuringConstruction" ns2:type="arc" />
        <ns0:loc ns2:href="../../ferc-core_2020-01-01.xsd#ferc_MiscellaneousNonoperatingIncome" ns2:label="ferc_MiscellaneousNonoperatingIncome" ns2:type="locator" />
        <ns0:presentationArc order="9" preferredLabel="http://ferc.gov/form/2020-01-01/roles/label/F1IncomeStatement" ns2:arcrole="http://www.xbrl.org/2003/arcrole/parent-child" ns2:from="ferc_NonutilityOperatingIncomeAbstract" ns2:to="ferc_MiscellaneousNonoperatingIncome" ns2:type="arc" />
        <ns0:loc ns2:href="../../ferc-core_2020-01-01.xsd#ferc_GainOnDispositionOfProperty" ns2:label="ferc_GainOnDispositionOfProperty" ns2:type="locator" />
        <ns0:presentationArc order="10" preferredLabel="http://ferc.gov/form/2020-01-01/roles/label/F1IncomeStatement" ns2:arcrole="http://www.xbrl.org/2003/arcrole/parent-child" ns2:from="ferc_NonutilityOperatingIncomeAbstract" ns2:to="ferc_GainOnDispositionOfProperty" ns2:type="arc" />
        <ns0:loc ns2:href="../../ferc-core_2020-01-01.xsd#ferc_OtherIncome" ns2:label="ferc_OtherIncome" ns2:type="locator" />
        <ns0:presentationArc order="11" preferredLabel="http://ferc.gov/form/2020-01-01/roles/label/F1Total" ns2:arcrole="http://www.xbrl.org/2003/arcrole/parent-child" ns2:from="ferc_NonutilityOperatingIncomeAbstract" ns2:to="ferc_OtherIncome" ns2:type="arc" />
        <ns0:loc ns2:href="../../ferc-core_2020-01-01.xsd#ferc_OtherIncomeDeductionsAbstract" ns2:label="ferc_OtherIncomeDeductionsAbstract" ns2:type="locator" />
        <ns0:presentationArc order="2" preferredLabel="http://ferc.gov/form/2020-01-01/roles/label/F1IncomeStatement" ns2:arcrole="http://www.xbrl.org/2003/arcrole/parent-child" ns2:from="ferc_OtherIncomeAbstract" ns2:to="ferc_OtherIncomeDeductionsAbstract" ns2:type="arc" />
        <ns0:loc ns2:href="../../ferc-core_2020-01-01.xsd#ferc_LossOnDispositionOfProperty" ns2:label="ferc_LossOnDispositionOfProperty" ns2:type="locator" />
        <ns0:presentationArc order="1" preferredLabel="http://ferc.gov/form/2020-01-01/roles/label/F1IncomeStatement" ns2:arcrole="http://www.xbrl.org/2003/arcrole/parent-child" ns2:from="ferc_OtherIncomeDeductionsAbstract" ns2:to="ferc_LossOnDispositionOfProperty" ns2:type="arc" />
        <ns0:loc ns2:href="../../ferc-core_2020-01-01.xsd#ferc_MiscellaneousAmortization" ns2:label="ferc_MiscellaneousAmortization" ns2:type="locator" />
        <ns0:presentationArc order="2" preferredLabel="http://ferc.gov/form/2020-01-01/roles/label/F1IncomeStatement" ns2:arcrole="http://www.xbrl.org/2003/arcrole/parent-child" ns2:from="ferc_OtherIncomeDeductionsAbstract" ns2:to="ferc_MiscellaneousAmortization" ns2:type="arc" />
        <ns0:loc ns2:href="../../ferc-core_2020-01-01.xsd#ferc_Donations" ns2:label="ferc_Donations" ns2:type="locator" />
        <ns0:presentationArc order="3" preferredLabel="http://ferc.gov/form/2020-01-01/roles/label/F1IncomeStatement" ns2:arcrole="http://www.xbrl.org/2003/arcrole/parent-child" ns2:from="ferc_OtherIncomeDeductionsAbstract" ns2:to="ferc_Donations" ns2:type="arc" />
        <ns0:loc ns2:href="../../ferc-core_2020-01-01.xsd#ferc_LifeInsurance" ns2:label="ferc_LifeInsurance" ns2:type="locator" />
        <ns0:presentationArc order="4" preferredLabel="http://ferc.gov/form/2020-01-01/roles/label/F1IncomeStatement" ns2:arcrole="http://www.xbrl.org/2003/arcrole/parent-child" ns2:from="ferc_OtherIncomeDeductionsAbstract" ns2:to="ferc_LifeInsurance" ns2:type="arc" />
        <ns0:loc ns2:href="../../ferc-core_2020-01-01.xsd#ferc_Penalties" ns2:label="ferc_Penalties" ns2:type="locator" />
        <ns0:presentationArc order="5" preferredLabel="http://ferc.gov/form/2020-01-01/roles/label/F1IncomeStatement" ns2:arcrole="http://www.xbrl.org/2003/arcrole/parent-child" ns2:from="ferc_OtherIncomeDeductionsAbstract" ns2:to="ferc_Penalties" ns2:type="arc" />
        <ns0:loc ns2:href="../../ferc-core_2020-01-01.xsd#ferc_ExpendituresForCertainCivicPoliticalAndRelatedActivities" ns2:label="ferc_ExpendituresForCertainCivicPoliticalAndRelatedActivities" ns2:type="locator" />
        <ns0:presentationArc order="6" preferredLabel="http://ferc.gov/form/2020-01-01/roles/label/F1IncomeStatement" ns2:arcrole="http://www.xbrl.org/2003/arcrole/parent-child" ns2:from="ferc_OtherIncomeDeductionsAbstract" ns2:to="ferc_ExpendituresForCertainCivicPoliticalAndRelatedActivities" ns2:type="arc" />
        <ns0:loc ns2:href="../../ferc-core_2020-01-01.xsd#ferc_OtherDeductions" ns2:label="ferc_OtherDeductions" ns2:type="locator" />
        <ns0:presentationArc order="7" preferredLabel="http://ferc.gov/form/2020-01-01/roles/label/F1IncomeStatement" ns2:arcrole="http://www.xbrl.org/2003/arcrole/parent-child" ns2:from="ferc_OtherIncomeDeductionsAbstract" ns2:to="ferc_OtherDeductions" ns2:type="arc" />
        <ns0:loc ns2:href="../../ferc-core_2020-01-01.xsd#ferc_OtherIncomeDeductions" ns2:label="ferc_OtherIncomeDeductions" ns2:type="locator" />
        <ns0:presentationArc order="8" preferredLabel="http://ferc.gov/form/2020-01-01/roles/label/F1Total" ns2:arcrole="http://www.xbrl.org/2003/arcrole/parent-child" ns2:from="ferc_OtherIncomeDeductionsAbstract" ns2:to="ferc_OtherIncomeDeductions" ns2:type="arc" />
        <ns0:loc ns2:href="../../ferc-core_2020-01-01.xsd#ferc_TaxesApplicableToOtherIncomeAndDeductionsAbstract" ns2:label="ferc_TaxesApplicableToOtherIncomeAndDeductionsAbstract" ns2:type="locator" />
        <ns0:presentationArc order="3" preferredLabel="http://ferc.gov/form/2020-01-01/roles/label/F1IncomeStatement" ns2:arcrole="http://www.xbrl.org/2003/arcrole/parent-child" ns2:from="ferc_OtherIncomeAbstract" ns2:to="ferc_TaxesApplicableToOtherIncomeAndDeductionsAbstract" ns2:type="arc" />
        <ns0:loc ns2:href="../../ferc-core_2020-01-01.xsd#ferc_TaxesOtherThanIncomeTaxesOtherIncomeAndDeductions" ns2:label="ferc_TaxesOtherThanIncomeTaxesOtherIncomeAndDeductions" ns2:type="locator" />
        <ns0:presentationArc order="1" preferredLabel="http://ferc.gov/form/2020-01-01/roles/label/F1IncomeStatement" ns2:arcrole="http://www.xbrl.org/2003/arcrole/parent-child" ns2:from="ferc_TaxesApplicableToOtherIncomeAndDeductionsAbstract" ns2:to="ferc_TaxesOtherThanIncomeTaxesOtherIncomeAndDeductions" ns2:type="arc" />
        <ns0:loc ns2:href="../../ferc-core_2020-01-01.xsd#ferc_IncomeTaxesFederal" ns2:label="ferc_IncomeTaxesFederal" ns2:type="locator" />
        <ns0:presentationArc order="2" preferredLabel="http://ferc.gov/form/2020-01-01/roles/label/F1IncomeStatement" ns2:arcrole="http://www.xbrl.org/2003/arcrole/parent-child" ns2:from="ferc_TaxesApplicableToOtherIncomeAndDeductionsAbstract" ns2:to="ferc_IncomeTaxesFederal" ns2:type="arc" />
        <ns0:loc ns2:href="../../ferc-core_2020-01-01.xsd#ferc_IncomeTaxesOther" ns2:label="ferc_IncomeTaxesOther" ns2:type="locator" />
        <ns0:presentationArc order="3" preferredLabel="http://ferc.gov/form/2020-01-01/roles/label/F1IncomeStatement" ns2:arcrole="http://www.xbrl.org/2003/arcrole/parent-child" ns2:from="ferc_TaxesApplicableToOtherIncomeAndDeductionsAbstract" ns2:to="ferc_IncomeTaxesOther" ns2:type="arc" />
        <ns0:loc ns2:href="../../ferc-core_2020-01-01.xsd#ferc_ProvisionForDeferredIncomeTaxesOtherIncomeAndDeductions" ns2:label="ferc_ProvisionForDeferredIncomeTaxesOtherIncomeAndDeductions" ns2:type="locator" />
        <ns0:presentationArc order="4" preferredLabel="http://ferc.gov/form/2020-01-01/roles/label/F1IncomeStatement" ns2:arcrole="http://www.xbrl.org/2003/arcrole/parent-child" ns2:from="ferc_TaxesApplicableToOtherIncomeAndDeductionsAbstract" ns2:to="ferc_ProvisionForDeferredIncomeTaxesOtherIncomeAndDeductions" ns2:type="arc" />
        <ns0:loc ns2:href="../../ferc-core_2020-01-01.xsd#ferc_ProvisionForDeferredIncomeTaxesCreditOtherIncomeAndDeductions" ns2:label="ferc_ProvisionForDeferredIncomeTaxesCreditOtherIncomeAndDeductions" ns2:type="locator" />
        <ns0:presentationArc order="5" preferredLabel="http://ferc.gov/form/2020-01-01/roles/label/F1IncomeStatement" ns2:arcrole="http://www.xbrl.org/2003/arcrole/parent-child" ns2:from="ferc_TaxesApplicableToOtherIncomeAndDeductionsAbstract" ns2:to="ferc_ProvisionForDeferredIncomeTaxesCreditOtherIncomeAndDeductions" ns2:type="arc" />
        <ns0:loc ns2:href="../../ferc-core_2020-01-01.xsd#ferc_InvestmentTaxCreditAdjustmentsNonutilityOperations" ns2:label="ferc_InvestmentTaxCreditAdjustmentsNonutilityOperations" ns2:type="locator" />
        <ns0:presentationArc order="6" preferredLabel="http://ferc.gov/form/2020-01-01/roles/label/F1IncomeStatement" ns2:arcrole="http://www.xbrl.org/2003/arcrole/parent-child" ns2:from="ferc_TaxesApplicableToOtherIncomeAndDeductionsAbstract" ns2:to="ferc_InvestmentTaxCreditAdjustmentsNonutilityOperations" ns2:type="arc" />
        <ns0:loc ns2:href="../../ferc-core_2020-01-01.xsd#ferc_InvestmentTaxCredits" ns2:label="ferc_InvestmentTaxCredits" ns2:type="locator" />
        <ns0:presentationArc order="7" preferredLabel="http://ferc.gov/form/2020-01-01/roles/label/F1IncomeStatement" ns2:arcrole="http://www.xbrl.org/2003/arcrole/parent-child" ns2:from="ferc_TaxesApplicableToOtherIncomeAndDeductionsAbstract" ns2:to="ferc_InvestmentTaxCredits" ns2:type="arc" />
        <ns0:loc ns2:href="../../ferc-core_2020-01-01.xsd#ferc_TaxesOnOtherIncomeAndDeductions" ns2:label="ferc_TaxesOnOtherIncomeAndDeductions" ns2:type="locator" />
        <ns0:presentationArc order="8" preferredLabel="http://ferc.gov/form/2020-01-01/roles/label/F1Total" ns2:arcrole="http://www.xbrl.org/2003/arcrole/parent-child" ns2:from="ferc_TaxesApplicableToOtherIncomeAndDeductionsAbstract" ns2:to="ferc_TaxesOnOtherIncomeAndDeductions" ns2:type="arc" />
        <ns0:loc ns2:href="../../ferc-core_2020-01-01.xsd#ferc_NetOtherIncomeAndDeductions" ns2:label="ferc_NetOtherIncomeAndDeductions" ns2:type="locator" />
        <ns0:presentationArc order="9" preferredLabel="http://ferc.gov/form/2020-01-01/roles/label/F1Total" ns2:arcrole="http://www.xbrl.org/2003/arcrole/parent-child" ns2:from="ferc_TaxesApplicableToOtherIncomeAndDeductionsAbstract" ns2:to="ferc_NetOtherIncomeAndDeductions" ns2:type="arc" />
        <ns0:loc ns2:href="../../ferc-core_2020-01-01.xsd#ferc_InterestChargesAbstract" ns2:label="ferc_InterestChargesAbstract" ns2:type="locator" />
        <ns0:presentationArc order="4" preferredLabel="http://ferc.gov/form/2020-01-01/roles/label/F1IncomeStatement" ns2:arcrole="http://www.xbrl.org/2003/arcrole/parent-child" ns2:from="ferc_OtherIncomeAbstract" ns2:to="ferc_InterestChargesAbstract" ns2:type="arc" />
        <ns0:loc ns2:href="../../ferc-core_2020-01-01.xsd#ferc_InterestOnLongTermDebt" ns2:label="ferc_InterestOnLongTermDebt" ns2:type="locator" />
        <ns0:presentationArc order="1" preferredLabel="http://ferc.gov/form/2020-01-01/roles/label/F1IncomeStatement" ns2:arcrole="http://www.xbrl.org/2003/arcrole/parent-child" ns2:from="ferc_InterestChargesAbstract" ns2:to="ferc_InterestOnLongTermDebt" ns2:type="arc" />
        <ns0:loc ns2:href="../../ferc-core_2020-01-01.xsd#ferc_AmortizationOfDebtDiscountAndExpense" ns2:label="ferc_AmortizationOfDebtDiscountAndExpense" ns2:type="locator" />
        <ns0:presentationArc order="2" preferredLabel="http://ferc.gov/form/2020-01-01/roles/label/F1IncomeStatement" ns2:arcrole="http://www.xbrl.org/2003/arcrole/parent-child" ns2:from="ferc_InterestChargesAbstract" ns2:to="ferc_AmortizationOfDebtDiscountAndExpense" ns2:type="arc" />
        <ns0:loc ns2:href="../../ferc-core_2020-01-01.xsd#ferc_AmortizationOfLossOnReacquiredDebt" ns2:label="ferc_AmortizationOfLossOnReacquiredDebt" ns2:type="locator" />
        <ns0:presentationArc order="3" preferredLabel="http://ferc.gov/form/2020-01-01/roles/label/F1IncomeStatement" ns2:arcrole="http://www.xbrl.org/2003/arcrole/parent-child" ns2:from="ferc_InterestChargesAbstract" ns2:to="ferc_AmortizationOfLossOnReacquiredDebt" ns2:type="arc" />
        <ns0:loc ns2:href="../../ferc-core_2020-01-01.xsd#ferc_AmortizationOfPremiumOnDebtCredit" ns2:label="ferc_AmortizationOfPremiumOnDebtCredit" ns2:type="locator" />
        <ns0:presentationArc order="4" preferredLabel="http://ferc.gov/form/2020-01-01/roles/label/F1IncomeStatement" ns2:arcrole="http://www.xbrl.org/2003/arcrole/parent-child" ns2:from="ferc_InterestChargesAbstract" ns2:to="ferc_AmortizationOfPremiumOnDebtCredit" ns2:type="arc" />
        <ns0:loc ns2:href="../../ferc-core_2020-01-01.xsd#ferc_AmortizationOfGainOnReacquiredDebtCredit" ns2:label="ferc_AmortizationOfGainOnReacquiredDebtCredit" ns2:type="locator" />
        <ns0:presentationArc order="5" preferredLabel="http://ferc.gov/form/2020-01-01/roles/label/F1IncomeStatement" ns2:arcrole="http://www.xbrl.org/2003/arcrole/parent-child" ns2:from="ferc_InterestChargesAbstract" ns2:to="ferc_AmortizationOfGainOnReacquiredDebtCredit" ns2:type="arc" />
        <ns0:loc ns2:href="../../ferc-core_2020-01-01.xsd#ferc_InterestOnDebtToAssociatedCompanies" ns2:label="ferc_InterestOnDebtToAssociatedCompanies" ns2:type="locator" />
        <ns0:presentationArc order="6" preferredLabel="http://ferc.gov/form/2020-01-01/roles/label/F1IncomeStatement" ns2:arcrole="http://www.xbrl.org/2003/arcrole/parent-child" ns2:from="ferc_InterestChargesAbstract" ns2:to="ferc_InterestOnDebtToAssociatedCompanies" ns2:type="arc" />
        <ns0:loc ns2:href="../../ferc-core_2020-01-01.xsd#ferc_OtherInterestExpense" ns2:label="ferc_OtherInterestExpense" ns2:type="locator" />
        <ns0:presentationArc order="7" preferredLabel="http://ferc.gov/form/2020-01-01/roles/label/F1IncomeStatement" ns2:arcrole="http://www.xbrl.org/2003/arcrole/parent-child" ns2:from="ferc_InterestChargesAbstract" ns2:to="ferc_OtherInterestExpense" ns2:type="arc" />
        <ns0:loc ns2:href="../../ferc-core_2020-01-01.xsd#ferc_AllowanceForBorrowedFundsUsedDuringConstructionCredit" ns2:label="ferc_AllowanceForBorrowedFundsUsedDuringConstructionCredit" ns2:type="locator" />
        <ns0:presentationArc order="8" preferredLabel="http://ferc.gov/form/2020-01-01/roles/label/F1IncomeStatement" ns2:arcrole="http://www.xbrl.org/2003/arcrole/parent-child" ns2:from="ferc_InterestChargesAbstract" ns2:to="ferc_AllowanceForBorrowedFundsUsedDuringConstructionCredit" ns2:type="arc" />
        <ns0:loc ns2:href="../../ferc-core_2020-01-01.xsd#ferc_NetInterestCharges" ns2:label="ferc_NetInterestCharges" ns2:type="locator" />
        <ns0:presentationArc order="9" preferredLabel="http://ferc.gov/form/2020-01-01/roles/label/F1Total" ns2:arcrole="http://www.xbrl.org/2003/arcrole/parent-child" ns2:from="ferc_InterestChargesAbstract" ns2:to="ferc_NetInterestCharges" ns2:type="arc" />
        <ns0:loc ns2:href="../../ferc-core_2020-01-01.xsd#ferc_IncomeBeforeExtraordinaryItems" ns2:label="ferc_IncomeBeforeExtraordinaryItems" ns2:type="locator" />
        <ns0:presentationArc order="10" preferredLabel="http://ferc.gov/form/2020-01-01/roles/label/F1Total" ns2:arcrole="http://www.xbrl.org/2003/arcrole/parent-child" ns2:from="ferc_InterestChargesAbstract" ns2:to="ferc_IncomeBeforeExtraordinaryItems" ns2:type="arc" />
        <ns0:loc ns2:href="../../ferc-core_2020-01-01.xsd#ferc_ExtraordinaryItemsAbstract" ns2:label="ferc_ExtraordinaryItemsAbstract" ns2:type="locator" />
        <ns0:presentationArc order="5" preferredLabel="http://ferc.gov/form/2020-01-01/roles/label/F1IncomeStatement" ns2:arcrole="http://www.xbrl.org/2003/arcrole/parent-child" ns2:from="ferc_OtherIncomeAbstract" ns2:to="ferc_ExtraordinaryItemsAbstract" ns2:type="arc" />
        <ns0:loc ns2:href="../../ferc-core_2020-01-01.xsd#ferc_ExtraordinaryIncome" ns2:label="ferc_ExtraordinaryIncome" ns2:type="locator" />
        <ns0:presentationArc order="1" preferredLabel="http://ferc.gov/form/2020-01-01/roles/label/F1IncomeStatement" ns2:arcrole="http://www.xbrl.org/2003/arcrole/parent-child" ns2:from="ferc_ExtraordinaryItemsAbstract" ns2:to="ferc_ExtraordinaryIncome" ns2:type="arc" />
        <ns0:loc ns2:href="../../ferc-core_2020-01-01.xsd#ferc_ExtraordinaryDeductions" ns2:label="ferc_ExtraordinaryDeductions" ns2:type="locator" />
        <ns0:presentationArc order="2" preferredLabel="http://ferc.gov/form/2020-01-01/roles/label/F1IncomeStatement" ns2:arcrole="http://www.xbrl.org/2003/arcrole/parent-child" ns2:from="ferc_ExtraordinaryItemsAbstract" ns2:to="ferc_ExtraordinaryDeductions" ns2:type="arc" />
        <ns0:loc ns2:href="../../ferc-core_2020-01-01.xsd#ferc_NetExtraordinaryItems" ns2:label="ferc_NetExtraordinaryItems" ns2:type="locator" />
        <ns0:presentationArc order="3" preferredLabel="http://ferc.gov/form/2020-01-01/roles/label/F1Total" ns2:arcrole="http://www.xbrl.org/2003/arcrole/parent-child" ns2:from="ferc_ExtraordinaryItemsAbstract" ns2:to="ferc_NetExtraordinaryItems" ns2:type="arc" />
        <ns0:loc ns2:href="../../ferc-core_2020-01-01.xsd#ferc_IncomeTaxesExtraordinaryItems" ns2:label="ferc_IncomeTaxesExtraordinaryItems" ns2:type="locator" />
        <ns0:presentationArc order="4" preferredLabel="http://ferc.gov/form/2020-01-01/roles/label/F1IncomeStatement" ns2:arcrole="http://www.xbrl.org/2003/arcrole/parent-child" ns2:from="ferc_ExtraordinaryItemsAbstract" ns2:to="ferc_IncomeTaxesExtraordinaryItems" ns2:type="arc" />
        <ns0:loc ns2:href="../../ferc-core_2020-01-01.xsd#ferc_ExtraordinaryItemsAfterTaxes" ns2:label="ferc_ExtraordinaryItemsAfterTaxes" ns2:type="locator" />
        <ns0:presentationArc order="5" preferredLabel="http://ferc.gov/form/2020-01-01/roles/label/F1Total" ns2:arcrole="http://www.xbrl.org/2003/arcrole/parent-child" ns2:from="ferc_ExtraordinaryItemsAbstract" ns2:to="ferc_ExtraordinaryItemsAfterTaxes" ns2:type="arc" />
        <ns0:loc ns2:href="../../ferc-core_2020-01-01.xsd#ferc_NetIncomeLoss" ns2:label="ferc_NetIncomeLoss" ns2:type="locator" />
        <ns0:presentationArc order="4" preferredLabel="http://ferc.gov/form/2020-01-01/roles/label/F1Total" ns2:arcrole="http://www.xbrl.org/2003/arcrole/parent-child" ns2:from="ferc_StatementOfIncomeLineItems" ns2:to="ferc_NetIncomeLoss" ns2:type="arc" />
    </ns0:presentationLink>
</ns0:linkbase>