<ns0:linkbase xmlns:ns0="http://www.xbrl.org/2003/linkbase" xmlns:ns2="http://www.w3.org/1999/xlink" xmlns:xsi="http://www.w3.org/2001/XMLSchema-instance" xsi:schemaLocation="http://www.xbrl.org/2003/linkbase http://www.xbrl.org/2003/xbrl-linkbase-2003-12-31.xsd">
    <ns0:roleRef roleURI="http://ferc.gov/form/2020-01-01/roles/Schedule/F1/ScheduleMonthlyPeaksAndOutput" ns2:href="form-1-sched-ScheduleMonthlyPeaksAndOutput_2020-01-01.xsd#roleType_ScheduleMonthlyPeaksAndOutput" ns2:type="simple" />
    <ns0:roleRef roleURI="http://ferc.gov/form/2020-01-01/roles/label/F1MonthlyPeakOutput" ns2:href="../../ferc-core-lab-roles_2020-01-01.xsd#F1MonthlyPeakOutput" ns2:type="simple" />
    <ns0:roleRef roleURI="http://ferc.gov/form/2020-01-01/roles/label/F1Total" ns2:href="../../ferc-core-lab-roles_2020-01-01.xsd#F1Total" ns2:type="simple" />
    <ns0:presentationLink ns2:role="http://ferc.gov/form/2020-01-01/roles/Schedule/F1/ScheduleMonthlyPeaksAndOutput" ns2:type="extended">
        <ns0:loc ns2:href="../../ferc-core_2020-01-01.xsd#ferc_ScheduleMonthlyPeakAndOutputAbstract" ns2:label="ferc_ScheduleMonthlyPeakAndOutputAbstract" ns2:type="locator" />
        <ns0:loc ns2:href="../../ferc-core_2020-01-01.xsd#ferc_ScheduleMonthlyPeakAndOutputTable" ns2:label="ferc_ScheduleMonthlyPeakAndOutputTable" ns2:type="locator" />
        <ns0:presentationArc order="1" ns2:arcrole="http://www.xbrl.org/2003/arcrole/parent-child" ns2:from="ferc_ScheduleMonthlyPeakAndOutputAbstract" ns2:to="ferc_ScheduleMonthlyPeakAndOutputTable" ns2:type="arc" />
        <ns0:loc ns2:href="../../ferc-core_2020-01-01.xsd#ferc_NameOfTransmissionSystemAxis" ns2:label="ferc_NameOfTransmissionSystemAxis" ns2:type="locator" />
        <ns0:presentationArc order="1" ns2:arcrole="http://www.xbrl.org/2003/arcrole/parent-child" ns2:from="ferc_ScheduleMonthlyPeakAndOutputTable" ns2:to="ferc_NameOfTransmissionSystemAxis" ns2:type="arc" />
        <ns0:loc ns2:href="../../ferc-core_2020-01-01.xsd#ferc_MonthAxis" ns2:label="ferc_MonthAxis" ns2:type="locator" />
        <ns0:presentationArc order="2" ns2:arcrole="http://www.xbrl.org/2003/arcrole/parent-child" ns2:from="ferc_ScheduleMonthlyPeakAndOutputTable" ns2:to="ferc_MonthAxis" ns2:type="arc" />
        <ns0:loc ns2:href="../../ferc-core_2020-01-01.xsd#ferc_MonthDomain" ns2:label="ferc_MonthDomain" ns2:type="locator" />
        <ns0:presentationArc order="1" preferredLabel="http://ferc.gov/form/2020-01-01/roles/label/F1Total" ns2:arcrole="http://www.xbrl.org/2003/arcrole/parent-child" ns2:from="ferc_MonthAxis" ns2:to="ferc_MonthDomain" ns2:type="arc" />
        <ns0:loc ns2:href="../../ferc-core_2020-01-01.xsd#ferc_JanuaryMember" ns2:label="ferc_JanuaryMember" ns2:type="locator" />
        <ns0:presentationArc order="1" preferredLabel="http://ferc.gov/form/2020-01-01/roles/label/F1MonthlyPeakOutput" ns2:arcrole="http://www.xbrl.org/2003/arcrole/parent-child" ns2:from="ferc_MonthDomain" ns2:to="ferc_JanuaryMember" ns2:type="arc" />
        <ns0:loc ns2:href="../../ferc-core_2020-01-01.xsd#ferc_FebruaryMember" ns2:label="ferc_FebruaryMember" ns2:type="locator" />
        <ns0:presentationArc order="2" preferredLabel="http://ferc.gov/form/2020-01-01/roles/label/F1MonthlyPeakOutput" ns2:arcrole="http://www.xbrl.org/2003/arcrole/parent-child" ns2:from="ferc_MonthDomain" ns2:to="ferc_FebruaryMember" ns2:type="arc" />
        <ns0:loc ns2:href="../../ferc-core_2020-01-01.xsd#ferc_MarchMember" ns2:label="ferc_MarchMember" ns2:type="locator" />
        <ns0:presentationArc order="3" preferredLabel="http://ferc.gov/form/2020-01-01/roles/label/F1MonthlyPeakOutput" ns2:arcrole="http://www.xbrl.org/2003/arcrole/parent-child" ns2:from="ferc_MonthDomain" ns2:to="ferc_MarchMember" ns2:type="arc" />
        <ns0:loc ns2:href="../../ferc-core_2020-01-01.xsd#ferc_AprilMember" ns2:label="ferc_AprilMember" ns2:type="locator" />
        <ns0:presentationArc order="4" preferredLabel="http://ferc.gov/form/2020-01-01/roles/label/F1MonthlyPeakOutput" ns2:arcrole="http://www.xbrl.org/2003/arcrole/parent-child" ns2:from="ferc_MonthDomain" ns2:to="ferc_AprilMember" ns2:type="arc" />
        <ns0:loc ns2:href="../../ferc-core_2020-01-01.xsd#ferc_MayMember" ns2:label="ferc_MayMember" ns2:type="locator" />
        <ns0:presentationArc order="5" preferredLabel="http://ferc.gov/form/2020-01-01/roles/label/F1MonthlyPeakOutput" ns2:arcrole="http://www.xbrl.org/2003/arcrole/parent-child" ns2:from="ferc_MonthDomain" ns2:to="ferc_MayMember" ns2:type="arc" />
        <ns0:loc ns2:href="../../ferc-core_2020-01-01.xsd#ferc_JuneMember" ns2:label="ferc_JuneMember" ns2:type="locator" />
        <ns0:presentationArc order="6" preferredLabel="http://ferc.gov/form/2020-01-01/roles/label/F1MonthlyPeakOutput" ns2:arcrole="http://www.xbrl.org/2003/arcrole/parent-child" ns2:from="ferc_MonthDomain" ns2:to="ferc_JuneMember" ns2:type="arc" />
        <ns0:loc ns2:href="../../ferc-core_2020-01-01.xsd#ferc_JulyMember" ns2:label="ferc_JulyMember" ns2:type="locator" />
        <ns0:presentationArc order="7" preferredLabel="http://ferc.gov/form/2020-01-01/roles/label/F1MonthlyPeakOutput" ns2:arcrole="http://www.xbrl.org/2003/arcrole/parent-child" ns2:from="ferc_MonthDomain" ns2:to="ferc_JulyMember" ns2:type="arc" />
        <ns0:loc ns2:href="../../ferc-core_2020-01-01.xsd#ferc_AugustMember" ns2:label="ferc_AugustMember" ns2:type="locator" />
        <ns0:presentationArc order="8" preferredLabel="http://ferc.gov/form/2020-01-01/roles/label/F1MonthlyPeakOutput" ns2:arcrole="http://www.xbrl.org/2003/arcrole/parent-child" ns2:from="ferc_MonthDomain" ns2:to="ferc_AugustMember" ns2:type="arc" />
        <ns0:loc ns2:href="../../ferc-core_2020-01-01.xsd#ferc_SeptemberMember" ns2:label="ferc_SeptemberMember" ns2:type="locator" />
        <ns0:presentationArc order="9" preferredLabel="http://ferc.gov/form/2020-01-01/roles/label/F1MonthlyPeakOutput" ns2:arcrole="http://www.xbrl.org/2003/arcrole/parent-child" ns2:from="ferc_MonthDomain" ns2:to="ferc_SeptemberMember" ns2:type="arc" />
        <ns0:loc ns2:href="../../ferc-core_2020-01-01.xsd#ferc_OctoberMember" ns2:label="ferc_OctoberMember" ns2:type="locator" />
        <ns0:presentationArc order="10" preferredLabel="http://ferc.gov/form/2020-01-01/roles/label/F1MonthlyPeakOutput" ns2:arcrole="http://www.xbrl.org/2003/arcrole/parent-child" ns2:from="ferc_MonthDomain" ns2:to="ferc_OctoberMember" ns2:type="arc" />
        <ns0:loc ns2:href="../../ferc-core_2020-01-01.xsd#ferc_NovemberMember" ns2:label="ferc_NovemberMember" ns2:type="locator" />
        <ns0:presentationArc order="11" preferredLabel="http://ferc.gov/form/2020-01-01/roles/label/F1MonthlyPeakOutput" ns2:arcrole="http://www.xbrl.org/2003/arcrole/parent-child" ns2:from="ferc_MonthDomain" ns2:to="ferc_NovemberMember" ns2:type="arc" />
        <ns0:loc ns2:href="../../ferc-core_2020-01-01.xsd#ferc_DecemberMember" ns2:label="ferc_DecemberMember" ns2:type="locator" />
        <ns0:presentationArc order="12" preferredLabel="http://ferc.gov/form/2020-01-01/roles/label/F1MonthlyPeakOutput" ns2:arcrole="http://www.xbrl.org/2003/arcrole/parent-child" ns2:from="ferc_MonthDomain" ns2:to="ferc_DecemberMember" ns2:type="arc" />
        <ns0:loc ns2:href="../../ferc-core_2020-01-01.xsd#ferc_MonthlyPeakAndOutputLineItems" ns2:label="ferc_MonthlyPeakAndOutputLineItems" ns2:type="locator" />
        <ns0:presentationArc order="3" ns2:arcrole="http://www.xbrl.org/2003/arcrole/parent-child" ns2:from="ferc_ScheduleMonthlyPeakAndOutputTable" ns2:to="ferc_MonthlyPeakAndOutputLineItems" ns2:type="arc" />
        <ns0:loc ns2:href="../../ferc-core_2020-01-01.xsd#ferc_NameOfSystem" ns2:label="ferc_NameOfSystem" ns2:type="locator" />
        <ns0:presentationArc order="1" preferredLabel="http://ferc.gov/form/2020-01-01/roles/label/F1MonthlyPeakOutput" ns2:arcrole="http://www.xbrl.org/2003/arcrole/parent-child" ns2:from="ferc_MonthlyPeakAndOutputLineItems" ns2:to="ferc_NameOfSystem" ns2:type="arc" />
        <ns0:loc ns2:href="../../ferc-core_2020-01-01.xsd#ferc_EnergyActivity" ns2:label="ferc_EnergyActivity" ns2:type="locator" />
        <ns0:presentationArc order="2" preferredLabel="http://ferc.gov/form/2020-01-01/roles/label/F1MonthlyPeakOutput" ns2:arcrole="http://www.xbrl.org/2003/arcrole/parent-child" ns2:from="ferc_MonthlyPeakAndOutputLineItems" ns2:to="ferc_EnergyActivity" ns2:type="arc" />
        <ns0:loc ns2:href="../../ferc-core_2020-01-01.xsd#ferc_NonRequiredSalesForResaleEnergy" ns2:label="ferc_NonRequiredSalesForResaleEnergy" ns2:type="locator" />
        <ns0:presentationArc order="3" preferredLabel="http://ferc.gov/form/2020-01-01/roles/label/F1MonthlyPeakOutput" ns2:arcrole="http://www.xbrl.org/2003/arcrole/parent-child" ns2:from="ferc_MonthlyPeakAndOutputLineItems" ns2:to="ferc_NonRequiredSalesForResaleEnergy" ns2:type="arc" />
        <ns0:loc ns2:href="../../ferc-core_2020-01-01.xsd#ferc_MonthlyPeakLoad" ns2:label="ferc_MonthlyPeakLoad" ns2:type="locator" />
        <ns0:presentationArc order="4" preferredLabel="http://ferc.gov/form/2020-01-01/roles/label/F1MonthlyPeakOutput" ns2:arcrole="http://www.xbrl.org/2003/arcrole/parent-child" ns2:from="ferc_MonthlyPeakAndOutputLineItems" ns2:to="ferc_MonthlyPeakLoad" ns2:type="arc" />
        <ns0:loc ns2:href="../../ferc-core_2020-01-01.xsd#ferc_DayOfMonthlyPeak" ns2:label="ferc_DayOfMonthlyPeak" ns2:type="locator" />
        <ns0:presentationArc order="5" preferredLabel="http://ferc.gov/form/2020-01-01/roles/label/F1MonthlyPeakOutput" ns2:arcrole="http://www.xbrl.org/2003/arcrole/parent-child" ns2:from="ferc_MonthlyPeakAndOutputLineItems" ns2:to="ferc_DayOfMonthlyPeak" ns2:type="arc" />
        <ns0:loc ns2:href="../../ferc-core_2020-01-01.xsd#ferc_HourOfMonthlyPeak" ns2:label="ferc_HourOfMonthlyPeak" ns2:type="locator" />
        <ns0:presentationArc order="6" preferredLabel="http://ferc.gov/form/2020-01-01/roles/label/F1MonthlyPeakOutput" ns2:arcrole="http://www.xbrl.org/2003/arcrole/parent-child" ns2:from="ferc_MonthlyPeakAndOutputLineItems" ns2:to="ferc_HourOfMonthlyPeak" ns2:type="arc" />
    </ns0:presentationLink>
</ns0:linkbase>