﻿<?xml version="1.0" encoding="utf-8"?>
<?taxonomy-version 2.8.0.0 ?> <?taxonomy-set-overall-version 2.8.0.0 ?>
<!--(C) EBA-->
<link:linkbase xmlns:xsi="http://www.w3.org/2001/XMLSchema-instance" xmlns:xlink="http://www.w3.org/1999/xlink" xmlns:link="http://www.xbrl.org/2003/linkbase" xmlns:gen="http://xbrl.org/2008/generic" xmlns:label="http://xbrl.org/2008/label" xsi:schemaLocation="http://www.xbrl.org/2003/linkbase http://www.xbrl.org/2003/xbrl-linkbase-2003-12-31.xsd http://xbrl.org/2008/generic http://www.xbrl.org/2008/generic-link.xsd http://xbrl.org/2008/label http://www.xbrl.org/2008/generic-label.xsd">
  <link:arcroleRef arcroleURI="http://xbrl.org/arcrole/2008/element-label" xlink:type="simple" xlink:href="http://www.xbrl.org/2008/generic-label.xsd#element-label" />
  <link:roleRef roleURI="http://www.xbrl.org/2008/role/label" xlink:type="simple" xlink:href="http://www.xbrl.org/2008/generic-label.xsd#standard-label" />
  <link:roleRef roleURI="http://www.xbrl.org/2008/role/verboseLabel" xlink:type="simple" xlink:href="http://www.xbrl.org/2008/generic-label.xsd#verbose-label" />
  <gen:link xlink:type="extended" xlink:role="http://www.xbrl.org/2003/role/link">
    <link:loc xlink:type="locator" xlink:href="hier.xsd#eba_CT1" xlink:label="loc_eba_CT1" />
    <label:label xlink:type="resource" xlink:label="label_eba_CT1" xml:lang="en" xlink:role="http://www.xbrl.org/2008/role/label">Hierarchy to describe financial entities</label:label>
    <gen:arc xlink:type="arc" xlink:arcrole="http://xbrl.org/arcrole/2008/element-label" xlink:from="loc_eba_CT1" xlink:to="label_eba_CT1" />
    <label:label xlink:type="resource" xlink:label="label_eba_CT1_1" xml:lang="en" xlink:role="http://www.xbrl.org/2008/role/verboseLabel">The differentiation is used in the IRB - exposures to large regulated and unregulated entities have to apply a higher correlation when calculating the risk weight</label:label>
    <gen:arc xlink:type="arc" xlink:arcrole="http://xbrl.org/arcrole/2008/element-label" xlink:from="loc_eba_CT1" xlink:to="label_eba_CT1_1" />
    <link:loc xlink:type="locator" xlink:href="hier.xsd#eba_CT15" xlink:label="loc_eba_CT15" />
    <label:label xlink:type="resource" xlink:label="label_eba_CT15" xml:lang="en" xlink:role="http://www.xbrl.org/2008/role/label">Hierarchy with the basic breakdown for counterparty sectors</label:label>
    <gen:arc xlink:type="arc" xlink:arcrole="http://xbrl.org/arcrole/2008/element-label" xlink:from="loc_eba_CT15" xlink:to="label_eba_CT15" />
    <label:label xlink:type="resource" xlink:label="label_eba_CT15_1" xml:lang="en" xlink:role="http://www.xbrl.org/2008/role/verboseLabel">Basic breakdown for counterparty sector</label:label>
    <gen:arc xlink:type="arc" xlink:arcrole="http://xbrl.org/arcrole/2008/element-label" xlink:from="loc_eba_CT15" xlink:to="label_eba_CT15_1" />
    <link:loc xlink:type="locator" xlink:href="hier.xsd#eba_CT32" xlink:label="loc_eba_CT32" />
    <label:label xlink:type="resource" xlink:label="label_eba_CT32" xml:lang="en" xlink:role="http://www.xbrl.org/2008/role/label">Hierarchy with breakdown for "Counterparties other than financial corporations"</label:label>
    <gen:arc xlink:type="arc" xlink:arcrole="http://xbrl.org/arcrole/2008/element-label" xlink:from="loc_eba_CT32" xlink:to="label_eba_CT32" />
    <label:label xlink:type="resource" xlink:label="label_eba_CT32_1" xml:lang="en" xlink:role="http://www.xbrl.org/2008/role/verboseLabel">Breakdown for "Counterparties other than financial corporations"</label:label>
    <gen:arc xlink:type="arc" xlink:arcrole="http://xbrl.org/arcrole/2008/element-label" xlink:from="loc_eba_CT32" xlink:to="label_eba_CT32_1" />
    <link:loc xlink:type="locator" xlink:href="hier.xsd#eba_CT42" xlink:label="loc_eba_CT42" />
    <label:label xlink:type="resource" xlink:label="label_eba_CT42" xml:lang="en" xlink:role="http://www.xbrl.org/2008/role/label">Breakdown of exposures treated and NOT treated as sovereigns</label:label>
    <gen:arc xlink:type="arc" xlink:arcrole="http://xbrl.org/arcrole/2008/element-label" xlink:from="loc_eba_CT42" xlink:to="label_eba_CT42" />
    <label:label xlink:type="resource" xlink:label="label_eba_CT42_1" xml:lang="en" xlink:role="http://www.xbrl.org/2008/role/verboseLabel">Breakdown of exposures treated and NOT treated as sovereigns for LR calibration purposes</label:label>
    <gen:arc xlink:type="arc" xlink:arcrole="http://xbrl.org/arcrole/2008/element-label" xlink:from="loc_eba_CT42" xlink:to="label_eba_CT42_1" />
    <link:loc xlink:type="locator" xlink:href="hier.xsd#eba_CT20" xlink:label="loc_eba_CT20" />
    <label:label xlink:type="resource" xlink:label="label_eba_CT20" xml:lang="en" xlink:role="http://www.xbrl.org/2008/role/label">Size of the counterparty</label:label>
    <gen:arc xlink:type="arc" xlink:arcrole="http://xbrl.org/arcrole/2008/element-label" xlink:from="loc_eba_CT20" xlink:to="label_eba_CT20" />
    <link:loc xlink:type="locator" xlink:href="hier.xsd#eba_CT16" xlink:label="loc_eba_CT16" />
    <label:label xlink:type="resource" xlink:label="label_eba_CT16" xml:lang="en" xlink:role="http://www.xbrl.org/2008/role/label">Options for "Sector of the counterparty"</label:label>
    <gen:arc xlink:type="arc" xlink:arcrole="http://xbrl.org/arcrole/2008/element-label" xlink:from="loc_eba_CT16" xlink:to="label_eba_CT16" />
    <link:loc xlink:type="locator" xlink:href="hier.xsd#eba_CT52" xlink:label="loc_eba_CT52" />
    <label:label xlink:type="resource" xlink:label="label_eba_CT52" xml:lang="en" xlink:role="http://www.xbrl.org/2008/role/label">Hierarchy for the classification of the counterparty by size between SMEs and Other than SMEs</label:label>
    <gen:arc xlink:type="arc" xlink:arcrole="http://xbrl.org/arcrole/2008/element-label" xlink:from="loc_eba_CT52" xlink:to="label_eba_CT52" />
    <label:label xlink:type="resource" xlink:label="label_eba_CT52_1" xml:lang="en" xlink:role="http://www.xbrl.org/2008/role/verboseLabel">Hierarchy for the classification of the counterparty by size between SMEs and Other than SMEs</label:label>
    <gen:arc xlink:type="arc" xlink:arcrole="http://xbrl.org/arcrole/2008/element-label" xlink:from="loc_eba_CT52" xlink:to="label_eba_CT52_1" />
    <link:loc xlink:type="locator" xlink:href="hier.xsd#eba_CT45" xlink:label="loc_eba_CT45" />
    <label:label xlink:type="resource" xlink:label="label_eba_CT45" xml:lang="en" xlink:role="http://www.xbrl.org/2008/role/label">Hierarchy of the largest counterparties for C 67.00 (additional Monitoring metrics for Liquidity)</label:label>
    <gen:arc xlink:type="arc" xlink:arcrole="http://xbrl.org/arcrole/2008/element-label" xlink:from="loc_eba_CT45" xlink:to="label_eba_CT45" />
    <link:loc xlink:type="locator" xlink:href="hier.xsd#eba_CT16_1" xlink:label="loc_eba_CT16_1." />
    <label:label xlink:type="resource" xlink:label="label_eba_CT16_1." xml:lang="en" xlink:role="http://www.xbrl.org/2008/role/label">Options for "Sector of the counterparty"</label:label>
    <gen:arc xlink:type="arc" xlink:arcrole="http://xbrl.org/arcrole/2008/element-label" xlink:from="loc_eba_CT16_1." xlink:to="label_eba_CT16_1." />
    <label:label xlink:type="resource" xlink:label="label_eba_CT16_1._1" xml:lang="en" xlink:role="http://www.xbrl.org/2008/role/verboseLabel">Add of Members</label:label>
    <gen:arc xlink:type="arc" xlink:arcrole="http://xbrl.org/arcrole/2008/element-label" xlink:from="loc_eba_CT16_1." xlink:to="label_eba_CT16_1._1" />
  </gen:link>
</link:linkbase>