﻿<?xml version="1.0" encoding="utf-8"?>
<?taxonomy-version 2.9.0.1?> <?taxonomy-set-overall-version 2.9.0.1?>
<!--(C) EBA-->
<link:linkbase xmlns:xsi="http://www.w3.org/2001/XMLSchema-instance" xmlns:xlink="http://www.w3.org/1999/xlink" xmlns:link="http://www.xbrl.org/2003/linkbase" xsi:schemaLocation="http://www.xbrl.org/2003/linkbase http://www.xbrl.org/2003/xbrl-linkbase-2003-12-31.xsd">
  <link:roleRef roleURI="http://www.eba.europa.eu/xbrl/role/dpm-db-id" xlink:type="simple" xlink:href="http://www.eba.europa.eu/eu/fr/xbrl/ext/model.xsd#dpm-db-id" />
  <link:labelLink xlink:type="extended" xlink:role="http://www.xbrl.org/2003/role/link">
    <link:loc xlink:type="locator" xlink:href="mem.xsd#eba_x10" xlink:label="loc_eba_x10" />
    <link:label xlink:type="resource" xlink:label="label_eba_x10" xml:lang="en" xlink:role="http://www.eba.europa.eu/xbrl/role/dpm-db-id">1631</link:label>
    <link:labelArc xlink:type="arc" xlink:arcrole="http://www.xbrl.org/2003/arcrole/concept-label" xlink:from="loc_eba_x10" xlink:to="label_eba_x10" />
    <link:loc xlink:type="locator" xlink:href="mem.xsd#eba_x2" xlink:label="loc_eba_x2" />
    <link:label xlink:type="resource" xlink:label="label_eba_x2" xml:lang="en" xlink:role="http://www.eba.europa.eu/xbrl/role/dpm-db-id">1632</link:label>
    <link:labelArc xlink:type="arc" xlink:arcrole="http://www.xbrl.org/2003/arcrole/concept-label" xlink:from="loc_eba_x2" xlink:to="label_eba_x2" />
    <link:loc xlink:type="locator" xlink:href="mem.xsd#eba_x9" xlink:label="loc_eba_x9" />
    <link:label xlink:type="resource" xlink:label="label_eba_x9" xml:lang="en" xlink:role="http://www.eba.europa.eu/xbrl/role/dpm-db-id">1636</link:label>
    <link:labelArc xlink:type="arc" xlink:arcrole="http://www.xbrl.org/2003/arcrole/concept-label" xlink:from="loc_eba_x9" xlink:to="label_eba_x9" />
    <link:loc xlink:type="locator" xlink:href="mem.xsd#eba_x4" xlink:label="loc_eba_x4" />
    <link:label xlink:type="resource" xlink:label="label_eba_x4" xml:lang="en" xlink:role="http://www.eba.europa.eu/xbrl/role/dpm-db-id">1638</link:label>
    <link:labelArc xlink:type="arc" xlink:arcrole="http://www.xbrl.org/2003/arcrole/concept-label" xlink:from="loc_eba_x4" xlink:to="label_eba_x4" />
    <link:loc xlink:type="locator" xlink:href="mem.xsd#eba_x11" xlink:label="loc_eba_x11" />
    <link:label xlink:type="resource" xlink:label="label_eba_x11" xml:lang="en" xlink:role="http://www.eba.europa.eu/xbrl/role/dpm-db-id">1639</link:label>
    <link:labelArc xlink:type="arc" xlink:arcrole="http://www.xbrl.org/2003/arcrole/concept-label" xlink:from="loc_eba_x11" xlink:to="label_eba_x11" />
    <link:loc xlink:type="locator" xlink:href="mem.xsd#eba_x12" xlink:label="loc_eba_x12" />
    <link:label xlink:type="resource" xlink:label="label_eba_x12" xml:lang="en" xlink:role="http://www.eba.europa.eu/xbrl/role/dpm-db-id">1640</link:label>
    <link:labelArc xlink:type="arc" xlink:arcrole="http://www.xbrl.org/2003/arcrole/concept-label" xlink:from="loc_eba_x12" xlink:to="label_eba_x12" />
    <link:loc xlink:type="locator" xlink:href="mem.xsd#eba_x8" xlink:label="loc_eba_x8" />
    <link:label xlink:type="resource" xlink:label="label_eba_x8" xml:lang="en" xlink:role="http://www.eba.europa.eu/xbrl/role/dpm-db-id">1644</link:label>
    <link:labelArc xlink:type="arc" xlink:arcrole="http://www.xbrl.org/2003/arcrole/concept-label" xlink:from="loc_eba_x8" xlink:to="label_eba_x8" />
    <link:loc xlink:type="locator" xlink:href="mem.xsd#eba_x3" xlink:label="loc_eba_x3" />
    <link:label xlink:type="resource" xlink:label="label_eba_x3" xml:lang="en" xlink:role="http://www.eba.europa.eu/xbrl/role/dpm-db-id">1648</link:label>
    <link:labelArc xlink:type="arc" xlink:arcrole="http://www.xbrl.org/2003/arcrole/concept-label" xlink:from="loc_eba_x3" xlink:to="label_eba_x3" />
    <link:loc xlink:type="locator" xlink:href="mem.xsd#eba_x1" xlink:label="loc_eba_x1" />
    <link:label xlink:type="resource" xlink:label="label_eba_x1" xml:lang="en" xlink:role="http://www.eba.europa.eu/xbrl/role/dpm-db-id">1649</link:label>
    <link:labelArc xlink:type="arc" xlink:arcrole="http://www.xbrl.org/2003/arcrole/concept-label" xlink:from="loc_eba_x1" xlink:to="label_eba_x1" />
    <link:loc xlink:type="locator" xlink:href="mem.xsd#eba_x5" xlink:label="loc_eba_x5" />
    <link:label xlink:type="resource" xlink:label="label_eba_x5" xml:lang="en" xlink:role="http://www.eba.europa.eu/xbrl/role/dpm-db-id">1650</link:label>
    <link:labelArc xlink:type="arc" xlink:arcrole="http://www.xbrl.org/2003/arcrole/concept-label" xlink:from="loc_eba_x5" xlink:to="label_eba_x5" />
    <link:loc xlink:type="locator" xlink:href="mem.xsd#eba_x6" xlink:label="loc_eba_x6" />
    <link:label xlink:type="resource" xlink:label="label_eba_x6" xml:lang="en" xlink:role="http://www.eba.europa.eu/xbrl/role/dpm-db-id">1653</link:label>
    <link:labelArc xlink:type="arc" xlink:arcrole="http://www.xbrl.org/2003/arcrole/concept-label" xlink:from="loc_eba_x6" xlink:to="label_eba_x6" />
    <link:loc xlink:type="locator" xlink:href="mem.xsd#eba_x13" xlink:label="loc_eba_x13" />
    <link:label xlink:type="resource" xlink:label="label_eba_x13" xml:lang="en" xlink:role="http://www.eba.europa.eu/xbrl/role/dpm-db-id">1654</link:label>
    <link:labelArc xlink:type="arc" xlink:arcrole="http://www.xbrl.org/2003/arcrole/concept-label" xlink:from="loc_eba_x13" xlink:to="label_eba_x13" />
    <link:loc xlink:type="locator" xlink:href="mem.xsd#eba_x14" xlink:label="loc_eba_x14" />
    <link:label xlink:type="resource" xlink:label="label_eba_x14" xml:lang="en" xlink:role="http://www.eba.europa.eu/xbrl/role/dpm-db-id">1655</link:label>
    <link:labelArc xlink:type="arc" xlink:arcrole="http://www.xbrl.org/2003/arcrole/concept-label" xlink:from="loc_eba_x14" xlink:to="label_eba_x14" />
    <link:loc xlink:type="locator" xlink:href="mem.xsd#eba_x15" xlink:label="loc_eba_x15" />
    <link:label xlink:type="resource" xlink:label="label_eba_x15" xml:lang="en" xlink:role="http://www.eba.europa.eu/xbrl/role/dpm-db-id">1656</link:label>
    <link:labelArc xlink:type="arc" xlink:arcrole="http://www.xbrl.org/2003/arcrole/concept-label" xlink:from="loc_eba_x15" xlink:to="label_eba_x15" />
    <link:loc xlink:type="locator" xlink:href="mem.xsd#eba_x20" xlink:label="loc_eba_x20" />
    <link:label xlink:type="resource" xlink:label="label_eba_x20" xml:lang="en" xlink:role="http://www.eba.europa.eu/xbrl/role/dpm-db-id">1657</link:label>
    <link:labelArc xlink:type="arc" xlink:arcrole="http://www.xbrl.org/2003/arcrole/concept-label" xlink:from="loc_eba_x20" xlink:to="label_eba_x20" />
    <link:loc xlink:type="locator" xlink:href="mem.xsd#eba_x0" xlink:label="loc_eba_x0" />
    <link:label xlink:type="resource" xlink:label="label_eba_x0" xml:lang="en" xlink:role="http://www.eba.europa.eu/xbrl/role/dpm-db-id">1660</link:label>
    <link:labelArc xlink:type="arc" xlink:arcrole="http://www.xbrl.org/2003/arcrole/concept-label" xlink:from="loc_eba_x0" xlink:to="label_eba_x0" />
    <link:loc xlink:type="locator" xlink:href="mem.xsd#eba_x19" xlink:label="loc_eba_x19" />
    <link:label xlink:type="resource" xlink:label="label_eba_x19" xml:lang="en" xlink:role="http://www.eba.europa.eu/xbrl/role/dpm-db-id">1663</link:label>
    <link:labelArc xlink:type="arc" xlink:arcrole="http://www.xbrl.org/2003/arcrole/concept-label" xlink:from="loc_eba_x19" xlink:to="label_eba_x19" />
    <link:loc xlink:type="locator" xlink:href="mem.xsd#eba_x16" xlink:label="loc_eba_x16" />
    <link:label xlink:type="resource" xlink:label="label_eba_x16" xml:lang="en" xlink:role="http://www.eba.europa.eu/xbrl/role/dpm-db-id">1664</link:label>
    <link:labelArc xlink:type="arc" xlink:arcrole="http://www.xbrl.org/2003/arcrole/concept-label" xlink:from="loc_eba_x16" xlink:to="label_eba_x16" />
    <link:loc xlink:type="locator" xlink:href="mem.xsd#eba_x21" xlink:label="loc_eba_x21" />
    <link:label xlink:type="resource" xlink:label="label_eba_x21" xml:lang="en" xlink:role="http://www.eba.europa.eu/xbrl/role/dpm-db-id">1665</link:label>
    <link:labelArc xlink:type="arc" xlink:arcrole="http://www.xbrl.org/2003/arcrole/concept-label" xlink:from="loc_eba_x21" xlink:to="label_eba_x21" />
    <link:loc xlink:type="locator" xlink:href="mem.xsd#eba_x22" xlink:label="loc_eba_x22" />
    <link:label xlink:type="resource" xlink:label="label_eba_x22" xml:lang="en" xlink:role="http://www.eba.europa.eu/xbrl/role/dpm-db-id">1666</link:label>
    <link:labelArc xlink:type="arc" xlink:arcrole="http://www.xbrl.org/2003/arcrole/concept-label" xlink:from="loc_eba_x22" xlink:to="label_eba_x22" />
    <link:loc xlink:type="locator" xlink:href="mem.xsd#eba_x23" xlink:label="loc_eba_x23" />
    <link:label xlink:type="resource" xlink:label="label_eba_x23" xml:lang="en" xlink:role="http://www.eba.europa.eu/xbrl/role/dpm-db-id">1668</link:label>
    <link:labelArc xlink:type="arc" xlink:arcrole="http://www.xbrl.org/2003/arcrole/concept-label" xlink:from="loc_eba_x23" xlink:to="label_eba_x23" />
    <link:loc xlink:type="locator" xlink:href="mem.xsd#eba_x24" xlink:label="loc_eba_x24" />
    <link:label xlink:type="resource" xlink:label="label_eba_x24" xml:lang="en" xlink:role="http://www.eba.europa.eu/xbrl/role/dpm-db-id">2978</link:label>
    <link:labelArc xlink:type="arc" xlink:arcrole="http://www.xbrl.org/2003/arcrole/concept-label" xlink:from="loc_eba_x24" xlink:to="label_eba_x24" />
    <link:loc xlink:type="locator" xlink:href="mem.xsd#eba_x25" xlink:label="loc_eba_x25" />
    <link:label xlink:type="resource" xlink:label="label_eba_x25" xml:lang="en" xlink:role="http://www.eba.europa.eu/xbrl/role/dpm-db-id">2979</link:label>
    <link:labelArc xlink:type="arc" xlink:arcrole="http://www.xbrl.org/2003/arcrole/concept-label" xlink:from="loc_eba_x25" xlink:to="label_eba_x25" />
    <link:loc xlink:type="locator" xlink:href="mem.xsd#eba_x26" xlink:label="loc_eba_x26" />
    <link:label xlink:type="resource" xlink:label="label_eba_x26" xml:lang="en" xlink:role="http://www.eba.europa.eu/xbrl/role/dpm-db-id">2980</link:label>
    <link:labelArc xlink:type="arc" xlink:arcrole="http://www.xbrl.org/2003/arcrole/concept-label" xlink:from="loc_eba_x26" xlink:to="label_eba_x26" />
    <link:loc xlink:type="locator" xlink:href="mem.xsd#eba_x29" xlink:label="loc_eba_x29" />
    <link:label xlink:type="resource" xlink:label="label_eba_x29" xml:lang="en" xlink:role="http://www.eba.europa.eu/xbrl/role/dpm-db-id">2983</link:label>
    <link:labelArc xlink:type="arc" xlink:arcrole="http://www.xbrl.org/2003/arcrole/concept-label" xlink:from="loc_eba_x29" xlink:to="label_eba_x29" />
    <link:loc xlink:type="locator" xlink:href="mem.xsd#eba_x30" xlink:label="loc_eba_x30" />
    <link:label xlink:type="resource" xlink:label="label_eba_x30" xml:lang="en" xlink:role="http://www.eba.europa.eu/xbrl/role/dpm-db-id">3054</link:label>
    <link:labelArc xlink:type="arc" xlink:arcrole="http://www.xbrl.org/2003/arcrole/concept-label" xlink:from="loc_eba_x30" xlink:to="label_eba_x30" />
    <link:loc xlink:type="locator" xlink:href="mem.xsd#eba_x31" xlink:label="loc_eba_x31" />
    <link:label xlink:type="resource" xlink:label="label_eba_x31" xml:lang="en" xlink:role="http://www.eba.europa.eu/xbrl/role/dpm-db-id">3055</link:label>
    <link:labelArc xlink:type="arc" xlink:arcrole="http://www.xbrl.org/2003/arcrole/concept-label" xlink:from="loc_eba_x31" xlink:to="label_eba_x31" />
    <link:loc xlink:type="locator" xlink:href="mem.xsd#eba_x32" xlink:label="loc_eba_x32" />
    <link:label xlink:type="resource" xlink:label="label_eba_x32" xml:lang="en" xlink:role="http://www.eba.europa.eu/xbrl/role/dpm-db-id">3056</link:label>
    <link:labelArc xlink:type="arc" xlink:arcrole="http://www.xbrl.org/2003/arcrole/concept-label" xlink:from="loc_eba_x32" xlink:to="label_eba_x32" />
    <link:loc xlink:type="locator" xlink:href="mem.xsd#eba_x33" xlink:label="loc_eba_x33" />
    <link:label xlink:type="resource" xlink:label="label_eba_x33" xml:lang="en" xlink:role="http://www.eba.europa.eu/xbrl/role/dpm-db-id">3057</link:label>
    <link:labelArc xlink:type="arc" xlink:arcrole="http://www.xbrl.org/2003/arcrole/concept-label" xlink:from="loc_eba_x33" xlink:to="label_eba_x33" />
    <link:loc xlink:type="locator" xlink:href="mem.xsd#eba_x34" xlink:label="loc_eba_x34" />
    <link:label xlink:type="resource" xlink:label="label_eba_x34" xml:lang="en" xlink:role="http://www.eba.europa.eu/xbrl/role/dpm-db-id">3058</link:label>
    <link:labelArc xlink:type="arc" xlink:arcrole="http://www.xbrl.org/2003/arcrole/concept-label" xlink:from="loc_eba_x34" xlink:to="label_eba_x34" />
    <link:loc xlink:type="locator" xlink:href="mem.xsd#eba_x35" xlink:label="loc_eba_x35" />
    <link:label xlink:type="resource" xlink:label="label_eba_x35" xml:lang="en" xlink:role="http://www.eba.europa.eu/xbrl/role/dpm-db-id">3059</link:label>
    <link:labelArc xlink:type="arc" xlink:arcrole="http://www.xbrl.org/2003/arcrole/concept-label" xlink:from="loc_eba_x35" xlink:to="label_eba_x35" />
    <link:loc xlink:type="locator" xlink:href="mem.xsd#eba_x37" xlink:label="loc_eba_x37" />
    <link:label xlink:type="resource" xlink:label="label_eba_x37" xml:lang="en" xlink:role="http://www.eba.europa.eu/xbrl/role/dpm-db-id">3061</link:label>
    <link:labelArc xlink:type="arc" xlink:arcrole="http://www.xbrl.org/2003/arcrole/concept-label" xlink:from="loc_eba_x37" xlink:to="label_eba_x37" />
    <link:loc xlink:type="locator" xlink:href="mem.xsd#eba_x38" xlink:label="loc_eba_x38" />
    <link:label xlink:type="resource" xlink:label="label_eba_x38" xml:lang="en" xlink:role="http://www.eba.europa.eu/xbrl/role/dpm-db-id">3062</link:label>
    <link:labelArc xlink:type="arc" xlink:arcrole="http://www.xbrl.org/2003/arcrole/concept-label" xlink:from="loc_eba_x38" xlink:to="label_eba_x38" />
    <link:loc xlink:type="locator" xlink:href="mem.xsd#eba_x18" xlink:label="loc_eba_x18" />
    <link:label xlink:type="resource" xlink:label="label_eba_x18" xml:lang="en" xlink:role="http://www.eba.europa.eu/xbrl/role/dpm-db-id">3063</link:label>
    <link:labelArc xlink:type="arc" xlink:arcrole="http://www.xbrl.org/2003/arcrole/concept-label" xlink:from="loc_eba_x18" xlink:to="label_eba_x18" />
    <link:loc xlink:type="locator" xlink:href="mem.xsd#eba_x40" xlink:label="loc_eba_x40" />
    <link:label xlink:type="resource" xlink:label="label_eba_x40" xml:lang="en" xlink:role="http://www.eba.europa.eu/xbrl/role/dpm-db-id">3064</link:label>
    <link:labelArc xlink:type="arc" xlink:arcrole="http://www.xbrl.org/2003/arcrole/concept-label" xlink:from="loc_eba_x40" xlink:to="label_eba_x40" />
    <link:loc xlink:type="locator" xlink:href="mem.xsd#eba_x43" xlink:label="loc_eba_x43" />
    <link:label xlink:type="resource" xlink:label="label_eba_x43" xml:lang="en" xlink:role="http://www.eba.europa.eu/xbrl/role/dpm-db-id">3067</link:label>
    <link:labelArc xlink:type="arc" xlink:arcrole="http://www.xbrl.org/2003/arcrole/concept-label" xlink:from="loc_eba_x43" xlink:to="label_eba_x43" />
    <link:loc xlink:type="locator" xlink:href="mem.xsd#eba_x44" xlink:label="loc_eba_x44" />
    <link:label xlink:type="resource" xlink:label="label_eba_x44" xml:lang="en" xlink:role="http://www.eba.europa.eu/xbrl/role/dpm-db-id">3068</link:label>
    <link:labelArc xlink:type="arc" xlink:arcrole="http://www.xbrl.org/2003/arcrole/concept-label" xlink:from="loc_eba_x44" xlink:to="label_eba_x44" />
    <link:loc xlink:type="locator" xlink:href="mem.xsd#eba_x47" xlink:label="loc_eba_x47" />
    <link:label xlink:type="resource" xlink:label="label_eba_x47" xml:lang="en" xlink:role="http://www.eba.europa.eu/xbrl/role/dpm-db-id">3232</link:label>
    <link:labelArc xlink:type="arc" xlink:arcrole="http://www.xbrl.org/2003/arcrole/concept-label" xlink:from="loc_eba_x47" xlink:to="label_eba_x47" />
    <link:loc xlink:type="locator" xlink:href="mem.xsd#eba_x49" xlink:label="loc_eba_x49" />
    <link:label xlink:type="resource" xlink:label="label_eba_x49" xml:lang="en" xlink:role="http://www.eba.europa.eu/xbrl/role/dpm-db-id">3401</link:label>
    <link:labelArc xlink:type="arc" xlink:arcrole="http://www.xbrl.org/2003/arcrole/concept-label" xlink:from="loc_eba_x49" xlink:to="label_eba_x49" />
    <link:loc xlink:type="locator" xlink:href="mem.xsd#eba_x51" xlink:label="loc_eba_x51" />
    <link:label xlink:type="resource" xlink:label="label_eba_x51" xml:lang="en" xlink:role="http://www.eba.europa.eu/xbrl/role/dpm-db-id">3685</link:label>
    <link:labelArc xlink:type="arc" xlink:arcrole="http://www.xbrl.org/2003/arcrole/concept-label" xlink:from="loc_eba_x51" xlink:to="label_eba_x51" />
    <link:loc xlink:type="locator" xlink:href="mem.xsd#eba_x52" xlink:label="loc_eba_x52" />
    <link:label xlink:type="resource" xlink:label="label_eba_x52" xml:lang="en" xlink:role="http://www.eba.europa.eu/xbrl/role/dpm-db-id">3698</link:label>
    <link:labelArc xlink:type="arc" xlink:arcrole="http://www.xbrl.org/2003/arcrole/concept-label" xlink:from="loc_eba_x52" xlink:to="label_eba_x52" />
    <link:loc xlink:type="locator" xlink:href="mem.xsd#eba_x53" xlink:label="loc_eba_x53" />
    <link:label xlink:type="resource" xlink:label="label_eba_x53" xml:lang="en" xlink:role="http://www.eba.europa.eu/xbrl/role/dpm-db-id">3699</link:label>
    <link:labelArc xlink:type="arc" xlink:arcrole="http://www.xbrl.org/2003/arcrole/concept-label" xlink:from="loc_eba_x53" xlink:to="label_eba_x53" />
    <link:loc xlink:type="locator" xlink:href="mem.xsd#eba_x54" xlink:label="loc_eba_x54" />
    <link:label xlink:type="resource" xlink:label="label_eba_x54" xml:lang="en" xlink:role="http://www.eba.europa.eu/xbrl/role/dpm-db-id">3701</link:label>
    <link:labelArc xlink:type="arc" xlink:arcrole="http://www.xbrl.org/2003/arcrole/concept-label" xlink:from="loc_eba_x54" xlink:to="label_eba_x54" />
    <link:loc xlink:type="locator" xlink:href="mem.xsd#eba_x55" xlink:label="loc_eba_x55" />
    <link:label xlink:type="resource" xlink:label="label_eba_x55" xml:lang="en" xlink:role="http://www.eba.europa.eu/xbrl/role/dpm-db-id">3702</link:label>
    <link:labelArc xlink:type="arc" xlink:arcrole="http://www.xbrl.org/2003/arcrole/concept-label" xlink:from="loc_eba_x55" xlink:to="label_eba_x55" />
    <link:loc xlink:type="locator" xlink:href="mem.xsd#eba_x56" xlink:label="loc_eba_x56" />
    <link:label xlink:type="resource" xlink:label="label_eba_x56" xml:lang="en" xlink:role="http://www.eba.europa.eu/xbrl/role/dpm-db-id">3705</link:label>
    <link:labelArc xlink:type="arc" xlink:arcrole="http://www.xbrl.org/2003/arcrole/concept-label" xlink:from="loc_eba_x56" xlink:to="label_eba_x56" />
    <link:loc xlink:type="locator" xlink:href="mem.xsd#eba_x57" xlink:label="loc_eba_x57" />
    <link:label xlink:type="resource" xlink:label="label_eba_x57" xml:lang="en" xlink:role="http://www.eba.europa.eu/xbrl/role/dpm-db-id">3706</link:label>
    <link:labelArc xlink:type="arc" xlink:arcrole="http://www.xbrl.org/2003/arcrole/concept-label" xlink:from="loc_eba_x57" xlink:to="label_eba_x57" />
    <link:loc xlink:type="locator" xlink:href="mem.xsd#eba_x58" xlink:label="loc_eba_x58" />
    <link:label xlink:type="resource" xlink:label="label_eba_x58" xml:lang="en" xlink:role="http://www.eba.europa.eu/xbrl/role/dpm-db-id">3707</link:label>
    <link:labelArc xlink:type="arc" xlink:arcrole="http://www.xbrl.org/2003/arcrole/concept-label" xlink:from="loc_eba_x58" xlink:to="label_eba_x58" />
    <link:loc xlink:type="locator" xlink:href="mem.xsd#eba_x59" xlink:label="loc_eba_x59" />
    <link:label xlink:type="resource" xlink:label="label_eba_x59" xml:lang="en" xlink:role="http://www.eba.europa.eu/xbrl/role/dpm-db-id">3708</link:label>
    <link:labelArc xlink:type="arc" xlink:arcrole="http://www.xbrl.org/2003/arcrole/concept-label" xlink:from="loc_eba_x59" xlink:to="label_eba_x59" />
    <link:loc xlink:type="locator" xlink:href="mem.xsd#eba_x60" xlink:label="loc_eba_x60" />
    <link:label xlink:type="resource" xlink:label="label_eba_x60" xml:lang="en" xlink:role="http://www.eba.europa.eu/xbrl/role/dpm-db-id">3711</link:label>
    <link:labelArc xlink:type="arc" xlink:arcrole="http://www.xbrl.org/2003/arcrole/concept-label" xlink:from="loc_eba_x60" xlink:to="label_eba_x60" />
    <link:loc xlink:type="locator" xlink:href="mem.xsd#eba_x61" xlink:label="loc_eba_x61" />
    <link:label xlink:type="resource" xlink:label="label_eba_x61" xml:lang="en" xlink:role="http://www.eba.europa.eu/xbrl/role/dpm-db-id">3715</link:label>
    <link:labelArc xlink:type="arc" xlink:arcrole="http://www.xbrl.org/2003/arcrole/concept-label" xlink:from="loc_eba_x61" xlink:to="label_eba_x61" />
    <link:loc xlink:type="locator" xlink:href="mem.xsd#eba_x62" xlink:label="loc_eba_x62" />
    <link:label xlink:type="resource" xlink:label="label_eba_x62" xml:lang="en" xlink:role="http://www.eba.europa.eu/xbrl/role/dpm-db-id">3721</link:label>
    <link:labelArc xlink:type="arc" xlink:arcrole="http://www.xbrl.org/2003/arcrole/concept-label" xlink:from="loc_eba_x62" xlink:to="label_eba_x62" />
    <link:loc xlink:type="locator" xlink:href="mem.xsd#eba_x63" xlink:label="loc_eba_x63" />
    <link:label xlink:type="resource" xlink:label="label_eba_x63" xml:lang="en" xlink:role="http://www.eba.europa.eu/xbrl/role/dpm-db-id">3731</link:label>
    <link:labelArc xlink:type="arc" xlink:arcrole="http://www.xbrl.org/2003/arcrole/concept-label" xlink:from="loc_eba_x63" xlink:to="label_eba_x63" />
    <link:loc xlink:type="locator" xlink:href="mem.xsd#eba_x64" xlink:label="loc_eba_x64" />
    <link:label xlink:type="resource" xlink:label="label_eba_x64" xml:lang="en" xlink:role="http://www.eba.europa.eu/xbrl/role/dpm-db-id">3735</link:label>
    <link:labelArc xlink:type="arc" xlink:arcrole="http://www.xbrl.org/2003/arcrole/concept-label" xlink:from="loc_eba_x64" xlink:to="label_eba_x64" />
    <link:loc xlink:type="locator" xlink:href="mem.xsd#eba_x65" xlink:label="loc_eba_x65" />
    <link:label xlink:type="resource" xlink:label="label_eba_x65" xml:lang="en" xlink:role="http://www.eba.europa.eu/xbrl/role/dpm-db-id">3747</link:label>
    <link:labelArc xlink:type="arc" xlink:arcrole="http://www.xbrl.org/2003/arcrole/concept-label" xlink:from="loc_eba_x65" xlink:to="label_eba_x65" />
    <link:loc xlink:type="locator" xlink:href="mem.xsd#eba_x66" xlink:label="loc_eba_x66" />
    <link:label xlink:type="resource" xlink:label="label_eba_x66" xml:lang="en" xlink:role="http://www.eba.europa.eu/xbrl/role/dpm-db-id">3748</link:label>
    <link:labelArc xlink:type="arc" xlink:arcrole="http://www.xbrl.org/2003/arcrole/concept-label" xlink:from="loc_eba_x66" xlink:to="label_eba_x66" />
    <link:loc xlink:type="locator" xlink:href="mem.xsd#eba_x67" xlink:label="loc_eba_x67" />
    <link:label xlink:type="resource" xlink:label="label_eba_x67" xml:lang="en" xlink:role="http://www.eba.europa.eu/xbrl/role/dpm-db-id">3749</link:label>
    <link:labelArc xlink:type="arc" xlink:arcrole="http://www.xbrl.org/2003/arcrole/concept-label" xlink:from="loc_eba_x67" xlink:to="label_eba_x67" />
    <link:loc xlink:type="locator" xlink:href="mem.xsd#eba_x68" xlink:label="loc_eba_x68" />
    <link:label xlink:type="resource" xlink:label="label_eba_x68" xml:lang="en" xlink:role="http://www.eba.europa.eu/xbrl/role/dpm-db-id">3777</link:label>
    <link:labelArc xlink:type="arc" xlink:arcrole="http://www.xbrl.org/2003/arcrole/concept-label" xlink:from="loc_eba_x68" xlink:to="label_eba_x68" />
    <link:loc xlink:type="locator" xlink:href="mem.xsd#eba_x69" xlink:label="loc_eba_x69" />
    <link:label xlink:type="resource" xlink:label="label_eba_x69" xml:lang="en" xlink:role="http://www.eba.europa.eu/xbrl/role/dpm-db-id">3781</link:label>
    <link:labelArc xlink:type="arc" xlink:arcrole="http://www.xbrl.org/2003/arcrole/concept-label" xlink:from="loc_eba_x69" xlink:to="label_eba_x69" />
    <link:loc xlink:type="locator" xlink:href="mem.xsd#eba_x70" xlink:label="loc_eba_x70" />
    <link:label xlink:type="resource" xlink:label="label_eba_x70" xml:lang="en" xlink:role="http://www.eba.europa.eu/xbrl/role/dpm-db-id">3783</link:label>
    <link:labelArc xlink:type="arc" xlink:arcrole="http://www.xbrl.org/2003/arcrole/concept-label" xlink:from="loc_eba_x70" xlink:to="label_eba_x70" />
    <link:loc xlink:type="locator" xlink:href="mem.xsd#eba_x71" xlink:label="loc_eba_x71" />
    <link:label xlink:type="resource" xlink:label="label_eba_x71" xml:lang="en" xlink:role="http://www.eba.europa.eu/xbrl/role/dpm-db-id">3788</link:label>
    <link:labelArc xlink:type="arc" xlink:arcrole="http://www.xbrl.org/2003/arcrole/concept-label" xlink:from="loc_eba_x71" xlink:to="label_eba_x71" />
    <link:loc xlink:type="locator" xlink:href="mem.xsd#eba_x72" xlink:label="loc_eba_x72" />
    <link:label xlink:type="resource" xlink:label="label_eba_x72" xml:lang="en" xlink:role="http://www.eba.europa.eu/xbrl/role/dpm-db-id">3789</link:label>
    <link:labelArc xlink:type="arc" xlink:arcrole="http://www.xbrl.org/2003/arcrole/concept-label" xlink:from="loc_eba_x72" xlink:to="label_eba_x72" />
    <link:loc xlink:type="locator" xlink:href="mem.xsd#eba_x73" xlink:label="loc_eba_x73" />
    <link:label xlink:type="resource" xlink:label="label_eba_x73" xml:lang="en" xlink:role="http://www.eba.europa.eu/xbrl/role/dpm-db-id">3790</link:label>
    <link:labelArc xlink:type="arc" xlink:arcrole="http://www.xbrl.org/2003/arcrole/concept-label" xlink:from="loc_eba_x73" xlink:to="label_eba_x73" />
    <link:loc xlink:type="locator" xlink:href="mem.xsd#eba_x74" xlink:label="loc_eba_x74" />
    <link:label xlink:type="resource" xlink:label="label_eba_x74" xml:lang="en" xlink:role="http://www.eba.europa.eu/xbrl/role/dpm-db-id">3791</link:label>
    <link:labelArc xlink:type="arc" xlink:arcrole="http://www.xbrl.org/2003/arcrole/concept-label" xlink:from="loc_eba_x74" xlink:to="label_eba_x74" />
    <link:loc xlink:type="locator" xlink:href="mem.xsd#eba_x75" xlink:label="loc_eba_x75" />
    <link:label xlink:type="resource" xlink:label="label_eba_x75" xml:lang="en" xlink:role="http://www.eba.europa.eu/xbrl/role/dpm-db-id">3796</link:label>
    <link:labelArc xlink:type="arc" xlink:arcrole="http://www.xbrl.org/2003/arcrole/concept-label" xlink:from="loc_eba_x75" xlink:to="label_eba_x75" />
    <link:loc xlink:type="locator" xlink:href="mem.xsd#eba_x536" xlink:label="loc_eba_x536" />
    <link:label xlink:type="resource" xlink:label="label_eba_x536" xml:lang="en" xlink:role="http://www.eba.europa.eu/xbrl/role/dpm-db-id">3810</link:label>
    <link:labelArc xlink:type="arc" xlink:arcrole="http://www.xbrl.org/2003/arcrole/concept-label" xlink:from="loc_eba_x536" xlink:to="label_eba_x536" />
    <link:loc xlink:type="locator" xlink:href="mem.xsd#eba_x537" xlink:label="loc_eba_x537" />
    <link:label xlink:type="resource" xlink:label="label_eba_x537" xml:lang="en" xlink:role="http://www.eba.europa.eu/xbrl/role/dpm-db-id">4300</link:label>
    <link:labelArc xlink:type="arc" xlink:arcrole="http://www.xbrl.org/2003/arcrole/concept-label" xlink:from="loc_eba_x537" xlink:to="label_eba_x537" />
    <link:loc xlink:type="locator" xlink:href="mem.xsd#eba_x538" xlink:label="loc_eba_x538" />
    <link:label xlink:type="resource" xlink:label="label_eba_x538" xml:lang="en" xlink:role="http://www.eba.europa.eu/xbrl/role/dpm-db-id">4301</link:label>
    <link:labelArc xlink:type="arc" xlink:arcrole="http://www.xbrl.org/2003/arcrole/concept-label" xlink:from="loc_eba_x538" xlink:to="label_eba_x538" />
    <link:loc xlink:type="locator" xlink:href="mem.xsd#eba_x539" xlink:label="loc_eba_x539" />
    <link:label xlink:type="resource" xlink:label="label_eba_x539" xml:lang="en" xlink:role="http://www.eba.europa.eu/xbrl/role/dpm-db-id">4302</link:label>
    <link:labelArc xlink:type="arc" xlink:arcrole="http://www.xbrl.org/2003/arcrole/concept-label" xlink:from="loc_eba_x539" xlink:to="label_eba_x539" />
    <link:loc xlink:type="locator" xlink:href="mem.xsd#eba_x540" xlink:label="loc_eba_x540" />
    <link:label xlink:type="resource" xlink:label="label_eba_x540" xml:lang="en" xlink:role="http://www.eba.europa.eu/xbrl/role/dpm-db-id">4303</link:label>
    <link:labelArc xlink:type="arc" xlink:arcrole="http://www.xbrl.org/2003/arcrole/concept-label" xlink:from="loc_eba_x540" xlink:to="label_eba_x540" />
    <link:loc xlink:type="locator" xlink:href="mem.xsd#eba_x541" xlink:label="loc_eba_x541" />
    <link:label xlink:type="resource" xlink:label="label_eba_x541" xml:lang="en" xlink:role="http://www.eba.europa.eu/xbrl/role/dpm-db-id">4338</link:label>
    <link:labelArc xlink:type="arc" xlink:arcrole="http://www.xbrl.org/2003/arcrole/concept-label" xlink:from="loc_eba_x541" xlink:to="label_eba_x541" />
    <link:loc xlink:type="locator" xlink:href="mem.xsd#eba_x542" xlink:label="loc_eba_x542" />
    <link:label xlink:type="resource" xlink:label="label_eba_x542" xml:lang="en" xlink:role="http://www.eba.europa.eu/xbrl/role/dpm-db-id">4373</link:label>
    <link:labelArc xlink:type="arc" xlink:arcrole="http://www.xbrl.org/2003/arcrole/concept-label" xlink:from="loc_eba_x542" xlink:to="label_eba_x542" />
    <link:loc xlink:type="locator" xlink:href="mem.xsd#eba_x543" xlink:label="loc_eba_x543" />
    <link:label xlink:type="resource" xlink:label="label_eba_x543" xml:lang="en" xlink:role="http://www.eba.europa.eu/xbrl/role/dpm-db-id">4374</link:label>
    <link:labelArc xlink:type="arc" xlink:arcrole="http://www.xbrl.org/2003/arcrole/concept-label" xlink:from="loc_eba_x543" xlink:to="label_eba_x543" />
    <link:loc xlink:type="locator" xlink:href="mem.xsd#eba_x544" xlink:label="loc_eba_x544" />
    <link:label xlink:type="resource" xlink:label="label_eba_x544" xml:lang="en" xlink:role="http://www.eba.europa.eu/xbrl/role/dpm-db-id">4375</link:label>
    <link:labelArc xlink:type="arc" xlink:arcrole="http://www.xbrl.org/2003/arcrole/concept-label" xlink:from="loc_eba_x544" xlink:to="label_eba_x544" />
    <link:loc xlink:type="locator" xlink:href="mem.xsd#eba_x545" xlink:label="loc_eba_x545" />
    <link:label xlink:type="resource" xlink:label="label_eba_x545" xml:lang="en" xlink:role="http://www.eba.europa.eu/xbrl/role/dpm-db-id">4376</link:label>
    <link:labelArc xlink:type="arc" xlink:arcrole="http://www.xbrl.org/2003/arcrole/concept-label" xlink:from="loc_eba_x545" xlink:to="label_eba_x545" />
    <link:loc xlink:type="locator" xlink:href="mem.xsd#eba_x546" xlink:label="loc_eba_x546" />
    <link:label xlink:type="resource" xlink:label="label_eba_x546" xml:lang="en" xlink:role="http://www.eba.europa.eu/xbrl/role/dpm-db-id">4377</link:label>
    <link:labelArc xlink:type="arc" xlink:arcrole="http://www.xbrl.org/2003/arcrole/concept-label" xlink:from="loc_eba_x546" xlink:to="label_eba_x546" />
    <link:loc xlink:type="locator" xlink:href="mem.xsd#eba_x547" xlink:label="loc_eba_x547" />
    <link:label xlink:type="resource" xlink:label="label_eba_x547" xml:lang="en" xlink:role="http://www.eba.europa.eu/xbrl/role/dpm-db-id">4378</link:label>
    <link:labelArc xlink:type="arc" xlink:arcrole="http://www.xbrl.org/2003/arcrole/concept-label" xlink:from="loc_eba_x547" xlink:to="label_eba_x547" />
    <link:loc xlink:type="locator" xlink:href="mem.xsd#eba_x548" xlink:label="loc_eba_x548" />
    <link:label xlink:type="resource" xlink:label="label_eba_x548" xml:lang="en" xlink:role="http://www.eba.europa.eu/xbrl/role/dpm-db-id">4379</link:label>
    <link:labelArc xlink:type="arc" xlink:arcrole="http://www.xbrl.org/2003/arcrole/concept-label" xlink:from="loc_eba_x548" xlink:to="label_eba_x548" />
    <link:loc xlink:type="locator" xlink:href="mem.xsd#eba_x549" xlink:label="loc_eba_x549" />
    <link:label xlink:type="resource" xlink:label="label_eba_x549" xml:lang="en" xlink:role="http://www.eba.europa.eu/xbrl/role/dpm-db-id">4380</link:label>
    <link:labelArc xlink:type="arc" xlink:arcrole="http://www.xbrl.org/2003/arcrole/concept-label" xlink:from="loc_eba_x549" xlink:to="label_eba_x549" />
    <link:loc xlink:type="locator" xlink:href="mem.xsd#eba_x550" xlink:label="loc_eba_x550" />
    <link:label xlink:type="resource" xlink:label="label_eba_x550" xml:lang="en" xlink:role="http://www.eba.europa.eu/xbrl/role/dpm-db-id">4381</link:label>
    <link:labelArc xlink:type="arc" xlink:arcrole="http://www.xbrl.org/2003/arcrole/concept-label" xlink:from="loc_eba_x550" xlink:to="label_eba_x550" />
    <link:loc xlink:type="locator" xlink:href="mem.xsd#eba_x551" xlink:label="loc_eba_x551" />
    <link:label xlink:type="resource" xlink:label="label_eba_x551" xml:lang="en" xlink:role="http://www.eba.europa.eu/xbrl/role/dpm-db-id">4382</link:label>
    <link:labelArc xlink:type="arc" xlink:arcrole="http://www.xbrl.org/2003/arcrole/concept-label" xlink:from="loc_eba_x551" xlink:to="label_eba_x551" />
    <link:loc xlink:type="locator" xlink:href="mem.xsd#eba_x552" xlink:label="loc_eba_x552" />
    <link:label xlink:type="resource" xlink:label="label_eba_x552" xml:lang="en" xlink:role="http://www.eba.europa.eu/xbrl/role/dpm-db-id">4383</link:label>
    <link:labelArc xlink:type="arc" xlink:arcrole="http://www.xbrl.org/2003/arcrole/concept-label" xlink:from="loc_eba_x552" xlink:to="label_eba_x552" />
    <link:loc xlink:type="locator" xlink:href="mem.xsd#eba_x553" xlink:label="loc_eba_x553" />
    <link:label xlink:type="resource" xlink:label="label_eba_x553" xml:lang="en" xlink:role="http://www.eba.europa.eu/xbrl/role/dpm-db-id">4384</link:label>
    <link:labelArc xlink:type="arc" xlink:arcrole="http://www.xbrl.org/2003/arcrole/concept-label" xlink:from="loc_eba_x553" xlink:to="label_eba_x553" />
    <link:loc xlink:type="locator" xlink:href="mem.xsd#eba_x554" xlink:label="loc_eba_x554" />
    <link:label xlink:type="resource" xlink:label="label_eba_x554" xml:lang="en" xlink:role="http://www.eba.europa.eu/xbrl/role/dpm-db-id">4385</link:label>
    <link:labelArc xlink:type="arc" xlink:arcrole="http://www.xbrl.org/2003/arcrole/concept-label" xlink:from="loc_eba_x554" xlink:to="label_eba_x554" />
    <link:loc xlink:type="locator" xlink:href="mem.xsd#eba_x555" xlink:label="loc_eba_x555" />
    <link:label xlink:type="resource" xlink:label="label_eba_x555" xml:lang="en" xlink:role="http://www.eba.europa.eu/xbrl/role/dpm-db-id">4386</link:label>
    <link:labelArc xlink:type="arc" xlink:arcrole="http://www.xbrl.org/2003/arcrole/concept-label" xlink:from="loc_eba_x555" xlink:to="label_eba_x555" />
    <link:loc xlink:type="locator" xlink:href="mem.xsd#eba_x556" xlink:label="loc_eba_x556" />
    <link:label xlink:type="resource" xlink:label="label_eba_x556" xml:lang="en" xlink:role="http://www.eba.europa.eu/xbrl/role/dpm-db-id">4387</link:label>
    <link:labelArc xlink:type="arc" xlink:arcrole="http://www.xbrl.org/2003/arcrole/concept-label" xlink:from="loc_eba_x556" xlink:to="label_eba_x556" />
    <link:loc xlink:type="locator" xlink:href="mem.xsd#eba_x557" xlink:label="loc_eba_x557" />
    <link:label xlink:type="resource" xlink:label="label_eba_x557" xml:lang="en" xlink:role="http://www.eba.europa.eu/xbrl/role/dpm-db-id">4388</link:label>
    <link:labelArc xlink:type="arc" xlink:arcrole="http://www.xbrl.org/2003/arcrole/concept-label" xlink:from="loc_eba_x557" xlink:to="label_eba_x557" />
    <link:loc xlink:type="locator" xlink:href="mem.xsd#eba_x558" xlink:label="loc_eba_x558" />
    <link:label xlink:type="resource" xlink:label="label_eba_x558" xml:lang="en" xlink:role="http://www.eba.europa.eu/xbrl/role/dpm-db-id">4389</link:label>
    <link:labelArc xlink:type="arc" xlink:arcrole="http://www.xbrl.org/2003/arcrole/concept-label" xlink:from="loc_eba_x558" xlink:to="label_eba_x558" />
    <link:loc xlink:type="locator" xlink:href="mem.xsd#eba_x559" xlink:label="loc_eba_x559" />
    <link:label xlink:type="resource" xlink:label="label_eba_x559" xml:lang="en" xlink:role="http://www.eba.europa.eu/xbrl/role/dpm-db-id">4390</link:label>
    <link:labelArc xlink:type="arc" xlink:arcrole="http://www.xbrl.org/2003/arcrole/concept-label" xlink:from="loc_eba_x559" xlink:to="label_eba_x559" />
    <link:loc xlink:type="locator" xlink:href="mem.xsd#eba_x560" xlink:label="loc_eba_x560" />
    <link:label xlink:type="resource" xlink:label="label_eba_x560" xml:lang="en" xlink:role="http://www.eba.europa.eu/xbrl/role/dpm-db-id">4391</link:label>
    <link:labelArc xlink:type="arc" xlink:arcrole="http://www.xbrl.org/2003/arcrole/concept-label" xlink:from="loc_eba_x560" xlink:to="label_eba_x560" />
    <link:loc xlink:type="locator" xlink:href="mem.xsd#eba_x561" xlink:label="loc_eba_x561" />
    <link:label xlink:type="resource" xlink:label="label_eba_x561" xml:lang="en" xlink:role="http://www.eba.europa.eu/xbrl/role/dpm-db-id">4504</link:label>
    <link:labelArc xlink:type="arc" xlink:arcrole="http://www.xbrl.org/2003/arcrole/concept-label" xlink:from="loc_eba_x561" xlink:to="label_eba_x561" />
    <link:loc xlink:type="locator" xlink:href="mem.xsd#eba_x562" xlink:label="loc_eba_x562" />
    <link:label xlink:type="resource" xlink:label="label_eba_x562" xml:lang="en" xlink:role="http://www.eba.europa.eu/xbrl/role/dpm-db-id">4505</link:label>
    <link:labelArc xlink:type="arc" xlink:arcrole="http://www.xbrl.org/2003/arcrole/concept-label" xlink:from="loc_eba_x562" xlink:to="label_eba_x562" />
    <link:loc xlink:type="locator" xlink:href="mem.xsd#eba_x563" xlink:label="loc_eba_x563" />
    <link:label xlink:type="resource" xlink:label="label_eba_x563" xml:lang="en" xlink:role="http://www.eba.europa.eu/xbrl/role/dpm-db-id">4506</link:label>
    <link:labelArc xlink:type="arc" xlink:arcrole="http://www.xbrl.org/2003/arcrole/concept-label" xlink:from="loc_eba_x563" xlink:to="label_eba_x563" />
    <link:loc xlink:type="locator" xlink:href="mem.xsd#eba_x564" xlink:label="loc_eba_x564" />
    <link:label xlink:type="resource" xlink:label="label_eba_x564" xml:lang="en" xlink:role="http://www.eba.europa.eu/xbrl/role/dpm-db-id">4507</link:label>
    <link:labelArc xlink:type="arc" xlink:arcrole="http://www.xbrl.org/2003/arcrole/concept-label" xlink:from="loc_eba_x564" xlink:to="label_eba_x564" />
    <link:loc xlink:type="locator" xlink:href="mem.xsd#eba_x565" xlink:label="loc_eba_x565" />
    <link:label xlink:type="resource" xlink:label="label_eba_x565" xml:lang="en" xlink:role="http://www.eba.europa.eu/xbrl/role/dpm-db-id">4508</link:label>
    <link:labelArc xlink:type="arc" xlink:arcrole="http://www.xbrl.org/2003/arcrole/concept-label" xlink:from="loc_eba_x565" xlink:to="label_eba_x565" />
    <link:loc xlink:type="locator" xlink:href="mem.xsd#eba_x566" xlink:label="loc_eba_x566" />
    <link:label xlink:type="resource" xlink:label="label_eba_x566" xml:lang="en" xlink:role="http://www.eba.europa.eu/xbrl/role/dpm-db-id">4509</link:label>
    <link:labelArc xlink:type="arc" xlink:arcrole="http://www.xbrl.org/2003/arcrole/concept-label" xlink:from="loc_eba_x566" xlink:to="label_eba_x566" />
    <link:loc xlink:type="locator" xlink:href="mem.xsd#eba_x567" xlink:label="loc_eba_x567" />
    <link:label xlink:type="resource" xlink:label="label_eba_x567" xml:lang="en" xlink:role="http://www.eba.europa.eu/xbrl/role/dpm-db-id">4510</link:label>
    <link:labelArc xlink:type="arc" xlink:arcrole="http://www.xbrl.org/2003/arcrole/concept-label" xlink:from="loc_eba_x567" xlink:to="label_eba_x567" />
    <link:loc xlink:type="locator" xlink:href="mem.xsd#eba_x568" xlink:label="loc_eba_x568" />
    <link:label xlink:type="resource" xlink:label="label_eba_x568" xml:lang="en" xlink:role="http://www.eba.europa.eu/xbrl/role/dpm-db-id">4511</link:label>
    <link:labelArc xlink:type="arc" xlink:arcrole="http://www.xbrl.org/2003/arcrole/concept-label" xlink:from="loc_eba_x568" xlink:to="label_eba_x568" />
    <link:loc xlink:type="locator" xlink:href="mem.xsd#eba_x569" xlink:label="loc_eba_x569" />
    <link:label xlink:type="resource" xlink:label="label_eba_x569" xml:lang="en" xlink:role="http://www.eba.europa.eu/xbrl/role/dpm-db-id">4512</link:label>
    <link:labelArc xlink:type="arc" xlink:arcrole="http://www.xbrl.org/2003/arcrole/concept-label" xlink:from="loc_eba_x569" xlink:to="label_eba_x569" />
    <link:loc xlink:type="locator" xlink:href="mem.xsd#eba_x570" xlink:label="loc_eba_x570" />
    <link:label xlink:type="resource" xlink:label="label_eba_x570" xml:lang="en" xlink:role="http://www.eba.europa.eu/xbrl/role/dpm-db-id">4513</link:label>
    <link:labelArc xlink:type="arc" xlink:arcrole="http://www.xbrl.org/2003/arcrole/concept-label" xlink:from="loc_eba_x570" xlink:to="label_eba_x570" />
    <link:loc xlink:type="locator" xlink:href="mem.xsd#eba_x571" xlink:label="loc_eba_x571" />
    <link:label xlink:type="resource" xlink:label="label_eba_x571" xml:lang="en" xlink:role="http://www.eba.europa.eu/xbrl/role/dpm-db-id">4514</link:label>
    <link:labelArc xlink:type="arc" xlink:arcrole="http://www.xbrl.org/2003/arcrole/concept-label" xlink:from="loc_eba_x571" xlink:to="label_eba_x571" />
    <link:loc xlink:type="locator" xlink:href="mem.xsd#eba_x572" xlink:label="loc_eba_x572" />
    <link:label xlink:type="resource" xlink:label="label_eba_x572" xml:lang="en" xlink:role="http://www.eba.europa.eu/xbrl/role/dpm-db-id">4515</link:label>
    <link:labelArc xlink:type="arc" xlink:arcrole="http://www.xbrl.org/2003/arcrole/concept-label" xlink:from="loc_eba_x572" xlink:to="label_eba_x572" />
    <link:loc xlink:type="locator" xlink:href="mem.xsd#eba_x573" xlink:label="loc_eba_x573" />
    <link:label xlink:type="resource" xlink:label="label_eba_x573" xml:lang="en" xlink:role="http://www.eba.europa.eu/xbrl/role/dpm-db-id">4684</link:label>
    <link:labelArc xlink:type="arc" xlink:arcrole="http://www.xbrl.org/2003/arcrole/concept-label" xlink:from="loc_eba_x573" xlink:to="label_eba_x573" />
    <link:loc xlink:type="locator" xlink:href="mem.xsd#eba_x574" xlink:label="loc_eba_x574" />
    <link:label xlink:type="resource" xlink:label="label_eba_x574" xml:lang="en" xlink:role="http://www.eba.europa.eu/xbrl/role/dpm-db-id">4686</link:label>
    <link:labelArc xlink:type="arc" xlink:arcrole="http://www.xbrl.org/2003/arcrole/concept-label" xlink:from="loc_eba_x574" xlink:to="label_eba_x574" />
    <link:loc xlink:type="locator" xlink:href="mem.xsd#eba_x575" xlink:label="loc_eba_x575" />
    <link:label xlink:type="resource" xlink:label="label_eba_x575" xml:lang="en" xlink:role="http://www.eba.europa.eu/xbrl/role/dpm-db-id">4709</link:label>
    <link:labelArc xlink:type="arc" xlink:arcrole="http://www.xbrl.org/2003/arcrole/concept-label" xlink:from="loc_eba_x575" xlink:to="label_eba_x575" />
    <link:loc xlink:type="locator" xlink:href="mem.xsd#eba_x576" xlink:label="loc_eba_x576" />
    <link:label xlink:type="resource" xlink:label="label_eba_x576" xml:lang="en" xlink:role="http://www.eba.europa.eu/xbrl/role/dpm-db-id">4710</link:label>
    <link:labelArc xlink:type="arc" xlink:arcrole="http://www.xbrl.org/2003/arcrole/concept-label" xlink:from="loc_eba_x576" xlink:to="label_eba_x576" />
    <link:loc xlink:type="locator" xlink:href="mem.xsd#eba_x577" xlink:label="loc_eba_x577" />
    <link:label xlink:type="resource" xlink:label="label_eba_x577" xml:lang="en" xlink:role="http://www.eba.europa.eu/xbrl/role/dpm-db-id">4711</link:label>
    <link:labelArc xlink:type="arc" xlink:arcrole="http://www.xbrl.org/2003/arcrole/concept-label" xlink:from="loc_eba_x577" xlink:to="label_eba_x577" />
    <link:loc xlink:type="locator" xlink:href="mem.xsd#eba_x578" xlink:label="loc_eba_x578" />
    <link:label xlink:type="resource" xlink:label="label_eba_x578" xml:lang="en" xlink:role="http://www.eba.europa.eu/xbrl/role/dpm-db-id">4712</link:label>
    <link:labelArc xlink:type="arc" xlink:arcrole="http://www.xbrl.org/2003/arcrole/concept-label" xlink:from="loc_eba_x578" xlink:to="label_eba_x578" />
    <link:loc xlink:type="locator" xlink:href="mem.xsd#eba_x579" xlink:label="loc_eba_x579" />
    <link:label xlink:type="resource" xlink:label="label_eba_x579" xml:lang="en" xlink:role="http://www.eba.europa.eu/xbrl/role/dpm-db-id">4761</link:label>
    <link:labelArc xlink:type="arc" xlink:arcrole="http://www.xbrl.org/2003/arcrole/concept-label" xlink:from="loc_eba_x579" xlink:to="label_eba_x579" />
    <link:loc xlink:type="locator" xlink:href="mem.xsd#eba_x580" xlink:label="loc_eba_x580" />
    <link:label xlink:type="resource" xlink:label="label_eba_x580" xml:lang="en" xlink:role="http://www.eba.europa.eu/xbrl/role/dpm-db-id">4797</link:label>
    <link:labelArc xlink:type="arc" xlink:arcrole="http://www.xbrl.org/2003/arcrole/concept-label" xlink:from="loc_eba_x580" xlink:to="label_eba_x580" />
    <link:loc xlink:type="locator" xlink:href="mem.xsd#eba_x581" xlink:label="loc_eba_x581" />
    <link:label xlink:type="resource" xlink:label="label_eba_x581" xml:lang="en" xlink:role="http://www.eba.europa.eu/xbrl/role/dpm-db-id">4803</link:label>
    <link:labelArc xlink:type="arc" xlink:arcrole="http://www.xbrl.org/2003/arcrole/concept-label" xlink:from="loc_eba_x581" xlink:to="label_eba_x581" />
    <link:loc xlink:type="locator" xlink:href="mem.xsd#eba_x582" xlink:label="loc_eba_x582" />
    <link:label xlink:type="resource" xlink:label="label_eba_x582" xml:lang="en" xlink:role="http://www.eba.europa.eu/xbrl/role/dpm-db-id">4819</link:label>
    <link:labelArc xlink:type="arc" xlink:arcrole="http://www.xbrl.org/2003/arcrole/concept-label" xlink:from="loc_eba_x582" xlink:to="label_eba_x582" />
    <link:loc xlink:type="locator" xlink:href="mem.xsd#eba_x596" xlink:label="loc_eba_x596" />
    <link:label xlink:type="resource" xlink:label="label_eba_x596" xml:lang="en" xlink:role="http://www.eba.europa.eu/xbrl/role/dpm-db-id">6154</link:label>
    <link:labelArc xlink:type="arc" xlink:arcrole="http://www.xbrl.org/2003/arcrole/concept-label" xlink:from="loc_eba_x596" xlink:to="label_eba_x596" />
    <link:loc xlink:type="locator" xlink:href="mem.xsd#eba_x598" xlink:label="loc_eba_x598" />
    <link:label xlink:type="resource" xlink:label="label_eba_x598" xml:lang="en" xlink:role="http://www.eba.europa.eu/xbrl/role/dpm-db-id">6256</link:label>
    <link:labelArc xlink:type="arc" xlink:arcrole="http://www.xbrl.org/2003/arcrole/concept-label" xlink:from="loc_eba_x598" xlink:to="label_eba_x598" />
    <link:loc xlink:type="locator" xlink:href="mem.xsd#eba_x599" xlink:label="loc_eba_x599" />
    <link:label xlink:type="resource" xlink:label="label_eba_x599" xml:lang="en" xlink:role="http://www.eba.europa.eu/xbrl/role/dpm-db-id">6257</link:label>
    <link:labelArc xlink:type="arc" xlink:arcrole="http://www.xbrl.org/2003/arcrole/concept-label" xlink:from="loc_eba_x599" xlink:to="label_eba_x599" />
    <link:loc xlink:type="locator" xlink:href="mem.xsd#eba_x28" xlink:label="loc_eba_x28" />
    <link:label xlink:type="resource" xlink:label="label_eba_x28" xml:lang="en" xlink:role="http://www.eba.europa.eu/xbrl/role/dpm-db-id">6305</link:label>
    <link:labelArc xlink:type="arc" xlink:arcrole="http://www.xbrl.org/2003/arcrole/concept-label" xlink:from="loc_eba_x28" xlink:to="label_eba_x28" />
    <link:loc xlink:type="locator" xlink:href="mem.xsd#eba_x606" xlink:label="loc_eba_x606" />
    <link:label xlink:type="resource" xlink:label="label_eba_x606" xml:lang="en" xlink:role="http://www.eba.europa.eu/xbrl/role/dpm-db-id">6306</link:label>
    <link:labelArc xlink:type="arc" xlink:arcrole="http://www.xbrl.org/2003/arcrole/concept-label" xlink:from="loc_eba_x606" xlink:to="label_eba_x606" />
    <link:loc xlink:type="locator" xlink:href="mem.xsd#eba_x607" xlink:label="loc_eba_x607" />
    <link:label xlink:type="resource" xlink:label="label_eba_x607" xml:lang="en" xlink:role="http://www.eba.europa.eu/xbrl/role/dpm-db-id">6307</link:label>
    <link:labelArc xlink:type="arc" xlink:arcrole="http://www.xbrl.org/2003/arcrole/concept-label" xlink:from="loc_eba_x607" xlink:to="label_eba_x607" />
    <link:loc xlink:type="locator" xlink:href="mem.xsd#eba_x601" xlink:label="loc_eba_x601" />
    <link:label xlink:type="resource" xlink:label="label_eba_x601" xml:lang="en" xlink:role="http://www.eba.europa.eu/xbrl/role/dpm-db-id">6308</link:label>
    <link:labelArc xlink:type="arc" xlink:arcrole="http://www.xbrl.org/2003/arcrole/concept-label" xlink:from="loc_eba_x601" xlink:to="label_eba_x601" />
    <link:loc xlink:type="locator" xlink:href="mem.xsd#eba_x602" xlink:label="loc_eba_x602" />
    <link:label xlink:type="resource" xlink:label="label_eba_x602" xml:lang="en" xlink:role="http://www.eba.europa.eu/xbrl/role/dpm-db-id">6309</link:label>
    <link:labelArc xlink:type="arc" xlink:arcrole="http://www.xbrl.org/2003/arcrole/concept-label" xlink:from="loc_eba_x602" xlink:to="label_eba_x602" />
    <link:loc xlink:type="locator" xlink:href="mem.xsd#eba_x603" xlink:label="loc_eba_x603" />
    <link:label xlink:type="resource" xlink:label="label_eba_x603" xml:lang="en" xlink:role="http://www.eba.europa.eu/xbrl/role/dpm-db-id">6310</link:label>
    <link:labelArc xlink:type="arc" xlink:arcrole="http://www.xbrl.org/2003/arcrole/concept-label" xlink:from="loc_eba_x603" xlink:to="label_eba_x603" />
    <link:loc xlink:type="locator" xlink:href="mem.xsd#eba_x604" xlink:label="loc_eba_x604" />
    <link:label xlink:type="resource" xlink:label="label_eba_x604" xml:lang="en" xlink:role="http://www.eba.europa.eu/xbrl/role/dpm-db-id">6311</link:label>
    <link:labelArc xlink:type="arc" xlink:arcrole="http://www.xbrl.org/2003/arcrole/concept-label" xlink:from="loc_eba_x604" xlink:to="label_eba_x604" />
    <link:loc xlink:type="locator" xlink:href="mem.xsd#eba_x605" xlink:label="loc_eba_x605" />
    <link:label xlink:type="resource" xlink:label="label_eba_x605" xml:lang="en" xlink:role="http://www.eba.europa.eu/xbrl/role/dpm-db-id">6312</link:label>
    <link:labelArc xlink:type="arc" xlink:arcrole="http://www.xbrl.org/2003/arcrole/concept-label" xlink:from="loc_eba_x605" xlink:to="label_eba_x605" />
    <link:loc xlink:type="locator" xlink:href="mem.xsd#eba_x608" xlink:label="loc_eba_x608" />
    <link:label xlink:type="resource" xlink:label="label_eba_x608" xml:lang="en" xlink:role="http://www.eba.europa.eu/xbrl/role/dpm-db-id">6332</link:label>
    <link:labelArc xlink:type="arc" xlink:arcrole="http://www.xbrl.org/2003/arcrole/concept-label" xlink:from="loc_eba_x608" xlink:to="label_eba_x608" />
    <link:loc xlink:type="locator" xlink:href="mem.xsd#eba_x609" xlink:label="loc_eba_x609" />
    <link:label xlink:type="resource" xlink:label="label_eba_x609" xml:lang="en" xlink:role="http://www.eba.europa.eu/xbrl/role/dpm-db-id">6340</link:label>
    <link:labelArc xlink:type="arc" xlink:arcrole="http://www.xbrl.org/2003/arcrole/concept-label" xlink:from="loc_eba_x609" xlink:to="label_eba_x609" />
    <link:loc xlink:type="locator" xlink:href="mem.xsd#eba_x610" xlink:label="loc_eba_x610" />
    <link:label xlink:type="resource" xlink:label="label_eba_x610" xml:lang="en" xlink:role="http://www.eba.europa.eu/xbrl/role/dpm-db-id">6341</link:label>
    <link:labelArc xlink:type="arc" xlink:arcrole="http://www.xbrl.org/2003/arcrole/concept-label" xlink:from="loc_eba_x610" xlink:to="label_eba_x610" />
    <link:loc xlink:type="locator" xlink:href="mem.xsd#eba_x611" xlink:label="loc_eba_x611" />
    <link:label xlink:type="resource" xlink:label="label_eba_x611" xml:lang="en" xlink:role="http://www.eba.europa.eu/xbrl/role/dpm-db-id">6342</link:label>
    <link:labelArc xlink:type="arc" xlink:arcrole="http://www.xbrl.org/2003/arcrole/concept-label" xlink:from="loc_eba_x611" xlink:to="label_eba_x611" />
    <link:loc xlink:type="locator" xlink:href="mem.xsd#eba_x612" xlink:label="loc_eba_x612" />
    <link:label xlink:type="resource" xlink:label="label_eba_x612" xml:lang="en" xlink:role="http://www.eba.europa.eu/xbrl/role/dpm-db-id">6343</link:label>
    <link:labelArc xlink:type="arc" xlink:arcrole="http://www.xbrl.org/2003/arcrole/concept-label" xlink:from="loc_eba_x612" xlink:to="label_eba_x612" />
    <link:loc xlink:type="locator" xlink:href="mem.xsd#eba_x613" xlink:label="loc_eba_x613" />
    <link:label xlink:type="resource" xlink:label="label_eba_x613" xml:lang="en" xlink:role="http://www.eba.europa.eu/xbrl/role/dpm-db-id">6345</link:label>
    <link:labelArc xlink:type="arc" xlink:arcrole="http://www.xbrl.org/2003/arcrole/concept-label" xlink:from="loc_eba_x613" xlink:to="label_eba_x613" />
    <link:loc xlink:type="locator" xlink:href="mem.xsd#eba_x614" xlink:label="loc_eba_x614" />
    <link:label xlink:type="resource" xlink:label="label_eba_x614" xml:lang="en" xlink:role="http://www.eba.europa.eu/xbrl/role/dpm-db-id">6346</link:label>
    <link:labelArc xlink:type="arc" xlink:arcrole="http://www.xbrl.org/2003/arcrole/concept-label" xlink:from="loc_eba_x614" xlink:to="label_eba_x614" />
    <link:loc xlink:type="locator" xlink:href="mem.xsd#eba_x50" xlink:label="loc_eba_x50" />
    <link:label xlink:type="resource" xlink:label="label_eba_x50" xml:lang="en" xlink:role="http://www.eba.europa.eu/xbrl/role/dpm-db-id">6425</link:label>
    <link:labelArc xlink:type="arc" xlink:arcrole="http://www.xbrl.org/2003/arcrole/concept-label" xlink:from="loc_eba_x50" xlink:to="label_eba_x50" />
    <link:loc xlink:type="locator" xlink:href="mem.xsd#eba_x615" xlink:label="loc_eba_x615" />
    <link:label xlink:type="resource" xlink:label="label_eba_x615" xml:lang="en" xlink:role="http://www.eba.europa.eu/xbrl/role/dpm-db-id">7968</link:label>
    <link:labelArc xlink:type="arc" xlink:arcrole="http://www.xbrl.org/2003/arcrole/concept-label" xlink:from="loc_eba_x615" xlink:to="label_eba_x615" />
    <link:loc xlink:type="locator" xlink:href="mem.xsd#eba_x583" xlink:label="loc_eba_x583" />
    <link:label xlink:type="resource" xlink:label="label_eba_x583" xml:lang="en" xlink:role="http://www.eba.europa.eu/xbrl/role/dpm-db-id">6939</link:label>
    <link:labelArc xlink:type="arc" xlink:arcrole="http://www.xbrl.org/2003/arcrole/concept-label" xlink:from="loc_eba_x583" xlink:to="label_eba_x583" />
    <link:loc xlink:type="locator" xlink:href="mem.xsd#eba_x99" xlink:label="loc_eba_x99" />
    <link:label xlink:type="resource" xlink:label="label_eba_x99" xml:lang="en" xlink:role="http://www.eba.europa.eu/xbrl/role/dpm-db-id">6953</link:label>
    <link:labelArc xlink:type="arc" xlink:arcrole="http://www.xbrl.org/2003/arcrole/concept-label" xlink:from="loc_eba_x99" xlink:to="label_eba_x99" />
  </link:labelLink>
</link:linkbase>