<ns0:linkbase xmlns:ns0="http://www.xbrl.org/2003/linkbase" xmlns:ns2="http://www.w3.org/1999/xlink" xmlns:xsi="http://www.w3.org/2001/XMLSchema-instance" xsi:schemaLocation="http://www.xbrl.org/2003/linkbase http://www.xbrl.org/2003/xbrl-linkbase-2003-12-31.xsd">
    <ns0:roleRef roleURI="http://ferc.gov/form/2020-01-01/roles/label/F1EnergyStorageOperations" ns2:href="../../ferc-core-lab-roles_2020-01-01.xsd#F1EnergyStorageOperations" ns2:type="simple" />
    <ns0:roleRef roleURI="http://ferc.gov/form/2020-01-01/roles/label/F1Total" ns2:href="../../ferc-core-lab-roles_2020-01-01.xsd#F1Total" ns2:type="simple" />
    <ns0:roleRef roleURI="http://ferc.gov/form/2020-01-01/roles/Schedule/F1/EnergyStorageOperationsLargePlants" ns2:href="form-1-sched-EnergyStorageOperationsLargePlants_2020-01-01.xsd#roleType_EnergyStorageOperationsLargePlants" ns2:type="simple" />
    <ns0:presentationLink ns2:role="http://ferc.gov/form/2020-01-01/roles/Schedule/F1/EnergyStorageOperationsLargePlants" ns2:type="extended">
        <ns0:loc ns2:href="../../ferc-core_2020-01-01.xsd#ferc_ScheduleEnergyStorageOperationsLargePlantsAbstract" ns2:label="ferc_ScheduleEnergyStorageOperationsLargePlantsAbstract" ns2:type="locator" />
        <ns0:loc ns2:href="../../ferc-core_2020-01-01.xsd#ferc_EnergyStorageOperationsTable" ns2:label="ferc_EnergyStorageOperationsTable" ns2:type="locator" />
        <ns0:presentationArc order="1" ns2:arcrole="http://www.xbrl.org/2003/arcrole/parent-child" ns2:from="ferc_ScheduleEnergyStorageOperationsLargePlantsAbstract" ns2:to="ferc_EnergyStorageOperationsTable" ns2:type="arc" />
        <ns0:loc ns2:href="../../ferc-core_2020-01-01.xsd#ferc_EnergyStorageOperationsAxis" ns2:label="ferc_EnergyStorageOperationsAxis" ns2:type="locator" />
        <ns0:presentationArc order="1" ns2:arcrole="http://www.xbrl.org/2003/arcrole/parent-child" ns2:from="ferc_EnergyStorageOperationsTable" ns2:to="ferc_EnergyStorageOperationsAxis" ns2:type="arc" />
        <ns0:loc ns2:href="../../ferc-core_2020-01-01.xsd#ferc_EnergyStorageOperationsLineItems" ns2:label="ferc_EnergyStorageOperationsLineItems" ns2:type="locator" />
        <ns0:presentationArc order="2" ns2:arcrole="http://www.xbrl.org/2003/arcrole/parent-child" ns2:from="ferc_EnergyStorageOperationsTable" ns2:to="ferc_EnergyStorageOperationsLineItems" ns2:type="arc" />
        <ns0:loc ns2:href="../../ferc-core_2020-01-01.xsd#ferc_OrderNumber" ns2:label="ferc_OrderNumber" ns2:type="locator" />
        <ns0:presentationArc order="1" ns2:arcrole="http://www.xbrl.org/2003/arcrole/parent-child" ns2:from="ferc_EnergyStorageOperationsLineItems" ns2:to="ferc_OrderNumber" ns2:type="arc" />
        <ns0:loc ns2:href="../../ferc-core_2020-01-01.xsd#ferc_EnergyStorageProjectName" ns2:label="ferc_EnergyStorageProjectName" ns2:type="locator" />
        <ns0:presentationArc order="2" preferredLabel="http://ferc.gov/form/2020-01-01/roles/label/F1EnergyStorageOperations" ns2:arcrole="http://www.xbrl.org/2003/arcrole/parent-child" ns2:from="ferc_EnergyStorageOperationsLineItems" ns2:to="ferc_EnergyStorageProjectName" ns2:type="arc" />
        <ns0:loc ns2:href="../../ferc-core_2020-01-01.xsd#ferc_FunctionalClassificationEnergyStorageOperations" ns2:label="ferc_FunctionalClassificationEnergyStorageOperations" ns2:type="locator" />
        <ns0:presentationArc order="3" preferredLabel="http://ferc.gov/form/2020-01-01/roles/label/F1EnergyStorageOperations" ns2:arcrole="http://www.xbrl.org/2003/arcrole/parent-child" ns2:from="ferc_EnergyStorageOperationsLineItems" ns2:to="ferc_FunctionalClassificationEnergyStorageOperations" ns2:type="arc" />
        <ns0:loc ns2:href="../../ferc-core_2020-01-01.xsd#ferc_ProjectLocation" ns2:label="ferc_ProjectLocation" ns2:type="locator" />
        <ns0:presentationArc order="4" preferredLabel="http://ferc.gov/form/2020-01-01/roles/label/F1EnergyStorageOperations" ns2:arcrole="http://www.xbrl.org/2003/arcrole/parent-child" ns2:from="ferc_EnergyStorageOperationsLineItems" ns2:to="ferc_ProjectLocation" ns2:type="arc" />
        <ns0:loc ns2:href="../../ferc-core_2020-01-01.xsd#ferc_EnergyPurchasedGeneratedReceivedForStorage" ns2:label="ferc_EnergyPurchasedGeneratedReceivedForStorage" ns2:type="locator" />
        <ns0:presentationArc order="5" preferredLabel="http://ferc.gov/form/2020-01-01/roles/label/F1EnergyStorageOperations" ns2:arcrole="http://www.xbrl.org/2003/arcrole/parent-child" ns2:from="ferc_EnergyStorageOperationsLineItems" ns2:to="ferc_EnergyPurchasedGeneratedReceivedForStorage" ns2:type="arc" />
        <ns0:loc ns2:href="../../ferc-core_2020-01-01.xsd#ferc_EnergyDeliveredToSupportProductionPlant" ns2:label="ferc_EnergyDeliveredToSupportProductionPlant" ns2:type="locator" />
        <ns0:presentationArc order="6" preferredLabel="http://ferc.gov/form/2020-01-01/roles/label/F1EnergyStorageOperations" ns2:arcrole="http://www.xbrl.org/2003/arcrole/parent-child" ns2:from="ferc_EnergyStorageOperationsLineItems" ns2:to="ferc_EnergyDeliveredToSupportProductionPlant" ns2:type="arc" />
        <ns0:loc ns2:href="../../ferc-core_2020-01-01.xsd#ferc_EnergyDeliveredToSupportTransmissionPlant" ns2:label="ferc_EnergyDeliveredToSupportTransmissionPlant" ns2:type="locator" />
        <ns0:presentationArc order="7" preferredLabel="http://ferc.gov/form/2020-01-01/roles/label/F1EnergyStorageOperations" ns2:arcrole="http://www.xbrl.org/2003/arcrole/parent-child" ns2:from="ferc_EnergyStorageOperationsLineItems" ns2:to="ferc_EnergyDeliveredToSupportTransmissionPlant" ns2:type="arc" />
        <ns0:loc ns2:href="../../ferc-core_2020-01-01.xsd#ferc_EnergyDeliveredToSupportDistributionPlant" ns2:label="ferc_EnergyDeliveredToSupportDistributionPlant" ns2:type="locator" />
        <ns0:presentationArc order="8" preferredLabel="http://ferc.gov/form/2020-01-01/roles/label/F1EnergyStorageOperations" ns2:arcrole="http://www.xbrl.org/2003/arcrole/parent-child" ns2:from="ferc_EnergyStorageOperationsLineItems" ns2:to="ferc_EnergyDeliveredToSupportDistributionPlant" ns2:type="arc" />
        <ns0:loc ns2:href="../../ferc-core_2020-01-01.xsd#ferc_EnergyLostDuringConversionStorageDischargeAndDischargeOfEnergyProductionPlant" ns2:label="ferc_EnergyLostDuringConversionStorageDischargeAndDischargeOfEnergyProductionPlant" ns2:type="locator" />
        <ns0:presentationArc order="9" preferredLabel="http://ferc.gov/form/2020-01-01/roles/label/F1EnergyStorageOperations" ns2:arcrole="http://www.xbrl.org/2003/arcrole/parent-child" ns2:from="ferc_EnergyStorageOperationsLineItems" ns2:to="ferc_EnergyLostDuringConversionStorageDischargeAndDischargeOfEnergyProductionPlant" ns2:type="arc" />
        <ns0:loc ns2:href="../../ferc-core_2020-01-01.xsd#ferc_EnergyLostDuringConversionStorageDischargeAndDischargeOfEnergyTransmissionPlant" ns2:label="ferc_EnergyLostDuringConversionStorageDischargeAndDischargeOfEnergyTransmissionPlant" ns2:type="locator" />
        <ns0:presentationArc order="10" preferredLabel="http://ferc.gov/form/2020-01-01/roles/label/F1EnergyStorageOperations" ns2:arcrole="http://www.xbrl.org/2003/arcrole/parent-child" ns2:from="ferc_EnergyStorageOperationsLineItems" ns2:to="ferc_EnergyLostDuringConversionStorageDischargeAndDischargeOfEnergyTransmissionPlant" ns2:type="arc" />
        <ns0:loc ns2:href="../../ferc-core_2020-01-01.xsd#ferc_EnergyLostDuringConversionStorageDischargeAndDischargeOfEnergyDistributionplant" ns2:label="ferc_EnergyLostDuringConversionStorageDischargeAndDischargeOfEnergyDistributionplant" ns2:type="locator" />
        <ns0:presentationArc order="11" preferredLabel="http://ferc.gov/form/2020-01-01/roles/label/F1EnergyStorageOperations" ns2:arcrole="http://www.xbrl.org/2003/arcrole/parent-child" ns2:from="ferc_EnergyStorageOperationsLineItems" ns2:to="ferc_EnergyLostDuringConversionStorageDischargeAndDischargeOfEnergyDistributionplant" ns2:type="arc" />
        <ns0:loc ns2:href="../../ferc-core_2020-01-01.xsd#ferc_EnergySold" ns2:label="ferc_EnergySold" ns2:type="locator" />
        <ns0:presentationArc order="12" preferredLabel="http://ferc.gov/form/2020-01-01/roles/label/F1EnergyStorageOperations" ns2:arcrole="http://www.xbrl.org/2003/arcrole/parent-child" ns2:from="ferc_EnergyStorageOperationsLineItems" ns2:to="ferc_EnergySold" ns2:type="arc" />
        <ns0:loc ns2:href="../../ferc-core_2020-01-01.xsd#ferc_RevenuesFromEnergyStorageOperations" ns2:label="ferc_RevenuesFromEnergyStorageOperations" ns2:type="locator" />
        <ns0:presentationArc order="13" preferredLabel="http://ferc.gov/form/2020-01-01/roles/label/F1EnergyStorageOperations" ns2:arcrole="http://www.xbrl.org/2003/arcrole/parent-child" ns2:from="ferc_EnergyStorageOperationsLineItems" ns2:to="ferc_RevenuesFromEnergyStorageOperations" ns2:type="arc" />
        <ns0:loc ns2:href="../../ferc-core_2020-01-01.xsd#ferc_PowerPurchasedForStorageOperations" ns2:label="ferc_PowerPurchasedForStorageOperations" ns2:type="locator" />
        <ns0:presentationArc order="14" preferredLabel="http://ferc.gov/form/2020-01-01/roles/label/F1EnergyStorageOperations" ns2:arcrole="http://www.xbrl.org/2003/arcrole/parent-child" ns2:from="ferc_EnergyStorageOperationsLineItems" ns2:to="ferc_PowerPurchasedForStorageOperations" ns2:type="arc" />
        <ns0:loc ns2:href="../../ferc-core_2020-01-01.xsd#ferc_FuelCostsStorageOperationsSelfGeneratedPower" ns2:label="ferc_FuelCostsStorageOperationsSelfGeneratedPower" ns2:type="locator" />
        <ns0:presentationArc order="15" preferredLabel="http://ferc.gov/form/2020-01-01/roles/label/F1EnergyStorageOperations" ns2:arcrole="http://www.xbrl.org/2003/arcrole/parent-child" ns2:from="ferc_EnergyStorageOperationsLineItems" ns2:to="ferc_FuelCostsStorageOperationsSelfGeneratedPower" ns2:type="arc" />
        <ns0:loc ns2:href="../../ferc-core_2020-01-01.xsd#ferc_OtherCostsSelfGeneratedPower" ns2:label="ferc_OtherCostsSelfGeneratedPower" ns2:type="locator" />
        <ns0:presentationArc order="16" preferredLabel="http://ferc.gov/form/2020-01-01/roles/label/F1EnergyStorageOperations" ns2:arcrole="http://www.xbrl.org/2003/arcrole/parent-child" ns2:from="ferc_EnergyStorageOperationsLineItems" ns2:to="ferc_OtherCostsSelfGeneratedPower" ns2:type="arc" />
        <ns0:loc ns2:href="../../ferc-core_2020-01-01.xsd#ferc_ProjectCostsAccount" ns2:label="ferc_ProjectCostsAccount" ns2:type="locator" />
        <ns0:presentationArc order="17" preferredLabel="http://ferc.gov/form/2020-01-01/roles/label/F1EnergyStorageOperations" ns2:arcrole="http://www.xbrl.org/2003/arcrole/parent-child" ns2:from="ferc_EnergyStorageOperationsLineItems" ns2:to="ferc_ProjectCostsAccount" ns2:type="arc" />
        <ns0:loc ns2:href="../../ferc-core_2020-01-01.xsd#ferc_ProjectPlantCostProduction" ns2:label="ferc_ProjectPlantCostProduction" ns2:type="locator" />
        <ns0:presentationArc order="18" preferredLabel="http://ferc.gov/form/2020-01-01/roles/label/F1EnergyStorageOperations" ns2:arcrole="http://www.xbrl.org/2003/arcrole/parent-child" ns2:from="ferc_EnergyStorageOperationsLineItems" ns2:to="ferc_ProjectPlantCostProduction" ns2:type="arc" />
        <ns0:loc ns2:href="../../ferc-core_2020-01-01.xsd#ferc_ProjectPlantCostTransmission" ns2:label="ferc_ProjectPlantCostTransmission" ns2:type="locator" />
        <ns0:presentationArc order="19" preferredLabel="http://ferc.gov/form/2020-01-01/roles/label/F1EnergyStorageOperations" ns2:arcrole="http://www.xbrl.org/2003/arcrole/parent-child" ns2:from="ferc_EnergyStorageOperationsLineItems" ns2:to="ferc_ProjectPlantCostTransmission" ns2:type="arc" />
        <ns0:loc ns2:href="../../ferc-core_2020-01-01.xsd#ferc_ProjectPlantCostDistribution" ns2:label="ferc_ProjectPlantCostDistribution" ns2:type="locator" />
        <ns0:presentationArc order="20" preferredLabel="http://ferc.gov/form/2020-01-01/roles/label/F1EnergyStorageOperations" ns2:arcrole="http://www.xbrl.org/2003/arcrole/parent-child" ns2:from="ferc_EnergyStorageOperationsLineItems" ns2:to="ferc_ProjectPlantCostDistribution" ns2:type="arc" />
        <ns0:presentationArc order="2" preferredLabel="http://ferc.gov/form/2020-01-01/roles/label/F1Total" ns2:arcrole="http://www.xbrl.org/2003/arcrole/parent-child" ns2:from="ferc_ScheduleEnergyStorageOperationsLargePlantsAbstract" ns2:to="ferc_EnergyPurchasedGeneratedReceivedForStorage" ns2:type="arc" />
        <ns0:presentationArc order="3" preferredLabel="http://ferc.gov/form/2020-01-01/roles/label/F1Total" ns2:arcrole="http://www.xbrl.org/2003/arcrole/parent-child" ns2:from="ferc_ScheduleEnergyStorageOperationsLargePlantsAbstract" ns2:to="ferc_EnergyDeliveredToSupportProductionPlant" ns2:type="arc" />
        <ns0:presentationArc order="4" preferredLabel="http://ferc.gov/form/2020-01-01/roles/label/F1Total" ns2:arcrole="http://www.xbrl.org/2003/arcrole/parent-child" ns2:from="ferc_ScheduleEnergyStorageOperationsLargePlantsAbstract" ns2:to="ferc_EnergyDeliveredToSupportTransmissionPlant" ns2:type="arc" />
        <ns0:presentationArc order="5" preferredLabel="http://ferc.gov/form/2020-01-01/roles/label/F1Total" ns2:arcrole="http://www.xbrl.org/2003/arcrole/parent-child" ns2:from="ferc_ScheduleEnergyStorageOperationsLargePlantsAbstract" ns2:to="ferc_EnergyDeliveredToSupportDistributionPlant" ns2:type="arc" />
        <ns0:presentationArc order="6" preferredLabel="http://ferc.gov/form/2020-01-01/roles/label/F1Total" ns2:arcrole="http://www.xbrl.org/2003/arcrole/parent-child" ns2:from="ferc_ScheduleEnergyStorageOperationsLargePlantsAbstract" ns2:to="ferc_EnergyLostDuringConversionStorageDischargeAndDischargeOfEnergyProductionPlant" ns2:type="arc" />
        <ns0:presentationArc order="7" preferredLabel="http://ferc.gov/form/2020-01-01/roles/label/F1Total" ns2:arcrole="http://www.xbrl.org/2003/arcrole/parent-child" ns2:from="ferc_ScheduleEnergyStorageOperationsLargePlantsAbstract" ns2:to="ferc_EnergyLostDuringConversionStorageDischargeAndDischargeOfEnergyTransmissionPlant" ns2:type="arc" />
        <ns0:presentationArc order="8" preferredLabel="http://ferc.gov/form/2020-01-01/roles/label/F1Total" ns2:arcrole="http://www.xbrl.org/2003/arcrole/parent-child" ns2:from="ferc_ScheduleEnergyStorageOperationsLargePlantsAbstract" ns2:to="ferc_EnergyLostDuringConversionStorageDischargeAndDischargeOfEnergyDistributionplant" ns2:type="arc" />
        <ns0:presentationArc order="9" preferredLabel="http://ferc.gov/form/2020-01-01/roles/label/F1Total" ns2:arcrole="http://www.xbrl.org/2003/arcrole/parent-child" ns2:from="ferc_ScheduleEnergyStorageOperationsLargePlantsAbstract" ns2:to="ferc_EnergySold" ns2:type="arc" />
        <ns0:presentationArc order="10" preferredLabel="http://ferc.gov/form/2020-01-01/roles/label/F1Total" ns2:arcrole="http://www.xbrl.org/2003/arcrole/parent-child" ns2:from="ferc_ScheduleEnergyStorageOperationsLargePlantsAbstract" ns2:to="ferc_RevenuesFromEnergyStorageOperations" ns2:type="arc" />
        <ns0:presentationArc order="11" preferredLabel="http://ferc.gov/form/2020-01-01/roles/label/F1Total" ns2:arcrole="http://www.xbrl.org/2003/arcrole/parent-child" ns2:from="ferc_ScheduleEnergyStorageOperationsLargePlantsAbstract" ns2:to="ferc_PowerPurchasedForStorageOperations" ns2:type="arc" />
        <ns0:presentationArc order="12" preferredLabel="http://ferc.gov/form/2020-01-01/roles/label/F1Total" ns2:arcrole="http://www.xbrl.org/2003/arcrole/parent-child" ns2:from="ferc_ScheduleEnergyStorageOperationsLargePlantsAbstract" ns2:to="ferc_FuelCostsStorageOperationsSelfGeneratedPower" ns2:type="arc" />
        <ns0:presentationArc order="13" preferredLabel="http://ferc.gov/form/2020-01-01/roles/label/F1Total" ns2:arcrole="http://www.xbrl.org/2003/arcrole/parent-child" ns2:from="ferc_ScheduleEnergyStorageOperationsLargePlantsAbstract" ns2:to="ferc_OtherCostsSelfGeneratedPower" ns2:type="arc" />
        <ns0:presentationArc order="14" preferredLabel="http://ferc.gov/form/2020-01-01/roles/label/F1Total" ns2:arcrole="http://www.xbrl.org/2003/arcrole/parent-child" ns2:from="ferc_ScheduleEnergyStorageOperationsLargePlantsAbstract" ns2:to="ferc_ProjectPlantCostProduction" ns2:type="arc" />
        <ns0:presentationArc order="15" preferredLabel="http://ferc.gov/form/2020-01-01/roles/label/F1Total" ns2:arcrole="http://www.xbrl.org/2003/arcrole/parent-child" ns2:from="ferc_ScheduleEnergyStorageOperationsLargePlantsAbstract" ns2:to="ferc_ProjectPlantCostTransmission" ns2:type="arc" />
        <ns0:presentationArc order="16" preferredLabel="http://ferc.gov/form/2020-01-01/roles/label/F1Total" ns2:arcrole="http://www.xbrl.org/2003/arcrole/parent-child" ns2:from="ferc_ScheduleEnergyStorageOperationsLargePlantsAbstract" ns2:to="ferc_ProjectPlantCostDistribution" ns2:type="arc" />
    </ns0:presentationLink>
</ns0:linkbase>