<ns0:linkbase xmlns:ns0="http://www.xbrl.org/2003/linkbase" xmlns:ns2="http://www.w3.org/1999/xlink" xmlns:ns3="http://xbrl.org/2005/xbrldt" xmlns:xsi="http://www.w3.org/2001/XMLSchema-instance" xsi:schemaLocation="http://www.xbrl.org/2003/linkbase http://www.xbrl.org/2003/xbrl-linkbase-2003-12-31.xsd">
    <ns0:arcroleRef arcroleURI="http://xbrl.org/int/dim/arcrole/dimension-domain" ns2:href="http://www.xbrl.org/2005/xbrldt-2005.xsd#dimension-domain" ns2:type="simple" />
    <ns0:arcroleRef arcroleURI="http://xbrl.org/int/dim/arcrole/dimension-default" ns2:href="http://www.xbrl.org/2005/xbrldt-2005.xsd#dimension-default" ns2:type="simple" />
    <ns0:arcroleRef arcroleURI="http://xbrl.org/int/dim/arcrole/hypercube-dimension" ns2:href="http://www.xbrl.org/2005/xbrldt-2005.xsd#hypercube-dimension" ns2:type="simple" />
    <ns0:roleRef roleURI="http://ferc.gov/form/2020-01-01/roles/Schedule/F1/EnergyStorageOperationsLargePlants" ns2:href="form-1-sched-EnergyStorageOperationsLargePlants_2020-01-01.xsd#roleType_EnergyStorageOperationsLargePlants" ns2:type="simple" />
    <ns0:arcroleRef arcroleURI="http://xbrl.org/int/dim/arcrole/all" ns2:href="http://www.xbrl.org/2005/xbrldt-2005.xsd#all" ns2:type="simple" />
    <ns0:arcroleRef arcroleURI="http://xbrl.org/int/dim/arcrole/domain-member" ns2:href="http://www.xbrl.org/2005/xbrldt-2005.xsd#domain-member" ns2:type="simple" />
    <ns0:definitionLink ns2:role="http://ferc.gov/form/2020-01-01/roles/Schedule/F1/EnergyStorageOperationsLargePlants" ns2:type="extended">
        <ns0:loc ns2:href="../../ferc-core_2020-01-01.xsd#ferc_ScheduleEnergyStorageOperationsLargePlantsAbstract" ns2:label="ferc_ScheduleEnergyStorageOperationsLargePlantsAbstract" ns2:type="locator" />
        <ns0:loc ns2:href="../../ferc-core_2020-01-01.xsd#ferc_EnergyStorageOperationsLineItems" ns2:label="ferc_EnergyStorageOperationsLineItems" ns2:type="locator" />
        <ns0:definitionArc order="1" ns2:arcrole="http://xbrl.org/int/dim/arcrole/domain-member" ns2:from="ferc_ScheduleEnergyStorageOperationsLargePlantsAbstract" ns2:to="ferc_EnergyStorageOperationsLineItems" ns2:type="arc" />
        <ns0:loc ns2:href="../../ferc-core_2020-01-01.xsd#ferc_EnergyStorageOperationsTable" ns2:label="ferc_EnergyStorageOperationsTable" ns2:type="locator" />
        <ns0:definitionArc order="1" ns2:arcrole="http://xbrl.org/int/dim/arcrole/all" ns2:from="ferc_EnergyStorageOperationsLineItems" ns2:to="ferc_EnergyStorageOperationsTable" ns2:type="arc" ns3:closed="true" ns3:contextElement="segment" />
        <ns0:loc ns2:href="../../ferc-core_2020-01-01.xsd#ferc_EnergyStorageOperationsAxis" ns2:label="ferc_EnergyStorageOperationsAxis" ns2:type="locator" />
        <ns0:definitionArc order="1" ns2:arcrole="http://xbrl.org/int/dim/arcrole/hypercube-dimension" ns2:from="ferc_EnergyStorageOperationsTable" ns2:to="ferc_EnergyStorageOperationsAxis" ns2:type="arc" />
        <ns0:loc ns2:href="../../ferc-core_2020-01-01.xsd#ferc_OrderNumber" ns2:label="ferc_OrderNumber" ns2:type="locator" />
        <ns0:definitionArc order="2" ns2:arcrole="http://xbrl.org/int/dim/arcrole/domain-member" ns2:from="ferc_EnergyStorageOperationsLineItems" ns2:to="ferc_OrderNumber" ns2:type="arc" />
        <ns0:loc ns2:href="../../ferc-core_2020-01-01.xsd#ferc_EnergyStorageProjectName" ns2:label="ferc_EnergyStorageProjectName" ns2:type="locator" />
        <ns0:definitionArc order="3" ns2:arcrole="http://xbrl.org/int/dim/arcrole/domain-member" ns2:from="ferc_EnergyStorageOperationsLineItems" ns2:to="ferc_EnergyStorageProjectName" ns2:type="arc" />
        <ns0:loc ns2:href="../../ferc-core_2020-01-01.xsd#ferc_FunctionalClassificationEnergyStorageOperations" ns2:label="ferc_FunctionalClassificationEnergyStorageOperations" ns2:type="locator" />
        <ns0:definitionArc order="4" ns2:arcrole="http://xbrl.org/int/dim/arcrole/domain-member" ns2:from="ferc_EnergyStorageOperationsLineItems" ns2:to="ferc_FunctionalClassificationEnergyStorageOperations" ns2:type="arc" />
        <ns0:loc ns2:href="../../ferc-core_2020-01-01.xsd#ferc_ProjectLocation" ns2:label="ferc_ProjectLocation" ns2:type="locator" />
        <ns0:definitionArc order="5" ns2:arcrole="http://xbrl.org/int/dim/arcrole/domain-member" ns2:from="ferc_EnergyStorageOperationsLineItems" ns2:to="ferc_ProjectLocation" ns2:type="arc" />
        <ns0:loc ns2:href="../../ferc-core_2020-01-01.xsd#ferc_EnergyPurchasedGeneratedReceivedForStorage" ns2:label="ferc_EnergyPurchasedGeneratedReceivedForStorage" ns2:type="locator" />
        <ns0:definitionArc order="6" ns2:arcrole="http://xbrl.org/int/dim/arcrole/domain-member" ns2:from="ferc_EnergyStorageOperationsLineItems" ns2:to="ferc_EnergyPurchasedGeneratedReceivedForStorage" ns2:type="arc" />
        <ns0:loc ns2:href="../../ferc-core_2020-01-01.xsd#ferc_EnergyDeliveredToSupportProductionPlant" ns2:label="ferc_EnergyDeliveredToSupportProductionPlant" ns2:type="locator" />
        <ns0:definitionArc order="7" ns2:arcrole="http://xbrl.org/int/dim/arcrole/domain-member" ns2:from="ferc_EnergyStorageOperationsLineItems" ns2:to="ferc_EnergyDeliveredToSupportProductionPlant" ns2:type="arc" />
        <ns0:loc ns2:href="../../ferc-core_2020-01-01.xsd#ferc_EnergyDeliveredToSupportTransmissionPlant" ns2:label="ferc_EnergyDeliveredToSupportTransmissionPlant" ns2:type="locator" />
        <ns0:definitionArc order="8" ns2:arcrole="http://xbrl.org/int/dim/arcrole/domain-member" ns2:from="ferc_EnergyStorageOperationsLineItems" ns2:to="ferc_EnergyDeliveredToSupportTransmissionPlant" ns2:type="arc" />
        <ns0:loc ns2:href="../../ferc-core_2020-01-01.xsd#ferc_EnergyDeliveredToSupportDistributionPlant" ns2:label="ferc_EnergyDeliveredToSupportDistributionPlant" ns2:type="locator" />
        <ns0:definitionArc order="9" ns2:arcrole="http://xbrl.org/int/dim/arcrole/domain-member" ns2:from="ferc_EnergyStorageOperationsLineItems" ns2:to="ferc_EnergyDeliveredToSupportDistributionPlant" ns2:type="arc" />
        <ns0:loc ns2:href="../../ferc-core_2020-01-01.xsd#ferc_EnergyLostDuringConversionStorageDischargeAndDischargeOfEnergyProductionPlant" ns2:label="ferc_EnergyLostDuringConversionStorageDischargeAndDischargeOfEnergyProductionPlant" ns2:type="locator" />
        <ns0:definitionArc order="10" ns2:arcrole="http://xbrl.org/int/dim/arcrole/domain-member" ns2:from="ferc_EnergyStorageOperationsLineItems" ns2:to="ferc_EnergyLostDuringConversionStorageDischargeAndDischargeOfEnergyProductionPlant" ns2:type="arc" />
        <ns0:loc ns2:href="../../ferc-core_2020-01-01.xsd#ferc_EnergyLostDuringConversionStorageDischargeAndDischargeOfEnergyTransmissionPlant" ns2:label="ferc_EnergyLostDuringConversionStorageDischargeAndDischargeOfEnergyTransmissionPlant" ns2:type="locator" />
        <ns0:definitionArc order="11" ns2:arcrole="http://xbrl.org/int/dim/arcrole/domain-member" ns2:from="ferc_EnergyStorageOperationsLineItems" ns2:to="ferc_EnergyLostDuringConversionStorageDischargeAndDischargeOfEnergyTransmissionPlant" ns2:type="arc" />
        <ns0:loc ns2:href="../../ferc-core_2020-01-01.xsd#ferc_EnergyLostDuringConversionStorageDischargeAndDischargeOfEnergyDistributionplant" ns2:label="ferc_EnergyLostDuringConversionStorageDischargeAndDischargeOfEnergyDistributionplant" ns2:type="locator" />
        <ns0:definitionArc order="12" ns2:arcrole="http://xbrl.org/int/dim/arcrole/domain-member" ns2:from="ferc_EnergyStorageOperationsLineItems" ns2:to="ferc_EnergyLostDuringConversionStorageDischargeAndDischargeOfEnergyDistributionplant" ns2:type="arc" />
        <ns0:loc ns2:href="../../ferc-core_2020-01-01.xsd#ferc_EnergySold" ns2:label="ferc_EnergySold" ns2:type="locator" />
        <ns0:definitionArc order="13" ns2:arcrole="http://xbrl.org/int/dim/arcrole/domain-member" ns2:from="ferc_EnergyStorageOperationsLineItems" ns2:to="ferc_EnergySold" ns2:type="arc" />
        <ns0:loc ns2:href="../../ferc-core_2020-01-01.xsd#ferc_RevenuesFromEnergyStorageOperations" ns2:label="ferc_RevenuesFromEnergyStorageOperations" ns2:type="locator" />
        <ns0:definitionArc order="14" ns2:arcrole="http://xbrl.org/int/dim/arcrole/domain-member" ns2:from="ferc_EnergyStorageOperationsLineItems" ns2:to="ferc_RevenuesFromEnergyStorageOperations" ns2:type="arc" />
        <ns0:loc ns2:href="../../ferc-core_2020-01-01.xsd#ferc_PowerPurchasedForStorageOperations" ns2:label="ferc_PowerPurchasedForStorageOperations" ns2:type="locator" />
        <ns0:definitionArc order="15" ns2:arcrole="http://xbrl.org/int/dim/arcrole/domain-member" ns2:from="ferc_EnergyStorageOperationsLineItems" ns2:to="ferc_PowerPurchasedForStorageOperations" ns2:type="arc" />
        <ns0:loc ns2:href="../../ferc-core_2020-01-01.xsd#ferc_FuelCostsStorageOperationsSelfGeneratedPower" ns2:label="ferc_FuelCostsStorageOperationsSelfGeneratedPower" ns2:type="locator" />
        <ns0:definitionArc order="16" ns2:arcrole="http://xbrl.org/int/dim/arcrole/domain-member" ns2:from="ferc_EnergyStorageOperationsLineItems" ns2:to="ferc_FuelCostsStorageOperationsSelfGeneratedPower" ns2:type="arc" />
        <ns0:loc ns2:href="../../ferc-core_2020-01-01.xsd#ferc_OtherCostsSelfGeneratedPower" ns2:label="ferc_OtherCostsSelfGeneratedPower" ns2:type="locator" />
        <ns0:definitionArc order="17" ns2:arcrole="http://xbrl.org/int/dim/arcrole/domain-member" ns2:from="ferc_EnergyStorageOperationsLineItems" ns2:to="ferc_OtherCostsSelfGeneratedPower" ns2:type="arc" />
        <ns0:loc ns2:href="../../ferc-core_2020-01-01.xsd#ferc_ProjectCostsAccount" ns2:label="ferc_ProjectCostsAccount" ns2:type="locator" />
        <ns0:definitionArc order="18" ns2:arcrole="http://xbrl.org/int/dim/arcrole/domain-member" ns2:from="ferc_EnergyStorageOperationsLineItems" ns2:to="ferc_ProjectCostsAccount" ns2:type="arc" />
        <ns0:loc ns2:href="../../ferc-core_2020-01-01.xsd#ferc_ProjectPlantCostProduction" ns2:label="ferc_ProjectPlantCostProduction" ns2:type="locator" />
        <ns0:definitionArc order="19" ns2:arcrole="http://xbrl.org/int/dim/arcrole/domain-member" ns2:from="ferc_EnergyStorageOperationsLineItems" ns2:to="ferc_ProjectPlantCostProduction" ns2:type="arc" />
        <ns0:loc ns2:href="../../ferc-core_2020-01-01.xsd#ferc_ProjectPlantCostTransmission" ns2:label="ferc_ProjectPlantCostTransmission" ns2:type="locator" />
        <ns0:definitionArc order="20" ns2:arcrole="http://xbrl.org/int/dim/arcrole/domain-member" ns2:from="ferc_EnergyStorageOperationsLineItems" ns2:to="ferc_ProjectPlantCostTransmission" ns2:type="arc" />
        <ns0:loc ns2:href="../../ferc-core_2020-01-01.xsd#ferc_ProjectPlantCostDistribution" ns2:label="ferc_ProjectPlantCostDistribution" ns2:type="locator" />
        <ns0:definitionArc order="21" ns2:arcrole="http://xbrl.org/int/dim/arcrole/domain-member" ns2:from="ferc_EnergyStorageOperationsLineItems" ns2:to="ferc_ProjectPlantCostDistribution" ns2:type="arc" />
    </ns0:definitionLink>
    <ns0:definitionLink ns2:role="http://ferc.gov/form/2020-01-01/roles/Schedule/F1/EnergyStorageOperationsLargePlants" ns2:type="extended" />
</ns0:linkbase>