﻿<?xml version="1.0" encoding="utf-8"?>
<!--© DNB-->
<link:linkbase xmlns:xsi="http://www.w3.org/2001/XMLSchema-instance" xmlns:xlink="http://www.w3.org/1999/xlink" xmlns:link="http://www.xbrl.org/2003/linkbase" xmlns:gen="http://xbrl.org/2008/generic" xmlns:label="http://xbrl.org/2008/label" xmlns:formula="http://xbrl.org/2008/formula" xmlns:df="http://xbrl.org/2008/filter/dimension" xmlns:table="http://xbrl.org/2014/table" xmlns:model="http://www.eurofiling.info/xbrl/ext/model" xmlns:dnb_met="http://www.dnb.nl/xbrl/dict/met" xmlns:dnb_dim="http://www.dnb.nl/xbrl/dict/dim" xmlns:dnb_ppi_dom001="http://www.dnb.nl/xbrl/dict/dom/ppi_dom001" xmlns:dnb_ppi_dom029="http://www.dnb.nl/xbrl/dict/dom/ppi_dom029" xsi:schemaLocation="http://www.xbrl.org/2003/linkbase http://www.xbrl.org/2003/xbrl-linkbase-2003-12-31.xsd http://xbrl.org/2008/generic http://www.xbrl.org/2008/generic-link.xsd http://xbrl.org/2008/label http://www.xbrl.org/2008/generic-label.xsd http://xbrl.org/2008/formula http://www.xbrl.org/2008/formula.xsd http://xbrl.org/2008/filter/dimension http://www.xbrl.org/2008/dimension-filter.xsd http://xbrl.org/2014/table http://www.xbrl.org/2014/table.xsd http://www.eurofiling.info/xbrl/ext/model http://www.eurofiling.info/eu/fr/xbrl/ext/model.xsd">
  <link:arcroleRef arcroleURI="http://xbrl.org/arcrole/2014/breakdown-tree" xlink:type="simple" xlink:href="http://www.xbrl.org/2014/table.xsd#breakdown-tree" />
  <link:arcroleRef arcroleURI="http://xbrl.org/arcrole/2014/definition-node-subtree" xlink:type="simple" xlink:href="http://www.xbrl.org/2014/table.xsd#definition-node-subtree" />
  <link:arcroleRef arcroleURI="http://xbrl.org/arcrole/2014/table-breakdown" xlink:type="simple" xlink:href="http://www.xbrl.org/2014/table.xsd#table-breakdown" />
  <link:roleRef roleURI="http://www.dnb.nl/xbrl/role/fws/DNB-NR/ppi-2019-06/2019-12-31/tab/T26A" xlink:type="simple" xlink:href="t26a.xsd#role" />
  <gen:link xlink:type="extended" xlink:role="http://www.dnb.nl/xbrl/role/fws/DNB-NR/ppi-2019-06/2019-12-31/tab/T26A">
    <table:table xlink:type="resource" xlink:label="dnb_tT26A" id="dnb_tT26A" />
    <table:breakdown xlink:type="resource" xlink:label="dnb_a1" parentChildOrder="parent-first" id="dnb_a1" />
    <table:ruleNode xlink:type="resource" xlink:label="dnb_a1.root" abstract="true" merge="true" id="dnb_a1.root" />
    <table:breakdownTreeArc xlink:type="arc" xlink:arcrole="http://xbrl.org/arcrole/2014/breakdown-tree" xlink:from="dnb_a1" xlink:to="dnb_a1.root" order="0" />
    <table:ruleNode xlink:type="resource" xlink:label="dnb_c1" id="dnb_c1">
      <formula:concept>
        <formula:qname>dnb_met:ei_ppi_121</formula:qname>
      </formula:concept>
      <formula:explicitDimension dimension="dnb_dim:ppi_dim001">
        <formula:member>
          <formula:qname>dnb_ppi_dom001:mem015</formula:qname>
        </formula:member>
      </formula:explicitDimension>
      <formula:explicitDimension dimension="dnb_dim:ppi_dim036">
        <formula:member>
          <formula:qname>dnb_ppi_dom001:mem014</formula:qname>
        </formula:member>
      </formula:explicitDimension>
    </table:ruleNode>
    <table:definitionNodeSubtreeArc xlink:type="arc" xlink:arcrole="http://xbrl.org/arcrole/2014/definition-node-subtree" xlink:from="dnb_a1.root" xlink:to="dnb_c1" order="1" />
    <table:ruleNode xlink:type="resource" xlink:label="dnb_c2" id="dnb_c2">
      <formula:concept>
        <formula:qname>dnb_met:si_ppi_120</formula:qname>
      </formula:concept>
      <formula:explicitDimension dimension="dnb_dim:ppi_dim001">
        <formula:member>
          <formula:qname>dnb_ppi_dom001:mem015</formula:qname>
        </formula:member>
      </formula:explicitDimension>
      <formula:explicitDimension dimension="dnb_dim:ppi_dim036">
        <formula:member>
          <formula:qname>dnb_ppi_dom001:mem014</formula:qname>
        </formula:member>
      </formula:explicitDimension>
    </table:ruleNode>
    <table:definitionNodeSubtreeArc xlink:type="arc" xlink:arcrole="http://xbrl.org/arcrole/2014/definition-node-subtree" xlink:from="dnb_a1.root" xlink:to="dnb_c2" order="2" />
    <table:ruleNode xlink:type="resource" xlink:label="dnb_c3" id="dnb_c3">
      <formula:concept>
        <formula:qname>dnb_met:ei_ppi_105</formula:qname>
      </formula:concept>
      <formula:explicitDimension dimension="dnb_dim:ppi_dim001">
        <formula:member>
          <formula:qname>dnb_ppi_dom001:mem015</formula:qname>
        </formula:member>
      </formula:explicitDimension>
      <formula:explicitDimension dimension="dnb_dim:ppi_dim036">
        <formula:member>
          <formula:qname>dnb_ppi_dom001:mem014</formula:qname>
        </formula:member>
      </formula:explicitDimension>
    </table:ruleNode>
    <table:definitionNodeSubtreeArc xlink:type="arc" xlink:arcrole="http://xbrl.org/arcrole/2014/definition-node-subtree" xlink:from="dnb_a1.root" xlink:to="dnb_c3" order="3" />
    <table:ruleNode xlink:type="resource" xlink:label="dnb_c4" id="dnb_c4">
      <formula:concept>
        <formula:qname>dnb_met:ri_ppi_100</formula:qname>
      </formula:concept>
      <formula:explicitDimension dimension="dnb_dim:ppi_dim001">
        <formula:member>
          <formula:qname>dnb_ppi_dom001:mem015</formula:qname>
        </formula:member>
      </formula:explicitDimension>
      <formula:explicitDimension dimension="dnb_dim:ppi_dim036">
        <formula:member>
          <formula:qname>dnb_ppi_dom001:mem014</formula:qname>
        </formula:member>
      </formula:explicitDimension>
    </table:ruleNode>
    <table:definitionNodeSubtreeArc xlink:type="arc" xlink:arcrole="http://xbrl.org/arcrole/2014/definition-node-subtree" xlink:from="dnb_a1.root" xlink:to="dnb_c4" order="4" />
    <table:ruleNode xlink:type="resource" xlink:label="dnb_c5" id="dnb_c5">
      <formula:concept>
        <formula:qname>dnb_met:mi_ppi_005</formula:qname>
      </formula:concept>
      <formula:explicitDimension dimension="dnb_dim:ppi_dim001">
        <formula:member>
          <formula:qname>dnb_ppi_dom001:mem015</formula:qname>
        </formula:member>
      </formula:explicitDimension>
      <formula:explicitDimension dimension="dnb_dim:ppi_dim036">
        <formula:member>
          <formula:qname>dnb_ppi_dom001:mem014</formula:qname>
        </formula:member>
      </formula:explicitDimension>
      <formula:explicitDimension dimension="dnb_dim:ppi_dim044">
        <formula:member>
          <formula:qname>dnb_ppi_dom029:mem008</formula:qname>
        </formula:member>
      </formula:explicitDimension>
    </table:ruleNode>
    <table:definitionNodeSubtreeArc xlink:type="arc" xlink:arcrole="http://xbrl.org/arcrole/2014/definition-node-subtree" xlink:from="dnb_a1.root" xlink:to="dnb_c5" order="5" />
    <table:ruleNode xlink:type="resource" xlink:label="dnb_c6" id="dnb_c6">
      <formula:concept>
        <formula:qname>dnb_met:ei_ppi_110</formula:qname>
      </formula:concept>
      <formula:explicitDimension dimension="dnb_dim:ppi_dim001">
        <formula:member>
          <formula:qname>dnb_ppi_dom001:mem015</formula:qname>
        </formula:member>
      </formula:explicitDimension>
      <formula:explicitDimension dimension="dnb_dim:ppi_dim036">
        <formula:member>
          <formula:qname>dnb_ppi_dom001:mem014</formula:qname>
        </formula:member>
      </formula:explicitDimension>
    </table:ruleNode>
    <table:definitionNodeSubtreeArc xlink:type="arc" xlink:arcrole="http://xbrl.org/arcrole/2014/definition-node-subtree" xlink:from="dnb_a1.root" xlink:to="dnb_c6" order="6" />
    <table:ruleNode xlink:type="resource" xlink:label="dnb_c7" id="dnb_c7">
      <formula:concept>
        <formula:qname>dnb_met:mi_ppi_005</formula:qname>
      </formula:concept>
      <formula:explicitDimension dimension="dnb_dim:ppi_dim001">
        <formula:member>
          <formula:qname>dnb_ppi_dom001:mem015</formula:qname>
        </formula:member>
      </formula:explicitDimension>
      <formula:explicitDimension dimension="dnb_dim:ppi_dim036">
        <formula:member>
          <formula:qname>dnb_ppi_dom001:mem014</formula:qname>
        </formula:member>
      </formula:explicitDimension>
      <formula:explicitDimension dimension="dnb_dim:ppi_dim044">
        <formula:member>
          <formula:qname>dnb_ppi_dom029:mem010</formula:qname>
        </formula:member>
      </formula:explicitDimension>
    </table:ruleNode>
    <table:definitionNodeSubtreeArc xlink:type="arc" xlink:arcrole="http://xbrl.org/arcrole/2014/definition-node-subtree" xlink:from="dnb_a1.root" xlink:to="dnb_c7" order="7" />
    <table:ruleNode xlink:type="resource" xlink:label="dnb_c8" id="dnb_c8">
      <formula:concept>
        <formula:qname>dnb_met:mi_ppi_005</formula:qname>
      </formula:concept>
      <formula:explicitDimension dimension="dnb_dim:ppi_dim001">
        <formula:member>
          <formula:qname>dnb_ppi_dom001:mem015</formula:qname>
        </formula:member>
      </formula:explicitDimension>
      <formula:explicitDimension dimension="dnb_dim:ppi_dim036">
        <formula:member>
          <formula:qname>dnb_ppi_dom001:mem014</formula:qname>
        </formula:member>
      </formula:explicitDimension>
      <formula:explicitDimension dimension="dnb_dim:ppi_dim044">
        <formula:member>
          <formula:qname>dnb_ppi_dom029:mem011</formula:qname>
        </formula:member>
      </formula:explicitDimension>
    </table:ruleNode>
    <table:definitionNodeSubtreeArc xlink:type="arc" xlink:arcrole="http://xbrl.org/arcrole/2014/definition-node-subtree" xlink:from="dnb_a1.root" xlink:to="dnb_c8" order="8" />
    <table:ruleNode xlink:type="resource" xlink:label="dnb_c9" id="dnb_c9">
      <formula:concept>
        <formula:qname>dnb_met:ii_ppi_095</formula:qname>
      </formula:concept>
      <formula:explicitDimension dimension="dnb_dim:ppi_dim001">
        <formula:member>
          <formula:qname>dnb_ppi_dom001:mem015</formula:qname>
        </formula:member>
      </formula:explicitDimension>
      <formula:explicitDimension dimension="dnb_dim:ppi_dim036">
        <formula:member>
          <formula:qname>dnb_ppi_dom001:mem014</formula:qname>
        </formula:member>
      </formula:explicitDimension>
    </table:ruleNode>
    <table:definitionNodeSubtreeArc xlink:type="arc" xlink:arcrole="http://xbrl.org/arcrole/2014/definition-node-subtree" xlink:from="dnb_a1.root" xlink:to="dnb_c9" order="9" />
    <table:ruleNode xlink:type="resource" xlink:label="dnb_c10" id="dnb_c10">
      <formula:concept>
        <formula:qname>dnb_met:mi_ppi_119</formula:qname>
      </formula:concept>
      <formula:explicitDimension dimension="dnb_dim:ppi_dim001">
        <formula:member>
          <formula:qname>dnb_ppi_dom001:mem015</formula:qname>
        </formula:member>
      </formula:explicitDimension>
      <formula:explicitDimension dimension="dnb_dim:ppi_dim036">
        <formula:member>
          <formula:qname>dnb_ppi_dom001:mem014</formula:qname>
        </formula:member>
      </formula:explicitDimension>
    </table:ruleNode>
    <table:definitionNodeSubtreeArc xlink:type="arc" xlink:arcrole="http://xbrl.org/arcrole/2014/definition-node-subtree" xlink:from="dnb_a1.root" xlink:to="dnb_c10" order="10" />
    <table:ruleNode xlink:type="resource" xlink:label="dnb_c11" id="dnb_c11">
      <formula:concept>
        <formula:qname>dnb_met:mi_ppi_005</formula:qname>
      </formula:concept>
      <formula:explicitDimension dimension="dnb_dim:ppi_dim001">
        <formula:member>
          <formula:qname>dnb_ppi_dom001:mem015</formula:qname>
        </formula:member>
      </formula:explicitDimension>
      <formula:explicitDimension dimension="dnb_dim:ppi_dim036">
        <formula:member>
          <formula:qname>dnb_ppi_dom001:mem014</formula:qname>
        </formula:member>
      </formula:explicitDimension>
      <formula:explicitDimension dimension="dnb_dim:ppi_dim044">
        <formula:member>
          <formula:qname>dnb_ppi_dom029:mem006</formula:qname>
        </formula:member>
      </formula:explicitDimension>
    </table:ruleNode>
    <table:definitionNodeSubtreeArc xlink:type="arc" xlink:arcrole="http://xbrl.org/arcrole/2014/definition-node-subtree" xlink:from="dnb_a1.root" xlink:to="dnb_c11" order="11" />
    <table:ruleNode xlink:type="resource" xlink:label="dnb_c12" id="dnb_c12">
      <formula:concept>
        <formula:qname>dnb_met:mi_ppi_005</formula:qname>
      </formula:concept>
      <formula:explicitDimension dimension="dnb_dim:ppi_dim001">
        <formula:member>
          <formula:qname>dnb_ppi_dom001:mem015</formula:qname>
        </formula:member>
      </formula:explicitDimension>
      <formula:explicitDimension dimension="dnb_dim:ppi_dim036">
        <formula:member>
          <formula:qname>dnb_ppi_dom001:mem014</formula:qname>
        </formula:member>
      </formula:explicitDimension>
      <formula:explicitDimension dimension="dnb_dim:ppi_dim044">
        <formula:member>
          <formula:qname>dnb_ppi_dom029:mem012</formula:qname>
        </formula:member>
      </formula:explicitDimension>
    </table:ruleNode>
    <table:definitionNodeSubtreeArc xlink:type="arc" xlink:arcrole="http://xbrl.org/arcrole/2014/definition-node-subtree" xlink:from="dnb_a1.root" xlink:to="dnb_c12" order="12" />
    <table:ruleNode xlink:type="resource" xlink:label="dnb_c13" id="dnb_c13">
      <formula:concept>
        <formula:qname>dnb_met:mi_ppi_005</formula:qname>
      </formula:concept>
      <formula:explicitDimension dimension="dnb_dim:ppi_dim001">
        <formula:member>
          <formula:qname>dnb_ppi_dom001:mem015</formula:qname>
        </formula:member>
      </formula:explicitDimension>
      <formula:explicitDimension dimension="dnb_dim:ppi_dim036">
        <formula:member>
          <formula:qname>dnb_ppi_dom001:mem014</formula:qname>
        </formula:member>
      </formula:explicitDimension>
      <formula:explicitDimension dimension="dnb_dim:ppi_dim044">
        <formula:member>
          <formula:qname>dnb_ppi_dom029:mem004</formula:qname>
        </formula:member>
      </formula:explicitDimension>
    </table:ruleNode>
    <table:definitionNodeSubtreeArc xlink:type="arc" xlink:arcrole="http://xbrl.org/arcrole/2014/definition-node-subtree" xlink:from="dnb_a1.root" xlink:to="dnb_c13" order="13" />
    <table:ruleNode xlink:type="resource" xlink:label="dnb_c14" id="dnb_c14">
      <formula:concept>
        <formula:qname>dnb_met:di_ppi_108</formula:qname>
      </formula:concept>
      <formula:explicitDimension dimension="dnb_dim:ppi_dim001">
        <formula:member>
          <formula:qname>dnb_ppi_dom001:mem015</formula:qname>
        </formula:member>
      </formula:explicitDimension>
      <formula:explicitDimension dimension="dnb_dim:ppi_dim036">
        <formula:member>
          <formula:qname>dnb_ppi_dom001:mem014</formula:qname>
        </formula:member>
      </formula:explicitDimension>
    </table:ruleNode>
    <table:definitionNodeSubtreeArc xlink:type="arc" xlink:arcrole="http://xbrl.org/arcrole/2014/definition-node-subtree" xlink:from="dnb_a1.root" xlink:to="dnb_c14" order="14" />
    <table:ruleNode xlink:type="resource" xlink:label="dnb_c15" id="dnb_c15">
      <formula:concept>
        <formula:qname>dnb_met:ri_ppi_093</formula:qname>
      </formula:concept>
      <formula:explicitDimension dimension="dnb_dim:ppi_dim001">
        <formula:member>
          <formula:qname>dnb_ppi_dom001:mem015</formula:qname>
        </formula:member>
      </formula:explicitDimension>
      <formula:explicitDimension dimension="dnb_dim:ppi_dim036">
        <formula:member>
          <formula:qname>dnb_ppi_dom001:mem014</formula:qname>
        </formula:member>
      </formula:explicitDimension>
    </table:ruleNode>
    <table:definitionNodeSubtreeArc xlink:type="arc" xlink:arcrole="http://xbrl.org/arcrole/2014/definition-node-subtree" xlink:from="dnb_a1.root" xlink:to="dnb_c15" order="15" />
    <table:ruleNode xlink:type="resource" xlink:label="dnb_c16" id="dnb_c16">
      <formula:concept>
        <formula:qname>dnb_met:mi_ppi_005</formula:qname>
      </formula:concept>
      <formula:explicitDimension dimension="dnb_dim:ppi_dim001">
        <formula:member>
          <formula:qname>dnb_ppi_dom001:mem015</formula:qname>
        </formula:member>
      </formula:explicitDimension>
      <formula:explicitDimension dimension="dnb_dim:ppi_dim036">
        <formula:member>
          <formula:qname>dnb_ppi_dom001:mem014</formula:qname>
        </formula:member>
      </formula:explicitDimension>
      <formula:explicitDimension dimension="dnb_dim:ppi_dim044">
        <formula:member>
          <formula:qname>dnb_ppi_dom029:mem005</formula:qname>
        </formula:member>
      </formula:explicitDimension>
    </table:ruleNode>
    <table:definitionNodeSubtreeArc xlink:type="arc" xlink:arcrole="http://xbrl.org/arcrole/2014/definition-node-subtree" xlink:from="dnb_a1.root" xlink:to="dnb_c16" order="16" />
    <table:ruleNode xlink:type="resource" xlink:label="dnb_c17" id="dnb_c17">
      <formula:concept>
        <formula:qname>dnb_met:ei_ppi_131</formula:qname>
      </formula:concept>
      <formula:explicitDimension dimension="dnb_dim:ppi_dim001">
        <formula:member>
          <formula:qname>dnb_ppi_dom001:mem015</formula:qname>
        </formula:member>
      </formula:explicitDimension>
      <formula:explicitDimension dimension="dnb_dim:ppi_dim036">
        <formula:member>
          <formula:qname>dnb_ppi_dom001:mem014</formula:qname>
        </formula:member>
      </formula:explicitDimension>
    </table:ruleNode>
    <table:definitionNodeSubtreeArc xlink:type="arc" xlink:arcrole="http://xbrl.org/arcrole/2014/definition-node-subtree" xlink:from="dnb_a1.root" xlink:to="dnb_c17" order="17" />
    <table:tableBreakdownArc xlink:type="arc" xlink:arcrole="http://xbrl.org/arcrole/2014/table-breakdown" xlink:from="dnb_tT26A" xlink:to="dnb_a1" axis="x" order="1" />
    <table:breakdown xlink:type="resource" xlink:label="dnb_a2" parentChildOrder="parent-first" id="dnb_a2" />
    <table:aspectNode xlink:type="resource" xlink:label="dnb_a2.root" id="dnb_a2.root">
      <table:dimensionAspect>dnb_dim:ppi_dim042</table:dimensionAspect>
    </table:aspectNode>
    <table:breakdownTreeArc xlink:type="arc" xlink:arcrole="http://xbrl.org/arcrole/2014/breakdown-tree" xlink:from="dnb_a2" xlink:to="dnb_a2.root" order="0" />
    <table:tableBreakdownArc xlink:type="arc" xlink:arcrole="http://xbrl.org/arcrole/2014/table-breakdown" xlink:from="dnb_tT26A" xlink:to="dnb_a2" axis="y" order="2" />
    <table:breakdown xlink:type="resource" xlink:label="dnb_a3" parentChildOrder="parent-first" id="dnb_a3" />
    <table:aspectNode xlink:type="resource" xlink:label="dnb_a3.root" id="dnb_a3.root">
      <table:dimensionAspect>dnb_dim:ppi_dim039</table:dimensionAspect>
    </table:aspectNode>
    <table:breakdownTreeArc xlink:type="arc" xlink:arcrole="http://xbrl.org/arcrole/2014/breakdown-tree" xlink:from="dnb_a3" xlink:to="dnb_a3.root" order="0" />
    <table:tableBreakdownArc xlink:type="arc" xlink:arcrole="http://xbrl.org/arcrole/2014/table-breakdown" xlink:from="dnb_tT26A" xlink:to="dnb_a3" axis="y" order="3" />
  </gen:link>
</link:linkbase>