﻿<?xml version="1.0" encoding="utf-8"?>
<?taxonomy-version 2.8.0.0 ?> <?taxonomy-set-overall-version 2.8.0.0 ?>
<!--(C) EBA-->
<link:linkbase xmlns:xsi="http://www.w3.org/2001/XMLSchema-instance" xmlns:xlink="http://www.w3.org/1999/xlink" xmlns:link="http://www.xbrl.org/2003/linkbase" xsi:schemaLocation="http://www.xbrl.org/2003/linkbase http://www.xbrl.org/2003/xbrl-linkbase-2003-12-31.xsd">
  <link:roleRef roleURI="http://www.eba.europa.eu/xbrl/role/dpm-db-id" xlink:type="simple" xlink:href="http://www.eba.europa.eu/eu/fr/xbrl/ext/model.xsd#dpm-db-id" />
  <link:labelLink xlink:type="extended" xlink:role="http://www.xbrl.org/2003/role/link">
    <link:loc xlink:type="locator" xlink:href="mem.xsd#eba_x1" xlink:label="loc_eba_x1" />
    <link:label xlink:type="resource" xlink:label="label_eba_x1" xml:lang="en" xlink:role="http://www.eba.europa.eu/xbrl/role/dpm-db-id">1816</link:label>
    <link:labelArc xlink:type="arc" xlink:arcrole="http://www.xbrl.org/2003/arcrole/concept-label" xlink:from="loc_eba_x1" xlink:to="label_eba_x1" />
    <link:loc xlink:type="locator" xlink:href="mem.xsd#eba_x2" xlink:label="loc_eba_x2" />
    <link:label xlink:type="resource" xlink:label="label_eba_x2" xml:lang="en" xlink:role="http://www.eba.europa.eu/xbrl/role/dpm-db-id">1817</link:label>
    <link:labelArc xlink:type="arc" xlink:arcrole="http://www.xbrl.org/2003/arcrole/concept-label" xlink:from="loc_eba_x2" xlink:to="label_eba_x2" />
    <link:loc xlink:type="locator" xlink:href="mem.xsd#eba_x3" xlink:label="loc_eba_x3" />
    <link:label xlink:type="resource" xlink:label="label_eba_x3" xml:lang="en" xlink:role="http://www.eba.europa.eu/xbrl/role/dpm-db-id">1818</link:label>
    <link:labelArc xlink:type="arc" xlink:arcrole="http://www.xbrl.org/2003/arcrole/concept-label" xlink:from="loc_eba_x3" xlink:to="label_eba_x3" />
    <link:loc xlink:type="locator" xlink:href="mem.xsd#eba_x4" xlink:label="loc_eba_x4" />
    <link:label xlink:type="resource" xlink:label="label_eba_x4" xml:lang="en" xlink:role="http://www.eba.europa.eu/xbrl/role/dpm-db-id">1821</link:label>
    <link:labelArc xlink:type="arc" xlink:arcrole="http://www.xbrl.org/2003/arcrole/concept-label" xlink:from="loc_eba_x4" xlink:to="label_eba_x4" />
    <link:loc xlink:type="locator" xlink:href="mem.xsd#eba_x5" xlink:label="loc_eba_x5" />
    <link:label xlink:type="resource" xlink:label="label_eba_x5" xml:lang="en" xlink:role="http://www.eba.europa.eu/xbrl/role/dpm-db-id">1822</link:label>
    <link:labelArc xlink:type="arc" xlink:arcrole="http://www.xbrl.org/2003/arcrole/concept-label" xlink:from="loc_eba_x5" xlink:to="label_eba_x5" />
    <link:loc xlink:type="locator" xlink:href="mem.xsd#eba_x6" xlink:label="loc_eba_x6" />
    <link:label xlink:type="resource" xlink:label="label_eba_x6" xml:lang="en" xlink:role="http://www.eba.europa.eu/xbrl/role/dpm-db-id">1823</link:label>
    <link:labelArc xlink:type="arc" xlink:arcrole="http://www.xbrl.org/2003/arcrole/concept-label" xlink:from="loc_eba_x6" xlink:to="label_eba_x6" />
    <link:loc xlink:type="locator" xlink:href="mem.xsd#eba_x0" xlink:label="loc_eba_x0" />
    <link:label xlink:type="resource" xlink:label="label_eba_x0" xml:lang="en" xlink:role="http://www.eba.europa.eu/xbrl/role/dpm-db-id">3631</link:label>
    <link:labelArc xlink:type="arc" xlink:arcrole="http://www.xbrl.org/2003/arcrole/concept-label" xlink:from="loc_eba_x0" xlink:to="label_eba_x0" />
    <link:loc xlink:type="locator" xlink:href="mem.xsd#eba_x7" xlink:label="loc_eba_x7" />
    <link:label xlink:type="resource" xlink:label="label_eba_x7" xml:lang="en" xlink:role="http://www.eba.europa.eu/xbrl/role/dpm-db-id">3122</link:label>
    <link:labelArc xlink:type="arc" xlink:arcrole="http://www.xbrl.org/2003/arcrole/concept-label" xlink:from="loc_eba_x7" xlink:to="label_eba_x7" />
    <link:loc xlink:type="locator" xlink:href="mem.xsd#eba_x8" xlink:label="loc_eba_x8" />
    <link:label xlink:type="resource" xlink:label="label_eba_x8" xml:lang="en" xlink:role="http://www.eba.europa.eu/xbrl/role/dpm-db-id">3123</link:label>
    <link:labelArc xlink:type="arc" xlink:arcrole="http://www.xbrl.org/2003/arcrole/concept-label" xlink:from="loc_eba_x8" xlink:to="label_eba_x8" />
    <link:loc xlink:type="locator" xlink:href="mem.xsd#eba_x9" xlink:label="loc_eba_x9" />
    <link:label xlink:type="resource" xlink:label="label_eba_x9" xml:lang="en" xlink:role="http://www.eba.europa.eu/xbrl/role/dpm-db-id">3365</link:label>
    <link:labelArc xlink:type="arc" xlink:arcrole="http://www.xbrl.org/2003/arcrole/concept-label" xlink:from="loc_eba_x9" xlink:to="label_eba_x9" />
    <link:loc xlink:type="locator" xlink:href="mem.xsd#eba_x10" xlink:label="loc_eba_x10" />
    <link:label xlink:type="resource" xlink:label="label_eba_x10" xml:lang="en" xlink:role="http://www.eba.europa.eu/xbrl/role/dpm-db-id">6364</link:label>
    <link:labelArc xlink:type="arc" xlink:arcrole="http://www.xbrl.org/2003/arcrole/concept-label" xlink:from="loc_eba_x10" xlink:to="label_eba_x10" />
  </link:labelLink>
</link:linkbase>