<ns0:linkbase xmlns:ns0="http://www.xbrl.org/2003/linkbase" xmlns:ns2="http://www.w3.org/1999/xlink" xmlns:xsi="http://www.w3.org/2001/XMLSchema-instance" xsi:schemaLocation="http://www.xbrl.org/2003/linkbase http://www.xbrl.org/2003/xbrl-linkbase-2003-12-31.xsd">
    <ns0:roleRef roleURI="http://ferc.gov/form/2020-01-01/roles/Schedule/F1/ScheduleSteamElectricGeneratingPlantStatistics" ns2:href="form-1-sched-ScheduleSteamElectricGeneratingPlantStatistics_2020-01-01.xsd#roleType_ScheduleSteamElectricGeneratingPlantStatistics" ns2:type="simple" />
    <ns0:calculationLink ns2:role="http://ferc.gov/form/2020-01-01/roles/Schedule/F1/ScheduleSteamElectricGeneratingPlantStatistics" ns2:type="extended">
        <ns0:loc ns2:href="../../ferc-core_2020-01-01.xsd#ferc_CostOfPlant" ns2:label="ferc_CostOfPlant" ns2:type="locator" />
        <ns0:loc ns2:href="../../ferc-core_2020-01-01.xsd#ferc_CostOfLandAndLandRightsSteamProduction" ns2:label="ferc_CostOfLandAndLandRightsSteamProduction" ns2:type="locator" />
        <ns0:calculationArc order="1" weight="1" ns2:arcrole="http://www.xbrl.org/2003/arcrole/summation-item" ns2:from="ferc_CostOfPlant" ns2:to="ferc_CostOfLandAndLandRightsSteamProduction" ns2:type="arc" />
        <ns0:loc ns2:href="../../ferc-core_2020-01-01.xsd#ferc_CostOfStructuresAndImprovementsSteamProduction" ns2:label="ferc_CostOfStructuresAndImprovementsSteamProduction" ns2:type="locator" />
        <ns0:calculationArc order="1" weight="1" ns2:arcrole="http://www.xbrl.org/2003/arcrole/summation-item" ns2:from="ferc_CostOfPlant" ns2:to="ferc_CostOfStructuresAndImprovementsSteamProduction" ns2:type="arc" />
        <ns0:loc ns2:href="../../ferc-core_2020-01-01.xsd#ferc_CostOfEquipmentSteamProduction" ns2:label="ferc_CostOfEquipmentSteamProduction" ns2:type="locator" />
        <ns0:calculationArc order="1" weight="1" ns2:arcrole="http://www.xbrl.org/2003/arcrole/summation-item" ns2:from="ferc_CostOfPlant" ns2:to="ferc_CostOfEquipmentSteamProduction" ns2:type="arc" />
        <ns0:loc ns2:href="../../ferc-core_2020-01-01.xsd#ferc_AssetRetirementCostsSteamProduction" ns2:label="ferc_AssetRetirementCostsSteamProduction" ns2:type="locator" />
        <ns0:calculationArc order="1" weight="1" ns2:arcrole="http://www.xbrl.org/2003/arcrole/summation-item" ns2:from="ferc_CostOfPlant" ns2:to="ferc_AssetRetirementCostsSteamProduction" ns2:type="arc" />
        <ns0:loc ns2:href="../../ferc-core_2020-01-01.xsd#ferc_PowerProductionExpensesSteamPower" ns2:label="ferc_PowerProductionExpensesSteamPower" ns2:type="locator" />
        <ns0:loc ns2:href="../../ferc-core_2020-01-01.xsd#ferc_OperationSupervisionAndEngineeringExpense" ns2:label="ferc_OperationSupervisionAndEngineeringExpense" ns2:type="locator" />
        <ns0:calculationArc order="1" weight="1" ns2:arcrole="http://www.xbrl.org/2003/arcrole/summation-item" ns2:from="ferc_PowerProductionExpensesSteamPower" ns2:to="ferc_OperationSupervisionAndEngineeringExpense" ns2:type="arc" />
        <ns0:loc ns2:href="../../ferc-core_2020-01-01.xsd#ferc_FuelSteamPowerGeneration" ns2:label="ferc_FuelSteamPowerGeneration" ns2:type="locator" />
        <ns0:calculationArc order="1" weight="1" ns2:arcrole="http://www.xbrl.org/2003/arcrole/summation-item" ns2:from="ferc_PowerProductionExpensesSteamPower" ns2:to="ferc_FuelSteamPowerGeneration" ns2:type="arc" />
        <ns0:loc ns2:href="../../ferc-core_2020-01-01.xsd#ferc_CoolantsAndWater" ns2:label="ferc_CoolantsAndWater" ns2:type="locator" />
        <ns0:calculationArc order="1" weight="1" ns2:arcrole="http://www.xbrl.org/2003/arcrole/summation-item" ns2:from="ferc_PowerProductionExpensesSteamPower" ns2:to="ferc_CoolantsAndWater" ns2:type="arc" />
        <ns0:loc ns2:href="../../ferc-core_2020-01-01.xsd#ferc_SteamExpensesSteamPowerGeneration" ns2:label="ferc_SteamExpensesSteamPowerGeneration" ns2:type="locator" />
        <ns0:calculationArc order="1" weight="1" ns2:arcrole="http://www.xbrl.org/2003/arcrole/summation-item" ns2:from="ferc_PowerProductionExpensesSteamPower" ns2:to="ferc_SteamExpensesSteamPowerGeneration" ns2:type="arc" />
        <ns0:loc ns2:href="../../ferc-core_2020-01-01.xsd#ferc_SteamFromOtherSources" ns2:label="ferc_SteamFromOtherSources" ns2:type="locator" />
        <ns0:calculationArc order="1" weight="1" ns2:arcrole="http://www.xbrl.org/2003/arcrole/summation-item" ns2:from="ferc_PowerProductionExpensesSteamPower" ns2:to="ferc_SteamFromOtherSources" ns2:type="arc" />
        <ns0:loc ns2:href="../../ferc-core_2020-01-01.xsd#ferc_SteamTransferredCredit" ns2:label="ferc_SteamTransferredCredit" ns2:type="locator" />
        <ns0:calculationArc order="1" weight="-1" ns2:arcrole="http://www.xbrl.org/2003/arcrole/summation-item" ns2:from="ferc_PowerProductionExpensesSteamPower" ns2:to="ferc_SteamTransferredCredit" ns2:type="arc" />
        <ns0:loc ns2:href="../../ferc-core_2020-01-01.xsd#ferc_ElectricExpensesSteamPowerGeneration" ns2:label="ferc_ElectricExpensesSteamPowerGeneration" ns2:type="locator" />
        <ns0:calculationArc order="1" weight="1" ns2:arcrole="http://www.xbrl.org/2003/arcrole/summation-item" ns2:from="ferc_PowerProductionExpensesSteamPower" ns2:to="ferc_ElectricExpensesSteamPowerGeneration" ns2:type="arc" />
        <ns0:loc ns2:href="../../ferc-core_2020-01-01.xsd#ferc_MiscellaneousSteamPowerExpenses" ns2:label="ferc_MiscellaneousSteamPowerExpenses" ns2:type="locator" />
        <ns0:calculationArc order="1" weight="1" ns2:arcrole="http://www.xbrl.org/2003/arcrole/summation-item" ns2:from="ferc_PowerProductionExpensesSteamPower" ns2:to="ferc_MiscellaneousSteamPowerExpenses" ns2:type="arc" />
        <ns0:loc ns2:href="../../ferc-core_2020-01-01.xsd#ferc_RentsSteamPowerGeneration" ns2:label="ferc_RentsSteamPowerGeneration" ns2:type="locator" />
        <ns0:calculationArc order="1" weight="1" ns2:arcrole="http://www.xbrl.org/2003/arcrole/summation-item" ns2:from="ferc_PowerProductionExpensesSteamPower" ns2:to="ferc_RentsSteamPowerGeneration" ns2:type="arc" />
        <ns0:loc ns2:href="../../ferc-core_2020-01-01.xsd#ferc_Allowances" ns2:label="ferc_Allowances" ns2:type="locator" />
        <ns0:calculationArc order="1" weight="1" ns2:arcrole="http://www.xbrl.org/2003/arcrole/summation-item" ns2:from="ferc_PowerProductionExpensesSteamPower" ns2:to="ferc_Allowances" ns2:type="arc" />
        <ns0:loc ns2:href="../../ferc-core_2020-01-01.xsd#ferc_MaintenanceSupervisionAndEngineeringSteamPowerGeneration" ns2:label="ferc_MaintenanceSupervisionAndEngineeringSteamPowerGeneration" ns2:type="locator" />
        <ns0:calculationArc order="1" weight="1" ns2:arcrole="http://www.xbrl.org/2003/arcrole/summation-item" ns2:from="ferc_PowerProductionExpensesSteamPower" ns2:to="ferc_MaintenanceSupervisionAndEngineeringSteamPowerGeneration" ns2:type="arc" />
        <ns0:loc ns2:href="../../ferc-core_2020-01-01.xsd#ferc_MaintenanceOfStructuresSteamPowerGeneration" ns2:label="ferc_MaintenanceOfStructuresSteamPowerGeneration" ns2:type="locator" />
        <ns0:calculationArc order="1" weight="1" ns2:arcrole="http://www.xbrl.org/2003/arcrole/summation-item" ns2:from="ferc_PowerProductionExpensesSteamPower" ns2:to="ferc_MaintenanceOfStructuresSteamPowerGeneration" ns2:type="arc" />
        <ns0:loc ns2:href="../../ferc-core_2020-01-01.xsd#ferc_MaintenanceOfBoilerPlantSteamPowerGeneration" ns2:label="ferc_MaintenanceOfBoilerPlantSteamPowerGeneration" ns2:type="locator" />
        <ns0:calculationArc order="1" weight="1" ns2:arcrole="http://www.xbrl.org/2003/arcrole/summation-item" ns2:from="ferc_PowerProductionExpensesSteamPower" ns2:to="ferc_MaintenanceOfBoilerPlantSteamPowerGeneration" ns2:type="arc" />
        <ns0:loc ns2:href="../../ferc-core_2020-01-01.xsd#ferc_MaintenanceOfElectricPlantSteamPowerGeneration" ns2:label="ferc_MaintenanceOfElectricPlantSteamPowerGeneration" ns2:type="locator" />
        <ns0:calculationArc order="1" weight="1" ns2:arcrole="http://www.xbrl.org/2003/arcrole/summation-item" ns2:from="ferc_PowerProductionExpensesSteamPower" ns2:to="ferc_MaintenanceOfElectricPlantSteamPowerGeneration" ns2:type="arc" />
        <ns0:loc ns2:href="../../ferc-core_2020-01-01.xsd#ferc_MaintenanceOfMiscellaneousSteamPlant" ns2:label="ferc_MaintenanceOfMiscellaneousSteamPlant" ns2:type="locator" />
        <ns0:calculationArc order="1" weight="1" ns2:arcrole="http://www.xbrl.org/2003/arcrole/summation-item" ns2:from="ferc_PowerProductionExpensesSteamPower" ns2:to="ferc_MaintenanceOfMiscellaneousSteamPlant" ns2:type="arc" />
    </ns0:calculationLink>
</ns0:linkbase>