<ns0:linkbase xmlns:ns0="http://www.xbrl.org/2003/linkbase" xmlns:ns2="http://www.w3.org/1999/xlink" xmlns:xsi="http://www.w3.org/2001/XMLSchema-instance" xsi:schemaLocation="http://www.xbrl.org/2003/linkbase http://www.xbrl.org/2003/xbrl-linkbase-2003-12-31.xsd">
    <ns0:roleRef roleURI="http://ferc.gov/form/2020-01-01/roles/Schedule/F1/ResearchDevelopmentAndDemonstrationActivities" ns2:href="form-1-sched-ResearchDevelopmentAndDemonstrationActivities_2020-01-01.xsd#roleType_ResearchDevelopmentAndDemonstrationActivities" ns2:type="simple" />
    <ns0:roleRef roleURI="http://ferc.gov/form/2020-01-01/roles/label/F1ResearchDevelopmentAndDemonstration" ns2:href="../../ferc-core-lab-roles_2020-01-01.xsd#F1ResearchDevelopmentAndDemonstration" ns2:type="simple" />
    <ns0:presentationLink ns2:role="http://ferc.gov/form/2020-01-01/roles/Schedule/F1/ResearchDevelopmentAndDemonstrationActivities" ns2:type="extended">
        <ns0:loc ns2:href="../../ferc-core_2020-01-01.xsd#ferc_ScheduleResearchDevelopmentOrDemonstrationExpendituresAbstract" ns2:label="ferc_ScheduleResearchDevelopmentOrDemonstrationExpendituresAbstract" ns2:type="locator" />
        <ns0:loc ns2:href="../../ferc-core_2020-01-01.xsd#ferc_ResearchDevelopmentOrDemonstrationExpendituresTable" ns2:label="ferc_ResearchDevelopmentOrDemonstrationExpendituresTable" ns2:type="locator" />
        <ns0:presentationArc order="1" ns2:arcrole="http://www.xbrl.org/2003/arcrole/parent-child" ns2:from="ferc_ScheduleResearchDevelopmentOrDemonstrationExpendituresAbstract" ns2:to="ferc_ResearchDevelopmentOrDemonstrationExpendituresTable" ns2:type="arc" />
        <ns0:loc ns2:href="../../ferc-core_2020-01-01.xsd#ferc_ResearchDevelopmentOrDemonstrationExpendituresAxis" ns2:label="ferc_ResearchDevelopmentOrDemonstrationExpendituresAxis" ns2:type="locator" />
        <ns0:presentationArc order="1" ns2:arcrole="http://www.xbrl.org/2003/arcrole/parent-child" ns2:from="ferc_ResearchDevelopmentOrDemonstrationExpendituresTable" ns2:to="ferc_ResearchDevelopmentOrDemonstrationExpendituresAxis" ns2:type="arc" />
        <ns0:loc ns2:href="../../ferc-core_2020-01-01.xsd#ferc_ResearchDevelopmentOrDemonstrationExpendituresLineItems" ns2:label="ferc_ResearchDevelopmentOrDemonstrationExpendituresLineItems" ns2:type="locator" />
        <ns0:presentationArc order="2" ns2:arcrole="http://www.xbrl.org/2003/arcrole/parent-child" ns2:from="ferc_ResearchDevelopmentOrDemonstrationExpendituresTable" ns2:to="ferc_ResearchDevelopmentOrDemonstrationExpendituresLineItems" ns2:type="arc" />
        <ns0:loc ns2:href="../../ferc-core_2020-01-01.xsd#ferc_OrderNumber" ns2:label="ferc_OrderNumber" ns2:type="locator" />
        <ns0:presentationArc order="1" ns2:arcrole="http://www.xbrl.org/2003/arcrole/parent-child" ns2:from="ferc_ResearchDevelopmentOrDemonstrationExpendituresLineItems" ns2:to="ferc_OrderNumber" ns2:type="arc" />
        <ns0:loc ns2:href="../../ferc-core_2020-01-01.xsd#ferc_ResearchDevelopmentAndDemonstrationClassification" ns2:label="ferc_ResearchDevelopmentAndDemonstrationClassification" ns2:type="locator" />
        <ns0:presentationArc order="2" preferredLabel="http://ferc.gov/form/2020-01-01/roles/label/F1ResearchDevelopmentAndDemonstration" ns2:arcrole="http://www.xbrl.org/2003/arcrole/parent-child" ns2:from="ferc_ResearchDevelopmentOrDemonstrationExpendituresLineItems" ns2:to="ferc_ResearchDevelopmentAndDemonstrationClassification" ns2:type="arc" />
        <ns0:loc ns2:href="../../ferc-core_2020-01-01.xsd#ferc_ResearchDevelopmentAndDemonstrationDescription" ns2:label="ferc_ResearchDevelopmentAndDemonstrationDescription" ns2:type="locator" />
        <ns0:presentationArc order="3" preferredLabel="http://ferc.gov/form/2020-01-01/roles/label/F1ResearchDevelopmentAndDemonstration" ns2:arcrole="http://www.xbrl.org/2003/arcrole/parent-child" ns2:from="ferc_ResearchDevelopmentOrDemonstrationExpendituresLineItems" ns2:to="ferc_ResearchDevelopmentAndDemonstrationDescription" ns2:type="arc" />
        <ns0:loc ns2:href="../../ferc-core_2020-01-01.xsd#ferc_ResearchDevelopmentAndDemonstrationCostsIncurredInternally" ns2:label="ferc_ResearchDevelopmentAndDemonstrationCostsIncurredInternally" ns2:type="locator" />
        <ns0:presentationArc order="4" preferredLabel="http://ferc.gov/form/2020-01-01/roles/label/F1ResearchDevelopmentAndDemonstration" ns2:arcrole="http://www.xbrl.org/2003/arcrole/parent-child" ns2:from="ferc_ResearchDevelopmentOrDemonstrationExpendituresLineItems" ns2:to="ferc_ResearchDevelopmentAndDemonstrationCostsIncurredInternally" ns2:type="arc" />
        <ns0:loc ns2:href="../../ferc-core_2020-01-01.xsd#ferc_ResearchDevelopmentAndDemonstrationCostsIncurredExternally" ns2:label="ferc_ResearchDevelopmentAndDemonstrationCostsIncurredExternally" ns2:type="locator" />
        <ns0:presentationArc order="5" preferredLabel="http://ferc.gov/form/2020-01-01/roles/label/F1ResearchDevelopmentAndDemonstration" ns2:arcrole="http://www.xbrl.org/2003/arcrole/parent-child" ns2:from="ferc_ResearchDevelopmentOrDemonstrationExpendituresLineItems" ns2:to="ferc_ResearchDevelopmentAndDemonstrationCostsIncurredExternally" ns2:type="arc" />
        <ns0:loc ns2:href="../../ferc-core_2020-01-01.xsd#ferc_AccountNumberForResearchDevelopmentAndDemonstrationCosts" ns2:label="ferc_AccountNumberForResearchDevelopmentAndDemonstrationCosts" ns2:type="locator" />
        <ns0:presentationArc order="6" preferredLabel="http://ferc.gov/form/2020-01-01/roles/label/F1ResearchDevelopmentAndDemonstration" ns2:arcrole="http://www.xbrl.org/2003/arcrole/parent-child" ns2:from="ferc_ResearchDevelopmentOrDemonstrationExpendituresLineItems" ns2:to="ferc_AccountNumberForResearchDevelopmentAndDemonstrationCosts" ns2:type="arc" />
        <ns0:loc ns2:href="../../ferc-core_2020-01-01.xsd#ferc_ResearchDevelopmentAndDemonstrationCosts" ns2:label="ferc_ResearchDevelopmentAndDemonstrationCosts" ns2:type="locator" />
        <ns0:presentationArc order="7" preferredLabel="http://ferc.gov/form/2020-01-01/roles/label/F1ResearchDevelopmentAndDemonstration" ns2:arcrole="http://www.xbrl.org/2003/arcrole/parent-child" ns2:from="ferc_ResearchDevelopmentOrDemonstrationExpendituresLineItems" ns2:to="ferc_ResearchDevelopmentAndDemonstrationCosts" ns2:type="arc" />
        <ns0:loc ns2:href="../../ferc-core_2020-01-01.xsd#ferc_ResearchDevelopmentAndDemonstrationExpenditures" ns2:label="ferc_ResearchDevelopmentAndDemonstrationExpenditures" ns2:type="locator" />
        <ns0:presentationArc order="8" preferredLabel="http://ferc.gov/form/2020-01-01/roles/label/F1ResearchDevelopmentAndDemonstration" ns2:arcrole="http://www.xbrl.org/2003/arcrole/parent-child" ns2:from="ferc_ResearchDevelopmentOrDemonstrationExpendituresLineItems" ns2:to="ferc_ResearchDevelopmentAndDemonstrationExpenditures" ns2:type="arc" />
    </ns0:presentationLink>
</ns0:linkbase>