<ns0:linkbase xmlns:ns0="http://www.xbrl.org/2003/linkbase" xmlns:ns2="http://www.w3.org/1999/xlink" xmlns:xsi="http://www.w3.org/2001/XMLSchema-instance" xsi:schemaLocation="http://www.xbrl.org/2003/linkbase http://www.xbrl.org/2003/xbrl-linkbase-2003-12-31.xsd">
    <ns0:roleRef roleURI="http://ferc.gov/form/2020-01-01/roles/Schedule/F1/ScheduleMonthlyTransmissionSystemPeakLoad" ns2:href="form-1-sched-ScheduleMonthlyTransmissionSystemPeakLoad_2020-01-01.xsd#roleType_ScheduleMonthlyTransmissionSystemPeakLoad" ns2:type="simple" />
    <ns0:roleRef roleURI="http://ferc.gov/form/2020-01-01/roles/label/F1Total" ns2:href="../../ferc-core-lab-roles_2020-01-01.xsd#F1Total" ns2:type="simple" />
    <ns0:roleRef roleURI="http://ferc.gov/form/2020-01-01/roles/label/F1MonthlyTransmissionPeakLoad" ns2:href="../../ferc-core-lab-roles_2020-01-01.xsd#F1MonthlyTransmissionPeakLoad" ns2:type="simple" />
    <ns0:presentationLink ns2:role="http://ferc.gov/form/2020-01-01/roles/Schedule/F1/ScheduleMonthlyTransmissionSystemPeakLoad" ns2:type="extended">
        <ns0:loc ns2:href="../../ferc-core_2020-01-01.xsd#ferc_ScheduleMonthlyTransmissionSystemPeakLoadAbstract" ns2:label="ferc_ScheduleMonthlyTransmissionSystemPeakLoadAbstract" ns2:type="locator" />
        <ns0:loc ns2:href="../../ferc-core_2020-01-01.xsd#ferc_MonthlyTransmissionSystemPeakLoadTable" ns2:label="ferc_MonthlyTransmissionSystemPeakLoadTable" ns2:type="locator" />
        <ns0:presentationArc order="1" ns2:arcrole="http://www.xbrl.org/2003/arcrole/parent-child" ns2:from="ferc_ScheduleMonthlyTransmissionSystemPeakLoadAbstract" ns2:to="ferc_MonthlyTransmissionSystemPeakLoadTable" ns2:type="arc" />
        <ns0:loc ns2:href="../../ferc-core_2020-01-01.xsd#ferc_NameOfTransmissionSystemAxis" ns2:label="ferc_NameOfTransmissionSystemAxis" ns2:type="locator" />
        <ns0:presentationArc order="1" ns2:arcrole="http://www.xbrl.org/2003/arcrole/parent-child" ns2:from="ferc_MonthlyTransmissionSystemPeakLoadTable" ns2:to="ferc_NameOfTransmissionSystemAxis" ns2:type="arc" />
        <ns0:loc ns2:href="../../ferc-core_2020-01-01.xsd#ferc_MonthAxis" ns2:label="ferc_MonthAxis" ns2:type="locator" />
        <ns0:presentationArc order="2" ns2:arcrole="http://www.xbrl.org/2003/arcrole/parent-child" ns2:from="ferc_MonthlyTransmissionSystemPeakLoadTable" ns2:to="ferc_MonthAxis" ns2:type="arc" />
        <ns0:loc ns2:href="../../ferc-core_2020-01-01.xsd#ferc_MonthDomain" ns2:label="ferc_MonthDomain" ns2:type="locator" />
        <ns0:presentationArc order="1" preferredLabel="http://ferc.gov/form/2020-01-01/roles/label/F1Total" ns2:arcrole="http://www.xbrl.org/2003/arcrole/parent-child" ns2:from="ferc_MonthAxis" ns2:to="ferc_MonthDomain" ns2:type="arc" />
        <ns0:loc ns2:href="../../ferc-core_2020-01-01.xsd#ferc_Quarter1Member" ns2:label="ferc_Quarter1Member" ns2:type="locator" />
        <ns0:presentationArc order="1" preferredLabel="http://ferc.gov/form/2020-01-01/roles/label/F1Total" ns2:arcrole="http://www.xbrl.org/2003/arcrole/parent-child" ns2:from="ferc_MonthDomain" ns2:to="ferc_Quarter1Member" ns2:type="arc" />
        <ns0:loc ns2:href="../../ferc-core_2020-01-01.xsd#ferc_JanuaryMember" ns2:label="ferc_JanuaryMember" ns2:type="locator" />
        <ns0:presentationArc order="1" preferredLabel="http://ferc.gov/form/2020-01-01/roles/label/F1MonthlyTransmissionPeakLoad" ns2:arcrole="http://www.xbrl.org/2003/arcrole/parent-child" ns2:from="ferc_Quarter1Member" ns2:to="ferc_JanuaryMember" ns2:type="arc" />
        <ns0:loc ns2:href="../../ferc-core_2020-01-01.xsd#ferc_FebruaryMember" ns2:label="ferc_FebruaryMember" ns2:type="locator" />
        <ns0:presentationArc order="2" preferredLabel="http://ferc.gov/form/2020-01-01/roles/label/F1MonthlyTransmissionPeakLoad" ns2:arcrole="http://www.xbrl.org/2003/arcrole/parent-child" ns2:from="ferc_Quarter1Member" ns2:to="ferc_FebruaryMember" ns2:type="arc" />
        <ns0:loc ns2:href="../../ferc-core_2020-01-01.xsd#ferc_MarchMember" ns2:label="ferc_MarchMember" ns2:type="locator" />
        <ns0:presentationArc order="3" preferredLabel="http://ferc.gov/form/2020-01-01/roles/label/F1MonthlyTransmissionPeakLoad" ns2:arcrole="http://www.xbrl.org/2003/arcrole/parent-child" ns2:from="ferc_Quarter1Member" ns2:to="ferc_MarchMember" ns2:type="arc" />
        <ns0:loc ns2:href="../../ferc-core_2020-01-01.xsd#ferc_Quarter2Member" ns2:label="ferc_Quarter2Member" ns2:type="locator" />
        <ns0:presentationArc order="2" preferredLabel="http://ferc.gov/form/2020-01-01/roles/label/F1Total" ns2:arcrole="http://www.xbrl.org/2003/arcrole/parent-child" ns2:from="ferc_MonthDomain" ns2:to="ferc_Quarter2Member" ns2:type="arc" />
        <ns0:loc ns2:href="../../ferc-core_2020-01-01.xsd#ferc_AprilMember" ns2:label="ferc_AprilMember" ns2:type="locator" />
        <ns0:presentationArc order="1" preferredLabel="http://ferc.gov/form/2020-01-01/roles/label/F1MonthlyTransmissionPeakLoad" ns2:arcrole="http://www.xbrl.org/2003/arcrole/parent-child" ns2:from="ferc_Quarter2Member" ns2:to="ferc_AprilMember" ns2:type="arc" />
        <ns0:loc ns2:href="../../ferc-core_2020-01-01.xsd#ferc_MayMember" ns2:label="ferc_MayMember" ns2:type="locator" />
        <ns0:presentationArc order="2" preferredLabel="http://ferc.gov/form/2020-01-01/roles/label/F1MonthlyTransmissionPeakLoad" ns2:arcrole="http://www.xbrl.org/2003/arcrole/parent-child" ns2:from="ferc_Quarter2Member" ns2:to="ferc_MayMember" ns2:type="arc" />
        <ns0:loc ns2:href="../../ferc-core_2020-01-01.xsd#ferc_JuneMember" ns2:label="ferc_JuneMember" ns2:type="locator" />
        <ns0:presentationArc order="3" preferredLabel="http://ferc.gov/form/2020-01-01/roles/label/F1MonthlyTransmissionPeakLoad" ns2:arcrole="http://www.xbrl.org/2003/arcrole/parent-child" ns2:from="ferc_Quarter2Member" ns2:to="ferc_JuneMember" ns2:type="arc" />
        <ns0:loc ns2:href="../../ferc-core_2020-01-01.xsd#ferc_Quarter3Member" ns2:label="ferc_Quarter3Member" ns2:type="locator" />
        <ns0:presentationArc order="3" preferredLabel="http://ferc.gov/form/2020-01-01/roles/label/F1Total" ns2:arcrole="http://www.xbrl.org/2003/arcrole/parent-child" ns2:from="ferc_MonthDomain" ns2:to="ferc_Quarter3Member" ns2:type="arc" />
        <ns0:loc ns2:href="../../ferc-core_2020-01-01.xsd#ferc_JulyMember" ns2:label="ferc_JulyMember" ns2:type="locator" />
        <ns0:presentationArc order="1" preferredLabel="http://ferc.gov/form/2020-01-01/roles/label/F1MonthlyTransmissionPeakLoad" ns2:arcrole="http://www.xbrl.org/2003/arcrole/parent-child" ns2:from="ferc_Quarter3Member" ns2:to="ferc_JulyMember" ns2:type="arc" />
        <ns0:loc ns2:href="../../ferc-core_2020-01-01.xsd#ferc_AugustMember" ns2:label="ferc_AugustMember" ns2:type="locator" />
        <ns0:presentationArc order="2" preferredLabel="http://ferc.gov/form/2020-01-01/roles/label/F1MonthlyTransmissionPeakLoad" ns2:arcrole="http://www.xbrl.org/2003/arcrole/parent-child" ns2:from="ferc_Quarter3Member" ns2:to="ferc_AugustMember" ns2:type="arc" />
        <ns0:loc ns2:href="../../ferc-core_2020-01-01.xsd#ferc_SeptemberMember" ns2:label="ferc_SeptemberMember" ns2:type="locator" />
        <ns0:presentationArc order="3" preferredLabel="http://ferc.gov/form/2020-01-01/roles/label/F1MonthlyTransmissionPeakLoad" ns2:arcrole="http://www.xbrl.org/2003/arcrole/parent-child" ns2:from="ferc_Quarter3Member" ns2:to="ferc_SeptemberMember" ns2:type="arc" />
        <ns0:loc ns2:href="../../ferc-core_2020-01-01.xsd#ferc_Quarter4Member" ns2:label="ferc_Quarter4Member" ns2:type="locator" />
        <ns0:presentationArc order="4" preferredLabel="http://ferc.gov/form/2020-01-01/roles/label/F1Total" ns2:arcrole="http://www.xbrl.org/2003/arcrole/parent-child" ns2:from="ferc_MonthDomain" ns2:to="ferc_Quarter4Member" ns2:type="arc" />
        <ns0:loc ns2:href="../../ferc-core_2020-01-01.xsd#ferc_OctoberMember" ns2:label="ferc_OctoberMember" ns2:type="locator" />
        <ns0:presentationArc order="1" preferredLabel="http://ferc.gov/form/2020-01-01/roles/label/F1MonthlyTransmissionPeakLoad" ns2:arcrole="http://www.xbrl.org/2003/arcrole/parent-child" ns2:from="ferc_Quarter4Member" ns2:to="ferc_OctoberMember" ns2:type="arc" />
        <ns0:loc ns2:href="../../ferc-core_2020-01-01.xsd#ferc_NovemberMember" ns2:label="ferc_NovemberMember" ns2:type="locator" />
        <ns0:presentationArc order="2" preferredLabel="http://ferc.gov/form/2020-01-01/roles/label/F1MonthlyTransmissionPeakLoad" ns2:arcrole="http://www.xbrl.org/2003/arcrole/parent-child" ns2:from="ferc_Quarter4Member" ns2:to="ferc_NovemberMember" ns2:type="arc" />
        <ns0:loc ns2:href="../../ferc-core_2020-01-01.xsd#ferc_DecemberMember" ns2:label="ferc_DecemberMember" ns2:type="locator" />
        <ns0:presentationArc order="3" preferredLabel="http://ferc.gov/form/2020-01-01/roles/label/F1MonthlyTransmissionPeakLoad" ns2:arcrole="http://www.xbrl.org/2003/arcrole/parent-child" ns2:from="ferc_Quarter4Member" ns2:to="ferc_DecemberMember" ns2:type="arc" />
        <ns0:loc ns2:href="../../ferc-core_2020-01-01.xsd#ferc_MonthlyTransmissionSystemPeakLoadLineItems" ns2:label="ferc_MonthlyTransmissionSystemPeakLoadLineItems" ns2:type="locator" />
        <ns0:presentationArc order="3" ns2:arcrole="http://www.xbrl.org/2003/arcrole/parent-child" ns2:from="ferc_MonthlyTransmissionSystemPeakLoadTable" ns2:to="ferc_MonthlyTransmissionSystemPeakLoadLineItems" ns2:type="arc" />
        <ns0:loc ns2:href="../../ferc-core_2020-01-01.xsd#ferc_OrderNumber" ns2:label="ferc_OrderNumber" ns2:type="locator" />
        <ns0:presentationArc order="1" preferredLabel="http://ferc.gov/form/2020-01-01/roles/label/F1MonthlyTransmissionPeakLoad" ns2:arcrole="http://www.xbrl.org/2003/arcrole/parent-child" ns2:from="ferc_MonthlyTransmissionSystemPeakLoadLineItems" ns2:to="ferc_OrderNumber" ns2:type="arc" />
        <ns0:loc ns2:href="../../ferc-core_2020-01-01.xsd#ferc_NameOfSystem" ns2:label="ferc_NameOfSystem" ns2:type="locator" />
        <ns0:presentationArc order="2" preferredLabel="http://ferc.gov/form/2020-01-01/roles/label/F1MonthlyTransmissionPeakLoad" ns2:arcrole="http://www.xbrl.org/2003/arcrole/parent-child" ns2:from="ferc_MonthlyTransmissionSystemPeakLoadLineItems" ns2:to="ferc_NameOfSystem" ns2:type="arc" />
        <ns0:loc ns2:href="../../ferc-core_2020-01-01.xsd#ferc_MonthlyPeakLoadExcludingIsoAndRto" ns2:label="ferc_MonthlyPeakLoadExcludingIsoAndRto" ns2:type="locator" />
        <ns0:presentationArc order="3" preferredLabel="http://ferc.gov/form/2020-01-01/roles/label/F1MonthlyTransmissionPeakLoad" ns2:arcrole="http://www.xbrl.org/2003/arcrole/parent-child" ns2:from="ferc_MonthlyTransmissionSystemPeakLoadLineItems" ns2:to="ferc_MonthlyPeakLoadExcludingIsoAndRto" ns2:type="arc" />
        <ns0:loc ns2:href="../../ferc-core_2020-01-01.xsd#ferc_DayOfMonthlyPeakExcludingIsoAndRto" ns2:label="ferc_DayOfMonthlyPeakExcludingIsoAndRto" ns2:type="locator" />
        <ns0:presentationArc order="4" preferredLabel="http://ferc.gov/form/2020-01-01/roles/label/F1MonthlyTransmissionPeakLoad" ns2:arcrole="http://www.xbrl.org/2003/arcrole/parent-child" ns2:from="ferc_MonthlyTransmissionSystemPeakLoadLineItems" ns2:to="ferc_DayOfMonthlyPeakExcludingIsoAndRto" ns2:type="arc" />
        <ns0:loc ns2:href="../../ferc-core_2020-01-01.xsd#ferc_HourOfMonthlyPeakExcludingIsoAndRto" ns2:label="ferc_HourOfMonthlyPeakExcludingIsoAndRto" ns2:type="locator" />
        <ns0:presentationArc order="5" preferredLabel="http://ferc.gov/form/2020-01-01/roles/label/F1MonthlyTransmissionPeakLoad" ns2:arcrole="http://www.xbrl.org/2003/arcrole/parent-child" ns2:from="ferc_MonthlyTransmissionSystemPeakLoadLineItems" ns2:to="ferc_HourOfMonthlyPeakExcludingIsoAndRto" ns2:type="arc" />
        <ns0:loc ns2:href="../../ferc-core_2020-01-01.xsd#ferc_FirmNetworkServiceForSelf" ns2:label="ferc_FirmNetworkServiceForSelf" ns2:type="locator" />
        <ns0:presentationArc order="6" preferredLabel="http://ferc.gov/form/2020-01-01/roles/label/F1MonthlyTransmissionPeakLoad" ns2:arcrole="http://www.xbrl.org/2003/arcrole/parent-child" ns2:from="ferc_MonthlyTransmissionSystemPeakLoadLineItems" ns2:to="ferc_FirmNetworkServiceForSelf" ns2:type="arc" />
        <ns0:loc ns2:href="../../ferc-core_2020-01-01.xsd#ferc_FirmNetworkServiceForOther" ns2:label="ferc_FirmNetworkServiceForOther" ns2:type="locator" />
        <ns0:presentationArc order="7" preferredLabel="http://ferc.gov/form/2020-01-01/roles/label/F1MonthlyTransmissionPeakLoad" ns2:arcrole="http://www.xbrl.org/2003/arcrole/parent-child" ns2:from="ferc_MonthlyTransmissionSystemPeakLoadLineItems" ns2:to="ferc_FirmNetworkServiceForOther" ns2:type="arc" />
        <ns0:loc ns2:href="../../ferc-core_2020-01-01.xsd#ferc_LongTermFirmPointToPointReservations" ns2:label="ferc_LongTermFirmPointToPointReservations" ns2:type="locator" />
        <ns0:presentationArc order="8" preferredLabel="http://ferc.gov/form/2020-01-01/roles/label/F1MonthlyTransmissionPeakLoad" ns2:arcrole="http://www.xbrl.org/2003/arcrole/parent-child" ns2:from="ferc_MonthlyTransmissionSystemPeakLoadLineItems" ns2:to="ferc_LongTermFirmPointToPointReservations" ns2:type="arc" />
        <ns0:loc ns2:href="../../ferc-core_2020-01-01.xsd#ferc_OtherLongTermFirmService" ns2:label="ferc_OtherLongTermFirmService" ns2:type="locator" />
        <ns0:presentationArc order="9" preferredLabel="http://ferc.gov/form/2020-01-01/roles/label/F1MonthlyTransmissionPeakLoad" ns2:arcrole="http://www.xbrl.org/2003/arcrole/parent-child" ns2:from="ferc_MonthlyTransmissionSystemPeakLoadLineItems" ns2:to="ferc_OtherLongTermFirmService" ns2:type="arc" />
        <ns0:loc ns2:href="../../ferc-core_2020-01-01.xsd#ferc_ShortTermFirmPointToPointReservations" ns2:label="ferc_ShortTermFirmPointToPointReservations" ns2:type="locator" />
        <ns0:presentationArc order="10" preferredLabel="http://ferc.gov/form/2020-01-01/roles/label/F1MonthlyTransmissionPeakLoad" ns2:arcrole="http://www.xbrl.org/2003/arcrole/parent-child" ns2:from="ferc_MonthlyTransmissionSystemPeakLoadLineItems" ns2:to="ferc_ShortTermFirmPointToPointReservations" ns2:type="arc" />
        <ns0:loc ns2:href="../../ferc-core_2020-01-01.xsd#ferc_OtherService" ns2:label="ferc_OtherService" ns2:type="locator" />
        <ns0:presentationArc order="11" preferredLabel="http://ferc.gov/form/2020-01-01/roles/label/F1MonthlyTransmissionPeakLoad" ns2:arcrole="http://www.xbrl.org/2003/arcrole/parent-child" ns2:from="ferc_MonthlyTransmissionSystemPeakLoadLineItems" ns2:to="ferc_OtherService" ns2:type="arc" />
    </ns0:presentationLink>
</ns0:linkbase>