<ns0:linkbase xmlns:ns0="http://www.xbrl.org/2003/linkbase" xmlns:ns2="http://www.w3.org/1999/xlink" xmlns:xsi="http://www.w3.org/2001/XMLSchema-instance" xsi:schemaLocation="http://www.xbrl.org/2003/linkbase http://www.xbrl.org/2003/xbrl-linkbase-2003-12-31.xsd">
    <ns0:roleRef roleURI="http://ferc.gov/form/2020-01-01/roles/Schedule/F1/ScheduleTaxesAccruedPrepaidAndChargedDuringYear" ns2:href="form-1-sched-TaxesAccruedPrepaidAndChargedDuringYear_2020-01-01.xsd#roleType_ScheduleTaxesAccruedPrepaidAndChargedDuringYear" ns2:type="simple" />
    <ns0:roleRef roleURI="http://ferc.gov/form/2020-01-01/roles/label/F1BeginningBalance" ns2:href="../../ferc-core-lab-roles_2020-01-01.xsd#F1BeginningBalance" ns2:type="simple" />
    <ns0:roleRef roleURI="http://ferc.gov/form/2020-01-01/roles/label/F1TaxesAccrued" ns2:href="../../ferc-core-lab-roles_2020-01-01.xsd#F1TaxesAccrued" ns2:type="simple" />
    <ns0:roleRef roleURI="http://ferc.gov/form/2020-01-01/roles/label/F1EndingBalance" ns2:href="../../ferc-core-lab-roles_2020-01-01.xsd#F1EndingBalance" ns2:type="simple" />
    <ns0:roleRef roleURI="http://ferc.gov/form/2020-01-01/roles/Schedule/F1/ScheduleTaxesAccruedPrepaidAndChargedDuringYearTotals" ns2:href="form-1-sched-TaxesAccruedPrepaidAndChargedDuringYear_2020-01-01.xsd#roleType_ScheduleTaxesAccruedPrepaidAndChargedDuringYearTotals" ns2:type="simple" />
    <ns0:presentationLink ns2:role="http://ferc.gov/form/2020-01-01/roles/Schedule/F1/ScheduleTaxesAccruedPrepaidAndChargedDuringYear" ns2:type="extended">
        <ns0:loc ns2:href="../../ferc-core_2020-01-01.xsd#ferc_ScheduleTaxesAccruedPrepaidAndChargedDuringYearDistributionOfTaxesChargedAbstract" ns2:label="ferc_ScheduleTaxesAccruedPrepaidAndChargedDuringYearDistributionOfTaxesChargedAbstract" ns2:type="locator" />
        <ns0:loc ns2:href="../../ferc-core_2020-01-01.xsd#ferc_TaxesAccruedPrepaidAndChargedTable" ns2:label="ferc_TaxesAccruedPrepaidAndChargedTable" ns2:type="locator" />
        <ns0:presentationArc order="1" ns2:arcrole="http://www.xbrl.org/2003/arcrole/parent-child" ns2:from="ferc_ScheduleTaxesAccruedPrepaidAndChargedDuringYearDistributionOfTaxesChargedAbstract" ns2:to="ferc_TaxesAccruedPrepaidAndChargedTable" ns2:type="arc" />
        <ns0:loc ns2:href="../../ferc-core_2020-01-01.xsd#ferc_TaxesAccruedPrepaidAndChargedAxis" ns2:label="ferc_TaxesAccruedPrepaidAndChargedAxis" ns2:type="locator" />
        <ns0:presentationArc order="1" ns2:arcrole="http://www.xbrl.org/2003/arcrole/parent-child" ns2:from="ferc_TaxesAccruedPrepaidAndChargedTable" ns2:to="ferc_TaxesAccruedPrepaidAndChargedAxis" ns2:type="arc" />
        <ns0:loc ns2:href="../../ferc-core_2020-01-01.xsd#ferc_UtilityTypeAxis" ns2:label="ferc_UtilityTypeAxis" ns2:type="locator" />
        <ns0:presentationArc order="2" ns2:arcrole="http://www.xbrl.org/2003/arcrole/parent-child" ns2:from="ferc_TaxesAccruedPrepaidAndChargedTable" ns2:to="ferc_UtilityTypeAxis" ns2:type="arc" />
        <ns0:loc ns2:href="../../ferc-core_2020-01-01.xsd#ferc_UtilityTypeDomain" ns2:label="ferc_UtilityTypeDomain" ns2:type="locator" />
        <ns0:presentationArc order="1" ns2:arcrole="http://www.xbrl.org/2003/arcrole/parent-child" ns2:from="ferc_UtilityTypeAxis" ns2:to="ferc_UtilityTypeDomain" ns2:type="arc" />
        <ns0:loc ns2:href="../../ferc-core_2020-01-01.xsd#ferc_ElectricUtilityMember" ns2:label="ferc_ElectricUtilityMember" ns2:type="locator" />
        <ns0:presentationArc order="1" ns2:arcrole="http://www.xbrl.org/2003/arcrole/parent-child" ns2:from="ferc_UtilityTypeDomain" ns2:to="ferc_ElectricUtilityMember" ns2:type="arc" />
        <ns0:loc ns2:href="../../ferc-core_2020-01-01.xsd#ferc_GasUtilityMember" ns2:label="ferc_GasUtilityMember" ns2:type="locator" />
        <ns0:presentationArc order="2" ns2:arcrole="http://www.xbrl.org/2003/arcrole/parent-child" ns2:from="ferc_UtilityTypeDomain" ns2:to="ferc_GasUtilityMember" ns2:type="arc" />
        <ns0:loc ns2:href="../../ferc-core_2020-01-01.xsd#ferc_OtherUtilityMember" ns2:label="ferc_OtherUtilityMember" ns2:type="locator" />
        <ns0:presentationArc order="3" ns2:arcrole="http://www.xbrl.org/2003/arcrole/parent-child" ns2:from="ferc_UtilityTypeDomain" ns2:to="ferc_OtherUtilityMember" ns2:type="arc" />
        <ns0:loc ns2:href="../../ferc-core_2020-01-01.xsd#ferc_NonUtilityMember" ns2:label="ferc_NonUtilityMember" ns2:type="locator" />
        <ns0:presentationArc order="4" ns2:arcrole="http://www.xbrl.org/2003/arcrole/parent-child" ns2:from="ferc_UtilityTypeDomain" ns2:to="ferc_NonUtilityMember" ns2:type="arc" />
        <ns0:loc ns2:href="../../ferc-core_2020-01-01.xsd#ferc_TaxesAccruedPrepaidAndChargedLineItems" ns2:label="ferc_TaxesAccruedPrepaidAndChargedLineItems" ns2:type="locator" />
        <ns0:presentationArc order="3" ns2:arcrole="http://www.xbrl.org/2003/arcrole/parent-child" ns2:from="ferc_TaxesAccruedPrepaidAndChargedTable" ns2:to="ferc_TaxesAccruedPrepaidAndChargedLineItems" ns2:type="arc" />
        <ns0:loc ns2:href="../../ferc-core_2020-01-01.xsd#ferc_OrderNumber" ns2:label="ferc_OrderNumber" ns2:type="locator" />
        <ns0:presentationArc order="1" ns2:arcrole="http://www.xbrl.org/2003/arcrole/parent-child" ns2:from="ferc_TaxesAccruedPrepaidAndChargedLineItems" ns2:to="ferc_OrderNumber" ns2:type="arc" />
        <ns0:loc ns2:href="../../ferc-core_2020-01-01.xsd#ferc_DescriptionOfTaxesAccruedPrepaidAndCharged" ns2:label="ferc_DescriptionOfTaxesAccruedPrepaidAndCharged" ns2:type="locator" />
        <ns0:presentationArc order="2" preferredLabel="http://ferc.gov/form/2020-01-01/roles/label/F1TaxesAccrued" ns2:arcrole="http://www.xbrl.org/2003/arcrole/parent-child" ns2:from="ferc_TaxesAccruedPrepaidAndChargedLineItems" ns2:to="ferc_DescriptionOfTaxesAccruedPrepaidAndCharged" ns2:type="arc" />
        <ns0:loc ns2:href="../../ferc-core_2020-01-01.xsd#ferc_TypeOfTax" ns2:label="ferc_TypeOfTax" ns2:type="locator" />
        <ns0:presentationArc order="3" preferredLabel="http://ferc.gov/form/2020-01-01/roles/label/F1TaxesAccrued" ns2:arcrole="http://www.xbrl.org/2003/arcrole/parent-child" ns2:from="ferc_TaxesAccruedPrepaidAndChargedLineItems" ns2:to="ferc_TypeOfTax" ns2:type="arc" />
        <ns0:loc ns2:href="../../ferc-core_2020-01-01.xsd#ferc_TaxJurisdiction" ns2:label="ferc_TaxJurisdiction" ns2:type="locator" />
        <ns0:presentationArc order="4" preferredLabel="http://ferc.gov/form/2020-01-01/roles/label/F1TaxesAccrued" ns2:arcrole="http://www.xbrl.org/2003/arcrole/parent-child" ns2:from="ferc_TaxesAccruedPrepaidAndChargedLineItems" ns2:to="ferc_TaxJurisdiction" ns2:type="arc" />
        <ns0:loc ns2:href="../../ferc-core_2020-01-01.xsd#ferc_TaxYear" ns2:label="ferc_TaxYear" ns2:type="locator" />
        <ns0:presentationArc order="5" preferredLabel="http://ferc.gov/form/2020-01-01/roles/label/F1TaxesAccrued" ns2:arcrole="http://www.xbrl.org/2003/arcrole/parent-child" ns2:from="ferc_TaxesAccruedPrepaidAndChargedLineItems" ns2:to="ferc_TaxYear" ns2:type="arc" />
        <ns0:loc ns2:href="../../ferc-core_2020-01-01.xsd#ferc_TaxesAccrued" ns2:label="ferc_TaxesAccrued" ns2:type="locator" />
        <ns0:presentationArc order="6" preferredLabel="http://ferc.gov/form/2020-01-01/roles/label/F1BeginningBalance" ns2:arcrole="http://www.xbrl.org/2003/arcrole/parent-child" ns2:from="ferc_TaxesAccruedPrepaidAndChargedLineItems" ns2:to="ferc_TaxesAccrued" ns2:type="arc" />
        <ns0:loc ns2:href="../../ferc-core_2020-01-01.xsd#ferc_PrepaidTaxes" ns2:label="ferc_PrepaidTaxes" ns2:type="locator" />
        <ns0:presentationArc order="7" preferredLabel="http://ferc.gov/form/2020-01-01/roles/label/F1BeginningBalance" ns2:arcrole="http://www.xbrl.org/2003/arcrole/parent-child" ns2:from="ferc_TaxesAccruedPrepaidAndChargedLineItems" ns2:to="ferc_PrepaidTaxes" ns2:type="arc" />
        <ns0:loc ns2:href="../../ferc-core_2020-01-01.xsd#ferc_TaxesCharged" ns2:label="ferc_TaxesCharged" ns2:type="locator" />
        <ns0:presentationArc order="8" preferredLabel="http://ferc.gov/form/2020-01-01/roles/label/F1TaxesAccrued" ns2:arcrole="http://www.xbrl.org/2003/arcrole/parent-child" ns2:from="ferc_TaxesAccruedPrepaidAndChargedLineItems" ns2:to="ferc_TaxesCharged" ns2:type="arc" />
        <ns0:loc ns2:href="../../ferc-core_2020-01-01.xsd#ferc_TaxesPaid" ns2:label="ferc_TaxesPaid" ns2:type="locator" />
        <ns0:presentationArc order="9" preferredLabel="http://ferc.gov/form/2020-01-01/roles/label/F1TaxesAccrued" ns2:arcrole="http://www.xbrl.org/2003/arcrole/parent-child" ns2:from="ferc_TaxesAccruedPrepaidAndChargedLineItems" ns2:to="ferc_TaxesPaid" ns2:type="arc" />
        <ns0:loc ns2:href="../../ferc-core_2020-01-01.xsd#ferc_TaxAdjustments" ns2:label="ferc_TaxAdjustments" ns2:type="locator" />
        <ns0:presentationArc order="10" preferredLabel="http://ferc.gov/form/2020-01-01/roles/label/F1TaxesAccrued" ns2:arcrole="http://www.xbrl.org/2003/arcrole/parent-child" ns2:from="ferc_TaxesAccruedPrepaidAndChargedLineItems" ns2:to="ferc_TaxAdjustments" ns2:type="arc" />
        <ns0:loc ns2:href="../../ferc-core_2020-01-01.xsd#ferc_TaxesAccrued" ns2:label="ferc_TaxesAccrued_1" ns2:type="locator" />
        <ns0:presentationArc order="11" preferredLabel="http://ferc.gov/form/2020-01-01/roles/label/F1EndingBalance" ns2:arcrole="http://www.xbrl.org/2003/arcrole/parent-child" ns2:from="ferc_TaxesAccruedPrepaidAndChargedLineItems" ns2:to="ferc_TaxesAccrued_1" ns2:type="arc" />
        <ns0:loc ns2:href="../../ferc-core_2020-01-01.xsd#ferc_PrepaidTaxes" ns2:label="ferc_PrepaidTaxes_1" ns2:type="locator" />
        <ns0:presentationArc order="12" preferredLabel="http://ferc.gov/form/2020-01-01/roles/label/F1EndingBalance" ns2:arcrole="http://www.xbrl.org/2003/arcrole/parent-child" ns2:from="ferc_TaxesAccruedPrepaidAndChargedLineItems" ns2:to="ferc_PrepaidTaxes_1" ns2:type="arc" />
        <ns0:loc ns2:href="../../ferc-core_2020-01-01.xsd#ferc_TaxesAccruedPrepaidAndCharged" ns2:label="ferc_TaxesAccruedPrepaidAndCharged" ns2:type="locator" />
        <ns0:presentationArc order="13" ns2:arcrole="http://www.xbrl.org/2003/arcrole/parent-child" ns2:from="ferc_TaxesAccruedPrepaidAndChargedLineItems" ns2:to="ferc_TaxesAccruedPrepaidAndCharged" ns2:type="arc" />
        <ns0:loc ns2:href="../../ferc-core_2020-01-01.xsd#ferc_IncomeTaxesExtraordinaryItems" ns2:label="ferc_IncomeTaxesExtraordinaryItems" ns2:type="locator" />
        <ns0:presentationArc order="14" preferredLabel="http://ferc.gov/form/2020-01-01/roles/label/F1TaxesAccrued" ns2:arcrole="http://www.xbrl.org/2003/arcrole/parent-child" ns2:from="ferc_TaxesAccruedPrepaidAndChargedLineItems" ns2:to="ferc_IncomeTaxesExtraordinaryItems" ns2:type="arc" />
        <ns0:loc ns2:href="../../ferc-core_2020-01-01.xsd#ferc_AdjustmentsToRetainedEarnings" ns2:label="ferc_AdjustmentsToRetainedEarnings" ns2:type="locator" />
        <ns0:presentationArc order="15" preferredLabel="http://ferc.gov/form/2020-01-01/roles/label/F1TaxesAccrued" ns2:arcrole="http://www.xbrl.org/2003/arcrole/parent-child" ns2:from="ferc_TaxesAccruedPrepaidAndChargedLineItems" ns2:to="ferc_AdjustmentsToRetainedEarnings" ns2:type="arc" />
        <ns0:loc ns2:href="../../ferc-core_2020-01-01.xsd#ferc_TaxesIncurredOther" ns2:label="ferc_TaxesIncurredOther" ns2:type="locator" />
        <ns0:presentationArc order="16" preferredLabel="http://ferc.gov/form/2020-01-01/roles/label/F1TaxesAccrued" ns2:arcrole="http://www.xbrl.org/2003/arcrole/parent-child" ns2:from="ferc_TaxesAccruedPrepaidAndChargedLineItems" ns2:to="ferc_TaxesIncurredOther" ns2:type="arc" />
    </ns0:presentationLink>
    <ns0:presentationLink ns2:role="http://ferc.gov/form/2020-01-01/roles/Schedule/F1/ScheduleTaxesAccruedPrepaidAndChargedDuringYearTotals" ns2:type="extended">
        <ns0:loc ns2:href="../../ferc-core_2020-01-01.xsd#ferc_ScheduleTaxesAccruedPrepaidAndChargedDuringYearDistributionOfTaxesChargedAbstract" ns2:label="ferc_ScheduleTaxesAccruedPrepaidAndChargedDuringYearDistributionOfTaxesChargedAbstract" ns2:type="locator" />
        <ns0:loc ns2:href="../../ferc-core_2020-01-01.xsd#ferc_TaxesAccruedPrepaidAndChargedTable" ns2:label="ferc_TaxesAccruedPrepaidAndChargedTable" ns2:type="locator" />
        <ns0:presentationArc order="1" ns2:arcrole="http://www.xbrl.org/2003/arcrole/parent-child" ns2:from="ferc_ScheduleTaxesAccruedPrepaidAndChargedDuringYearDistributionOfTaxesChargedAbstract" ns2:to="ferc_TaxesAccruedPrepaidAndChargedTable" ns2:type="arc" />
        <ns0:loc ns2:href="../../ferc-core_2020-01-01.xsd#ferc_UtilityTypeAxis" ns2:label="ferc_UtilityTypeAxis" ns2:type="locator" />
        <ns0:presentationArc order="1" ns2:arcrole="http://www.xbrl.org/2003/arcrole/parent-child" ns2:from="ferc_TaxesAccruedPrepaidAndChargedTable" ns2:to="ferc_UtilityTypeAxis" ns2:type="arc" />
        <ns0:loc ns2:href="../../ferc-core_2020-01-01.xsd#ferc_UtilityTypeDomain" ns2:label="ferc_UtilityTypeDomain" ns2:type="locator" />
        <ns0:presentationArc order="1" ns2:arcrole="http://www.xbrl.org/2003/arcrole/parent-child" ns2:from="ferc_UtilityTypeAxis" ns2:to="ferc_UtilityTypeDomain" ns2:type="arc" />
        <ns0:loc ns2:href="../../ferc-core_2020-01-01.xsd#ferc_ElectricUtilityMember" ns2:label="ferc_ElectricUtilityMember" ns2:type="locator" />
        <ns0:presentationArc order="1" ns2:arcrole="http://www.xbrl.org/2003/arcrole/parent-child" ns2:from="ferc_UtilityTypeDomain" ns2:to="ferc_ElectricUtilityMember" ns2:type="arc" />
        <ns0:loc ns2:href="../../ferc-core_2020-01-01.xsd#ferc_GasUtilityMember" ns2:label="ferc_GasUtilityMember" ns2:type="locator" />
        <ns0:presentationArc order="2" ns2:arcrole="http://www.xbrl.org/2003/arcrole/parent-child" ns2:from="ferc_UtilityTypeDomain" ns2:to="ferc_GasUtilityMember" ns2:type="arc" />
        <ns0:loc ns2:href="../../ferc-core_2020-01-01.xsd#ferc_OtherUtilityMember" ns2:label="ferc_OtherUtilityMember" ns2:type="locator" />
        <ns0:presentationArc order="3" ns2:arcrole="http://www.xbrl.org/2003/arcrole/parent-child" ns2:from="ferc_UtilityTypeDomain" ns2:to="ferc_OtherUtilityMember" ns2:type="arc" />
        <ns0:loc ns2:href="../../ferc-core_2020-01-01.xsd#ferc_NonUtilityMember" ns2:label="ferc_NonUtilityMember" ns2:type="locator" />
        <ns0:presentationArc order="4" ns2:arcrole="http://www.xbrl.org/2003/arcrole/parent-child" ns2:from="ferc_UtilityTypeDomain" ns2:to="ferc_NonUtilityMember" ns2:type="arc" />
        <ns0:loc ns2:href="../../ferc-core_2020-01-01.xsd#ferc_KindOfTaxAxis" ns2:label="ferc_KindOfTaxAxis" ns2:type="locator" />
        <ns0:presentationArc order="2" ns2:arcrole="http://www.xbrl.org/2003/arcrole/parent-child" ns2:from="ferc_TaxesAccruedPrepaidAndChargedTable" ns2:to="ferc_KindOfTaxAxis" ns2:type="arc" />
        <ns0:loc ns2:href="../../ferc-core_2020-01-01.xsd#ferc_KindOfTaxDomain" ns2:label="ferc_KindOfTaxDomain" ns2:type="locator" />
        <ns0:presentationArc order="1" ns2:arcrole="http://www.xbrl.org/2003/arcrole/parent-child" ns2:from="ferc_KindOfTaxAxis" ns2:to="ferc_KindOfTaxDomain" ns2:type="arc" />
        <ns0:loc ns2:href="../../ferc-core_2020-01-01.xsd#ferc_FederalTaxMember" ns2:label="ferc_FederalTaxMember" ns2:type="locator" />
        <ns0:presentationArc order="1" ns2:arcrole="http://www.xbrl.org/2003/arcrole/parent-child" ns2:from="ferc_KindOfTaxDomain" ns2:to="ferc_FederalTaxMember" ns2:type="arc" />
        <ns0:loc ns2:href="../../ferc-core_2020-01-01.xsd#ferc_StateTaxMember" ns2:label="ferc_StateTaxMember" ns2:type="locator" />
        <ns0:presentationArc order="2" ns2:arcrole="http://www.xbrl.org/2003/arcrole/parent-child" ns2:from="ferc_KindOfTaxDomain" ns2:to="ferc_StateTaxMember" ns2:type="arc" />
        <ns0:loc ns2:href="../../ferc-core_2020-01-01.xsd#ferc_LocalTaxMember" ns2:label="ferc_LocalTaxMember" ns2:type="locator" />
        <ns0:presentationArc order="3" ns2:arcrole="http://www.xbrl.org/2003/arcrole/parent-child" ns2:from="ferc_KindOfTaxDomain" ns2:to="ferc_LocalTaxMember" ns2:type="arc" />
        <ns0:loc ns2:href="../../ferc-core_2020-01-01.xsd#ferc_OtherTaxMember" ns2:label="ferc_OtherTaxMember" ns2:type="locator" />
        <ns0:presentationArc order="4" ns2:arcrole="http://www.xbrl.org/2003/arcrole/parent-child" ns2:from="ferc_KindOfTaxDomain" ns2:to="ferc_OtherTaxMember" ns2:type="arc" />
        <ns0:loc ns2:href="../../ferc-core_2020-01-01.xsd#ferc_PropertyTaxMember" ns2:label="ferc_PropertyTaxMember" ns2:type="locator" />
        <ns0:presentationArc order="5" ns2:arcrole="http://www.xbrl.org/2003/arcrole/parent-child" ns2:from="ferc_KindOfTaxDomain" ns2:to="ferc_PropertyTaxMember" ns2:type="arc" />
        <ns0:loc ns2:href="../../ferc-core_2020-01-01.xsd#ferc_RealEstateTaxMember" ns2:label="ferc_RealEstateTaxMember" ns2:type="locator" />
        <ns0:presentationArc order="6" ns2:arcrole="http://www.xbrl.org/2003/arcrole/parent-child" ns2:from="ferc_KindOfTaxDomain" ns2:to="ferc_RealEstateTaxMember" ns2:type="arc" />
        <ns0:loc ns2:href="../../ferc-core_2020-01-01.xsd#ferc_UnemploymentTaxMember" ns2:label="ferc_UnemploymentTaxMember" ns2:type="locator" />
        <ns0:presentationArc order="7" ns2:arcrole="http://www.xbrl.org/2003/arcrole/parent-child" ns2:from="ferc_KindOfTaxDomain" ns2:to="ferc_UnemploymentTaxMember" ns2:type="arc" />
        <ns0:loc ns2:href="../../ferc-core_2020-01-01.xsd#ferc_SalesAndUseTaxMember" ns2:label="ferc_SalesAndUseTaxMember" ns2:type="locator" />
        <ns0:presentationArc order="8" ns2:arcrole="http://www.xbrl.org/2003/arcrole/parent-child" ns2:from="ferc_KindOfTaxDomain" ns2:to="ferc_SalesAndUseTaxMember" ns2:type="arc" />
        <ns0:loc ns2:href="../../ferc-core_2020-01-01.xsd#ferc_IncomeTaxMember" ns2:label="ferc_IncomeTaxMember" ns2:type="locator" />
        <ns0:presentationArc order="9" ns2:arcrole="http://www.xbrl.org/2003/arcrole/parent-child" ns2:from="ferc_KindOfTaxDomain" ns2:to="ferc_IncomeTaxMember" ns2:type="arc" />
        <ns0:loc ns2:href="../../ferc-core_2020-01-01.xsd#ferc_ExciseTaxMember" ns2:label="ferc_ExciseTaxMember" ns2:type="locator" />
        <ns0:presentationArc order="10" ns2:arcrole="http://www.xbrl.org/2003/arcrole/parent-child" ns2:from="ferc_KindOfTaxDomain" ns2:to="ferc_ExciseTaxMember" ns2:type="arc" />
        <ns0:loc ns2:href="../../ferc-core_2020-01-01.xsd#ferc_FuelTaxMember" ns2:label="ferc_FuelTaxMember" ns2:type="locator" />
        <ns0:presentationArc order="11" ns2:arcrole="http://www.xbrl.org/2003/arcrole/parent-child" ns2:from="ferc_KindOfTaxDomain" ns2:to="ferc_FuelTaxMember" ns2:type="arc" />
        <ns0:loc ns2:href="../../ferc-core_2020-01-01.xsd#ferc_FederalInsuranceTaxMember" ns2:label="ferc_FederalInsuranceTaxMember" ns2:type="locator" />
        <ns0:presentationArc order="12" ns2:arcrole="http://www.xbrl.org/2003/arcrole/parent-child" ns2:from="ferc_KindOfTaxDomain" ns2:to="ferc_FederalInsuranceTaxMember" ns2:type="arc" />
        <ns0:loc ns2:href="../../ferc-core_2020-01-01.xsd#ferc_FranchiseTaxMember" ns2:label="ferc_FranchiseTaxMember" ns2:type="locator" />
        <ns0:presentationArc order="13" ns2:arcrole="http://www.xbrl.org/2003/arcrole/parent-child" ns2:from="ferc_KindOfTaxDomain" ns2:to="ferc_FranchiseTaxMember" ns2:type="arc" />
        <ns0:loc ns2:href="../../ferc-core_2020-01-01.xsd#ferc_MiscellaneousOtherTaxMember" ns2:label="ferc_MiscellaneousOtherTaxMember" ns2:type="locator" />
        <ns0:presentationArc order="14" ns2:arcrole="http://www.xbrl.org/2003/arcrole/parent-child" ns2:from="ferc_KindOfTaxDomain" ns2:to="ferc_MiscellaneousOtherTaxMember" ns2:type="arc" />
        <ns0:loc ns2:href="../../ferc-core_2020-01-01.xsd#ferc_OtherFederalTaxMember" ns2:label="ferc_OtherFederalTaxMember" ns2:type="locator" />
        <ns0:presentationArc order="15" ns2:arcrole="http://www.xbrl.org/2003/arcrole/parent-child" ns2:from="ferc_KindOfTaxDomain" ns2:to="ferc_OtherFederalTaxMember" ns2:type="arc" />
        <ns0:loc ns2:href="../../ferc-core_2020-01-01.xsd#ferc_OtherStateTaxMember" ns2:label="ferc_OtherStateTaxMember" ns2:type="locator" />
        <ns0:presentationArc order="16" ns2:arcrole="http://www.xbrl.org/2003/arcrole/parent-child" ns2:from="ferc_KindOfTaxDomain" ns2:to="ferc_OtherStateTaxMember" ns2:type="arc" />
        <ns0:loc ns2:href="../../ferc-core_2020-01-01.xsd#ferc_OtherPropertyTaxMember" ns2:label="ferc_OtherPropertyTaxMember" ns2:type="locator" />
        <ns0:presentationArc order="17" ns2:arcrole="http://www.xbrl.org/2003/arcrole/parent-child" ns2:from="ferc_KindOfTaxDomain" ns2:to="ferc_OtherPropertyTaxMember" ns2:type="arc" />
        <ns0:loc ns2:href="../../ferc-core_2020-01-01.xsd#ferc_OtherUseTaxMember" ns2:label="ferc_OtherUseTaxMember" ns2:type="locator" />
        <ns0:presentationArc order="18" ns2:arcrole="http://www.xbrl.org/2003/arcrole/parent-child" ns2:from="ferc_KindOfTaxDomain" ns2:to="ferc_OtherUseTaxMember" ns2:type="arc" />
        <ns0:loc ns2:href="../../ferc-core_2020-01-01.xsd#ferc_OtherAdValoremTaxMember" ns2:label="ferc_OtherAdValoremTaxMember" ns2:type="locator" />
        <ns0:presentationArc order="19" ns2:arcrole="http://www.xbrl.org/2003/arcrole/parent-child" ns2:from="ferc_KindOfTaxDomain" ns2:to="ferc_OtherAdValoremTaxMember" ns2:type="arc" />
        <ns0:loc ns2:href="../../ferc-core_2020-01-01.xsd#ferc_OtherLicenseAndFeesTaxMember" ns2:label="ferc_OtherLicenseAndFeesTaxMember" ns2:type="locator" />
        <ns0:presentationArc order="20" ns2:arcrole="http://www.xbrl.org/2003/arcrole/parent-child" ns2:from="ferc_KindOfTaxDomain" ns2:to="ferc_OtherLicenseAndFeesTaxMember" ns2:type="arc" />
        <ns0:loc ns2:href="../../ferc-core_2020-01-01.xsd#ferc_PayrollTaxMember" ns2:label="ferc_PayrollTaxMember" ns2:type="locator" />
        <ns0:presentationArc order="21" ns2:arcrole="http://www.xbrl.org/2003/arcrole/parent-child" ns2:from="ferc_KindOfTaxDomain" ns2:to="ferc_PayrollTaxMember" ns2:type="arc" />
        <ns0:loc ns2:href="../../ferc-core_2020-01-01.xsd#ferc_AdValoremTaxMember" ns2:label="ferc_AdValoremTaxMember" ns2:type="locator" />
        <ns0:presentationArc order="22" ns2:arcrole="http://www.xbrl.org/2003/arcrole/parent-child" ns2:from="ferc_KindOfTaxDomain" ns2:to="ferc_AdValoremTaxMember" ns2:type="arc" />
        <ns0:loc ns2:href="../../ferc-core_2020-01-01.xsd#ferc_OtherAllocatedTaxMember" ns2:label="ferc_OtherAllocatedTaxMember" ns2:type="locator" />
        <ns0:presentationArc order="23" ns2:arcrole="http://www.xbrl.org/2003/arcrole/parent-child" ns2:from="ferc_KindOfTaxDomain" ns2:to="ferc_OtherAllocatedTaxMember" ns2:type="arc" />
        <ns0:loc ns2:href="../../ferc-core_2020-01-01.xsd#ferc_SeveranceTaxMember" ns2:label="ferc_SeveranceTaxMember" ns2:type="locator" />
        <ns0:presentationArc order="24" ns2:arcrole="http://www.xbrl.org/2003/arcrole/parent-child" ns2:from="ferc_KindOfTaxDomain" ns2:to="ferc_SeveranceTaxMember" ns2:type="arc" />
        <ns0:loc ns2:href="../../ferc-core_2020-01-01.xsd#ferc_PenaltyTaxMember" ns2:label="ferc_PenaltyTaxMember" ns2:type="locator" />
        <ns0:presentationArc order="25" ns2:arcrole="http://www.xbrl.org/2003/arcrole/parent-child" ns2:from="ferc_KindOfTaxDomain" ns2:to="ferc_PenaltyTaxMember" ns2:type="arc" />
        <ns0:loc ns2:href="../../ferc-core_2020-01-01.xsd#ferc_OtherTaxesAndFeesMember" ns2:label="ferc_OtherTaxesAndFeesMember" ns2:type="locator" />
        <ns0:presentationArc order="26" ns2:arcrole="http://www.xbrl.org/2003/arcrole/parent-child" ns2:from="ferc_KindOfTaxDomain" ns2:to="ferc_OtherTaxesAndFeesMember" ns2:type="arc" />
        <ns0:loc ns2:href="../../ferc-core_2020-01-01.xsd#ferc_TaxesAccruedPrepaidAndChargedLineItems" ns2:label="ferc_TaxesAccruedPrepaidAndChargedLineItems" ns2:type="locator" />
        <ns0:presentationArc order="3" ns2:arcrole="http://www.xbrl.org/2003/arcrole/parent-child" ns2:from="ferc_TaxesAccruedPrepaidAndChargedTable" ns2:to="ferc_TaxesAccruedPrepaidAndChargedLineItems" ns2:type="arc" />
        <ns0:loc ns2:href="../../ferc-core_2020-01-01.xsd#ferc_OrderNumber" ns2:label="ferc_OrderNumber" ns2:type="locator" />
        <ns0:presentationArc order="1" ns2:arcrole="http://www.xbrl.org/2003/arcrole/parent-child" ns2:from="ferc_TaxesAccruedPrepaidAndChargedLineItems" ns2:to="ferc_OrderNumber" ns2:type="arc" />
        <ns0:loc ns2:href="../../ferc-core_2020-01-01.xsd#ferc_DescriptionOfTaxesAccruedPrepaidAndCharged" ns2:label="ferc_DescriptionOfTaxesAccruedPrepaidAndCharged" ns2:type="locator" />
        <ns0:presentationArc order="2" preferredLabel="http://ferc.gov/form/2020-01-01/roles/label/F1TaxesAccrued" ns2:arcrole="http://www.xbrl.org/2003/arcrole/parent-child" ns2:from="ferc_TaxesAccruedPrepaidAndChargedLineItems" ns2:to="ferc_DescriptionOfTaxesAccruedPrepaidAndCharged" ns2:type="arc" />
        <ns0:loc ns2:href="../../ferc-core_2020-01-01.xsd#ferc_TaxesAccrued" ns2:label="ferc_TaxesAccrued" ns2:type="locator" />
        <ns0:presentationArc order="3" preferredLabel="http://ferc.gov/form/2020-01-01/roles/label/F1BeginningBalance" ns2:arcrole="http://www.xbrl.org/2003/arcrole/parent-child" ns2:from="ferc_TaxesAccruedPrepaidAndChargedLineItems" ns2:to="ferc_TaxesAccrued" ns2:type="arc" />
        <ns0:loc ns2:href="../../ferc-core_2020-01-01.xsd#ferc_PrepaidTaxes" ns2:label="ferc_PrepaidTaxes" ns2:type="locator" />
        <ns0:presentationArc order="4" preferredLabel="http://ferc.gov/form/2020-01-01/roles/label/F1BeginningBalance" ns2:arcrole="http://www.xbrl.org/2003/arcrole/parent-child" ns2:from="ferc_TaxesAccruedPrepaidAndChargedLineItems" ns2:to="ferc_PrepaidTaxes" ns2:type="arc" />
        <ns0:loc ns2:href="../../ferc-core_2020-01-01.xsd#ferc_TaxesCharged" ns2:label="ferc_TaxesCharged" ns2:type="locator" />
        <ns0:presentationArc order="5" preferredLabel="http://ferc.gov/form/2020-01-01/roles/label/F1TaxesAccrued" ns2:arcrole="http://www.xbrl.org/2003/arcrole/parent-child" ns2:from="ferc_TaxesAccruedPrepaidAndChargedLineItems" ns2:to="ferc_TaxesCharged" ns2:type="arc" />
        <ns0:loc ns2:href="../../ferc-core_2020-01-01.xsd#ferc_TaxesPaid" ns2:label="ferc_TaxesPaid" ns2:type="locator" />
        <ns0:presentationArc order="6" preferredLabel="http://ferc.gov/form/2020-01-01/roles/label/F1TaxesAccrued" ns2:arcrole="http://www.xbrl.org/2003/arcrole/parent-child" ns2:from="ferc_TaxesAccruedPrepaidAndChargedLineItems" ns2:to="ferc_TaxesPaid" ns2:type="arc" />
        <ns0:loc ns2:href="../../ferc-core_2020-01-01.xsd#ferc_TaxAdjustments" ns2:label="ferc_TaxAdjustments" ns2:type="locator" />
        <ns0:presentationArc order="7" preferredLabel="http://ferc.gov/form/2020-01-01/roles/label/F1TaxesAccrued" ns2:arcrole="http://www.xbrl.org/2003/arcrole/parent-child" ns2:from="ferc_TaxesAccruedPrepaidAndChargedLineItems" ns2:to="ferc_TaxAdjustments" ns2:type="arc" />
        <ns0:loc ns2:href="../../ferc-core_2020-01-01.xsd#ferc_TaxesAccrued" ns2:label="ferc_TaxesAccrued_1" ns2:type="locator" />
        <ns0:presentationArc order="8" preferredLabel="http://ferc.gov/form/2020-01-01/roles/label/F1EndingBalance" ns2:arcrole="http://www.xbrl.org/2003/arcrole/parent-child" ns2:from="ferc_TaxesAccruedPrepaidAndChargedLineItems" ns2:to="ferc_TaxesAccrued_1" ns2:type="arc" />
        <ns0:loc ns2:href="../../ferc-core_2020-01-01.xsd#ferc_PrepaidTaxes" ns2:label="ferc_PrepaidTaxes_1" ns2:type="locator" />
        <ns0:presentationArc order="9" preferredLabel="http://ferc.gov/form/2020-01-01/roles/label/F1EndingBalance" ns2:arcrole="http://www.xbrl.org/2003/arcrole/parent-child" ns2:from="ferc_TaxesAccruedPrepaidAndChargedLineItems" ns2:to="ferc_PrepaidTaxes_1" ns2:type="arc" />
        <ns0:loc ns2:href="../../ferc-core_2020-01-01.xsd#ferc_TaxesAccruedPrepaidAndCharged" ns2:label="ferc_TaxesAccruedPrepaidAndCharged" ns2:type="locator" />
        <ns0:presentationArc order="10" ns2:arcrole="http://www.xbrl.org/2003/arcrole/parent-child" ns2:from="ferc_TaxesAccruedPrepaidAndChargedLineItems" ns2:to="ferc_TaxesAccruedPrepaidAndCharged" ns2:type="arc" />
        <ns0:loc ns2:href="../../ferc-core_2020-01-01.xsd#ferc_IncomeTaxesExtraordinaryItems" ns2:label="ferc_IncomeTaxesExtraordinaryItems" ns2:type="locator" />
        <ns0:presentationArc order="11" preferredLabel="http://ferc.gov/form/2020-01-01/roles/label/F1TaxesAccrued" ns2:arcrole="http://www.xbrl.org/2003/arcrole/parent-child" ns2:from="ferc_TaxesAccruedPrepaidAndChargedLineItems" ns2:to="ferc_IncomeTaxesExtraordinaryItems" ns2:type="arc" />
        <ns0:loc ns2:href="../../ferc-core_2020-01-01.xsd#ferc_AdjustmentsToRetainedEarnings" ns2:label="ferc_AdjustmentsToRetainedEarnings" ns2:type="locator" />
        <ns0:presentationArc order="12" preferredLabel="http://ferc.gov/form/2020-01-01/roles/label/F1TaxesAccrued" ns2:arcrole="http://www.xbrl.org/2003/arcrole/parent-child" ns2:from="ferc_TaxesAccruedPrepaidAndChargedLineItems" ns2:to="ferc_AdjustmentsToRetainedEarnings" ns2:type="arc" />
        <ns0:loc ns2:href="../../ferc-core_2020-01-01.xsd#ferc_TaxesIncurredOther" ns2:label="ferc_TaxesIncurredOther" ns2:type="locator" />
        <ns0:presentationArc order="13" preferredLabel="http://ferc.gov/form/2020-01-01/roles/label/F1TaxesAccrued" ns2:arcrole="http://www.xbrl.org/2003/arcrole/parent-child" ns2:from="ferc_TaxesAccruedPrepaidAndChargedLineItems" ns2:to="ferc_TaxesIncurredOther" ns2:type="arc" />
    </ns0:presentationLink>
</ns0:linkbase>