﻿<?xml version="1.0" encoding="utf-8"?>
<?taxonomy-version 2.9.1.0 ?> <?taxonomy-set-overall-version 2.9.1.0 ?>
<!--(C) EBA-->
<link:linkbase xmlns:xsi="http://www.w3.org/2001/XMLSchema-instance" xmlns:xlink="http://www.w3.org/1999/xlink" xmlns:link="http://www.xbrl.org/2003/linkbase" xmlns:xbrldt="http://xbrl.org/2005/xbrldt" xmlns:model="http://www.eurofiling.info/xbrl/ext/model" xsi:schemaLocation="http://www.xbrl.org/2003/linkbase http://www.xbrl.org/2003/xbrl-linkbase-2003-12-31.xsd http://xbrl.org/2005/xbrldt http://www.xbrl.org/2005/xbrldt-2005.xsd http://www.eurofiling.info/xbrl/ext/model http://www.eurofiling.info/eu/fr/xbrl/ext/model.xsd">
  <link:arcroleRef arcroleURI="http://xbrl.org/int/dim/arcrole/domain-member" xlink:type="simple" xlink:href="http://www.xbrl.org/2005/xbrldt-2005.xsd#domain-member" />
  <link:roleRef roleURI="http://www.eba.europa.eu/xbrl/crr/role/dict/dom/RT/RT1" xlink:type="simple" xlink:href="hier.xsd#eba_RT1" />
  <link:roleRef roleURI="http://www.eba.europa.eu/xbrl/crr/role/dict/dom/RT/RT2" xlink:type="simple" xlink:href="hier.xsd#eba_RT2" />
  <link:roleRef roleURI="http://www.eba.europa.eu/xbrl/crr/role/dict/dom/RT/RT3" xlink:type="simple" xlink:href="hier.xsd#eba_RT3" />
  <link:roleRef roleURI="http://www.eba.europa.eu/xbrl/crr/role/dict/dom/RT/RT4" xlink:type="simple" xlink:href="hier.xsd#eba_RT4" />
  <link:roleRef roleURI="http://www.eba.europa.eu/xbrl/crr/role/dict/dom/RT/RT5" xlink:type="simple" xlink:href="hier.xsd#eba_RT5" />
  <link:definitionLink xlink:type="extended" xlink:role="http://www.eba.europa.eu/xbrl/crr/role/dict/dom/RT/RT2">
    <link:loc xlink:type="locator" xlink:href="../exp.xsd#eba_RT" xlink:label="loc_eba_RT" />
    <link:loc xlink:type="locator" xlink:href="mem.xsd#eba_x7" xlink:label="loc_eba_x7" />
    <link:definitionArc xlink:type="arc" xlink:arcrole="http://xbrl.org/int/dim/arcrole/domain-member" xlink:from="loc_eba_RT" xlink:to="loc_eba_x7" order="1" />
    <link:loc xlink:type="locator" xlink:href="mem.xsd#eba_x3" xlink:label="loc_eba_x3" />
    <link:definitionArc xlink:type="arc" xlink:arcrole="http://xbrl.org/int/dim/arcrole/domain-member" xlink:from="loc_eba_x7" xlink:to="loc_eba_x3" order="1" />
    <link:loc xlink:type="locator" xlink:href="mem.xsd#eba_x6" xlink:label="loc_eba_x6" />
    <link:definitionArc xlink:type="arc" xlink:arcrole="http://xbrl.org/int/dim/arcrole/domain-member" xlink:from="loc_eba_x7" xlink:to="loc_eba_x6" order="2" />
    <link:loc xlink:type="locator" xlink:href="mem.xsd#eba_x5" xlink:label="loc_eba_x5" />
    <link:definitionArc xlink:type="arc" xlink:arcrole="http://xbrl.org/int/dim/arcrole/domain-member" xlink:from="loc_eba_x7" xlink:to="loc_eba_x5" order="3" />
    <link:loc xlink:type="locator" xlink:href="mem.xsd#eba_x4" xlink:label="loc_eba_x4" />
    <link:definitionArc xlink:type="arc" xlink:arcrole="http://xbrl.org/int/dim/arcrole/domain-member" xlink:from="loc_eba_x5" xlink:to="loc_eba_x4" order="1" />
    <link:loc xlink:type="locator" xlink:href="mem.xsd#eba_x2" xlink:label="loc_eba_x2" />
    <link:definitionArc xlink:type="arc" xlink:arcrole="http://xbrl.org/int/dim/arcrole/domain-member" xlink:from="loc_eba_x5" xlink:to="loc_eba_x2" order="2" />
  </link:definitionLink>
  <link:definitionLink xlink:type="extended" xlink:role="http://www.eba.europa.eu/xbrl/crr/role/dict/dom/RT/RT3">
    <link:loc xlink:type="locator" xlink:href="../exp.xsd#eba_RT" xlink:label="loc_eba_RT" />
    <link:loc xlink:type="locator" xlink:href="mem.xsd#eba_x8" xlink:label="loc_eba_x8" />
    <link:definitionArc xlink:type="arc" xlink:arcrole="http://xbrl.org/int/dim/arcrole/domain-member" xlink:from="loc_eba_RT" xlink:to="loc_eba_x8" order="1" />
    <link:loc xlink:type="locator" xlink:href="mem.xsd#eba_x10" xlink:label="loc_eba_x10" />
    <link:definitionArc xlink:type="arc" xlink:arcrole="http://xbrl.org/int/dim/arcrole/domain-member" xlink:from="loc_eba_x8" xlink:to="loc_eba_x10" order="1" />
    <link:loc xlink:type="locator" xlink:href="mem.xsd#eba_x11" xlink:label="loc_eba_x11" />
    <link:definitionArc xlink:type="arc" xlink:arcrole="http://xbrl.org/int/dim/arcrole/domain-member" xlink:from="loc_eba_x8" xlink:to="loc_eba_x11" order="2" />
    <link:loc xlink:type="locator" xlink:href="mem.xsd#eba_x9" xlink:label="loc_eba_x9" />
    <link:definitionArc xlink:type="arc" xlink:arcrole="http://xbrl.org/int/dim/arcrole/domain-member" xlink:from="loc_eba_RT" xlink:to="loc_eba_x9" order="2" />
  </link:definitionLink>
  <link:definitionLink xlink:type="extended" xlink:role="http://www.eba.europa.eu/xbrl/crr/role/dict/dom/RT/RT1">
    <link:documentation model:fromDate="2013-12-01" model:toDate="2019-12-30" model:creationDate="2013-12-01" model:modificationDate="2019-04-30" />
    <link:loc xlink:type="locator" xlink:href="../exp.xsd#eba_RT" xlink:label="loc_eba_RT" />
    <link:loc xlink:type="locator" xlink:href="mem.xsd#eba_x10" xlink:label="loc_eba_x10" />
    <link:definitionArc xlink:type="arc" xlink:arcrole="http://xbrl.org/int/dim/arcrole/domain-member" xlink:from="loc_eba_RT" xlink:to="loc_eba_x10" order="1" />
    <link:loc xlink:type="locator" xlink:href="mem.xsd#eba_x11" xlink:label="loc_eba_x11" />
    <link:definitionArc xlink:type="arc" xlink:arcrole="http://xbrl.org/int/dim/arcrole/domain-member" xlink:from="loc_eba_RT" xlink:to="loc_eba_x11" order="2" />
  </link:definitionLink>
  <link:definitionLink xlink:type="extended" xlink:role="http://www.eba.europa.eu/xbrl/crr/role/dict/dom/RT/RT4">
    <link:documentation model:fromDate="2019-12-31" model:creationDate="2019-04-30" />
    <link:loc xlink:type="locator" xlink:href="../exp.xsd#eba_RT" xlink:label="loc_eba_RT" />
    <link:loc xlink:type="locator" xlink:href="mem.xsd#eba_x12" xlink:label="loc_eba_x12" />
    <link:definitionArc xlink:type="arc" xlink:arcrole="http://xbrl.org/int/dim/arcrole/domain-member" xlink:from="loc_eba_RT" xlink:to="loc_eba_x12" order="1" />
    <link:loc xlink:type="locator" xlink:href="mem.xsd#eba_x13" xlink:label="loc_eba_x13" />
    <link:definitionArc xlink:type="arc" xlink:arcrole="http://xbrl.org/int/dim/arcrole/domain-member" xlink:from="loc_eba_RT" xlink:to="loc_eba_x13" order="2" />
    <link:loc xlink:type="locator" xlink:href="mem.xsd#eba_x11" xlink:label="loc_eba_x11" />
    <link:definitionArc xlink:type="arc" xlink:arcrole="http://xbrl.org/int/dim/arcrole/domain-member" xlink:from="loc_eba_RT" xlink:to="loc_eba_x11" order="3" />
    <link:loc xlink:type="locator" xlink:href="mem.xsd#eba_x10" xlink:label="loc_eba_x10" />
    <link:definitionArc xlink:type="arc" xlink:arcrole="http://xbrl.org/int/dim/arcrole/domain-member" xlink:from="loc_eba_RT" xlink:to="loc_eba_x10" order="4" />
  </link:definitionLink>
  <link:definitionLink xlink:type="extended" xlink:role="http://www.eba.europa.eu/xbrl/crr/role/dict/dom/RT/RT5">
    <link:documentation model:fromDate="2019-12-31" model:creationDate="2019-04-30" />
    <link:loc xlink:type="locator" xlink:href="../exp.xsd#eba_RT" xlink:label="loc_eba_RT" />
    <link:loc xlink:type="locator" xlink:href="mem.xsd#eba_x14" xlink:label="loc_eba_x14" />
    <link:definitionArc xlink:type="arc" xlink:arcrole="http://xbrl.org/int/dim/arcrole/domain-member" xlink:from="loc_eba_RT" xlink:to="loc_eba_x14" order="1" />
    <link:loc xlink:type="locator" xlink:href="mem.xsd#eba_x15" xlink:label="loc_eba_x15" />
    <link:definitionArc xlink:type="arc" xlink:arcrole="http://xbrl.org/int/dim/arcrole/domain-member" xlink:from="loc_eba_RT" xlink:to="loc_eba_x15" order="2" />
    <link:loc xlink:type="locator" xlink:href="mem.xsd#eba_x16" xlink:label="loc_eba_x16" />
    <link:definitionArc xlink:type="arc" xlink:arcrole="http://xbrl.org/int/dim/arcrole/domain-member" xlink:from="loc_eba_RT" xlink:to="loc_eba_x16" order="3" />
    <link:loc xlink:type="locator" xlink:href="mem.xsd#eba_x17" xlink:label="loc_eba_x17" />
    <link:definitionArc xlink:type="arc" xlink:arcrole="http://xbrl.org/int/dim/arcrole/domain-member" xlink:from="loc_eba_RT" xlink:to="loc_eba_x17" order="4" />
    <link:loc xlink:type="locator" xlink:href="mem.xsd#eba_x18" xlink:label="loc_eba_x18" />
    <link:definitionArc xlink:type="arc" xlink:arcrole="http://xbrl.org/int/dim/arcrole/domain-member" xlink:from="loc_eba_RT" xlink:to="loc_eba_x18" order="5" />
  </link:definitionLink>
</link:linkbase>