﻿<?xml version="1.0" encoding="utf-8"?>
<?taxonomy-version 2.9.0.0 ?> <?taxonomy-set-overall-version 2.9.0.0 ?>
<!--(C) EBA-->
<link:linkbase xmlns:xsi="http://www.w3.org/2001/XMLSchema-instance" xmlns:xlink="http://www.w3.org/1999/xlink" xmlns:link="http://www.xbrl.org/2003/linkbase" xmlns:gen="http://xbrl.org/2008/generic" xmlns:label="http://xbrl.org/2008/label" xsi:schemaLocation="http://www.xbrl.org/2003/linkbase http://www.xbrl.org/2003/xbrl-linkbase-2003-12-31.xsd http://xbrl.org/2008/generic http://www.xbrl.org/2008/generic-link.xsd http://xbrl.org/2008/label http://www.xbrl.org/2008/generic-label.xsd">
  <link:arcroleRef arcroleURI="http://xbrl.org/arcrole/2008/element-label" xlink:type="simple" xlink:href="http://www.xbrl.org/2008/generic-label.xsd#element-label" />
  <link:roleRef roleURI="http://www.xbrl.org/2008/role/label" xlink:type="simple" xlink:href="http://www.xbrl.org/2008/generic-label.xsd#standard-label" />
  <gen:link xlink:type="extended" xlink:role="http://www.xbrl.org/2003/role/link">
    <link:loc xlink:type="locator" xlink:href="hier.xsd#eba_RT2" xlink:label="loc_eba_RT2" />
    <label:label xlink:type="resource" xlink:label="label_eba_RT2" xml:lang="en" xlink:role="http://www.xbrl.org/2008/role/label">Hierarchy for transferred financial assets</label:label>
    <gen:arc xlink:type="arc" xlink:arcrole="http://xbrl.org/arcrole/2008/element-label" xlink:from="loc_eba_RT2" xlink:to="label_eba_RT2" />
    <link:loc xlink:type="locator" xlink:href="hier.xsd#eba_RT3" xlink:label="loc_eba_RT3" />
    <label:label xlink:type="resource" xlink:label="label_eba_RT3" xml:lang="en" xlink:role="http://www.xbrl.org/2008/role/label">Types of Risk Transfer transaction</label:label>
    <gen:arc xlink:type="arc" xlink:arcrole="http://xbrl.org/arcrole/2008/element-label" xlink:from="loc_eba_RT3" xlink:to="label_eba_RT3" />
    <link:loc xlink:type="locator" xlink:href="hier.xsd#eba_RT1" xlink:label="loc_eba_RT1" />
    <label:label xlink:type="resource" xlink:label="label_eba_RT1" xml:lang="en" xlink:role="http://www.xbrl.org/2008/role/label">Options for "Type of risk transfer"</label:label>
    <gen:arc xlink:type="arc" xlink:arcrole="http://xbrl.org/arcrole/2008/element-label" xlink:from="loc_eba_RT1" xlink:to="label_eba_RT1" />
    <link:loc xlink:type="locator" xlink:href="hier.xsd#eba_RT4" xlink:label="loc_eba_RT4" />
    <label:label xlink:type="resource" xlink:label="label_eba_RT4" xml:lang="en" xlink:role="http://www.xbrl.org/2008/role/label">Options for "Type of issuance"</label:label>
    <gen:arc xlink:type="arc" xlink:arcrole="http://xbrl.org/arcrole/2008/element-label" xlink:from="loc_eba_RT4" xlink:to="label_eba_RT4" />
    <link:loc xlink:type="locator" xlink:href="hier.xsd#eba_RT5" xlink:label="loc_eba_RT5" />
    <label:label xlink:type="resource" xlink:label="label_eba_RT5" xml:lang="en" xlink:role="http://www.xbrl.org/2008/role/label">Options for "Significant Risk Transfer"</label:label>
    <gen:arc xlink:type="arc" xlink:arcrole="http://xbrl.org/arcrole/2008/element-label" xlink:from="loc_eba_RT5" xlink:to="label_eba_RT5" />
  </gen:link>
</link:linkbase>