﻿<?xml version="1.0" encoding="utf-8"?>
<!--© DNB-->
<link:linkbase xmlns:xsi="http://www.w3.org/2001/XMLSchema-instance" xmlns:xlink="http://www.w3.org/1999/xlink" xmlns:link="http://www.xbrl.org/2003/linkbase" xmlns:xbrldt="http://xbrl.org/2005/xbrldt" xsi:schemaLocation="http://www.xbrl.org/2003/linkbase http://www.xbrl.org/2003/xbrl-linkbase-2003-12-31.xsd http://xbrl.org/2005/xbrldt http://www.xbrl.org/2005/xbrldt-2005.xsd">
  <link:arcroleRef arcroleURI="http://xbrl.org/int/dim/arcrole/all" xlink:type="simple" xlink:href="http://www.xbrl.org/2005/xbrldt-2005.xsd#all" />
  <link:arcroleRef arcroleURI="http://xbrl.org/int/dim/arcrole/dimension-domain" xlink:type="simple" xlink:href="http://www.xbrl.org/2005/xbrldt-2005.xsd#dimension-domain" />
  <link:arcroleRef arcroleURI="http://xbrl.org/int/dim/arcrole/domain-member" xlink:type="simple" xlink:href="http://www.xbrl.org/2005/xbrldt-2005.xsd#domain-member" />
  <link:arcroleRef arcroleURI="http://xbrl.org/int/dim/arcrole/hypercube-dimension" xlink:type="simple" xlink:href="http://www.xbrl.org/2005/xbrldt-2005.xsd#hypercube-dimension" />
  <link:roleRef roleURI="http://www.dnb.nl/xbrl/role/fws/DNB-NR/ftk-2019-06/2019-12-31/tab/J101-7/1" xlink:type="simple" xlink:href="j101-7.xsd#role1" />
  <link:roleRef roleURI="http://www.dnb.nl/xbrl/role/fws/DNB-NR/ftk-2019-06/2019-12-31/tab/J101-7/2" xlink:type="simple" xlink:href="j101-7.xsd#role2" />
  <link:definitionLink xlink:type="extended" xlink:role="http://www.dnb.nl/xbrl/role/fws/DNB-NR/ftk-2019-06/2019-12-31/tab/J101-7/1">
    <link:loc xlink:type="locator" xlink:href="../../../../../../dict/met/met.xsd#dnb_si_ftk_080" xlink:label="loc_dnb_si_ftk_080" />
    <link:loc xlink:type="locator" xlink:href="../../../../../../dict/met/met.xsd#dnb_si_ftk_081" xlink:label="loc_dnb_si_ftk_081" />
    <link:definitionArc xlink:type="arc" xlink:arcrole="http://xbrl.org/int/dim/arcrole/domain-member" xlink:from="loc_dnb_si_ftk_080" xlink:to="loc_dnb_si_ftk_081" order="1" />
    <link:loc xlink:type="locator" xlink:href="../../../../../../dict/met/met.xsd#dnb_di_ftk_082" xlink:label="loc_dnb_di_ftk_082" />
    <link:definitionArc xlink:type="arc" xlink:arcrole="http://xbrl.org/int/dim/arcrole/domain-member" xlink:from="loc_dnb_si_ftk_080" xlink:to="loc_dnb_di_ftk_082" order="2" />
    <link:loc xlink:type="locator" xlink:href="../../../../../../dict/met/met.xsd#dnb_di_ftk_083" xlink:label="loc_dnb_di_ftk_083" />
    <link:definitionArc xlink:type="arc" xlink:arcrole="http://xbrl.org/int/dim/arcrole/domain-member" xlink:from="loc_dnb_si_ftk_080" xlink:to="loc_dnb_di_ftk_083" order="3" />
    <link:loc xlink:type="locator" xlink:href="../../../../../../dict/met/met.xsd#dnb_di_ftk_084" xlink:label="loc_dnb_di_ftk_084" />
    <link:definitionArc xlink:type="arc" xlink:arcrole="http://xbrl.org/int/dim/arcrole/domain-member" xlink:from="loc_dnb_si_ftk_080" xlink:to="loc_dnb_di_ftk_084" order="4" />
    <link:loc xlink:type="locator" xlink:href="http://www.eurofiling.info/eu/fr/xbrl/ext/model.xsd#hyp" xlink:label="loc_hyp" />
    <link:definitionArc xlink:type="arc" xlink:arcrole="http://xbrl.org/int/dim/arcrole/all" xlink:from="loc_dnb_si_ftk_080" xlink:to="loc_hyp" xbrldt:closed="true" xbrldt:contextElement="scenario" order="5" />
    <link:loc xlink:type="locator" xlink:href="../../../../../../dict/dim/dim.xsd#dnb_ftk_dim037" xlink:label="loc_dnb_ftk_dim037" />
    <link:definitionArc xlink:type="arc" xlink:arcrole="http://xbrl.org/int/dim/arcrole/hypercube-dimension" xlink:from="loc_hyp" xlink:to="loc_dnb_ftk_dim037" order="1" />
    <link:loc xlink:type="locator" xlink:href="../../../../../../dict/dim/dim.xsd#dnb_ftk_dim002" xlink:label="loc_dnb_ftk_dim002" />
    <link:definitionArc xlink:type="arc" xlink:arcrole="http://xbrl.org/int/dim/arcrole/hypercube-dimension" xlink:from="loc_hyp" xlink:to="loc_dnb_ftk_dim002" order="2" />
    <link:loc xlink:type="locator" xlink:href="../../../../../../dict/dom/exp.xsd#dnb_ftk_dom002" xlink:label="loc_dnb_ftk_dom002" />
    <link:definitionArc xlink:type="arc" xlink:arcrole="http://xbrl.org/int/dim/arcrole/dimension-domain" xlink:from="loc_dnb_ftk_dim002" xlink:to="loc_dnb_ftk_dom002" xbrldt:usable="false" order="1" />
    <link:loc xlink:type="locator" xlink:href="../../../../../../dict/dom/ftk_dom002/mem.xsd#dnb_mem015" xlink:label="loc_dnb_mem015" />
    <link:definitionArc xlink:type="arc" xlink:arcrole="http://xbrl.org/int/dim/arcrole/domain-member" xlink:from="loc_dnb_ftk_dom002" xlink:to="loc_dnb_mem015" order="1" />
    <link:loc xlink:type="locator" xlink:href="../../../../../../dict/dim/dim.xsd#dnb_ftk_dim008" xlink:label="loc_dnb_ftk_dim008" />
    <link:definitionArc xlink:type="arc" xlink:arcrole="http://xbrl.org/int/dim/arcrole/hypercube-dimension" xlink:from="loc_hyp" xlink:to="loc_dnb_ftk_dim008" xbrldt:targetRole="http://www.dnb.nl/xbrl/role/fws/DNB-NR/ftk-2019-06/2019-12-31/tab/J101-7/2" order="3" />
    <link:loc xlink:type="locator" xlink:href="../../../../../../dict/dim/dim.xsd#dnb_ftk_dim036" xlink:label="loc_dnb_ftk_dim036" />
    <link:definitionArc xlink:type="arc" xlink:arcrole="http://xbrl.org/int/dim/arcrole/hypercube-dimension" xlink:from="loc_hyp" xlink:to="loc_dnb_ftk_dim036" order="4" />
    <link:loc xlink:type="locator" xlink:href="../../../../../../dict/dom/exp.xsd#dnb_ftk_dom019" xlink:label="loc_dnb_ftk_dom019" />
    <link:definitionArc xlink:type="arc" xlink:arcrole="http://xbrl.org/int/dim/arcrole/dimension-domain" xlink:from="loc_dnb_ftk_dim036" xlink:to="loc_dnb_ftk_dom019" xbrldt:usable="false" order="1" />
    <link:loc xlink:type="locator" xlink:href="../../../../../../dict/dom/ftk_dom019/mem.xsd#dnb_mem001" xlink:label="loc_dnb_mem001" />
    <link:definitionArc xlink:type="arc" xlink:arcrole="http://xbrl.org/int/dim/arcrole/domain-member" xlink:from="loc_dnb_ftk_dom019" xlink:to="loc_dnb_mem001" order="1" />
  </link:definitionLink>
  <link:definitionLink xlink:type="extended" xlink:role="http://www.dnb.nl/xbrl/role/fws/DNB-NR/ftk-2019-06/2019-12-31/tab/J101-7/2">
    <link:loc xlink:type="locator" xlink:href="../../../../../../dict/dim/dim.xsd#dnb_ftk_dim008" xlink:label="loc_dnb_ftk_dim008" />
    <link:loc xlink:type="locator" xlink:href="../../../../../../dict/dom/exp.xsd#dnb_ftk_dom002" xlink:label="loc_dnb_ftk_dom002" />
    <link:definitionArc xlink:type="arc" xlink:arcrole="http://xbrl.org/int/dim/arcrole/dimension-domain" xlink:from="loc_dnb_ftk_dim008" xlink:to="loc_dnb_ftk_dom002" xbrldt:usable="false" order="1" />
    <link:loc xlink:type="locator" xlink:href="../../../../../../dict/dom/ftk_dom002/mem.xsd#dnb_mem017" xlink:label="loc_dnb_mem017" />
    <link:definitionArc xlink:type="arc" xlink:arcrole="http://xbrl.org/int/dim/arcrole/domain-member" xlink:from="loc_dnb_ftk_dom002" xlink:to="loc_dnb_mem017" order="1" />
  </link:definitionLink>
</link:linkbase>