﻿<?xml version="1.0" encoding="utf-8"?>
<?taxonomy-version 2.8.0.0 ?> <?taxonomy-set-overall-version 2.8.0.0 ?>
<!--(C) EBA-->
<link:linkbase xmlns:xsi="http://www.w3.org/2001/XMLSchema-instance" xmlns:xlink="http://www.w3.org/1999/xlink" xmlns:link="http://www.xbrl.org/2003/linkbase" xmlns:gen="http://xbrl.org/2008/generic" xmlns:label="http://xbrl.org/2008/label" xsi:schemaLocation="http://www.xbrl.org/2003/linkbase http://www.xbrl.org/2003/xbrl-linkbase-2003-12-31.xsd http://xbrl.org/2008/generic http://www.xbrl.org/2008/generic-link.xsd http://xbrl.org/2008/label http://www.xbrl.org/2008/generic-label.xsd">
  <link:arcroleRef arcroleURI="http://xbrl.org/arcrole/2008/element-label" xlink:type="simple" xlink:href="http://www.xbrl.org/2008/generic-label.xsd#element-label" />
  <link:roleRef roleURI="http://www.xbrl.org/2008/role/label" xlink:type="simple" xlink:href="http://www.xbrl.org/2008/generic-label.xsd#standard-label" />
  <link:roleRef roleURI="http://www.xbrl.org/2008/role/verboseLabel" xlink:type="simple" xlink:href="http://www.xbrl.org/2008/generic-label.xsd#verbose-label" />
  <gen:link xlink:type="extended" xlink:role="http://www.xbrl.org/2003/role/link">
    <link:loc xlink:type="locator" xlink:href="hier.xsd#eba_TA1" xlink:label="loc_eba_TA1" />
    <label:label xlink:type="resource" xlink:label="label_eba_TA1" xml:lang="en" xlink:role="http://www.xbrl.org/2008/role/label">Hierarchy for business lines</label:label>
    <gen:arc xlink:type="arc" xlink:arcrole="http://xbrl.org/arcrole/2008/element-label" xlink:from="loc_eba_TA1" xlink:to="label_eba_TA1" />
    <label:label xlink:type="resource" xlink:label="label_eba_TA1_1" xml:lang="en" xlink:role="http://www.xbrl.org/2008/role/verboseLabel">Lists the business lines applicable for operational risk.</label:label>
    <gen:arc xlink:type="arc" xlink:arcrole="http://xbrl.org/arcrole/2008/element-label" xlink:from="loc_eba_TA1" xlink:to="label_eba_TA1_1" />
    <link:loc xlink:type="locator" xlink:href="hier.xsd#eba_TA88" xlink:label="loc_eba_TA88" />
    <label:label xlink:type="resource" xlink:label="label_eba_TA88" xml:lang="en" xlink:role="http://www.xbrl.org/2008/role/label">Hierarchy for types of activities</label:label>
    <gen:arc xlink:type="arc" xlink:arcrole="http://xbrl.org/arcrole/2008/element-label" xlink:from="loc_eba_TA88" xlink:to="label_eba_TA88" />
    <label:label xlink:type="resource" xlink:label="label_eba_TA88_1" xml:lang="en" xlink:role="http://www.xbrl.org/2008/role/verboseLabel">Types of activities that generate fee and commission income and expenses</label:label>
    <gen:arc xlink:type="arc" xlink:arcrole="http://xbrl.org/arcrole/2008/element-label" xlink:from="loc_eba_TA88" xlink:to="label_eba_TA88_1" />
    <link:loc xlink:type="locator" xlink:href="hier.xsd#eba_TA95" xlink:label="loc_eba_TA95" />
    <label:label xlink:type="resource" xlink:label="label_eba_TA95" xml:lang="en" xlink:role="http://www.xbrl.org/2008/role/label">Relation between Total Custody and Custody entrusted to other entities</label:label>
    <gen:arc xlink:type="arc" xlink:arcrole="http://xbrl.org/arcrole/2008/element-label" xlink:from="loc_eba_TA95" xlink:to="label_eba_TA95" />
    <label:label xlink:type="resource" xlink:label="label_eba_TA95_1" xml:lang="en" xlink:role="http://www.xbrl.org/2008/role/verboseLabel">Relation between Total Custody and Custody entrusted to other entities</label:label>
    <gen:arc xlink:type="arc" xlink:arcrole="http://xbrl.org/arcrole/2008/element-label" xlink:from="loc_eba_TA95" xlink:to="label_eba_TA95_1" />
    <link:loc xlink:type="locator" xlink:href="hier.xsd#eba_TA2" xlink:label="loc_eba_TA2" />
    <label:label xlink:type="resource" xlink:label="label_eba_TA2" xml:lang="en" xlink:role="http://www.xbrl.org/2008/role/label">Hierarchy for critical functions</label:label>
    <gen:arc xlink:type="arc" xlink:arcrole="http://xbrl.org/arcrole/2008/element-label" xlink:from="loc_eba_TA2" xlink:to="label_eba_TA2" />
  </gen:link>
</link:linkbase>