﻿<?xml version="1.0" encoding="utf-8"?>
<!--© DNB-->
<link:linkbase xmlns:xsi="http://www.w3.org/2001/XMLSchema-instance" xmlns:xlink="http://www.w3.org/1999/xlink" xmlns:link="http://www.xbrl.org/2003/linkbase" xsi:schemaLocation="http://www.xbrl.org/2003/linkbase http://www.xbrl.org/2003/xbrl-linkbase-2003-12-31.xsd">
  <link:labelLink xlink:type="extended" xlink:role="http://www.xbrl.org/2003/role/link">
    <link:loc xlink:type="locator" xlink:href="dim.xsd#dnb_ftk_dim001" xlink:label="loc_dnb_ftk_dim001" />
    <link:label xlink:type="resource" xlink:label="label_dnb_ftk_dim001" xml:lang="en" xlink:role="http://www.xbrl.org/2003/role/label">Contact type</link:label>
    <link:labelArc xlink:type="arc" xlink:arcrole="http://www.xbrl.org/2003/arcrole/concept-label" xlink:from="loc_dnb_ftk_dim001" xlink:to="label_dnb_ftk_dim001" />
    <link:label xlink:type="resource" xlink:label="label_dnb_ftk_dim001_2" xml:lang="en" xlink:role="http://www.xbrl.org/2003/role/documentation">FTK_DIM001</link:label>
    <link:labelArc xlink:type="arc" xlink:arcrole="http://www.xbrl.org/2003/arcrole/concept-label" xlink:from="loc_dnb_ftk_dim001" xlink:to="label_dnb_ftk_dim001_2" />
    <link:loc xlink:type="locator" xlink:href="dim.xsd#dnb_ftk_dim002" xlink:label="loc_dnb_ftk_dim002" />
    <link:label xlink:type="resource" xlink:label="label_dnb_ftk_dim002" xml:lang="en" xlink:role="http://www.xbrl.org/2003/role/label">Aandachtsgebied</link:label>
    <link:labelArc xlink:type="arc" xlink:arcrole="http://www.xbrl.org/2003/arcrole/concept-label" xlink:from="loc_dnb_ftk_dim002" xlink:to="label_dnb_ftk_dim002" />
    <link:label xlink:type="resource" xlink:label="label_dnb_ftk_dim002_2" xml:lang="en" xlink:role="http://www.xbrl.org/2003/role/documentation">FTK_DIM002</link:label>
    <link:labelArc xlink:type="arc" xlink:arcrole="http://www.xbrl.org/2003/arcrole/concept-label" xlink:from="loc_dnb_ftk_dim002" xlink:to="label_dnb_ftk_dim002_2" />
    <link:loc xlink:type="locator" xlink:href="dim.xsd#dnb_ftk_dim003" xlink:label="loc_dnb_ftk_dim003" />
    <link:label xlink:type="resource" xlink:label="label_dnb_ftk_dim003" xml:lang="en" xlink:role="http://www.xbrl.org/2003/role/label">Rekeningzijde</link:label>
    <link:labelArc xlink:type="arc" xlink:arcrole="http://www.xbrl.org/2003/arcrole/concept-label" xlink:from="loc_dnb_ftk_dim003" xlink:to="label_dnb_ftk_dim003" />
    <link:label xlink:type="resource" xlink:label="label_dnb_ftk_dim003_2" xml:lang="en" xlink:role="http://www.xbrl.org/2003/role/documentation">FTK_DIM003</link:label>
    <link:labelArc xlink:type="arc" xlink:arcrole="http://www.xbrl.org/2003/arcrole/concept-label" xlink:from="loc_dnb_ftk_dim003" xlink:to="label_dnb_ftk_dim003_2" />
    <link:loc xlink:type="locator" xlink:href="dim.xsd#dnb_ftk_dim004" xlink:label="loc_dnb_ftk_dim004" />
    <link:label xlink:type="resource" xlink:label="label_dnb_ftk_dim004" xml:lang="en" xlink:role="http://www.xbrl.org/2003/role/label">Hoofdpost</link:label>
    <link:labelArc xlink:type="arc" xlink:arcrole="http://www.xbrl.org/2003/arcrole/concept-label" xlink:from="loc_dnb_ftk_dim004" xlink:to="label_dnb_ftk_dim004" />
    <link:label xlink:type="resource" xlink:label="label_dnb_ftk_dim004_2" xml:lang="en" xlink:role="http://www.xbrl.org/2003/role/documentation">FTK_DIM004</link:label>
    <link:labelArc xlink:type="arc" xlink:arcrole="http://www.xbrl.org/2003/arcrole/concept-label" xlink:from="loc_dnb_ftk_dim004" xlink:to="label_dnb_ftk_dim004_2" />
    <link:loc xlink:type="locator" xlink:href="dim.xsd#dnb_ftk_dim005" xlink:label="loc_dnb_ftk_dim005" />
    <link:label xlink:type="resource" xlink:label="label_dnb_ftk_dim005" xml:lang="en" xlink:role="http://www.xbrl.org/2003/role/label">Subpost</link:label>
    <link:labelArc xlink:type="arc" xlink:arcrole="http://www.xbrl.org/2003/arcrole/concept-label" xlink:from="loc_dnb_ftk_dim005" xlink:to="label_dnb_ftk_dim005" />
    <link:label xlink:type="resource" xlink:label="label_dnb_ftk_dim005_2" xml:lang="en" xlink:role="http://www.xbrl.org/2003/role/documentation">FTK_DIM005</link:label>
    <link:labelArc xlink:type="arc" xlink:arcrole="http://www.xbrl.org/2003/arcrole/concept-label" xlink:from="loc_dnb_ftk_dim005" xlink:to="label_dnb_ftk_dim005_2" />
    <link:loc xlink:type="locator" xlink:href="dim.xsd#dnb_ftk_dim006" xlink:label="loc_dnb_ftk_dim006" />
    <link:label xlink:type="resource" xlink:label="label_dnb_ftk_dim006" xml:lang="en" xlink:role="http://www.xbrl.org/2003/role/label">Solvabiliteitspost</link:label>
    <link:labelArc xlink:type="arc" xlink:arcrole="http://www.xbrl.org/2003/arcrole/concept-label" xlink:from="loc_dnb_ftk_dim006" xlink:to="label_dnb_ftk_dim006" />
    <link:label xlink:type="resource" xlink:label="label_dnb_ftk_dim006_2" xml:lang="en" xlink:role="http://www.xbrl.org/2003/role/documentation">FTK_DIM006</link:label>
    <link:labelArc xlink:type="arc" xlink:arcrole="http://www.xbrl.org/2003/arcrole/concept-label" xlink:from="loc_dnb_ftk_dim006" xlink:to="label_dnb_ftk_dim006_2" />
    <link:loc xlink:type="locator" xlink:href="dim.xsd#dnb_ftk_dim007" xlink:label="loc_dnb_ftk_dim007" />
    <link:label xlink:type="resource" xlink:label="label_dnb_ftk_dim007" xml:lang="en" xlink:role="http://www.xbrl.org/2003/role/label">Dekkingsgraadtype</link:label>
    <link:labelArc xlink:type="arc" xlink:arcrole="http://www.xbrl.org/2003/arcrole/concept-label" xlink:from="loc_dnb_ftk_dim007" xlink:to="label_dnb_ftk_dim007" />
    <link:label xlink:type="resource" xlink:label="label_dnb_ftk_dim007_2" xml:lang="en" xlink:role="http://www.xbrl.org/2003/role/documentation">FTK_DIM007</link:label>
    <link:labelArc xlink:type="arc" xlink:arcrole="http://www.xbrl.org/2003/arcrole/concept-label" xlink:from="loc_dnb_ftk_dim007" xlink:to="label_dnb_ftk_dim007_2" />
    <link:loc xlink:type="locator" xlink:href="dim.xsd#dnb_ftk_dim008" xlink:label="loc_dnb_ftk_dim008" />
    <link:label xlink:type="resource" xlink:label="label_dnb_ftk_dim008" xml:lang="en" xlink:role="http://www.xbrl.org/2003/role/label">Deelgebied</link:label>
    <link:labelArc xlink:type="arc" xlink:arcrole="http://www.xbrl.org/2003/arcrole/concept-label" xlink:from="loc_dnb_ftk_dim008" xlink:to="label_dnb_ftk_dim008" />
    <link:label xlink:type="resource" xlink:label="label_dnb_ftk_dim008_2" xml:lang="en" xlink:role="http://www.xbrl.org/2003/role/documentation">FTK_DIM008</link:label>
    <link:labelArc xlink:type="arc" xlink:arcrole="http://www.xbrl.org/2003/arcrole/concept-label" xlink:from="loc_dnb_ftk_dim008" xlink:to="label_dnb_ftk_dim008_2" />
    <link:loc xlink:type="locator" xlink:href="dim.xsd#dnb_ftk_dim009" xlink:label="loc_dnb_ftk_dim009" />
    <link:label xlink:type="resource" xlink:label="label_dnb_ftk_dim009" xml:lang="en" xlink:role="http://www.xbrl.org/2003/role/label">Uitsplitsingspost</link:label>
    <link:labelArc xlink:type="arc" xlink:arcrole="http://www.xbrl.org/2003/arcrole/concept-label" xlink:from="loc_dnb_ftk_dim009" xlink:to="label_dnb_ftk_dim009" />
    <link:label xlink:type="resource" xlink:label="label_dnb_ftk_dim009_2" xml:lang="en" xlink:role="http://www.xbrl.org/2003/role/documentation">FTK_DIM009</link:label>
    <link:labelArc xlink:type="arc" xlink:arcrole="http://www.xbrl.org/2003/arcrole/concept-label" xlink:from="loc_dnb_ftk_dim009" xlink:to="label_dnb_ftk_dim009_2" />
    <link:loc xlink:type="locator" xlink:href="dim.xsd#dnb_ftk_dim010" xlink:label="loc_dnb_ftk_dim010" />
    <link:label xlink:type="resource" xlink:label="label_dnb_ftk_dim010" xml:lang="en" xlink:role="http://www.xbrl.org/2003/role/label">Uitsplitsingspost 2</link:label>
    <link:labelArc xlink:type="arc" xlink:arcrole="http://www.xbrl.org/2003/arcrole/concept-label" xlink:from="loc_dnb_ftk_dim010" xlink:to="label_dnb_ftk_dim010" />
    <link:label xlink:type="resource" xlink:label="label_dnb_ftk_dim010_2" xml:lang="en" xlink:role="http://www.xbrl.org/2003/role/documentation">FTK_DIM010</link:label>
    <link:labelArc xlink:type="arc" xlink:arcrole="http://www.xbrl.org/2003/arcrole/concept-label" xlink:from="loc_dnb_ftk_dim010" xlink:to="label_dnb_ftk_dim010_2" />
    <link:loc xlink:type="locator" xlink:href="dim.xsd#dnb_ftk_dim011" xlink:label="loc_dnb_ftk_dim011" />
    <link:label xlink:type="resource" xlink:label="label_dnb_ftk_dim011" xml:lang="en" xlink:role="http://www.xbrl.org/2003/role/label">Uitsplitsingspost 3</link:label>
    <link:labelArc xlink:type="arc" xlink:arcrole="http://www.xbrl.org/2003/arcrole/concept-label" xlink:from="loc_dnb_ftk_dim011" xlink:to="label_dnb_ftk_dim011" />
    <link:label xlink:type="resource" xlink:label="label_dnb_ftk_dim011_2" xml:lang="en" xlink:role="http://www.xbrl.org/2003/role/documentation">FTK_DIM011</link:label>
    <link:labelArc xlink:type="arc" xlink:arcrole="http://www.xbrl.org/2003/arcrole/concept-label" xlink:from="loc_dnb_ftk_dim011" xlink:to="label_dnb_ftk_dim011_2" />
    <link:loc xlink:type="locator" xlink:href="dim.xsd#dnb_ftk_dim012" xlink:label="loc_dnb_ftk_dim012" />
    <link:label xlink:type="resource" xlink:label="label_dnb_ftk_dim012" xml:lang="en" xlink:role="http://www.xbrl.org/2003/role/label">Wegingstype</link:label>
    <link:labelArc xlink:type="arc" xlink:arcrole="http://www.xbrl.org/2003/arcrole/concept-label" xlink:from="loc_dnb_ftk_dim012" xlink:to="label_dnb_ftk_dim012" />
    <link:label xlink:type="resource" xlink:label="label_dnb_ftk_dim012_2" xml:lang="en" xlink:role="http://www.xbrl.org/2003/role/documentation">FTK_DIM012</link:label>
    <link:labelArc xlink:type="arc" xlink:arcrole="http://www.xbrl.org/2003/arcrole/concept-label" xlink:from="loc_dnb_ftk_dim012" xlink:to="label_dnb_ftk_dim012_2" />
    <link:loc xlink:type="locator" xlink:href="dim.xsd#dnb_ftk_dim013" xlink:label="loc_dnb_ftk_dim013" />
    <link:label xlink:type="resource" xlink:label="label_dnb_ftk_dim013" xml:lang="en" xlink:role="http://www.xbrl.org/2003/role/label">Waarderingstype</link:label>
    <link:labelArc xlink:type="arc" xlink:arcrole="http://www.xbrl.org/2003/arcrole/concept-label" xlink:from="loc_dnb_ftk_dim013" xlink:to="label_dnb_ftk_dim013" />
    <link:label xlink:type="resource" xlink:label="label_dnb_ftk_dim013_2" xml:lang="en" xlink:role="http://www.xbrl.org/2003/role/documentation">FTK_DIM013</link:label>
    <link:labelArc xlink:type="arc" xlink:arcrole="http://www.xbrl.org/2003/arcrole/concept-label" xlink:from="loc_dnb_ftk_dim013" xlink:to="label_dnb_ftk_dim013_2" />
    <link:loc xlink:type="locator" xlink:href="dim.xsd#dnb_ftk_dim014" xlink:label="loc_dnb_ftk_dim014" />
    <link:label xlink:type="resource" xlink:label="label_dnb_ftk_dim014" xml:lang="en" xlink:role="http://www.xbrl.org/2003/role/label">Currency</link:label>
    <link:labelArc xlink:type="arc" xlink:arcrole="http://www.xbrl.org/2003/arcrole/concept-label" xlink:from="loc_dnb_ftk_dim014" xlink:to="label_dnb_ftk_dim014" />
    <link:label xlink:type="resource" xlink:label="label_dnb_ftk_dim014_2" xml:lang="en" xlink:role="http://www.xbrl.org/2003/role/documentation">FTK_DIM014</link:label>
    <link:labelArc xlink:type="arc" xlink:arcrole="http://www.xbrl.org/2003/arcrole/concept-label" xlink:from="loc_dnb_ftk_dim014" xlink:to="label_dnb_ftk_dim014_2" />
    <link:loc xlink:type="locator" xlink:href="dim.xsd#dnb_ftk_dim015" xlink:label="loc_dnb_ftk_dim015" />
    <link:label xlink:type="resource" xlink:label="label_dnb_ftk_dim015" xml:lang="en" xlink:role="http://www.xbrl.org/2003/role/label">Ratingklasse</link:label>
    <link:labelArc xlink:type="arc" xlink:arcrole="http://www.xbrl.org/2003/arcrole/concept-label" xlink:from="loc_dnb_ftk_dim015" xlink:to="label_dnb_ftk_dim015" />
    <link:label xlink:type="resource" xlink:label="label_dnb_ftk_dim015_2" xml:lang="en" xlink:role="http://www.xbrl.org/2003/role/documentation">FTK_DIM015</link:label>
    <link:labelArc xlink:type="arc" xlink:arcrole="http://www.xbrl.org/2003/arcrole/concept-label" xlink:from="loc_dnb_ftk_dim015" xlink:to="label_dnb_ftk_dim015_2" />
    <link:loc xlink:type="locator" xlink:href="dim.xsd#dnb_ftk_dim016" xlink:label="loc_dnb_ftk_dim016" />
    <link:label xlink:type="resource" xlink:label="label_dnb_ftk_dim016" xml:lang="en" xlink:role="http://www.xbrl.org/2003/role/label">Derivaten exposure</link:label>
    <link:labelArc xlink:type="arc" xlink:arcrole="http://www.xbrl.org/2003/arcrole/concept-label" xlink:from="loc_dnb_ftk_dim016" xlink:to="label_dnb_ftk_dim016" />
    <link:label xlink:type="resource" xlink:label="label_dnb_ftk_dim016_2" xml:lang="en" xlink:role="http://www.xbrl.org/2003/role/documentation">FTK_DIM016</link:label>
    <link:labelArc xlink:type="arc" xlink:arcrole="http://www.xbrl.org/2003/arcrole/concept-label" xlink:from="loc_dnb_ftk_dim016" xlink:to="label_dnb_ftk_dim016_2" />
    <link:loc xlink:type="locator" xlink:href="dim.xsd#dnb_ftk_dim017" xlink:label="loc_dnb_ftk_dim017" />
    <link:label xlink:type="resource" xlink:label="label_dnb_ftk_dim017" xml:lang="en" xlink:role="http://www.xbrl.org/2003/role/label">Schoktype</link:label>
    <link:labelArc xlink:type="arc" xlink:arcrole="http://www.xbrl.org/2003/arcrole/concept-label" xlink:from="loc_dnb_ftk_dim017" xlink:to="label_dnb_ftk_dim017" />
    <link:label xlink:type="resource" xlink:label="label_dnb_ftk_dim017_2" xml:lang="en" xlink:role="http://www.xbrl.org/2003/role/documentation">FTK_DIM017</link:label>
    <link:labelArc xlink:type="arc" xlink:arcrole="http://www.xbrl.org/2003/arcrole/concept-label" xlink:from="loc_dnb_ftk_dim017" xlink:to="label_dnb_ftk_dim017_2" />
    <link:loc xlink:type="locator" xlink:href="dim.xsd#dnb_ftk_dim018" xlink:label="loc_dnb_ftk_dim018" />
    <link:label xlink:type="resource" xlink:label="label_dnb_ftk_dim018" xml:lang="en" xlink:role="http://www.xbrl.org/2003/role/label">Derivatentype</link:label>
    <link:labelArc xlink:type="arc" xlink:arcrole="http://www.xbrl.org/2003/arcrole/concept-label" xlink:from="loc_dnb_ftk_dim018" xlink:to="label_dnb_ftk_dim018" />
    <link:label xlink:type="resource" xlink:label="label_dnb_ftk_dim018_2" xml:lang="en" xlink:role="http://www.xbrl.org/2003/role/documentation">FTK_DIM018</link:label>
    <link:labelArc xlink:type="arc" xlink:arcrole="http://www.xbrl.org/2003/arcrole/concept-label" xlink:from="loc_dnb_ftk_dim018" xlink:to="label_dnb_ftk_dim018_2" />
    <link:loc xlink:type="locator" xlink:href="dim.xsd#dnb_ftk_dim019" xlink:label="loc_dnb_ftk_dim019" />
    <link:label xlink:type="resource" xlink:label="label_dnb_ftk_dim019" xml:lang="en" xlink:role="http://www.xbrl.org/2003/role/label">Rendementtype</link:label>
    <link:labelArc xlink:type="arc" xlink:arcrole="http://www.xbrl.org/2003/arcrole/concept-label" xlink:from="loc_dnb_ftk_dim019" xlink:to="label_dnb_ftk_dim019" />
    <link:label xlink:type="resource" xlink:label="label_dnb_ftk_dim019_2" xml:lang="en" xlink:role="http://www.xbrl.org/2003/role/documentation">FTK_DIM019</link:label>
    <link:labelArc xlink:type="arc" xlink:arcrole="http://www.xbrl.org/2003/arcrole/concept-label" xlink:from="loc_dnb_ftk_dim019" xlink:to="label_dnb_ftk_dim019_2" />
    <link:loc xlink:type="locator" xlink:href="dim.xsd#dnb_ftk_dim020" xlink:label="loc_dnb_ftk_dim020" />
    <link:label xlink:type="resource" xlink:label="label_dnb_ftk_dim020" xml:lang="en" xlink:role="http://www.xbrl.org/2003/role/label">Verslagperiode</link:label>
    <link:labelArc xlink:type="arc" xlink:arcrole="http://www.xbrl.org/2003/arcrole/concept-label" xlink:from="loc_dnb_ftk_dim020" xlink:to="label_dnb_ftk_dim020" />
    <link:label xlink:type="resource" xlink:label="label_dnb_ftk_dim020_2" xml:lang="en" xlink:role="http://www.xbrl.org/2003/role/documentation">FTK_DIM020</link:label>
    <link:labelArc xlink:type="arc" xlink:arcrole="http://www.xbrl.org/2003/arcrole/concept-label" xlink:from="loc_dnb_ftk_dim020" xlink:to="label_dnb_ftk_dim020_2" />
    <link:loc xlink:type="locator" xlink:href="dim.xsd#dnb_ftk_dim021" xlink:label="loc_dnb_ftk_dim021" />
    <link:label xlink:type="resource" xlink:label="label_dnb_ftk_dim021" xml:lang="en" xlink:role="http://www.xbrl.org/2003/role/label">Liquiditeitsoort</link:label>
    <link:labelArc xlink:type="arc" xlink:arcrole="http://www.xbrl.org/2003/arcrole/concept-label" xlink:from="loc_dnb_ftk_dim021" xlink:to="label_dnb_ftk_dim021" />
    <link:label xlink:type="resource" xlink:label="label_dnb_ftk_dim021_2" xml:lang="en" xlink:role="http://www.xbrl.org/2003/role/documentation">FTK_DIM021</link:label>
    <link:labelArc xlink:type="arc" xlink:arcrole="http://www.xbrl.org/2003/arcrole/concept-label" xlink:from="loc_dnb_ftk_dim021" xlink:to="label_dnb_ftk_dim021_2" />
    <link:loc xlink:type="locator" xlink:href="dim.xsd#dnb_ftk_dim022" xlink:label="loc_dnb_ftk_dim022" />
    <link:label xlink:type="resource" xlink:label="label_dnb_ftk_dim022" xml:lang="en" xlink:role="http://www.xbrl.org/2003/role/label">Liquiditeitpost</link:label>
    <link:labelArc xlink:type="arc" xlink:arcrole="http://www.xbrl.org/2003/arcrole/concept-label" xlink:from="loc_dnb_ftk_dim022" xlink:to="label_dnb_ftk_dim022" />
    <link:label xlink:type="resource" xlink:label="label_dnb_ftk_dim022_2" xml:lang="en" xlink:role="http://www.xbrl.org/2003/role/documentation">FTK_DIM022</link:label>
    <link:labelArc xlink:type="arc" xlink:arcrole="http://www.xbrl.org/2003/arcrole/concept-label" xlink:from="loc_dnb_ftk_dim022" xlink:to="label_dnb_ftk_dim022_2" />
    <link:loc xlink:type="locator" xlink:href="dim.xsd#dnb_ftk_dim023" xlink:label="loc_dnb_ftk_dim023" />
    <link:label xlink:type="resource" xlink:label="label_dnb_ftk_dim023" xml:lang="en" xlink:role="http://www.xbrl.org/2003/role/label">Liquiditeit subpost</link:label>
    <link:labelArc xlink:type="arc" xlink:arcrole="http://www.xbrl.org/2003/arcrole/concept-label" xlink:from="loc_dnb_ftk_dim023" xlink:to="label_dnb_ftk_dim023" />
    <link:label xlink:type="resource" xlink:label="label_dnb_ftk_dim023_2" xml:lang="en" xlink:role="http://www.xbrl.org/2003/role/documentation">FTK_DIM023</link:label>
    <link:labelArc xlink:type="arc" xlink:arcrole="http://www.xbrl.org/2003/arcrole/concept-label" xlink:from="loc_dnb_ftk_dim023" xlink:to="label_dnb_ftk_dim023_2" />
    <link:loc xlink:type="locator" xlink:href="dim.xsd#dnb_ftk_dim024" xlink:label="loc_dnb_ftk_dim024" />
    <link:label xlink:type="resource" xlink:label="label_dnb_ftk_dim024" xml:lang="en" xlink:role="http://www.xbrl.org/2003/role/label">Schokpercentage</link:label>
    <link:labelArc xlink:type="arc" xlink:arcrole="http://www.xbrl.org/2003/arcrole/concept-label" xlink:from="loc_dnb_ftk_dim024" xlink:to="label_dnb_ftk_dim024" />
    <link:label xlink:type="resource" xlink:label="label_dnb_ftk_dim024_2" xml:lang="en" xlink:role="http://www.xbrl.org/2003/role/documentation">FTK_DIM024</link:label>
    <link:labelArc xlink:type="arc" xlink:arcrole="http://www.xbrl.org/2003/arcrole/concept-label" xlink:from="loc_dnb_ftk_dim024" xlink:to="label_dnb_ftk_dim024_2" />
    <link:loc xlink:type="locator" xlink:href="dim.xsd#dnb_ftk_dim025" xlink:label="loc_dnb_ftk_dim025" />
    <link:label xlink:type="resource" xlink:label="label_dnb_ftk_dim025" xml:lang="en" xlink:role="http://www.xbrl.org/2003/role/label">Landengroep</link:label>
    <link:labelArc xlink:type="arc" xlink:arcrole="http://www.xbrl.org/2003/arcrole/concept-label" xlink:from="loc_dnb_ftk_dim025" xlink:to="label_dnb_ftk_dim025" />
    <link:label xlink:type="resource" xlink:label="label_dnb_ftk_dim025_2" xml:lang="en" xlink:role="http://www.xbrl.org/2003/role/documentation">FTK_DIM025</link:label>
    <link:labelArc xlink:type="arc" xlink:arcrole="http://www.xbrl.org/2003/arcrole/concept-label" xlink:from="loc_dnb_ftk_dim025" xlink:to="label_dnb_ftk_dim025_2" />
    <link:loc xlink:type="locator" xlink:href="dim.xsd#dnb_ftk_dim026" xlink:label="loc_dnb_ftk_dim026" />
    <link:label xlink:type="resource" xlink:label="label_dnb_ftk_dim026" xml:lang="en" xlink:role="http://www.xbrl.org/2003/role/label">Land of partij</link:label>
    <link:labelArc xlink:type="arc" xlink:arcrole="http://www.xbrl.org/2003/arcrole/concept-label" xlink:from="loc_dnb_ftk_dim026" xlink:to="label_dnb_ftk_dim026" />
    <link:label xlink:type="resource" xlink:label="label_dnb_ftk_dim026_2" xml:lang="en" xlink:role="http://www.xbrl.org/2003/role/documentation">FTK_DIM026</link:label>
    <link:labelArc xlink:type="arc" xlink:arcrole="http://www.xbrl.org/2003/arcrole/concept-label" xlink:from="loc_dnb_ftk_dim026" xlink:to="label_dnb_ftk_dim026_2" />
    <link:loc xlink:type="locator" xlink:href="dim.xsd#dnb_ftk_dim027" xlink:label="loc_dnb_ftk_dim027" />
    <link:label xlink:type="resource" xlink:label="label_dnb_ftk_dim027" xml:lang="en" xlink:role="http://www.xbrl.org/2003/role/label">Solvabiliteitsrisico</link:label>
    <link:labelArc xlink:type="arc" xlink:arcrole="http://www.xbrl.org/2003/arcrole/concept-label" xlink:from="loc_dnb_ftk_dim027" xlink:to="label_dnb_ftk_dim027" />
    <link:label xlink:type="resource" xlink:label="label_dnb_ftk_dim027_2" xml:lang="en" xlink:role="http://www.xbrl.org/2003/role/documentation">FTK_DIM027</link:label>
    <link:labelArc xlink:type="arc" xlink:arcrole="http://www.xbrl.org/2003/arcrole/concept-label" xlink:from="loc_dnb_ftk_dim027" xlink:to="label_dnb_ftk_dim027_2" />
    <link:loc xlink:type="locator" xlink:href="dim.xsd#dnb_ftk_dim028" xlink:label="loc_dnb_ftk_dim028" />
    <link:label xlink:type="resource" xlink:label="label_dnb_ftk_dim028" xml:lang="en" xlink:role="http://www.xbrl.org/2003/role/label">Solvabiliteitsonderdeel</link:label>
    <link:labelArc xlink:type="arc" xlink:arcrole="http://www.xbrl.org/2003/arcrole/concept-label" xlink:from="loc_dnb_ftk_dim028" xlink:to="label_dnb_ftk_dim028" />
    <link:label xlink:type="resource" xlink:label="label_dnb_ftk_dim028_2" xml:lang="en" xlink:role="http://www.xbrl.org/2003/role/documentation">FTK_DIM028</link:label>
    <link:labelArc xlink:type="arc" xlink:arcrole="http://www.xbrl.org/2003/arcrole/concept-label" xlink:from="loc_dnb_ftk_dim028" xlink:to="label_dnb_ftk_dim028_2" />
    <link:loc xlink:type="locator" xlink:href="dim.xsd#dnb_ftk_dim029" xlink:label="loc_dnb_ftk_dim029" />
    <link:label xlink:type="resource" xlink:label="label_dnb_ftk_dim029" xml:lang="en" xlink:role="http://www.xbrl.org/2003/role/label">Solvabiliteitspositie</link:label>
    <link:labelArc xlink:type="arc" xlink:arcrole="http://www.xbrl.org/2003/arcrole/concept-label" xlink:from="loc_dnb_ftk_dim029" xlink:to="label_dnb_ftk_dim029" />
    <link:label xlink:type="resource" xlink:label="label_dnb_ftk_dim029_2" xml:lang="en" xlink:role="http://www.xbrl.org/2003/role/documentation">FTK_DIM029</link:label>
    <link:labelArc xlink:type="arc" xlink:arcrole="http://www.xbrl.org/2003/arcrole/concept-label" xlink:from="loc_dnb_ftk_dim029" xlink:to="label_dnb_ftk_dim029_2" />
    <link:loc xlink:type="locator" xlink:href="dim.xsd#dnb_ftk_dim030" xlink:label="loc_dnb_ftk_dim030" />
    <link:label xlink:type="resource" xlink:label="label_dnb_ftk_dim030" xml:lang="en" xlink:role="http://www.xbrl.org/2003/role/label">Organisatie</link:label>
    <link:labelArc xlink:type="arc" xlink:arcrole="http://www.xbrl.org/2003/arcrole/concept-label" xlink:from="loc_dnb_ftk_dim030" xlink:to="label_dnb_ftk_dim030" />
    <link:label xlink:type="resource" xlink:label="label_dnb_ftk_dim030_2" xml:lang="en" xlink:role="http://www.xbrl.org/2003/role/documentation">FTK_DIM030</link:label>
    <link:labelArc xlink:type="arc" xlink:arcrole="http://www.xbrl.org/2003/arcrole/concept-label" xlink:from="loc_dnb_ftk_dim030" xlink:to="label_dnb_ftk_dim030_2" />
    <link:loc xlink:type="locator" xlink:href="dim.xsd#dnb_ftk_dim031" xlink:label="loc_dnb_ftk_dim031" />
    <link:label xlink:type="resource" xlink:label="label_dnb_ftk_dim031" xml:lang="en" xlink:role="http://www.xbrl.org/2003/role/label">Onderuitbesteding</link:label>
    <link:labelArc xlink:type="arc" xlink:arcrole="http://www.xbrl.org/2003/arcrole/concept-label" xlink:from="loc_dnb_ftk_dim031" xlink:to="label_dnb_ftk_dim031" />
    <link:label xlink:type="resource" xlink:label="label_dnb_ftk_dim031_2" xml:lang="en" xlink:role="http://www.xbrl.org/2003/role/documentation">FTK_DIM031</link:label>
    <link:labelArc xlink:type="arc" xlink:arcrole="http://www.xbrl.org/2003/arcrole/concept-label" xlink:from="loc_dnb_ftk_dim031" xlink:to="label_dnb_ftk_dim031_2" />
    <link:loc xlink:type="locator" xlink:href="dim.xsd#dnb_ftk_dim032" xlink:label="loc_dnb_ftk_dim032" />
    <link:label xlink:type="resource" xlink:label="label_dnb_ftk_dim032" xml:lang="en" xlink:role="http://www.xbrl.org/2003/role/label">Dienstverlener</link:label>
    <link:labelArc xlink:type="arc" xlink:arcrole="http://www.xbrl.org/2003/arcrole/concept-label" xlink:from="loc_dnb_ftk_dim032" xlink:to="label_dnb_ftk_dim032" />
    <link:label xlink:type="resource" xlink:label="label_dnb_ftk_dim032_2" xml:lang="en" xlink:role="http://www.xbrl.org/2003/role/documentation">FTK_DIM032</link:label>
    <link:labelArc xlink:type="arc" xlink:arcrole="http://www.xbrl.org/2003/arcrole/concept-label" xlink:from="loc_dnb_ftk_dim032" xlink:to="label_dnb_ftk_dim032_2" />
    <link:loc xlink:type="locator" xlink:href="dim.xsd#dnb_ftk_dim033" xlink:label="loc_dnb_ftk_dim033" />
    <link:label xlink:type="resource" xlink:label="label_dnb_ftk_dim033" xml:lang="en" xlink:role="http://www.xbrl.org/2003/role/label">Vermogensbeheerder</link:label>
    <link:labelArc xlink:type="arc" xlink:arcrole="http://www.xbrl.org/2003/arcrole/concept-label" xlink:from="loc_dnb_ftk_dim033" xlink:to="label_dnb_ftk_dim033" />
    <link:label xlink:type="resource" xlink:label="label_dnb_ftk_dim033_2" xml:lang="en" xlink:role="http://www.xbrl.org/2003/role/documentation">FTK_DIM033</link:label>
    <link:labelArc xlink:type="arc" xlink:arcrole="http://www.xbrl.org/2003/arcrole/concept-label" xlink:from="loc_dnb_ftk_dim033" xlink:to="label_dnb_ftk_dim033_2" />
    <link:loc xlink:type="locator" xlink:href="dim.xsd#dnb_ftk_dim034" xlink:label="loc_dnb_ftk_dim034" />
    <link:label xlink:type="resource" xlink:label="label_dnb_ftk_dim034" xml:lang="en" xlink:role="http://www.xbrl.org/2003/role/label">Custodian</link:label>
    <link:labelArc xlink:type="arc" xlink:arcrole="http://www.xbrl.org/2003/arcrole/concept-label" xlink:from="loc_dnb_ftk_dim034" xlink:to="label_dnb_ftk_dim034" />
    <link:label xlink:type="resource" xlink:label="label_dnb_ftk_dim034_2" xml:lang="en" xlink:role="http://www.xbrl.org/2003/role/documentation">FTK_DIM034</link:label>
    <link:labelArc xlink:type="arc" xlink:arcrole="http://www.xbrl.org/2003/arcrole/concept-label" xlink:from="loc_dnb_ftk_dim034" xlink:to="label_dnb_ftk_dim034_2" />
    <link:loc xlink:type="locator" xlink:href="dim.xsd#dnb_ftk_dim035" xlink:label="loc_dnb_ftk_dim035" />
    <link:label xlink:type="resource" xlink:label="label_dnb_ftk_dim035" xml:lang="en" xlink:role="http://www.xbrl.org/2003/role/label">Overige uitbesteding</link:label>
    <link:labelArc xlink:type="arc" xlink:arcrole="http://www.xbrl.org/2003/arcrole/concept-label" xlink:from="loc_dnb_ftk_dim035" xlink:to="label_dnb_ftk_dim035" />
    <link:label xlink:type="resource" xlink:label="label_dnb_ftk_dim035_2" xml:lang="en" xlink:role="http://www.xbrl.org/2003/role/documentation">FTK_DIM035</link:label>
    <link:labelArc xlink:type="arc" xlink:arcrole="http://www.xbrl.org/2003/arcrole/concept-label" xlink:from="loc_dnb_ftk_dim035" xlink:to="label_dnb_ftk_dim035_2" />
    <link:loc xlink:type="locator" xlink:href="dim.xsd#dnb_ftk_dim036" xlink:label="loc_dnb_ftk_dim036" />
    <link:label xlink:type="resource" xlink:label="label_dnb_ftk_dim036" xml:lang="en" xlink:role="http://www.xbrl.org/2003/role/label">Commissies en organen</link:label>
    <link:labelArc xlink:type="arc" xlink:arcrole="http://www.xbrl.org/2003/arcrole/concept-label" xlink:from="loc_dnb_ftk_dim036" xlink:to="label_dnb_ftk_dim036" />
    <link:label xlink:type="resource" xlink:label="label_dnb_ftk_dim036_2" xml:lang="en" xlink:role="http://www.xbrl.org/2003/role/documentation">FTK_DIM036</link:label>
    <link:labelArc xlink:type="arc" xlink:arcrole="http://www.xbrl.org/2003/arcrole/concept-label" xlink:from="loc_dnb_ftk_dim036" xlink:to="label_dnb_ftk_dim036_2" />
    <link:loc xlink:type="locator" xlink:href="dim.xsd#dnb_ftk_dim037" xlink:label="loc_dnb_ftk_dim037" />
    <link:label xlink:type="resource" xlink:label="label_dnb_ftk_dim037" xml:lang="en" xlink:role="http://www.xbrl.org/2003/role/label">Intern toezicht</link:label>
    <link:labelArc xlink:type="arc" xlink:arcrole="http://www.xbrl.org/2003/arcrole/concept-label" xlink:from="loc_dnb_ftk_dim037" xlink:to="label_dnb_ftk_dim037" />
    <link:label xlink:type="resource" xlink:label="label_dnb_ftk_dim037_2" xml:lang="en" xlink:role="http://www.xbrl.org/2003/role/documentation">FTK_DIM037</link:label>
    <link:labelArc xlink:type="arc" xlink:arcrole="http://www.xbrl.org/2003/arcrole/concept-label" xlink:from="loc_dnb_ftk_dim037" xlink:to="label_dnb_ftk_dim037_2" />
    <link:loc xlink:type="locator" xlink:href="dim.xsd#dnb_ftk_dim038" xlink:label="loc_dnb_ftk_dim038" />
    <link:label xlink:type="resource" xlink:label="label_dnb_ftk_dim038" xml:lang="en" xlink:role="http://www.xbrl.org/2003/role/label">Verantwoordingsorgaan</link:label>
    <link:labelArc xlink:type="arc" xlink:arcrole="http://www.xbrl.org/2003/arcrole/concept-label" xlink:from="loc_dnb_ftk_dim038" xlink:to="label_dnb_ftk_dim038" />
    <link:label xlink:type="resource" xlink:label="label_dnb_ftk_dim038_2" xml:lang="en" xlink:role="http://www.xbrl.org/2003/role/documentation">FTK_DIM038</link:label>
    <link:labelArc xlink:type="arc" xlink:arcrole="http://www.xbrl.org/2003/arcrole/concept-label" xlink:from="loc_dnb_ftk_dim038" xlink:to="label_dnb_ftk_dim038_2" />
    <link:loc xlink:type="locator" xlink:href="dim.xsd#dnb_ftk_dim039" xlink:label="loc_dnb_ftk_dim039" />
    <link:label xlink:type="resource" xlink:label="label_dnb_ftk_dim039" xml:lang="en" xlink:role="http://www.xbrl.org/2003/role/label">Belanghebbendenorgaan</link:label>
    <link:labelArc xlink:type="arc" xlink:arcrole="http://www.xbrl.org/2003/arcrole/concept-label" xlink:from="loc_dnb_ftk_dim039" xlink:to="label_dnb_ftk_dim039" />
    <link:label xlink:type="resource" xlink:label="label_dnb_ftk_dim039_2" xml:lang="en" xlink:role="http://www.xbrl.org/2003/role/documentation">FTK_DIM039</link:label>
    <link:labelArc xlink:type="arc" xlink:arcrole="http://www.xbrl.org/2003/arcrole/concept-label" xlink:from="loc_dnb_ftk_dim039" xlink:to="label_dnb_ftk_dim039_2" />
    <link:loc xlink:type="locator" xlink:href="dim.xsd#dnb_ftk_dim040" xlink:label="loc_dnb_ftk_dim040" />
    <link:label xlink:type="resource" xlink:label="label_dnb_ftk_dim040" xml:lang="en" xlink:role="http://www.xbrl.org/2003/role/label">Beleggingsadviescommissie</link:label>
    <link:labelArc xlink:type="arc" xlink:arcrole="http://www.xbrl.org/2003/arcrole/concept-label" xlink:from="loc_dnb_ftk_dim040" xlink:to="label_dnb_ftk_dim040" />
    <link:label xlink:type="resource" xlink:label="label_dnb_ftk_dim040_2" xml:lang="en" xlink:role="http://www.xbrl.org/2003/role/documentation">FTK_DIM040</link:label>
    <link:labelArc xlink:type="arc" xlink:arcrole="http://www.xbrl.org/2003/arcrole/concept-label" xlink:from="loc_dnb_ftk_dim040" xlink:to="label_dnb_ftk_dim040_2" />
    <link:loc xlink:type="locator" xlink:href="dim.xsd#dnb_ftk_dim041" xlink:label="loc_dnb_ftk_dim041" />
    <link:label xlink:type="resource" xlink:label="label_dnb_ftk_dim041" xml:lang="en" xlink:role="http://www.xbrl.org/2003/role/label">Auditcommissie</link:label>
    <link:labelArc xlink:type="arc" xlink:arcrole="http://www.xbrl.org/2003/arcrole/concept-label" xlink:from="loc_dnb_ftk_dim041" xlink:to="label_dnb_ftk_dim041" />
    <link:label xlink:type="resource" xlink:label="label_dnb_ftk_dim041_2" xml:lang="en" xlink:role="http://www.xbrl.org/2003/role/documentation">FTK_DIM041</link:label>
    <link:labelArc xlink:type="arc" xlink:arcrole="http://www.xbrl.org/2003/arcrole/concept-label" xlink:from="loc_dnb_ftk_dim041" xlink:to="label_dnb_ftk_dim041_2" />
    <link:loc xlink:type="locator" xlink:href="dim.xsd#dnb_ftk_dim042" xlink:label="loc_dnb_ftk_dim042" />
    <link:label xlink:type="resource" xlink:label="label_dnb_ftk_dim042" xml:lang="en" xlink:role="http://www.xbrl.org/2003/role/label">Commissienaam</link:label>
    <link:labelArc xlink:type="arc" xlink:arcrole="http://www.xbrl.org/2003/arcrole/concept-label" xlink:from="loc_dnb_ftk_dim042" xlink:to="label_dnb_ftk_dim042" />
    <link:label xlink:type="resource" xlink:label="label_dnb_ftk_dim042_2" xml:lang="en" xlink:role="http://www.xbrl.org/2003/role/documentation">FTK_DIM042</link:label>
    <link:labelArc xlink:type="arc" xlink:arcrole="http://www.xbrl.org/2003/arcrole/concept-label" xlink:from="loc_dnb_ftk_dim042" xlink:to="label_dnb_ftk_dim042_2" />
    <link:loc xlink:type="locator" xlink:href="dim.xsd#dnb_ftk_dim043" xlink:label="loc_dnb_ftk_dim043" />
    <link:label xlink:type="resource" xlink:label="label_dnb_ftk_dim043" xml:lang="en" xlink:role="http://www.xbrl.org/2003/role/label">Overige commissies</link:label>
    <link:labelArc xlink:type="arc" xlink:arcrole="http://www.xbrl.org/2003/arcrole/concept-label" xlink:from="loc_dnb_ftk_dim043" xlink:to="label_dnb_ftk_dim043" />
    <link:label xlink:type="resource" xlink:label="label_dnb_ftk_dim043_2" xml:lang="en" xlink:role="http://www.xbrl.org/2003/role/documentation">FTK_DIM043</link:label>
    <link:labelArc xlink:type="arc" xlink:arcrole="http://www.xbrl.org/2003/arcrole/concept-label" xlink:from="loc_dnb_ftk_dim043" xlink:to="label_dnb_ftk_dim043_2" />
    <link:loc xlink:type="locator" xlink:href="dim.xsd#dnb_ftk_dim044" xlink:label="loc_dnb_ftk_dim044" />
    <link:label xlink:type="resource" xlink:label="label_dnb_ftk_dim044" xml:lang="en" xlink:role="http://www.xbrl.org/2003/role/label">Bestuur</link:label>
    <link:labelArc xlink:type="arc" xlink:arcrole="http://www.xbrl.org/2003/arcrole/concept-label" xlink:from="loc_dnb_ftk_dim044" xlink:to="label_dnb_ftk_dim044" />
    <link:label xlink:type="resource" xlink:label="label_dnb_ftk_dim044_2" xml:lang="en" xlink:role="http://www.xbrl.org/2003/role/documentation">FTK_DIM044</link:label>
    <link:labelArc xlink:type="arc" xlink:arcrole="http://www.xbrl.org/2003/arcrole/concept-label" xlink:from="loc_dnb_ftk_dim044" xlink:to="label_dnb_ftk_dim044_2" />
    <link:loc xlink:type="locator" xlink:href="dim.xsd#dnb_ftk_dim045" xlink:label="loc_dnb_ftk_dim045" />
    <link:label xlink:type="resource" xlink:label="label_dnb_ftk_dim045" xml:lang="en" xlink:role="http://www.xbrl.org/2003/role/label">Medebeleidsbepaler</link:label>
    <link:labelArc xlink:type="arc" xlink:arcrole="http://www.xbrl.org/2003/arcrole/concept-label" xlink:from="loc_dnb_ftk_dim045" xlink:to="label_dnb_ftk_dim045" />
    <link:label xlink:type="resource" xlink:label="label_dnb_ftk_dim045_2" xml:lang="en" xlink:role="http://www.xbrl.org/2003/role/documentation">FTK_DIM045</link:label>
    <link:labelArc xlink:type="arc" xlink:arcrole="http://www.xbrl.org/2003/arcrole/concept-label" xlink:from="loc_dnb_ftk_dim045" xlink:to="label_dnb_ftk_dim045_2" />
    <link:loc xlink:type="locator" xlink:href="dim.xsd#dnb_ftk_dim046" xlink:label="loc_dnb_ftk_dim046" />
    <link:label xlink:type="resource" xlink:label="label_dnb_ftk_dim046" xml:lang="en" xlink:role="http://www.xbrl.org/2003/role/label">Uitsplitsing immateriële activa</link:label>
    <link:labelArc xlink:type="arc" xlink:arcrole="http://www.xbrl.org/2003/arcrole/concept-label" xlink:from="loc_dnb_ftk_dim046" xlink:to="label_dnb_ftk_dim046" />
    <link:label xlink:type="resource" xlink:label="label_dnb_ftk_dim046_2" xml:lang="en" xlink:role="http://www.xbrl.org/2003/role/documentation">FTK_DIM046</link:label>
    <link:labelArc xlink:type="arc" xlink:arcrole="http://www.xbrl.org/2003/arcrole/concept-label" xlink:from="loc_dnb_ftk_dim046" xlink:to="label_dnb_ftk_dim046_2" />
    <link:loc xlink:type="locator" xlink:href="dim.xsd#dnb_ftk_dim047" xlink:label="loc_dnb_ftk_dim047" />
    <link:label xlink:type="resource" xlink:label="label_dnb_ftk_dim047" xml:lang="en" xlink:role="http://www.xbrl.org/2003/role/label">Uitsplitsing deelnemingen</link:label>
    <link:labelArc xlink:type="arc" xlink:arcrole="http://www.xbrl.org/2003/arcrole/concept-label" xlink:from="loc_dnb_ftk_dim047" xlink:to="label_dnb_ftk_dim047" />
    <link:label xlink:type="resource" xlink:label="label_dnb_ftk_dim047_2" xml:lang="en" xlink:role="http://www.xbrl.org/2003/role/documentation">FTK_DIM047</link:label>
    <link:labelArc xlink:type="arc" xlink:arcrole="http://www.xbrl.org/2003/arcrole/concept-label" xlink:from="loc_dnb_ftk_dim047" xlink:to="label_dnb_ftk_dim047_2" />
    <link:loc xlink:type="locator" xlink:href="dim.xsd#dnb_ftk_dim048" xlink:label="loc_dnb_ftk_dim048" />
    <link:label xlink:type="resource" xlink:label="label_dnb_ftk_dim048" xml:lang="en" xlink:role="http://www.xbrl.org/2003/role/label">Uitsplitsing herverzekeringsdeel</link:label>
    <link:labelArc xlink:type="arc" xlink:arcrole="http://www.xbrl.org/2003/arcrole/concept-label" xlink:from="loc_dnb_ftk_dim048" xlink:to="label_dnb_ftk_dim048" />
    <link:label xlink:type="resource" xlink:label="label_dnb_ftk_dim048_2" xml:lang="en" xlink:role="http://www.xbrl.org/2003/role/documentation">FTK_DIM048</link:label>
    <link:labelArc xlink:type="arc" xlink:arcrole="http://www.xbrl.org/2003/arcrole/concept-label" xlink:from="loc_dnb_ftk_dim048" xlink:to="label_dnb_ftk_dim048_2" />
    <link:loc xlink:type="locator" xlink:href="dim.xsd#dnb_ftk_dim049" xlink:label="loc_dnb_ftk_dim049" />
    <link:label xlink:type="resource" xlink:label="label_dnb_ftk_dim049" xml:lang="en" xlink:role="http://www.xbrl.org/2003/role/label">Specificatie overig overige activa</link:label>
    <link:labelArc xlink:type="arc" xlink:arcrole="http://www.xbrl.org/2003/arcrole/concept-label" xlink:from="loc_dnb_ftk_dim049" xlink:to="label_dnb_ftk_dim049" />
    <link:label xlink:type="resource" xlink:label="label_dnb_ftk_dim049_2" xml:lang="en" xlink:role="http://www.xbrl.org/2003/role/documentation">FTK_DIM049</link:label>
    <link:labelArc xlink:type="arc" xlink:arcrole="http://www.xbrl.org/2003/arcrole/concept-label" xlink:from="loc_dnb_ftk_dim049" xlink:to="label_dnb_ftk_dim049_2" />
    <link:loc xlink:type="locator" xlink:href="dim.xsd#dnb_ftk_dim050" xlink:label="loc_dnb_ftk_dim050" />
    <link:label xlink:type="resource" xlink:label="label_dnb_ftk_dim050" xml:lang="en" xlink:role="http://www.xbrl.org/2003/role/label">Uitsplitsing gespecificeerde reserves</link:label>
    <link:labelArc xlink:type="arc" xlink:arcrole="http://www.xbrl.org/2003/arcrole/concept-label" xlink:from="loc_dnb_ftk_dim050" xlink:to="label_dnb_ftk_dim050" />
    <link:label xlink:type="resource" xlink:label="label_dnb_ftk_dim050_2" xml:lang="en" xlink:role="http://www.xbrl.org/2003/role/documentation">FTK_DIM050</link:label>
    <link:labelArc xlink:type="arc" xlink:arcrole="http://www.xbrl.org/2003/arcrole/concept-label" xlink:from="loc_dnb_ftk_dim050" xlink:to="label_dnb_ftk_dim050_2" />
    <link:loc xlink:type="locator" xlink:href="dim.xsd#dnb_ftk_dim051" xlink:label="loc_dnb_ftk_dim051" />
    <link:label xlink:type="resource" xlink:label="label_dnb_ftk_dim051" xml:lang="en" xlink:role="http://www.xbrl.org/2003/role/label">Stand</link:label>
    <link:labelArc xlink:type="arc" xlink:arcrole="http://www.xbrl.org/2003/arcrole/concept-label" xlink:from="loc_dnb_ftk_dim051" xlink:to="label_dnb_ftk_dim051" />
    <link:label xlink:type="resource" xlink:label="label_dnb_ftk_dim051_2" xml:lang="en" xlink:role="http://www.xbrl.org/2003/role/documentation">FTK_DIM051</link:label>
    <link:labelArc xlink:type="arc" xlink:arcrole="http://www.xbrl.org/2003/arcrole/concept-label" xlink:from="loc_dnb_ftk_dim051" xlink:to="label_dnb_ftk_dim051_2" />
    <link:loc xlink:type="locator" xlink:href="dim.xsd#dnb_ftk_dim052" xlink:label="loc_dnb_ftk_dim052" />
    <link:label xlink:type="resource" xlink:label="label_dnb_ftk_dim052" xml:lang="en" xlink:role="http://www.xbrl.org/2003/role/label">Uitsplitsing andere voorzieningen</link:label>
    <link:labelArc xlink:type="arc" xlink:arcrole="http://www.xbrl.org/2003/arcrole/concept-label" xlink:from="loc_dnb_ftk_dim052" xlink:to="label_dnb_ftk_dim052" />
    <link:label xlink:type="resource" xlink:label="label_dnb_ftk_dim052_2" xml:lang="en" xlink:role="http://www.xbrl.org/2003/role/documentation">FTK_DIM052</link:label>
    <link:labelArc xlink:type="arc" xlink:arcrole="http://www.xbrl.org/2003/arcrole/concept-label" xlink:from="loc_dnb_ftk_dim052" xlink:to="label_dnb_ftk_dim052_2" />
    <link:loc xlink:type="locator" xlink:href="dim.xsd#dnb_ftk_dim053" xlink:label="loc_dnb_ftk_dim053" />
    <link:label xlink:type="resource" xlink:label="label_dnb_ftk_dim053" xml:lang="en" xlink:role="http://www.xbrl.org/2003/role/label">Uitsplitsing overige passiva</link:label>
    <link:labelArc xlink:type="arc" xlink:arcrole="http://www.xbrl.org/2003/arcrole/concept-label" xlink:from="loc_dnb_ftk_dim053" xlink:to="label_dnb_ftk_dim053" />
    <link:label xlink:type="resource" xlink:label="label_dnb_ftk_dim053_2" xml:lang="en" xlink:role="http://www.xbrl.org/2003/role/documentation">FTK_DIM053</link:label>
    <link:labelArc xlink:type="arc" xlink:arcrole="http://www.xbrl.org/2003/arcrole/concept-label" xlink:from="loc_dnb_ftk_dim053" xlink:to="label_dnb_ftk_dim053_2" />
    <link:loc xlink:type="locator" xlink:href="dim.xsd#dnb_ftk_dim054" xlink:label="loc_dnb_ftk_dim054" />
    <link:label xlink:type="resource" xlink:label="label_dnb_ftk_dim054" xml:lang="en" xlink:role="http://www.xbrl.org/2003/role/label">Uitsplitsing achtergestelde leningen</link:label>
    <link:labelArc xlink:type="arc" xlink:arcrole="http://www.xbrl.org/2003/arcrole/concept-label" xlink:from="loc_dnb_ftk_dim054" xlink:to="label_dnb_ftk_dim054" />
    <link:label xlink:type="resource" xlink:label="label_dnb_ftk_dim054_2" xml:lang="en" xlink:role="http://www.xbrl.org/2003/role/documentation">FTK_DIM054</link:label>
    <link:labelArc xlink:type="arc" xlink:arcrole="http://www.xbrl.org/2003/arcrole/concept-label" xlink:from="loc_dnb_ftk_dim054" xlink:to="label_dnb_ftk_dim054_2" />
    <link:loc xlink:type="locator" xlink:href="dim.xsd#dnb_ftk_dim055" xlink:label="loc_dnb_ftk_dim055" />
    <link:label xlink:type="resource" xlink:label="label_dnb_ftk_dim055" xml:lang="en" xlink:role="http://www.xbrl.org/2003/role/label">Uitsplitsing niet geconsolideerde deelnemingen</link:label>
    <link:labelArc xlink:type="arc" xlink:arcrole="http://www.xbrl.org/2003/arcrole/concept-label" xlink:from="loc_dnb_ftk_dim055" xlink:to="label_dnb_ftk_dim055" />
    <link:label xlink:type="resource" xlink:label="label_dnb_ftk_dim055_2" xml:lang="en" xlink:role="http://www.xbrl.org/2003/role/documentation">FTK_DIM055</link:label>
    <link:labelArc xlink:type="arc" xlink:arcrole="http://www.xbrl.org/2003/arcrole/concept-label" xlink:from="loc_dnb_ftk_dim055" xlink:to="label_dnb_ftk_dim055_2" />
    <link:loc xlink:type="locator" xlink:href="dim.xsd#dnb_ftk_dim056" xlink:label="loc_dnb_ftk_dim056" />
    <link:label xlink:type="resource" xlink:label="label_dnb_ftk_dim056" xml:lang="en" xlink:role="http://www.xbrl.org/2003/role/label">Uitsplitsing geconsolideerde deelnemingen</link:label>
    <link:labelArc xlink:type="arc" xlink:arcrole="http://www.xbrl.org/2003/arcrole/concept-label" xlink:from="loc_dnb_ftk_dim056" xlink:to="label_dnb_ftk_dim056" />
    <link:label xlink:type="resource" xlink:label="label_dnb_ftk_dim056_2" xml:lang="en" xlink:role="http://www.xbrl.org/2003/role/documentation">FTK_DIM056</link:label>
    <link:labelArc xlink:type="arc" xlink:arcrole="http://www.xbrl.org/2003/arcrole/concept-label" xlink:from="loc_dnb_ftk_dim056" xlink:to="label_dnb_ftk_dim056_2" />
    <link:loc xlink:type="locator" xlink:href="dim.xsd#dnb_ftk_dim057" xlink:label="loc_dnb_ftk_dim057" />
    <link:label xlink:type="resource" xlink:label="label_dnb_ftk_dim057" xml:lang="en" xlink:role="http://www.xbrl.org/2003/role/label">Type onderneming</link:label>
    <link:labelArc xlink:type="arc" xlink:arcrole="http://www.xbrl.org/2003/arcrole/concept-label" xlink:from="loc_dnb_ftk_dim057" xlink:to="label_dnb_ftk_dim057" />
    <link:label xlink:type="resource" xlink:label="label_dnb_ftk_dim057_2" xml:lang="en" xlink:role="http://www.xbrl.org/2003/role/documentation">FTK_DIM057</link:label>
    <link:labelArc xlink:type="arc" xlink:arcrole="http://www.xbrl.org/2003/arcrole/concept-label" xlink:from="loc_dnb_ftk_dim057" xlink:to="label_dnb_ftk_dim057_2" />
    <link:loc xlink:type="locator" xlink:href="dim.xsd#dnb_ftk_dim058" xlink:label="loc_dnb_ftk_dim058" />
    <link:label xlink:type="resource" xlink:label="label_dnb_ftk_dim058" xml:lang="en" xlink:role="http://www.xbrl.org/2003/role/label">Financiële relaties post</link:label>
    <link:labelArc xlink:type="arc" xlink:arcrole="http://www.xbrl.org/2003/arcrole/concept-label" xlink:from="loc_dnb_ftk_dim058" xlink:to="label_dnb_ftk_dim058" />
    <link:label xlink:type="resource" xlink:label="label_dnb_ftk_dim058_2" xml:lang="en" xlink:role="http://www.xbrl.org/2003/role/documentation">FTK_DIM058</link:label>
    <link:labelArc xlink:type="arc" xlink:arcrole="http://www.xbrl.org/2003/arcrole/concept-label" xlink:from="loc_dnb_ftk_dim058" xlink:to="label_dnb_ftk_dim058_2" />
    <link:loc xlink:type="locator" xlink:href="dim.xsd#dnb_ftk_dim059" xlink:label="loc_dnb_ftk_dim059" />
    <link:label xlink:type="resource" xlink:label="label_dnb_ftk_dim059" xml:lang="en" xlink:role="http://www.xbrl.org/2003/role/label">Uitsplitsing grote beleggingsposten risico fonds</link:label>
    <link:labelArc xlink:type="arc" xlink:arcrole="http://www.xbrl.org/2003/arcrole/concept-label" xlink:from="loc_dnb_ftk_dim059" xlink:to="label_dnb_ftk_dim059" />
    <link:label xlink:type="resource" xlink:label="label_dnb_ftk_dim059_2" xml:lang="en" xlink:role="http://www.xbrl.org/2003/role/documentation">FTK_DIM059</link:label>
    <link:labelArc xlink:type="arc" xlink:arcrole="http://www.xbrl.org/2003/arcrole/concept-label" xlink:from="loc_dnb_ftk_dim059" xlink:to="label_dnb_ftk_dim059_2" />
    <link:loc xlink:type="locator" xlink:href="dim.xsd#dnb_ftk_dim060" xlink:label="loc_dnb_ftk_dim060" />
    <link:label xlink:type="resource" xlink:label="label_dnb_ftk_dim060" xml:lang="en" xlink:role="http://www.xbrl.org/2003/role/label">Uitsplitsing grote beleggingsposten risico deelnemer</link:label>
    <link:labelArc xlink:type="arc" xlink:arcrole="http://www.xbrl.org/2003/arcrole/concept-label" xlink:from="loc_dnb_ftk_dim060" xlink:to="label_dnb_ftk_dim060" />
    <link:label xlink:type="resource" xlink:label="label_dnb_ftk_dim060_2" xml:lang="en" xlink:role="http://www.xbrl.org/2003/role/documentation">FTK_DIM060</link:label>
    <link:labelArc xlink:type="arc" xlink:arcrole="http://www.xbrl.org/2003/arcrole/concept-label" xlink:from="loc_dnb_ftk_dim060" xlink:to="label_dnb_ftk_dim060_2" />
    <link:loc xlink:type="locator" xlink:href="dim.xsd#dnb_ftk_dim061" xlink:label="loc_dnb_ftk_dim061" />
    <link:label xlink:type="resource" xlink:label="label_dnb_ftk_dim061" xml:lang="en" xlink:role="http://www.xbrl.org/2003/role/label">Kostenplaats</link:label>
    <link:labelArc xlink:type="arc" xlink:arcrole="http://www.xbrl.org/2003/arcrole/concept-label" xlink:from="loc_dnb_ftk_dim061" xlink:to="label_dnb_ftk_dim061" />
    <link:label xlink:type="resource" xlink:label="label_dnb_ftk_dim061_2" xml:lang="en" xlink:role="http://www.xbrl.org/2003/role/documentation">FTK_DIM061</link:label>
    <link:labelArc xlink:type="arc" xlink:arcrole="http://www.xbrl.org/2003/arcrole/concept-label" xlink:from="loc_dnb_ftk_dim061" xlink:to="label_dnb_ftk_dim061_2" />
    <link:loc xlink:type="locator" xlink:href="dim.xsd#dnb_ftk_dim062" xlink:label="loc_dnb_ftk_dim062" />
    <link:label xlink:type="resource" xlink:label="label_dnb_ftk_dim062" xml:lang="en" xlink:role="http://www.xbrl.org/2003/role/label">Type vermogensbeheerkosten</link:label>
    <link:labelArc xlink:type="arc" xlink:arcrole="http://www.xbrl.org/2003/arcrole/concept-label" xlink:from="loc_dnb_ftk_dim062" xlink:to="label_dnb_ftk_dim062" />
    <link:label xlink:type="resource" xlink:label="label_dnb_ftk_dim062_2" xml:lang="en" xlink:role="http://www.xbrl.org/2003/role/documentation">FTK_DIM062</link:label>
    <link:labelArc xlink:type="arc" xlink:arcrole="http://www.xbrl.org/2003/arcrole/concept-label" xlink:from="loc_dnb_ftk_dim062" xlink:to="label_dnb_ftk_dim062_2" />
    <link:loc xlink:type="locator" xlink:href="dim.xsd#dnb_ftk_dim063" xlink:label="loc_dnb_ftk_dim063" />
    <link:label xlink:type="resource" xlink:label="label_dnb_ftk_dim063" xml:lang="en" xlink:role="http://www.xbrl.org/2003/role/label">Kostencategorie</link:label>
    <link:labelArc xlink:type="arc" xlink:arcrole="http://www.xbrl.org/2003/arcrole/concept-label" xlink:from="loc_dnb_ftk_dim063" xlink:to="label_dnb_ftk_dim063" />
    <link:label xlink:type="resource" xlink:label="label_dnb_ftk_dim063_2" xml:lang="en" xlink:role="http://www.xbrl.org/2003/role/documentation">FTK_DIM063</link:label>
    <link:labelArc xlink:type="arc" xlink:arcrole="http://www.xbrl.org/2003/arcrole/concept-label" xlink:from="loc_dnb_ftk_dim063" xlink:to="label_dnb_ftk_dim063_2" />
    <link:loc xlink:type="locator" xlink:href="dim.xsd#dnb_ftk_dim064" xlink:label="loc_dnb_ftk_dim064" />
    <link:label xlink:type="resource" xlink:label="label_dnb_ftk_dim064" xml:lang="en" xlink:role="http://www.xbrl.org/2003/role/label">Kostensoort</link:label>
    <link:labelArc xlink:type="arc" xlink:arcrole="http://www.xbrl.org/2003/arcrole/concept-label" xlink:from="loc_dnb_ftk_dim064" xlink:to="label_dnb_ftk_dim064" />
    <link:label xlink:type="resource" xlink:label="label_dnb_ftk_dim064_2" xml:lang="en" xlink:role="http://www.xbrl.org/2003/role/documentation">FTK_DIM064</link:label>
    <link:labelArc xlink:type="arc" xlink:arcrole="http://www.xbrl.org/2003/arcrole/concept-label" xlink:from="loc_dnb_ftk_dim064" xlink:to="label_dnb_ftk_dim064_2" />
    <link:loc xlink:type="locator" xlink:href="dim.xsd#dnb_ftk_dim065" xlink:label="loc_dnb_ftk_dim065" />
    <link:label xlink:type="resource" xlink:label="label_dnb_ftk_dim065" xml:lang="en" xlink:role="http://www.xbrl.org/2003/role/label">Risicodrager</link:label>
    <link:labelArc xlink:type="arc" xlink:arcrole="http://www.xbrl.org/2003/arcrole/concept-label" xlink:from="loc_dnb_ftk_dim065" xlink:to="label_dnb_ftk_dim065" />
    <link:label xlink:type="resource" xlink:label="label_dnb_ftk_dim065_2" xml:lang="en" xlink:role="http://www.xbrl.org/2003/role/documentation">FTK_DIM065</link:label>
    <link:labelArc xlink:type="arc" xlink:arcrole="http://www.xbrl.org/2003/arcrole/concept-label" xlink:from="loc_dnb_ftk_dim065" xlink:to="label_dnb_ftk_dim065_2" />
    <link:loc xlink:type="locator" xlink:href="dim.xsd#dnb_ftk_dim066" xlink:label="loc_dnb_ftk_dim066" />
    <link:label xlink:type="resource" xlink:label="label_dnb_ftk_dim066" xml:lang="en" xlink:role="http://www.xbrl.org/2003/role/label">Premie-indicator</link:label>
    <link:labelArc xlink:type="arc" xlink:arcrole="http://www.xbrl.org/2003/arcrole/concept-label" xlink:from="loc_dnb_ftk_dim066" xlink:to="label_dnb_ftk_dim066" />
    <link:label xlink:type="resource" xlink:label="label_dnb_ftk_dim066_2" xml:lang="en" xlink:role="http://www.xbrl.org/2003/role/documentation">FTK_DIM066</link:label>
    <link:labelArc xlink:type="arc" xlink:arcrole="http://www.xbrl.org/2003/arcrole/concept-label" xlink:from="loc_dnb_ftk_dim066" xlink:to="label_dnb_ftk_dim066_2" />
    <link:loc xlink:type="locator" xlink:href="dim.xsd#dnb_ftk_dim067" xlink:label="loc_dnb_ftk_dim067" />
    <link:label xlink:type="resource" xlink:label="label_dnb_ftk_dim067" xml:lang="en" xlink:role="http://www.xbrl.org/2003/role/label">Actuarieel benodigde premiepost-indicator</link:label>
    <link:labelArc xlink:type="arc" xlink:arcrole="http://www.xbrl.org/2003/arcrole/concept-label" xlink:from="loc_dnb_ftk_dim067" xlink:to="label_dnb_ftk_dim067" />
    <link:label xlink:type="resource" xlink:label="label_dnb_ftk_dim067_2" xml:lang="en" xlink:role="http://www.xbrl.org/2003/role/documentation">FTK_DIM067</link:label>
    <link:labelArc xlink:type="arc" xlink:arcrole="http://www.xbrl.org/2003/arcrole/concept-label" xlink:from="loc_dnb_ftk_dim067" xlink:to="label_dnb_ftk_dim067_2" />
    <link:loc xlink:type="locator" xlink:href="dim.xsd#dnb_ftk_dim068" xlink:label="loc_dnb_ftk_dim068" />
    <link:label xlink:type="resource" xlink:label="label_dnb_ftk_dim068" xml:lang="en" xlink:role="http://www.xbrl.org/2003/role/label">Premiesystematiek</link:label>
    <link:labelArc xlink:type="arc" xlink:arcrole="http://www.xbrl.org/2003/arcrole/concept-label" xlink:from="loc_dnb_ftk_dim068" xlink:to="label_dnb_ftk_dim068" />
    <link:label xlink:type="resource" xlink:label="label_dnb_ftk_dim068_2" xml:lang="en" xlink:role="http://www.xbrl.org/2003/role/documentation">FTK_DIM068</link:label>
    <link:labelArc xlink:type="arc" xlink:arcrole="http://www.xbrl.org/2003/arcrole/concept-label" xlink:from="loc_dnb_ftk_dim068" xlink:to="label_dnb_ftk_dim068_2" />
    <link:loc xlink:type="locator" xlink:href="dim.xsd#dnb_ftk_dim069" xlink:label="loc_dnb_ftk_dim069" />
    <link:label xlink:type="resource" xlink:label="label_dnb_ftk_dim069" xml:lang="en" xlink:role="http://www.xbrl.org/2003/role/label">Overig actuarieel benodigde premie RTS</link:label>
    <link:labelArc xlink:type="arc" xlink:arcrole="http://www.xbrl.org/2003/arcrole/concept-label" xlink:from="loc_dnb_ftk_dim069" xlink:to="label_dnb_ftk_dim069" />
    <link:label xlink:type="resource" xlink:label="label_dnb_ftk_dim069_2" xml:lang="en" xlink:role="http://www.xbrl.org/2003/role/documentation">FTK_DIM069</link:label>
    <link:labelArc xlink:type="arc" xlink:arcrole="http://www.xbrl.org/2003/arcrole/concept-label" xlink:from="loc_dnb_ftk_dim069" xlink:to="label_dnb_ftk_dim069_2" />
    <link:loc xlink:type="locator" xlink:href="dim.xsd#dnb_ftk_dim070" xlink:label="loc_dnb_ftk_dim070" />
    <link:label xlink:type="resource" xlink:label="label_dnb_ftk_dim070" xml:lang="en" xlink:role="http://www.xbrl.org/2003/role/label">Overig actuarieel benodigde premie gedempt</link:label>
    <link:labelArc xlink:type="arc" xlink:arcrole="http://www.xbrl.org/2003/arcrole/concept-label" xlink:from="loc_dnb_ftk_dim070" xlink:to="label_dnb_ftk_dim070" />
    <link:label xlink:type="resource" xlink:label="label_dnb_ftk_dim070_2" xml:lang="en" xlink:role="http://www.xbrl.org/2003/role/documentation">FTK_DIM070</link:label>
    <link:labelArc xlink:type="arc" xlink:arcrole="http://www.xbrl.org/2003/arcrole/concept-label" xlink:from="loc_dnb_ftk_dim070" xlink:to="label_dnb_ftk_dim070_2" />
    <link:loc xlink:type="locator" xlink:href="dim.xsd#dnb_ftk_dim071" xlink:label="loc_dnb_ftk_dim071" />
    <link:label xlink:type="resource" xlink:label="label_dnb_ftk_dim071" xml:lang="en" xlink:role="http://www.xbrl.org/2003/role/label">Grondslagenpost</link:label>
    <link:labelArc xlink:type="arc" xlink:arcrole="http://www.xbrl.org/2003/arcrole/concept-label" xlink:from="loc_dnb_ftk_dim071" xlink:to="label_dnb_ftk_dim071" />
    <link:label xlink:type="resource" xlink:label="label_dnb_ftk_dim071_2" xml:lang="en" xlink:role="http://www.xbrl.org/2003/role/documentation">FTK_DIM071</link:label>
    <link:labelArc xlink:type="arc" xlink:arcrole="http://www.xbrl.org/2003/arcrole/concept-label" xlink:from="loc_dnb_ftk_dim071" xlink:to="label_dnb_ftk_dim071_2" />
    <link:loc xlink:type="locator" xlink:href="dim.xsd#dnb_ftk_dim072" xlink:label="loc_dnb_ftk_dim072" />
    <link:label xlink:type="resource" xlink:label="label_dnb_ftk_dim072" xml:lang="en" xlink:role="http://www.xbrl.org/2003/role/label">Looptijd</link:label>
    <link:labelArc xlink:type="arc" xlink:arcrole="http://www.xbrl.org/2003/arcrole/concept-label" xlink:from="loc_dnb_ftk_dim072" xlink:to="label_dnb_ftk_dim072" />
    <link:label xlink:type="resource" xlink:label="label_dnb_ftk_dim072_2" xml:lang="en" xlink:role="http://www.xbrl.org/2003/role/documentation">FTK_DIM072</link:label>
    <link:labelArc xlink:type="arc" xlink:arcrole="http://www.xbrl.org/2003/arcrole/concept-label" xlink:from="loc_dnb_ftk_dim072" xlink:to="label_dnb_ftk_dim072_2" />
    <link:loc xlink:type="locator" xlink:href="dim.xsd#dnb_ftk_dim073" xlink:label="loc_dnb_ftk_dim073" />
    <link:label xlink:type="resource" xlink:label="label_dnb_ftk_dim073" xml:lang="en" xlink:role="http://www.xbrl.org/2003/role/label">Deelnemertype</link:label>
    <link:labelArc xlink:type="arc" xlink:arcrole="http://www.xbrl.org/2003/arcrole/concept-label" xlink:from="loc_dnb_ftk_dim073" xlink:to="label_dnb_ftk_dim073" />
    <link:label xlink:type="resource" xlink:label="label_dnb_ftk_dim073_2" xml:lang="en" xlink:role="http://www.xbrl.org/2003/role/documentation">FTK_DIM073</link:label>
    <link:labelArc xlink:type="arc" xlink:arcrole="http://www.xbrl.org/2003/arcrole/concept-label" xlink:from="loc_dnb_ftk_dim073" xlink:to="label_dnb_ftk_dim073_2" />
    <link:loc xlink:type="locator" xlink:href="dim.xsd#dnb_ftk_dim074" xlink:label="loc_dnb_ftk_dim074" />
    <link:label xlink:type="resource" xlink:label="label_dnb_ftk_dim074" xml:lang="en" xlink:role="http://www.xbrl.org/2003/role/label">Leeftijd</link:label>
    <link:labelArc xlink:type="arc" xlink:arcrole="http://www.xbrl.org/2003/arcrole/concept-label" xlink:from="loc_dnb_ftk_dim074" xlink:to="label_dnb_ftk_dim074" />
    <link:label xlink:type="resource" xlink:label="label_dnb_ftk_dim074_2" xml:lang="en" xlink:role="http://www.xbrl.org/2003/role/documentation">FTK_DIM074</link:label>
    <link:labelArc xlink:type="arc" xlink:arcrole="http://www.xbrl.org/2003/arcrole/concept-label" xlink:from="loc_dnb_ftk_dim074" xlink:to="label_dnb_ftk_dim074_2" />
    <link:loc xlink:type="locator" xlink:href="dim.xsd#dnb_ftk_dim075" xlink:label="loc_dnb_ftk_dim075" />
    <link:label xlink:type="resource" xlink:label="label_dnb_ftk_dim075" xml:lang="en" xlink:role="http://www.xbrl.org/2003/role/label">Geslacht</link:label>
    <link:labelArc xlink:type="arc" xlink:arcrole="http://www.xbrl.org/2003/arcrole/concept-label" xlink:from="loc_dnb_ftk_dim075" xlink:to="label_dnb_ftk_dim075" />
    <link:label xlink:type="resource" xlink:label="label_dnb_ftk_dim075_2" xml:lang="en" xlink:role="http://www.xbrl.org/2003/role/documentation">FTK_DIM075</link:label>
    <link:labelArc xlink:type="arc" xlink:arcrole="http://www.xbrl.org/2003/arcrole/concept-label" xlink:from="loc_dnb_ftk_dim075" xlink:to="label_dnb_ftk_dim075_2" />
    <link:loc xlink:type="locator" xlink:href="dim.xsd#dnb_ftk_dim076" xlink:label="loc_dnb_ftk_dim076" />
    <link:label xlink:type="resource" xlink:label="label_dnb_ftk_dim076" xml:lang="en" xlink:role="http://www.xbrl.org/2003/role/label">Premiespecificatie garantiecontract</link:label>
    <link:labelArc xlink:type="arc" xlink:arcrole="http://www.xbrl.org/2003/arcrole/concept-label" xlink:from="loc_dnb_ftk_dim076" xlink:to="label_dnb_ftk_dim076" />
    <link:label xlink:type="resource" xlink:label="label_dnb_ftk_dim076_2" xml:lang="en" xlink:role="http://www.xbrl.org/2003/role/documentation">FTK_DIM076</link:label>
    <link:labelArc xlink:type="arc" xlink:arcrole="http://www.xbrl.org/2003/arcrole/concept-label" xlink:from="loc_dnb_ftk_dim076" xlink:to="label_dnb_ftk_dim076_2" />
    <link:loc xlink:type="locator" xlink:href="dim.xsd#dnb_ftk_dim077" xlink:label="loc_dnb_ftk_dim077" />
    <link:label xlink:type="resource" xlink:label="label_dnb_ftk_dim077" xml:lang="en" xlink:role="http://www.xbrl.org/2003/role/label">Toeslagenpost</link:label>
    <link:labelArc xlink:type="arc" xlink:arcrole="http://www.xbrl.org/2003/arcrole/concept-label" xlink:from="loc_dnb_ftk_dim077" xlink:to="label_dnb_ftk_dim077" />
    <link:label xlink:type="resource" xlink:label="label_dnb_ftk_dim077_2" xml:lang="en" xlink:role="http://www.xbrl.org/2003/role/documentation">FTK_DIM077</link:label>
    <link:labelArc xlink:type="arc" xlink:arcrole="http://www.xbrl.org/2003/arcrole/concept-label" xlink:from="loc_dnb_ftk_dim077" xlink:to="label_dnb_ftk_dim077_2" />
    <link:loc xlink:type="locator" xlink:href="dim.xsd#dnb_ftk_dim078" xlink:label="loc_dnb_ftk_dim078" />
    <link:label xlink:type="resource" xlink:label="label_dnb_ftk_dim078" xml:lang="en" xlink:role="http://www.xbrl.org/2003/role/label">Toeslagenbesluit</link:label>
    <link:labelArc xlink:type="arc" xlink:arcrole="http://www.xbrl.org/2003/arcrole/concept-label" xlink:from="loc_dnb_ftk_dim078" xlink:to="label_dnb_ftk_dim078" />
    <link:label xlink:type="resource" xlink:label="label_dnb_ftk_dim078_2" xml:lang="en" xlink:role="http://www.xbrl.org/2003/role/documentation">FTK_DIM078</link:label>
    <link:labelArc xlink:type="arc" xlink:arcrole="http://www.xbrl.org/2003/arcrole/concept-label" xlink:from="loc_dnb_ftk_dim078" xlink:to="label_dnb_ftk_dim078_2" />
    <link:loc xlink:type="locator" xlink:href="dim.xsd#dnb_ftk_dim079" xlink:label="loc_dnb_ftk_dim079" />
    <link:label xlink:type="resource" xlink:label="label_dnb_ftk_dim079" xml:lang="en" xlink:role="http://www.xbrl.org/2003/role/label">Reglementsnaam</link:label>
    <link:labelArc xlink:type="arc" xlink:arcrole="http://www.xbrl.org/2003/arcrole/concept-label" xlink:from="loc_dnb_ftk_dim079" xlink:to="label_dnb_ftk_dim079" />
    <link:label xlink:type="resource" xlink:label="label_dnb_ftk_dim079_2" xml:lang="en" xlink:role="http://www.xbrl.org/2003/role/documentation">FTK_DIM079</link:label>
    <link:labelArc xlink:type="arc" xlink:arcrole="http://www.xbrl.org/2003/arcrole/concept-label" xlink:from="loc_dnb_ftk_dim079" xlink:to="label_dnb_ftk_dim079_2" />
    <link:loc xlink:type="locator" xlink:href="dim.xsd#dnb_ftk_dim080" xlink:label="loc_dnb_ftk_dim080" />
    <link:label xlink:type="resource" xlink:label="label_dnb_ftk_dim080" xml:lang="en" xlink:role="http://www.xbrl.org/2003/role/label">Toetsingsonderdeel</link:label>
    <link:labelArc xlink:type="arc" xlink:arcrole="http://www.xbrl.org/2003/arcrole/concept-label" xlink:from="loc_dnb_ftk_dim080" xlink:to="label_dnb_ftk_dim080" />
    <link:label xlink:type="resource" xlink:label="label_dnb_ftk_dim080_2" xml:lang="en" xlink:role="http://www.xbrl.org/2003/role/documentation">FTK_DIM080</link:label>
    <link:labelArc xlink:type="arc" xlink:arcrole="http://www.xbrl.org/2003/arcrole/concept-label" xlink:from="loc_dnb_ftk_dim080" xlink:to="label_dnb_ftk_dim080_2" />
    <link:loc xlink:type="locator" xlink:href="dim.xsd#dnb_ftk_dim081" xlink:label="loc_dnb_ftk_dim081" />
    <link:label xlink:type="resource" xlink:label="label_dnb_ftk_dim081" xml:lang="en" xlink:role="http://www.xbrl.org/2003/role/label">Indexatieregel</link:label>
    <link:labelArc xlink:type="arc" xlink:arcrole="http://www.xbrl.org/2003/arcrole/concept-label" xlink:from="loc_dnb_ftk_dim081" xlink:to="label_dnb_ftk_dim081" />
    <link:label xlink:type="resource" xlink:label="label_dnb_ftk_dim081_2" xml:lang="en" xlink:role="http://www.xbrl.org/2003/role/documentation">FTK_DIM081</link:label>
    <link:labelArc xlink:type="arc" xlink:arcrole="http://www.xbrl.org/2003/arcrole/concept-label" xlink:from="loc_dnb_ftk_dim081" xlink:to="label_dnb_ftk_dim081_2" />
    <link:loc xlink:type="locator" xlink:href="dim.xsd#dnb_ftk_dim082" xlink:label="loc_dnb_ftk_dim082" />
    <link:label xlink:type="resource" xlink:label="label_dnb_ftk_dim082" xml:lang="en" xlink:role="http://www.xbrl.org/2003/role/label">Technische analyse onderwerp</link:label>
    <link:labelArc xlink:type="arc" xlink:arcrole="http://www.xbrl.org/2003/arcrole/concept-label" xlink:from="loc_dnb_ftk_dim082" xlink:to="label_dnb_ftk_dim082" />
    <link:label xlink:type="resource" xlink:label="label_dnb_ftk_dim082_2" xml:lang="en" xlink:role="http://www.xbrl.org/2003/role/documentation">FTK_DIM082</link:label>
    <link:labelArc xlink:type="arc" xlink:arcrole="http://www.xbrl.org/2003/arcrole/concept-label" xlink:from="loc_dnb_ftk_dim082" xlink:to="label_dnb_ftk_dim082_2" />
    <link:loc xlink:type="locator" xlink:href="dim.xsd#dnb_ftk_dim083" xlink:label="loc_dnb_ftk_dim083" />
    <link:label xlink:type="resource" xlink:label="label_dnb_ftk_dim083" xml:lang="en" xlink:role="http://www.xbrl.org/2003/role/label">Technische analyse hoofdpost</link:label>
    <link:labelArc xlink:type="arc" xlink:arcrole="http://www.xbrl.org/2003/arcrole/concept-label" xlink:from="loc_dnb_ftk_dim083" xlink:to="label_dnb_ftk_dim083" />
    <link:label xlink:type="resource" xlink:label="label_dnb_ftk_dim083_2" xml:lang="en" xlink:role="http://www.xbrl.org/2003/role/documentation">FTK_DIM083</link:label>
    <link:labelArc xlink:type="arc" xlink:arcrole="http://www.xbrl.org/2003/arcrole/concept-label" xlink:from="loc_dnb_ftk_dim083" xlink:to="label_dnb_ftk_dim083_2" />
    <link:loc xlink:type="locator" xlink:href="dim.xsd#dnb_ftk_dim084" xlink:label="loc_dnb_ftk_dim084" />
    <link:label xlink:type="resource" xlink:label="label_dnb_ftk_dim084" xml:lang="en" xlink:role="http://www.xbrl.org/2003/role/label">Technische analyse subpost</link:label>
    <link:labelArc xlink:type="arc" xlink:arcrole="http://www.xbrl.org/2003/arcrole/concept-label" xlink:from="loc_dnb_ftk_dim084" xlink:to="label_dnb_ftk_dim084" />
    <link:label xlink:type="resource" xlink:label="label_dnb_ftk_dim084_2" xml:lang="en" xlink:role="http://www.xbrl.org/2003/role/documentation">FTK_DIM084</link:label>
    <link:labelArc xlink:type="arc" xlink:arcrole="http://www.xbrl.org/2003/arcrole/concept-label" xlink:from="loc_dnb_ftk_dim084" xlink:to="label_dnb_ftk_dim084_2" />
    <link:loc xlink:type="locator" xlink:href="dim.xsd#dnb_ftk_dim085" xlink:label="loc_dnb_ftk_dim085" />
    <link:label xlink:type="resource" xlink:label="label_dnb_ftk_dim085" xml:lang="en" xlink:role="http://www.xbrl.org/2003/role/label">Technische analyse uitsplitsingspost</link:label>
    <link:labelArc xlink:type="arc" xlink:arcrole="http://www.xbrl.org/2003/arcrole/concept-label" xlink:from="loc_dnb_ftk_dim085" xlink:to="label_dnb_ftk_dim085" />
    <link:label xlink:type="resource" xlink:label="label_dnb_ftk_dim085_2" xml:lang="en" xlink:role="http://www.xbrl.org/2003/role/documentation">FTK_DIM085</link:label>
    <link:labelArc xlink:type="arc" xlink:arcrole="http://www.xbrl.org/2003/arcrole/concept-label" xlink:from="loc_dnb_ftk_dim085" xlink:to="label_dnb_ftk_dim085_2" />
    <link:loc xlink:type="locator" xlink:href="dim.xsd#dnb_ftk_dim086" xlink:label="loc_dnb_ftk_dim086" />
    <link:label xlink:type="resource" xlink:label="label_dnb_ftk_dim086" xml:lang="en" xlink:role="http://www.xbrl.org/2003/role/label">Pensioentype</link:label>
    <link:labelArc xlink:type="arc" xlink:arcrole="http://www.xbrl.org/2003/arcrole/concept-label" xlink:from="loc_dnb_ftk_dim086" xlink:to="label_dnb_ftk_dim086" />
    <link:label xlink:type="resource" xlink:label="label_dnb_ftk_dim086_2" xml:lang="en" xlink:role="http://www.xbrl.org/2003/role/documentation">FTK_DIM086</link:label>
    <link:labelArc xlink:type="arc" xlink:arcrole="http://www.xbrl.org/2003/arcrole/concept-label" xlink:from="loc_dnb_ftk_dim086" xlink:to="label_dnb_ftk_dim086_2" />
    <link:loc xlink:type="locator" xlink:href="dim.xsd#dnb_ftk_dim087" xlink:label="loc_dnb_ftk_dim087" />
    <link:label xlink:type="resource" xlink:label="label_dnb_ftk_dim087" xml:lang="en" xlink:role="http://www.xbrl.org/2003/role/label">Deelnemersmutatie</link:label>
    <link:labelArc xlink:type="arc" xlink:arcrole="http://www.xbrl.org/2003/arcrole/concept-label" xlink:from="loc_dnb_ftk_dim087" xlink:to="label_dnb_ftk_dim087" />
    <link:label xlink:type="resource" xlink:label="label_dnb_ftk_dim087_2" xml:lang="en" xlink:role="http://www.xbrl.org/2003/role/documentation">FTK_DIM087</link:label>
    <link:labelArc xlink:type="arc" xlink:arcrole="http://www.xbrl.org/2003/arcrole/concept-label" xlink:from="loc_dnb_ftk_dim087" xlink:to="label_dnb_ftk_dim087_2" />
    <link:loc xlink:type="locator" xlink:href="dim.xsd#dnb_ftk_dim088" xlink:label="loc_dnb_ftk_dim088" />
    <link:label xlink:type="resource" xlink:label="label_dnb_ftk_dim088" xml:lang="en" xlink:role="http://www.xbrl.org/2003/role/label">Leeftijdscohort</link:label>
    <link:labelArc xlink:type="arc" xlink:arcrole="http://www.xbrl.org/2003/arcrole/concept-label" xlink:from="loc_dnb_ftk_dim088" xlink:to="label_dnb_ftk_dim088" />
    <link:label xlink:type="resource" xlink:label="label_dnb_ftk_dim088_2" xml:lang="en" xlink:role="http://www.xbrl.org/2003/role/documentation">FTK_DIM088</link:label>
    <link:labelArc xlink:type="arc" xlink:arcrole="http://www.xbrl.org/2003/arcrole/concept-label" xlink:from="loc_dnb_ftk_dim088" xlink:to="label_dnb_ftk_dim088_2" />
    <link:loc xlink:type="locator" xlink:href="dim.xsd#dnb_ftk_dim089" xlink:label="loc_dnb_ftk_dim089" />
    <link:label xlink:type="resource" xlink:label="label_dnb_ftk_dim089" xml:lang="en" xlink:role="http://www.xbrl.org/2003/role/label">Type geografische uitsplitsing</link:label>
    <link:labelArc xlink:type="arc" xlink:arcrole="http://www.xbrl.org/2003/arcrole/concept-label" xlink:from="loc_dnb_ftk_dim089" xlink:to="label_dnb_ftk_dim089" />
    <link:label xlink:type="resource" xlink:label="label_dnb_ftk_dim089_2" xml:lang="en" xlink:role="http://www.xbrl.org/2003/role/documentation">FTK_DIM089</link:label>
    <link:labelArc xlink:type="arc" xlink:arcrole="http://www.xbrl.org/2003/arcrole/concept-label" xlink:from="loc_dnb_ftk_dim089" xlink:to="label_dnb_ftk_dim089_2" />
    <link:loc xlink:type="locator" xlink:href="dim.xsd#dnb_ftk_dim090" xlink:label="loc_dnb_ftk_dim090" />
    <link:label xlink:type="resource" xlink:label="label_dnb_ftk_dim090" xml:lang="en" xlink:role="http://www.xbrl.org/2003/role/label">Contract-/regelingsonderdeel</link:label>
    <link:labelArc xlink:type="arc" xlink:arcrole="http://www.xbrl.org/2003/arcrole/concept-label" xlink:from="loc_dnb_ftk_dim090" xlink:to="label_dnb_ftk_dim090" />
    <link:label xlink:type="resource" xlink:label="label_dnb_ftk_dim090_2" xml:lang="en" xlink:role="http://www.xbrl.org/2003/role/documentation">FTK_DIM090</link:label>
    <link:labelArc xlink:type="arc" xlink:arcrole="http://www.xbrl.org/2003/arcrole/concept-label" xlink:from="loc_dnb_ftk_dim090" xlink:to="label_dnb_ftk_dim090_2" />
    <link:loc xlink:type="locator" xlink:href="dim.xsd#dnb_ftk_dim091" xlink:label="loc_dnb_ftk_dim091" />
    <link:label xlink:type="resource" xlink:label="label_dnb_ftk_dim091" xml:lang="en" xlink:role="http://www.xbrl.org/2003/role/label">Details garantiecontract</link:label>
    <link:labelArc xlink:type="arc" xlink:arcrole="http://www.xbrl.org/2003/arcrole/concept-label" xlink:from="loc_dnb_ftk_dim091" xlink:to="label_dnb_ftk_dim091" />
    <link:label xlink:type="resource" xlink:label="label_dnb_ftk_dim091_2" xml:lang="en" xlink:role="http://www.xbrl.org/2003/role/documentation">FTK_DIM091</link:label>
    <link:labelArc xlink:type="arc" xlink:arcrole="http://www.xbrl.org/2003/arcrole/concept-label" xlink:from="loc_dnb_ftk_dim091" xlink:to="label_dnb_ftk_dim091_2" />
    <link:loc xlink:type="locator" xlink:href="dim.xsd#dnb_ftk_dim092" xlink:label="loc_dnb_ftk_dim092" />
    <link:label xlink:type="resource" xlink:label="label_dnb_ftk_dim092" xml:lang="en" xlink:role="http://www.xbrl.org/2003/role/label">Garantiecontracten</link:label>
    <link:labelArc xlink:type="arc" xlink:arcrole="http://www.xbrl.org/2003/arcrole/concept-label" xlink:from="loc_dnb_ftk_dim092" xlink:to="label_dnb_ftk_dim092" />
    <link:label xlink:type="resource" xlink:label="label_dnb_ftk_dim092_2" xml:lang="en" xlink:role="http://www.xbrl.org/2003/role/documentation">FTK_DIM092</link:label>
    <link:labelArc xlink:type="arc" xlink:arcrole="http://www.xbrl.org/2003/arcrole/concept-label" xlink:from="loc_dnb_ftk_dim092" xlink:to="label_dnb_ftk_dim092_2" />
    <link:loc xlink:type="locator" xlink:href="dim.xsd#dnb_ftk_dim093" xlink:label="loc_dnb_ftk_dim093" />
    <link:label xlink:type="resource" xlink:label="label_dnb_ftk_dim093" xml:lang="en" xlink:role="http://www.xbrl.org/2003/role/label">Details kapitaalcontract</link:label>
    <link:labelArc xlink:type="arc" xlink:arcrole="http://www.xbrl.org/2003/arcrole/concept-label" xlink:from="loc_dnb_ftk_dim093" xlink:to="label_dnb_ftk_dim093" />
    <link:label xlink:type="resource" xlink:label="label_dnb_ftk_dim093_2" xml:lang="en" xlink:role="http://www.xbrl.org/2003/role/documentation">FTK_DIM093</link:label>
    <link:labelArc xlink:type="arc" xlink:arcrole="http://www.xbrl.org/2003/arcrole/concept-label" xlink:from="loc_dnb_ftk_dim093" xlink:to="label_dnb_ftk_dim093_2" />
    <link:loc xlink:type="locator" xlink:href="dim.xsd#dnb_ftk_dim094" xlink:label="loc_dnb_ftk_dim094" />
    <link:label xlink:type="resource" xlink:label="label_dnb_ftk_dim094" xml:lang="en" xlink:role="http://www.xbrl.org/2003/role/label">Kapitaalcontracten</link:label>
    <link:labelArc xlink:type="arc" xlink:arcrole="http://www.xbrl.org/2003/arcrole/concept-label" xlink:from="loc_dnb_ftk_dim094" xlink:to="label_dnb_ftk_dim094" />
    <link:label xlink:type="resource" xlink:label="label_dnb_ftk_dim094_2" xml:lang="en" xlink:role="http://www.xbrl.org/2003/role/documentation">FTK_DIM094</link:label>
    <link:labelArc xlink:type="arc" xlink:arcrole="http://www.xbrl.org/2003/arcrole/concept-label" xlink:from="loc_dnb_ftk_dim094" xlink:to="label_dnb_ftk_dim094_2" />
    <link:loc xlink:type="locator" xlink:href="dim.xsd#dnb_ftk_dim095" xlink:label="loc_dnb_ftk_dim095" />
    <link:label xlink:type="resource" xlink:label="label_dnb_ftk_dim095" xml:lang="en" xlink:role="http://www.xbrl.org/2003/role/label">Regeling risico deelnemer</link:label>
    <link:labelArc xlink:type="arc" xlink:arcrole="http://www.xbrl.org/2003/arcrole/concept-label" xlink:from="loc_dnb_ftk_dim095" xlink:to="label_dnb_ftk_dim095" />
    <link:label xlink:type="resource" xlink:label="label_dnb_ftk_dim095_2" xml:lang="en" xlink:role="http://www.xbrl.org/2003/role/documentation">FTK_DIM095</link:label>
    <link:labelArc xlink:type="arc" xlink:arcrole="http://www.xbrl.org/2003/arcrole/concept-label" xlink:from="loc_dnb_ftk_dim095" xlink:to="label_dnb_ftk_dim095_2" />
    <link:loc xlink:type="locator" xlink:href="dim.xsd#dnb_ftk_dim096" xlink:label="loc_dnb_ftk_dim096" />
    <link:label xlink:type="resource" xlink:label="label_dnb_ftk_dim096" xml:lang="en" xlink:role="http://www.xbrl.org/2003/role/label">Uitsplitsing beleggingsportefeuille</link:label>
    <link:labelArc xlink:type="arc" xlink:arcrole="http://www.xbrl.org/2003/arcrole/concept-label" xlink:from="loc_dnb_ftk_dim096" xlink:to="label_dnb_ftk_dim096" />
    <link:label xlink:type="resource" xlink:label="label_dnb_ftk_dim096_2" xml:lang="en" xlink:role="http://www.xbrl.org/2003/role/documentation">FTK_DIM096</link:label>
    <link:labelArc xlink:type="arc" xlink:arcrole="http://www.xbrl.org/2003/arcrole/concept-label" xlink:from="loc_dnb_ftk_dim096" xlink:to="label_dnb_ftk_dim096_2" />
    <link:loc xlink:type="locator" xlink:href="dim.xsd#dnb_ftk_dim097" xlink:label="loc_dnb_ftk_dim097" />
    <link:label xlink:type="resource" xlink:label="label_dnb_ftk_dim097" xml:lang="en" xlink:role="http://www.xbrl.org/2003/role/label">Details VUT regeling</link:label>
    <link:labelArc xlink:type="arc" xlink:arcrole="http://www.xbrl.org/2003/arcrole/concept-label" xlink:from="loc_dnb_ftk_dim097" xlink:to="label_dnb_ftk_dim097" />
    <link:label xlink:type="resource" xlink:label="label_dnb_ftk_dim097_2" xml:lang="en" xlink:role="http://www.xbrl.org/2003/role/documentation">FTK_DIM097</link:label>
    <link:labelArc xlink:type="arc" xlink:arcrole="http://www.xbrl.org/2003/arcrole/concept-label" xlink:from="loc_dnb_ftk_dim097" xlink:to="label_dnb_ftk_dim097_2" />
    <link:loc xlink:type="locator" xlink:href="dim.xsd#dnb_ftk_dim098" xlink:label="loc_dnb_ftk_dim098" />
    <link:label xlink:type="resource" xlink:label="label_dnb_ftk_dim098" xml:lang="en" xlink:role="http://www.xbrl.org/2003/role/label">Details inhaalpensioen</link:label>
    <link:labelArc xlink:type="arc" xlink:arcrole="http://www.xbrl.org/2003/arcrole/concept-label" xlink:from="loc_dnb_ftk_dim098" xlink:to="label_dnb_ftk_dim098" />
    <link:label xlink:type="resource" xlink:label="label_dnb_ftk_dim098_2" xml:lang="en" xlink:role="http://www.xbrl.org/2003/role/documentation">FTK_DIM098</link:label>
    <link:labelArc xlink:type="arc" xlink:arcrole="http://www.xbrl.org/2003/arcrole/concept-label" xlink:from="loc_dnb_ftk_dim098" xlink:to="label_dnb_ftk_dim098_2" />
    <link:loc xlink:type="locator" xlink:href="dim.xsd#dnb_ftk_dim099" xlink:label="loc_dnb_ftk_dim099" />
    <link:label xlink:type="resource" xlink:label="label_dnb_ftk_dim099" xml:lang="en" xlink:role="http://www.xbrl.org/2003/role/label">Type actieven</link:label>
    <link:labelArc xlink:type="arc" xlink:arcrole="http://www.xbrl.org/2003/arcrole/concept-label" xlink:from="loc_dnb_ftk_dim099" xlink:to="label_dnb_ftk_dim099" />
    <link:label xlink:type="resource" xlink:label="label_dnb_ftk_dim099_2" xml:lang="en" xlink:role="http://www.xbrl.org/2003/role/documentation">FTK_DIM099</link:label>
    <link:labelArc xlink:type="arc" xlink:arcrole="http://www.xbrl.org/2003/arcrole/concept-label" xlink:from="loc_dnb_ftk_dim099" xlink:to="label_dnb_ftk_dim099_2" />
    <link:loc xlink:type="locator" xlink:href="dim.xsd#dnb_ftk_dim100" xlink:label="loc_dnb_ftk_dim100" />
    <link:label xlink:type="resource" xlink:label="label_dnb_ftk_dim100" xml:lang="en" xlink:role="http://www.xbrl.org/2003/role/label">Reglementskenmerk</link:label>
    <link:labelArc xlink:type="arc" xlink:arcrole="http://www.xbrl.org/2003/arcrole/concept-label" xlink:from="loc_dnb_ftk_dim100" xlink:to="label_dnb_ftk_dim100" />
    <link:label xlink:type="resource" xlink:label="label_dnb_ftk_dim100_2" xml:lang="en" xlink:role="http://www.xbrl.org/2003/role/documentation">FTK_DIM100</link:label>
    <link:labelArc xlink:type="arc" xlink:arcrole="http://www.xbrl.org/2003/arcrole/concept-label" xlink:from="loc_dnb_ftk_dim100" xlink:to="label_dnb_ftk_dim100_2" />
    <link:loc xlink:type="locator" xlink:href="dim.xsd#dnb_ftk_dim101" xlink:label="loc_dnb_ftk_dim101" />
    <link:label xlink:type="resource" xlink:label="label_dnb_ftk_dim101" xml:lang="en" xlink:role="http://www.xbrl.org/2003/role/label">Herstelplanpost</link:label>
    <link:labelArc xlink:type="arc" xlink:arcrole="http://www.xbrl.org/2003/arcrole/concept-label" xlink:from="loc_dnb_ftk_dim101" xlink:to="label_dnb_ftk_dim101" />
    <link:label xlink:type="resource" xlink:label="label_dnb_ftk_dim101_2" xml:lang="en" xlink:role="http://www.xbrl.org/2003/role/documentation">FTK_DIM101</link:label>
    <link:labelArc xlink:type="arc" xlink:arcrole="http://www.xbrl.org/2003/arcrole/concept-label" xlink:from="loc_dnb_ftk_dim101" xlink:to="label_dnb_ftk_dim101_2" />
    <link:loc xlink:type="locator" xlink:href="dim.xsd#dnb_ftk_dim102" xlink:label="loc_dnb_ftk_dim102" />
    <link:label xlink:type="resource" xlink:label="label_dnb_ftk_dim102" xml:lang="en" xlink:role="http://www.xbrl.org/2003/role/label">Referentieperiode</link:label>
    <link:labelArc xlink:type="arc" xlink:arcrole="http://www.xbrl.org/2003/arcrole/concept-label" xlink:from="loc_dnb_ftk_dim102" xlink:to="label_dnb_ftk_dim102" />
    <link:label xlink:type="resource" xlink:label="label_dnb_ftk_dim102_2" xml:lang="en" xlink:role="http://www.xbrl.org/2003/role/documentation">FTK_DIM102</link:label>
    <link:labelArc xlink:type="arc" xlink:arcrole="http://www.xbrl.org/2003/arcrole/concept-label" xlink:from="loc_dnb_ftk_dim102" xlink:to="label_dnb_ftk_dim102_2" />
    <link:loc xlink:type="locator" xlink:href="dim.xsd#dnb_ftk_dim103" xlink:label="loc_dnb_ftk_dim103" />
    <link:label xlink:type="resource" xlink:label="label_dnb_ftk_dim103" xml:lang="en" xlink:role="http://www.xbrl.org/2003/role/label">Sjabloon</link:label>
    <link:labelArc xlink:type="arc" xlink:arcrole="http://www.xbrl.org/2003/arcrole/concept-label" xlink:from="loc_dnb_ftk_dim103" xlink:to="label_dnb_ftk_dim103" />
    <link:label xlink:type="resource" xlink:label="label_dnb_ftk_dim103_2" xml:lang="en" xlink:role="http://www.xbrl.org/2003/role/documentation">FTK_DIM103</link:label>
    <link:labelArc xlink:type="arc" xlink:arcrole="http://www.xbrl.org/2003/arcrole/concept-label" xlink:from="loc_dnb_ftk_dim103" xlink:to="label_dnb_ftk_dim103_2" />
    <link:loc xlink:type="locator" xlink:href="dim.xsd#dnb_ftk_dim104" xlink:label="loc_dnb_ftk_dim104" />
    <link:label xlink:type="resource" xlink:label="label_dnb_ftk_dim104" xml:lang="en" xlink:role="http://www.xbrl.org/2003/role/label">HBT-post</link:label>
    <link:labelArc xlink:type="arc" xlink:arcrole="http://www.xbrl.org/2003/arcrole/concept-label" xlink:from="loc_dnb_ftk_dim104" xlink:to="label_dnb_ftk_dim104" />
    <link:label xlink:type="resource" xlink:label="label_dnb_ftk_dim104_2" xml:lang="en" xlink:role="http://www.xbrl.org/2003/role/documentation">FTK_DIM104</link:label>
    <link:labelArc xlink:type="arc" xlink:arcrole="http://www.xbrl.org/2003/arcrole/concept-label" xlink:from="loc_dnb_ftk_dim104" xlink:to="label_dnb_ftk_dim104_2" />
    <link:loc xlink:type="locator" xlink:href="dim.xsd#dnb_ftk_dim105" xlink:label="loc_dnb_ftk_dim105" />
    <link:label xlink:type="resource" xlink:label="label_dnb_ftk_dim105" xml:lang="en" xlink:role="http://www.xbrl.org/2003/role/label">Registratienummer</link:label>
    <link:labelArc xlink:type="arc" xlink:arcrole="http://www.xbrl.org/2003/arcrole/concept-label" xlink:from="loc_dnb_ftk_dim105" xlink:to="label_dnb_ftk_dim105" />
    <link:label xlink:type="resource" xlink:label="label_dnb_ftk_dim105_2" xml:lang="en" xlink:role="http://www.xbrl.org/2003/role/documentation">FTK_DIM105</link:label>
    <link:labelArc xlink:type="arc" xlink:arcrole="http://www.xbrl.org/2003/arcrole/concept-label" xlink:from="loc_dnb_ftk_dim105" xlink:to="label_dnb_ftk_dim105_2" />
    <link:loc xlink:type="locator" xlink:href="dim.xsd#dnb_ftk_dim106" xlink:label="loc_dnb_ftk_dim106" />
    <link:label xlink:type="resource" xlink:label="label_dnb_ftk_dim106" xml:lang="en" xlink:role="http://www.xbrl.org/2003/role/label">Naam kring</link:label>
    <link:labelArc xlink:type="arc" xlink:arcrole="http://www.xbrl.org/2003/arcrole/concept-label" xlink:from="loc_dnb_ftk_dim106" xlink:to="label_dnb_ftk_dim106" />
    <link:label xlink:type="resource" xlink:label="label_dnb_ftk_dim106_2" xml:lang="en" xlink:role="http://www.xbrl.org/2003/role/documentation">FTK_DIM106</link:label>
    <link:labelArc xlink:type="arc" xlink:arcrole="http://www.xbrl.org/2003/arcrole/concept-label" xlink:from="loc_dnb_ftk_dim106" xlink:to="label_dnb_ftk_dim106_2" />
    <link:loc xlink:type="locator" xlink:href="dim.xsd#dnb_ftk_dim107" xlink:label="loc_dnb_ftk_dim107" />
    <link:label xlink:type="resource" xlink:label="label_dnb_ftk_dim107" xml:lang="en" xlink:role="http://www.xbrl.org/2003/role/label">Financiële groep</link:label>
    <link:labelArc xlink:type="arc" xlink:arcrole="http://www.xbrl.org/2003/arcrole/concept-label" xlink:from="loc_dnb_ftk_dim107" xlink:to="label_dnb_ftk_dim107" />
    <link:label xlink:type="resource" xlink:label="label_dnb_ftk_dim107_2" xml:lang="en" xlink:role="http://www.xbrl.org/2003/role/documentation">FTK_DIM107</link:label>
    <link:labelArc xlink:type="arc" xlink:arcrole="http://www.xbrl.org/2003/arcrole/concept-label" xlink:from="loc_dnb_ftk_dim107" xlink:to="label_dnb_ftk_dim107_2" />
    <link:loc xlink:type="locator" xlink:href="dim.xsd#dnb_ftk_dim108" xlink:label="loc_dnb_ftk_dim108" />
    <link:label xlink:type="resource" xlink:label="label_dnb_ftk_dim108" xml:lang="en" xlink:role="http://www.xbrl.org/2003/role/label">Resterende looptijd</link:label>
    <link:labelArc xlink:type="arc" xlink:arcrole="http://www.xbrl.org/2003/arcrole/concept-label" xlink:from="loc_dnb_ftk_dim108" xlink:to="label_dnb_ftk_dim108" />
    <link:label xlink:type="resource" xlink:label="label_dnb_ftk_dim108_2" xml:lang="en" xlink:role="http://www.xbrl.org/2003/role/documentation">FTK_DIM108</link:label>
    <link:labelArc xlink:type="arc" xlink:arcrole="http://www.xbrl.org/2003/arcrole/concept-label" xlink:from="loc_dnb_ftk_dim108" xlink:to="label_dnb_ftk_dim108_2" />
    <link:loc xlink:type="locator" xlink:href="dim.xsd#dnb_ftk_dim109" xlink:label="loc_dnb_ftk_dim109" />
    <link:label xlink:type="resource" xlink:label="label_dnb_ftk_dim109" xml:lang="en" xlink:role="http://www.xbrl.org/2003/role/label">Naam bestuurslid</link:label>
    <link:labelArc xlink:type="arc" xlink:arcrole="http://www.xbrl.org/2003/arcrole/concept-label" xlink:from="loc_dnb_ftk_dim109" xlink:to="label_dnb_ftk_dim109" />
    <link:label xlink:type="resource" xlink:label="label_dnb_ftk_dim109_2" xml:lang="en" xlink:role="http://www.xbrl.org/2003/role/documentation">FTK_DIM109</link:label>
    <link:labelArc xlink:type="arc" xlink:arcrole="http://www.xbrl.org/2003/arcrole/concept-label" xlink:from="loc_dnb_ftk_dim109" xlink:to="label_dnb_ftk_dim109_2" />
    <link:loc xlink:type="locator" xlink:href="dim.xsd#dnb_ftk_dim110" xlink:label="loc_dnb_ftk_dim110" />
    <link:label xlink:type="resource" xlink:label="label_dnb_ftk_dim110" xml:lang="en" xlink:role="http://www.xbrl.org/2003/role/label">Naam medebeleidsbepaler</link:label>
    <link:labelArc xlink:type="arc" xlink:arcrole="http://www.xbrl.org/2003/arcrole/concept-label" xlink:from="loc_dnb_ftk_dim110" xlink:to="label_dnb_ftk_dim110" />
    <link:label xlink:type="resource" xlink:label="label_dnb_ftk_dim110_2" xml:lang="en" xlink:role="http://www.xbrl.org/2003/role/documentation">FTK_DIM110</link:label>
    <link:labelArc xlink:type="arc" xlink:arcrole="http://www.xbrl.org/2003/arcrole/concept-label" xlink:from="loc_dnb_ftk_dim110" xlink:to="label_dnb_ftk_dim110_2" />
    <link:loc xlink:type="locator" xlink:href="dim.xsd#dnb_ftk_dim111" xlink:label="loc_dnb_ftk_dim111" />
    <link:label xlink:type="resource" xlink:label="label_dnb_ftk_dim111" xml:lang="en" xlink:role="http://www.xbrl.org/2003/role/label">Naam lid raad van toezicht</link:label>
    <link:labelArc xlink:type="arc" xlink:arcrole="http://www.xbrl.org/2003/arcrole/concept-label" xlink:from="loc_dnb_ftk_dim111" xlink:to="label_dnb_ftk_dim111" />
    <link:label xlink:type="resource" xlink:label="label_dnb_ftk_dim111_2" xml:lang="en" xlink:role="http://www.xbrl.org/2003/role/documentation">FTK_DIM111</link:label>
    <link:labelArc xlink:type="arc" xlink:arcrole="http://www.xbrl.org/2003/arcrole/concept-label" xlink:from="loc_dnb_ftk_dim111" xlink:to="label_dnb_ftk_dim111_2" />
    <link:loc xlink:type="locator" xlink:href="dim.xsd#dnb_ftk_dim112" xlink:label="loc_dnb_ftk_dim112" />
    <link:label xlink:type="resource" xlink:label="label_dnb_ftk_dim112" xml:lang="en" xlink:role="http://www.xbrl.org/2003/role/label">Naam lid belanghebbendenorgaan</link:label>
    <link:labelArc xlink:type="arc" xlink:arcrole="http://www.xbrl.org/2003/arcrole/concept-label" xlink:from="loc_dnb_ftk_dim112" xlink:to="label_dnb_ftk_dim112" />
    <link:label xlink:type="resource" xlink:label="label_dnb_ftk_dim112_2" xml:lang="en" xlink:role="http://www.xbrl.org/2003/role/documentation">FTK_DIM112</link:label>
    <link:labelArc xlink:type="arc" xlink:arcrole="http://www.xbrl.org/2003/arcrole/concept-label" xlink:from="loc_dnb_ftk_dim112" xlink:to="label_dnb_ftk_dim112_2" />
    <link:loc xlink:type="locator" xlink:href="dim.xsd#dnb_ftk_dim113" xlink:label="loc_dnb_ftk_dim113" />
    <link:label xlink:type="resource" xlink:label="label_dnb_ftk_dim113" xml:lang="en" xlink:role="http://www.xbrl.org/2003/role/label">Identificatie aangehouden beleggingen</link:label>
    <link:labelArc xlink:type="arc" xlink:arcrole="http://www.xbrl.org/2003/arcrole/concept-label" xlink:from="loc_dnb_ftk_dim113" xlink:to="label_dnb_ftk_dim113" />
    <link:label xlink:type="resource" xlink:label="label_dnb_ftk_dim113_2" xml:lang="en" xlink:role="http://www.xbrl.org/2003/role/documentation">FTK_DIM113</link:label>
    <link:labelArc xlink:type="arc" xlink:arcrole="http://www.xbrl.org/2003/arcrole/concept-label" xlink:from="loc_dnb_ftk_dim113" xlink:to="label_dnb_ftk_dim113_2" />
    <link:loc xlink:type="locator" xlink:href="dim.xsd#dnb_ftk_dim114" xlink:label="loc_dnb_ftk_dim114" />
    <link:label xlink:type="resource" xlink:label="label_dnb_ftk_dim114" xml:lang="en" xlink:role="http://www.xbrl.org/2003/role/label">Identificatie aangehouden derivaten</link:label>
    <link:labelArc xlink:type="arc" xlink:arcrole="http://www.xbrl.org/2003/arcrole/concept-label" xlink:from="loc_dnb_ftk_dim114" xlink:to="label_dnb_ftk_dim114" />
    <link:label xlink:type="resource" xlink:label="label_dnb_ftk_dim114_2" xml:lang="en" xlink:role="http://www.xbrl.org/2003/role/documentation">FTK_DIM114</link:label>
    <link:labelArc xlink:type="arc" xlink:arcrole="http://www.xbrl.org/2003/arcrole/concept-label" xlink:from="loc_dnb_ftk_dim114" xlink:to="label_dnb_ftk_dim114_2" />
    <link:loc xlink:type="locator" xlink:href="dim.xsd#dnb_ftk_dim115" xlink:label="loc_dnb_ftk_dim115" />
    <link:label xlink:type="resource" xlink:label="label_dnb_ftk_dim115" xml:lang="en" xlink:role="http://www.xbrl.org/2003/role/label">Identificatie beleggingsfonds</link:label>
    <link:labelArc xlink:type="arc" xlink:arcrole="http://www.xbrl.org/2003/arcrole/concept-label" xlink:from="loc_dnb_ftk_dim115" xlink:to="label_dnb_ftk_dim115" />
    <link:label xlink:type="resource" xlink:label="label_dnb_ftk_dim115_2" xml:lang="en" xlink:role="http://www.xbrl.org/2003/role/documentation">FTK_DIM115</link:label>
    <link:labelArc xlink:type="arc" xlink:arcrole="http://www.xbrl.org/2003/arcrole/concept-label" xlink:from="loc_dnb_ftk_dim115" xlink:to="label_dnb_ftk_dim115_2" />
    <link:loc xlink:type="locator" xlink:href="dim.xsd#dnb_ftk_dim116" xlink:label="loc_dnb_ftk_dim116" />
    <link:label xlink:type="resource" xlink:label="label_dnb_ftk_dim116" xml:lang="en" xlink:role="http://www.xbrl.org/2003/role/label">Naam lid Verantwoordingsorgaan</link:label>
    <link:labelArc xlink:type="arc" xlink:arcrole="http://www.xbrl.org/2003/arcrole/concept-label" xlink:from="loc_dnb_ftk_dim116" xlink:to="label_dnb_ftk_dim116" />
    <link:label xlink:type="resource" xlink:label="label_dnb_ftk_dim116_2" xml:lang="en" xlink:role="http://www.xbrl.org/2003/role/documentation">FTK_DIM116</link:label>
    <link:labelArc xlink:type="arc" xlink:arcrole="http://www.xbrl.org/2003/arcrole/concept-label" xlink:from="loc_dnb_ftk_dim116" xlink:to="label_dnb_ftk_dim116_2" />
    <link:loc xlink:type="locator" xlink:href="dim.xsd#dnb_ftk_dim117" xlink:label="loc_dnb_ftk_dim117" />
    <link:label xlink:type="resource" xlink:label="label_dnb_ftk_dim117" xml:lang="en" xlink:role="http://www.xbrl.org/2003/role/label">Regelnummer aangehouden beleggingen</link:label>
    <link:labelArc xlink:type="arc" xlink:arcrole="http://www.xbrl.org/2003/arcrole/concept-label" xlink:from="loc_dnb_ftk_dim117" xlink:to="label_dnb_ftk_dim117" />
    <link:label xlink:type="resource" xlink:label="label_dnb_ftk_dim117_2" xml:lang="en" xlink:role="http://www.xbrl.org/2003/role/documentation">FTK_DIM117</link:label>
    <link:labelArc xlink:type="arc" xlink:arcrole="http://www.xbrl.org/2003/arcrole/concept-label" xlink:from="loc_dnb_ftk_dim117" xlink:to="label_dnb_ftk_dim117_2" />
    <link:loc xlink:type="locator" xlink:href="dim.xsd#dnb_ftk_dim118" xlink:label="loc_dnb_ftk_dim118" />
    <link:label xlink:type="resource" xlink:label="label_dnb_ftk_dim118" xml:lang="en" xlink:role="http://www.xbrl.org/2003/role/label">Regelnummer aangehouden derivaten</link:label>
    <link:labelArc xlink:type="arc" xlink:arcrole="http://www.xbrl.org/2003/arcrole/concept-label" xlink:from="loc_dnb_ftk_dim118" xlink:to="label_dnb_ftk_dim118" />
    <link:label xlink:type="resource" xlink:label="label_dnb_ftk_dim118_2" xml:lang="en" xlink:role="http://www.xbrl.org/2003/role/documentation">FTK_DIM118</link:label>
    <link:labelArc xlink:type="arc" xlink:arcrole="http://www.xbrl.org/2003/arcrole/concept-label" xlink:from="loc_dnb_ftk_dim118" xlink:to="label_dnb_ftk_dim118_2" />
  </link:labelLink>
</link:linkbase>