﻿<?xml version="1.0" encoding="utf-8"?>
<!--© DNB-->
<link:linkbase xmlns:xsi="http://www.w3.org/2001/XMLSchema-instance" xmlns:xlink="http://www.w3.org/1999/xlink" xmlns:link="http://www.xbrl.org/2003/linkbase" xmlns:xbrldt="http://xbrl.org/2005/xbrldt" xsi:schemaLocation="http://www.xbrl.org/2003/linkbase http://www.xbrl.org/2003/xbrl-linkbase-2003-12-31.xsd http://xbrl.org/2005/xbrldt http://www.xbrl.org/2005/xbrldt-2005.xsd">
  <link:arcroleRef arcroleURI="http://xbrl.org/int/dim/arcrole/dimension-default" xlink:type="simple" xlink:href="http://www.xbrl.org/2005/xbrldt-2005.xsd#dimension-default" />
  <link:arcroleRef arcroleURI="http://xbrl.org/int/dim/arcrole/dimension-domain" xlink:type="simple" xlink:href="http://www.xbrl.org/2005/xbrldt-2005.xsd#dimension-domain" />
  <link:definitionLink xlink:type="extended" xlink:role="http://www.xbrl.org/2003/role/link">
    <link:loc xlink:type="locator" xlink:href="../dom/exp.xsd#dnb_ftk_dom001" xlink:label="loc_dnb_ftk_dom001" />
    <link:loc xlink:type="locator" xlink:href="../dom/ftk_dom001/mem.xsd#dnb_mem000" xlink:label="loc_dnb_ftk_dom001_mem000" />
    <link:loc xlink:type="locator" xlink:href="dim.xsd#dnb_ftk_dim001" xlink:label="loc_dnb_ftk_dim001" />
    <link:definitionArc xlink:type="arc" xlink:arcrole="http://xbrl.org/int/dim/arcrole/dimension-domain" xlink:from="loc_dnb_ftk_dim001" xlink:to="loc_dnb_ftk_dom001" xbrldt:usable="false" />
    <link:definitionArc xlink:type="arc" xlink:arcrole="http://xbrl.org/int/dim/arcrole/dimension-default" xlink:from="loc_dnb_ftk_dim001" xlink:to="loc_dnb_ftk_dom001_mem000" />
    <link:loc xlink:type="locator" xlink:href="../dom/exp.xsd#dnb_ftk_dom002" xlink:label="loc_dnb_ftk_dom002" />
    <link:loc xlink:type="locator" xlink:href="../dom/ftk_dom002/mem.xsd#dnb_mem000" xlink:label="loc_dnb_ftk_dom002_mem000" />
    <link:loc xlink:type="locator" xlink:href="dim.xsd#dnb_ftk_dim002" xlink:label="loc_dnb_ftk_dim002" />
    <link:definitionArc xlink:type="arc" xlink:arcrole="http://xbrl.org/int/dim/arcrole/dimension-domain" xlink:from="loc_dnb_ftk_dim002" xlink:to="loc_dnb_ftk_dom002" xbrldt:usable="false" />
    <link:definitionArc xlink:type="arc" xlink:arcrole="http://xbrl.org/int/dim/arcrole/dimension-default" xlink:from="loc_dnb_ftk_dim002" xlink:to="loc_dnb_ftk_dom002_mem000" />
    <link:loc xlink:type="locator" xlink:href="dim.xsd#dnb_ftk_dim008" xlink:label="loc_dnb_ftk_dim008" />
    <link:definitionArc xlink:type="arc" xlink:arcrole="http://xbrl.org/int/dim/arcrole/dimension-domain" xlink:from="loc_dnb_ftk_dim008" xlink:to="loc_dnb_ftk_dom002" xbrldt:usable="false" />
    <link:definitionArc xlink:type="arc" xlink:arcrole="http://xbrl.org/int/dim/arcrole/dimension-default" xlink:from="loc_dnb_ftk_dim008" xlink:to="loc_dnb_ftk_dom002_mem000" />
    <link:loc xlink:type="locator" xlink:href="../dom/exp.xsd#dnb_ftk_dom003" xlink:label="loc_dnb_ftk_dom003" />
    <link:loc xlink:type="locator" xlink:href="../dom/ftk_dom003/mem.xsd#dnb_mem000" xlink:label="loc_dnb_ftk_dom003_mem000" />
    <link:loc xlink:type="locator" xlink:href="dim.xsd#dnb_ftk_dim003" xlink:label="loc_dnb_ftk_dim003" />
    <link:definitionArc xlink:type="arc" xlink:arcrole="http://xbrl.org/int/dim/arcrole/dimension-domain" xlink:from="loc_dnb_ftk_dim003" xlink:to="loc_dnb_ftk_dom003" xbrldt:usable="false" />
    <link:definitionArc xlink:type="arc" xlink:arcrole="http://xbrl.org/int/dim/arcrole/dimension-default" xlink:from="loc_dnb_ftk_dim003" xlink:to="loc_dnb_ftk_dom003_mem000" />
    <link:loc xlink:type="locator" xlink:href="../dom/exp.xsd#dnb_ftk_dom004" xlink:label="loc_dnb_ftk_dom004" />
    <link:loc xlink:type="locator" xlink:href="../dom/ftk_dom004/mem.xsd#dnb_mem000" xlink:label="loc_dnb_ftk_dom004_mem000" />
    <link:loc xlink:type="locator" xlink:href="dim.xsd#dnb_ftk_dim004" xlink:label="loc_dnb_ftk_dim004" />
    <link:definitionArc xlink:type="arc" xlink:arcrole="http://xbrl.org/int/dim/arcrole/dimension-domain" xlink:from="loc_dnb_ftk_dim004" xlink:to="loc_dnb_ftk_dom004" xbrldt:usable="false" />
    <link:definitionArc xlink:type="arc" xlink:arcrole="http://xbrl.org/int/dim/arcrole/dimension-default" xlink:from="loc_dnb_ftk_dim004" xlink:to="loc_dnb_ftk_dom004_mem000" />
    <link:loc xlink:type="locator" xlink:href="dim.xsd#dnb_ftk_dim005" xlink:label="loc_dnb_ftk_dim005" />
    <link:definitionArc xlink:type="arc" xlink:arcrole="http://xbrl.org/int/dim/arcrole/dimension-domain" xlink:from="loc_dnb_ftk_dim005" xlink:to="loc_dnb_ftk_dom004" xbrldt:usable="false" />
    <link:definitionArc xlink:type="arc" xlink:arcrole="http://xbrl.org/int/dim/arcrole/dimension-default" xlink:from="loc_dnb_ftk_dim005" xlink:to="loc_dnb_ftk_dom004_mem000" />
    <link:loc xlink:type="locator" xlink:href="dim.xsd#dnb_ftk_dim009" xlink:label="loc_dnb_ftk_dim009" />
    <link:definitionArc xlink:type="arc" xlink:arcrole="http://xbrl.org/int/dim/arcrole/dimension-domain" xlink:from="loc_dnb_ftk_dim009" xlink:to="loc_dnb_ftk_dom004" xbrldt:usable="false" />
    <link:definitionArc xlink:type="arc" xlink:arcrole="http://xbrl.org/int/dim/arcrole/dimension-default" xlink:from="loc_dnb_ftk_dim009" xlink:to="loc_dnb_ftk_dom004_mem000" />
    <link:loc xlink:type="locator" xlink:href="dim.xsd#dnb_ftk_dim010" xlink:label="loc_dnb_ftk_dim010" />
    <link:definitionArc xlink:type="arc" xlink:arcrole="http://xbrl.org/int/dim/arcrole/dimension-domain" xlink:from="loc_dnb_ftk_dim010" xlink:to="loc_dnb_ftk_dom004" xbrldt:usable="false" />
    <link:definitionArc xlink:type="arc" xlink:arcrole="http://xbrl.org/int/dim/arcrole/dimension-default" xlink:from="loc_dnb_ftk_dim010" xlink:to="loc_dnb_ftk_dom004_mem000" />
    <link:loc xlink:type="locator" xlink:href="dim.xsd#dnb_ftk_dim011" xlink:label="loc_dnb_ftk_dim011" />
    <link:definitionArc xlink:type="arc" xlink:arcrole="http://xbrl.org/int/dim/arcrole/dimension-domain" xlink:from="loc_dnb_ftk_dim011" xlink:to="loc_dnb_ftk_dom004" xbrldt:usable="false" />
    <link:definitionArc xlink:type="arc" xlink:arcrole="http://xbrl.org/int/dim/arcrole/dimension-default" xlink:from="loc_dnb_ftk_dim011" xlink:to="loc_dnb_ftk_dom004_mem000" />
    <link:loc xlink:type="locator" xlink:href="../dom/exp.xsd#dnb_ftk_dom005" xlink:label="loc_dnb_ftk_dom005" />
    <link:loc xlink:type="locator" xlink:href="../dom/ftk_dom005/mem.xsd#dnb_mem000" xlink:label="loc_dnb_ftk_dom005_mem000" />
    <link:loc xlink:type="locator" xlink:href="dim.xsd#dnb_ftk_dim006" xlink:label="loc_dnb_ftk_dim006" />
    <link:definitionArc xlink:type="arc" xlink:arcrole="http://xbrl.org/int/dim/arcrole/dimension-domain" xlink:from="loc_dnb_ftk_dim006" xlink:to="loc_dnb_ftk_dom005" xbrldt:usable="false" />
    <link:definitionArc xlink:type="arc" xlink:arcrole="http://xbrl.org/int/dim/arcrole/dimension-default" xlink:from="loc_dnb_ftk_dim006" xlink:to="loc_dnb_ftk_dom005_mem000" />
    <link:loc xlink:type="locator" xlink:href="dim.xsd#dnb_ftk_dim007" xlink:label="loc_dnb_ftk_dim007" />
    <link:definitionArc xlink:type="arc" xlink:arcrole="http://xbrl.org/int/dim/arcrole/dimension-domain" xlink:from="loc_dnb_ftk_dim007" xlink:to="loc_dnb_ftk_dom005" xbrldt:usable="false" />
    <link:definitionArc xlink:type="arc" xlink:arcrole="http://xbrl.org/int/dim/arcrole/dimension-default" xlink:from="loc_dnb_ftk_dim007" xlink:to="loc_dnb_ftk_dom005_mem000" />
    <link:loc xlink:type="locator" xlink:href="dim.xsd#dnb_ftk_dim027" xlink:label="loc_dnb_ftk_dim027" />
    <link:definitionArc xlink:type="arc" xlink:arcrole="http://xbrl.org/int/dim/arcrole/dimension-domain" xlink:from="loc_dnb_ftk_dim027" xlink:to="loc_dnb_ftk_dom005" xbrldt:usable="false" />
    <link:definitionArc xlink:type="arc" xlink:arcrole="http://xbrl.org/int/dim/arcrole/dimension-default" xlink:from="loc_dnb_ftk_dim027" xlink:to="loc_dnb_ftk_dom005_mem000" />
    <link:loc xlink:type="locator" xlink:href="dim.xsd#dnb_ftk_dim028" xlink:label="loc_dnb_ftk_dim028" />
    <link:definitionArc xlink:type="arc" xlink:arcrole="http://xbrl.org/int/dim/arcrole/dimension-domain" xlink:from="loc_dnb_ftk_dim028" xlink:to="loc_dnb_ftk_dom005" xbrldt:usable="false" />
    <link:definitionArc xlink:type="arc" xlink:arcrole="http://xbrl.org/int/dim/arcrole/dimension-default" xlink:from="loc_dnb_ftk_dim028" xlink:to="loc_dnb_ftk_dom005_mem000" />
    <link:loc xlink:type="locator" xlink:href="dim.xsd#dnb_ftk_dim029" xlink:label="loc_dnb_ftk_dim029" />
    <link:definitionArc xlink:type="arc" xlink:arcrole="http://xbrl.org/int/dim/arcrole/dimension-domain" xlink:from="loc_dnb_ftk_dim029" xlink:to="loc_dnb_ftk_dom005" xbrldt:usable="false" />
    <link:definitionArc xlink:type="arc" xlink:arcrole="http://xbrl.org/int/dim/arcrole/dimension-default" xlink:from="loc_dnb_ftk_dim029" xlink:to="loc_dnb_ftk_dom005_mem000" />
    <link:loc xlink:type="locator" xlink:href="../dom/exp.xsd#dnb_ftk_dom007" xlink:label="loc_dnb_ftk_dom007" />
    <link:loc xlink:type="locator" xlink:href="../dom/ftk_dom007/mem.xsd#dnb_mem000" xlink:label="loc_dnb_ftk_dom007_mem000" />
    <link:loc xlink:type="locator" xlink:href="dim.xsd#dnb_ftk_dim012" xlink:label="loc_dnb_ftk_dim012" />
    <link:definitionArc xlink:type="arc" xlink:arcrole="http://xbrl.org/int/dim/arcrole/dimension-domain" xlink:from="loc_dnb_ftk_dim012" xlink:to="loc_dnb_ftk_dom007" xbrldt:usable="false" />
    <link:definitionArc xlink:type="arc" xlink:arcrole="http://xbrl.org/int/dim/arcrole/dimension-default" xlink:from="loc_dnb_ftk_dim012" xlink:to="loc_dnb_ftk_dom007_mem000" />
    <link:loc xlink:type="locator" xlink:href="../dom/exp.xsd#dnb_ftk_dom008" xlink:label="loc_dnb_ftk_dom008" />
    <link:loc xlink:type="locator" xlink:href="../dom/ftk_dom008/mem.xsd#dnb_mem000" xlink:label="loc_dnb_ftk_dom008_mem000" />
    <link:loc xlink:type="locator" xlink:href="dim.xsd#dnb_ftk_dim013" xlink:label="loc_dnb_ftk_dim013" />
    <link:definitionArc xlink:type="arc" xlink:arcrole="http://xbrl.org/int/dim/arcrole/dimension-domain" xlink:from="loc_dnb_ftk_dim013" xlink:to="loc_dnb_ftk_dom008" xbrldt:usable="false" />
    <link:definitionArc xlink:type="arc" xlink:arcrole="http://xbrl.org/int/dim/arcrole/dimension-default" xlink:from="loc_dnb_ftk_dim013" xlink:to="loc_dnb_ftk_dom008_mem000" />
    <link:loc xlink:type="locator" xlink:href="../dom/exp.xsd#dnb_ftk_dom009" xlink:label="loc_dnb_ftk_dom009" />
    <link:loc xlink:type="locator" xlink:href="../dom/ftk_dom009/mem.xsd#dnb_mem000" xlink:label="loc_dnb_ftk_dom009_mem000" />
    <link:loc xlink:type="locator" xlink:href="dim.xsd#dnb_ftk_dim014" xlink:label="loc_dnb_ftk_dim014" />
    <link:definitionArc xlink:type="arc" xlink:arcrole="http://xbrl.org/int/dim/arcrole/dimension-domain" xlink:from="loc_dnb_ftk_dim014" xlink:to="loc_dnb_ftk_dom009" xbrldt:usable="false" />
    <link:definitionArc xlink:type="arc" xlink:arcrole="http://xbrl.org/int/dim/arcrole/dimension-default" xlink:from="loc_dnb_ftk_dim014" xlink:to="loc_dnb_ftk_dom009_mem000" />
    <link:loc xlink:type="locator" xlink:href="../dom/exp.xsd#dnb_ftk_dom010" xlink:label="loc_dnb_ftk_dom010" />
    <link:loc xlink:type="locator" xlink:href="../dom/ftk_dom010/mem.xsd#dnb_mem000" xlink:label="loc_dnb_ftk_dom010_mem000" />
    <link:loc xlink:type="locator" xlink:href="dim.xsd#dnb_ftk_dim015" xlink:label="loc_dnb_ftk_dim015" />
    <link:definitionArc xlink:type="arc" xlink:arcrole="http://xbrl.org/int/dim/arcrole/dimension-domain" xlink:from="loc_dnb_ftk_dim015" xlink:to="loc_dnb_ftk_dom010" xbrldt:usable="false" />
    <link:definitionArc xlink:type="arc" xlink:arcrole="http://xbrl.org/int/dim/arcrole/dimension-default" xlink:from="loc_dnb_ftk_dim015" xlink:to="loc_dnb_ftk_dom010_mem000" />
    <link:loc xlink:type="locator" xlink:href="../dom/exp.xsd#dnb_ftk_dom011" xlink:label="loc_dnb_ftk_dom011" />
    <link:loc xlink:type="locator" xlink:href="../dom/ftk_dom011/mem.xsd#dnb_mem000" xlink:label="loc_dnb_ftk_dom011_mem000" />
    <link:loc xlink:type="locator" xlink:href="dim.xsd#dnb_ftk_dim016" xlink:label="loc_dnb_ftk_dim016" />
    <link:definitionArc xlink:type="arc" xlink:arcrole="http://xbrl.org/int/dim/arcrole/dimension-domain" xlink:from="loc_dnb_ftk_dim016" xlink:to="loc_dnb_ftk_dom011" xbrldt:usable="false" />
    <link:definitionArc xlink:type="arc" xlink:arcrole="http://xbrl.org/int/dim/arcrole/dimension-default" xlink:from="loc_dnb_ftk_dim016" xlink:to="loc_dnb_ftk_dom011_mem000" />
    <link:loc xlink:type="locator" xlink:href="dim.xsd#dnb_ftk_dim018" xlink:label="loc_dnb_ftk_dim018" />
    <link:definitionArc xlink:type="arc" xlink:arcrole="http://xbrl.org/int/dim/arcrole/dimension-domain" xlink:from="loc_dnb_ftk_dim018" xlink:to="loc_dnb_ftk_dom011" xbrldt:usable="false" />
    <link:definitionArc xlink:type="arc" xlink:arcrole="http://xbrl.org/int/dim/arcrole/dimension-default" xlink:from="loc_dnb_ftk_dim018" xlink:to="loc_dnb_ftk_dom011_mem000" />
    <link:loc xlink:type="locator" xlink:href="../dom/exp.xsd#dnb_ftk_dom012" xlink:label="loc_dnb_ftk_dom012" />
    <link:loc xlink:type="locator" xlink:href="../dom/ftk_dom012/mem.xsd#dnb_mem000" xlink:label="loc_dnb_ftk_dom012_mem000" />
    <link:loc xlink:type="locator" xlink:href="dim.xsd#dnb_ftk_dim017" xlink:label="loc_dnb_ftk_dim017" />
    <link:definitionArc xlink:type="arc" xlink:arcrole="http://xbrl.org/int/dim/arcrole/dimension-domain" xlink:from="loc_dnb_ftk_dim017" xlink:to="loc_dnb_ftk_dom012" xbrldt:usable="false" />
    <link:definitionArc xlink:type="arc" xlink:arcrole="http://xbrl.org/int/dim/arcrole/dimension-default" xlink:from="loc_dnb_ftk_dim017" xlink:to="loc_dnb_ftk_dom012_mem000" />
    <link:loc xlink:type="locator" xlink:href="dim.xsd#dnb_ftk_dim024" xlink:label="loc_dnb_ftk_dim024" />
    <link:definitionArc xlink:type="arc" xlink:arcrole="http://xbrl.org/int/dim/arcrole/dimension-domain" xlink:from="loc_dnb_ftk_dim024" xlink:to="loc_dnb_ftk_dom012" xbrldt:usable="false" />
    <link:definitionArc xlink:type="arc" xlink:arcrole="http://xbrl.org/int/dim/arcrole/dimension-default" xlink:from="loc_dnb_ftk_dim024" xlink:to="loc_dnb_ftk_dom012_mem000" />
    <link:loc xlink:type="locator" xlink:href="../dom/exp.xsd#dnb_ftk_dom013" xlink:label="loc_dnb_ftk_dom013" />
    <link:loc xlink:type="locator" xlink:href="../dom/ftk_dom013/mem.xsd#dnb_mem000" xlink:label="loc_dnb_ftk_dom013_mem000" />
    <link:loc xlink:type="locator" xlink:href="dim.xsd#dnb_ftk_dim019" xlink:label="loc_dnb_ftk_dim019" />
    <link:definitionArc xlink:type="arc" xlink:arcrole="http://xbrl.org/int/dim/arcrole/dimension-domain" xlink:from="loc_dnb_ftk_dim019" xlink:to="loc_dnb_ftk_dom013" xbrldt:usable="false" />
    <link:definitionArc xlink:type="arc" xlink:arcrole="http://xbrl.org/int/dim/arcrole/dimension-default" xlink:from="loc_dnb_ftk_dim019" xlink:to="loc_dnb_ftk_dom013_mem000" />
    <link:loc xlink:type="locator" xlink:href="../dom/exp.xsd#dnb_ftk_dom014" xlink:label="loc_dnb_ftk_dom014" />
    <link:loc xlink:type="locator" xlink:href="../dom/ftk_dom014/mem.xsd#dnb_mem000" xlink:label="loc_dnb_ftk_dom014_mem000" />
    <link:loc xlink:type="locator" xlink:href="dim.xsd#dnb_ftk_dim020" xlink:label="loc_dnb_ftk_dim020" />
    <link:definitionArc xlink:type="arc" xlink:arcrole="http://xbrl.org/int/dim/arcrole/dimension-domain" xlink:from="loc_dnb_ftk_dim020" xlink:to="loc_dnb_ftk_dom014" xbrldt:usable="false" />
    <link:definitionArc xlink:type="arc" xlink:arcrole="http://xbrl.org/int/dim/arcrole/dimension-default" xlink:from="loc_dnb_ftk_dim020" xlink:to="loc_dnb_ftk_dom014_mem000" />
    <link:loc xlink:type="locator" xlink:href="../dom/exp.xsd#dnb_ftk_dom015" xlink:label="loc_dnb_ftk_dom015" />
    <link:loc xlink:type="locator" xlink:href="../dom/ftk_dom015/mem.xsd#dnb_mem000" xlink:label="loc_dnb_ftk_dom015_mem000" />
    <link:loc xlink:type="locator" xlink:href="dim.xsd#dnb_ftk_dim021" xlink:label="loc_dnb_ftk_dim021" />
    <link:definitionArc xlink:type="arc" xlink:arcrole="http://xbrl.org/int/dim/arcrole/dimension-domain" xlink:from="loc_dnb_ftk_dim021" xlink:to="loc_dnb_ftk_dom015" xbrldt:usable="false" />
    <link:definitionArc xlink:type="arc" xlink:arcrole="http://xbrl.org/int/dim/arcrole/dimension-default" xlink:from="loc_dnb_ftk_dim021" xlink:to="loc_dnb_ftk_dom015_mem000" />
    <link:loc xlink:type="locator" xlink:href="dim.xsd#dnb_ftk_dim022" xlink:label="loc_dnb_ftk_dim022" />
    <link:definitionArc xlink:type="arc" xlink:arcrole="http://xbrl.org/int/dim/arcrole/dimension-domain" xlink:from="loc_dnb_ftk_dim022" xlink:to="loc_dnb_ftk_dom015" xbrldt:usable="false" />
    <link:definitionArc xlink:type="arc" xlink:arcrole="http://xbrl.org/int/dim/arcrole/dimension-default" xlink:from="loc_dnb_ftk_dim022" xlink:to="loc_dnb_ftk_dom015_mem000" />
    <link:loc xlink:type="locator" xlink:href="dim.xsd#dnb_ftk_dim023" xlink:label="loc_dnb_ftk_dim023" />
    <link:definitionArc xlink:type="arc" xlink:arcrole="http://xbrl.org/int/dim/arcrole/dimension-domain" xlink:from="loc_dnb_ftk_dim023" xlink:to="loc_dnb_ftk_dom015" xbrldt:usable="false" />
    <link:definitionArc xlink:type="arc" xlink:arcrole="http://xbrl.org/int/dim/arcrole/dimension-default" xlink:from="loc_dnb_ftk_dim023" xlink:to="loc_dnb_ftk_dom015_mem000" />
    <link:loc xlink:type="locator" xlink:href="../dom/exp.xsd#dnb_ftk_dom016" xlink:label="loc_dnb_ftk_dom016" />
    <link:loc xlink:type="locator" xlink:href="../dom/ftk_dom016/mem.xsd#dnb_mem000" xlink:label="loc_dnb_ftk_dom016_mem000" />
    <link:loc xlink:type="locator" xlink:href="dim.xsd#dnb_ftk_dim025" xlink:label="loc_dnb_ftk_dim025" />
    <link:definitionArc xlink:type="arc" xlink:arcrole="http://xbrl.org/int/dim/arcrole/dimension-domain" xlink:from="loc_dnb_ftk_dim025" xlink:to="loc_dnb_ftk_dom016" xbrldt:usable="false" />
    <link:definitionArc xlink:type="arc" xlink:arcrole="http://xbrl.org/int/dim/arcrole/dimension-default" xlink:from="loc_dnb_ftk_dim025" xlink:to="loc_dnb_ftk_dom016_mem000" />
    <link:loc xlink:type="locator" xlink:href="dim.xsd#dnb_ftk_dim026" xlink:label="loc_dnb_ftk_dim026" />
    <link:definitionArc xlink:type="arc" xlink:arcrole="http://xbrl.org/int/dim/arcrole/dimension-domain" xlink:from="loc_dnb_ftk_dim026" xlink:to="loc_dnb_ftk_dom016" xbrldt:usable="false" />
    <link:definitionArc xlink:type="arc" xlink:arcrole="http://xbrl.org/int/dim/arcrole/dimension-default" xlink:from="loc_dnb_ftk_dim026" xlink:to="loc_dnb_ftk_dom016_mem000" />
    <link:loc xlink:type="locator" xlink:href="../dom/exp.xsd#dnb_ftk_dom017" xlink:label="loc_dnb_ftk_dom017" />
    <link:loc xlink:type="locator" xlink:href="../dom/ftk_dom017/mem.xsd#dnb_mem000" xlink:label="loc_dnb_ftk_dom017_mem000" />
    <link:loc xlink:type="locator" xlink:href="dim.xsd#dnb_ftk_dim030" xlink:label="loc_dnb_ftk_dim030" />
    <link:definitionArc xlink:type="arc" xlink:arcrole="http://xbrl.org/int/dim/arcrole/dimension-domain" xlink:from="loc_dnb_ftk_dim030" xlink:to="loc_dnb_ftk_dom017" xbrldt:usable="false" />
    <link:definitionArc xlink:type="arc" xlink:arcrole="http://xbrl.org/int/dim/arcrole/dimension-default" xlink:from="loc_dnb_ftk_dim030" xlink:to="loc_dnb_ftk_dom017_mem000" />
    <link:loc xlink:type="locator" xlink:href="../dom/exp.xsd#dnb_ftk_dom018" xlink:label="loc_dnb_ftk_dom018" />
    <link:loc xlink:type="locator" xlink:href="../dom/ftk_dom018/mem.xsd#dnb_mem000" xlink:label="loc_dnb_ftk_dom018_mem000" />
    <link:loc xlink:type="locator" xlink:href="dim.xsd#dnb_ftk_dim032" xlink:label="loc_dnb_ftk_dim032" />
    <link:definitionArc xlink:type="arc" xlink:arcrole="http://xbrl.org/int/dim/arcrole/dimension-domain" xlink:from="loc_dnb_ftk_dim032" xlink:to="loc_dnb_ftk_dom018" xbrldt:usable="false" />
    <link:definitionArc xlink:type="arc" xlink:arcrole="http://xbrl.org/int/dim/arcrole/dimension-default" xlink:from="loc_dnb_ftk_dim032" xlink:to="loc_dnb_ftk_dom018_mem000" />
    <link:loc xlink:type="locator" xlink:href="../dom/exp.xsd#dnb_ftk_dom019" xlink:label="loc_dnb_ftk_dom019" />
    <link:loc xlink:type="locator" xlink:href="../dom/ftk_dom019/mem.xsd#dnb_mem000" xlink:label="loc_dnb_ftk_dom019_mem000" />
    <link:loc xlink:type="locator" xlink:href="dim.xsd#dnb_ftk_dim036" xlink:label="loc_dnb_ftk_dim036" />
    <link:definitionArc xlink:type="arc" xlink:arcrole="http://xbrl.org/int/dim/arcrole/dimension-domain" xlink:from="loc_dnb_ftk_dim036" xlink:to="loc_dnb_ftk_dom019" xbrldt:usable="false" />
    <link:definitionArc xlink:type="arc" xlink:arcrole="http://xbrl.org/int/dim/arcrole/dimension-default" xlink:from="loc_dnb_ftk_dim036" xlink:to="loc_dnb_ftk_dom019_mem000" />
    <link:loc xlink:type="locator" xlink:href="../dom/exp.xsd#dnb_ftk_dom020" xlink:label="loc_dnb_ftk_dom020" />
    <link:loc xlink:type="locator" xlink:href="../dom/ftk_dom020/mem.xsd#dnb_mem000" xlink:label="loc_dnb_ftk_dom020_mem000" />
    <link:loc xlink:type="locator" xlink:href="dim.xsd#dnb_ftk_dim051" xlink:label="loc_dnb_ftk_dim051" />
    <link:definitionArc xlink:type="arc" xlink:arcrole="http://xbrl.org/int/dim/arcrole/dimension-domain" xlink:from="loc_dnb_ftk_dim051" xlink:to="loc_dnb_ftk_dom020" xbrldt:usable="false" />
    <link:definitionArc xlink:type="arc" xlink:arcrole="http://xbrl.org/int/dim/arcrole/dimension-default" xlink:from="loc_dnb_ftk_dim051" xlink:to="loc_dnb_ftk_dom020_mem000" />
    <link:loc xlink:type="locator" xlink:href="../dom/exp.xsd#dnb_ftk_dom021" xlink:label="loc_dnb_ftk_dom021" />
    <link:loc xlink:type="locator" xlink:href="../dom/ftk_dom021/mem.xsd#dnb_mem000" xlink:label="loc_dnb_ftk_dom021_mem000" />
    <link:loc xlink:type="locator" xlink:href="dim.xsd#dnb_ftk_dim057" xlink:label="loc_dnb_ftk_dim057" />
    <link:definitionArc xlink:type="arc" xlink:arcrole="http://xbrl.org/int/dim/arcrole/dimension-domain" xlink:from="loc_dnb_ftk_dim057" xlink:to="loc_dnb_ftk_dom021" xbrldt:usable="false" />
    <link:definitionArc xlink:type="arc" xlink:arcrole="http://xbrl.org/int/dim/arcrole/dimension-default" xlink:from="loc_dnb_ftk_dim057" xlink:to="loc_dnb_ftk_dom021_mem000" />
    <link:loc xlink:type="locator" xlink:href="../dom/exp.xsd#dnb_ftk_dom022" xlink:label="loc_dnb_ftk_dom022" />
    <link:loc xlink:type="locator" xlink:href="../dom/ftk_dom022/mem.xsd#dnb_mem000" xlink:label="loc_dnb_ftk_dom022_mem000" />
    <link:loc xlink:type="locator" xlink:href="dim.xsd#dnb_ftk_dim058" xlink:label="loc_dnb_ftk_dim058" />
    <link:definitionArc xlink:type="arc" xlink:arcrole="http://xbrl.org/int/dim/arcrole/dimension-domain" xlink:from="loc_dnb_ftk_dim058" xlink:to="loc_dnb_ftk_dom022" xbrldt:usable="false" />
    <link:definitionArc xlink:type="arc" xlink:arcrole="http://xbrl.org/int/dim/arcrole/dimension-default" xlink:from="loc_dnb_ftk_dim058" xlink:to="loc_dnb_ftk_dom022_mem000" />
    <link:loc xlink:type="locator" xlink:href="../dom/exp.xsd#dnb_ftk_dom023" xlink:label="loc_dnb_ftk_dom023" />
    <link:loc xlink:type="locator" xlink:href="../dom/ftk_dom023/mem.xsd#dnb_mem000" xlink:label="loc_dnb_ftk_dom023_mem000" />
    <link:loc xlink:type="locator" xlink:href="dim.xsd#dnb_ftk_dim061" xlink:label="loc_dnb_ftk_dim061" />
    <link:definitionArc xlink:type="arc" xlink:arcrole="http://xbrl.org/int/dim/arcrole/dimension-domain" xlink:from="loc_dnb_ftk_dim061" xlink:to="loc_dnb_ftk_dom023" xbrldt:usable="false" />
    <link:definitionArc xlink:type="arc" xlink:arcrole="http://xbrl.org/int/dim/arcrole/dimension-default" xlink:from="loc_dnb_ftk_dim061" xlink:to="loc_dnb_ftk_dom023_mem000" />
    <link:loc xlink:type="locator" xlink:href="dim.xsd#dnb_ftk_dim062" xlink:label="loc_dnb_ftk_dim062" />
    <link:definitionArc xlink:type="arc" xlink:arcrole="http://xbrl.org/int/dim/arcrole/dimension-domain" xlink:from="loc_dnb_ftk_dim062" xlink:to="loc_dnb_ftk_dom023" xbrldt:usable="false" />
    <link:definitionArc xlink:type="arc" xlink:arcrole="http://xbrl.org/int/dim/arcrole/dimension-default" xlink:from="loc_dnb_ftk_dim062" xlink:to="loc_dnb_ftk_dom023_mem000" />
    <link:loc xlink:type="locator" xlink:href="dim.xsd#dnb_ftk_dim063" xlink:label="loc_dnb_ftk_dim063" />
    <link:definitionArc xlink:type="arc" xlink:arcrole="http://xbrl.org/int/dim/arcrole/dimension-domain" xlink:from="loc_dnb_ftk_dim063" xlink:to="loc_dnb_ftk_dom023" xbrldt:usable="false" />
    <link:definitionArc xlink:type="arc" xlink:arcrole="http://xbrl.org/int/dim/arcrole/dimension-default" xlink:from="loc_dnb_ftk_dim063" xlink:to="loc_dnb_ftk_dom023_mem000" />
    <link:loc xlink:type="locator" xlink:href="dim.xsd#dnb_ftk_dim064" xlink:label="loc_dnb_ftk_dim064" />
    <link:definitionArc xlink:type="arc" xlink:arcrole="http://xbrl.org/int/dim/arcrole/dimension-domain" xlink:from="loc_dnb_ftk_dim064" xlink:to="loc_dnb_ftk_dom023" xbrldt:usable="false" />
    <link:definitionArc xlink:type="arc" xlink:arcrole="http://xbrl.org/int/dim/arcrole/dimension-default" xlink:from="loc_dnb_ftk_dim064" xlink:to="loc_dnb_ftk_dom023_mem000" />
    <link:loc xlink:type="locator" xlink:href="../dom/exp.xsd#dnb_ftk_dom024" xlink:label="loc_dnb_ftk_dom024" />
    <link:loc xlink:type="locator" xlink:href="../dom/ftk_dom024/mem.xsd#dnb_mem000" xlink:label="loc_dnb_ftk_dom024_mem000" />
    <link:loc xlink:type="locator" xlink:href="dim.xsd#dnb_ftk_dim065" xlink:label="loc_dnb_ftk_dim065" />
    <link:definitionArc xlink:type="arc" xlink:arcrole="http://xbrl.org/int/dim/arcrole/dimension-domain" xlink:from="loc_dnb_ftk_dim065" xlink:to="loc_dnb_ftk_dom024" xbrldt:usable="false" />
    <link:definitionArc xlink:type="arc" xlink:arcrole="http://xbrl.org/int/dim/arcrole/dimension-default" xlink:from="loc_dnb_ftk_dim065" xlink:to="loc_dnb_ftk_dom024_mem000" />
    <link:loc xlink:type="locator" xlink:href="../dom/exp.xsd#dnb_ftk_dom025" xlink:label="loc_dnb_ftk_dom025" />
    <link:loc xlink:type="locator" xlink:href="../dom/ftk_dom025/mem.xsd#dnb_mem000" xlink:label="loc_dnb_ftk_dom025_mem000" />
    <link:loc xlink:type="locator" xlink:href="dim.xsd#dnb_ftk_dim066" xlink:label="loc_dnb_ftk_dim066" />
    <link:definitionArc xlink:type="arc" xlink:arcrole="http://xbrl.org/int/dim/arcrole/dimension-domain" xlink:from="loc_dnb_ftk_dim066" xlink:to="loc_dnb_ftk_dom025" xbrldt:usable="false" />
    <link:definitionArc xlink:type="arc" xlink:arcrole="http://xbrl.org/int/dim/arcrole/dimension-default" xlink:from="loc_dnb_ftk_dim066" xlink:to="loc_dnb_ftk_dom025_mem000" />
    <link:loc xlink:type="locator" xlink:href="dim.xsd#dnb_ftk_dim067" xlink:label="loc_dnb_ftk_dim067" />
    <link:definitionArc xlink:type="arc" xlink:arcrole="http://xbrl.org/int/dim/arcrole/dimension-domain" xlink:from="loc_dnb_ftk_dim067" xlink:to="loc_dnb_ftk_dom025" xbrldt:usable="false" />
    <link:definitionArc xlink:type="arc" xlink:arcrole="http://xbrl.org/int/dim/arcrole/dimension-default" xlink:from="loc_dnb_ftk_dim067" xlink:to="loc_dnb_ftk_dom025_mem000" />
    <link:loc xlink:type="locator" xlink:href="dim.xsd#dnb_ftk_dim068" xlink:label="loc_dnb_ftk_dim068" />
    <link:definitionArc xlink:type="arc" xlink:arcrole="http://xbrl.org/int/dim/arcrole/dimension-domain" xlink:from="loc_dnb_ftk_dim068" xlink:to="loc_dnb_ftk_dom025" xbrldt:usable="false" />
    <link:definitionArc xlink:type="arc" xlink:arcrole="http://xbrl.org/int/dim/arcrole/dimension-default" xlink:from="loc_dnb_ftk_dim068" xlink:to="loc_dnb_ftk_dom025_mem000" />
    <link:loc xlink:type="locator" xlink:href="dim.xsd#dnb_ftk_dim076" xlink:label="loc_dnb_ftk_dim076" />
    <link:definitionArc xlink:type="arc" xlink:arcrole="http://xbrl.org/int/dim/arcrole/dimension-domain" xlink:from="loc_dnb_ftk_dim076" xlink:to="loc_dnb_ftk_dom025" xbrldt:usable="false" />
    <link:definitionArc xlink:type="arc" xlink:arcrole="http://xbrl.org/int/dim/arcrole/dimension-default" xlink:from="loc_dnb_ftk_dim076" xlink:to="loc_dnb_ftk_dom025_mem000" />
    <link:loc xlink:type="locator" xlink:href="../dom/exp.xsd#dnb_ftk_dom026" xlink:label="loc_dnb_ftk_dom026" />
    <link:loc xlink:type="locator" xlink:href="../dom/ftk_dom026/mem.xsd#dnb_mem000" xlink:label="loc_dnb_ftk_dom026_mem000" />
    <link:loc xlink:type="locator" xlink:href="dim.xsd#dnb_ftk_dim071" xlink:label="loc_dnb_ftk_dim071" />
    <link:definitionArc xlink:type="arc" xlink:arcrole="http://xbrl.org/int/dim/arcrole/dimension-domain" xlink:from="loc_dnb_ftk_dim071" xlink:to="loc_dnb_ftk_dom026" xbrldt:usable="false" />
    <link:definitionArc xlink:type="arc" xlink:arcrole="http://xbrl.org/int/dim/arcrole/dimension-default" xlink:from="loc_dnb_ftk_dim071" xlink:to="loc_dnb_ftk_dom026_mem000" />
    <link:loc xlink:type="locator" xlink:href="../dom/exp.xsd#dnb_ftk_dom027" xlink:label="loc_dnb_ftk_dom027" />
    <link:loc xlink:type="locator" xlink:href="../dom/ftk_dom027/mem.xsd#dnb_mem000" xlink:label="loc_dnb_ftk_dom027_mem000" />
    <link:loc xlink:type="locator" xlink:href="dim.xsd#dnb_ftk_dim072" xlink:label="loc_dnb_ftk_dim072" />
    <link:definitionArc xlink:type="arc" xlink:arcrole="http://xbrl.org/int/dim/arcrole/dimension-domain" xlink:from="loc_dnb_ftk_dim072" xlink:to="loc_dnb_ftk_dom027" xbrldt:usable="false" />
    <link:definitionArc xlink:type="arc" xlink:arcrole="http://xbrl.org/int/dim/arcrole/dimension-default" xlink:from="loc_dnb_ftk_dim072" xlink:to="loc_dnb_ftk_dom027_mem000" />
    <link:loc xlink:type="locator" xlink:href="../dom/exp.xsd#dnb_ftk_dom028" xlink:label="loc_dnb_ftk_dom028" />
    <link:loc xlink:type="locator" xlink:href="../dom/ftk_dom028/mem.xsd#dnb_mem000" xlink:label="loc_dnb_ftk_dom028_mem000" />
    <link:loc xlink:type="locator" xlink:href="dim.xsd#dnb_ftk_dim073" xlink:label="loc_dnb_ftk_dim073" />
    <link:definitionArc xlink:type="arc" xlink:arcrole="http://xbrl.org/int/dim/arcrole/dimension-domain" xlink:from="loc_dnb_ftk_dim073" xlink:to="loc_dnb_ftk_dom028" xbrldt:usable="false" />
    <link:definitionArc xlink:type="arc" xlink:arcrole="http://xbrl.org/int/dim/arcrole/dimension-default" xlink:from="loc_dnb_ftk_dim073" xlink:to="loc_dnb_ftk_dom028_mem000" />
    <link:loc xlink:type="locator" xlink:href="dim.xsd#dnb_ftk_dim087" xlink:label="loc_dnb_ftk_dim087" />
    <link:definitionArc xlink:type="arc" xlink:arcrole="http://xbrl.org/int/dim/arcrole/dimension-domain" xlink:from="loc_dnb_ftk_dim087" xlink:to="loc_dnb_ftk_dom028" xbrldt:usable="false" />
    <link:definitionArc xlink:type="arc" xlink:arcrole="http://xbrl.org/int/dim/arcrole/dimension-default" xlink:from="loc_dnb_ftk_dim087" xlink:to="loc_dnb_ftk_dom028_mem000" />
    <link:loc xlink:type="locator" xlink:href="dim.xsd#dnb_ftk_dim089" xlink:label="loc_dnb_ftk_dim089" />
    <link:definitionArc xlink:type="arc" xlink:arcrole="http://xbrl.org/int/dim/arcrole/dimension-domain" xlink:from="loc_dnb_ftk_dim089" xlink:to="loc_dnb_ftk_dom028" xbrldt:usable="false" />
    <link:definitionArc xlink:type="arc" xlink:arcrole="http://xbrl.org/int/dim/arcrole/dimension-default" xlink:from="loc_dnb_ftk_dim089" xlink:to="loc_dnb_ftk_dom028_mem000" />
    <link:loc xlink:type="locator" xlink:href="dim.xsd#dnb_ftk_dim099" xlink:label="loc_dnb_ftk_dim099" />
    <link:definitionArc xlink:type="arc" xlink:arcrole="http://xbrl.org/int/dim/arcrole/dimension-domain" xlink:from="loc_dnb_ftk_dim099" xlink:to="loc_dnb_ftk_dom028" xbrldt:usable="false" />
    <link:definitionArc xlink:type="arc" xlink:arcrole="http://xbrl.org/int/dim/arcrole/dimension-default" xlink:from="loc_dnb_ftk_dim099" xlink:to="loc_dnb_ftk_dom028_mem000" />
    <link:loc xlink:type="locator" xlink:href="../dom/exp.xsd#dnb_ftk_dom029" xlink:label="loc_dnb_ftk_dom029" />
    <link:loc xlink:type="locator" xlink:href="../dom/ftk_dom029/mem.xsd#dnb_mem000" xlink:label="loc_dnb_ftk_dom029_mem000" />
    <link:loc xlink:type="locator" xlink:href="dim.xsd#dnb_ftk_dim074" xlink:label="loc_dnb_ftk_dim074" />
    <link:definitionArc xlink:type="arc" xlink:arcrole="http://xbrl.org/int/dim/arcrole/dimension-domain" xlink:from="loc_dnb_ftk_dim074" xlink:to="loc_dnb_ftk_dom029" xbrldt:usable="false" />
    <link:definitionArc xlink:type="arc" xlink:arcrole="http://xbrl.org/int/dim/arcrole/dimension-default" xlink:from="loc_dnb_ftk_dim074" xlink:to="loc_dnb_ftk_dom029_mem000" />
    <link:loc xlink:type="locator" xlink:href="dim.xsd#dnb_ftk_dim088" xlink:label="loc_dnb_ftk_dim088" />
    <link:definitionArc xlink:type="arc" xlink:arcrole="http://xbrl.org/int/dim/arcrole/dimension-domain" xlink:from="loc_dnb_ftk_dim088" xlink:to="loc_dnb_ftk_dom029" xbrldt:usable="false" />
    <link:definitionArc xlink:type="arc" xlink:arcrole="http://xbrl.org/int/dim/arcrole/dimension-default" xlink:from="loc_dnb_ftk_dim088" xlink:to="loc_dnb_ftk_dom029_mem000" />
    <link:loc xlink:type="locator" xlink:href="../dom/exp.xsd#dnb_ftk_dom030" xlink:label="loc_dnb_ftk_dom030" />
    <link:loc xlink:type="locator" xlink:href="../dom/ftk_dom030/mem.xsd#dnb_mem000" xlink:label="loc_dnb_ftk_dom030_mem000" />
    <link:loc xlink:type="locator" xlink:href="dim.xsd#dnb_ftk_dim075" xlink:label="loc_dnb_ftk_dim075" />
    <link:definitionArc xlink:type="arc" xlink:arcrole="http://xbrl.org/int/dim/arcrole/dimension-domain" xlink:from="loc_dnb_ftk_dim075" xlink:to="loc_dnb_ftk_dom030" xbrldt:usable="false" />
    <link:definitionArc xlink:type="arc" xlink:arcrole="http://xbrl.org/int/dim/arcrole/dimension-default" xlink:from="loc_dnb_ftk_dim075" xlink:to="loc_dnb_ftk_dom030_mem000" />
    <link:loc xlink:type="locator" xlink:href="../dom/exp.xsd#dnb_ftk_dom031" xlink:label="loc_dnb_ftk_dom031" />
    <link:loc xlink:type="locator" xlink:href="../dom/ftk_dom031/mem.xsd#dnb_mem000" xlink:label="loc_dnb_ftk_dom031_mem000" />
    <link:loc xlink:type="locator" xlink:href="dim.xsd#dnb_ftk_dim077" xlink:label="loc_dnb_ftk_dim077" />
    <link:definitionArc xlink:type="arc" xlink:arcrole="http://xbrl.org/int/dim/arcrole/dimension-domain" xlink:from="loc_dnb_ftk_dim077" xlink:to="loc_dnb_ftk_dom031" xbrldt:usable="false" />
    <link:definitionArc xlink:type="arc" xlink:arcrole="http://xbrl.org/int/dim/arcrole/dimension-default" xlink:from="loc_dnb_ftk_dim077" xlink:to="loc_dnb_ftk_dom031_mem000" />
    <link:loc xlink:type="locator" xlink:href="dim.xsd#dnb_ftk_dim078" xlink:label="loc_dnb_ftk_dim078" />
    <link:definitionArc xlink:type="arc" xlink:arcrole="http://xbrl.org/int/dim/arcrole/dimension-domain" xlink:from="loc_dnb_ftk_dim078" xlink:to="loc_dnb_ftk_dom031" xbrldt:usable="false" />
    <link:definitionArc xlink:type="arc" xlink:arcrole="http://xbrl.org/int/dim/arcrole/dimension-default" xlink:from="loc_dnb_ftk_dim078" xlink:to="loc_dnb_ftk_dom031_mem000" />
    <link:loc xlink:type="locator" xlink:href="dim.xsd#dnb_ftk_dim080" xlink:label="loc_dnb_ftk_dim080" />
    <link:definitionArc xlink:type="arc" xlink:arcrole="http://xbrl.org/int/dim/arcrole/dimension-domain" xlink:from="loc_dnb_ftk_dim080" xlink:to="loc_dnb_ftk_dom031" xbrldt:usable="false" />
    <link:definitionArc xlink:type="arc" xlink:arcrole="http://xbrl.org/int/dim/arcrole/dimension-default" xlink:from="loc_dnb_ftk_dim080" xlink:to="loc_dnb_ftk_dom031_mem000" />
    <link:loc xlink:type="locator" xlink:href="dim.xsd#dnb_ftk_dim081" xlink:label="loc_dnb_ftk_dim081" />
    <link:definitionArc xlink:type="arc" xlink:arcrole="http://xbrl.org/int/dim/arcrole/dimension-domain" xlink:from="loc_dnb_ftk_dim081" xlink:to="loc_dnb_ftk_dom031" xbrldt:usable="false" />
    <link:definitionArc xlink:type="arc" xlink:arcrole="http://xbrl.org/int/dim/arcrole/dimension-default" xlink:from="loc_dnb_ftk_dim081" xlink:to="loc_dnb_ftk_dom031_mem000" />
    <link:loc xlink:type="locator" xlink:href="../dom/exp.xsd#dnb_ftk_dom032" xlink:label="loc_dnb_ftk_dom032" />
    <link:loc xlink:type="locator" xlink:href="../dom/ftk_dom032/mem.xsd#dnb_mem000" xlink:label="loc_dnb_ftk_dom032_mem000" />
    <link:loc xlink:type="locator" xlink:href="dim.xsd#dnb_ftk_dim082" xlink:label="loc_dnb_ftk_dim082" />
    <link:definitionArc xlink:type="arc" xlink:arcrole="http://xbrl.org/int/dim/arcrole/dimension-domain" xlink:from="loc_dnb_ftk_dim082" xlink:to="loc_dnb_ftk_dom032" xbrldt:usable="false" />
    <link:definitionArc xlink:type="arc" xlink:arcrole="http://xbrl.org/int/dim/arcrole/dimension-default" xlink:from="loc_dnb_ftk_dim082" xlink:to="loc_dnb_ftk_dom032_mem000" />
    <link:loc xlink:type="locator" xlink:href="dim.xsd#dnb_ftk_dim083" xlink:label="loc_dnb_ftk_dim083" />
    <link:definitionArc xlink:type="arc" xlink:arcrole="http://xbrl.org/int/dim/arcrole/dimension-domain" xlink:from="loc_dnb_ftk_dim083" xlink:to="loc_dnb_ftk_dom032" xbrldt:usable="false" />
    <link:definitionArc xlink:type="arc" xlink:arcrole="http://xbrl.org/int/dim/arcrole/dimension-default" xlink:from="loc_dnb_ftk_dim083" xlink:to="loc_dnb_ftk_dom032_mem000" />
    <link:loc xlink:type="locator" xlink:href="dim.xsd#dnb_ftk_dim084" xlink:label="loc_dnb_ftk_dim084" />
    <link:definitionArc xlink:type="arc" xlink:arcrole="http://xbrl.org/int/dim/arcrole/dimension-domain" xlink:from="loc_dnb_ftk_dim084" xlink:to="loc_dnb_ftk_dom032" xbrldt:usable="false" />
    <link:definitionArc xlink:type="arc" xlink:arcrole="http://xbrl.org/int/dim/arcrole/dimension-default" xlink:from="loc_dnb_ftk_dim084" xlink:to="loc_dnb_ftk_dom032_mem000" />
    <link:loc xlink:type="locator" xlink:href="dim.xsd#dnb_ftk_dim085" xlink:label="loc_dnb_ftk_dim085" />
    <link:definitionArc xlink:type="arc" xlink:arcrole="http://xbrl.org/int/dim/arcrole/dimension-domain" xlink:from="loc_dnb_ftk_dim085" xlink:to="loc_dnb_ftk_dom032" xbrldt:usable="false" />
    <link:definitionArc xlink:type="arc" xlink:arcrole="http://xbrl.org/int/dim/arcrole/dimension-default" xlink:from="loc_dnb_ftk_dim085" xlink:to="loc_dnb_ftk_dom032_mem000" />
    <link:loc xlink:type="locator" xlink:href="../dom/exp.xsd#dnb_ftk_dom033" xlink:label="loc_dnb_ftk_dom033" />
    <link:loc xlink:type="locator" xlink:href="../dom/ftk_dom033/mem.xsd#dnb_mem000" xlink:label="loc_dnb_ftk_dom033_mem000" />
    <link:loc xlink:type="locator" xlink:href="dim.xsd#dnb_ftk_dim086" xlink:label="loc_dnb_ftk_dim086" />
    <link:definitionArc xlink:type="arc" xlink:arcrole="http://xbrl.org/int/dim/arcrole/dimension-domain" xlink:from="loc_dnb_ftk_dim086" xlink:to="loc_dnb_ftk_dom033" xbrldt:usable="false" />
    <link:definitionArc xlink:type="arc" xlink:arcrole="http://xbrl.org/int/dim/arcrole/dimension-default" xlink:from="loc_dnb_ftk_dim086" xlink:to="loc_dnb_ftk_dom033_mem000" />
    <link:loc xlink:type="locator" xlink:href="../dom/exp.xsd#dnb_ftk_dom034" xlink:label="loc_dnb_ftk_dom034" />
    <link:loc xlink:type="locator" xlink:href="../dom/ftk_dom034/mem.xsd#dnb_mem000" xlink:label="loc_dnb_ftk_dom034_mem000" />
    <link:loc xlink:type="locator" xlink:href="dim.xsd#dnb_ftk_dim090" xlink:label="loc_dnb_ftk_dim090" />
    <link:definitionArc xlink:type="arc" xlink:arcrole="http://xbrl.org/int/dim/arcrole/dimension-domain" xlink:from="loc_dnb_ftk_dim090" xlink:to="loc_dnb_ftk_dom034" xbrldt:usable="false" />
    <link:definitionArc xlink:type="arc" xlink:arcrole="http://xbrl.org/int/dim/arcrole/dimension-default" xlink:from="loc_dnb_ftk_dim090" xlink:to="loc_dnb_ftk_dom034_mem000" />
    <link:loc xlink:type="locator" xlink:href="dim.xsd#dnb_ftk_dim091" xlink:label="loc_dnb_ftk_dim091" />
    <link:definitionArc xlink:type="arc" xlink:arcrole="http://xbrl.org/int/dim/arcrole/dimension-domain" xlink:from="loc_dnb_ftk_dim091" xlink:to="loc_dnb_ftk_dom034" xbrldt:usable="false" />
    <link:definitionArc xlink:type="arc" xlink:arcrole="http://xbrl.org/int/dim/arcrole/dimension-default" xlink:from="loc_dnb_ftk_dim091" xlink:to="loc_dnb_ftk_dom034_mem000" />
    <link:loc xlink:type="locator" xlink:href="dim.xsd#dnb_ftk_dim093" xlink:label="loc_dnb_ftk_dim093" />
    <link:definitionArc xlink:type="arc" xlink:arcrole="http://xbrl.org/int/dim/arcrole/dimension-domain" xlink:from="loc_dnb_ftk_dim093" xlink:to="loc_dnb_ftk_dom034" xbrldt:usable="false" />
    <link:definitionArc xlink:type="arc" xlink:arcrole="http://xbrl.org/int/dim/arcrole/dimension-default" xlink:from="loc_dnb_ftk_dim093" xlink:to="loc_dnb_ftk_dom034_mem000" />
    <link:loc xlink:type="locator" xlink:href="dim.xsd#dnb_ftk_dim097" xlink:label="loc_dnb_ftk_dim097" />
    <link:definitionArc xlink:type="arc" xlink:arcrole="http://xbrl.org/int/dim/arcrole/dimension-domain" xlink:from="loc_dnb_ftk_dim097" xlink:to="loc_dnb_ftk_dom034" xbrldt:usable="false" />
    <link:definitionArc xlink:type="arc" xlink:arcrole="http://xbrl.org/int/dim/arcrole/dimension-default" xlink:from="loc_dnb_ftk_dim097" xlink:to="loc_dnb_ftk_dom034_mem000" />
    <link:loc xlink:type="locator" xlink:href="dim.xsd#dnb_ftk_dim098" xlink:label="loc_dnb_ftk_dim098" />
    <link:definitionArc xlink:type="arc" xlink:arcrole="http://xbrl.org/int/dim/arcrole/dimension-domain" xlink:from="loc_dnb_ftk_dim098" xlink:to="loc_dnb_ftk_dom034" xbrldt:usable="false" />
    <link:definitionArc xlink:type="arc" xlink:arcrole="http://xbrl.org/int/dim/arcrole/dimension-default" xlink:from="loc_dnb_ftk_dim098" xlink:to="loc_dnb_ftk_dom034_mem000" />
    <link:loc xlink:type="locator" xlink:href="../dom/exp.xsd#dnb_ftk_dom035" xlink:label="loc_dnb_ftk_dom035" />
    <link:loc xlink:type="locator" xlink:href="../dom/ftk_dom035/mem.xsd#dnb_mem000" xlink:label="loc_dnb_ftk_dom035_mem000" />
    <link:loc xlink:type="locator" xlink:href="dim.xsd#dnb_ftk_dim100" xlink:label="loc_dnb_ftk_dim100" />
    <link:definitionArc xlink:type="arc" xlink:arcrole="http://xbrl.org/int/dim/arcrole/dimension-domain" xlink:from="loc_dnb_ftk_dim100" xlink:to="loc_dnb_ftk_dom035" xbrldt:usable="false" />
    <link:definitionArc xlink:type="arc" xlink:arcrole="http://xbrl.org/int/dim/arcrole/dimension-default" xlink:from="loc_dnb_ftk_dim100" xlink:to="loc_dnb_ftk_dom035_mem000" />
    <link:loc xlink:type="locator" xlink:href="../dom/exp.xsd#dnb_ftk_dom036" xlink:label="loc_dnb_ftk_dom036" />
    <link:loc xlink:type="locator" xlink:href="../dom/ftk_dom036/mem.xsd#dnb_mem000" xlink:label="loc_dnb_ftk_dom036_mem000" />
    <link:loc xlink:type="locator" xlink:href="dim.xsd#dnb_ftk_dim101" xlink:label="loc_dnb_ftk_dim101" />
    <link:definitionArc xlink:type="arc" xlink:arcrole="http://xbrl.org/int/dim/arcrole/dimension-domain" xlink:from="loc_dnb_ftk_dim101" xlink:to="loc_dnb_ftk_dom036" xbrldt:usable="false" />
    <link:definitionArc xlink:type="arc" xlink:arcrole="http://xbrl.org/int/dim/arcrole/dimension-default" xlink:from="loc_dnb_ftk_dim101" xlink:to="loc_dnb_ftk_dom036_mem000" />
    <link:loc xlink:type="locator" xlink:href="dim.xsd#dnb_ftk_dim103" xlink:label="loc_dnb_ftk_dim103" />
    <link:definitionArc xlink:type="arc" xlink:arcrole="http://xbrl.org/int/dim/arcrole/dimension-domain" xlink:from="loc_dnb_ftk_dim103" xlink:to="loc_dnb_ftk_dom036" xbrldt:usable="false" />
    <link:definitionArc xlink:type="arc" xlink:arcrole="http://xbrl.org/int/dim/arcrole/dimension-default" xlink:from="loc_dnb_ftk_dim103" xlink:to="loc_dnb_ftk_dom036_mem000" />
    <link:loc xlink:type="locator" xlink:href="../dom/exp.xsd#dnb_ftk_dom037" xlink:label="loc_dnb_ftk_dom037" />
    <link:loc xlink:type="locator" xlink:href="../dom/ftk_dom037/mem.xsd#dnb_mem000" xlink:label="loc_dnb_ftk_dom037_mem000" />
    <link:loc xlink:type="locator" xlink:href="dim.xsd#dnb_ftk_dim102" xlink:label="loc_dnb_ftk_dim102" />
    <link:definitionArc xlink:type="arc" xlink:arcrole="http://xbrl.org/int/dim/arcrole/dimension-domain" xlink:from="loc_dnb_ftk_dim102" xlink:to="loc_dnb_ftk_dom037" xbrldt:usable="false" />
    <link:definitionArc xlink:type="arc" xlink:arcrole="http://xbrl.org/int/dim/arcrole/dimension-default" xlink:from="loc_dnb_ftk_dim102" xlink:to="loc_dnb_ftk_dom037_mem000" />
    <link:loc xlink:type="locator" xlink:href="../dom/exp.xsd#dnb_ftk_dom038" xlink:label="loc_dnb_ftk_dom038" />
    <link:loc xlink:type="locator" xlink:href="../dom/ftk_dom038/mem.xsd#dnb_mem000" xlink:label="loc_dnb_ftk_dom038_mem000" />
    <link:loc xlink:type="locator" xlink:href="dim.xsd#dnb_ftk_dim104" xlink:label="loc_dnb_ftk_dim104" />
    <link:definitionArc xlink:type="arc" xlink:arcrole="http://xbrl.org/int/dim/arcrole/dimension-domain" xlink:from="loc_dnb_ftk_dim104" xlink:to="loc_dnb_ftk_dom038" xbrldt:usable="false" />
    <link:definitionArc xlink:type="arc" xlink:arcrole="http://xbrl.org/int/dim/arcrole/dimension-default" xlink:from="loc_dnb_ftk_dim104" xlink:to="loc_dnb_ftk_dom038_mem000" />
    <link:loc xlink:type="locator" xlink:href="../dom/exp.xsd#dnb_ftk_dom039" xlink:label="loc_dnb_ftk_dom039" />
    <link:loc xlink:type="locator" xlink:href="../dom/ftk_dom039/mem.xsd#dnb_mem000" xlink:label="loc_dnb_ftk_dom039_mem000" />
    <link:loc xlink:type="locator" xlink:href="dim.xsd#dnb_ftk_dim107" xlink:label="loc_dnb_ftk_dim107" />
    <link:definitionArc xlink:type="arc" xlink:arcrole="http://xbrl.org/int/dim/arcrole/dimension-domain" xlink:from="loc_dnb_ftk_dim107" xlink:to="loc_dnb_ftk_dom039" xbrldt:usable="false" />
    <link:definitionArc xlink:type="arc" xlink:arcrole="http://xbrl.org/int/dim/arcrole/dimension-default" xlink:from="loc_dnb_ftk_dim107" xlink:to="loc_dnb_ftk_dom039_mem000" />
    <link:loc xlink:type="locator" xlink:href="../dom/exp.xsd#dnb_ftk_dom040" xlink:label="loc_dnb_ftk_dom040" />
    <link:loc xlink:type="locator" xlink:href="../dom/ftk_dom040/mem.xsd#dnb_mem000" xlink:label="loc_dnb_ftk_dom040_mem000" />
    <link:loc xlink:type="locator" xlink:href="dim.xsd#dnb_ftk_dim108" xlink:label="loc_dnb_ftk_dim108" />
    <link:definitionArc xlink:type="arc" xlink:arcrole="http://xbrl.org/int/dim/arcrole/dimension-domain" xlink:from="loc_dnb_ftk_dim108" xlink:to="loc_dnb_ftk_dom040" xbrldt:usable="false" />
    <link:definitionArc xlink:type="arc" xlink:arcrole="http://xbrl.org/int/dim/arcrole/dimension-default" xlink:from="loc_dnb_ftk_dim108" xlink:to="loc_dnb_ftk_dom040_mem000" />
  </link:definitionLink>
</link:linkbase>