﻿<?xml version="1.0" encoding="utf-8"?>
<?taxonomy-version 2.7.0.0 ?> <?taxonomy-set-overall-version 2.7.0.0 ?>
<!--(C) EBA-->
<link:linkbase xmlns:xsi="http://www.w3.org/2001/XMLSchema-instance" xmlns:xlink="http://www.w3.org/1999/xlink" xmlns:link="http://www.xbrl.org/2003/linkbase" xmlns:gen="http://xbrl.org/2008/generic" xmlns:label="http://xbrl.org/2008/label" xsi:schemaLocation="http://www.xbrl.org/2003/linkbase http://www.xbrl.org/2003/xbrl-linkbase-2003-12-31.xsd http://xbrl.org/2008/generic http://www.xbrl.org/2008/generic-link.xsd http://xbrl.org/2008/label http://www.xbrl.org/2008/generic-label.xsd">
  <link:arcroleRef arcroleURI="http://xbrl.org/arcrole/2008/element-label" xlink:type="simple" xlink:href="http://www.xbrl.org/2008/generic-label.xsd#element-label" />
  <link:roleRef roleURI="http://www.xbrl.org/2008/role/label" xlink:type="simple" xlink:href="http://www.xbrl.org/2008/generic-label.xsd#standard-label" />
  <link:roleRef roleURI="http://www.xbrl.org/2008/role/verboseLabel" xlink:type="simple" xlink:href="http://www.xbrl.org/2008/generic-label.xsd#verbose-label" />
  <gen:link xlink:type="extended" xlink:role="http://www.xbrl.org/2003/role/link">
    <link:loc xlink:type="locator" xlink:href="hier.xsd#eba_TR1" xlink:label="loc_eba_TR1" />
    <label:label xlink:type="resource" xlink:label="label_eba_TR1" xml:lang="en" xlink:role="http://www.xbrl.org/2008/role/label">Risk types - general hierarchy</label:label>
    <gen:arc xlink:type="arc" xlink:arcrole="http://xbrl.org/arcrole/2008/element-label" xlink:from="loc_eba_TR1" xlink:to="label_eba_TR1" />
    <label:label xlink:type="resource" xlink:label="label_eba_TR1_1" xml:lang="en" xlink:role="http://www.xbrl.org/2008/role/verboseLabel">Describes the interrelations between the different types of risk in the CRR.</label:label>
    <gen:arc xlink:type="arc" xlink:arcrole="http://xbrl.org/arcrole/2008/element-label" xlink:from="loc_eba_TR1" xlink:to="label_eba_TR1_1" />
    <link:loc xlink:type="locator" xlink:href="hier.xsd#eba_TR2" xlink:label="loc_eba_TR2" />
    <label:label xlink:type="resource" xlink:label="label_eba_TR2" xml:lang="en" xlink:role="http://www.xbrl.org/2008/role/label">Alternative Hierarchy for market risk</label:label>
    <gen:arc xlink:type="arc" xlink:arcrole="http://xbrl.org/arcrole/2008/element-label" xlink:from="loc_eba_TR2" xlink:to="label_eba_TR2" />
    <label:label xlink:type="resource" xlink:label="label_eba_TR2_1" xml:lang="en" xlink:role="http://www.xbrl.org/2008/role/verboseLabel">Alternative hierarchy necessary for banks using internal models.</label:label>
    <gen:arc xlink:type="arc" xlink:arcrole="http://xbrl.org/arcrole/2008/element-label" xlink:from="loc_eba_TR2" xlink:to="label_eba_TR2_1" />
    <link:loc xlink:type="locator" xlink:href="hier.xsd#eba_TR31" xlink:label="loc_eba_TR31" />
    <label:label xlink:type="resource" xlink:label="label_eba_TR31" xml:lang="en" xlink:role="http://www.xbrl.org/2008/role/label">Hierarchy for types of risks</label:label>
    <gen:arc xlink:type="arc" xlink:arcrole="http://xbrl.org/arcrole/2008/element-label" xlink:from="loc_eba_TR31" xlink:to="label_eba_TR31" />
    <link:loc xlink:type="locator" xlink:href="hier.xsd#eba_TR31_1" xlink:label="loc_eba_TR31_1." />
    <label:label xlink:type="resource" xlink:label="label_eba_TR31_1." xml:lang="en" xlink:role="http://www.xbrl.org/2008/role/label">Hierarchy for types of risks</label:label>
    <gen:arc xlink:type="arc" xlink:arcrole="http://xbrl.org/arcrole/2008/element-label" xlink:from="loc_eba_TR31_1." xlink:to="label_eba_TR31_1." />
    <label:label xlink:type="resource" xlink:label="label_eba_TR31_1._1" xml:lang="en" xlink:role="http://www.xbrl.org/2008/role/verboseLabel">(Equity risk was added)</label:label>
    <gen:arc xlink:type="arc" xlink:arcrole="http://xbrl.org/arcrole/2008/element-label" xlink:from="loc_eba_TR31_1." xlink:to="label_eba_TR31_1._1" />
  </gen:link>
</link:linkbase>