﻿<?xml version="1.0" encoding="utf-8"?>
<?taxonomy-version 2.9.0.1?> <?taxonomy-set-overall-version 2.9.0.1?>
<!--(C) EBA-->
<link:linkbase xmlns:xsi="http://www.w3.org/2001/XMLSchema-instance" xmlns:xlink="http://www.w3.org/1999/xlink" xmlns:link="http://www.xbrl.org/2003/linkbase" xsi:schemaLocation="http://www.xbrl.org/2003/linkbase http://www.xbrl.org/2003/xbrl-linkbase-2003-12-31.xsd">
  <link:labelLink xlink:type="extended" xlink:role="http://www.xbrl.org/2003/role/link">
    <link:loc xlink:type="locator" xlink:href="mem.xsd#eba_x1" xlink:label="loc_eba_x1" />
    <link:label xlink:type="resource" xlink:label="label_eba_x1" xml:lang="en" xlink:role="http://www.xbrl.org/2003/role/label">Accounting portfolios for debt instruments subject to impairment</link:label>
    <link:labelArc xlink:type="arc" xlink:arcrole="http://www.xbrl.org/2003/arcrole/concept-label" xlink:from="loc_eba_x1" xlink:to="label_eba_x1" />
    <link:loc xlink:type="locator" xlink:href="mem.xsd#eba_x2" xlink:label="loc_eba_x2" />
    <link:label xlink:type="resource" xlink:label="label_eba_x2" xml:lang="en" xlink:role="http://www.xbrl.org/2003/role/label">Accounting portfolios for equity instruments subject to impairment</link:label>
    <link:labelArc xlink:type="arc" xlink:arcrole="http://www.xbrl.org/2003/arcrole/concept-label" xlink:from="loc_eba_x2" xlink:to="label_eba_x2" />
    <link:loc xlink:type="locator" xlink:href="mem.xsd#eba_x3" xlink:label="loc_eba_x3" />
    <link:label xlink:type="resource" xlink:label="label_eba_x3" xml:lang="en" xlink:role="http://www.xbrl.org/2003/role/label">Accounting portfolios for financial assets non-subject to impairment</link:label>
    <link:labelArc xlink:type="arc" xlink:arcrole="http://www.xbrl.org/2003/arcrole/concept-label" xlink:from="loc_eba_x3" xlink:to="label_eba_x3" />
    <link:loc xlink:type="locator" xlink:href="mem.xsd#eba_x4" xlink:label="loc_eba_x4" />
    <link:label xlink:type="resource" xlink:label="label_eba_x4" xml:lang="en" xlink:role="http://www.xbrl.org/2003/role/label">Accounting portfolios for financial assets subject to impairment</link:label>
    <link:labelArc xlink:type="arc" xlink:arcrole="http://www.xbrl.org/2003/arcrole/concept-label" xlink:from="loc_eba_x4" xlink:to="label_eba_x4" />
    <link:loc xlink:type="locator" xlink:href="mem.xsd#eba_x5" xlink:label="loc_eba_x5" />
    <link:label xlink:type="resource" xlink:label="label_eba_x5" xml:lang="en" xlink:role="http://www.xbrl.org/2003/role/label">Accounting portfolios for trading financial instruments</link:label>
    <link:labelArc xlink:type="arc" xlink:arcrole="http://www.xbrl.org/2003/arcrole/concept-label" xlink:from="loc_eba_x5" xlink:to="label_eba_x5" />
    <link:loc xlink:type="locator" xlink:href="mem.xsd#eba_x6" xlink:label="loc_eba_x6" />
    <link:label xlink:type="resource" xlink:label="label_eba_x6" xml:lang="en" xlink:role="http://www.xbrl.org/2003/role/label">Accounting portfolios for financial instruments not measured at fair value through profit or loss</link:label>
    <link:labelArc xlink:type="arc" xlink:arcrole="http://www.xbrl.org/2003/arcrole/concept-label" xlink:from="loc_eba_x6" xlink:to="label_eba_x6" />
    <link:loc xlink:type="locator" xlink:href="mem.xsd#eba_x7" xlink:label="loc_eba_x7" />
    <link:label xlink:type="resource" xlink:label="label_eba_x7" xml:lang="en" xlink:role="http://www.xbrl.org/2003/role/label">Available-for-sale financial assets</link:label>
    <link:labelArc xlink:type="arc" xlink:arcrole="http://www.xbrl.org/2003/arcrole/concept-label" xlink:from="loc_eba_x7" xlink:to="label_eba_x7" />
    <link:loc xlink:type="locator" xlink:href="mem.xsd#eba_x8" xlink:label="loc_eba_x8" />
    <link:label xlink:type="resource" xlink:label="label_eba_x8" xml:lang="en" xlink:role="http://www.xbrl.org/2003/role/label">Available-for-sale financial assets. At cost</link:label>
    <link:labelArc xlink:type="arc" xlink:arcrole="http://www.xbrl.org/2003/arcrole/concept-label" xlink:from="loc_eba_x8" xlink:to="label_eba_x8" />
    <link:loc xlink:type="locator" xlink:href="mem.xsd#eba_x9" xlink:label="loc_eba_x9" />
    <link:label xlink:type="resource" xlink:label="label_eba_x9" xml:lang="en" xlink:role="http://www.xbrl.org/2003/role/label">Available-for-sale financial assets. At fair value</link:label>
    <link:labelArc xlink:type="arc" xlink:arcrole="http://www.xbrl.org/2003/arcrole/concept-label" xlink:from="loc_eba_x9" xlink:to="label_eba_x9" />
    <link:loc xlink:type="locator" xlink:href="mem.xsd#eba_x10" xlink:label="loc_eba_x10" />
    <link:label xlink:type="resource" xlink:label="label_eba_x10" xml:lang="en" xlink:role="http://www.xbrl.org/2003/role/label">Banking and trading book</link:label>
    <link:labelArc xlink:type="arc" xlink:arcrole="http://www.xbrl.org/2003/arcrole/concept-label" xlink:from="loc_eba_x10" xlink:to="label_eba_x10" />
    <link:loc xlink:type="locator" xlink:href="mem.xsd#eba_x11" xlink:label="loc_eba_x11" />
    <link:label xlink:type="resource" xlink:label="label_eba_x11" xml:lang="en" xlink:role="http://www.xbrl.org/2003/role/label">Banking book</link:label>
    <link:labelArc xlink:type="arc" xlink:arcrole="http://www.xbrl.org/2003/arcrole/concept-label" xlink:from="loc_eba_x11" xlink:to="label_eba_x11" />
    <link:label xlink:type="resource" xlink:label="label_eba_x11_1" xml:lang="en" xlink:role="http://www.xbrl.org/2003/role/documentation">CRR 4 ¶86</link:label>
    <link:labelArc xlink:type="arc" xlink:arcrole="http://www.xbrl.org/2003/arcrole/concept-label" xlink:from="loc_eba_x11" xlink:to="label_eba_x11_1" />
    <link:loc xlink:type="locator" xlink:href="mem.xsd#eba_x12" xlink:label="loc_eba_x12" />
    <link:label xlink:type="resource" xlink:label="label_eba_x12" xml:lang="en" xlink:role="http://www.xbrl.org/2003/role/label">Cash and cash balances at central banks and other demand deposits</link:label>
    <link:labelArc xlink:type="arc" xlink:arcrole="http://www.xbrl.org/2003/arcrole/concept-label" xlink:from="loc_eba_x12" xlink:to="label_eba_x12" />
    <link:loc xlink:type="locator" xlink:href="mem.xsd#eba_x13" xlink:label="loc_eba_x13" />
    <link:label xlink:type="resource" xlink:label="label_eba_x13" xml:lang="en" xlink:role="http://www.xbrl.org/2003/role/label">Classified as held for sale</link:label>
    <link:labelArc xlink:type="arc" xlink:arcrole="http://www.xbrl.org/2003/arcrole/concept-label" xlink:from="loc_eba_x13" xlink:to="label_eba_x13" />
    <link:loc xlink:type="locator" xlink:href="mem.xsd#eba_x14" xlink:label="loc_eba_x14" />
    <link:label xlink:type="resource" xlink:label="label_eba_x14" xml:lang="en" xlink:role="http://www.xbrl.org/2003/role/label">Financial assets designated at fair value through profit or loss</link:label>
    <link:labelArc xlink:type="arc" xlink:arcrole="http://www.xbrl.org/2003/arcrole/concept-label" xlink:from="loc_eba_x14" xlink:to="label_eba_x14" />
    <link:loc xlink:type="locator" xlink:href="mem.xsd#eba_x15" xlink:label="loc_eba_x15" />
    <link:label xlink:type="resource" xlink:label="label_eba_x15" xml:lang="en" xlink:role="http://www.xbrl.org/2003/role/label">Financial assets designated at fair value through profit or loss, Financial liabilities designated at fair value through profit or loss</link:label>
    <link:labelArc xlink:type="arc" xlink:arcrole="http://www.xbrl.org/2003/arcrole/concept-label" xlink:from="loc_eba_x15" xlink:to="label_eba_x15" />
    <link:loc xlink:type="locator" xlink:href="mem.xsd#eba_x16" xlink:label="loc_eba_x16" />
    <link:label xlink:type="resource" xlink:label="label_eba_x16" xml:lang="en" xlink:role="http://www.xbrl.org/2003/role/label">Financial assets designated at fair value through profit or loss. Accounting mismatch, Financial liabilities designated at fair value through profit or loss. Accounting mismatch</link:label>
    <link:labelArc xlink:type="arc" xlink:arcrole="http://www.xbrl.org/2003/arcrole/concept-label" xlink:from="loc_eba_x16" xlink:to="label_eba_x16" />
    <link:loc xlink:type="locator" xlink:href="mem.xsd#eba_x17" xlink:label="loc_eba_x17" />
    <link:label xlink:type="resource" xlink:label="label_eba_x17" xml:lang="en" xlink:role="http://www.xbrl.org/2003/role/label">Financial assets designated at fair value through profit or loss. At cost</link:label>
    <link:labelArc xlink:type="arc" xlink:arcrole="http://www.xbrl.org/2003/arcrole/concept-label" xlink:from="loc_eba_x17" xlink:to="label_eba_x17" />
    <link:loc xlink:type="locator" xlink:href="mem.xsd#eba_x18" xlink:label="loc_eba_x18" />
    <link:label xlink:type="resource" xlink:label="label_eba_x18" xml:lang="en" xlink:role="http://www.xbrl.org/2003/role/label">Financial assets designated at fair value through profit or loss. Evaluation on a fair value basis, Financial liabilities designated at fair value through profit or loss. Evaluation on a fair value basis</link:label>
    <link:labelArc xlink:type="arc" xlink:arcrole="http://www.xbrl.org/2003/arcrole/concept-label" xlink:from="loc_eba_x18" xlink:to="label_eba_x18" />
    <link:loc xlink:type="locator" xlink:href="mem.xsd#eba_x19" xlink:label="loc_eba_x19" />
    <link:label xlink:type="resource" xlink:label="label_eba_x19" xml:lang="en" xlink:role="http://www.xbrl.org/2003/role/label">Financial assets designated at fair value through profit or loss. Hybrid contracts, Financial liabilities designated at fair value through profit or loss. Hybrid contracts</link:label>
    <link:labelArc xlink:type="arc" xlink:arcrole="http://www.xbrl.org/2003/arcrole/concept-label" xlink:from="loc_eba_x19" xlink:to="label_eba_x19" />
    <link:loc xlink:type="locator" xlink:href="mem.xsd#eba_x20" xlink:label="loc_eba_x20" />
    <link:label xlink:type="resource" xlink:label="label_eba_x20" xml:lang="en" xlink:role="http://www.xbrl.org/2003/role/label">Financial assets held for trading</link:label>
    <link:labelArc xlink:type="arc" xlink:arcrole="http://www.xbrl.org/2003/arcrole/concept-label" xlink:from="loc_eba_x20" xlink:to="label_eba_x20" />
    <link:loc xlink:type="locator" xlink:href="mem.xsd#eba_x22" xlink:label="loc_eba_x22" />
    <link:label xlink:type="resource" xlink:label="label_eba_x22" xml:lang="en" xlink:role="http://www.xbrl.org/2003/role/label">Financial assets held for trading. At cost</link:label>
    <link:labelArc xlink:type="arc" xlink:arcrole="http://www.xbrl.org/2003/arcrole/concept-label" xlink:from="loc_eba_x22" xlink:to="label_eba_x22" />
    <link:loc xlink:type="locator" xlink:href="mem.xsd#eba_x23" xlink:label="loc_eba_x23" />
    <link:label xlink:type="resource" xlink:label="label_eba_x23" xml:lang="en" xlink:role="http://www.xbrl.org/2003/role/label">Financial assets held for trading. At cost, Financial assets designated at fair value through profit or loss. At cost, Available-for-sale financial assets. At cost</link:label>
    <link:labelArc xlink:type="arc" xlink:arcrole="http://www.xbrl.org/2003/arcrole/concept-label" xlink:from="loc_eba_x23" xlink:to="label_eba_x23" />
    <link:loc xlink:type="locator" xlink:href="mem.xsd#eba_x24" xlink:label="loc_eba_x24" />
    <link:label xlink:type="resource" xlink:label="label_eba_x24" xml:lang="en" xlink:role="http://www.xbrl.org/2003/role/label">Accounting portfolios for trading financial instruments. Economic hedges</link:label>
    <link:labelArc xlink:type="arc" xlink:arcrole="http://www.xbrl.org/2003/arcrole/concept-label" xlink:from="loc_eba_x24" xlink:to="label_eba_x24" />
    <link:loc xlink:type="locator" xlink:href="mem.xsd#eba_x25" xlink:label="loc_eba_x25" />
    <link:label xlink:type="resource" xlink:label="label_eba_x25" xml:lang="en" xlink:role="http://www.xbrl.org/2003/role/label">Financial liabilities designated at fair value through profit or loss</link:label>
    <link:labelArc xlink:type="arc" xlink:arcrole="http://www.xbrl.org/2003/arcrole/concept-label" xlink:from="loc_eba_x25" xlink:to="label_eba_x25" />
    <link:loc xlink:type="locator" xlink:href="mem.xsd#eba_x26" xlink:label="loc_eba_x26" />
    <link:label xlink:type="resource" xlink:label="label_eba_x26" xml:lang="en" xlink:role="http://www.xbrl.org/2003/role/label">Financial liabilities held for trading</link:label>
    <link:labelArc xlink:type="arc" xlink:arcrole="http://www.xbrl.org/2003/arcrole/concept-label" xlink:from="loc_eba_x26" xlink:to="label_eba_x26" />
    <link:loc xlink:type="locator" xlink:href="mem.xsd#eba_x27" xlink:label="loc_eba_x27" />
    <link:label xlink:type="resource" xlink:label="label_eba_x27" xml:lang="en" xlink:role="http://www.xbrl.org/2003/role/label">Financial liabilities measured at amortised cost</link:label>
    <link:labelArc xlink:type="arc" xlink:arcrole="http://www.xbrl.org/2003/arcrole/concept-label" xlink:from="loc_eba_x27" xlink:to="label_eba_x27" />
    <link:loc xlink:type="locator" xlink:href="mem.xsd#eba_x28" xlink:label="loc_eba_x28" />
    <link:label xlink:type="resource" xlink:label="label_eba_x28" xml:lang="en" xlink:role="http://www.xbrl.org/2003/role/label">Hedge accounting</link:label>
    <link:labelArc xlink:type="arc" xlink:arcrole="http://www.xbrl.org/2003/arcrole/concept-label" xlink:from="loc_eba_x28" xlink:to="label_eba_x28" />
    <link:loc xlink:type="locator" xlink:href="mem.xsd#eba_x29" xlink:label="loc_eba_x29" />
    <link:label xlink:type="resource" xlink:label="label_eba_x29" xml:lang="en" xlink:role="http://www.xbrl.org/2003/role/label">Hedge accounting. Cash flow hedges</link:label>
    <link:labelArc xlink:type="arc" xlink:arcrole="http://www.xbrl.org/2003/arcrole/concept-label" xlink:from="loc_eba_x29" xlink:to="label_eba_x29" />
    <link:loc xlink:type="locator" xlink:href="mem.xsd#eba_x30" xlink:label="loc_eba_x30" />
    <link:label xlink:type="resource" xlink:label="label_eba_x30" xml:lang="en" xlink:role="http://www.xbrl.org/2003/role/label">Hedge accounting. Fair value hedges</link:label>
    <link:labelArc xlink:type="arc" xlink:arcrole="http://www.xbrl.org/2003/arcrole/concept-label" xlink:from="loc_eba_x30" xlink:to="label_eba_x30" />
    <link:loc xlink:type="locator" xlink:href="mem.xsd#eba_x31" xlink:label="loc_eba_x31" />
    <link:label xlink:type="resource" xlink:label="label_eba_x31" xml:lang="en" xlink:role="http://www.xbrl.org/2003/role/label">Hedge accounting. Hedges of net investments in foreign operations</link:label>
    <link:labelArc xlink:type="arc" xlink:arcrole="http://www.xbrl.org/2003/arcrole/concept-label" xlink:from="loc_eba_x31" xlink:to="label_eba_x31" />
    <link:loc xlink:type="locator" xlink:href="mem.xsd#eba_x32" xlink:label="loc_eba_x32" />
    <link:label xlink:type="resource" xlink:label="label_eba_x32" xml:lang="en" xlink:role="http://www.xbrl.org/2003/role/label">Hedge accounting. Interest rate risk</link:label>
    <link:labelArc xlink:type="arc" xlink:arcrole="http://www.xbrl.org/2003/arcrole/concept-label" xlink:from="loc_eba_x32" xlink:to="label_eba_x32" />
    <link:loc xlink:type="locator" xlink:href="mem.xsd#eba_x33" xlink:label="loc_eba_x33" />
    <link:label xlink:type="resource" xlink:label="label_eba_x33" xml:lang="en" xlink:role="http://www.xbrl.org/2003/role/label">Hedge accounting. Portfolio Cash flow hedges of interest rate risk</link:label>
    <link:labelArc xlink:type="arc" xlink:arcrole="http://www.xbrl.org/2003/arcrole/concept-label" xlink:from="loc_eba_x33" xlink:to="label_eba_x33" />
    <link:loc xlink:type="locator" xlink:href="mem.xsd#eba_x34" xlink:label="loc_eba_x34" />
    <link:label xlink:type="resource" xlink:label="label_eba_x34" xml:lang="en" xlink:role="http://www.xbrl.org/2003/role/label">Hedge accounting. Portfolio Fair value hedges of interest rate risk</link:label>
    <link:labelArc xlink:type="arc" xlink:arcrole="http://www.xbrl.org/2003/arcrole/concept-label" xlink:from="loc_eba_x34" xlink:to="label_eba_x34" />
    <link:loc xlink:type="locator" xlink:href="mem.xsd#eba_x35" xlink:label="loc_eba_x35" />
    <link:label xlink:type="resource" xlink:label="label_eba_x35" xml:lang="en" xlink:role="http://www.xbrl.org/2003/role/label">Held-to-maturity investments</link:label>
    <link:labelArc xlink:type="arc" xlink:arcrole="http://www.xbrl.org/2003/arcrole/concept-label" xlink:from="loc_eba_x35" xlink:to="label_eba_x35" />
    <link:loc xlink:type="locator" xlink:href="mem.xsd#eba_x36" xlink:label="loc_eba_x36" />
    <link:label xlink:type="resource" xlink:label="label_eba_x36" xml:lang="en" xlink:role="http://www.xbrl.org/2003/role/label">Non-Significant Investment</link:label>
    <link:labelArc xlink:type="arc" xlink:arcrole="http://www.xbrl.org/2003/arcrole/concept-label" xlink:from="loc_eba_x36" xlink:to="label_eba_x36" />
    <link:loc xlink:type="locator" xlink:href="mem.xsd#eba_x37" xlink:label="loc_eba_x37" />
    <link:label xlink:type="resource" xlink:label="label_eba_x37" xml:lang="en" xlink:role="http://www.xbrl.org/2003/role/label">Investment property</link:label>
    <link:labelArc xlink:type="arc" xlink:arcrole="http://www.xbrl.org/2003/arcrole/concept-label" xlink:from="loc_eba_x37" xlink:to="label_eba_x37" />
    <link:loc xlink:type="locator" xlink:href="mem.xsd#eba_x38" xlink:label="loc_eba_x38" />
    <link:label xlink:type="resource" xlink:label="label_eba_x38" xml:lang="en" xlink:role="http://www.xbrl.org/2003/role/label">Investment property. Cost model</link:label>
    <link:labelArc xlink:type="arc" xlink:arcrole="http://www.xbrl.org/2003/arcrole/concept-label" xlink:from="loc_eba_x38" xlink:to="label_eba_x38" />
    <link:loc xlink:type="locator" xlink:href="mem.xsd#eba_x39" xlink:label="loc_eba_x39" />
    <link:label xlink:type="resource" xlink:label="label_eba_x39" xml:lang="en" xlink:role="http://www.xbrl.org/2003/role/label">Investment property. Fair value model</link:label>
    <link:labelArc xlink:type="arc" xlink:arcrole="http://www.xbrl.org/2003/arcrole/concept-label" xlink:from="loc_eba_x39" xlink:to="label_eba_x39" />
    <link:loc xlink:type="locator" xlink:href="mem.xsd#eba_x40" xlink:label="loc_eba_x40" />
    <link:label xlink:type="resource" xlink:label="label_eba_x40" xml:lang="en" xlink:role="http://www.xbrl.org/2003/role/label">Investment property. Fair value model, Property, plan and equipment. Fair value model</link:label>
    <link:labelArc xlink:type="arc" xlink:arcrole="http://www.xbrl.org/2003/arcrole/concept-label" xlink:from="loc_eba_x40" xlink:to="label_eba_x40" />
    <link:loc xlink:type="locator" xlink:href="mem.xsd#eba_x41" xlink:label="loc_eba_x41" />
    <link:label xlink:type="resource" xlink:label="label_eba_x41" xml:lang="en" xlink:role="http://www.xbrl.org/2003/role/label">Investments in subsidiaries, joint ventures and associates</link:label>
    <link:labelArc xlink:type="arc" xlink:arcrole="http://www.xbrl.org/2003/arcrole/concept-label" xlink:from="loc_eba_x41" xlink:to="label_eba_x41" />
    <link:loc xlink:type="locator" xlink:href="mem.xsd#eba_x42" xlink:label="loc_eba_x42" />
    <link:label xlink:type="resource" xlink:label="label_eba_x42" xml:lang="en" xlink:role="http://www.xbrl.org/2003/role/label">Loans and receivables</link:label>
    <link:labelArc xlink:type="arc" xlink:arcrole="http://www.xbrl.org/2003/arcrole/concept-label" xlink:from="loc_eba_x42" xlink:to="label_eba_x42" />
    <link:loc xlink:type="locator" xlink:href="mem.xsd#eba_x43" xlink:label="loc_eba_x43" />
    <link:label xlink:type="resource" xlink:label="label_eba_x43" xml:lang="en" xlink:role="http://www.xbrl.org/2003/role/label">Measurement for Intangible assets. Other than Goodwill. Cost model</link:label>
    <link:labelArc xlink:type="arc" xlink:arcrole="http://www.xbrl.org/2003/arcrole/concept-label" xlink:from="loc_eba_x43" xlink:to="label_eba_x43" />
    <link:loc xlink:type="locator" xlink:href="mem.xsd#eba_x44" xlink:label="loc_eba_x44" />
    <link:label xlink:type="resource" xlink:label="label_eba_x44" xml:lang="en" xlink:role="http://www.xbrl.org/2003/role/label">Measurement for Intangible assets. Other than Goodwill. Revaluation model</link:label>
    <link:labelArc xlink:type="arc" xlink:arcrole="http://www.xbrl.org/2003/arcrole/concept-label" xlink:from="loc_eba_x44" xlink:to="label_eba_x44" />
    <link:loc xlink:type="locator" xlink:href="mem.xsd#eba_x0" xlink:label="loc_eba_x0" />
    <link:label xlink:type="resource" xlink:label="label_eba_x0" xml:lang="en" xlink:role="http://www.xbrl.org/2003/role/label">Not applicable/All portfolios</link:label>
    <link:labelArc xlink:type="arc" xlink:arcrole="http://www.xbrl.org/2003/arcrole/concept-label" xlink:from="loc_eba_x0" xlink:to="label_eba_x0" />
    <link:loc xlink:type="locator" xlink:href="mem.xsd#eba_x46" xlink:label="loc_eba_x46" />
    <link:label xlink:type="resource" xlink:label="label_eba_x46" xml:lang="en" xlink:role="http://www.xbrl.org/2003/role/label">Property, plant and equipment</link:label>
    <link:labelArc xlink:type="arc" xlink:arcrole="http://www.xbrl.org/2003/arcrole/concept-label" xlink:from="loc_eba_x46" xlink:to="label_eba_x46" />
    <link:loc xlink:type="locator" xlink:href="mem.xsd#eba_x47" xlink:label="loc_eba_x47" />
    <link:label xlink:type="resource" xlink:label="label_eba_x47" xml:lang="en" xlink:role="http://www.xbrl.org/2003/role/label">Property, plant and equipment. Cost model</link:label>
    <link:labelArc xlink:type="arc" xlink:arcrole="http://www.xbrl.org/2003/arcrole/concept-label" xlink:from="loc_eba_x47" xlink:to="label_eba_x47" />
    <link:loc xlink:type="locator" xlink:href="mem.xsd#eba_x48" xlink:label="loc_eba_x48" />
    <link:label xlink:type="resource" xlink:label="label_eba_x48" xml:lang="en" xlink:role="http://www.xbrl.org/2003/role/label">Property, plant and equipment. Fair value model</link:label>
    <link:labelArc xlink:type="arc" xlink:arcrole="http://www.xbrl.org/2003/arcrole/concept-label" xlink:from="loc_eba_x48" xlink:to="label_eba_x48" />
    <link:loc xlink:type="locator" xlink:href="mem.xsd#eba_x49" xlink:label="loc_eba_x49" />
    <link:label xlink:type="resource" xlink:label="label_eba_x49" xml:lang="en" xlink:role="http://www.xbrl.org/2003/role/label">Property, plant and equipment. Revaluation model</link:label>
    <link:labelArc xlink:type="arc" xlink:arcrole="http://www.xbrl.org/2003/arcrole/concept-label" xlink:from="loc_eba_x49" xlink:to="label_eba_x49" />
    <link:loc xlink:type="locator" xlink:href="mem.xsd#eba_x50" xlink:label="loc_eba_x50" />
    <link:label xlink:type="resource" xlink:label="label_eba_x50" xml:lang="en" xlink:role="http://www.xbrl.org/2003/role/label">Significant Investment</link:label>
    <link:labelArc xlink:type="arc" xlink:arcrole="http://www.xbrl.org/2003/arcrole/concept-label" xlink:from="loc_eba_x50" xlink:to="label_eba_x50" />
    <link:loc xlink:type="locator" xlink:href="mem.xsd#eba_x51" xlink:label="loc_eba_x51" />
    <link:label xlink:type="resource" xlink:label="label_eba_x51" xml:lang="en" xlink:role="http://www.xbrl.org/2003/role/label">Trading book</link:label>
    <link:labelArc xlink:type="arc" xlink:arcrole="http://www.xbrl.org/2003/arcrole/concept-label" xlink:from="loc_eba_x51" xlink:to="label_eba_x51" />
    <link:label xlink:type="resource" xlink:label="label_eba_x51_1" xml:lang="en" xlink:role="http://www.xbrl.org/2003/role/documentation">CRR 4 ¶86
CRR 102
CRR 103
CRR 104
CRR 105
CRR 106</link:label>
    <link:labelArc xlink:type="arc" xlink:arcrole="http://www.xbrl.org/2003/arcrole/concept-label" xlink:from="loc_eba_x51" xlink:to="label_eba_x51_1" />
    <link:loc xlink:type="locator" xlink:href="mem.xsd#eba_x52" xlink:label="loc_eba_x52" />
    <link:label xlink:type="resource" xlink:label="label_eba_x52" xml:lang="en" xlink:role="http://www.xbrl.org/2003/role/label">Measurement for Intangible assets. Other than Goodwill</link:label>
    <link:labelArc xlink:type="arc" xlink:arcrole="http://www.xbrl.org/2003/arcrole/concept-label" xlink:from="loc_eba_x52" xlink:to="label_eba_x52" />
    <link:loc xlink:type="locator" xlink:href="mem.xsd#eba_x53" xlink:label="loc_eba_x53" />
    <link:label xlink:type="resource" xlink:label="label_eba_x53" xml:lang="en" xlink:role="http://www.xbrl.org/2003/role/label">Financial liabilities designated at fair value through profit or loss. Accounting mismatch</link:label>
    <link:labelArc xlink:type="arc" xlink:arcrole="http://www.xbrl.org/2003/arcrole/concept-label" xlink:from="loc_eba_x53" xlink:to="label_eba_x53" />
    <link:loc xlink:type="locator" xlink:href="mem.xsd#eba_x54" xlink:label="loc_eba_x54" />
    <link:label xlink:type="resource" xlink:label="label_eba_x54" xml:lang="en" xlink:role="http://www.xbrl.org/2003/role/label">Financial liabilities designated at fair value through profit or loss. Evaluation on a fair value basis</link:label>
    <link:labelArc xlink:type="arc" xlink:arcrole="http://www.xbrl.org/2003/arcrole/concept-label" xlink:from="loc_eba_x54" xlink:to="label_eba_x54" />
    <link:loc xlink:type="locator" xlink:href="mem.xsd#eba_x55" xlink:label="loc_eba_x55" />
    <link:label xlink:type="resource" xlink:label="label_eba_x55" xml:lang="en" xlink:role="http://www.xbrl.org/2003/role/label">Financial liabilities designated at fair value through profit or loss. Hybrid contracts</link:label>
    <link:labelArc xlink:type="arc" xlink:arcrole="http://www.xbrl.org/2003/arcrole/concept-label" xlink:from="loc_eba_x55" xlink:to="label_eba_x55" />
    <link:loc xlink:type="locator" xlink:href="mem.xsd#eba_x56" xlink:label="loc_eba_x56" />
    <link:label xlink:type="resource" xlink:label="label_eba_x56" xml:lang="en" xlink:role="http://www.xbrl.org/2003/role/label">Financial assets designated at fair value through profit or loss. Accounting mismatch</link:label>
    <link:labelArc xlink:type="arc" xlink:arcrole="http://www.xbrl.org/2003/arcrole/concept-label" xlink:from="loc_eba_x56" xlink:to="label_eba_x56" />
    <link:loc xlink:type="locator" xlink:href="mem.xsd#eba_x57" xlink:label="loc_eba_x57" />
    <link:label xlink:type="resource" xlink:label="label_eba_x57" xml:lang="en" xlink:role="http://www.xbrl.org/2003/role/label">Financial assets designated at fair value through profit or loss. Evaluation on a fair value basis</link:label>
    <link:labelArc xlink:type="arc" xlink:arcrole="http://www.xbrl.org/2003/arcrole/concept-label" xlink:from="loc_eba_x57" xlink:to="label_eba_x57" />
    <link:loc xlink:type="locator" xlink:href="mem.xsd#eba_x58" xlink:label="loc_eba_x58" />
    <link:label xlink:type="resource" xlink:label="label_eba_x58" xml:lang="en" xlink:role="http://www.xbrl.org/2003/role/label">Financial assets designated at fair value through profit or loss. Hybrid contracts</link:label>
    <link:labelArc xlink:type="arc" xlink:arcrole="http://www.xbrl.org/2003/arcrole/concept-label" xlink:from="loc_eba_x58" xlink:to="label_eba_x58" />
    <link:loc xlink:type="locator" xlink:href="mem.xsd#eba_x59" xlink:label="loc_eba_x59" />
    <link:label xlink:type="resource" xlink:label="label_eba_x59" xml:lang="en" xlink:role="http://www.xbrl.org/2003/role/label">Financial assets held for trading, Financial assets designated at fair value through profit or loss, Available-for-sale financial assets</link:label>
    <link:labelArc xlink:type="arc" xlink:arcrole="http://www.xbrl.org/2003/arcrole/concept-label" xlink:from="loc_eba_x59" xlink:to="label_eba_x59" />
    <link:loc xlink:type="locator" xlink:href="mem.xsd#eba_x60" xlink:label="loc_eba_x60" />
    <link:label xlink:type="resource" xlink:label="label_eba_x60" xml:lang="en" xlink:role="http://www.xbrl.org/2003/role/label">Loans and receivables, Held-to-maturity investments</link:label>
    <link:labelArc xlink:type="arc" xlink:arcrole="http://www.xbrl.org/2003/arcrole/concept-label" xlink:from="loc_eba_x60" xlink:to="label_eba_x60" />
    <link:loc xlink:type="locator" xlink:href="mem.xsd#eba_x61" xlink:label="loc_eba_x61" />
    <link:label xlink:type="resource" xlink:label="label_eba_x61" xml:lang="en" xlink:role="http://www.xbrl.org/2003/role/label">Accounting portfolios for non-trading financial instruments</link:label>
    <link:labelArc xlink:type="arc" xlink:arcrole="http://www.xbrl.org/2003/arcrole/concept-label" xlink:from="loc_eba_x61" xlink:to="label_eba_x61" />
    <link:loc xlink:type="locator" xlink:href="mem.xsd#eba_x62" xlink:label="loc_eba_x62" />
    <link:label xlink:type="resource" xlink:label="label_eba_x62" xml:lang="en" xlink:role="http://www.xbrl.org/2003/role/label">Non-trading non-derivative financial assets measured at a cost-based method</link:label>
    <link:labelArc xlink:type="arc" xlink:arcrole="http://www.xbrl.org/2003/arcrole/concept-label" xlink:from="loc_eba_x62" xlink:to="label_eba_x62" />
    <link:loc xlink:type="locator" xlink:href="mem.xsd#eba_x63" xlink:label="loc_eba_x63" />
    <link:label xlink:type="resource" xlink:label="label_eba_x63" xml:lang="en" xlink:role="http://www.xbrl.org/2003/role/label">Non-trading non-derivative financial assets measured at fair value through profit or loss</link:label>
    <link:labelArc xlink:type="arc" xlink:arcrole="http://www.xbrl.org/2003/arcrole/concept-label" xlink:from="loc_eba_x63" xlink:to="label_eba_x63" />
    <link:loc xlink:type="locator" xlink:href="mem.xsd#eba_x64" xlink:label="loc_eba_x64" />
    <link:label xlink:type="resource" xlink:label="label_eba_x64" xml:lang="en" xlink:role="http://www.xbrl.org/2003/role/label">Non-trading non-derivative financial assets measured at fair value to equity</link:label>
    <link:labelArc xlink:type="arc" xlink:arcrole="http://www.xbrl.org/2003/arcrole/concept-label" xlink:from="loc_eba_x64" xlink:to="label_eba_x64" />
    <link:loc xlink:type="locator" xlink:href="mem.xsd#eba_x65" xlink:label="loc_eba_x65" />
    <link:label xlink:type="resource" xlink:label="label_eba_x65" xml:lang="en" xlink:role="http://www.xbrl.org/2003/role/label">Non-trading non-derivative financial liabilities measured at a cost-based method</link:label>
    <link:labelArc xlink:type="arc" xlink:arcrole="http://www.xbrl.org/2003/arcrole/concept-label" xlink:from="loc_eba_x65" xlink:to="label_eba_x65" />
    <link:loc xlink:type="locator" xlink:href="mem.xsd#eba_x66" xlink:label="loc_eba_x66" />
    <link:label xlink:type="resource" xlink:label="label_eba_x66" xml:lang="en" xlink:role="http://www.xbrl.org/2003/role/label">Trading financial assets</link:label>
    <link:labelArc xlink:type="arc" xlink:arcrole="http://www.xbrl.org/2003/arcrole/concept-label" xlink:from="loc_eba_x66" xlink:to="label_eba_x66" />
    <link:loc xlink:type="locator" xlink:href="mem.xsd#eba_x67" xlink:label="loc_eba_x67" />
    <link:label xlink:type="resource" xlink:label="label_eba_x67" xml:lang="en" xlink:role="http://www.xbrl.org/2003/role/label">Trading financial assets, Trading financial liabilities</link:label>
    <link:labelArc xlink:type="arc" xlink:arcrole="http://www.xbrl.org/2003/arcrole/concept-label" xlink:from="loc_eba_x67" xlink:to="label_eba_x67" />
    <link:loc xlink:type="locator" xlink:href="mem.xsd#eba_x68" xlink:label="loc_eba_x68" />
    <link:label xlink:type="resource" xlink:label="label_eba_x68" xml:lang="en" xlink:role="http://www.xbrl.org/2003/role/label">Trading financial liabilities</link:label>
    <link:labelArc xlink:type="arc" xlink:arcrole="http://www.xbrl.org/2003/arcrole/concept-label" xlink:from="loc_eba_x68" xlink:to="label_eba_x68" />
    <link:loc xlink:type="locator" xlink:href="mem.xsd#eba_x69" xlink:label="loc_eba_x69" />
    <link:label xlink:type="resource" xlink:label="label_eba_x69" xml:lang="en" xlink:role="http://www.xbrl.org/2003/role/label">Other non-trading non-derivative financial assets</link:label>
    <link:labelArc xlink:type="arc" xlink:arcrole="http://www.xbrl.org/2003/arcrole/concept-label" xlink:from="loc_eba_x69" xlink:to="label_eba_x69" />
    <link:loc xlink:type="locator" xlink:href="mem.xsd#eba_x70" xlink:label="loc_eba_x70" />
    <link:label xlink:type="resource" xlink:label="label_eba_x70" xml:lang="en" xlink:role="http://www.xbrl.org/2003/role/label">Accounting portfolios for financial assets</link:label>
    <link:labelArc xlink:type="arc" xlink:arcrole="http://www.xbrl.org/2003/arcrole/concept-label" xlink:from="loc_eba_x70" xlink:to="label_eba_x70" />
    <link:loc xlink:type="locator" xlink:href="mem.xsd#eba_x71" xlink:label="loc_eba_x71" />
    <link:label xlink:type="resource" xlink:label="label_eba_x71" xml:lang="en" xlink:role="http://www.xbrl.org/2003/role/label">Neither banking nor trading book</link:label>
    <link:labelArc xlink:type="arc" xlink:arcrole="http://www.xbrl.org/2003/arcrole/concept-label" xlink:from="loc_eba_x71" xlink:to="label_eba_x71" />
    <link:loc xlink:type="locator" xlink:href="mem.xsd#eba_x72" xlink:label="loc_eba_x72" />
    <link:label xlink:type="resource" xlink:label="label_eba_x72" xml:lang="en" xlink:role="http://www.xbrl.org/2003/role/label">Partially in banking and trading book</link:label>
    <link:labelArc xlink:type="arc" xlink:arcrole="http://www.xbrl.org/2003/arcrole/concept-label" xlink:from="loc_eba_x72" xlink:to="label_eba_x72" />
    <link:loc xlink:type="locator" xlink:href="mem.xsd#eba_x73" xlink:label="loc_eba_x73" />
    <link:label xlink:type="resource" xlink:label="label_eba_x73" xml:lang="en" xlink:role="http://www.xbrl.org/2003/role/label">Accounting portfolios for financial assets other than classified as held for sale</link:label>
    <link:labelArc xlink:type="arc" xlink:arcrole="http://www.xbrl.org/2003/arcrole/concept-label" xlink:from="loc_eba_x73" xlink:to="label_eba_x73" />
    <link:loc xlink:type="locator" xlink:href="mem.xsd#eba_x74" xlink:label="loc_eba_x74" />
    <link:label xlink:type="resource" xlink:label="label_eba_x74" xml:lang="en" xlink:role="http://www.xbrl.org/2003/role/label">Accounting portfolios for financial liabilities other than classified as held for sale</link:label>
    <link:labelArc xlink:type="arc" xlink:arcrole="http://www.xbrl.org/2003/arcrole/concept-label" xlink:from="loc_eba_x74" xlink:to="label_eba_x74" />
    <link:loc xlink:type="locator" xlink:href="mem.xsd#eba_x75" xlink:label="loc_eba_x75" />
    <link:label xlink:type="resource" xlink:label="label_eba_x75" xml:lang="en" xlink:role="http://www.xbrl.org/2003/role/label">Financial assets at amortised cost</link:label>
    <link:labelArc xlink:type="arc" xlink:arcrole="http://www.xbrl.org/2003/arcrole/concept-label" xlink:from="loc_eba_x75" xlink:to="label_eba_x75" />
    <link:loc xlink:type="locator" xlink:href="mem.xsd#eba_x76" xlink:label="loc_eba_x76" />
    <link:label xlink:type="resource" xlink:label="label_eba_x76" xml:lang="en" xlink:role="http://www.xbrl.org/2003/role/label">Financial assets at fair value other than Held for trading and Trading Financial Assets</link:label>
    <link:labelArc xlink:type="arc" xlink:arcrole="http://www.xbrl.org/2003/arcrole/concept-label" xlink:from="loc_eba_x76" xlink:to="label_eba_x76" />
    <link:loc xlink:type="locator" xlink:href="mem.xsd#eba_x77" xlink:label="loc_eba_x77" />
    <link:label xlink:type="resource" xlink:label="label_eba_x77" xml:lang="en" xlink:role="http://www.xbrl.org/2003/role/label">Financial assets other than Held for trading and Trading Financial Assets</link:label>
    <link:labelArc xlink:type="arc" xlink:arcrole="http://www.xbrl.org/2003/arcrole/concept-label" xlink:from="loc_eba_x77" xlink:to="label_eba_x77" />
    <link:loc xlink:type="locator" xlink:href="mem.xsd#eba_x78" xlink:label="loc_eba_x78" />
    <link:label xlink:type="resource" xlink:label="label_eba_x78" xml:lang="en" xlink:role="http://www.xbrl.org/2003/role/label">Not subject to own funds requirements</link:label>
    <link:labelArc xlink:type="arc" xlink:arcrole="http://www.xbrl.org/2003/arcrole/concept-label" xlink:from="loc_eba_x78" xlink:to="label_eba_x78" />
    <link:loc xlink:type="locator" xlink:href="mem.xsd#eba_x79" xlink:label="loc_eba_x79" />
    <link:label xlink:type="resource" xlink:label="label_eba_x79" xml:lang="en" xlink:role="http://www.xbrl.org/2003/role/label">Other than classified as held for sale</link:label>
    <link:labelArc xlink:type="arc" xlink:arcrole="http://www.xbrl.org/2003/arcrole/concept-label" xlink:from="loc_eba_x79" xlink:to="label_eba_x79" />
    <link:loc xlink:type="locator" xlink:href="mem.xsd#eba_x80" xlink:label="loc_eba_x80" />
    <link:label xlink:type="resource" xlink:label="label_eba_x80" xml:lang="en" xlink:role="http://www.xbrl.org/2003/role/label">Other than classified as held for sale and from investments in subsidiaries, joint ventures and associates</link:label>
    <link:labelArc xlink:type="arc" xlink:arcrole="http://www.xbrl.org/2003/arcrole/concept-label" xlink:from="loc_eba_x80" xlink:to="label_eba_x80" />
    <link:loc xlink:type="locator" xlink:href="mem.xsd#eba_x81" xlink:label="loc_eba_x81" />
    <link:label xlink:type="resource" xlink:label="label_eba_x81" xml:lang="en" xlink:role="http://www.xbrl.org/2003/role/label">Other than classified as held for sale and investment property</link:label>
    <link:labelArc xlink:type="arc" xlink:arcrole="http://www.xbrl.org/2003/arcrole/concept-label" xlink:from="loc_eba_x81" xlink:to="label_eba_x81" />
    <link:loc xlink:type="locator" xlink:href="mem.xsd#eba_x82" xlink:label="loc_eba_x82" />
    <link:label xlink:type="resource" xlink:label="label_eba_x82" xml:lang="en" xlink:role="http://www.xbrl.org/2003/role/label">Significant Investment and Non-Significant Investment</link:label>
    <link:labelArc xlink:type="arc" xlink:arcrole="http://www.xbrl.org/2003/arcrole/concept-label" xlink:from="loc_eba_x82" xlink:to="label_eba_x82" />
    <link:loc xlink:type="locator" xlink:href="mem.xsd#eba_x500" xlink:label="loc_eba_x500" />
    <link:label xlink:type="resource" xlink:label="label_eba_x500" xml:lang="en" xlink:role="http://www.xbrl.org/2003/role/label">Non-trading financial assets mandatorily at fair value through profit or loss</link:label>
    <link:labelArc xlink:type="arc" xlink:arcrole="http://www.xbrl.org/2003/arcrole/concept-label" xlink:from="loc_eba_x500" xlink:to="label_eba_x500" />
    <link:loc xlink:type="locator" xlink:href="mem.xsd#eba_x750" xlink:label="loc_eba_x750" />
    <link:label xlink:type="resource" xlink:label="label_eba_x750" xml:lang="en" xlink:role="http://www.xbrl.org/2003/role/label">Financial assets at fair value through other comprehensive income</link:label>
    <link:labelArc xlink:type="arc" xlink:arcrole="http://www.xbrl.org/2003/arcrole/concept-label" xlink:from="loc_eba_x750" xlink:to="label_eba_x750" />
    <link:loc xlink:type="locator" xlink:href="mem.xsd#eba_x751" xlink:label="loc_eba_x751" />
    <link:label xlink:type="resource" xlink:label="label_eba_x751" xml:lang="en" xlink:role="http://www.xbrl.org/2003/role/label">Investments in subsidiaries, joint ventures and associates. Equity method</link:label>
    <link:labelArc xlink:type="arc" xlink:arcrole="http://www.xbrl.org/2003/arcrole/concept-label" xlink:from="loc_eba_x751" xlink:to="label_eba_x751" />
    <link:loc xlink:type="locator" xlink:href="mem.xsd#eba_x752" xlink:label="loc_eba_x752" />
    <link:label xlink:type="resource" xlink:label="label_eba_x752" xml:lang="en" xlink:role="http://www.xbrl.org/2003/role/label">Investments in subsidiaries, joint ventures and associates. Other than equity method</link:label>
    <link:labelArc xlink:type="arc" xlink:arcrole="http://www.xbrl.org/2003/arcrole/concept-label" xlink:from="loc_eba_x752" xlink:to="label_eba_x752" />
    <link:loc xlink:type="locator" xlink:href="mem.xsd#eba_x83" xlink:label="loc_eba_x83" />
    <link:label xlink:type="resource" xlink:label="label_eba_x83" xml:lang="en" xlink:role="http://www.xbrl.org/2003/role/label">Financial assets at amortised cost. Purchased credit-impaired financial assets</link:label>
    <link:labelArc xlink:type="arc" xlink:arcrole="http://www.xbrl.org/2003/arcrole/concept-label" xlink:from="loc_eba_x83" xlink:to="label_eba_x83" />
    <link:loc xlink:type="locator" xlink:href="mem.xsd#eba_x84" xlink:label="loc_eba_x84" />
    <link:label xlink:type="resource" xlink:label="label_eba_x84" xml:lang="en" xlink:role="http://www.xbrl.org/2003/role/label">Financial assets at fair value through other comprehensive income. Purchased credit-impaired financial assets</link:label>
    <link:labelArc xlink:type="arc" xlink:arcrole="http://www.xbrl.org/2003/arcrole/concept-label" xlink:from="loc_eba_x84" xlink:to="label_eba_x84" />
    <link:loc xlink:type="locator" xlink:href="mem.xsd#eba_x85" xlink:label="loc_eba_x85" />
    <link:label xlink:type="resource" xlink:label="label_eba_x85" xml:lang="en" xlink:role="http://www.xbrl.org/2003/role/label">Non-trading non-derivative financial assets measured at a cost-based method. LOCOM</link:label>
    <link:labelArc xlink:type="arc" xlink:arcrole="http://www.xbrl.org/2003/arcrole/concept-label" xlink:from="loc_eba_x85" xlink:to="label_eba_x85" />
    <link:loc xlink:type="locator" xlink:href="mem.xsd#eba_x86" xlink:label="loc_eba_x86" />
    <link:label xlink:type="resource" xlink:label="label_eba_x86" xml:lang="en" xlink:role="http://www.xbrl.org/2003/role/label">Other non-trading non-derivative financial assets. LOCOM</link:label>
    <link:labelArc xlink:type="arc" xlink:arcrole="http://www.xbrl.org/2003/arcrole/concept-label" xlink:from="loc_eba_x86" xlink:to="label_eba_x86" />
    <link:loc xlink:type="locator" xlink:href="mem.xsd#eba_x87" xlink:label="loc_eba_x87" />
    <link:label xlink:type="resource" xlink:label="label_eba_x87" xml:lang="en" xlink:role="http://www.xbrl.org/2003/role/label">Accounting portfolios for trading financial instruments. Cost based method or LOCOM</link:label>
    <link:labelArc xlink:type="arc" xlink:arcrole="http://www.xbrl.org/2003/arcrole/concept-label" xlink:from="loc_eba_x87" xlink:to="label_eba_x87" />
    <link:loc xlink:type="locator" xlink:href="mem.xsd#eba_x89" xlink:label="loc_eba_x89" />
    <link:label xlink:type="resource" xlink:label="label_eba_x89" xml:lang="en" xlink:role="http://www.xbrl.org/2003/role/label">Hedge accounting. At cost based method or LOCOM</link:label>
    <link:labelArc xlink:type="arc" xlink:arcrole="http://www.xbrl.org/2003/arcrole/concept-label" xlink:from="loc_eba_x89" xlink:to="label_eba_x89" />
    <link:loc xlink:type="locator" xlink:href="mem.xsd#eba_x90" xlink:label="loc_eba_x90" />
    <link:label xlink:type="resource" xlink:label="label_eba_x90" xml:lang="en" xlink:role="http://www.xbrl.org/2003/role/label">Accounting mismatch</link:label>
    <link:labelArc xlink:type="arc" xlink:arcrole="http://www.xbrl.org/2003/arcrole/concept-label" xlink:from="loc_eba_x90" xlink:to="label_eba_x90" />
    <link:loc xlink:type="locator" xlink:href="mem.xsd#eba_x91" xlink:label="loc_eba_x91" />
    <link:label xlink:type="resource" xlink:label="label_eba_x91" xml:lang="en" xlink:role="http://www.xbrl.org/2003/role/label">Hybrid contract</link:label>
    <link:labelArc xlink:type="arc" xlink:arcrole="http://www.xbrl.org/2003/arcrole/concept-label" xlink:from="loc_eba_x91" xlink:to="label_eba_x91" />
    <link:loc xlink:type="locator" xlink:href="mem.xsd#eba_x92" xlink:label="loc_eba_x92" />
    <link:label xlink:type="resource" xlink:label="label_eba_x92" xml:lang="en" xlink:role="http://www.xbrl.org/2003/role/label">Management on a fair value basis</link:label>
    <link:labelArc xlink:type="arc" xlink:arcrole="http://www.xbrl.org/2003/arcrole/concept-label" xlink:from="loc_eba_x92" xlink:to="label_eba_x92" />
    <link:loc xlink:type="locator" xlink:href="mem.xsd#eba_x93" xlink:label="loc_eba_x93" />
    <link:label xlink:type="resource" xlink:label="label_eba_x93" xml:lang="en" xlink:role="http://www.xbrl.org/2003/role/label">Management for credit risk</link:label>
    <link:labelArc xlink:type="arc" xlink:arcrole="http://www.xbrl.org/2003/arcrole/concept-label" xlink:from="loc_eba_x93" xlink:to="label_eba_x93" />
    <link:loc xlink:type="locator" xlink:href="mem.xsd#eba_x683" xlink:label="loc_eba_x683" />
    <link:label xlink:type="resource" xlink:label="label_eba_x683" xml:lang="en" xlink:role="http://www.xbrl.org/2003/role/label">Other non-trading non-derivative financial assets. Other than LOCOM</link:label>
    <link:labelArc xlink:type="arc" xlink:arcrole="http://www.xbrl.org/2003/arcrole/concept-label" xlink:from="loc_eba_x683" xlink:to="label_eba_x683" />
    <link:loc xlink:type="locator" xlink:href="mem.xsd#eba_x684" xlink:label="loc_eba_x684" />
    <link:label xlink:type="resource" xlink:label="label_eba_x684" xml:lang="en" xlink:role="http://www.xbrl.org/2003/role/label">Non-trading non-derivative financial assets measured at fair value to equity. Subject to impairment</link:label>
    <link:labelArc xlink:type="arc" xlink:arcrole="http://www.xbrl.org/2003/arcrole/concept-label" xlink:from="loc_eba_x684" xlink:to="label_eba_x684" />
    <link:loc xlink:type="locator" xlink:href="mem.xsd#eba_x685" xlink:label="loc_eba_x685" />
    <link:label xlink:type="resource" xlink:label="label_eba_x685" xml:lang="en" xlink:role="http://www.xbrl.org/2003/role/label">Non-trading non-derivative financial assets measured at fair value to equity. Not subject to impairment</link:label>
    <link:labelArc xlink:type="arc" xlink:arcrole="http://www.xbrl.org/2003/arcrole/concept-label" xlink:from="loc_eba_x685" xlink:to="label_eba_x685" />
    <link:loc xlink:type="locator" xlink:href="mem.xsd#eba_x686" xlink:label="loc_eba_x686" />
    <link:label xlink:type="resource" xlink:label="label_eba_x686" xml:lang="en" xlink:role="http://www.xbrl.org/2003/role/label">Accounting portfolios for financial assets measured at cost based methods</link:label>
    <link:labelArc xlink:type="arc" xlink:arcrole="http://www.xbrl.org/2003/arcrole/concept-label" xlink:from="loc_eba_x686" xlink:to="label_eba_x686" />
    <link:loc xlink:type="locator" xlink:href="mem.xsd#eba_x687" xlink:label="loc_eba_x687" />
    <link:label xlink:type="resource" xlink:label="label_eba_x687" xml:lang="en" xlink:role="http://www.xbrl.org/2003/role/label">Accounting portfolios for financial assets measured at fair value through equity subject to impairment</link:label>
    <link:labelArc xlink:type="arc" xlink:arcrole="http://www.xbrl.org/2003/arcrole/concept-label" xlink:from="loc_eba_x687" xlink:to="label_eba_x687" />
    <link:loc xlink:type="locator" xlink:href="mem.xsd#eba_x688" xlink:label="loc_eba_x688" />
    <link:label xlink:type="resource" xlink:label="label_eba_x688" xml:lang="en" xlink:role="http://www.xbrl.org/2003/role/label">Accounting portfolios for financial assets at fair value or strict LOCOM not subject to impairment</link:label>
    <link:labelArc xlink:type="arc" xlink:arcrole="http://www.xbrl.org/2003/arcrole/concept-label" xlink:from="loc_eba_x688" xlink:to="label_eba_x688" />
    <link:loc xlink:type="locator" xlink:href="mem.xsd#eba_x689" xlink:label="loc_eba_x689" />
    <link:label xlink:type="resource" xlink:label="label_eba_x689" xml:lang="en" xlink:role="http://www.xbrl.org/2003/role/label">Accounting portfolios for financial and non-financial assets</link:label>
    <link:labelArc xlink:type="arc" xlink:arcrole="http://www.xbrl.org/2003/arcrole/concept-label" xlink:from="loc_eba_x689" xlink:to="label_eba_x689" />
    <link:loc xlink:type="locator" xlink:href="mem.xsd#eba_x691" xlink:label="loc_eba_x691" />
    <link:label xlink:type="resource" xlink:label="label_eba_x691" xml:lang="en" xlink:role="http://www.xbrl.org/2003/role/label">Management of credit risk. Upon designation</link:label>
    <link:labelArc xlink:type="arc" xlink:arcrole="http://www.xbrl.org/2003/arcrole/concept-label" xlink:from="loc_eba_x691" xlink:to="label_eba_x691" />
    <link:loc xlink:type="locator" xlink:href="mem.xsd#eba_x692" xlink:label="loc_eba_x692" />
    <link:label xlink:type="resource" xlink:label="label_eba_x692" xml:lang="en" xlink:role="http://www.xbrl.org/2003/role/label">Management of credit risk. After the designation</link:label>
    <link:labelArc xlink:type="arc" xlink:arcrole="http://www.xbrl.org/2003/arcrole/concept-label" xlink:from="loc_eba_x692" xlink:to="label_eba_x692" />
    <link:loc xlink:type="locator" xlink:href="mem.xsd#eba_x741" xlink:label="loc_eba_x741" />
    <link:label xlink:type="resource" xlink:label="label_eba_x741" xml:lang="en" xlink:role="http://www.xbrl.org/2003/role/label">Accounting portfolios for financial assets under IFRS</link:label>
    <link:labelArc xlink:type="arc" xlink:arcrole="http://www.xbrl.org/2003/arcrole/concept-label" xlink:from="loc_eba_x741" xlink:to="label_eba_x741" />
    <link:loc xlink:type="locator" xlink:href="mem.xsd#eba_x742" xlink:label="loc_eba_x742" />
    <link:label xlink:type="resource" xlink:label="label_eba_x742" xml:lang="en" xlink:role="http://www.xbrl.org/2003/role/label">Accounting portfolios for financial liabilities under IFRS</link:label>
    <link:labelArc xlink:type="arc" xlink:arcrole="http://www.xbrl.org/2003/arcrole/concept-label" xlink:from="loc_eba_x742" xlink:to="label_eba_x742" />
    <link:loc xlink:type="locator" xlink:href="mem.xsd#eba_x743" xlink:label="loc_eba_x743" />
    <link:label xlink:type="resource" xlink:label="label_eba_x743" xml:lang="en" xlink:role="http://www.xbrl.org/2003/role/label">Accounting portfolios for financial assets under GAAP</link:label>
    <link:labelArc xlink:type="arc" xlink:arcrole="http://www.xbrl.org/2003/arcrole/concept-label" xlink:from="loc_eba_x743" xlink:to="label_eba_x743" />
    <link:loc xlink:type="locator" xlink:href="mem.xsd#eba_x744" xlink:label="loc_eba_x744" />
    <link:label xlink:type="resource" xlink:label="label_eba_x744" xml:lang="en" xlink:role="http://www.xbrl.org/2003/role/label">Accounting portfolios for financial liabilities under GAAP</link:label>
    <link:labelArc xlink:type="arc" xlink:arcrole="http://www.xbrl.org/2003/arcrole/concept-label" xlink:from="loc_eba_x744" xlink:to="label_eba_x744" />
    <link:loc xlink:type="locator" xlink:href="mem.xsd#eba_x261" xlink:label="loc_eba_x261" />
    <link:label xlink:type="resource" xlink:label="label_eba_x261" xml:lang="en" xlink:role="http://www.xbrl.org/2003/role/label">Financial liabilities held for trading, trading financial liabilities</link:label>
    <link:labelArc xlink:type="arc" xlink:arcrole="http://www.xbrl.org/2003/arcrole/concept-label" xlink:from="loc_eba_x261" xlink:to="label_eba_x261" />
    <link:loc xlink:type="locator" xlink:href="mem.xsd#eba_x753" xlink:label="loc_eba_x753" />
    <link:label xlink:type="resource" xlink:label="label_eba_x753" xml:lang="en" xlink:role="http://www.xbrl.org/2003/role/label">Financial assets at fair value through other comprehensive income, non-trading non-derivative financial assets measured at fair value to equity</link:label>
    <link:labelArc xlink:type="arc" xlink:arcrole="http://www.xbrl.org/2003/arcrole/concept-label" xlink:from="loc_eba_x753" xlink:to="label_eba_x753" />
    <link:loc xlink:type="locator" xlink:href="mem.xsd#eba_x682" xlink:label="loc_eba_x682" />
    <link:label xlink:type="resource" xlink:label="label_eba_x682" xml:lang="en" xlink:role="http://www.xbrl.org/2003/role/label">Non-trading financial assets mandatorily at fair value through profit or loss, financial assets designated at fair value through profit or loss or from non-trading financial assets measured at fair value through profit or loss</link:label>
    <link:labelArc xlink:type="arc" xlink:arcrole="http://www.xbrl.org/2003/arcrole/concept-label" xlink:from="loc_eba_x682" xlink:to="label_eba_x682" />
    <link:loc xlink:type="locator" xlink:href="mem.xsd#eba_x97" xlink:label="loc_eba_x97" />
    <link:label xlink:type="resource" xlink:label="label_eba_x97" xml:lang="en" xlink:role="http://www.xbrl.org/2003/role/label">Investments in subsidiaries, joint ventures and associates.Measured at fair value</link:label>
    <link:labelArc xlink:type="arc" xlink:arcrole="http://www.xbrl.org/2003/arcrole/concept-label" xlink:from="loc_eba_x97" xlink:to="label_eba_x97" />
    <link:loc xlink:type="locator" xlink:href="mem.xsd#eba_x98" xlink:label="loc_eba_x98" />
    <link:label xlink:type="resource" xlink:label="label_eba_x98" xml:lang="en" xlink:role="http://www.xbrl.org/2003/role/label">Accounting portfolios for liabilities measured at fair value</link:label>
    <link:labelArc xlink:type="arc" xlink:arcrole="http://www.xbrl.org/2003/arcrole/concept-label" xlink:from="loc_eba_x98" xlink:to="label_eba_x98" />
    <link:loc xlink:type="locator" xlink:href="mem.xsd#eba_x99" xlink:label="loc_eba_x99" />
    <link:label xlink:type="resource" xlink:label="label_eba_x99" xml:lang="en" xlink:role="http://www.xbrl.org/2003/role/label">Portfolios under Core approach</link:label>
    <link:labelArc xlink:type="arc" xlink:arcrole="http://www.xbrl.org/2003/arcrole/concept-label" xlink:from="loc_eba_x99" xlink:to="label_eba_x99" />
    <link:loc xlink:type="locator" xlink:href="mem.xsd#eba_x100" xlink:label="loc_eba_x100" />
    <link:label xlink:type="resource" xlink:label="label_eba_x100" xml:lang="en" xlink:role="http://www.xbrl.org/2003/role/label">Portfolios under Core approach.Trading book</link:label>
    <link:labelArc xlink:type="arc" xlink:arcrole="http://www.xbrl.org/2003/arcrole/concept-label" xlink:from="loc_eba_x100" xlink:to="label_eba_x100" />
    <link:loc xlink:type="locator" xlink:href="mem.xsd#eba_x101" xlink:label="loc_eba_x101" />
    <link:label xlink:type="resource" xlink:label="label_eba_x101" xml:lang="en" xlink:role="http://www.xbrl.org/2003/role/label">Pre-diversification.Diversification method 2</link:label>
    <link:labelArc xlink:type="arc" xlink:arcrole="http://www.xbrl.org/2003/arcrole/concept-label" xlink:from="loc_eba_x101" xlink:to="label_eba_x101" />
    <link:loc xlink:type="locator" xlink:href="mem.xsd#eba_x102" xlink:label="loc_eba_x102" />
    <link:label xlink:type="resource" xlink:label="label_eba_x102" xml:lang="en" xlink:role="http://www.xbrl.org/2003/role/label">Post-diversification.Diversification method 2</link:label>
    <link:labelArc xlink:type="arc" xlink:arcrole="http://www.xbrl.org/2003/arcrole/concept-label" xlink:from="loc_eba_x102" xlink:to="label_eba_x102" />
    <link:loc xlink:type="locator" xlink:href="mem.xsd#eba_x693" xlink:label="loc_eba_x693" />
    <link:label xlink:type="resource" xlink:label="label_eba_x693" xml:lang="en" xlink:role="http://www.xbrl.org/2003/role/label">Post-diversification</link:label>
    <link:labelArc xlink:type="arc" xlink:arcrole="http://www.xbrl.org/2003/arcrole/concept-label" xlink:from="loc_eba_x693" xlink:to="label_eba_x693" />
    <link:loc xlink:type="locator" xlink:href="mem.xsd#eba_x694" xlink:label="loc_eba_x694" />
    <link:label xlink:type="resource" xlink:label="label_eba_x694" xml:lang="en" xlink:role="http://www.xbrl.org/2003/role/label">Pre-diversification</link:label>
    <link:labelArc xlink:type="arc" xlink:arcrole="http://www.xbrl.org/2003/arcrole/concept-label" xlink:from="loc_eba_x694" xlink:to="label_eba_x694" />
    <link:loc xlink:type="locator" xlink:href="mem.xsd#eba_x695" xlink:label="loc_eba_x695" />
    <link:label xlink:type="resource" xlink:label="label_eba_x695" xml:lang="en" xlink:role="http://www.xbrl.org/2003/role/label">Diversification benefit</link:label>
    <link:labelArc xlink:type="arc" xlink:arcrole="http://www.xbrl.org/2003/arcrole/concept-label" xlink:from="loc_eba_x695" xlink:to="label_eba_x695" />
    <link:loc xlink:type="locator" xlink:href="mem.xsd#eba_x696" xlink:label="loc_eba_x696" />
    <link:label xlink:type="resource" xlink:label="label_eba_x696" xml:lang="en" xlink:role="http://www.xbrl.org/2003/role/label">Diversification benefit.Method 1</link:label>
    <link:labelArc xlink:type="arc" xlink:arcrole="http://www.xbrl.org/2003/arcrole/concept-label" xlink:from="loc_eba_x696" xlink:to="label_eba_x696" />
    <link:loc xlink:type="locator" xlink:href="mem.xsd#eba_x697" xlink:label="loc_eba_x697" />
    <link:label xlink:type="resource" xlink:label="label_eba_x697" xml:lang="en" xlink:role="http://www.xbrl.org/2003/role/label">Diversification benefit.Method 2</link:label>
    <link:labelArc xlink:type="arc" xlink:arcrole="http://www.xbrl.org/2003/arcrole/concept-label" xlink:from="loc_eba_x697" xlink:to="label_eba_x697" />
    <link:loc xlink:type="locator" xlink:href="mem.xsd#eba_x698" xlink:label="loc_eba_x698" />
    <link:label xlink:type="resource" xlink:label="label_eba_x698" xml:lang="en" xlink:role="http://www.xbrl.org/2003/role/label">Portfolios under Core approach.Main</link:label>
    <link:labelArc xlink:type="arc" xlink:arcrole="http://www.xbrl.org/2003/arcrole/concept-label" xlink:from="loc_eba_x698" xlink:to="label_eba_x698" />
    <link:loc xlink:type="locator" xlink:href="mem.xsd#eba_x699" xlink:label="loc_eba_x699" />
    <link:label xlink:type="resource" xlink:label="label_eba_x699" xml:lang="en" xlink:role="http://www.xbrl.org/2003/role/label">Portfolios under Core approach.Fallback</link:label>
    <link:labelArc xlink:type="arc" xlink:arcrole="http://www.xbrl.org/2003/arcrole/concept-label" xlink:from="loc_eba_x699" xlink:to="label_eba_x699" />
    <link:loc xlink:type="locator" xlink:href="mem.xsd#eba_x94" xlink:label="loc_eba_x94" />
    <link:label xlink:type="resource" xlink:label="label_eba_x94" xml:lang="en" xlink:role="http://www.xbrl.org/2003/role/label">Accounting portfolios for assets and liabilities measured at fair value</link:label>
    <link:labelArc xlink:type="arc" xlink:arcrole="http://www.xbrl.org/2003/arcrole/concept-label" xlink:from="loc_eba_x94" xlink:to="label_eba_x94" />
    <link:loc xlink:type="locator" xlink:href="mem.xsd#eba_x95" xlink:label="loc_eba_x95" />
    <link:label xlink:type="resource" xlink:label="label_eba_x95" xml:lang="en" xlink:role="http://www.xbrl.org/2003/role/label">Accounting portfolios for assets measured at fair value</link:label>
    <link:labelArc xlink:type="arc" xlink:arcrole="http://www.xbrl.org/2003/arcrole/concept-label" xlink:from="loc_eba_x95" xlink:to="label_eba_x95" />
    <link:loc xlink:type="locator" xlink:href="mem.xsd#eba_x96" xlink:label="loc_eba_x96" />
    <link:label xlink:type="resource" xlink:label="label_eba_x96" xml:lang="en" xlink:role="http://www.xbrl.org/2003/role/label">Other non-trading non-derivative financial assets.Measured at fair value</link:label>
    <link:labelArc xlink:type="arc" xlink:arcrole="http://www.xbrl.org/2003/arcrole/concept-label" xlink:from="loc_eba_x96" xlink:to="label_eba_x96" />
    <link:loc xlink:type="locator" xlink:href="mem.xsd#eba_x103" xlink:label="loc_eba_x103" />
    <link:label xlink:type="resource" xlink:label="label_eba_x103" xml:lang="en" xlink:role="http://www.xbrl.org/2003/role/label">Accounting portfolios for financial assets measured at cost based methods, excluding cash and cash balances at central banks and other demand deposits</link:label>
    <link:labelArc xlink:type="arc" xlink:arcrole="http://www.xbrl.org/2003/arcrole/concept-label" xlink:from="loc_eba_x103" xlink:to="label_eba_x103" />
    <link:loc xlink:type="locator" xlink:href="mem.xsd#eba_x104" xlink:label="loc_eba_x104" />
    <link:label xlink:type="resource" xlink:label="label_eba_x104" xml:lang="en" xlink:role="http://www.xbrl.org/2003/role/label">Accounting portfolios for financial assets other than classified as held for sale, excluding financial assets held for trading, trading financial assets and cash and cash balances at central banks and other demand deposits</link:label>
    <link:labelArc xlink:type="arc" xlink:arcrole="http://www.xbrl.org/2003/arcrole/concept-label" xlink:from="loc_eba_x104" xlink:to="label_eba_x104" />
    <link:loc xlink:type="locator" xlink:href="mem.xsd#eba_x491" xlink:label="loc_eba_x491" />
    <link:label xlink:type="resource" xlink:label="label_eba_x491" xml:lang="en" xlink:role="http://www.xbrl.org/2003/role/label">Other than property, plant and equipment</link:label>
    <link:labelArc xlink:type="arc" xlink:arcrole="http://www.xbrl.org/2003/arcrole/concept-label" xlink:from="loc_eba_x491" xlink:to="label_eba_x491" />
    <link:loc xlink:type="locator" xlink:href="mem.xsd#eba_x492" xlink:label="loc_eba_x492" />
    <link:label xlink:type="resource" xlink:label="label_eba_x492" xml:lang="en" xlink:role="http://www.xbrl.org/2003/role/label">Other than property, plant and equipment, classified as held for sale</link:label>
    <link:labelArc xlink:type="arc" xlink:arcrole="http://www.xbrl.org/2003/arcrole/concept-label" xlink:from="loc_eba_x492" xlink:to="label_eba_x492" />
    <link:loc xlink:type="locator" xlink:href="mem.xsd#eba_x493" xlink:label="loc_eba_x493" />
    <link:label xlink:type="resource" xlink:label="label_eba_x493" xml:lang="en" xlink:role="http://www.xbrl.org/2003/role/label">Accounting portfolios for financial assets excluding financial assets held for trading, trading financial assets and cash and cash balances at central banks and other demand deposits</link:label>
    <link:labelArc xlink:type="arc" xlink:arcrole="http://www.xbrl.org/2003/arcrole/concept-label" xlink:from="loc_eba_x493" xlink:to="label_eba_x493" />
  </link:labelLink>
</link:linkbase>