<ns0:linkbase xmlns:ns0="http://www.xbrl.org/2003/linkbase" xmlns:ns2="http://www.w3.org/1999/xlink" xmlns:xsi="http://www.w3.org/2001/XMLSchema-instance" xsi:schemaLocation="http://www.xbrl.org/2003/linkbase http://www.xbrl.org/2003/xbrl-linkbase-2003-12-31.xsd">
    <ns0:roleRef roleURI="http://ferc.gov/form/2020-01-01/roles/Schedule/F1F/AnnualCorporateOfficerCertification" ns2:href="form-1F-sched-AnnualCorporateOfficerCertification_2020-01-01.xsd#roleType_AnnualCorporateOfficerCertification" ns2:type="simple" />
    <ns0:roleRef roleURI="http://ferc.gov/form/2020-01-01/roles/label/F1FIdentification" ns2:href="../../ferc-core-lab-roles_2020-01-01.xsd#F1FIdentification" ns2:type="simple" />
    <ns0:presentationLink ns2:role="http://ferc.gov/form/2020-01-01/roles/Schedule/F1F/AnnualCorporateOfficerCertification" ns2:type="extended">
        <ns0:loc ns2:href="../../ferc-core_2020-01-01.xsd#ferc_ScheduleAnnualReportCorporateOfficerCertificationAbstract" ns2:label="ferc_ScheduleAnnualReportCorporateOfficerCertificationAbstract" ns2:type="locator" />
        <ns0:loc ns2:href="../../ferc-core_2020-01-01.xsd#ferc_NameOfCertifyingOfficial" ns2:label="ferc_NameOfCertifyingOfficial" ns2:type="locator" />
        <ns0:presentationArc order="1" preferredLabel="http://ferc.gov/form/2020-01-01/roles/label/F1FIdentification" ns2:arcrole="http://www.xbrl.org/2003/arcrole/parent-child" ns2:from="ferc_ScheduleAnnualReportCorporateOfficerCertificationAbstract" ns2:to="ferc_NameOfCertifyingOfficial" ns2:type="arc" />
        <ns0:loc ns2:href="../../ferc-core_2020-01-01.xsd#ferc_CorporateOfficerCertificationSignature" ns2:label="ferc_CorporateOfficerCertificationSignature" ns2:type="locator" />
        <ns0:presentationArc order="2" preferredLabel="http://ferc.gov/form/2020-01-01/roles/label/F1FIdentification" ns2:arcrole="http://www.xbrl.org/2003/arcrole/parent-child" ns2:from="ferc_ScheduleAnnualReportCorporateOfficerCertificationAbstract" ns2:to="ferc_CorporateOfficerCertificationSignature" ns2:type="arc" />
        <ns0:loc ns2:href="../../ferc-core_2020-01-01.xsd#ferc_TitleOfCertifyingOfficial" ns2:label="ferc_TitleOfCertifyingOfficial" ns2:type="locator" />
        <ns0:presentationArc order="3" preferredLabel="http://ferc.gov/form/2020-01-01/roles/label/F1FIdentification" ns2:arcrole="http://www.xbrl.org/2003/arcrole/parent-child" ns2:from="ferc_ScheduleAnnualReportCorporateOfficerCertificationAbstract" ns2:to="ferc_TitleOfCertifyingOfficial" ns2:type="arc" />
        <ns0:loc ns2:href="../../ferc-core_2020-01-01.xsd#ferc_CertifyingOfficialDate" ns2:label="ferc_CertifyingOfficialDate" ns2:type="locator" />
        <ns0:presentationArc order="4" preferredLabel="http://ferc.gov/form/2020-01-01/roles/label/F1FIdentification" ns2:arcrole="http://www.xbrl.org/2003/arcrole/parent-child" ns2:from="ferc_ScheduleAnnualReportCorporateOfficerCertificationAbstract" ns2:to="ferc_CertifyingOfficialDate" ns2:type="arc" />
    </ns0:presentationLink>
</ns0:linkbase>