<ns0:linkbase xmlns:ns0="http://www.xbrl.org/2003/linkbase" xmlns:ns2="http://www.w3.org/1999/xlink" xmlns:xsi="http://www.w3.org/2001/XMLSchema-instance" xsi:schemaLocation="http://www.xbrl.org/2003/linkbase http://www.xbrl.org/2003/xbrl-linkbase-2003-12-31.xsd">
    <ns0:roleRef roleURI="http://ferc.gov/form/2020-01-01/roles/Schedule/F1/ScheduleReconciliationOfReportedNetIncomeWithTaxableIncomeForFederalIncomeTaxesDeductionsRecordedOnBooksNotDeductedForReturn" ns2:href="form-1-sched-ReconciliationOfReportedNetIncomeWithTaxableIncomeForFederalIncomeTaxes_2020-01-01.xsd#roleType_ScheduleReconciliationOfReportedNetIncomeWithTaxableIncomeForFederalIncomeTaxesDeductionsRecordedOnBooksNotDeductedForReturn" ns2:type="simple" />
    <ns0:roleRef roleURI="http://ferc.gov/form/2020-01-01/roles/Schedule/F1/ScheduleReconciliationOfReportedNetIncomeWithTaxableIncomeForFederalIncomeTaxesTaxableIncomeNotReportedOnBooks" ns2:href="form-1-sched-ReconciliationOfReportedNetIncomeWithTaxableIncomeForFederalIncomeTaxes_2020-01-01.xsd#roleType_ScheduleReconciliationOfReportedNetIncomeWithTaxableIncomeForFederalIncomeTaxesTaxableIncomeNotReportedOnBooks" ns2:type="simple" />
    <ns0:roleRef roleURI="http://ferc.gov/form/2020-01-01/roles/Schedule/F1/ScheduleReconciliationOfReportedNetIncomeWithTaxableIncomeForFederalIncomeTaxesIncomeRecordedOnBooksNotIncludedInReturn" ns2:href="form-1-sched-ReconciliationOfReportedNetIncomeWithTaxableIncomeForFederalIncomeTaxes_2020-01-01.xsd#roleType_ScheduleReconciliationOfReportedNetIncomeWithTaxableIncomeForFederalIncomeTaxesIncomeRecordedOnBooksNotIncludedInReturn" ns2:type="simple" />
    <ns0:roleRef roleURI="http://ferc.gov/form/2020-01-01/roles/Schedule/F1/ScheduleReconciliationOfReportedNetIncomeWithTaxableIncomeForFederalIncomeTaxes" ns2:href="form-1-sched-ReconciliationOfReportedNetIncomeWithTaxableIncomeForFederalIncomeTaxes_2020-01-01.xsd#roleType_ScheduleReconciliationOfReportedNetIncomeWithTaxableIncomeForFederalIncomeTaxes" ns2:type="simple" />
    <ns0:roleRef roleURI="http://ferc.gov/form/2020-01-01/roles/Schedule/F1/ScheduleReconciliationOfReportedNetIncomeWithTaxableIncomeForFederalIncomeTaxesDeductionsOnReturnNotChargedAgainstBookIncome" ns2:href="form-1-sched-ReconciliationOfReportedNetIncomeWithTaxableIncomeForFederalIncomeTaxes_2020-01-01.xsd#roleType_ScheduleReconciliationOfReportedNetIncomeWithTaxableIncomeForFederalIncomeTaxesDeductionsOnReturnNotChargedAgainstBookIncome" ns2:type="simple" />
    <ns0:roleRef roleURI="http://ferc.gov/form/2020-01-01/roles/Schedule/F1/ScheduleReconciliationOfReportedNetIncomeWithTaxableIncomeForFederalIncomeTaxesShowComputationOfTax" ns2:href="form-1-sched-ReconciliationOfReportedNetIncomeWithTaxableIncomeForFederalIncomeTaxes_2020-01-01.xsd#roleType_ScheduleReconciliationOfReportedNetIncomeWithTaxableIncomeForFederalIncomeTaxesShowComputationOfTax" ns2:type="simple" />
    <ns0:roleRef roleURI="http://ferc.gov/form/2020-01-01/roles/label/F1ReconOfNIWithTaxIncome" ns2:href="../../ferc-core-lab-roles_2020-01-01.xsd#F1ReconOfNIWithTaxIncome" ns2:type="simple" />
    <ns0:presentationLink ns2:role="http://ferc.gov/form/2020-01-01/roles/Schedule/F1/ScheduleReconciliationOfReportedNetIncomeWithTaxableIncomeForFederalIncomeTaxes" ns2:type="extended">
        <ns0:loc ns2:href="../../ferc-core_2020-01-01.xsd#ferc_ScheduleReconciliationOfReportedNetIncomeWithTaxableIncomeForFederalIncomeTaxesAbstract" ns2:label="ferc_ScheduleReconciliationOfReportedNetIncomeWithTaxableIncomeForFederalIncomeTaxesAbstract" ns2:type="locator" />
        <ns0:loc ns2:href="../../ferc-core_2020-01-01.xsd#ferc_ReconciliationOfNetIncomeWithTaxableIncomeForFederalIncomeTaxesTable" ns2:label="ferc_ReconciliationOfNetIncomeWithTaxableIncomeForFederalIncomeTaxesTable" ns2:type="locator" />
        <ns0:presentationArc order="1" ns2:arcrole="http://www.xbrl.org/2003/arcrole/parent-child" ns2:from="ferc_ScheduleReconciliationOfReportedNetIncomeWithTaxableIncomeForFederalIncomeTaxesAbstract" ns2:to="ferc_ReconciliationOfNetIncomeWithTaxableIncomeForFederalIncomeTaxesTable" ns2:type="arc" />
        <ns0:loc ns2:href="../../ferc-core_2020-01-01.xsd#ferc_ReconciliationOfNetIncomeWithTaxableIncomeForFederalIncomeTaxesLineItems" ns2:label="ferc_ReconciliationOfNetIncomeWithTaxableIncomeForFederalIncomeTaxesLineItems" ns2:type="locator" />
        <ns0:presentationArc order="1" ns2:arcrole="http://www.xbrl.org/2003/arcrole/parent-child" ns2:from="ferc_ReconciliationOfNetIncomeWithTaxableIncomeForFederalIncomeTaxesTable" ns2:to="ferc_ReconciliationOfNetIncomeWithTaxableIncomeForFederalIncomeTaxesLineItems" ns2:type="arc" />
        <ns0:loc ns2:href="../../ferc-core_2020-01-01.xsd#ferc_NetIncomeLoss" ns2:label="ferc_NetIncomeLoss" ns2:type="locator" />
        <ns0:presentationArc order="1" preferredLabel="http://ferc.gov/form/2020-01-01/roles/label/F1ReconOfNIWithTaxIncome" ns2:arcrole="http://www.xbrl.org/2003/arcrole/parent-child" ns2:from="ferc_ReconciliationOfNetIncomeWithTaxableIncomeForFederalIncomeTaxesLineItems" ns2:to="ferc_NetIncomeLoss" ns2:type="arc" />
        <ns0:loc ns2:href="../../ferc-core_2020-01-01.xsd#ferc_ReconcilingItemsForThePeriodAbstract" ns2:label="ferc_ReconcilingItemsForThePeriodAbstract" ns2:type="locator" />
        <ns0:presentationArc order="2" preferredLabel="http://ferc.gov/form/2020-01-01/roles/label/F1ReconOfNIWithTaxIncome" ns2:arcrole="http://www.xbrl.org/2003/arcrole/parent-child" ns2:from="ferc_ReconciliationOfNetIncomeWithTaxableIncomeForFederalIncomeTaxesLineItems" ns2:to="ferc_ReconcilingItemsForThePeriodAbstract" ns2:type="arc" />
        <ns0:loc ns2:href="../../ferc-core_2020-01-01.xsd#ferc_TaxableIncomeNotReportedOnBooks" ns2:label="ferc_TaxableIncomeNotReportedOnBooks" ns2:type="locator" />
        <ns0:presentationArc order="3" preferredLabel="http://ferc.gov/form/2020-01-01/roles/label/F1ReconOfNIWithTaxIncome" ns2:arcrole="http://www.xbrl.org/2003/arcrole/parent-child" ns2:from="ferc_ReconciliationOfNetIncomeWithTaxableIncomeForFederalIncomeTaxesLineItems" ns2:to="ferc_TaxableIncomeNotReportedOnBooks" ns2:type="arc" />
        <ns0:loc ns2:href="../../ferc-core_2020-01-01.xsd#ferc_DeductionsRecordedOnBooksNotDeductedForReturn" ns2:label="ferc_DeductionsRecordedOnBooksNotDeductedForReturn" ns2:type="locator" />
        <ns0:presentationArc order="4" preferredLabel="http://ferc.gov/form/2020-01-01/roles/label/F1ReconOfNIWithTaxIncome" ns2:arcrole="http://www.xbrl.org/2003/arcrole/parent-child" ns2:from="ferc_ReconciliationOfNetIncomeWithTaxableIncomeForFederalIncomeTaxesLineItems" ns2:to="ferc_DeductionsRecordedOnBooksNotDeductedForReturn" ns2:type="arc" />
        <ns0:loc ns2:href="../../ferc-core_2020-01-01.xsd#ferc_IncomeRecordedOnBooksNotIncludedInReturn" ns2:label="ferc_IncomeRecordedOnBooksNotIncludedInReturn" ns2:type="locator" />
        <ns0:presentationArc order="5" preferredLabel="http://ferc.gov/form/2020-01-01/roles/label/F1ReconOfNIWithTaxIncome" ns2:arcrole="http://www.xbrl.org/2003/arcrole/parent-child" ns2:from="ferc_ReconciliationOfNetIncomeWithTaxableIncomeForFederalIncomeTaxesLineItems" ns2:to="ferc_IncomeRecordedOnBooksNotIncludedInReturn" ns2:type="arc" />
        <ns0:loc ns2:href="../../ferc-core_2020-01-01.xsd#ferc_DeductionsOnReturnNotChargedAgainstBookIncome" ns2:label="ferc_DeductionsOnReturnNotChargedAgainstBookIncome" ns2:type="locator" />
        <ns0:presentationArc order="6" preferredLabel="http://ferc.gov/form/2020-01-01/roles/label/F1ReconOfNIWithTaxIncome" ns2:arcrole="http://www.xbrl.org/2003/arcrole/parent-child" ns2:from="ferc_ReconciliationOfNetIncomeWithTaxableIncomeForFederalIncomeTaxesLineItems" ns2:to="ferc_DeductionsOnReturnNotChargedAgainstBookIncome" ns2:type="arc" />
        <ns0:loc ns2:href="../../ferc-core_2020-01-01.xsd#ferc_FederalTaxNetIncome" ns2:label="ferc_FederalTaxNetIncome" ns2:type="locator" />
        <ns0:presentationArc order="7" preferredLabel="http://ferc.gov/form/2020-01-01/roles/label/F1ReconOfNIWithTaxIncome" ns2:arcrole="http://www.xbrl.org/2003/arcrole/parent-child" ns2:from="ferc_ReconciliationOfNetIncomeWithTaxableIncomeForFederalIncomeTaxesLineItems" ns2:to="ferc_FederalTaxNetIncome" ns2:type="arc" />
    </ns0:presentationLink>
    <ns0:presentationLink ns2:role="http://ferc.gov/form/2020-01-01/roles/Schedule/F1/ScheduleReconciliationOfReportedNetIncomeWithTaxableIncomeForFederalIncomeTaxesTaxableIncomeNotReportedOnBooks" ns2:type="extended">
        <ns0:loc ns2:href="../../ferc-core_2020-01-01.xsd#ferc_ScheduleReconciliationOfReportedNetIncomeWithTaxableIncomeForFederalIncomeTaxesAbstract" ns2:label="ferc_ScheduleReconciliationOfReportedNetIncomeWithTaxableIncomeForFederalIncomeTaxesAbstract" ns2:type="locator" />
        <ns0:loc ns2:href="../../ferc-core_2020-01-01.xsd#ferc_TaxableIncomeNotReportedOnBooksAbstract" ns2:label="ferc_TaxableIncomeNotReportedOnBooksAbstract" ns2:type="locator" />
        <ns0:presentationArc order="1" preferredLabel="http://ferc.gov/form/2020-01-01/roles/label/F1ReconOfNIWithTaxIncome" ns2:arcrole="http://www.xbrl.org/2003/arcrole/parent-child" ns2:from="ferc_ScheduleReconciliationOfReportedNetIncomeWithTaxableIncomeForFederalIncomeTaxesAbstract" ns2:to="ferc_TaxableIncomeNotReportedOnBooksAbstract" ns2:type="arc" />
        <ns0:loc ns2:href="../../ferc-core_2020-01-01.xsd#ferc_ReconciliationOfNetIncomeWithTaxableIncomeForFederalIncomeTaxesTable" ns2:label="ferc_ReconciliationOfNetIncomeWithTaxableIncomeForFederalIncomeTaxesTable" ns2:type="locator" />
        <ns0:presentationArc order="1" ns2:arcrole="http://www.xbrl.org/2003/arcrole/parent-child" ns2:from="ferc_TaxableIncomeNotReportedOnBooksAbstract" ns2:to="ferc_ReconciliationOfNetIncomeWithTaxableIncomeForFederalIncomeTaxesTable" ns2:type="arc" />
        <ns0:loc ns2:href="../../ferc-core_2020-01-01.xsd#ferc_TaxableIncomeNotReportedOnBooksAxis" ns2:label="ferc_TaxableIncomeNotReportedOnBooksAxis" ns2:type="locator" />
        <ns0:presentationArc order="1" ns2:arcrole="http://www.xbrl.org/2003/arcrole/parent-child" ns2:from="ferc_ReconciliationOfNetIncomeWithTaxableIncomeForFederalIncomeTaxesTable" ns2:to="ferc_TaxableIncomeNotReportedOnBooksAxis" ns2:type="arc" />
        <ns0:loc ns2:href="../../ferc-core_2020-01-01.xsd#ferc_ReconciliationOfNetIncomeWithTaxableIncomeForFederalIncomeTaxesLineItems" ns2:label="ferc_ReconciliationOfNetIncomeWithTaxableIncomeForFederalIncomeTaxesLineItems" ns2:type="locator" />
        <ns0:presentationArc order="2" ns2:arcrole="http://www.xbrl.org/2003/arcrole/parent-child" ns2:from="ferc_ReconciliationOfNetIncomeWithTaxableIncomeForFederalIncomeTaxesTable" ns2:to="ferc_ReconciliationOfNetIncomeWithTaxableIncomeForFederalIncomeTaxesLineItems" ns2:type="arc" />
        <ns0:loc ns2:href="../../ferc-core_2020-01-01.xsd#ferc_OrderNumber" ns2:label="ferc_OrderNumber" ns2:type="locator" />
        <ns0:presentationArc order="1" ns2:arcrole="http://www.xbrl.org/2003/arcrole/parent-child" ns2:from="ferc_ReconciliationOfNetIncomeWithTaxableIncomeForFederalIncomeTaxesLineItems" ns2:to="ferc_OrderNumber" ns2:type="arc" />
        <ns0:loc ns2:href="../../ferc-core_2020-01-01.xsd#ferc_TaxableIncomeNotReportedOnBooksDescription" ns2:label="ferc_TaxableIncomeNotReportedOnBooksDescription" ns2:type="locator" />
        <ns0:presentationArc order="2" ns2:arcrole="http://www.xbrl.org/2003/arcrole/parent-child" ns2:from="ferc_ReconciliationOfNetIncomeWithTaxableIncomeForFederalIncomeTaxesLineItems" ns2:to="ferc_TaxableIncomeNotReportedOnBooksDescription" ns2:type="arc" />
        <ns0:loc ns2:href="../../ferc-core_2020-01-01.xsd#ferc_TaxableIncomeNotReportedOnBooks" ns2:label="ferc_TaxableIncomeNotReportedOnBooks" ns2:type="locator" />
        <ns0:presentationArc order="3" ns2:arcrole="http://www.xbrl.org/2003/arcrole/parent-child" ns2:from="ferc_ReconciliationOfNetIncomeWithTaxableIncomeForFederalIncomeTaxesLineItems" ns2:to="ferc_TaxableIncomeNotReportedOnBooks" ns2:type="arc" />
    </ns0:presentationLink>
    <ns0:presentationLink ns2:role="http://ferc.gov/form/2020-01-01/roles/Schedule/F1/ScheduleReconciliationOfReportedNetIncomeWithTaxableIncomeForFederalIncomeTaxesDeductionsRecordedOnBooksNotDeductedForReturn" ns2:type="extended">
        <ns0:loc ns2:href="../../ferc-core_2020-01-01.xsd#ferc_ScheduleReconciliationOfReportedNetIncomeWithTaxableIncomeForFederalIncomeTaxesAbstract" ns2:label="ferc_ScheduleReconciliationOfReportedNetIncomeWithTaxableIncomeForFederalIncomeTaxesAbstract" ns2:type="locator" />
        <ns0:loc ns2:href="../../ferc-core_2020-01-01.xsd#ferc_DeductionsRecordedOnBooksNotDeductedForReturnAbstract" ns2:label="ferc_DeductionsRecordedOnBooksNotDeductedForReturnAbstract" ns2:type="locator" />
        <ns0:presentationArc order="1" preferredLabel="http://ferc.gov/form/2020-01-01/roles/label/F1ReconOfNIWithTaxIncome" ns2:arcrole="http://www.xbrl.org/2003/arcrole/parent-child" ns2:from="ferc_ScheduleReconciliationOfReportedNetIncomeWithTaxableIncomeForFederalIncomeTaxesAbstract" ns2:to="ferc_DeductionsRecordedOnBooksNotDeductedForReturnAbstract" ns2:type="arc" />
        <ns0:loc ns2:href="../../ferc-core_2020-01-01.xsd#ferc_ReconciliationOfNetIncomeWithTaxableIncomeForFederalIncomeTaxesTable" ns2:label="ferc_ReconciliationOfNetIncomeWithTaxableIncomeForFederalIncomeTaxesTable" ns2:type="locator" />
        <ns0:presentationArc order="1" ns2:arcrole="http://www.xbrl.org/2003/arcrole/parent-child" ns2:from="ferc_DeductionsRecordedOnBooksNotDeductedForReturnAbstract" ns2:to="ferc_ReconciliationOfNetIncomeWithTaxableIncomeForFederalIncomeTaxesTable" ns2:type="arc" />
        <ns0:loc ns2:href="../../ferc-core_2020-01-01.xsd#ferc_DeductionsRecordedOnBooksNotDeductedForReturnAxis" ns2:label="ferc_DeductionsRecordedOnBooksNotDeductedForReturnAxis" ns2:type="locator" />
        <ns0:presentationArc order="1" ns2:arcrole="http://www.xbrl.org/2003/arcrole/parent-child" ns2:from="ferc_ReconciliationOfNetIncomeWithTaxableIncomeForFederalIncomeTaxesTable" ns2:to="ferc_DeductionsRecordedOnBooksNotDeductedForReturnAxis" ns2:type="arc" />
        <ns0:loc ns2:href="../../ferc-core_2020-01-01.xsd#ferc_ReconciliationOfNetIncomeWithTaxableIncomeForFederalIncomeTaxesLineItems" ns2:label="ferc_ReconciliationOfNetIncomeWithTaxableIncomeForFederalIncomeTaxesLineItems" ns2:type="locator" />
        <ns0:presentationArc order="2" ns2:arcrole="http://www.xbrl.org/2003/arcrole/parent-child" ns2:from="ferc_ReconciliationOfNetIncomeWithTaxableIncomeForFederalIncomeTaxesTable" ns2:to="ferc_ReconciliationOfNetIncomeWithTaxableIncomeForFederalIncomeTaxesLineItems" ns2:type="arc" />
        <ns0:loc ns2:href="../../ferc-core_2020-01-01.xsd#ferc_OrderNumber" ns2:label="ferc_OrderNumber" ns2:type="locator" />
        <ns0:presentationArc order="1" ns2:arcrole="http://www.xbrl.org/2003/arcrole/parent-child" ns2:from="ferc_ReconciliationOfNetIncomeWithTaxableIncomeForFederalIncomeTaxesLineItems" ns2:to="ferc_OrderNumber" ns2:type="arc" />
        <ns0:loc ns2:href="../../ferc-core_2020-01-01.xsd#ferc_DeductionsRecordedOnBooksNotDeductedForReturnDescription" ns2:label="ferc_DeductionsRecordedOnBooksNotDeductedForReturnDescription" ns2:type="locator" />
        <ns0:presentationArc order="2" ns2:arcrole="http://www.xbrl.org/2003/arcrole/parent-child" ns2:from="ferc_ReconciliationOfNetIncomeWithTaxableIncomeForFederalIncomeTaxesLineItems" ns2:to="ferc_DeductionsRecordedOnBooksNotDeductedForReturnDescription" ns2:type="arc" />
        <ns0:loc ns2:href="../../ferc-core_2020-01-01.xsd#ferc_DeductionsRecordedOnBooksNotDeductedForReturn" ns2:label="ferc_DeductionsRecordedOnBooksNotDeductedForReturn" ns2:type="locator" />
        <ns0:presentationArc order="3" ns2:arcrole="http://www.xbrl.org/2003/arcrole/parent-child" ns2:from="ferc_ReconciliationOfNetIncomeWithTaxableIncomeForFederalIncomeTaxesLineItems" ns2:to="ferc_DeductionsRecordedOnBooksNotDeductedForReturn" ns2:type="arc" />
    </ns0:presentationLink>
    <ns0:presentationLink ns2:role="http://ferc.gov/form/2020-01-01/roles/Schedule/F1/ScheduleReconciliationOfReportedNetIncomeWithTaxableIncomeForFederalIncomeTaxesIncomeRecordedOnBooksNotIncludedInReturn" ns2:type="extended">
        <ns0:loc ns2:href="../../ferc-core_2020-01-01.xsd#ferc_ScheduleReconciliationOfReportedNetIncomeWithTaxableIncomeForFederalIncomeTaxesAbstract" ns2:label="ferc_ScheduleReconciliationOfReportedNetIncomeWithTaxableIncomeForFederalIncomeTaxesAbstract" ns2:type="locator" />
        <ns0:loc ns2:href="../../ferc-core_2020-01-01.xsd#ferc_IncomeRecordedOnBooksNotIncludedInReturnAbstract" ns2:label="ferc_IncomeRecordedOnBooksNotIncludedInReturnAbstract" ns2:type="locator" />
        <ns0:presentationArc order="1" preferredLabel="http://ferc.gov/form/2020-01-01/roles/label/F1ReconOfNIWithTaxIncome" ns2:arcrole="http://www.xbrl.org/2003/arcrole/parent-child" ns2:from="ferc_ScheduleReconciliationOfReportedNetIncomeWithTaxableIncomeForFederalIncomeTaxesAbstract" ns2:to="ferc_IncomeRecordedOnBooksNotIncludedInReturnAbstract" ns2:type="arc" />
        <ns0:loc ns2:href="../../ferc-core_2020-01-01.xsd#ferc_ReconciliationOfNetIncomeWithTaxableIncomeForFederalIncomeTaxesTable" ns2:label="ferc_ReconciliationOfNetIncomeWithTaxableIncomeForFederalIncomeTaxesTable" ns2:type="locator" />
        <ns0:presentationArc order="1" ns2:arcrole="http://www.xbrl.org/2003/arcrole/parent-child" ns2:from="ferc_IncomeRecordedOnBooksNotIncludedInReturnAbstract" ns2:to="ferc_ReconciliationOfNetIncomeWithTaxableIncomeForFederalIncomeTaxesTable" ns2:type="arc" />
        <ns0:loc ns2:href="../../ferc-core_2020-01-01.xsd#ferc_IncomeRecordedOnBooksNotIncludedInReturnAxis" ns2:label="ferc_IncomeRecordedOnBooksNotIncludedInReturnAxis" ns2:type="locator" />
        <ns0:presentationArc order="1" ns2:arcrole="http://www.xbrl.org/2003/arcrole/parent-child" ns2:from="ferc_ReconciliationOfNetIncomeWithTaxableIncomeForFederalIncomeTaxesTable" ns2:to="ferc_IncomeRecordedOnBooksNotIncludedInReturnAxis" ns2:type="arc" />
        <ns0:loc ns2:href="../../ferc-core_2020-01-01.xsd#ferc_ReconciliationOfNetIncomeWithTaxableIncomeForFederalIncomeTaxesLineItems" ns2:label="ferc_ReconciliationOfNetIncomeWithTaxableIncomeForFederalIncomeTaxesLineItems" ns2:type="locator" />
        <ns0:presentationArc order="2" ns2:arcrole="http://www.xbrl.org/2003/arcrole/parent-child" ns2:from="ferc_ReconciliationOfNetIncomeWithTaxableIncomeForFederalIncomeTaxesTable" ns2:to="ferc_ReconciliationOfNetIncomeWithTaxableIncomeForFederalIncomeTaxesLineItems" ns2:type="arc" />
        <ns0:loc ns2:href="../../ferc-core_2020-01-01.xsd#ferc_OrderNumber" ns2:label="ferc_OrderNumber" ns2:type="locator" />
        <ns0:presentationArc order="1" ns2:arcrole="http://www.xbrl.org/2003/arcrole/parent-child" ns2:from="ferc_ReconciliationOfNetIncomeWithTaxableIncomeForFederalIncomeTaxesLineItems" ns2:to="ferc_OrderNumber" ns2:type="arc" />
        <ns0:loc ns2:href="../../ferc-core_2020-01-01.xsd#ferc_IncomeRecordedOnBooksNotIncludedInReturnDescription" ns2:label="ferc_IncomeRecordedOnBooksNotIncludedInReturnDescription" ns2:type="locator" />
        <ns0:presentationArc order="2" ns2:arcrole="http://www.xbrl.org/2003/arcrole/parent-child" ns2:from="ferc_ReconciliationOfNetIncomeWithTaxableIncomeForFederalIncomeTaxesLineItems" ns2:to="ferc_IncomeRecordedOnBooksNotIncludedInReturnDescription" ns2:type="arc" />
        <ns0:loc ns2:href="../../ferc-core_2020-01-01.xsd#ferc_IncomeRecordedOnBooksNotIncludedInReturn" ns2:label="ferc_IncomeRecordedOnBooksNotIncludedInReturn" ns2:type="locator" />
        <ns0:presentationArc order="3" ns2:arcrole="http://www.xbrl.org/2003/arcrole/parent-child" ns2:from="ferc_ReconciliationOfNetIncomeWithTaxableIncomeForFederalIncomeTaxesLineItems" ns2:to="ferc_IncomeRecordedOnBooksNotIncludedInReturn" ns2:type="arc" />
    </ns0:presentationLink>
    <ns0:presentationLink ns2:role="http://ferc.gov/form/2020-01-01/roles/Schedule/F1/ScheduleReconciliationOfReportedNetIncomeWithTaxableIncomeForFederalIncomeTaxesDeductionsOnReturnNotChargedAgainstBookIncome" ns2:type="extended">
        <ns0:loc ns2:href="../../ferc-core_2020-01-01.xsd#ferc_ScheduleReconciliationOfReportedNetIncomeWithTaxableIncomeForFederalIncomeTaxesAbstract" ns2:label="ferc_ScheduleReconciliationOfReportedNetIncomeWithTaxableIncomeForFederalIncomeTaxesAbstract" ns2:type="locator" />
        <ns0:loc ns2:href="../../ferc-core_2020-01-01.xsd#ferc_DeductionsOnReturnNotChargedAgainstBookIncomeAbstract" ns2:label="ferc_DeductionsOnReturnNotChargedAgainstBookIncomeAbstract" ns2:type="locator" />
        <ns0:presentationArc order="1" preferredLabel="http://ferc.gov/form/2020-01-01/roles/label/F1ReconOfNIWithTaxIncome" ns2:arcrole="http://www.xbrl.org/2003/arcrole/parent-child" ns2:from="ferc_ScheduleReconciliationOfReportedNetIncomeWithTaxableIncomeForFederalIncomeTaxesAbstract" ns2:to="ferc_DeductionsOnReturnNotChargedAgainstBookIncomeAbstract" ns2:type="arc" />
        <ns0:loc ns2:href="../../ferc-core_2020-01-01.xsd#ferc_ReconciliationOfNetIncomeWithTaxableIncomeForFederalIncomeTaxesTable" ns2:label="ferc_ReconciliationOfNetIncomeWithTaxableIncomeForFederalIncomeTaxesTable" ns2:type="locator" />
        <ns0:presentationArc order="1" ns2:arcrole="http://www.xbrl.org/2003/arcrole/parent-child" ns2:from="ferc_DeductionsOnReturnNotChargedAgainstBookIncomeAbstract" ns2:to="ferc_ReconciliationOfNetIncomeWithTaxableIncomeForFederalIncomeTaxesTable" ns2:type="arc" />
        <ns0:loc ns2:href="../../ferc-core_2020-01-01.xsd#ferc_DeductionsOnReturnNotChargedAgainstBookIncomeAxis" ns2:label="ferc_DeductionsOnReturnNotChargedAgainstBookIncomeAxis" ns2:type="locator" />
        <ns0:presentationArc order="1" ns2:arcrole="http://www.xbrl.org/2003/arcrole/parent-child" ns2:from="ferc_ReconciliationOfNetIncomeWithTaxableIncomeForFederalIncomeTaxesTable" ns2:to="ferc_DeductionsOnReturnNotChargedAgainstBookIncomeAxis" ns2:type="arc" />
        <ns0:loc ns2:href="../../ferc-core_2020-01-01.xsd#ferc_ReconciliationOfNetIncomeWithTaxableIncomeForFederalIncomeTaxesLineItems" ns2:label="ferc_ReconciliationOfNetIncomeWithTaxableIncomeForFederalIncomeTaxesLineItems" ns2:type="locator" />
        <ns0:presentationArc order="2" ns2:arcrole="http://www.xbrl.org/2003/arcrole/parent-child" ns2:from="ferc_ReconciliationOfNetIncomeWithTaxableIncomeForFederalIncomeTaxesTable" ns2:to="ferc_ReconciliationOfNetIncomeWithTaxableIncomeForFederalIncomeTaxesLineItems" ns2:type="arc" />
        <ns0:loc ns2:href="../../ferc-core_2020-01-01.xsd#ferc_OrderNumber" ns2:label="ferc_OrderNumber" ns2:type="locator" />
        <ns0:presentationArc order="1" ns2:arcrole="http://www.xbrl.org/2003/arcrole/parent-child" ns2:from="ferc_ReconciliationOfNetIncomeWithTaxableIncomeForFederalIncomeTaxesLineItems" ns2:to="ferc_OrderNumber" ns2:type="arc" />
        <ns0:loc ns2:href="../../ferc-core_2020-01-01.xsd#ferc_DeductionsOnReturnNotChargedAgainstBookIncomeDescription" ns2:label="ferc_DeductionsOnReturnNotChargedAgainstBookIncomeDescription" ns2:type="locator" />
        <ns0:presentationArc order="2" ns2:arcrole="http://www.xbrl.org/2003/arcrole/parent-child" ns2:from="ferc_ReconciliationOfNetIncomeWithTaxableIncomeForFederalIncomeTaxesLineItems" ns2:to="ferc_DeductionsOnReturnNotChargedAgainstBookIncomeDescription" ns2:type="arc" />
        <ns0:loc ns2:href="../../ferc-core_2020-01-01.xsd#ferc_DeductionsOnReturnNotChargedAgainstBookIncome" ns2:label="ferc_DeductionsOnReturnNotChargedAgainstBookIncome" ns2:type="locator" />
        <ns0:presentationArc order="3" ns2:arcrole="http://www.xbrl.org/2003/arcrole/parent-child" ns2:from="ferc_ReconciliationOfNetIncomeWithTaxableIncomeForFederalIncomeTaxesLineItems" ns2:to="ferc_DeductionsOnReturnNotChargedAgainstBookIncome" ns2:type="arc" />
    </ns0:presentationLink>
    <ns0:presentationLink ns2:role="http://ferc.gov/form/2020-01-01/roles/Schedule/F1/ScheduleReconciliationOfReportedNetIncomeWithTaxableIncomeForFederalIncomeTaxesShowComputationOfTax" ns2:type="extended">
        <ns0:loc ns2:href="../../ferc-core_2020-01-01.xsd#ferc_ScheduleReconciliationOfReportedNetIncomeWithTaxableIncomeForFederalIncomeTaxesAbstract" ns2:label="ferc_ScheduleReconciliationOfReportedNetIncomeWithTaxableIncomeForFederalIncomeTaxesAbstract" ns2:type="locator" />
        <ns0:loc ns2:href="../../ferc-core_2020-01-01.xsd#ferc_ShowComputationOfTaxAbstract" ns2:label="ferc_ShowComputationOfTaxAbstract" ns2:type="locator" />
        <ns0:presentationArc order="1" preferredLabel="http://ferc.gov/form/2020-01-01/roles/label/F1ReconOfNIWithTaxIncome" ns2:arcrole="http://www.xbrl.org/2003/arcrole/parent-child" ns2:from="ferc_ScheduleReconciliationOfReportedNetIncomeWithTaxableIncomeForFederalIncomeTaxesAbstract" ns2:to="ferc_ShowComputationOfTaxAbstract" ns2:type="arc" />
        <ns0:loc ns2:href="../../ferc-core_2020-01-01.xsd#ferc_ReconciliationOfNetIncomeWithTaxableIncomeForFederalIncomeTaxesTable" ns2:label="ferc_ReconciliationOfNetIncomeWithTaxableIncomeForFederalIncomeTaxesTable" ns2:type="locator" />
        <ns0:presentationArc order="1" ns2:arcrole="http://www.xbrl.org/2003/arcrole/parent-child" ns2:from="ferc_ShowComputationOfTaxAbstract" ns2:to="ferc_ReconciliationOfNetIncomeWithTaxableIncomeForFederalIncomeTaxesTable" ns2:type="arc" />
        <ns0:loc ns2:href="../../ferc-core_2020-01-01.xsd#ferc_ReconciliationOfNetIncomeWithTaxableIncomeForFederalIncomeTaxesAxis" ns2:label="ferc_ReconciliationOfNetIncomeWithTaxableIncomeForFederalIncomeTaxesAxis" ns2:type="locator" />
        <ns0:presentationArc order="1" ns2:arcrole="http://www.xbrl.org/2003/arcrole/parent-child" ns2:from="ferc_ReconciliationOfNetIncomeWithTaxableIncomeForFederalIncomeTaxesTable" ns2:to="ferc_ReconciliationOfNetIncomeWithTaxableIncomeForFederalIncomeTaxesAxis" ns2:type="arc" />
        <ns0:loc ns2:href="../../ferc-core_2020-01-01.xsd#ferc_ReconciliationOfNetIncomeWithTaxableIncomeForFederalIncomeTaxesLineItems" ns2:label="ferc_ReconciliationOfNetIncomeWithTaxableIncomeForFederalIncomeTaxesLineItems" ns2:type="locator" />
        <ns0:presentationArc order="2" ns2:arcrole="http://www.xbrl.org/2003/arcrole/parent-child" ns2:from="ferc_ReconciliationOfNetIncomeWithTaxableIncomeForFederalIncomeTaxesTable" ns2:to="ferc_ReconciliationOfNetIncomeWithTaxableIncomeForFederalIncomeTaxesLineItems" ns2:type="arc" />
        <ns0:loc ns2:href="../../ferc-core_2020-01-01.xsd#ferc_OrderNumber" ns2:label="ferc_OrderNumber" ns2:type="locator" />
        <ns0:presentationArc order="1" ns2:arcrole="http://www.xbrl.org/2003/arcrole/parent-child" ns2:from="ferc_ReconciliationOfNetIncomeWithTaxableIncomeForFederalIncomeTaxesLineItems" ns2:to="ferc_OrderNumber" ns2:type="arc" />
        <ns0:loc ns2:href="../../ferc-core_2020-01-01.xsd#ferc_ComputationOfTaxDescription" ns2:label="ferc_ComputationOfTaxDescription" ns2:type="locator" />
        <ns0:presentationArc order="2" ns2:arcrole="http://www.xbrl.org/2003/arcrole/parent-child" ns2:from="ferc_ReconciliationOfNetIncomeWithTaxableIncomeForFederalIncomeTaxesLineItems" ns2:to="ferc_ComputationOfTaxDescription" ns2:type="arc" />
        <ns0:loc ns2:href="../../ferc-core_2020-01-01.xsd#ferc_ComputationOfTax" ns2:label="ferc_ComputationOfTax" ns2:type="locator" />
        <ns0:presentationArc order="3" ns2:arcrole="http://www.xbrl.org/2003/arcrole/parent-child" ns2:from="ferc_ReconciliationOfNetIncomeWithTaxableIncomeForFederalIncomeTaxesLineItems" ns2:to="ferc_ComputationOfTax" ns2:type="arc" />
        <ns0:loc ns2:href="../../ferc-core_2020-01-01.xsd#ferc_FederalTaxNetIncomeAtStatutoryRateBeforeCreditsAndAdjustments" ns2:label="ferc_FederalTaxNetIncomeAtStatutoryRateBeforeCreditsAndAdjustments" ns2:type="locator" />
        <ns0:presentationArc order="1" ns2:arcrole="http://www.xbrl.org/2003/arcrole/parent-child" ns2:from="ferc_ComputationOfTax" ns2:to="ferc_FederalTaxNetIncomeAtStatutoryRateBeforeCreditsAndAdjustments" ns2:type="arc" />
        <ns0:loc ns2:href="../../ferc-core_2020-01-01.xsd#ferc_FederalIncomeTaxCreditsAndAdjustments" ns2:label="ferc_FederalIncomeTaxCreditsAndAdjustments" ns2:type="locator" />
        <ns0:presentationArc order="2" ns2:arcrole="http://www.xbrl.org/2003/arcrole/parent-child" ns2:from="ferc_ComputationOfTax" ns2:to="ferc_FederalIncomeTaxCreditsAndAdjustments" ns2:type="arc" />
        <ns0:loc ns2:href="../../ferc-core_2020-01-01.xsd#ferc_FederalIncomeTaxExpenseBenefit" ns2:label="ferc_FederalIncomeTaxExpenseBenefit" ns2:type="locator" />
        <ns0:presentationArc order="3" ns2:arcrole="http://www.xbrl.org/2003/arcrole/parent-child" ns2:from="ferc_ComputationOfTax" ns2:to="ferc_FederalIncomeTaxExpenseBenefit" ns2:type="arc" />
    </ns0:presentationLink>
</ns0:linkbase>