﻿<?xml version="1.0" encoding="utf-8"?>
<!--© DNB-->
<link:linkbase xmlns:xsi="http://www.w3.org/2001/XMLSchema-instance" xmlns:xlink="http://www.w3.org/1999/xlink" xmlns:link="http://www.xbrl.org/2003/linkbase" xmlns:gen="http://xbrl.org/2008/generic" xmlns:label="http://xbrl.org/2008/label" xsi:schemaLocation="http://www.xbrl.org/2003/linkbase http://www.xbrl.org/2003/xbrl-linkbase-2003-12-31.xsd http://xbrl.org/2008/generic http://www.xbrl.org/2008/generic-link.xsd http://xbrl.org/2008/label http://www.xbrl.org/2008/generic-label.xsd">
  <link:arcroleRef arcroleURI="http://xbrl.org/arcrole/2008/element-label" xlink:type="simple" xlink:href="http://www.xbrl.org/2008/generic-label.xsd#element-label" />
  <link:roleRef roleURI="http://www.xbrl.org/2008/role/label" xlink:type="simple" xlink:href="http://www.xbrl.org/2008/generic-label.xsd#standard-label" />
  <link:roleRef roleURI="http://www.xbrl.org/2008/role/verboseLabel" xlink:type="simple" xlink:href="http://www.xbrl.org/2008/generic-label.xsd#verbose-label" />
  <link:roleRef roleURI="http://www.xbrl.org/2008/role/documentation" xlink:type="simple" xlink:href="http://www.xbrl.org/2008/generic-label.xsd#documentation" />
  <gen:link xlink:type="extended" xlink:role="http://www.xbrl.org/2003/role/link">
    <link:loc xlink:type="locator" xlink:href="hier.xsd#dnb_001" xlink:label="loc_dnb_001" />
    <label:label xlink:type="resource" xlink:label="label_dnb_001" xml:lang="nl" xlink:role="http://www.xbrl.org/2008/role/label">Aanwending premie bij premieovereenkomst</label:label>
    <gen:arc xlink:type="arc" xlink:arcrole="http://xbrl.org/arcrole/2008/element-label" xlink:from="loc_dnb_001" xlink:to="label_dnb_001" />
    <label:label xlink:type="resource" xlink:label="label_dnb_001_2" xml:lang="nl" xlink:role="http://www.xbrl.org/2008/role/documentation">Aanwending premie bij premieovereenkomst</label:label>
    <gen:arc xlink:type="arc" xlink:arcrole="http://xbrl.org/arcrole/2008/element-label" xlink:from="loc_dnb_001" xlink:to="label_dnb_001_2" />
    <link:loc xlink:type="locator" xlink:href="hier.xsd#dnb_002" xlink:label="loc_dnb_002" />
    <label:label xlink:type="resource" xlink:label="label_dnb_002" xml:lang="nl" xlink:role="http://www.xbrl.org/2008/role/label">Accountantskantoor</label:label>
    <gen:arc xlink:type="arc" xlink:arcrole="http://xbrl.org/arcrole/2008/element-label" xlink:from="loc_dnb_002" xlink:to="label_dnb_002" />
    <label:label xlink:type="resource" xlink:label="label_dnb_002_2" xml:lang="nl" xlink:role="http://www.xbrl.org/2008/role/documentation">Accountantskantoor</label:label>
    <gen:arc xlink:type="arc" xlink:arcrole="http://xbrl.org/arcrole/2008/element-label" xlink:from="loc_dnb_002" xlink:to="label_dnb_002_2" />
    <link:loc xlink:type="locator" xlink:href="hier.xsd#dnb_003" xlink:label="loc_dnb_003" />
    <label:label xlink:type="resource" xlink:label="label_dnb_003" xml:lang="nl" xlink:role="http://www.xbrl.org/2008/role/label">Actuariskantoor</label:label>
    <gen:arc xlink:type="arc" xlink:arcrole="http://xbrl.org/arcrole/2008/element-label" xlink:from="loc_dnb_003" xlink:to="label_dnb_003" />
    <label:label xlink:type="resource" xlink:label="label_dnb_003_2" xml:lang="nl" xlink:role="http://www.xbrl.org/2008/role/documentation">Actuariskantoor</label:label>
    <gen:arc xlink:type="arc" xlink:arcrole="http://xbrl.org/arcrole/2008/element-label" xlink:from="loc_dnb_003" xlink:to="label_dnb_003_2" />
    <link:loc xlink:type="locator" xlink:href="hier.xsd#dnb_004" xlink:label="loc_dnb_004" />
    <label:label xlink:type="resource" xlink:label="label_dnb_004" xml:lang="nl" xlink:role="http://www.xbrl.org/2008/role/label">AO-afdekking</label:label>
    <gen:arc xlink:type="arc" xlink:arcrole="http://xbrl.org/arcrole/2008/element-label" xlink:from="loc_dnb_004" xlink:to="label_dnb_004" />
    <label:label xlink:type="resource" xlink:label="label_dnb_004_2" xml:lang="nl" xlink:role="http://www.xbrl.org/2008/role/documentation">AO-afdekking</label:label>
    <gen:arc xlink:type="arc" xlink:arcrole="http://xbrl.org/arcrole/2008/element-label" xlink:from="loc_dnb_004" xlink:to="label_dnb_004_2" />
    <link:loc xlink:type="locator" xlink:href="hier.xsd#dnb_005" xlink:label="loc_dnb_005" />
    <label:label xlink:type="resource" xlink:label="label_dnb_005" xml:lang="nl" xlink:role="http://www.xbrl.org/2008/role/label">APF</label:label>
    <gen:arc xlink:type="arc" xlink:arcrole="http://xbrl.org/arcrole/2008/element-label" xlink:from="loc_dnb_005" xlink:to="label_dnb_005" />
    <label:label xlink:type="resource" xlink:label="label_dnb_005_2" xml:lang="nl" xlink:role="http://www.xbrl.org/2008/role/documentation">APF</label:label>
    <gen:arc xlink:type="arc" xlink:arcrole="http://xbrl.org/arcrole/2008/element-label" xlink:from="loc_dnb_005" xlink:to="label_dnb_005_2" />
    <link:loc xlink:type="locator" xlink:href="hier.xsd#dnb_006" xlink:label="loc_dnb_006" />
    <label:label xlink:type="resource" xlink:label="label_dnb_006" xml:lang="nl" xlink:role="http://www.xbrl.org/2008/role/label">Basering herstelplan</label:label>
    <gen:arc xlink:type="arc" xlink:arcrole="http://xbrl.org/arcrole/2008/element-label" xlink:from="loc_dnb_006" xlink:to="label_dnb_006" />
    <label:label xlink:type="resource" xlink:label="label_dnb_006_2" xml:lang="nl" xlink:role="http://www.xbrl.org/2008/role/documentation">Basering herstelplan</label:label>
    <gen:arc xlink:type="arc" xlink:arcrole="http://xbrl.org/arcrole/2008/element-label" xlink:from="loc_dnb_006" xlink:to="label_dnb_006_2" />
    <link:loc xlink:type="locator" xlink:href="hier.xsd#dnb_007" xlink:label="loc_dnb_007" />
    <label:label xlink:type="resource" xlink:label="label_dnb_007" xml:lang="nl" xlink:role="http://www.xbrl.org/2008/role/label">Basis deelnemersbijdrage OP</label:label>
    <gen:arc xlink:type="arc" xlink:arcrole="http://xbrl.org/arcrole/2008/element-label" xlink:from="loc_dnb_007" xlink:to="label_dnb_007" />
    <label:label xlink:type="resource" xlink:label="label_dnb_007_2" xml:lang="nl" xlink:role="http://www.xbrl.org/2008/role/documentation">Basis deelnemersbijdrage OP</label:label>
    <gen:arc xlink:type="arc" xlink:arcrole="http://xbrl.org/arcrole/2008/element-label" xlink:from="loc_dnb_007" xlink:to="label_dnb_007_2" />
    <link:loc xlink:type="locator" xlink:href="hier.xsd#dnb_008" xlink:label="loc_dnb_008" />
    <label:label xlink:type="resource" xlink:label="label_dnb_008" xml:lang="nl" xlink:role="http://www.xbrl.org/2008/role/label">Basis maxmering premiebijdrage</label:label>
    <gen:arc xlink:type="arc" xlink:arcrole="http://xbrl.org/arcrole/2008/element-label" xlink:from="loc_dnb_008" xlink:to="label_dnb_008" />
    <label:label xlink:type="resource" xlink:label="label_dnb_008_2" xml:lang="nl" xlink:role="http://www.xbrl.org/2008/role/documentation">Basis maxmering premiebijdrage</label:label>
    <gen:arc xlink:type="arc" xlink:arcrole="http://xbrl.org/arcrole/2008/element-label" xlink:from="loc_dnb_008" xlink:to="label_dnb_008_2" />
    <link:loc xlink:type="locator" xlink:href="hier.xsd#dnb_009" xlink:label="loc_dnb_009" />
    <label:label xlink:type="resource" xlink:label="label_dnb_009" xml:lang="nl" xlink:role="http://www.xbrl.org/2008/role/label">Basis pensioengevend salaris</label:label>
    <gen:arc xlink:type="arc" xlink:arcrole="http://xbrl.org/arcrole/2008/element-label" xlink:from="loc_dnb_009" xlink:to="label_dnb_009" />
    <label:label xlink:type="resource" xlink:label="label_dnb_009_2" xml:lang="nl" xlink:role="http://www.xbrl.org/2008/role/documentation">Basis pensioengevend salaris</label:label>
    <gen:arc xlink:type="arc" xlink:arcrole="http://xbrl.org/arcrole/2008/element-label" xlink:from="loc_dnb_009" xlink:to="label_dnb_009_2" />
    <link:loc xlink:type="locator" xlink:href="hier.xsd#dnb_010" xlink:label="loc_dnb_010" />
    <label:label xlink:type="resource" xlink:label="label_dnb_010" xml:lang="nl" xlink:role="http://www.xbrl.org/2008/role/label">Basis premiebedrag premieovereenkomst</label:label>
    <gen:arc xlink:type="arc" xlink:arcrole="http://xbrl.org/arcrole/2008/element-label" xlink:from="loc_dnb_010" xlink:to="label_dnb_010" />
    <label:label xlink:type="resource" xlink:label="label_dnb_010_2" xml:lang="nl" xlink:role="http://www.xbrl.org/2008/role/documentation">Basis premiebedrag premieovereenkomst</label:label>
    <gen:arc xlink:type="arc" xlink:arcrole="http://xbrl.org/arcrole/2008/element-label" xlink:from="loc_dnb_010" xlink:to="label_dnb_010_2" />
    <link:loc xlink:type="locator" xlink:href="hier.xsd#dnb_011" xlink:label="loc_dnb_011" />
    <label:label xlink:type="resource" xlink:label="label_dnb_011" xml:lang="nl" xlink:role="http://www.xbrl.org/2008/role/label">Basis toeslag franchise</label:label>
    <gen:arc xlink:type="arc" xlink:arcrole="http://xbrl.org/arcrole/2008/element-label" xlink:from="loc_dnb_011" xlink:to="label_dnb_011" />
    <label:label xlink:type="resource" xlink:label="label_dnb_011_2" xml:lang="nl" xlink:role="http://www.xbrl.org/2008/role/documentation">Basis toeslag franchise</label:label>
    <gen:arc xlink:type="arc" xlink:arcrole="http://xbrl.org/arcrole/2008/element-label" xlink:from="loc_dnb_011" xlink:to="label_dnb_011_2" />
    <link:loc xlink:type="locator" xlink:href="hier.xsd#dnb_012" xlink:label="loc_dnb_012" />
    <label:label xlink:type="resource" xlink:label="label_dnb_012" xml:lang="nl" xlink:role="http://www.xbrl.org/2008/role/label">Basis toeslagverlening</label:label>
    <gen:arc xlink:type="arc" xlink:arcrole="http://xbrl.org/arcrole/2008/element-label" xlink:from="loc_dnb_012" xlink:to="label_dnb_012" />
    <label:label xlink:type="resource" xlink:label="label_dnb_012_2" xml:lang="nl" xlink:role="http://www.xbrl.org/2008/role/documentation">Basis toeslagverlening</label:label>
    <gen:arc xlink:type="arc" xlink:arcrole="http://xbrl.org/arcrole/2008/element-label" xlink:from="loc_dnb_012" xlink:to="label_dnb_012_2" />
    <link:loc xlink:type="locator" xlink:href="hier.xsd#dnb_013" xlink:label="loc_dnb_013" />
    <label:label xlink:type="resource" xlink:label="label_dnb_013" xml:lang="nl" xlink:role="http://www.xbrl.org/2008/role/label">Basis uitkeringsovereenkomst</label:label>
    <gen:arc xlink:type="arc" xlink:arcrole="http://xbrl.org/arcrole/2008/element-label" xlink:from="loc_dnb_013" xlink:to="label_dnb_013" />
    <label:label xlink:type="resource" xlink:label="label_dnb_013_2" xml:lang="nl" xlink:role="http://www.xbrl.org/2008/role/documentation">Basis uitkeringsovereenkomst</label:label>
    <gen:arc xlink:type="arc" xlink:arcrole="http://xbrl.org/arcrole/2008/element-label" xlink:from="loc_dnb_013" xlink:to="label_dnb_013_2" />
    <link:loc xlink:type="locator" xlink:href="hier.xsd#dnb_014" xlink:label="loc_dnb_014" />
    <label:label xlink:type="resource" xlink:label="label_dnb_014" xml:lang="nl" xlink:role="http://www.xbrl.org/2008/role/label">Basis vaststelling kapitaalovereenkomst</label:label>
    <gen:arc xlink:type="arc" xlink:arcrole="http://xbrl.org/arcrole/2008/element-label" xlink:from="loc_dnb_014" xlink:to="label_dnb_014" />
    <label:label xlink:type="resource" xlink:label="label_dnb_014_2" xml:lang="nl" xlink:role="http://www.xbrl.org/2008/role/documentation">Basis vaststelling kapitaalovereenkomst</label:label>
    <gen:arc xlink:type="arc" xlink:arcrole="http://xbrl.org/arcrole/2008/element-label" xlink:from="loc_dnb_014" xlink:to="label_dnb_014_2" />
    <link:loc xlink:type="locator" xlink:href="hier.xsd#dnb_015" xlink:label="loc_dnb_015" />
    <label:label xlink:type="resource" xlink:label="label_dnb_015" xml:lang="nl" xlink:role="http://www.xbrl.org/2008/role/label">Beleggingscategorie</label:label>
    <gen:arc xlink:type="arc" xlink:arcrole="http://xbrl.org/arcrole/2008/element-label" xlink:from="loc_dnb_015" xlink:to="label_dnb_015" />
    <label:label xlink:type="resource" xlink:label="label_dnb_015_2" xml:lang="nl" xlink:role="http://www.xbrl.org/2008/role/documentation">Beleggingscategorie</label:label>
    <gen:arc xlink:type="arc" xlink:arcrole="http://xbrl.org/arcrole/2008/element-label" xlink:from="loc_dnb_015" xlink:to="label_dnb_015_2" />
    <link:loc xlink:type="locator" xlink:href="hier.xsd#dnb_016" xlink:label="loc_dnb_016" />
    <label:label xlink:type="resource" xlink:label="label_dnb_016" xml:lang="nl" xlink:role="http://www.xbrl.org/2008/role/label">Beleggingsvrijheid</label:label>
    <gen:arc xlink:type="arc" xlink:arcrole="http://xbrl.org/arcrole/2008/element-label" xlink:from="loc_dnb_016" xlink:to="label_dnb_016" />
    <label:label xlink:type="resource" xlink:label="label_dnb_016_2" xml:lang="nl" xlink:role="http://www.xbrl.org/2008/role/documentation">Beleggingsvrijheid</label:label>
    <gen:arc xlink:type="arc" xlink:arcrole="http://xbrl.org/arcrole/2008/element-label" xlink:from="loc_dnb_016" xlink:to="label_dnb_016_2" />
    <link:loc xlink:type="locator" xlink:href="hier.xsd#dnb_017" xlink:label="loc_dnb_017" />
    <label:label xlink:type="resource" xlink:label="label_dnb_017" xml:lang="nl" xlink:role="http://www.xbrl.org/2008/role/label">Bepaling franchise</label:label>
    <gen:arc xlink:type="arc" xlink:arcrole="http://xbrl.org/arcrole/2008/element-label" xlink:from="loc_dnb_017" xlink:to="label_dnb_017" />
    <label:label xlink:type="resource" xlink:label="label_dnb_017_2" xml:lang="nl" xlink:role="http://www.xbrl.org/2008/role/documentation">Bepaling franchise</label:label>
    <gen:arc xlink:type="arc" xlink:arcrole="http://xbrl.org/arcrole/2008/element-label" xlink:from="loc_dnb_017" xlink:to="label_dnb_017_2" />
    <link:loc xlink:type="locator" xlink:href="hier.xsd#dnb_018" xlink:label="loc_dnb_018" />
    <label:label xlink:type="resource" xlink:label="label_dnb_018" xml:lang="nl" xlink:role="http://www.xbrl.org/2008/role/label">Bestuursmodel</label:label>
    <gen:arc xlink:type="arc" xlink:arcrole="http://xbrl.org/arcrole/2008/element-label" xlink:from="loc_dnb_018" xlink:to="label_dnb_018" />
    <label:label xlink:type="resource" xlink:label="label_dnb_018_2" xml:lang="nl" xlink:role="http://www.xbrl.org/2008/role/documentation">Bestuursmodel</label:label>
    <gen:arc xlink:type="arc" xlink:arcrole="http://xbrl.org/arcrole/2008/element-label" xlink:from="loc_dnb_018" xlink:to="label_dnb_018_2" />
    <link:loc xlink:type="locator" xlink:href="hier.xsd#dnb_019" xlink:label="loc_dnb_019" />
    <label:label xlink:type="resource" xlink:label="label_dnb_019" xml:lang="nl" xlink:role="http://www.xbrl.org/2008/role/label">Boolean waarde (Ja/Nee)</label:label>
    <gen:arc xlink:type="arc" xlink:arcrole="http://xbrl.org/arcrole/2008/element-label" xlink:from="loc_dnb_019" xlink:to="label_dnb_019" />
    <label:label xlink:type="resource" xlink:label="label_dnb_019_2" xml:lang="nl" xlink:role="http://www.xbrl.org/2008/role/documentation">Boolean waarde (Ja/Nee)</label:label>
    <gen:arc xlink:type="arc" xlink:arcrole="http://xbrl.org/arcrole/2008/element-label" xlink:from="loc_dnb_019" xlink:to="label_dnb_019_2" />
    <link:loc xlink:type="locator" xlink:href="hier.xsd#dnb_020" xlink:label="loc_dnb_020" />
    <label:label xlink:type="resource" xlink:label="label_dnb_020" xml:lang="nl" xlink:role="http://www.xbrl.org/2008/role/label">Consolidatie</label:label>
    <gen:arc xlink:type="arc" xlink:arcrole="http://xbrl.org/arcrole/2008/element-label" xlink:from="loc_dnb_020" xlink:to="label_dnb_020" />
    <label:label xlink:type="resource" xlink:label="label_dnb_020_2" xml:lang="nl" xlink:role="http://www.xbrl.org/2008/role/documentation">Consolidatie</label:label>
    <gen:arc xlink:type="arc" xlink:arcrole="http://xbrl.org/arcrole/2008/element-label" xlink:from="loc_dnb_020" xlink:to="label_dnb_020_2" />
    <link:loc xlink:type="locator" xlink:href="hier.xsd#dnb_021" xlink:label="loc_dnb_021" />
    <label:label xlink:type="resource" xlink:label="label_dnb_021" xml:lang="nl" xlink:role="http://www.xbrl.org/2008/role/label">Crediteur</label:label>
    <gen:arc xlink:type="arc" xlink:arcrole="http://xbrl.org/arcrole/2008/element-label" xlink:from="loc_dnb_021" xlink:to="label_dnb_021" />
    <label:label xlink:type="resource" xlink:label="label_dnb_021_2" xml:lang="nl" xlink:role="http://www.xbrl.org/2008/role/documentation">Crediteur</label:label>
    <gen:arc xlink:type="arc" xlink:arcrole="http://xbrl.org/arcrole/2008/element-label" xlink:from="loc_dnb_021" xlink:to="label_dnb_021_2" />
    <link:loc xlink:type="locator" xlink:href="hier.xsd#dnb_022" xlink:label="loc_dnb_022" />
    <label:label xlink:type="resource" xlink:label="label_dnb_022" xml:lang="nl" xlink:role="http://www.xbrl.org/2008/role/label">Deelname</label:label>
    <gen:arc xlink:type="arc" xlink:arcrole="http://xbrl.org/arcrole/2008/element-label" xlink:from="loc_dnb_022" xlink:to="label_dnb_022" />
    <label:label xlink:type="resource" xlink:label="label_dnb_022_2" xml:lang="nl" xlink:role="http://www.xbrl.org/2008/role/documentation">Deelname</label:label>
    <gen:arc xlink:type="arc" xlink:arcrole="http://xbrl.org/arcrole/2008/element-label" xlink:from="loc_dnb_022" xlink:to="label_dnb_022_2" />
    <link:loc xlink:type="locator" xlink:href="hier.xsd#dnb_023" xlink:label="loc_dnb_023" />
    <label:label xlink:type="resource" xlink:label="label_dnb_023" xml:lang="nl" xlink:role="http://www.xbrl.org/2008/role/label">Doelgroep</label:label>
    <gen:arc xlink:type="arc" xlink:arcrole="http://xbrl.org/arcrole/2008/element-label" xlink:from="loc_dnb_023" xlink:to="label_dnb_023" />
    <label:label xlink:type="resource" xlink:label="label_dnb_023_2" xml:lang="nl" xlink:role="http://www.xbrl.org/2008/role/documentation">Doelgroep</label:label>
    <gen:arc xlink:type="arc" xlink:arcrole="http://xbrl.org/arcrole/2008/element-label" xlink:from="loc_dnb_023" xlink:to="label_dnb_023_2" />
    <link:loc xlink:type="locator" xlink:href="hier.xsd#dnb_024" xlink:label="loc_dnb_024" />
    <label:label xlink:type="resource" xlink:label="label_dnb_024" xml:lang="nl" xlink:role="http://www.xbrl.org/2008/role/label">EL beperking</label:label>
    <gen:arc xlink:type="arc" xlink:arcrole="http://xbrl.org/arcrole/2008/element-label" xlink:from="loc_dnb_024" xlink:to="label_dnb_024" />
    <label:label xlink:type="resource" xlink:label="label_dnb_024_2" xml:lang="nl" xlink:role="http://www.xbrl.org/2008/role/documentation">EL beperking</label:label>
    <gen:arc xlink:type="arc" xlink:arcrole="http://xbrl.org/arcrole/2008/element-label" xlink:from="loc_dnb_024" xlink:to="label_dnb_024_2" />
    <link:loc xlink:type="locator" xlink:href="hier.xsd#dnb_025" xlink:label="loc_dnb_025" />
    <label:label xlink:type="resource" xlink:label="label_dnb_025" xml:lang="nl" xlink:role="http://www.xbrl.org/2008/role/label">EL/ML scheiding</label:label>
    <gen:arc xlink:type="arc" xlink:arcrole="http://xbrl.org/arcrole/2008/element-label" xlink:from="loc_dnb_025" xlink:to="label_dnb_025" />
    <label:label xlink:type="resource" xlink:label="label_dnb_025_2" xml:lang="nl" xlink:role="http://www.xbrl.org/2008/role/documentation">EL/ML scheiding</label:label>
    <gen:arc xlink:type="arc" xlink:arcrole="http://xbrl.org/arcrole/2008/element-label" xlink:from="loc_dnb_025" xlink:to="label_dnb_025_2" />
    <link:loc xlink:type="locator" xlink:href="hier.xsd#dnb_026" xlink:label="loc_dnb_026" />
    <label:label xlink:type="resource" xlink:label="label_dnb_026" xml:lang="nl" xlink:role="http://www.xbrl.org/2008/role/label">Franchise AOP</label:label>
    <gen:arc xlink:type="arc" xlink:arcrole="http://xbrl.org/arcrole/2008/element-label" xlink:from="loc_dnb_026" xlink:to="label_dnb_026" />
    <label:label xlink:type="resource" xlink:label="label_dnb_026_2" xml:lang="nl" xlink:role="http://www.xbrl.org/2008/role/documentation">Franchise AOP</label:label>
    <gen:arc xlink:type="arc" xlink:arcrole="http://xbrl.org/arcrole/2008/element-label" xlink:from="loc_dnb_026" xlink:to="label_dnb_026_2" />
    <link:loc xlink:type="locator" xlink:href="hier.xsd#dnb_027" xlink:label="loc_dnb_027" />
    <label:label xlink:type="resource" xlink:label="label_dnb_027" xml:lang="nl" xlink:role="http://www.xbrl.org/2008/role/label">Grondslag premiebepaling</label:label>
    <gen:arc xlink:type="arc" xlink:arcrole="http://xbrl.org/arcrole/2008/element-label" xlink:from="loc_dnb_027" xlink:to="label_dnb_027" />
    <label:label xlink:type="resource" xlink:label="label_dnb_027_2" xml:lang="nl" xlink:role="http://www.xbrl.org/2008/role/documentation">Grondslag premiebepaling</label:label>
    <gen:arc xlink:type="arc" xlink:arcrole="http://xbrl.org/arcrole/2008/element-label" xlink:from="loc_dnb_027" xlink:to="label_dnb_027_2" />
    <link:loc xlink:type="locator" xlink:href="hier.xsd#dnb_028" xlink:label="loc_dnb_028" />
    <label:label xlink:type="resource" xlink:label="label_dnb_028" xml:lang="nl" xlink:role="http://www.xbrl.org/2008/role/label">Herverzekeraar</label:label>
    <gen:arc xlink:type="arc" xlink:arcrole="http://xbrl.org/arcrole/2008/element-label" xlink:from="loc_dnb_028" xlink:to="label_dnb_028" />
    <label:label xlink:type="resource" xlink:label="label_dnb_028_2" xml:lang="nl" xlink:role="http://www.xbrl.org/2008/role/documentation">Herverzekeraar</label:label>
    <gen:arc xlink:type="arc" xlink:arcrole="http://xbrl.org/arcrole/2008/element-label" xlink:from="loc_dnb_028" xlink:to="label_dnb_028_2" />
    <link:loc xlink:type="locator" xlink:href="hier.xsd#dnb_029" xlink:label="loc_dnb_029" />
    <label:label xlink:type="resource" xlink:label="label_dnb_029" xml:lang="nl" xlink:role="http://www.xbrl.org/2008/role/label">Intern toezicht</label:label>
    <gen:arc xlink:type="arc" xlink:arcrole="http://xbrl.org/arcrole/2008/element-label" xlink:from="loc_dnb_029" xlink:to="label_dnb_029" />
    <label:label xlink:type="resource" xlink:label="label_dnb_029_2" xml:lang="nl" xlink:role="http://www.xbrl.org/2008/role/documentation">Intern toezicht</label:label>
    <gen:arc xlink:type="arc" xlink:arcrole="http://xbrl.org/arcrole/2008/element-label" xlink:from="loc_dnb_029" xlink:to="label_dnb_029_2" />
    <link:loc xlink:type="locator" xlink:href="hier.xsd#dnb_030" xlink:label="loc_dnb_030" />
    <label:label xlink:type="resource" xlink:label="label_dnb_030" xml:lang="nl" xlink:role="http://www.xbrl.org/2008/role/label">Leeftijdscorrectie</label:label>
    <gen:arc xlink:type="arc" xlink:arcrole="http://xbrl.org/arcrole/2008/element-label" xlink:from="loc_dnb_030" xlink:to="label_dnb_030" />
    <label:label xlink:type="resource" xlink:label="label_dnb_030_2" xml:lang="nl" xlink:role="http://www.xbrl.org/2008/role/documentation">Leeftijdscorrectie</label:label>
    <gen:arc xlink:type="arc" xlink:arcrole="http://xbrl.org/arcrole/2008/element-label" xlink:from="loc_dnb_030" xlink:to="label_dnb_030_2" />
    <link:loc xlink:type="locator" xlink:href="hier.xsd#dnb_031" xlink:label="loc_dnb_031" />
    <label:label xlink:type="resource" xlink:label="label_dnb_031" xml:lang="nl" xlink:role="http://www.xbrl.org/2008/role/label">Looptijdkenmerk</label:label>
    <gen:arc xlink:type="arc" xlink:arcrole="http://xbrl.org/arcrole/2008/element-label" xlink:from="loc_dnb_031" xlink:to="label_dnb_031" />
    <label:label xlink:type="resource" xlink:label="label_dnb_031_2" xml:lang="nl" xlink:role="http://www.xbrl.org/2008/role/documentation">Looptijdkenmerk</label:label>
    <gen:arc xlink:type="arc" xlink:arcrole="http://xbrl.org/arcrole/2008/element-label" xlink:from="loc_dnb_031" xlink:to="label_dnb_031_2" />
    <link:loc xlink:type="locator" xlink:href="hier.xsd#dnb_032" xlink:label="loc_dnb_032" />
    <label:label xlink:type="resource" xlink:label="label_dnb_032" xml:lang="nl" xlink:role="http://www.xbrl.org/2008/role/label">Maatstaf</label:label>
    <gen:arc xlink:type="arc" xlink:arcrole="http://xbrl.org/arcrole/2008/element-label" xlink:from="loc_dnb_032" xlink:to="label_dnb_032" />
    <label:label xlink:type="resource" xlink:label="label_dnb_032_2" xml:lang="nl" xlink:role="http://www.xbrl.org/2008/role/documentation">Maatstaf</label:label>
    <gen:arc xlink:type="arc" xlink:arcrole="http://xbrl.org/arcrole/2008/element-label" xlink:from="loc_dnb_032" xlink:to="label_dnb_032_2" />
    <link:loc xlink:type="locator" xlink:href="hier.xsd#dnb_033" xlink:label="loc_dnb_033" />
    <label:label xlink:type="resource" xlink:label="label_dnb_033" xml:lang="nl" xlink:role="http://www.xbrl.org/2008/role/label">Maatstaf toeslag franchise</label:label>
    <gen:arc xlink:type="arc" xlink:arcrole="http://xbrl.org/arcrole/2008/element-label" xlink:from="loc_dnb_033" xlink:to="label_dnb_033" />
    <label:label xlink:type="resource" xlink:label="label_dnb_033_2" xml:lang="nl" xlink:role="http://www.xbrl.org/2008/role/documentation">Maatstaf toeslag franchise</label:label>
    <gen:arc xlink:type="arc" xlink:arcrole="http://xbrl.org/arcrole/2008/element-label" xlink:from="loc_dnb_033" xlink:to="label_dnb_033_2" />
    <link:loc xlink:type="locator" xlink:href="hier.xsd#dnb_034" xlink:label="loc_dnb_034" />
    <label:label xlink:type="resource" xlink:label="label_dnb_034" xml:lang="nl" xlink:role="http://www.xbrl.org/2008/role/label">Maatstaf toeslagverlening</label:label>
    <gen:arc xlink:type="arc" xlink:arcrole="http://xbrl.org/arcrole/2008/element-label" xlink:from="loc_dnb_034" xlink:to="label_dnb_034" />
    <label:label xlink:type="resource" xlink:label="label_dnb_034_2" xml:lang="nl" xlink:role="http://www.xbrl.org/2008/role/documentation">Maatstaf toeslagverlening</label:label>
    <gen:arc xlink:type="arc" xlink:arcrole="http://xbrl.org/arcrole/2008/element-label" xlink:from="loc_dnb_034" xlink:to="label_dnb_034_2" />
    <link:loc xlink:type="locator" xlink:href="hier.xsd#dnb_035" xlink:label="loc_dnb_035" />
    <label:label xlink:type="resource" xlink:label="label_dnb_035" xml:lang="nl" xlink:role="http://www.xbrl.org/2008/role/label">Maximum pensioengevend salaris of grondslag</label:label>
    <gen:arc xlink:type="arc" xlink:arcrole="http://xbrl.org/arcrole/2008/element-label" xlink:from="loc_dnb_035" xlink:to="label_dnb_035" />
    <label:label xlink:type="resource" xlink:label="label_dnb_035_2" xml:lang="nl" xlink:role="http://www.xbrl.org/2008/role/documentation">Maximum pensioengevend salaris of grondslag</label:label>
    <gen:arc xlink:type="arc" xlink:arcrole="http://xbrl.org/arcrole/2008/element-label" xlink:from="loc_dnb_035" xlink:to="label_dnb_035_2" />
    <link:loc xlink:type="locator" xlink:href="hier.xsd#dnb_036" xlink:label="loc_dnb_036" />
    <label:label xlink:type="resource" xlink:label="label_dnb_036" xml:lang="nl" xlink:role="http://www.xbrl.org/2008/role/label">Model VEV kwartaalstaten</label:label>
    <gen:arc xlink:type="arc" xlink:arcrole="http://xbrl.org/arcrole/2008/element-label" xlink:from="loc_dnb_036" xlink:to="label_dnb_036" />
    <label:label xlink:type="resource" xlink:label="label_dnb_036_2" xml:lang="nl" xlink:role="http://www.xbrl.org/2008/role/documentation">Model VEV kwartaalstaten</label:label>
    <gen:arc xlink:type="arc" xlink:arcrole="http://xbrl.org/arcrole/2008/element-label" xlink:from="loc_dnb_036" xlink:to="label_dnb_036_2" />
    <link:loc xlink:type="locator" xlink:href="hier.xsd#dnb_037" xlink:label="loc_dnb_037" />
    <label:label xlink:type="resource" xlink:label="label_dnb_037" xml:lang="nl" xlink:role="http://www.xbrl.org/2008/role/label">Model VEV jaarstaten</label:label>
    <gen:arc xlink:type="arc" xlink:arcrole="http://xbrl.org/arcrole/2008/element-label" xlink:from="loc_dnb_037" xlink:to="label_dnb_037" />
    <label:label xlink:type="resource" xlink:label="label_dnb_037_2" xml:lang="nl" xlink:role="http://www.xbrl.org/2008/role/documentation">Model VEV jaarstaten</label:label>
    <gen:arc xlink:type="arc" xlink:arcrole="http://xbrl.org/arcrole/2008/element-label" xlink:from="loc_dnb_037" xlink:to="label_dnb_037_2" />
    <link:loc xlink:type="locator" xlink:href="hier.xsd#dnb_038" xlink:label="loc_dnb_038" />
    <label:label xlink:type="resource" xlink:label="label_dnb_038" xml:lang="nl" xlink:role="http://www.xbrl.org/2008/role/label">Overeenkomsttype</label:label>
    <gen:arc xlink:type="arc" xlink:arcrole="http://xbrl.org/arcrole/2008/element-label" xlink:from="loc_dnb_038" xlink:to="label_dnb_038" />
    <label:label xlink:type="resource" xlink:label="label_dnb_038_2" xml:lang="nl" xlink:role="http://www.xbrl.org/2008/role/documentation">Overeenkomsttype</label:label>
    <gen:arc xlink:type="arc" xlink:arcrole="http://xbrl.org/arcrole/2008/element-label" xlink:from="loc_dnb_038" xlink:to="label_dnb_038_2" />
    <link:loc xlink:type="locator" xlink:href="hier.xsd#dnb_039" xlink:label="loc_dnb_039" />
    <label:label xlink:type="resource" xlink:label="label_dnb_039" xml:lang="nl" xlink:role="http://www.xbrl.org/2008/role/label">Overlevingstafel</label:label>
    <gen:arc xlink:type="arc" xlink:arcrole="http://xbrl.org/arcrole/2008/element-label" xlink:from="loc_dnb_039" xlink:to="label_dnb_039" />
    <label:label xlink:type="resource" xlink:label="label_dnb_039_2" xml:lang="nl" xlink:role="http://www.xbrl.org/2008/role/documentation">Overlevingstafel</label:label>
    <gen:arc xlink:type="arc" xlink:arcrole="http://xbrl.org/arcrole/2008/element-label" xlink:from="loc_dnb_039" xlink:to="label_dnb_039_2" />
    <link:loc xlink:type="locator" xlink:href="hier.xsd#dnb_040" xlink:label="loc_dnb_040" />
    <label:label xlink:type="resource" xlink:label="label_dnb_040" xml:lang="nl" xlink:role="http://www.xbrl.org/2008/role/label">Pensioenadministratie</label:label>
    <gen:arc xlink:type="arc" xlink:arcrole="http://xbrl.org/arcrole/2008/element-label" xlink:from="loc_dnb_040" xlink:to="label_dnb_040" />
    <label:label xlink:type="resource" xlink:label="label_dnb_040_2" xml:lang="nl" xlink:role="http://www.xbrl.org/2008/role/documentation">Pensioenadministratie</label:label>
    <gen:arc xlink:type="arc" xlink:arcrole="http://xbrl.org/arcrole/2008/element-label" xlink:from="loc_dnb_040" xlink:to="label_dnb_040_2" />
    <link:loc xlink:type="locator" xlink:href="hier.xsd#dnb_041" xlink:label="loc_dnb_041" />
    <label:label xlink:type="resource" xlink:label="label_dnb_041" xml:lang="nl" xlink:role="http://www.xbrl.org/2008/role/label">Periodetafel</label:label>
    <gen:arc xlink:type="arc" xlink:arcrole="http://xbrl.org/arcrole/2008/element-label" xlink:from="loc_dnb_041" xlink:to="label_dnb_041" />
    <label:label xlink:type="resource" xlink:label="label_dnb_041_2" xml:lang="nl" xlink:role="http://www.xbrl.org/2008/role/documentation">Periodetafel</label:label>
    <gen:arc xlink:type="arc" xlink:arcrole="http://xbrl.org/arcrole/2008/element-label" xlink:from="loc_dnb_041" xlink:to="label_dnb_041_2" />
    <link:loc xlink:type="locator" xlink:href="hier.xsd#dnb_042" xlink:label="loc_dnb_042" />
    <label:label xlink:type="resource" xlink:label="label_dnb_042" xml:lang="nl" xlink:role="http://www.xbrl.org/2008/role/label">Premiepercentage deelnemer premieovereenkomst</label:label>
    <gen:arc xlink:type="arc" xlink:arcrole="http://xbrl.org/arcrole/2008/element-label" xlink:from="loc_dnb_042" xlink:to="label_dnb_042" />
    <label:label xlink:type="resource" xlink:label="label_dnb_042_2" xml:lang="nl" xlink:role="http://www.xbrl.org/2008/role/documentation">Premiepercentage deelnemer premieovereenkomst</label:label>
    <gen:arc xlink:type="arc" xlink:arcrole="http://xbrl.org/arcrole/2008/element-label" xlink:from="loc_dnb_042" xlink:to="label_dnb_042_2" />
    <link:loc xlink:type="locator" xlink:href="hier.xsd#dnb_043" xlink:label="loc_dnb_043" />
    <label:label xlink:type="resource" xlink:label="label_dnb_043" xml:lang="nl" xlink:role="http://www.xbrl.org/2008/role/label">Premiesystematiek</label:label>
    <gen:arc xlink:type="arc" xlink:arcrole="http://xbrl.org/arcrole/2008/element-label" xlink:from="loc_dnb_043" xlink:to="label_dnb_043" />
    <label:label xlink:type="resource" xlink:label="label_dnb_043_2" xml:lang="nl" xlink:role="http://www.xbrl.org/2008/role/documentation">Premiesystematiek</label:label>
    <gen:arc xlink:type="arc" xlink:arcrole="http://xbrl.org/arcrole/2008/element-label" xlink:from="loc_dnb_043" xlink:to="label_dnb_043_2" />
    <link:loc xlink:type="locator" xlink:href="hier.xsd#dnb_044" xlink:label="loc_dnb_044" />
    <label:label xlink:type="resource" xlink:label="label_dnb_044" xml:lang="nl" xlink:role="http://www.xbrl.org/2008/role/label">Renterisico S1</label:label>
    <gen:arc xlink:type="arc" xlink:arcrole="http://xbrl.org/arcrole/2008/element-label" xlink:from="loc_dnb_044" xlink:to="label_dnb_044" />
    <label:label xlink:type="resource" xlink:label="label_dnb_044_2" xml:lang="nl" xlink:role="http://www.xbrl.org/2008/role/documentation">Renterisico S1</label:label>
    <gen:arc xlink:type="arc" xlink:arcrole="http://xbrl.org/arcrole/2008/element-label" xlink:from="loc_dnb_044" xlink:to="label_dnb_044_2" />
    <link:loc xlink:type="locator" xlink:href="hier.xsd#dnb_045" xlink:label="loc_dnb_045" />
    <label:label xlink:type="resource" xlink:label="label_dnb_045" xml:lang="nl" xlink:role="http://www.xbrl.org/2008/role/label">Renteverplichtingen</label:label>
    <gen:arc xlink:type="arc" xlink:arcrole="http://xbrl.org/arcrole/2008/element-label" xlink:from="loc_dnb_045" xlink:to="label_dnb_045" />
    <label:label xlink:type="resource" xlink:label="label_dnb_045_2" xml:lang="nl" xlink:role="http://www.xbrl.org/2008/role/documentation">Renteverplichtingen</label:label>
    <gen:arc xlink:type="arc" xlink:arcrole="http://xbrl.org/arcrole/2008/element-label" xlink:from="loc_dnb_045" xlink:to="label_dnb_045_2" />
    <link:loc xlink:type="locator" xlink:href="hier.xsd#dnb_046" xlink:label="loc_dnb_046" />
    <label:label xlink:type="resource" xlink:label="label_dnb_046" xml:lang="nl" xlink:role="http://www.xbrl.org/2008/role/label">Scheiding pensioensysteem</label:label>
    <gen:arc xlink:type="arc" xlink:arcrole="http://xbrl.org/arcrole/2008/element-label" xlink:from="loc_dnb_046" xlink:to="label_dnb_046" />
    <label:label xlink:type="resource" xlink:label="label_dnb_046_2" xml:lang="nl" xlink:role="http://www.xbrl.org/2008/role/documentation">Scheiding pensioensysteem</label:label>
    <gen:arc xlink:type="arc" xlink:arcrole="http://xbrl.org/arcrole/2008/element-label" xlink:from="loc_dnb_046" xlink:to="label_dnb_046_2" />
    <link:loc xlink:type="locator" xlink:href="hier.xsd#dnb_047" xlink:label="loc_dnb_047" />
    <label:label xlink:type="resource" xlink:label="label_dnb_047" xml:lang="nl" xlink:role="http://www.xbrl.org/2008/role/label">Soort fonds</label:label>
    <gen:arc xlink:type="arc" xlink:arcrole="http://xbrl.org/arcrole/2008/element-label" xlink:from="loc_dnb_047" xlink:to="label_dnb_047" />
    <label:label xlink:type="resource" xlink:label="label_dnb_047_2" xml:lang="nl" xlink:role="http://www.xbrl.org/2008/role/documentation">Soort fonds</label:label>
    <gen:arc xlink:type="arc" xlink:arcrole="http://xbrl.org/arcrole/2008/element-label" xlink:from="loc_dnb_047" xlink:to="label_dnb_047_2" />
    <link:loc xlink:type="locator" xlink:href="hier.xsd#dnb_048" xlink:label="loc_dnb_048" />
    <label:label xlink:type="resource" xlink:label="label_dnb_048" xml:lang="nl" xlink:role="http://www.xbrl.org/2008/role/label">Startjaar overlevingstafel</label:label>
    <gen:arc xlink:type="arc" xlink:arcrole="http://xbrl.org/arcrole/2008/element-label" xlink:from="loc_dnb_048" xlink:to="label_dnb_048" />
    <label:label xlink:type="resource" xlink:label="label_dnb_048_2" xml:lang="nl" xlink:role="http://www.xbrl.org/2008/role/documentation">Startjaar overlevingstafel</label:label>
    <gen:arc xlink:type="arc" xlink:arcrole="http://xbrl.org/arcrole/2008/element-label" xlink:from="loc_dnb_048" xlink:to="label_dnb_048_2" />
    <link:loc xlink:type="locator" xlink:href="hier.xsd#dnb_049" xlink:label="loc_dnb_049" />
    <label:label xlink:type="resource" xlink:label="label_dnb_049" xml:lang="nl" xlink:role="http://www.xbrl.org/2008/role/label">Toekenning AOP</label:label>
    <gen:arc xlink:type="arc" xlink:arcrole="http://xbrl.org/arcrole/2008/element-label" xlink:from="loc_dnb_049" xlink:to="label_dnb_049" />
    <label:label xlink:type="resource" xlink:label="label_dnb_049_2" xml:lang="nl" xlink:role="http://www.xbrl.org/2008/role/documentation">Toekenning AOP</label:label>
    <gen:arc xlink:type="arc" xlink:arcrole="http://xbrl.org/arcrole/2008/element-label" xlink:from="loc_dnb_049" xlink:to="label_dnb_049_2" />
    <link:loc xlink:type="locator" xlink:href="hier.xsd#dnb_050" xlink:label="loc_dnb_050" />
    <label:label xlink:type="resource" xlink:label="label_dnb_050" xml:lang="nl" xlink:role="http://www.xbrl.org/2008/role/label">Toeslagtype</label:label>
    <gen:arc xlink:type="arc" xlink:arcrole="http://xbrl.org/arcrole/2008/element-label" xlink:from="loc_dnb_050" xlink:to="label_dnb_050" />
    <label:label xlink:type="resource" xlink:label="label_dnb_050_2" xml:lang="nl" xlink:role="http://www.xbrl.org/2008/role/documentation">Toeslagtype</label:label>
    <gen:arc xlink:type="arc" xlink:arcrole="http://xbrl.org/arcrole/2008/element-label" xlink:from="loc_dnb_050" xlink:to="label_dnb_050_2" />
    <link:loc xlink:type="locator" xlink:href="hier.xsd#dnb_051" xlink:label="loc_dnb_051" />
    <label:label xlink:type="resource" xlink:label="label_dnb_051" xml:lang="nl" xlink:role="http://www.xbrl.org/2008/role/label">Toezegging partnerpensioen</label:label>
    <gen:arc xlink:type="arc" xlink:arcrole="http://xbrl.org/arcrole/2008/element-label" xlink:from="loc_dnb_051" xlink:to="label_dnb_051" />
    <label:label xlink:type="resource" xlink:label="label_dnb_051_2" xml:lang="nl" xlink:role="http://www.xbrl.org/2008/role/documentation">Toezegging partnerpensioen</label:label>
    <gen:arc xlink:type="arc" xlink:arcrole="http://xbrl.org/arcrole/2008/element-label" xlink:from="loc_dnb_051" xlink:to="label_dnb_051_2" />
    <link:loc xlink:type="locator" xlink:href="hier.xsd#dnb_052" xlink:label="loc_dnb_052" />
    <label:label xlink:type="resource" xlink:label="label_dnb_052" xml:lang="nl" xlink:role="http://www.xbrl.org/2008/role/label">Vaststelling hoogte partnerpensioen</label:label>
    <gen:arc xlink:type="arc" xlink:arcrole="http://xbrl.org/arcrole/2008/element-label" xlink:from="loc_dnb_052" xlink:to="label_dnb_052" />
    <label:label xlink:type="resource" xlink:label="label_dnb_052_2" xml:lang="nl" xlink:role="http://www.xbrl.org/2008/role/documentation">Vaststelling hoogte partnerpensioen</label:label>
    <gen:arc xlink:type="arc" xlink:arcrole="http://xbrl.org/arcrole/2008/element-label" xlink:from="loc_dnb_052" xlink:to="label_dnb_052_2" />
    <link:loc xlink:type="locator" xlink:href="hier.xsd#dnb_053" xlink:label="loc_dnb_053" />
    <label:label xlink:type="resource" xlink:label="label_dnb_053" xml:lang="nl" xlink:role="http://www.xbrl.org/2008/role/label">Vaststelling hoogte Wezenpensioen</label:label>
    <gen:arc xlink:type="arc" xlink:arcrole="http://xbrl.org/arcrole/2008/element-label" xlink:from="loc_dnb_053" xlink:to="label_dnb_053" />
    <label:label xlink:type="resource" xlink:label="label_dnb_053_2" xml:lang="nl" xlink:role="http://www.xbrl.org/2008/role/documentation">Vaststelling hoogte Wezenpensioen</label:label>
    <gen:arc xlink:type="arc" xlink:arcrole="http://xbrl.org/arcrole/2008/element-label" xlink:from="loc_dnb_053" xlink:to="label_dnb_053_2" />
    <link:loc xlink:type="locator" xlink:href="hier.xsd#dnb_054" xlink:label="loc_dnb_054" />
    <label:label xlink:type="resource" xlink:label="label_dnb_054" xml:lang="nl" xlink:role="http://www.xbrl.org/2008/role/label">Verzekeraar</label:label>
    <gen:arc xlink:type="arc" xlink:arcrole="http://xbrl.org/arcrole/2008/element-label" xlink:from="loc_dnb_054" xlink:to="label_dnb_054" />
    <label:label xlink:type="resource" xlink:label="label_dnb_054_2" xml:lang="nl" xlink:role="http://www.xbrl.org/2008/role/documentation">Verzekeraar</label:label>
    <gen:arc xlink:type="arc" xlink:arcrole="http://xbrl.org/arcrole/2008/element-label" xlink:from="loc_dnb_054" xlink:to="label_dnb_054_2" />
    <link:loc xlink:type="locator" xlink:href="hier.xsd#dnb_055" xlink:label="loc_dnb_055" />
    <label:label xlink:type="resource" xlink:label="label_dnb_055" xml:lang="nl" xlink:role="http://www.xbrl.org/2008/role/label">Voortzetting pensioenopbouw AOP</label:label>
    <gen:arc xlink:type="arc" xlink:arcrole="http://xbrl.org/arcrole/2008/element-label" xlink:from="loc_dnb_055" xlink:to="label_dnb_055" />
    <label:label xlink:type="resource" xlink:label="label_dnb_055_2" xml:lang="nl" xlink:role="http://www.xbrl.org/2008/role/documentation">Voortzetting pensioenopbouw AOP</label:label>
    <gen:arc xlink:type="arc" xlink:arcrole="http://xbrl.org/arcrole/2008/element-label" xlink:from="loc_dnb_055" xlink:to="label_dnb_055_2" />
    <link:loc xlink:type="locator" xlink:href="hier.xsd#dnb_056" xlink:label="loc_dnb_056" />
    <label:label xlink:type="resource" xlink:label="label_dnb_056" xml:lang="nl" xlink:role="http://www.xbrl.org/2008/role/label">Wijze van financiering regeling</label:label>
    <gen:arc xlink:type="arc" xlink:arcrole="http://xbrl.org/arcrole/2008/element-label" xlink:from="loc_dnb_056" xlink:to="label_dnb_056" />
    <label:label xlink:type="resource" xlink:label="label_dnb_056_2" xml:lang="nl" xlink:role="http://www.xbrl.org/2008/role/documentation">Wijze van financiering regeling</label:label>
    <gen:arc xlink:type="arc" xlink:arcrole="http://xbrl.org/arcrole/2008/element-label" xlink:from="loc_dnb_056" xlink:to="label_dnb_056_2" />
    <link:loc xlink:type="locator" xlink:href="hier.xsd#dnb_057" xlink:label="loc_dnb_057" />
    <label:label xlink:type="resource" xlink:label="label_dnb_057" xml:lang="nl" xlink:role="http://www.xbrl.org/2008/role/label">Activa als onderpand</label:label>
    <gen:arc xlink:type="arc" xlink:arcrole="http://xbrl.org/arcrole/2008/element-label" xlink:from="loc_dnb_057" xlink:to="label_dnb_057" />
    <label:label xlink:type="resource" xlink:label="label_dnb_057_2" xml:lang="nl" xlink:role="http://www.xbrl.org/2008/role/documentation">Activa als onderpand</label:label>
    <gen:arc xlink:type="arc" xlink:arcrole="http://xbrl.org/arcrole/2008/element-label" xlink:from="loc_dnb_057" xlink:to="label_dnb_057_2" />
    <link:loc xlink:type="locator" xlink:href="hier.xsd#dnb_058" xlink:label="loc_dnb_058" />
    <label:label xlink:type="resource" xlink:label="label_dnb_058" xml:lang="nl" xlink:role="http://www.xbrl.org/2008/role/label">Alternatieve investering</label:label>
    <gen:arc xlink:type="arc" xlink:arcrole="http://xbrl.org/arcrole/2008/element-label" xlink:from="loc_dnb_058" xlink:to="label_dnb_058" />
    <label:label xlink:type="resource" xlink:label="label_dnb_058_2" xml:lang="nl" xlink:role="http://www.xbrl.org/2008/role/documentation">Alternatieve investering</label:label>
    <gen:arc xlink:type="arc" xlink:arcrole="http://xbrl.org/arcrole/2008/element-label" xlink:from="loc_dnb_058" xlink:to="label_dnb_058_2" />
    <link:loc xlink:type="locator" xlink:href="hier.xsd#dnb_059" xlink:label="loc_dnb_059" />
    <label:label xlink:type="resource" xlink:label="label_dnb_059" xml:lang="nl" xlink:role="http://www.xbrl.org/2008/role/label">Gebruik derivaat</label:label>
    <gen:arc xlink:type="arc" xlink:arcrole="http://xbrl.org/arcrole/2008/element-label" xlink:from="loc_dnb_059" xlink:to="label_dnb_059" />
    <label:label xlink:type="resource" xlink:label="label_dnb_059_2" xml:lang="nl" xlink:role="http://www.xbrl.org/2008/role/documentation">Gebruik derivaat</label:label>
    <gen:arc xlink:type="arc" xlink:arcrole="http://xbrl.org/arcrole/2008/element-label" xlink:from="loc_dnb_059" xlink:to="label_dnb_059_2" />
    <link:loc xlink:type="locator" xlink:href="hier.xsd#dnb_060" xlink:label="loc_dnb_060" />
    <label:label xlink:type="resource" xlink:label="label_dnb_060" xml:lang="nl" xlink:role="http://www.xbrl.org/2008/role/label">Infrastructuur investeringen</label:label>
    <gen:arc xlink:type="arc" xlink:arcrole="http://xbrl.org/arcrole/2008/element-label" xlink:from="loc_dnb_060" xlink:to="label_dnb_060" />
    <label:label xlink:type="resource" xlink:label="label_dnb_060_2" xml:lang="nl" xlink:role="http://www.xbrl.org/2008/role/documentation">Infrastructuur investeringen</label:label>
    <gen:arc xlink:type="arc" xlink:arcrole="http://xbrl.org/arcrole/2008/element-label" xlink:from="loc_dnb_060" xlink:to="label_dnb_060_2" />
    <link:loc xlink:type="locator" xlink:href="hier.xsd#dnb_061" xlink:label="loc_dnb_061" />
    <label:label xlink:type="resource" xlink:label="label_dnb_061" xml:lang="nl" xlink:role="http://www.xbrl.org/2008/role/label">Koper/verkoper</label:label>
    <gen:arc xlink:type="arc" xlink:arcrole="http://xbrl.org/arcrole/2008/element-label" xlink:from="loc_dnb_061" xlink:to="label_dnb_061" />
    <label:label xlink:type="resource" xlink:label="label_dnb_061_2" xml:lang="nl" xlink:role="http://www.xbrl.org/2008/role/documentation">Koper/verkoper</label:label>
    <gen:arc xlink:type="arc" xlink:arcrole="http://xbrl.org/arcrole/2008/element-label" xlink:from="loc_dnb_061" xlink:to="label_dnb_061_2" />
    <link:loc xlink:type="locator" xlink:href="hier.xsd#dnb_062" xlink:label="loc_dnb_062" />
    <label:label xlink:type="resource" xlink:label="label_dnb_062" xml:lang="nl" xlink:role="http://www.xbrl.org/2008/role/label">Kredietkwaliteitscategorie</label:label>
    <gen:arc xlink:type="arc" xlink:arcrole="http://xbrl.org/arcrole/2008/element-label" xlink:from="loc_dnb_062" xlink:to="label_dnb_062" />
    <label:label xlink:type="resource" xlink:label="label_dnb_062_2" xml:lang="nl" xlink:role="http://www.xbrl.org/2008/role/documentation">Kredietkwaliteitscategorie</label:label>
    <gen:arc xlink:type="arc" xlink:arcrole="http://xbrl.org/arcrole/2008/element-label" xlink:from="loc_dnb_062" xlink:to="label_dnb_062_2" />
    <link:loc xlink:type="locator" xlink:href="hier.xsd#dnb_063" xlink:label="loc_dnb_063" />
    <label:label xlink:type="resource" xlink:label="label_dnb_063" xml:lang="nl" xlink:role="http://www.xbrl.org/2008/role/label">Land van custodian</label:label>
    <gen:arc xlink:type="arc" xlink:arcrole="http://xbrl.org/arcrole/2008/element-label" xlink:from="loc_dnb_063" xlink:to="label_dnb_063" />
    <label:label xlink:type="resource" xlink:label="label_dnb_063_2" xml:lang="nl" xlink:role="http://www.xbrl.org/2008/role/documentation">Land van custodian</label:label>
    <gen:arc xlink:type="arc" xlink:arcrole="http://xbrl.org/arcrole/2008/element-label" xlink:from="loc_dnb_063" xlink:to="label_dnb_063_2" />
    <link:loc xlink:type="locator" xlink:href="hier.xsd#dnb_064" xlink:label="loc_dnb_064" />
    <label:label xlink:type="resource" xlink:label="label_dnb_064" xml:lang="nl" xlink:role="http://www.xbrl.org/2008/role/label">Land van emittent</label:label>
    <gen:arc xlink:type="arc" xlink:arcrole="http://xbrl.org/arcrole/2008/element-label" xlink:from="loc_dnb_064" xlink:to="label_dnb_064" />
    <label:label xlink:type="resource" xlink:label="label_dnb_064_2" xml:lang="nl" xlink:role="http://www.xbrl.org/2008/role/documentation">Land van emittent</label:label>
    <gen:arc xlink:type="arc" xlink:arcrole="http://xbrl.org/arcrole/2008/element-label" xlink:from="loc_dnb_064" xlink:to="label_dnb_064_2" />
    <link:loc xlink:type="locator" xlink:href="hier.xsd#dnb_065" xlink:label="loc_dnb_065" />
    <label:label xlink:type="resource" xlink:label="label_dnb_065" xml:lang="nl" xlink:role="http://www.xbrl.org/2008/role/label">Liquidatietrigger</label:label>
    <gen:arc xlink:type="arc" xlink:arcrole="http://xbrl.org/arcrole/2008/element-label" xlink:from="loc_dnb_065" xlink:to="label_dnb_065" />
    <label:label xlink:type="resource" xlink:label="label_dnb_065_2" xml:lang="nl" xlink:role="http://www.xbrl.org/2008/role/documentation">Liquidatietrigger</label:label>
    <gen:arc xlink:type="arc" xlink:arcrole="http://xbrl.org/arcrole/2008/element-label" xlink:from="loc_dnb_065" xlink:to="label_dnb_065_2" />
    <link:loc xlink:type="locator" xlink:href="hier.xsd#dnb_066" xlink:label="loc_dnb_066" />
    <label:label xlink:type="resource" xlink:label="label_dnb_066" xml:lang="nl" xlink:role="http://www.xbrl.org/2008/role/label">Pensioensysteem</label:label>
    <gen:arc xlink:type="arc" xlink:arcrole="http://xbrl.org/arcrole/2008/element-label" xlink:from="loc_dnb_066" xlink:to="label_dnb_066" />
    <label:label xlink:type="resource" xlink:label="label_dnb_066_2" xml:lang="nl" xlink:role="http://www.xbrl.org/2008/role/documentation">Pensioensysteem</label:label>
    <gen:arc xlink:type="arc" xlink:arcrole="http://xbrl.org/arcrole/2008/element-label" xlink:from="loc_dnb_066" xlink:to="label_dnb_066_2" />
    <link:loc xlink:type="locator" xlink:href="hier.xsd#dnb_067" xlink:label="loc_dnb_067" />
    <label:label xlink:type="resource" xlink:label="label_dnb_067" xml:lang="nl" xlink:role="http://www.xbrl.org/2008/role/label">Ratingbureau</label:label>
    <gen:arc xlink:type="arc" xlink:arcrole="http://xbrl.org/arcrole/2008/element-label" xlink:from="loc_dnb_067" xlink:to="label_dnb_067" />
    <label:label xlink:type="resource" xlink:label="label_dnb_067_2" xml:lang="nl" xlink:role="http://www.xbrl.org/2008/role/documentation">Ratingbureau</label:label>
    <gen:arc xlink:type="arc" xlink:arcrole="http://xbrl.org/arcrole/2008/element-label" xlink:from="loc_dnb_067" xlink:to="label_dnb_067_2" />
    <link:loc xlink:type="locator" xlink:href="hier.xsd#dnb_068" xlink:label="loc_dnb_068" />
    <label:label xlink:type="resource" xlink:label="label_dnb_068" xml:lang="nl" xlink:role="http://www.xbrl.org/2008/role/label">Sector emittent</label:label>
    <gen:arc xlink:type="arc" xlink:arcrole="http://xbrl.org/arcrole/2008/element-label" xlink:from="loc_dnb_068" xlink:to="label_dnb_068" />
    <label:label xlink:type="resource" xlink:label="label_dnb_068_2" xml:lang="nl" xlink:role="http://www.xbrl.org/2008/role/documentation">Sector emittent</label:label>
    <gen:arc xlink:type="arc" xlink:arcrole="http://xbrl.org/arcrole/2008/element-label" xlink:from="loc_dnb_068" xlink:to="label_dnb_068_2" />
    <link:loc xlink:type="locator" xlink:href="hier.xsd#dnb_069" xlink:label="loc_dnb_069" />
    <label:label xlink:type="resource" xlink:label="label_dnb_069" xml:lang="nl" xlink:role="http://www.xbrl.org/2008/role/label">Valuta</label:label>
    <gen:arc xlink:type="arc" xlink:arcrole="http://xbrl.org/arcrole/2008/element-label" xlink:from="loc_dnb_069" xlink:to="label_dnb_069" />
    <label:label xlink:type="resource" xlink:label="label_dnb_069_2" xml:lang="nl" xlink:role="http://www.xbrl.org/2008/role/documentation">Valuta</label:label>
    <gen:arc xlink:type="arc" xlink:arcrole="http://xbrl.org/arcrole/2008/element-label" xlink:from="loc_dnb_069" xlink:to="label_dnb_069_2" />
    <link:loc xlink:type="locator" xlink:href="hier.xsd#dnb_070" xlink:label="loc_dnb_070" />
    <label:label xlink:type="resource" xlink:label="label_dnb_070" xml:lang="nl" xlink:role="http://www.xbrl.org/2008/role/label">Waarderingsmethode</label:label>
    <gen:arc xlink:type="arc" xlink:arcrole="http://xbrl.org/arcrole/2008/element-label" xlink:from="loc_dnb_070" xlink:to="label_dnb_070" />
    <label:label xlink:type="resource" xlink:label="label_dnb_070_2" xml:lang="nl" xlink:role="http://www.xbrl.org/2008/role/documentation">Waarderingsmethode</label:label>
    <gen:arc xlink:type="arc" xlink:arcrole="http://xbrl.org/arcrole/2008/element-label" xlink:from="loc_dnb_070" xlink:to="label_dnb_070_2" />
  </gen:link>
</link:linkbase>