<ns0:linkbase xmlns:ns0="http://www.xbrl.org/2003/linkbase" xmlns:ns2="http://www.w3.org/1999/xlink" xmlns:ns3="http://xbrl.org/2005/xbrldt" xmlns:xsi="http://www.w3.org/2001/XMLSchema-instance" xsi:schemaLocation="http://www.xbrl.org/2003/linkbase http://www.xbrl.org/2003/xbrl-linkbase-2003-12-31.xsd">
    <ns0:roleRef roleURI="http://ferc.gov/form/2020-01-01/roles/Schedule/F1/ScheduleLongTermDebtAdvancesfromAssociatedCompanies223" ns2:href="form-1-sched-LongTermDebt_2020-01-01.xsd#roleType_ScheduleLongTermDebtAdvancesfromAssociatedCompanies223" ns2:type="simple" />
    <ns0:roleRef roleURI="http://ferc.gov/form/2020-01-01/roles/Schedule/F1/ScheduleLongTermDebtReacquiredBonds222" ns2:href="form-1-sched-LongTermDebt_2020-01-01.xsd#roleType_ScheduleLongTermDebtReacquiredBonds222" ns2:type="simple" />
    <ns0:roleRef roleURI="http://ferc.gov/form/2020-01-01/roles/Schedule/F1/LongTermDebt" ns2:href="form-1-sched-LongTermDebt_2020-01-01.xsd#roleType_LongTermDebt" ns2:type="simple" />
    <ns0:arcroleRef arcroleURI="http://xbrl.org/int/dim/arcrole/dimension-domain" ns2:href="http://www.xbrl.org/2005/xbrldt-2005.xsd#dimension-domain" ns2:type="simple" />
    <ns0:roleRef roleURI="http://ferc.gov/form/2020-01-01/roles/Schedule/F1/LongTermDebtSubtotals" ns2:href="form-1-sched-LongTermDebt_2020-01-01.xsd#roleType_LongTermDebtSubtotals" ns2:type="simple" />
    <ns0:roleRef roleURI="http://ferc.gov/form/2020-01-01/roles/Schedule/F1/ScheduleLongTermDebtBonds221" ns2:href="form-1-sched-LongTermDebt_2020-01-01.xsd#roleType_ScheduleLongTermDebtBonds221" ns2:type="simple" />
    <ns0:arcroleRef arcroleURI="http://xbrl.org/int/dim/arcrole/dimension-default" ns2:href="http://www.xbrl.org/2005/xbrldt-2005.xsd#dimension-default" ns2:type="simple" />
    <ns0:arcroleRef arcroleURI="http://xbrl.org/int/dim/arcrole/hypercube-dimension" ns2:href="http://www.xbrl.org/2005/xbrldt-2005.xsd#hypercube-dimension" ns2:type="simple" />
    <ns0:roleRef roleURI="http://ferc.gov/form/2020-01-01/roles/Schedule/F1/ScheduleLongTermDebtOtherLongTermDebt224" ns2:href="form-1-sched-LongTermDebt_2020-01-01.xsd#roleType_ScheduleLongTermDebtOtherLongTermDebt224" ns2:type="simple" />
    <ns0:arcroleRef arcroleURI="http://xbrl.org/int/dim/arcrole/all" ns2:href="http://www.xbrl.org/2005/xbrldt-2005.xsd#all" ns2:type="simple" />
    <ns0:arcroleRef arcroleURI="http://xbrl.org/int/dim/arcrole/domain-member" ns2:href="http://www.xbrl.org/2005/xbrldt-2005.xsd#domain-member" ns2:type="simple" />
    <ns0:definitionLink ns2:role="http://ferc.gov/form/2020-01-01/roles/Schedule/F1/ScheduleLongTermDebtBonds221" ns2:type="extended">
        <ns0:loc ns2:href="../../ferc-core_2020-01-01.xsd#ferc_ScheduleLongTermDebtAbstract" ns2:label="ferc_ScheduleLongTermDebtAbstract" ns2:type="locator" />
        <ns0:loc ns2:href="../../ferc-core_2020-01-01.xsd#ferc_LongTermDebtLineItems" ns2:label="ferc_LongTermDebtLineItems" ns2:type="locator" />
        <ns0:definitionArc order="1" ns2:arcrole="http://xbrl.org/int/dim/arcrole/domain-member" ns2:from="ferc_ScheduleLongTermDebtAbstract" ns2:to="ferc_LongTermDebtLineItems" ns2:type="arc" />
        <ns0:loc ns2:href="../../ferc-core_2020-01-01.xsd#ferc_LongTermDebtTable" ns2:label="ferc_LongTermDebtTable" ns2:type="locator" />
        <ns0:definitionArc order="1" ns2:arcrole="http://xbrl.org/int/dim/arcrole/all" ns2:from="ferc_LongTermDebtLineItems" ns2:to="ferc_LongTermDebtTable" ns2:type="arc" ns3:closed="true" ns3:contextElement="segment" />
        <ns0:loc ns2:href="../../ferc-core_2020-01-01.xsd#ferc_BondObligationsAxis" ns2:label="ferc_BondObligationsAxis" ns2:type="locator" />
        <ns0:definitionArc order="1" ns2:arcrole="http://xbrl.org/int/dim/arcrole/hypercube-dimension" ns2:from="ferc_LongTermDebtTable" ns2:to="ferc_BondObligationsAxis" ns2:type="arc" />
        <ns0:loc ns2:href="../../ferc-core_2020-01-01.xsd#ferc_OrderNumber" ns2:label="ferc_OrderNumber" ns2:type="locator" />
        <ns0:definitionArc order="2" ns2:arcrole="http://xbrl.org/int/dim/arcrole/domain-member" ns2:from="ferc_LongTermDebtLineItems" ns2:to="ferc_OrderNumber" ns2:type="arc" />
        <ns0:loc ns2:href="../../ferc-core_2020-01-01.xsd#ferc_OutstandingBondsAbstract" ns2:label="ferc_OutstandingBondsAbstract" ns2:type="locator" />
        <ns0:definitionArc order="3" ns2:arcrole="http://xbrl.org/int/dim/arcrole/domain-member" ns2:from="ferc_LongTermDebtLineItems" ns2:to="ferc_OutstandingBondsAbstract" ns2:type="arc" />
        <ns0:loc ns2:href="../../ferc-core_2020-01-01.xsd#ferc_ClassAndSeriesOfObligationCouponRateDescription" ns2:label="ferc_ClassAndSeriesOfObligationCouponRateDescription" ns2:type="locator" />
        <ns0:definitionArc order="1" ns2:arcrole="http://xbrl.org/int/dim/arcrole/domain-member" ns2:from="ferc_OutstandingBondsAbstract" ns2:to="ferc_ClassAndSeriesOfObligationCouponRateDescription" ns2:type="arc" />
        <ns0:loc ns2:href="../../ferc-core_2020-01-01.xsd#ferc_RelatedAccountNumber" ns2:label="ferc_RelatedAccountNumber" ns2:type="locator" />
        <ns0:definitionArc order="2" ns2:arcrole="http://xbrl.org/int/dim/arcrole/domain-member" ns2:from="ferc_OutstandingBondsAbstract" ns2:to="ferc_RelatedAccountNumber" ns2:type="arc" />
        <ns0:loc ns2:href="../../ferc-core_2020-01-01.xsd#ferc_BondsPrincipalAmountIssued" ns2:label="ferc_BondsPrincipalAmountIssued" ns2:type="locator" />
        <ns0:definitionArc order="3" ns2:arcrole="http://xbrl.org/int/dim/arcrole/domain-member" ns2:from="ferc_OutstandingBondsAbstract" ns2:to="ferc_BondsPrincipalAmountIssued" ns2:type="arc" />
        <ns0:loc ns2:href="../../ferc-core_2020-01-01.xsd#ferc_BondIssuanceExpense" ns2:label="ferc_BondIssuanceExpense" ns2:type="locator" />
        <ns0:definitionArc order="4" ns2:arcrole="http://xbrl.org/int/dim/arcrole/domain-member" ns2:from="ferc_OutstandingBondsAbstract" ns2:to="ferc_BondIssuanceExpense" ns2:type="arc" />
        <ns0:loc ns2:href="../../ferc-core_2020-01-01.xsd#ferc_BondsPremium" ns2:label="ferc_BondsPremium" ns2:type="locator" />
        <ns0:definitionArc order="5" ns2:arcrole="http://xbrl.org/int/dim/arcrole/domain-member" ns2:from="ferc_OutstandingBondsAbstract" ns2:to="ferc_BondsPremium" ns2:type="arc" />
        <ns0:loc ns2:href="../../ferc-core_2020-01-01.xsd#ferc_BondsDiscount" ns2:label="ferc_BondsDiscount" ns2:type="locator" />
        <ns0:definitionArc order="6" ns2:arcrole="http://xbrl.org/int/dim/arcrole/domain-member" ns2:from="ferc_OutstandingBondsAbstract" ns2:to="ferc_BondsDiscount" ns2:type="arc" />
        <ns0:loc ns2:href="../../ferc-core_2020-01-01.xsd#ferc_NominalDateOfIssue" ns2:label="ferc_NominalDateOfIssue" ns2:type="locator" />
        <ns0:definitionArc order="7" ns2:arcrole="http://xbrl.org/int/dim/arcrole/domain-member" ns2:from="ferc_OutstandingBondsAbstract" ns2:to="ferc_NominalDateOfIssue" ns2:type="arc" />
        <ns0:loc ns2:href="../../ferc-core_2020-01-01.xsd#ferc_DateOfMaturity" ns2:label="ferc_DateOfMaturity" ns2:type="locator" />
        <ns0:definitionArc order="8" ns2:arcrole="http://xbrl.org/int/dim/arcrole/domain-member" ns2:from="ferc_OutstandingBondsAbstract" ns2:to="ferc_DateOfMaturity" ns2:type="arc" />
        <ns0:loc ns2:href="../../ferc-core_2020-01-01.xsd#ferc_AmortizationPeriodStartDate" ns2:label="ferc_AmortizationPeriodStartDate" ns2:type="locator" />
        <ns0:definitionArc order="9" ns2:arcrole="http://xbrl.org/int/dim/arcrole/domain-member" ns2:from="ferc_OutstandingBondsAbstract" ns2:to="ferc_AmortizationPeriodStartDate" ns2:type="arc" />
        <ns0:loc ns2:href="../../ferc-core_2020-01-01.xsd#ferc_AmortizationPeriodEndDate" ns2:label="ferc_AmortizationPeriodEndDate" ns2:type="locator" />
        <ns0:definitionArc order="10" ns2:arcrole="http://xbrl.org/int/dim/arcrole/domain-member" ns2:from="ferc_OutstandingBondsAbstract" ns2:to="ferc_AmortizationPeriodEndDate" ns2:type="arc" />
        <ns0:loc ns2:href="../../ferc-core_2020-01-01.xsd#ferc_Bonds" ns2:label="ferc_Bonds" ns2:type="locator" />
        <ns0:definitionArc order="11" ns2:arcrole="http://xbrl.org/int/dim/arcrole/domain-member" ns2:from="ferc_OutstandingBondsAbstract" ns2:to="ferc_Bonds" ns2:type="arc" />
        <ns0:loc ns2:href="../../ferc-core_2020-01-01.xsd#ferc_InterestExpenseBonds" ns2:label="ferc_InterestExpenseBonds" ns2:type="locator" />
        <ns0:definitionArc order="12" ns2:arcrole="http://xbrl.org/int/dim/arcrole/domain-member" ns2:from="ferc_OutstandingBondsAbstract" ns2:to="ferc_InterestExpenseBonds" ns2:type="arc" />
    </ns0:definitionLink>
    <ns0:definitionLink ns2:role="http://ferc.gov/form/2020-01-01/roles/Schedule/F1/ScheduleLongTermDebtReacquiredBonds222" ns2:type="extended">
        <ns0:loc ns2:href="../../ferc-core_2020-01-01.xsd#ferc_ScheduleLongTermDebtAbstract" ns2:label="ferc_ScheduleLongTermDebtAbstract" ns2:type="locator" />
        <ns0:loc ns2:href="../../ferc-core_2020-01-01.xsd#ferc_LongTermDebtLineItems" ns2:label="ferc_LongTermDebtLineItems" ns2:type="locator" />
        <ns0:definitionArc order="1" ns2:arcrole="http://xbrl.org/int/dim/arcrole/domain-member" ns2:from="ferc_ScheduleLongTermDebtAbstract" ns2:to="ferc_LongTermDebtLineItems" ns2:type="arc" />
        <ns0:loc ns2:href="../../ferc-core_2020-01-01.xsd#ferc_LongTermDebtTable" ns2:label="ferc_LongTermDebtTable" ns2:type="locator" />
        <ns0:definitionArc order="1" ns2:arcrole="http://xbrl.org/int/dim/arcrole/all" ns2:from="ferc_LongTermDebtLineItems" ns2:to="ferc_LongTermDebtTable" ns2:type="arc" ns3:closed="true" ns3:contextElement="segment" />
        <ns0:loc ns2:href="../../ferc-core_2020-01-01.xsd#ferc_ReAcquiredBondObligationsAxis" ns2:label="ferc_ReAcquiredBondObligationsAxis" ns2:type="locator" />
        <ns0:definitionArc order="1" ns2:arcrole="http://xbrl.org/int/dim/arcrole/hypercube-dimension" ns2:from="ferc_LongTermDebtTable" ns2:to="ferc_ReAcquiredBondObligationsAxis" ns2:type="arc" />
        <ns0:loc ns2:href="../../ferc-core_2020-01-01.xsd#ferc_OrderNumber" ns2:label="ferc_OrderNumber" ns2:type="locator" />
        <ns0:definitionArc order="2" ns2:arcrole="http://xbrl.org/int/dim/arcrole/domain-member" ns2:from="ferc_LongTermDebtLineItems" ns2:to="ferc_OrderNumber" ns2:type="arc" />
        <ns0:loc ns2:href="../../ferc-core_2020-01-01.xsd#ferc_OutstandingReacquiredBondsAbstract" ns2:label="ferc_OutstandingReacquiredBondsAbstract" ns2:type="locator" />
        <ns0:definitionArc order="3" ns2:arcrole="http://xbrl.org/int/dim/arcrole/domain-member" ns2:from="ferc_LongTermDebtLineItems" ns2:to="ferc_OutstandingReacquiredBondsAbstract" ns2:type="arc" />
        <ns0:loc ns2:href="../../ferc-core_2020-01-01.xsd#ferc_ClassAndSeriesOfObligationCouponRateDescription" ns2:label="ferc_ClassAndSeriesOfObligationCouponRateDescription" ns2:type="locator" />
        <ns0:definitionArc order="1" ns2:arcrole="http://xbrl.org/int/dim/arcrole/domain-member" ns2:from="ferc_OutstandingReacquiredBondsAbstract" ns2:to="ferc_ClassAndSeriesOfObligationCouponRateDescription" ns2:type="arc" />
        <ns0:loc ns2:href="../../ferc-core_2020-01-01.xsd#ferc_RelatedAccountNumber" ns2:label="ferc_RelatedAccountNumber" ns2:type="locator" />
        <ns0:definitionArc order="2" ns2:arcrole="http://xbrl.org/int/dim/arcrole/domain-member" ns2:from="ferc_OutstandingReacquiredBondsAbstract" ns2:to="ferc_RelatedAccountNumber" ns2:type="arc" />
        <ns0:loc ns2:href="../../ferc-core_2020-01-01.xsd#ferc_ReacquiredBondsPrincipalAmount" ns2:label="ferc_ReacquiredBondsPrincipalAmount" ns2:type="locator" />
        <ns0:definitionArc order="3" ns2:arcrole="http://xbrl.org/int/dim/arcrole/domain-member" ns2:from="ferc_OutstandingReacquiredBondsAbstract" ns2:to="ferc_ReacquiredBondsPrincipalAmount" ns2:type="arc" />
        <ns0:loc ns2:href="../../ferc-core_2020-01-01.xsd#ferc_ReacquiredBondsIssuanceExpense" ns2:label="ferc_ReacquiredBondsIssuanceExpense" ns2:type="locator" />
        <ns0:definitionArc order="4" ns2:arcrole="http://xbrl.org/int/dim/arcrole/domain-member" ns2:from="ferc_OutstandingReacquiredBondsAbstract" ns2:to="ferc_ReacquiredBondsIssuanceExpense" ns2:type="arc" />
        <ns0:loc ns2:href="../../ferc-core_2020-01-01.xsd#ferc_ReaquiredBondsPremium" ns2:label="ferc_ReaquiredBondsPremium" ns2:type="locator" />
        <ns0:definitionArc order="5" ns2:arcrole="http://xbrl.org/int/dim/arcrole/domain-member" ns2:from="ferc_OutstandingReacquiredBondsAbstract" ns2:to="ferc_ReaquiredBondsPremium" ns2:type="arc" />
        <ns0:loc ns2:href="../../ferc-core_2020-01-01.xsd#ferc_ReaquiredBondsDiscount" ns2:label="ferc_ReaquiredBondsDiscount" ns2:type="locator" />
        <ns0:definitionArc order="6" ns2:arcrole="http://xbrl.org/int/dim/arcrole/domain-member" ns2:from="ferc_OutstandingReacquiredBondsAbstract" ns2:to="ferc_ReaquiredBondsDiscount" ns2:type="arc" />
        <ns0:loc ns2:href="../../ferc-core_2020-01-01.xsd#ferc_NominalDateOfIssue" ns2:label="ferc_NominalDateOfIssue" ns2:type="locator" />
        <ns0:definitionArc order="7" ns2:arcrole="http://xbrl.org/int/dim/arcrole/domain-member" ns2:from="ferc_OutstandingReacquiredBondsAbstract" ns2:to="ferc_NominalDateOfIssue" ns2:type="arc" />
        <ns0:loc ns2:href="../../ferc-core_2020-01-01.xsd#ferc_DateOfMaturity" ns2:label="ferc_DateOfMaturity" ns2:type="locator" />
        <ns0:definitionArc order="8" ns2:arcrole="http://xbrl.org/int/dim/arcrole/domain-member" ns2:from="ferc_OutstandingReacquiredBondsAbstract" ns2:to="ferc_DateOfMaturity" ns2:type="arc" />
        <ns0:loc ns2:href="../../ferc-core_2020-01-01.xsd#ferc_AmortizationPeriodStartDate" ns2:label="ferc_AmortizationPeriodStartDate" ns2:type="locator" />
        <ns0:definitionArc order="9" ns2:arcrole="http://xbrl.org/int/dim/arcrole/domain-member" ns2:from="ferc_OutstandingReacquiredBondsAbstract" ns2:to="ferc_AmortizationPeriodStartDate" ns2:type="arc" />
        <ns0:loc ns2:href="../../ferc-core_2020-01-01.xsd#ferc_AmortizationPeriodEndDate" ns2:label="ferc_AmortizationPeriodEndDate" ns2:type="locator" />
        <ns0:definitionArc order="10" ns2:arcrole="http://xbrl.org/int/dim/arcrole/domain-member" ns2:from="ferc_OutstandingReacquiredBondsAbstract" ns2:to="ferc_AmortizationPeriodEndDate" ns2:type="arc" />
        <ns0:loc ns2:href="../../ferc-core_2020-01-01.xsd#ferc_ReacquiredBonds" ns2:label="ferc_ReacquiredBonds" ns2:type="locator" />
        <ns0:definitionArc order="11" ns2:arcrole="http://xbrl.org/int/dim/arcrole/domain-member" ns2:from="ferc_OutstandingReacquiredBondsAbstract" ns2:to="ferc_ReacquiredBonds" ns2:type="arc" />
        <ns0:loc ns2:href="../../ferc-core_2020-01-01.xsd#ferc_InterestExpenseReacquiredBonds" ns2:label="ferc_InterestExpenseReacquiredBonds" ns2:type="locator" />
        <ns0:definitionArc order="12" ns2:arcrole="http://xbrl.org/int/dim/arcrole/domain-member" ns2:from="ferc_OutstandingReacquiredBondsAbstract" ns2:to="ferc_InterestExpenseReacquiredBonds" ns2:type="arc" />
    </ns0:definitionLink>
    <ns0:definitionLink ns2:role="http://ferc.gov/form/2020-01-01/roles/Schedule/F1/ScheduleLongTermDebtAdvancesfromAssociatedCompanies223" ns2:type="extended">
        <ns0:loc ns2:href="../../ferc-core_2020-01-01.xsd#ferc_ScheduleLongTermDebtAbstract" ns2:label="ferc_ScheduleLongTermDebtAbstract" ns2:type="locator" />
        <ns0:loc ns2:href="../../ferc-core_2020-01-01.xsd#ferc_LongTermDebtLineItems" ns2:label="ferc_LongTermDebtLineItems" ns2:type="locator" />
        <ns0:definitionArc order="1" ns2:arcrole="http://xbrl.org/int/dim/arcrole/domain-member" ns2:from="ferc_ScheduleLongTermDebtAbstract" ns2:to="ferc_LongTermDebtLineItems" ns2:type="arc" />
        <ns0:loc ns2:href="../../ferc-core_2020-01-01.xsd#ferc_LongTermDebtTable" ns2:label="ferc_LongTermDebtTable" ns2:type="locator" />
        <ns0:definitionArc order="1" ns2:arcrole="http://xbrl.org/int/dim/arcrole/all" ns2:from="ferc_LongTermDebtLineItems" ns2:to="ferc_LongTermDebtTable" ns2:type="arc" ns3:closed="true" ns3:contextElement="segment" />
        <ns0:loc ns2:href="../../ferc-core_2020-01-01.xsd#ferc_AdvancesFromAssociatedCompaniesAxis" ns2:label="ferc_AdvancesFromAssociatedCompaniesAxis" ns2:type="locator" />
        <ns0:definitionArc order="1" ns2:arcrole="http://xbrl.org/int/dim/arcrole/hypercube-dimension" ns2:from="ferc_LongTermDebtTable" ns2:to="ferc_AdvancesFromAssociatedCompaniesAxis" ns2:type="arc" />
        <ns0:loc ns2:href="../../ferc-core_2020-01-01.xsd#ferc_OrderNumber" ns2:label="ferc_OrderNumber" ns2:type="locator" />
        <ns0:definitionArc order="2" ns2:arcrole="http://xbrl.org/int/dim/arcrole/domain-member" ns2:from="ferc_LongTermDebtLineItems" ns2:to="ferc_OrderNumber" ns2:type="arc" />
        <ns0:loc ns2:href="../../ferc-core_2020-01-01.xsd#ferc_OutstandingDebtAdvancesFromAssociatedCompaniesAbstract" ns2:label="ferc_OutstandingDebtAdvancesFromAssociatedCompaniesAbstract" ns2:type="locator" />
        <ns0:definitionArc order="3" ns2:arcrole="http://xbrl.org/int/dim/arcrole/domain-member" ns2:from="ferc_LongTermDebtLineItems" ns2:to="ferc_OutstandingDebtAdvancesFromAssociatedCompaniesAbstract" ns2:type="arc" />
        <ns0:loc ns2:href="../../ferc-core_2020-01-01.xsd#ferc_ClassAndSeriesOfObligationCouponRateDescription" ns2:label="ferc_ClassAndSeriesOfObligationCouponRateDescription" ns2:type="locator" />
        <ns0:definitionArc order="1" ns2:arcrole="http://xbrl.org/int/dim/arcrole/domain-member" ns2:from="ferc_OutstandingDebtAdvancesFromAssociatedCompaniesAbstract" ns2:to="ferc_ClassAndSeriesOfObligationCouponRateDescription" ns2:type="arc" />
        <ns0:loc ns2:href="../../ferc-core_2020-01-01.xsd#ferc_RelatedAccountNumber" ns2:label="ferc_RelatedAccountNumber" ns2:type="locator" />
        <ns0:definitionArc order="2" ns2:arcrole="http://xbrl.org/int/dim/arcrole/domain-member" ns2:from="ferc_OutstandingDebtAdvancesFromAssociatedCompaniesAbstract" ns2:to="ferc_RelatedAccountNumber" ns2:type="arc" />
        <ns0:loc ns2:href="../../ferc-core_2020-01-01.xsd#ferc_AdvancesFromAssociatedCompaniesPrincipalAmountIssued" ns2:label="ferc_AdvancesFromAssociatedCompaniesPrincipalAmountIssued" ns2:type="locator" />
        <ns0:definitionArc order="3" ns2:arcrole="http://xbrl.org/int/dim/arcrole/domain-member" ns2:from="ferc_OutstandingDebtAdvancesFromAssociatedCompaniesAbstract" ns2:to="ferc_AdvancesFromAssociatedCompaniesPrincipalAmountIssued" ns2:type="arc" />
        <ns0:loc ns2:href="../../ferc-core_2020-01-01.xsd#ferc_AdvancesFromAssociatedCompaniesIssuanceExpense" ns2:label="ferc_AdvancesFromAssociatedCompaniesIssuanceExpense" ns2:type="locator" />
        <ns0:definitionArc order="4" ns2:arcrole="http://xbrl.org/int/dim/arcrole/domain-member" ns2:from="ferc_OutstandingDebtAdvancesFromAssociatedCompaniesAbstract" ns2:to="ferc_AdvancesFromAssociatedCompaniesIssuanceExpense" ns2:type="arc" />
        <ns0:loc ns2:href="../../ferc-core_2020-01-01.xsd#ferc_AdvancesFromAssociatedCompaniesPremium" ns2:label="ferc_AdvancesFromAssociatedCompaniesPremium" ns2:type="locator" />
        <ns0:definitionArc order="5" ns2:arcrole="http://xbrl.org/int/dim/arcrole/domain-member" ns2:from="ferc_OutstandingDebtAdvancesFromAssociatedCompaniesAbstract" ns2:to="ferc_AdvancesFromAssociatedCompaniesPremium" ns2:type="arc" />
        <ns0:loc ns2:href="../../ferc-core_2020-01-01.xsd#ferc_AdvancesFromAssociatedCompaniesDiscount" ns2:label="ferc_AdvancesFromAssociatedCompaniesDiscount" ns2:type="locator" />
        <ns0:definitionArc order="6" ns2:arcrole="http://xbrl.org/int/dim/arcrole/domain-member" ns2:from="ferc_OutstandingDebtAdvancesFromAssociatedCompaniesAbstract" ns2:to="ferc_AdvancesFromAssociatedCompaniesDiscount" ns2:type="arc" />
        <ns0:loc ns2:href="../../ferc-core_2020-01-01.xsd#ferc_NominalDateOfIssue" ns2:label="ferc_NominalDateOfIssue" ns2:type="locator" />
        <ns0:definitionArc order="7" ns2:arcrole="http://xbrl.org/int/dim/arcrole/domain-member" ns2:from="ferc_OutstandingDebtAdvancesFromAssociatedCompaniesAbstract" ns2:to="ferc_NominalDateOfIssue" ns2:type="arc" />
        <ns0:loc ns2:href="../../ferc-core_2020-01-01.xsd#ferc_DateOfMaturity" ns2:label="ferc_DateOfMaturity" ns2:type="locator" />
        <ns0:definitionArc order="8" ns2:arcrole="http://xbrl.org/int/dim/arcrole/domain-member" ns2:from="ferc_OutstandingDebtAdvancesFromAssociatedCompaniesAbstract" ns2:to="ferc_DateOfMaturity" ns2:type="arc" />
        <ns0:loc ns2:href="../../ferc-core_2020-01-01.xsd#ferc_AmortizationPeriodStartDate" ns2:label="ferc_AmortizationPeriodStartDate" ns2:type="locator" />
        <ns0:definitionArc order="9" ns2:arcrole="http://xbrl.org/int/dim/arcrole/domain-member" ns2:from="ferc_OutstandingDebtAdvancesFromAssociatedCompaniesAbstract" ns2:to="ferc_AmortizationPeriodStartDate" ns2:type="arc" />
        <ns0:loc ns2:href="../../ferc-core_2020-01-01.xsd#ferc_AmortizationPeriodEndDate" ns2:label="ferc_AmortizationPeriodEndDate" ns2:type="locator" />
        <ns0:definitionArc order="10" ns2:arcrole="http://xbrl.org/int/dim/arcrole/domain-member" ns2:from="ferc_OutstandingDebtAdvancesFromAssociatedCompaniesAbstract" ns2:to="ferc_AmortizationPeriodEndDate" ns2:type="arc" />
        <ns0:loc ns2:href="../../ferc-core_2020-01-01.xsd#ferc_AdvancesFromAssociatedCompanies" ns2:label="ferc_AdvancesFromAssociatedCompanies" ns2:type="locator" />
        <ns0:definitionArc order="11" ns2:arcrole="http://xbrl.org/int/dim/arcrole/domain-member" ns2:from="ferc_OutstandingDebtAdvancesFromAssociatedCompaniesAbstract" ns2:to="ferc_AdvancesFromAssociatedCompanies" ns2:type="arc" />
        <ns0:loc ns2:href="../../ferc-core_2020-01-01.xsd#ferc_InterestExpenseDebtAdvancesFromAssociatedCompanies" ns2:label="ferc_InterestExpenseDebtAdvancesFromAssociatedCompanies" ns2:type="locator" />
        <ns0:definitionArc order="12" ns2:arcrole="http://xbrl.org/int/dim/arcrole/domain-member" ns2:from="ferc_OutstandingDebtAdvancesFromAssociatedCompaniesAbstract" ns2:to="ferc_InterestExpenseDebtAdvancesFromAssociatedCompanies" ns2:type="arc" />
    </ns0:definitionLink>
    <ns0:definitionLink ns2:role="http://ferc.gov/form/2020-01-01/roles/Schedule/F1/ScheduleLongTermDebtOtherLongTermDebt224" ns2:type="extended">
        <ns0:loc ns2:href="../../ferc-core_2020-01-01.xsd#ferc_ScheduleLongTermDebtAbstract" ns2:label="ferc_ScheduleLongTermDebtAbstract" ns2:type="locator" />
        <ns0:loc ns2:href="../../ferc-core_2020-01-01.xsd#ferc_LongTermDebtLineItems" ns2:label="ferc_LongTermDebtLineItems" ns2:type="locator" />
        <ns0:definitionArc order="1" ns2:arcrole="http://xbrl.org/int/dim/arcrole/domain-member" ns2:from="ferc_ScheduleLongTermDebtAbstract" ns2:to="ferc_LongTermDebtLineItems" ns2:type="arc" />
        <ns0:loc ns2:href="../../ferc-core_2020-01-01.xsd#ferc_LongTermDebtTable" ns2:label="ferc_LongTermDebtTable" ns2:type="locator" />
        <ns0:definitionArc order="1" ns2:arcrole="http://xbrl.org/int/dim/arcrole/all" ns2:from="ferc_LongTermDebtLineItems" ns2:to="ferc_LongTermDebtTable" ns2:type="arc" ns3:closed="true" ns3:contextElement="segment" />
        <ns0:loc ns2:href="../../ferc-core_2020-01-01.xsd#ferc_OtherLongTermDebtAxis" ns2:label="ferc_OtherLongTermDebtAxis" ns2:type="locator" />
        <ns0:definitionArc order="1" ns2:arcrole="http://xbrl.org/int/dim/arcrole/hypercube-dimension" ns2:from="ferc_LongTermDebtTable" ns2:to="ferc_OtherLongTermDebtAxis" ns2:type="arc" />
        <ns0:loc ns2:href="../../ferc-core_2020-01-01.xsd#ferc_OrderNumber" ns2:label="ferc_OrderNumber" ns2:type="locator" />
        <ns0:definitionArc order="2" ns2:arcrole="http://xbrl.org/int/dim/arcrole/domain-member" ns2:from="ferc_LongTermDebtLineItems" ns2:to="ferc_OrderNumber" ns2:type="arc" />
        <ns0:loc ns2:href="../../ferc-core_2020-01-01.xsd#ferc_OtherLongTermDebtAbstract" ns2:label="ferc_OtherLongTermDebtAbstract" ns2:type="locator" />
        <ns0:definitionArc order="3" ns2:arcrole="http://xbrl.org/int/dim/arcrole/domain-member" ns2:from="ferc_LongTermDebtLineItems" ns2:to="ferc_OtherLongTermDebtAbstract" ns2:type="arc" />
        <ns0:loc ns2:href="../../ferc-core_2020-01-01.xsd#ferc_ClassAndSeriesOfObligationCouponRateDescription" ns2:label="ferc_ClassAndSeriesOfObligationCouponRateDescription" ns2:type="locator" />
        <ns0:definitionArc order="1" ns2:arcrole="http://xbrl.org/int/dim/arcrole/domain-member" ns2:from="ferc_OtherLongTermDebtAbstract" ns2:to="ferc_ClassAndSeriesOfObligationCouponRateDescription" ns2:type="arc" />
        <ns0:loc ns2:href="../../ferc-core_2020-01-01.xsd#ferc_RelatedAccountNumber" ns2:label="ferc_RelatedAccountNumber" ns2:type="locator" />
        <ns0:definitionArc order="2" ns2:arcrole="http://xbrl.org/int/dim/arcrole/domain-member" ns2:from="ferc_OtherLongTermDebtAbstract" ns2:to="ferc_RelatedAccountNumber" ns2:type="arc" />
        <ns0:loc ns2:href="../../ferc-core_2020-01-01.xsd#ferc_OtherLongTermDebtPrincipalAmountIssued" ns2:label="ferc_OtherLongTermDebtPrincipalAmountIssued" ns2:type="locator" />
        <ns0:definitionArc order="3" ns2:arcrole="http://xbrl.org/int/dim/arcrole/domain-member" ns2:from="ferc_OtherLongTermDebtAbstract" ns2:to="ferc_OtherLongTermDebtPrincipalAmountIssued" ns2:type="arc" />
        <ns0:loc ns2:href="../../ferc-core_2020-01-01.xsd#ferc_OtherLongTermDebtIssuanceExpense" ns2:label="ferc_OtherLongTermDebtIssuanceExpense" ns2:type="locator" />
        <ns0:definitionArc order="4" ns2:arcrole="http://xbrl.org/int/dim/arcrole/domain-member" ns2:from="ferc_OtherLongTermDebtAbstract" ns2:to="ferc_OtherLongTermDebtIssuanceExpense" ns2:type="arc" />
        <ns0:loc ns2:href="../../ferc-core_2020-01-01.xsd#ferc_OtherLongTermDebtPremium" ns2:label="ferc_OtherLongTermDebtPremium" ns2:type="locator" />
        <ns0:definitionArc order="5" ns2:arcrole="http://xbrl.org/int/dim/arcrole/domain-member" ns2:from="ferc_OtherLongTermDebtAbstract" ns2:to="ferc_OtherLongTermDebtPremium" ns2:type="arc" />
        <ns0:loc ns2:href="../../ferc-core_2020-01-01.xsd#ferc_OtherLongTermDebtDiscount" ns2:label="ferc_OtherLongTermDebtDiscount" ns2:type="locator" />
        <ns0:definitionArc order="6" ns2:arcrole="http://xbrl.org/int/dim/arcrole/domain-member" ns2:from="ferc_OtherLongTermDebtAbstract" ns2:to="ferc_OtherLongTermDebtDiscount" ns2:type="arc" />
        <ns0:loc ns2:href="../../ferc-core_2020-01-01.xsd#ferc_NominalDateOfIssue" ns2:label="ferc_NominalDateOfIssue" ns2:type="locator" />
        <ns0:definitionArc order="7" ns2:arcrole="http://xbrl.org/int/dim/arcrole/domain-member" ns2:from="ferc_OtherLongTermDebtAbstract" ns2:to="ferc_NominalDateOfIssue" ns2:type="arc" />
        <ns0:loc ns2:href="../../ferc-core_2020-01-01.xsd#ferc_DateOfMaturity" ns2:label="ferc_DateOfMaturity" ns2:type="locator" />
        <ns0:definitionArc order="8" ns2:arcrole="http://xbrl.org/int/dim/arcrole/domain-member" ns2:from="ferc_OtherLongTermDebtAbstract" ns2:to="ferc_DateOfMaturity" ns2:type="arc" />
        <ns0:loc ns2:href="../../ferc-core_2020-01-01.xsd#ferc_AmortizationPeriodStartDate" ns2:label="ferc_AmortizationPeriodStartDate" ns2:type="locator" />
        <ns0:definitionArc order="9" ns2:arcrole="http://xbrl.org/int/dim/arcrole/domain-member" ns2:from="ferc_OtherLongTermDebtAbstract" ns2:to="ferc_AmortizationPeriodStartDate" ns2:type="arc" />
        <ns0:loc ns2:href="../../ferc-core_2020-01-01.xsd#ferc_AmortizationPeriodEndDate" ns2:label="ferc_AmortizationPeriodEndDate" ns2:type="locator" />
        <ns0:definitionArc order="10" ns2:arcrole="http://xbrl.org/int/dim/arcrole/domain-member" ns2:from="ferc_OtherLongTermDebtAbstract" ns2:to="ferc_AmortizationPeriodEndDate" ns2:type="arc" />
        <ns0:loc ns2:href="../../ferc-core_2020-01-01.xsd#ferc_OtherLongTermDebt" ns2:label="ferc_OtherLongTermDebt" ns2:type="locator" />
        <ns0:definitionArc order="11" ns2:arcrole="http://xbrl.org/int/dim/arcrole/domain-member" ns2:from="ferc_OtherLongTermDebtAbstract" ns2:to="ferc_OtherLongTermDebt" ns2:type="arc" />
        <ns0:loc ns2:href="../../ferc-core_2020-01-01.xsd#ferc_InterestExpenseOtherLongTermDebt" ns2:label="ferc_InterestExpenseOtherLongTermDebt" ns2:type="locator" />
        <ns0:definitionArc order="12" ns2:arcrole="http://xbrl.org/int/dim/arcrole/domain-member" ns2:from="ferc_OtherLongTermDebtAbstract" ns2:to="ferc_InterestExpenseOtherLongTermDebt" ns2:type="arc" />
    </ns0:definitionLink>
    <ns0:definitionLink ns2:role="http://ferc.gov/form/2020-01-01/roles/Schedule/F1/LongTermDebtSubtotals" ns2:type="extended">
        <ns0:loc ns2:href="../../ferc-core_2020-01-01.xsd#ferc_ScheduleLongTermDebtAbstract" ns2:label="ferc_ScheduleLongTermDebtAbstract" ns2:type="locator" />
        <ns0:loc ns2:href="../../ferc-core_2020-01-01.xsd#ferc_LongTermDebtLineItems" ns2:label="ferc_LongTermDebtLineItems" ns2:type="locator" />
        <ns0:definitionArc order="1" ns2:arcrole="http://xbrl.org/int/dim/arcrole/domain-member" ns2:from="ferc_ScheduleLongTermDebtAbstract" ns2:to="ferc_LongTermDebtLineItems" ns2:type="arc" />
        <ns0:loc ns2:href="../../ferc-core_2020-01-01.xsd#ferc_LongTermDebtTable" ns2:label="ferc_LongTermDebtTable" ns2:type="locator" />
        <ns0:definitionArc order="1" ns2:arcrole="http://xbrl.org/int/dim/arcrole/all" ns2:from="ferc_LongTermDebtLineItems" ns2:to="ferc_LongTermDebtTable" ns2:type="arc" ns3:closed="true" ns3:contextElement="segment" />
        <ns0:loc ns2:href="../../ferc-core_2020-01-01.xsd#ferc_BondsPrincipalAmountIssued" ns2:label="ferc_BondsPrincipalAmountIssued" ns2:type="locator" />
        <ns0:definitionArc order="2" ns2:arcrole="http://xbrl.org/int/dim/arcrole/domain-member" ns2:from="ferc_LongTermDebtLineItems" ns2:to="ferc_BondsPrincipalAmountIssued" ns2:type="arc" />
        <ns0:loc ns2:href="../../ferc-core_2020-01-01.xsd#ferc_BondIssuanceExpense" ns2:label="ferc_BondIssuanceExpense" ns2:type="locator" />
        <ns0:definitionArc order="3" ns2:arcrole="http://xbrl.org/int/dim/arcrole/domain-member" ns2:from="ferc_LongTermDebtLineItems" ns2:to="ferc_BondIssuanceExpense" ns2:type="arc" />
        <ns0:loc ns2:href="../../ferc-core_2020-01-01.xsd#ferc_BondsPremium" ns2:label="ferc_BondsPremium" ns2:type="locator" />
        <ns0:definitionArc order="4" ns2:arcrole="http://xbrl.org/int/dim/arcrole/domain-member" ns2:from="ferc_LongTermDebtLineItems" ns2:to="ferc_BondsPremium" ns2:type="arc" />
        <ns0:loc ns2:href="../../ferc-core_2020-01-01.xsd#ferc_BondsDiscount" ns2:label="ferc_BondsDiscount" ns2:type="locator" />
        <ns0:definitionArc order="5" ns2:arcrole="http://xbrl.org/int/dim/arcrole/domain-member" ns2:from="ferc_LongTermDebtLineItems" ns2:to="ferc_BondsDiscount" ns2:type="arc" />
        <ns0:loc ns2:href="../../ferc-core_2020-01-01.xsd#ferc_Bonds" ns2:label="ferc_Bonds" ns2:type="locator" />
        <ns0:definitionArc order="6" ns2:arcrole="http://xbrl.org/int/dim/arcrole/domain-member" ns2:from="ferc_LongTermDebtLineItems" ns2:to="ferc_Bonds" ns2:type="arc" />
        <ns0:loc ns2:href="../../ferc-core_2020-01-01.xsd#ferc_InterestExpenseBonds" ns2:label="ferc_InterestExpenseBonds" ns2:type="locator" />
        <ns0:definitionArc order="7" ns2:arcrole="http://xbrl.org/int/dim/arcrole/domain-member" ns2:from="ferc_LongTermDebtLineItems" ns2:to="ferc_InterestExpenseBonds" ns2:type="arc" />
        <ns0:loc ns2:href="../../ferc-core_2020-01-01.xsd#ferc_ReacquiredBondsPrincipalAmount" ns2:label="ferc_ReacquiredBondsPrincipalAmount" ns2:type="locator" />
        <ns0:definitionArc order="8" ns2:arcrole="http://xbrl.org/int/dim/arcrole/domain-member" ns2:from="ferc_LongTermDebtLineItems" ns2:to="ferc_ReacquiredBondsPrincipalAmount" ns2:type="arc" />
        <ns0:loc ns2:href="../../ferc-core_2020-01-01.xsd#ferc_ReacquiredBondsIssuanceExpense" ns2:label="ferc_ReacquiredBondsIssuanceExpense" ns2:type="locator" />
        <ns0:definitionArc order="9" ns2:arcrole="http://xbrl.org/int/dim/arcrole/domain-member" ns2:from="ferc_LongTermDebtLineItems" ns2:to="ferc_ReacquiredBondsIssuanceExpense" ns2:type="arc" />
        <ns0:loc ns2:href="../../ferc-core_2020-01-01.xsd#ferc_ReaquiredBondsPremium" ns2:label="ferc_ReaquiredBondsPremium" ns2:type="locator" />
        <ns0:definitionArc order="10" ns2:arcrole="http://xbrl.org/int/dim/arcrole/domain-member" ns2:from="ferc_LongTermDebtLineItems" ns2:to="ferc_ReaquiredBondsPremium" ns2:type="arc" />
        <ns0:loc ns2:href="../../ferc-core_2020-01-01.xsd#ferc_ReaquiredBondsDiscount" ns2:label="ferc_ReaquiredBondsDiscount" ns2:type="locator" />
        <ns0:definitionArc order="11" ns2:arcrole="http://xbrl.org/int/dim/arcrole/domain-member" ns2:from="ferc_LongTermDebtLineItems" ns2:to="ferc_ReaquiredBondsDiscount" ns2:type="arc" />
        <ns0:loc ns2:href="../../ferc-core_2020-01-01.xsd#ferc_ReacquiredBonds" ns2:label="ferc_ReacquiredBonds" ns2:type="locator" />
        <ns0:definitionArc order="12" ns2:arcrole="http://xbrl.org/int/dim/arcrole/domain-member" ns2:from="ferc_LongTermDebtLineItems" ns2:to="ferc_ReacquiredBonds" ns2:type="arc" />
        <ns0:loc ns2:href="../../ferc-core_2020-01-01.xsd#ferc_InterestExpenseReacquiredBonds" ns2:label="ferc_InterestExpenseReacquiredBonds" ns2:type="locator" />
        <ns0:definitionArc order="13" ns2:arcrole="http://xbrl.org/int/dim/arcrole/domain-member" ns2:from="ferc_LongTermDebtLineItems" ns2:to="ferc_InterestExpenseReacquiredBonds" ns2:type="arc" />
        <ns0:loc ns2:href="../../ferc-core_2020-01-01.xsd#ferc_AdvancesFromAssociatedCompaniesPrincipalAmountIssued" ns2:label="ferc_AdvancesFromAssociatedCompaniesPrincipalAmountIssued" ns2:type="locator" />
        <ns0:definitionArc order="14" ns2:arcrole="http://xbrl.org/int/dim/arcrole/domain-member" ns2:from="ferc_LongTermDebtLineItems" ns2:to="ferc_AdvancesFromAssociatedCompaniesPrincipalAmountIssued" ns2:type="arc" />
        <ns0:loc ns2:href="../../ferc-core_2020-01-01.xsd#ferc_AdvancesFromAssociatedCompaniesIssuanceExpense" ns2:label="ferc_AdvancesFromAssociatedCompaniesIssuanceExpense" ns2:type="locator" />
        <ns0:definitionArc order="15" ns2:arcrole="http://xbrl.org/int/dim/arcrole/domain-member" ns2:from="ferc_LongTermDebtLineItems" ns2:to="ferc_AdvancesFromAssociatedCompaniesIssuanceExpense" ns2:type="arc" />
        <ns0:loc ns2:href="../../ferc-core_2020-01-01.xsd#ferc_AdvancesFromAssociatedCompaniesPremium" ns2:label="ferc_AdvancesFromAssociatedCompaniesPremium" ns2:type="locator" />
        <ns0:definitionArc order="16" ns2:arcrole="http://xbrl.org/int/dim/arcrole/domain-member" ns2:from="ferc_LongTermDebtLineItems" ns2:to="ferc_AdvancesFromAssociatedCompaniesPremium" ns2:type="arc" />
        <ns0:loc ns2:href="../../ferc-core_2020-01-01.xsd#ferc_AdvancesFromAssociatedCompaniesDiscount" ns2:label="ferc_AdvancesFromAssociatedCompaniesDiscount" ns2:type="locator" />
        <ns0:definitionArc order="17" ns2:arcrole="http://xbrl.org/int/dim/arcrole/domain-member" ns2:from="ferc_LongTermDebtLineItems" ns2:to="ferc_AdvancesFromAssociatedCompaniesDiscount" ns2:type="arc" />
        <ns0:loc ns2:href="../../ferc-core_2020-01-01.xsd#ferc_AdvancesFromAssociatedCompanies" ns2:label="ferc_AdvancesFromAssociatedCompanies" ns2:type="locator" />
        <ns0:definitionArc order="18" ns2:arcrole="http://xbrl.org/int/dim/arcrole/domain-member" ns2:from="ferc_LongTermDebtLineItems" ns2:to="ferc_AdvancesFromAssociatedCompanies" ns2:type="arc" />
        <ns0:loc ns2:href="../../ferc-core_2020-01-01.xsd#ferc_InterestExpenseDebtAdvancesFromAssociatedCompanies" ns2:label="ferc_InterestExpenseDebtAdvancesFromAssociatedCompanies" ns2:type="locator" />
        <ns0:definitionArc order="19" ns2:arcrole="http://xbrl.org/int/dim/arcrole/domain-member" ns2:from="ferc_LongTermDebtLineItems" ns2:to="ferc_InterestExpenseDebtAdvancesFromAssociatedCompanies" ns2:type="arc" />
        <ns0:loc ns2:href="../../ferc-core_2020-01-01.xsd#ferc_OtherLongTermDebtPrincipalAmountIssued" ns2:label="ferc_OtherLongTermDebtPrincipalAmountIssued" ns2:type="locator" />
        <ns0:definitionArc order="20" ns2:arcrole="http://xbrl.org/int/dim/arcrole/domain-member" ns2:from="ferc_LongTermDebtLineItems" ns2:to="ferc_OtherLongTermDebtPrincipalAmountIssued" ns2:type="arc" />
        <ns0:loc ns2:href="../../ferc-core_2020-01-01.xsd#ferc_OtherLongTermDebtIssuanceExpense" ns2:label="ferc_OtherLongTermDebtIssuanceExpense" ns2:type="locator" />
        <ns0:definitionArc order="21" ns2:arcrole="http://xbrl.org/int/dim/arcrole/domain-member" ns2:from="ferc_LongTermDebtLineItems" ns2:to="ferc_OtherLongTermDebtIssuanceExpense" ns2:type="arc" />
        <ns0:loc ns2:href="../../ferc-core_2020-01-01.xsd#ferc_OtherLongTermDebtPremium" ns2:label="ferc_OtherLongTermDebtPremium" ns2:type="locator" />
        <ns0:definitionArc order="22" ns2:arcrole="http://xbrl.org/int/dim/arcrole/domain-member" ns2:from="ferc_LongTermDebtLineItems" ns2:to="ferc_OtherLongTermDebtPremium" ns2:type="arc" />
        <ns0:loc ns2:href="../../ferc-core_2020-01-01.xsd#ferc_OtherLongTermDebtDiscount" ns2:label="ferc_OtherLongTermDebtDiscount" ns2:type="locator" />
        <ns0:definitionArc order="23" ns2:arcrole="http://xbrl.org/int/dim/arcrole/domain-member" ns2:from="ferc_LongTermDebtLineItems" ns2:to="ferc_OtherLongTermDebtDiscount" ns2:type="arc" />
        <ns0:loc ns2:href="../../ferc-core_2020-01-01.xsd#ferc_OtherLongTermDebt" ns2:label="ferc_OtherLongTermDebt" ns2:type="locator" />
        <ns0:definitionArc order="24" ns2:arcrole="http://xbrl.org/int/dim/arcrole/domain-member" ns2:from="ferc_LongTermDebtLineItems" ns2:to="ferc_OtherLongTermDebt" ns2:type="arc" />
        <ns0:loc ns2:href="../../ferc-core_2020-01-01.xsd#ferc_InterestExpenseOtherLongTermDebt" ns2:label="ferc_InterestExpenseOtherLongTermDebt" ns2:type="locator" />
        <ns0:definitionArc order="25" ns2:arcrole="http://xbrl.org/int/dim/arcrole/domain-member" ns2:from="ferc_LongTermDebtLineItems" ns2:to="ferc_InterestExpenseOtherLongTermDebt" ns2:type="arc" />
    </ns0:definitionLink>
    <ns0:definitionLink ns2:role="http://ferc.gov/form/2020-01-01/roles/Schedule/F1/LongTermDebt" ns2:type="extended">
        <ns0:loc ns2:href="../../ferc-core_2020-01-01.xsd#ferc_ScheduleLongTermDebtAbstract" ns2:label="ferc_ScheduleLongTermDebtAbstract" ns2:type="locator" />
        <ns0:loc ns2:href="../../ferc-core_2020-01-01.xsd#ferc_LongTermDebtLineItems" ns2:label="ferc_LongTermDebtLineItems" ns2:type="locator" />
        <ns0:definitionArc order="1" ns2:arcrole="http://xbrl.org/int/dim/arcrole/domain-member" ns2:from="ferc_ScheduleLongTermDebtAbstract" ns2:to="ferc_LongTermDebtLineItems" ns2:type="arc" />
        <ns0:loc ns2:href="../../ferc-core_2020-01-01.xsd#ferc_LongTermDebtTable" ns2:label="ferc_LongTermDebtTable" ns2:type="locator" />
        <ns0:definitionArc order="1" ns2:arcrole="http://xbrl.org/int/dim/arcrole/all" ns2:from="ferc_LongTermDebtLineItems" ns2:to="ferc_LongTermDebtTable" ns2:type="arc" ns3:closed="true" ns3:contextElement="segment" />
        <ns0:loc ns2:href="../../ferc-core_2020-01-01.xsd#ferc_ClassOrSeriesOfObligationAndNameOfStockExchangeAxis" ns2:label="ferc_ClassOrSeriesOfObligationAndNameOfStockExchangeAxis" ns2:type="locator" />
        <ns0:definitionArc order="1" ns2:arcrole="http://xbrl.org/int/dim/arcrole/hypercube-dimension" ns2:from="ferc_LongTermDebtTable" ns2:to="ferc_ClassOrSeriesOfObligationAndNameOfStockExchangeAxis" ns2:type="arc" />
        <ns0:loc ns2:href="../../ferc-core_2020-01-01.xsd#ferc_OrderNumber" ns2:label="ferc_OrderNumber" ns2:type="locator" />
        <ns0:definitionArc order="2" ns2:arcrole="http://xbrl.org/int/dim/arcrole/domain-member" ns2:from="ferc_LongTermDebtLineItems" ns2:to="ferc_OrderNumber" ns2:type="arc" />
        <ns0:loc ns2:href="../../ferc-core_2020-01-01.xsd#ferc_ClassAndSeriesOfObligationCouponRateDescription" ns2:label="ferc_ClassAndSeriesOfObligationCouponRateDescription" ns2:type="locator" />
        <ns0:definitionArc order="3" ns2:arcrole="http://xbrl.org/int/dim/arcrole/domain-member" ns2:from="ferc_LongTermDebtLineItems" ns2:to="ferc_ClassAndSeriesOfObligationCouponRateDescription" ns2:type="arc" />
        <ns0:loc ns2:href="../../ferc-core_2020-01-01.xsd#ferc_LongTermDebtPrincipalAmountIssued" ns2:label="ferc_LongTermDebtPrincipalAmountIssued" ns2:type="locator" />
        <ns0:definitionArc order="4" ns2:arcrole="http://xbrl.org/int/dim/arcrole/domain-member" ns2:from="ferc_LongTermDebtLineItems" ns2:to="ferc_LongTermDebtPrincipalAmountIssued" ns2:type="arc" />
        <ns0:loc ns2:href="../../ferc-core_2020-01-01.xsd#ferc_LongTermDebtIssuanceExpensePremiumOrDiscount" ns2:label="ferc_LongTermDebtIssuanceExpensePremiumOrDiscount" ns2:type="locator" />
        <ns0:definitionArc order="5" ns2:arcrole="http://xbrl.org/int/dim/arcrole/domain-member" ns2:from="ferc_LongTermDebtLineItems" ns2:to="ferc_LongTermDebtIssuanceExpensePremiumOrDiscount" ns2:type="arc" />
        <ns0:loc ns2:href="../../ferc-core_2020-01-01.xsd#ferc_NominalDateOfIssue" ns2:label="ferc_NominalDateOfIssue" ns2:type="locator" />
        <ns0:definitionArc order="6" ns2:arcrole="http://xbrl.org/int/dim/arcrole/domain-member" ns2:from="ferc_LongTermDebtLineItems" ns2:to="ferc_NominalDateOfIssue" ns2:type="arc" />
        <ns0:loc ns2:href="../../ferc-core_2020-01-01.xsd#ferc_DateOfMaturity" ns2:label="ferc_DateOfMaturity" ns2:type="locator" />
        <ns0:definitionArc order="7" ns2:arcrole="http://xbrl.org/int/dim/arcrole/domain-member" ns2:from="ferc_LongTermDebtLineItems" ns2:to="ferc_DateOfMaturity" ns2:type="arc" />
        <ns0:loc ns2:href="../../ferc-core_2020-01-01.xsd#ferc_AmortizationPeriodStartDate" ns2:label="ferc_AmortizationPeriodStartDate" ns2:type="locator" />
        <ns0:definitionArc order="8" ns2:arcrole="http://xbrl.org/int/dim/arcrole/domain-member" ns2:from="ferc_LongTermDebtLineItems" ns2:to="ferc_AmortizationPeriodStartDate" ns2:type="arc" />
        <ns0:loc ns2:href="../../ferc-core_2020-01-01.xsd#ferc_AmortizationPeriodEndDate" ns2:label="ferc_AmortizationPeriodEndDate" ns2:type="locator" />
        <ns0:definitionArc order="9" ns2:arcrole="http://xbrl.org/int/dim/arcrole/domain-member" ns2:from="ferc_LongTermDebtLineItems" ns2:to="ferc_AmortizationPeriodEndDate" ns2:type="arc" />
        <ns0:loc ns2:href="../../ferc-core_2020-01-01.xsd#ferc_LongTermDebtOutstanding" ns2:label="ferc_LongTermDebtOutstanding" ns2:type="locator" />
        <ns0:definitionArc order="10" ns2:arcrole="http://xbrl.org/int/dim/arcrole/domain-member" ns2:from="ferc_LongTermDebtLineItems" ns2:to="ferc_LongTermDebtOutstanding" ns2:type="arc" />
        <ns0:loc ns2:href="../../ferc-core_2020-01-01.xsd#ferc_InterestExpenseOnLongTermDebtIssued" ns2:label="ferc_InterestExpenseOnLongTermDebtIssued" ns2:type="locator" />
        <ns0:definitionArc order="11" ns2:arcrole="http://xbrl.org/int/dim/arcrole/domain-member" ns2:from="ferc_LongTermDebtLineItems" ns2:to="ferc_InterestExpenseOnLongTermDebtIssued" ns2:type="arc" />
    </ns0:definitionLink>
    <ns0:definitionLink ns2:role="http://ferc.gov/form/2020-01-01/roles/Schedule/F1/ScheduleLongTermDebtBonds221" ns2:type="extended" />
    <ns0:definitionLink ns2:role="http://ferc.gov/form/2020-01-01/roles/Schedule/F1/ScheduleLongTermDebtReacquiredBonds222" ns2:type="extended" />
    <ns0:definitionLink ns2:role="http://ferc.gov/form/2020-01-01/roles/Schedule/F1/ScheduleLongTermDebtAdvancesfromAssociatedCompanies223" ns2:type="extended" />
    <ns0:definitionLink ns2:role="http://ferc.gov/form/2020-01-01/roles/Schedule/F1/ScheduleLongTermDebtOtherLongTermDebt224" ns2:type="extended" />
    <ns0:definitionLink ns2:role="http://ferc.gov/form/2020-01-01/roles/Schedule/F1/LongTermDebtSubtotals" ns2:type="extended" />
    <ns0:definitionLink ns2:role="http://ferc.gov/form/2020-01-01/roles/Schedule/F1/LongTermDebt" ns2:type="extended" />
</ns0:linkbase>