<ns0:linkbase xmlns:ns0="http://www.xbrl.org/2003/linkbase" xmlns:ns2="http://www.w3.org/1999/xlink" xmlns:xsi="http://www.w3.org/2001/XMLSchema-instance" xsi:schemaLocation="http://www.xbrl.org/2003/linkbase http://www.xbrl.org/2003/xbrl-linkbase-2003-12-31.xsd">
    <ns0:roleRef roleURI="http://ferc.gov/form/2020-01-01/roles/Schedule/F1/ScheduleLongTermDebtAdvancesfromAssociatedCompanies223" ns2:href="form-1-sched-LongTermDebt_2020-01-01.xsd#roleType_ScheduleLongTermDebtAdvancesfromAssociatedCompanies223" ns2:type="simple" />
    <ns0:roleRef roleURI="http://ferc.gov/form/2020-01-01/roles/Schedule/F1/ScheduleLongTermDebtReacquiredBonds222" ns2:href="form-1-sched-LongTermDebt_2020-01-01.xsd#roleType_ScheduleLongTermDebtReacquiredBonds222" ns2:type="simple" />
    <ns0:roleRef roleURI="http://ferc.gov/form/2020-01-01/roles/label/F1LongTermDebt" ns2:href="../../ferc-core-lab-roles_2020-01-01.xsd#F1LongTermDebt" ns2:type="simple" />
    <ns0:roleRef roleURI="http://ferc.gov/form/2020-01-01/roles/Schedule/F1/LongTermDebt" ns2:href="form-1-sched-LongTermDebt_2020-01-01.xsd#roleType_LongTermDebt" ns2:type="simple" />
    <ns0:roleRef roleURI="http://ferc.gov/form/2020-01-01/roles/Schedule/F1/LongTermDebtSubtotals" ns2:href="form-1-sched-LongTermDebt_2020-01-01.xsd#roleType_LongTermDebtSubtotals" ns2:type="simple" />
    <ns0:roleRef roleURI="http://ferc.gov/form/2020-01-01/roles/Schedule/F1/ScheduleLongTermDebtBonds221" ns2:href="form-1-sched-LongTermDebt_2020-01-01.xsd#roleType_ScheduleLongTermDebtBonds221" ns2:type="simple" />
    <ns0:roleRef roleURI="http://ferc.gov/form/2020-01-01/roles/Schedule/F1/ScheduleLongTermDebtOtherLongTermDebt224" ns2:href="form-1-sched-LongTermDebt_2020-01-01.xsd#roleType_ScheduleLongTermDebtOtherLongTermDebt224" ns2:type="simple" />
    <ns0:roleRef roleURI="http://ferc.gov/form/2020-01-01/roles/label/F1Total" ns2:href="../../ferc-core-lab-roles_2020-01-01.xsd#F1Total" ns2:type="simple" />
    <ns0:presentationLink ns2:role="http://ferc.gov/form/2020-01-01/roles/Schedule/F1/ScheduleLongTermDebtBonds221" ns2:type="extended">
        <ns0:loc ns2:href="../../ferc-core_2020-01-01.xsd#ferc_ScheduleLongTermDebtAbstract" ns2:label="ferc_ScheduleLongTermDebtAbstract" ns2:type="locator" />
        <ns0:loc ns2:href="../../ferc-core_2020-01-01.xsd#ferc_LongTermDebtTable" ns2:label="ferc_LongTermDebtTable" ns2:type="locator" />
        <ns0:presentationArc order="1" ns2:arcrole="http://www.xbrl.org/2003/arcrole/parent-child" ns2:from="ferc_ScheduleLongTermDebtAbstract" ns2:to="ferc_LongTermDebtTable" ns2:type="arc" />
        <ns0:loc ns2:href="../../ferc-core_2020-01-01.xsd#ferc_BondObligationsAxis" ns2:label="ferc_BondObligationsAxis" ns2:type="locator" />
        <ns0:presentationArc order="1" ns2:arcrole="http://www.xbrl.org/2003/arcrole/parent-child" ns2:from="ferc_LongTermDebtTable" ns2:to="ferc_BondObligationsAxis" ns2:type="arc" />
        <ns0:loc ns2:href="../../ferc-core_2020-01-01.xsd#ferc_LongTermDebtLineItems" ns2:label="ferc_LongTermDebtLineItems" ns2:type="locator" />
        <ns0:presentationArc order="2" ns2:arcrole="http://www.xbrl.org/2003/arcrole/parent-child" ns2:from="ferc_LongTermDebtTable" ns2:to="ferc_LongTermDebtLineItems" ns2:type="arc" />
        <ns0:loc ns2:href="../../ferc-core_2020-01-01.xsd#ferc_OrderNumber" ns2:label="ferc_OrderNumber" ns2:type="locator" />
        <ns0:presentationArc order="1" ns2:arcrole="http://www.xbrl.org/2003/arcrole/parent-child" ns2:from="ferc_LongTermDebtLineItems" ns2:to="ferc_OrderNumber" ns2:type="arc" />
        <ns0:loc ns2:href="../../ferc-core_2020-01-01.xsd#ferc_OutstandingBondsAbstract" ns2:label="ferc_OutstandingBondsAbstract" ns2:type="locator" />
        <ns0:presentationArc order="2" preferredLabel="http://ferc.gov/form/2020-01-01/roles/label/F1LongTermDebt" ns2:arcrole="http://www.xbrl.org/2003/arcrole/parent-child" ns2:from="ferc_LongTermDebtLineItems" ns2:to="ferc_OutstandingBondsAbstract" ns2:type="arc" />
        <ns0:loc ns2:href="../../ferc-core_2020-01-01.xsd#ferc_ClassAndSeriesOfObligationCouponRateDescription" ns2:label="ferc_ClassAndSeriesOfObligationCouponRateDescription" ns2:type="locator" />
        <ns0:presentationArc order="1" preferredLabel="http://ferc.gov/form/2020-01-01/roles/label/F1LongTermDebt" ns2:arcrole="http://www.xbrl.org/2003/arcrole/parent-child" ns2:from="ferc_OutstandingBondsAbstract" ns2:to="ferc_ClassAndSeriesOfObligationCouponRateDescription" ns2:type="arc" />
        <ns0:loc ns2:href="../../ferc-core_2020-01-01.xsd#ferc_RelatedAccountNumber" ns2:label="ferc_RelatedAccountNumber" ns2:type="locator" />
        <ns0:presentationArc order="2" preferredLabel="http://ferc.gov/form/2020-01-01/roles/label/F1LongTermDebt" ns2:arcrole="http://www.xbrl.org/2003/arcrole/parent-child" ns2:from="ferc_OutstandingBondsAbstract" ns2:to="ferc_RelatedAccountNumber" ns2:type="arc" />
        <ns0:loc ns2:href="../../ferc-core_2020-01-01.xsd#ferc_BondsPrincipalAmountIssued" ns2:label="ferc_BondsPrincipalAmountIssued" ns2:type="locator" />
        <ns0:presentationArc order="3" preferredLabel="http://ferc.gov/form/2020-01-01/roles/label/F1LongTermDebt" ns2:arcrole="http://www.xbrl.org/2003/arcrole/parent-child" ns2:from="ferc_OutstandingBondsAbstract" ns2:to="ferc_BondsPrincipalAmountIssued" ns2:type="arc" />
        <ns0:loc ns2:href="../../ferc-core_2020-01-01.xsd#ferc_BondIssuanceExpense" ns2:label="ferc_BondIssuanceExpense" ns2:type="locator" />
        <ns0:presentationArc order="4" preferredLabel="http://ferc.gov/form/2020-01-01/roles/label/F1LongTermDebt" ns2:arcrole="http://www.xbrl.org/2003/arcrole/parent-child" ns2:from="ferc_OutstandingBondsAbstract" ns2:to="ferc_BondIssuanceExpense" ns2:type="arc" />
        <ns0:loc ns2:href="../../ferc-core_2020-01-01.xsd#ferc_BondsPremium" ns2:label="ferc_BondsPremium" ns2:type="locator" />
        <ns0:presentationArc order="5" preferredLabel="http://ferc.gov/form/2020-01-01/roles/label/F1LongTermDebt" ns2:arcrole="http://www.xbrl.org/2003/arcrole/parent-child" ns2:from="ferc_OutstandingBondsAbstract" ns2:to="ferc_BondsPremium" ns2:type="arc" />
        <ns0:loc ns2:href="../../ferc-core_2020-01-01.xsd#ferc_BondsDiscount" ns2:label="ferc_BondsDiscount" ns2:type="locator" />
        <ns0:presentationArc order="6" preferredLabel="http://ferc.gov/form/2020-01-01/roles/label/F1LongTermDebt" ns2:arcrole="http://www.xbrl.org/2003/arcrole/parent-child" ns2:from="ferc_OutstandingBondsAbstract" ns2:to="ferc_BondsDiscount" ns2:type="arc" />
        <ns0:loc ns2:href="../../ferc-core_2020-01-01.xsd#ferc_NominalDateOfIssue" ns2:label="ferc_NominalDateOfIssue" ns2:type="locator" />
        <ns0:presentationArc order="7" preferredLabel="http://ferc.gov/form/2020-01-01/roles/label/F1LongTermDebt" ns2:arcrole="http://www.xbrl.org/2003/arcrole/parent-child" ns2:from="ferc_OutstandingBondsAbstract" ns2:to="ferc_NominalDateOfIssue" ns2:type="arc" />
        <ns0:loc ns2:href="../../ferc-core_2020-01-01.xsd#ferc_DateOfMaturity" ns2:label="ferc_DateOfMaturity" ns2:type="locator" />
        <ns0:presentationArc order="8" preferredLabel="http://ferc.gov/form/2020-01-01/roles/label/F1LongTermDebt" ns2:arcrole="http://www.xbrl.org/2003/arcrole/parent-child" ns2:from="ferc_OutstandingBondsAbstract" ns2:to="ferc_DateOfMaturity" ns2:type="arc" />
        <ns0:loc ns2:href="../../ferc-core_2020-01-01.xsd#ferc_AmortizationPeriodStartDate" ns2:label="ferc_AmortizationPeriodStartDate" ns2:type="locator" />
        <ns0:presentationArc order="9" preferredLabel="http://ferc.gov/form/2020-01-01/roles/label/F1LongTermDebt" ns2:arcrole="http://www.xbrl.org/2003/arcrole/parent-child" ns2:from="ferc_OutstandingBondsAbstract" ns2:to="ferc_AmortizationPeriodStartDate" ns2:type="arc" />
        <ns0:loc ns2:href="../../ferc-core_2020-01-01.xsd#ferc_AmortizationPeriodEndDate" ns2:label="ferc_AmortizationPeriodEndDate" ns2:type="locator" />
        <ns0:presentationArc order="10" preferredLabel="http://ferc.gov/form/2020-01-01/roles/label/F1LongTermDebt" ns2:arcrole="http://www.xbrl.org/2003/arcrole/parent-child" ns2:from="ferc_OutstandingBondsAbstract" ns2:to="ferc_AmortizationPeriodEndDate" ns2:type="arc" />
        <ns0:loc ns2:href="../../ferc-core_2020-01-01.xsd#ferc_Bonds" ns2:label="ferc_Bonds" ns2:type="locator" />
        <ns0:presentationArc order="11" preferredLabel="http://ferc.gov/form/2020-01-01/roles/label/F1LongTermDebt" ns2:arcrole="http://www.xbrl.org/2003/arcrole/parent-child" ns2:from="ferc_OutstandingBondsAbstract" ns2:to="ferc_Bonds" ns2:type="arc" />
        <ns0:loc ns2:href="../../ferc-core_2020-01-01.xsd#ferc_InterestExpenseBonds" ns2:label="ferc_InterestExpenseBonds" ns2:type="locator" />
        <ns0:presentationArc order="12" preferredLabel="http://ferc.gov/form/2020-01-01/roles/label/F1LongTermDebt" ns2:arcrole="http://www.xbrl.org/2003/arcrole/parent-child" ns2:from="ferc_OutstandingBondsAbstract" ns2:to="ferc_InterestExpenseBonds" ns2:type="arc" />
    </ns0:presentationLink>
    <ns0:presentationLink ns2:role="http://ferc.gov/form/2020-01-01/roles/Schedule/F1/ScheduleLongTermDebtReacquiredBonds222" ns2:type="extended">
        <ns0:loc ns2:href="../../ferc-core_2020-01-01.xsd#ferc_ScheduleLongTermDebtAbstract" ns2:label="ferc_ScheduleLongTermDebtAbstract" ns2:type="locator" />
        <ns0:loc ns2:href="../../ferc-core_2020-01-01.xsd#ferc_LongTermDebtTable" ns2:label="ferc_LongTermDebtTable" ns2:type="locator" />
        <ns0:presentationArc order="1" ns2:arcrole="http://www.xbrl.org/2003/arcrole/parent-child" ns2:from="ferc_ScheduleLongTermDebtAbstract" ns2:to="ferc_LongTermDebtTable" ns2:type="arc" />
        <ns0:loc ns2:href="../../ferc-core_2020-01-01.xsd#ferc_ReAcquiredBondObligationsAxis" ns2:label="ferc_ReAcquiredBondObligationsAxis" ns2:type="locator" />
        <ns0:presentationArc order="1" ns2:arcrole="http://www.xbrl.org/2003/arcrole/parent-child" ns2:from="ferc_LongTermDebtTable" ns2:to="ferc_ReAcquiredBondObligationsAxis" ns2:type="arc" />
        <ns0:loc ns2:href="../../ferc-core_2020-01-01.xsd#ferc_LongTermDebtLineItems" ns2:label="ferc_LongTermDebtLineItems" ns2:type="locator" />
        <ns0:presentationArc order="2" ns2:arcrole="http://www.xbrl.org/2003/arcrole/parent-child" ns2:from="ferc_LongTermDebtTable" ns2:to="ferc_LongTermDebtLineItems" ns2:type="arc" />
        <ns0:loc ns2:href="../../ferc-core_2020-01-01.xsd#ferc_OrderNumber" ns2:label="ferc_OrderNumber" ns2:type="locator" />
        <ns0:presentationArc order="1" ns2:arcrole="http://www.xbrl.org/2003/arcrole/parent-child" ns2:from="ferc_LongTermDebtLineItems" ns2:to="ferc_OrderNumber" ns2:type="arc" />
        <ns0:loc ns2:href="../../ferc-core_2020-01-01.xsd#ferc_OutstandingReacquiredBondsAbstract" ns2:label="ferc_OutstandingReacquiredBondsAbstract" ns2:type="locator" />
        <ns0:presentationArc order="2" preferredLabel="http://ferc.gov/form/2020-01-01/roles/label/F1LongTermDebt" ns2:arcrole="http://www.xbrl.org/2003/arcrole/parent-child" ns2:from="ferc_LongTermDebtLineItems" ns2:to="ferc_OutstandingReacquiredBondsAbstract" ns2:type="arc" />
        <ns0:loc ns2:href="../../ferc-core_2020-01-01.xsd#ferc_ClassAndSeriesOfObligationCouponRateDescription" ns2:label="ferc_ClassAndSeriesOfObligationCouponRateDescription" ns2:type="locator" />
        <ns0:presentationArc order="1" preferredLabel="http://ferc.gov/form/2020-01-01/roles/label/F1LongTermDebt" ns2:arcrole="http://www.xbrl.org/2003/arcrole/parent-child" ns2:from="ferc_OutstandingReacquiredBondsAbstract" ns2:to="ferc_ClassAndSeriesOfObligationCouponRateDescription" ns2:type="arc" />
        <ns0:loc ns2:href="../../ferc-core_2020-01-01.xsd#ferc_RelatedAccountNumber" ns2:label="ferc_RelatedAccountNumber" ns2:type="locator" />
        <ns0:presentationArc order="2" preferredLabel="http://ferc.gov/form/2020-01-01/roles/label/F1LongTermDebt" ns2:arcrole="http://www.xbrl.org/2003/arcrole/parent-child" ns2:from="ferc_OutstandingReacquiredBondsAbstract" ns2:to="ferc_RelatedAccountNumber" ns2:type="arc" />
        <ns0:loc ns2:href="../../ferc-core_2020-01-01.xsd#ferc_ReacquiredBondsPrincipalAmount" ns2:label="ferc_ReacquiredBondsPrincipalAmount" ns2:type="locator" />
        <ns0:presentationArc order="3" preferredLabel="http://ferc.gov/form/2020-01-01/roles/label/F1LongTermDebt" ns2:arcrole="http://www.xbrl.org/2003/arcrole/parent-child" ns2:from="ferc_OutstandingReacquiredBondsAbstract" ns2:to="ferc_ReacquiredBondsPrincipalAmount" ns2:type="arc" />
        <ns0:loc ns2:href="../../ferc-core_2020-01-01.xsd#ferc_ReacquiredBondsIssuanceExpense" ns2:label="ferc_ReacquiredBondsIssuanceExpense" ns2:type="locator" />
        <ns0:presentationArc order="4" preferredLabel="http://ferc.gov/form/2020-01-01/roles/label/F1LongTermDebt" ns2:arcrole="http://www.xbrl.org/2003/arcrole/parent-child" ns2:from="ferc_OutstandingReacquiredBondsAbstract" ns2:to="ferc_ReacquiredBondsIssuanceExpense" ns2:type="arc" />
        <ns0:loc ns2:href="../../ferc-core_2020-01-01.xsd#ferc_ReaquiredBondsPremium" ns2:label="ferc_ReaquiredBondsPremium" ns2:type="locator" />
        <ns0:presentationArc order="5" preferredLabel="http://ferc.gov/form/2020-01-01/roles/label/F1LongTermDebt" ns2:arcrole="http://www.xbrl.org/2003/arcrole/parent-child" ns2:from="ferc_OutstandingReacquiredBondsAbstract" ns2:to="ferc_ReaquiredBondsPremium" ns2:type="arc" />
        <ns0:loc ns2:href="../../ferc-core_2020-01-01.xsd#ferc_ReaquiredBondsDiscount" ns2:label="ferc_ReaquiredBondsDiscount" ns2:type="locator" />
        <ns0:presentationArc order="6" preferredLabel="http://ferc.gov/form/2020-01-01/roles/label/F1LongTermDebt" ns2:arcrole="http://www.xbrl.org/2003/arcrole/parent-child" ns2:from="ferc_OutstandingReacquiredBondsAbstract" ns2:to="ferc_ReaquiredBondsDiscount" ns2:type="arc" />
        <ns0:loc ns2:href="../../ferc-core_2020-01-01.xsd#ferc_NominalDateOfIssue" ns2:label="ferc_NominalDateOfIssue" ns2:type="locator" />
        <ns0:presentationArc order="7" preferredLabel="http://ferc.gov/form/2020-01-01/roles/label/F1LongTermDebt" ns2:arcrole="http://www.xbrl.org/2003/arcrole/parent-child" ns2:from="ferc_OutstandingReacquiredBondsAbstract" ns2:to="ferc_NominalDateOfIssue" ns2:type="arc" />
        <ns0:loc ns2:href="../../ferc-core_2020-01-01.xsd#ferc_DateOfMaturity" ns2:label="ferc_DateOfMaturity" ns2:type="locator" />
        <ns0:presentationArc order="8" preferredLabel="http://ferc.gov/form/2020-01-01/roles/label/F1LongTermDebt" ns2:arcrole="http://www.xbrl.org/2003/arcrole/parent-child" ns2:from="ferc_OutstandingReacquiredBondsAbstract" ns2:to="ferc_DateOfMaturity" ns2:type="arc" />
        <ns0:loc ns2:href="../../ferc-core_2020-01-01.xsd#ferc_AmortizationPeriodStartDate" ns2:label="ferc_AmortizationPeriodStartDate" ns2:type="locator" />
        <ns0:presentationArc order="9" preferredLabel="http://ferc.gov/form/2020-01-01/roles/label/F1LongTermDebt" ns2:arcrole="http://www.xbrl.org/2003/arcrole/parent-child" ns2:from="ferc_OutstandingReacquiredBondsAbstract" ns2:to="ferc_AmortizationPeriodStartDate" ns2:type="arc" />
        <ns0:loc ns2:href="../../ferc-core_2020-01-01.xsd#ferc_AmortizationPeriodEndDate" ns2:label="ferc_AmortizationPeriodEndDate" ns2:type="locator" />
        <ns0:presentationArc order="10" preferredLabel="http://ferc.gov/form/2020-01-01/roles/label/F1LongTermDebt" ns2:arcrole="http://www.xbrl.org/2003/arcrole/parent-child" ns2:from="ferc_OutstandingReacquiredBondsAbstract" ns2:to="ferc_AmortizationPeriodEndDate" ns2:type="arc" />
        <ns0:loc ns2:href="../../ferc-core_2020-01-01.xsd#ferc_ReacquiredBonds" ns2:label="ferc_ReacquiredBonds" ns2:type="locator" />
        <ns0:presentationArc order="11" preferredLabel="http://ferc.gov/form/2020-01-01/roles/label/F1LongTermDebt" ns2:arcrole="http://www.xbrl.org/2003/arcrole/parent-child" ns2:from="ferc_OutstandingReacquiredBondsAbstract" ns2:to="ferc_ReacquiredBonds" ns2:type="arc" />
        <ns0:loc ns2:href="../../ferc-core_2020-01-01.xsd#ferc_InterestExpenseReacquiredBonds" ns2:label="ferc_InterestExpenseReacquiredBonds" ns2:type="locator" />
        <ns0:presentationArc order="12" preferredLabel="http://ferc.gov/form/2020-01-01/roles/label/F1LongTermDebt" ns2:arcrole="http://www.xbrl.org/2003/arcrole/parent-child" ns2:from="ferc_OutstandingReacquiredBondsAbstract" ns2:to="ferc_InterestExpenseReacquiredBonds" ns2:type="arc" />
    </ns0:presentationLink>
    <ns0:presentationLink ns2:role="http://ferc.gov/form/2020-01-01/roles/Schedule/F1/ScheduleLongTermDebtAdvancesfromAssociatedCompanies223" ns2:type="extended">
        <ns0:loc ns2:href="../../ferc-core_2020-01-01.xsd#ferc_ScheduleLongTermDebtAbstract" ns2:label="ferc_ScheduleLongTermDebtAbstract" ns2:type="locator" />
        <ns0:loc ns2:href="../../ferc-core_2020-01-01.xsd#ferc_LongTermDebtTable" ns2:label="ferc_LongTermDebtTable" ns2:type="locator" />
        <ns0:presentationArc order="1" ns2:arcrole="http://www.xbrl.org/2003/arcrole/parent-child" ns2:from="ferc_ScheduleLongTermDebtAbstract" ns2:to="ferc_LongTermDebtTable" ns2:type="arc" />
        <ns0:loc ns2:href="../../ferc-core_2020-01-01.xsd#ferc_AdvancesFromAssociatedCompaniesAxis" ns2:label="ferc_AdvancesFromAssociatedCompaniesAxis" ns2:type="locator" />
        <ns0:presentationArc order="1" ns2:arcrole="http://www.xbrl.org/2003/arcrole/parent-child" ns2:from="ferc_LongTermDebtTable" ns2:to="ferc_AdvancesFromAssociatedCompaniesAxis" ns2:type="arc" />
        <ns0:loc ns2:href="../../ferc-core_2020-01-01.xsd#ferc_LongTermDebtLineItems" ns2:label="ferc_LongTermDebtLineItems" ns2:type="locator" />
        <ns0:presentationArc order="2" ns2:arcrole="http://www.xbrl.org/2003/arcrole/parent-child" ns2:from="ferc_LongTermDebtTable" ns2:to="ferc_LongTermDebtLineItems" ns2:type="arc" />
        <ns0:loc ns2:href="../../ferc-core_2020-01-01.xsd#ferc_OrderNumber" ns2:label="ferc_OrderNumber" ns2:type="locator" />
        <ns0:presentationArc order="1" ns2:arcrole="http://www.xbrl.org/2003/arcrole/parent-child" ns2:from="ferc_LongTermDebtLineItems" ns2:to="ferc_OrderNumber" ns2:type="arc" />
        <ns0:loc ns2:href="../../ferc-core_2020-01-01.xsd#ferc_OutstandingDebtAdvancesFromAssociatedCompaniesAbstract" ns2:label="ferc_OutstandingDebtAdvancesFromAssociatedCompaniesAbstract" ns2:type="locator" />
        <ns0:presentationArc order="2" preferredLabel="http://ferc.gov/form/2020-01-01/roles/label/F1LongTermDebt" ns2:arcrole="http://www.xbrl.org/2003/arcrole/parent-child" ns2:from="ferc_LongTermDebtLineItems" ns2:to="ferc_OutstandingDebtAdvancesFromAssociatedCompaniesAbstract" ns2:type="arc" />
        <ns0:loc ns2:href="../../ferc-core_2020-01-01.xsd#ferc_ClassAndSeriesOfObligationCouponRateDescription" ns2:label="ferc_ClassAndSeriesOfObligationCouponRateDescription" ns2:type="locator" />
        <ns0:presentationArc order="1" preferredLabel="http://ferc.gov/form/2020-01-01/roles/label/F1LongTermDebt" ns2:arcrole="http://www.xbrl.org/2003/arcrole/parent-child" ns2:from="ferc_OutstandingDebtAdvancesFromAssociatedCompaniesAbstract" ns2:to="ferc_ClassAndSeriesOfObligationCouponRateDescription" ns2:type="arc" />
        <ns0:loc ns2:href="../../ferc-core_2020-01-01.xsd#ferc_RelatedAccountNumber" ns2:label="ferc_RelatedAccountNumber" ns2:type="locator" />
        <ns0:presentationArc order="2" preferredLabel="http://ferc.gov/form/2020-01-01/roles/label/F1LongTermDebt" ns2:arcrole="http://www.xbrl.org/2003/arcrole/parent-child" ns2:from="ferc_OutstandingDebtAdvancesFromAssociatedCompaniesAbstract" ns2:to="ferc_RelatedAccountNumber" ns2:type="arc" />
        <ns0:loc ns2:href="../../ferc-core_2020-01-01.xsd#ferc_AdvancesFromAssociatedCompaniesPrincipalAmountIssued" ns2:label="ferc_AdvancesFromAssociatedCompaniesPrincipalAmountIssued" ns2:type="locator" />
        <ns0:presentationArc order="3" preferredLabel="http://ferc.gov/form/2020-01-01/roles/label/F1LongTermDebt" ns2:arcrole="http://www.xbrl.org/2003/arcrole/parent-child" ns2:from="ferc_OutstandingDebtAdvancesFromAssociatedCompaniesAbstract" ns2:to="ferc_AdvancesFromAssociatedCompaniesPrincipalAmountIssued" ns2:type="arc" />
        <ns0:loc ns2:href="../../ferc-core_2020-01-01.xsd#ferc_AdvancesFromAssociatedCompaniesIssuanceExpense" ns2:label="ferc_AdvancesFromAssociatedCompaniesIssuanceExpense" ns2:type="locator" />
        <ns0:presentationArc order="4" preferredLabel="http://ferc.gov/form/2020-01-01/roles/label/F1LongTermDebt" ns2:arcrole="http://www.xbrl.org/2003/arcrole/parent-child" ns2:from="ferc_OutstandingDebtAdvancesFromAssociatedCompaniesAbstract" ns2:to="ferc_AdvancesFromAssociatedCompaniesIssuanceExpense" ns2:type="arc" />
        <ns0:loc ns2:href="../../ferc-core_2020-01-01.xsd#ferc_AdvancesFromAssociatedCompaniesPremium" ns2:label="ferc_AdvancesFromAssociatedCompaniesPremium" ns2:type="locator" />
        <ns0:presentationArc order="5" preferredLabel="http://ferc.gov/form/2020-01-01/roles/label/F1LongTermDebt" ns2:arcrole="http://www.xbrl.org/2003/arcrole/parent-child" ns2:from="ferc_OutstandingDebtAdvancesFromAssociatedCompaniesAbstract" ns2:to="ferc_AdvancesFromAssociatedCompaniesPremium" ns2:type="arc" />
        <ns0:loc ns2:href="../../ferc-core_2020-01-01.xsd#ferc_AdvancesFromAssociatedCompaniesDiscount" ns2:label="ferc_AdvancesFromAssociatedCompaniesDiscount" ns2:type="locator" />
        <ns0:presentationArc order="6" preferredLabel="http://ferc.gov/form/2020-01-01/roles/label/F1LongTermDebt" ns2:arcrole="http://www.xbrl.org/2003/arcrole/parent-child" ns2:from="ferc_OutstandingDebtAdvancesFromAssociatedCompaniesAbstract" ns2:to="ferc_AdvancesFromAssociatedCompaniesDiscount" ns2:type="arc" />
        <ns0:loc ns2:href="../../ferc-core_2020-01-01.xsd#ferc_NominalDateOfIssue" ns2:label="ferc_NominalDateOfIssue" ns2:type="locator" />
        <ns0:presentationArc order="7" preferredLabel="http://ferc.gov/form/2020-01-01/roles/label/F1LongTermDebt" ns2:arcrole="http://www.xbrl.org/2003/arcrole/parent-child" ns2:from="ferc_OutstandingDebtAdvancesFromAssociatedCompaniesAbstract" ns2:to="ferc_NominalDateOfIssue" ns2:type="arc" />
        <ns0:loc ns2:href="../../ferc-core_2020-01-01.xsd#ferc_DateOfMaturity" ns2:label="ferc_DateOfMaturity" ns2:type="locator" />
        <ns0:presentationArc order="8" preferredLabel="http://ferc.gov/form/2020-01-01/roles/label/F1LongTermDebt" ns2:arcrole="http://www.xbrl.org/2003/arcrole/parent-child" ns2:from="ferc_OutstandingDebtAdvancesFromAssociatedCompaniesAbstract" ns2:to="ferc_DateOfMaturity" ns2:type="arc" />
        <ns0:loc ns2:href="../../ferc-core_2020-01-01.xsd#ferc_AmortizationPeriodStartDate" ns2:label="ferc_AmortizationPeriodStartDate" ns2:type="locator" />
        <ns0:presentationArc order="9" preferredLabel="http://ferc.gov/form/2020-01-01/roles/label/F1LongTermDebt" ns2:arcrole="http://www.xbrl.org/2003/arcrole/parent-child" ns2:from="ferc_OutstandingDebtAdvancesFromAssociatedCompaniesAbstract" ns2:to="ferc_AmortizationPeriodStartDate" ns2:type="arc" />
        <ns0:loc ns2:href="../../ferc-core_2020-01-01.xsd#ferc_AmortizationPeriodEndDate" ns2:label="ferc_AmortizationPeriodEndDate" ns2:type="locator" />
        <ns0:presentationArc order="10" preferredLabel="http://ferc.gov/form/2020-01-01/roles/label/F1LongTermDebt" ns2:arcrole="http://www.xbrl.org/2003/arcrole/parent-child" ns2:from="ferc_OutstandingDebtAdvancesFromAssociatedCompaniesAbstract" ns2:to="ferc_AmortizationPeriodEndDate" ns2:type="arc" />
        <ns0:loc ns2:href="../../ferc-core_2020-01-01.xsd#ferc_AdvancesFromAssociatedCompanies" ns2:label="ferc_AdvancesFromAssociatedCompanies" ns2:type="locator" />
        <ns0:presentationArc order="11" preferredLabel="http://ferc.gov/form/2020-01-01/roles/label/F1LongTermDebt" ns2:arcrole="http://www.xbrl.org/2003/arcrole/parent-child" ns2:from="ferc_OutstandingDebtAdvancesFromAssociatedCompaniesAbstract" ns2:to="ferc_AdvancesFromAssociatedCompanies" ns2:type="arc" />
        <ns0:loc ns2:href="../../ferc-core_2020-01-01.xsd#ferc_InterestExpenseDebtAdvancesFromAssociatedCompanies" ns2:label="ferc_InterestExpenseDebtAdvancesFromAssociatedCompanies" ns2:type="locator" />
        <ns0:presentationArc order="12" preferredLabel="http://ferc.gov/form/2020-01-01/roles/label/F1LongTermDebt" ns2:arcrole="http://www.xbrl.org/2003/arcrole/parent-child" ns2:from="ferc_OutstandingDebtAdvancesFromAssociatedCompaniesAbstract" ns2:to="ferc_InterestExpenseDebtAdvancesFromAssociatedCompanies" ns2:type="arc" />
    </ns0:presentationLink>
    <ns0:presentationLink ns2:role="http://ferc.gov/form/2020-01-01/roles/Schedule/F1/ScheduleLongTermDebtOtherLongTermDebt224" ns2:type="extended">
        <ns0:loc ns2:href="../../ferc-core_2020-01-01.xsd#ferc_ScheduleLongTermDebtAbstract" ns2:label="ferc_ScheduleLongTermDebtAbstract" ns2:type="locator" />
        <ns0:loc ns2:href="../../ferc-core_2020-01-01.xsd#ferc_LongTermDebtTable" ns2:label="ferc_LongTermDebtTable" ns2:type="locator" />
        <ns0:presentationArc order="1" ns2:arcrole="http://www.xbrl.org/2003/arcrole/parent-child" ns2:from="ferc_ScheduleLongTermDebtAbstract" ns2:to="ferc_LongTermDebtTable" ns2:type="arc" />
        <ns0:loc ns2:href="../../ferc-core_2020-01-01.xsd#ferc_OtherLongTermDebtAxis" ns2:label="ferc_OtherLongTermDebtAxis" ns2:type="locator" />
        <ns0:presentationArc order="1" ns2:arcrole="http://www.xbrl.org/2003/arcrole/parent-child" ns2:from="ferc_LongTermDebtTable" ns2:to="ferc_OtherLongTermDebtAxis" ns2:type="arc" />
        <ns0:loc ns2:href="../../ferc-core_2020-01-01.xsd#ferc_LongTermDebtLineItems" ns2:label="ferc_LongTermDebtLineItems" ns2:type="locator" />
        <ns0:presentationArc order="2" ns2:arcrole="http://www.xbrl.org/2003/arcrole/parent-child" ns2:from="ferc_LongTermDebtTable" ns2:to="ferc_LongTermDebtLineItems" ns2:type="arc" />
        <ns0:loc ns2:href="../../ferc-core_2020-01-01.xsd#ferc_OrderNumber" ns2:label="ferc_OrderNumber" ns2:type="locator" />
        <ns0:presentationArc order="1" ns2:arcrole="http://www.xbrl.org/2003/arcrole/parent-child" ns2:from="ferc_LongTermDebtLineItems" ns2:to="ferc_OrderNumber" ns2:type="arc" />
        <ns0:loc ns2:href="../../ferc-core_2020-01-01.xsd#ferc_OtherLongTermDebtAbstract" ns2:label="ferc_OtherLongTermDebtAbstract" ns2:type="locator" />
        <ns0:presentationArc order="2" preferredLabel="http://ferc.gov/form/2020-01-01/roles/label/F1LongTermDebt" ns2:arcrole="http://www.xbrl.org/2003/arcrole/parent-child" ns2:from="ferc_LongTermDebtLineItems" ns2:to="ferc_OtherLongTermDebtAbstract" ns2:type="arc" />
        <ns0:loc ns2:href="../../ferc-core_2020-01-01.xsd#ferc_ClassAndSeriesOfObligationCouponRateDescription" ns2:label="ferc_ClassAndSeriesOfObligationCouponRateDescription" ns2:type="locator" />
        <ns0:presentationArc order="1" preferredLabel="http://ferc.gov/form/2020-01-01/roles/label/F1LongTermDebt" ns2:arcrole="http://www.xbrl.org/2003/arcrole/parent-child" ns2:from="ferc_OtherLongTermDebtAbstract" ns2:to="ferc_ClassAndSeriesOfObligationCouponRateDescription" ns2:type="arc" />
        <ns0:loc ns2:href="../../ferc-core_2020-01-01.xsd#ferc_RelatedAccountNumber" ns2:label="ferc_RelatedAccountNumber" ns2:type="locator" />
        <ns0:presentationArc order="2" preferredLabel="http://ferc.gov/form/2020-01-01/roles/label/F1LongTermDebt" ns2:arcrole="http://www.xbrl.org/2003/arcrole/parent-child" ns2:from="ferc_OtherLongTermDebtAbstract" ns2:to="ferc_RelatedAccountNumber" ns2:type="arc" />
        <ns0:loc ns2:href="../../ferc-core_2020-01-01.xsd#ferc_OtherLongTermDebtPrincipalAmountIssued" ns2:label="ferc_OtherLongTermDebtPrincipalAmountIssued" ns2:type="locator" />
        <ns0:presentationArc order="3" preferredLabel="http://ferc.gov/form/2020-01-01/roles/label/F1LongTermDebt" ns2:arcrole="http://www.xbrl.org/2003/arcrole/parent-child" ns2:from="ferc_OtherLongTermDebtAbstract" ns2:to="ferc_OtherLongTermDebtPrincipalAmountIssued" ns2:type="arc" />
        <ns0:loc ns2:href="../../ferc-core_2020-01-01.xsd#ferc_OtherLongTermDebtIssuanceExpense" ns2:label="ferc_OtherLongTermDebtIssuanceExpense" ns2:type="locator" />
        <ns0:presentationArc order="4" preferredLabel="http://ferc.gov/form/2020-01-01/roles/label/F1LongTermDebt" ns2:arcrole="http://www.xbrl.org/2003/arcrole/parent-child" ns2:from="ferc_OtherLongTermDebtAbstract" ns2:to="ferc_OtherLongTermDebtIssuanceExpense" ns2:type="arc" />
        <ns0:loc ns2:href="../../ferc-core_2020-01-01.xsd#ferc_OtherLongTermDebtPremium" ns2:label="ferc_OtherLongTermDebtPremium" ns2:type="locator" />
        <ns0:presentationArc order="5" preferredLabel="http://ferc.gov/form/2020-01-01/roles/label/F1LongTermDebt" ns2:arcrole="http://www.xbrl.org/2003/arcrole/parent-child" ns2:from="ferc_OtherLongTermDebtAbstract" ns2:to="ferc_OtherLongTermDebtPremium" ns2:type="arc" />
        <ns0:loc ns2:href="../../ferc-core_2020-01-01.xsd#ferc_OtherLongTermDebtDiscount" ns2:label="ferc_OtherLongTermDebtDiscount" ns2:type="locator" />
        <ns0:presentationArc order="6" preferredLabel="http://ferc.gov/form/2020-01-01/roles/label/F1LongTermDebt" ns2:arcrole="http://www.xbrl.org/2003/arcrole/parent-child" ns2:from="ferc_OtherLongTermDebtAbstract" ns2:to="ferc_OtherLongTermDebtDiscount" ns2:type="arc" />
        <ns0:loc ns2:href="../../ferc-core_2020-01-01.xsd#ferc_NominalDateOfIssue" ns2:label="ferc_NominalDateOfIssue" ns2:type="locator" />
        <ns0:presentationArc order="7" preferredLabel="http://ferc.gov/form/2020-01-01/roles/label/F1LongTermDebt" ns2:arcrole="http://www.xbrl.org/2003/arcrole/parent-child" ns2:from="ferc_OtherLongTermDebtAbstract" ns2:to="ferc_NominalDateOfIssue" ns2:type="arc" />
        <ns0:loc ns2:href="../../ferc-core_2020-01-01.xsd#ferc_DateOfMaturity" ns2:label="ferc_DateOfMaturity" ns2:type="locator" />
        <ns0:presentationArc order="8" preferredLabel="http://ferc.gov/form/2020-01-01/roles/label/F1LongTermDebt" ns2:arcrole="http://www.xbrl.org/2003/arcrole/parent-child" ns2:from="ferc_OtherLongTermDebtAbstract" ns2:to="ferc_DateOfMaturity" ns2:type="arc" />
        <ns0:loc ns2:href="../../ferc-core_2020-01-01.xsd#ferc_AmortizationPeriodStartDate" ns2:label="ferc_AmortizationPeriodStartDate" ns2:type="locator" />
        <ns0:presentationArc order="9" preferredLabel="http://ferc.gov/form/2020-01-01/roles/label/F1LongTermDebt" ns2:arcrole="http://www.xbrl.org/2003/arcrole/parent-child" ns2:from="ferc_OtherLongTermDebtAbstract" ns2:to="ferc_AmortizationPeriodStartDate" ns2:type="arc" />
        <ns0:loc ns2:href="../../ferc-core_2020-01-01.xsd#ferc_AmortizationPeriodEndDate" ns2:label="ferc_AmortizationPeriodEndDate" ns2:type="locator" />
        <ns0:presentationArc order="10" preferredLabel="http://ferc.gov/form/2020-01-01/roles/label/F1LongTermDebt" ns2:arcrole="http://www.xbrl.org/2003/arcrole/parent-child" ns2:from="ferc_OtherLongTermDebtAbstract" ns2:to="ferc_AmortizationPeriodEndDate" ns2:type="arc" />
        <ns0:loc ns2:href="../../ferc-core_2020-01-01.xsd#ferc_OtherLongTermDebt" ns2:label="ferc_OtherLongTermDebt" ns2:type="locator" />
        <ns0:presentationArc order="11" preferredLabel="http://ferc.gov/form/2020-01-01/roles/label/F1LongTermDebt" ns2:arcrole="http://www.xbrl.org/2003/arcrole/parent-child" ns2:from="ferc_OtherLongTermDebtAbstract" ns2:to="ferc_OtherLongTermDebt" ns2:type="arc" />
        <ns0:loc ns2:href="../../ferc-core_2020-01-01.xsd#ferc_InterestExpenseOtherLongTermDebt" ns2:label="ferc_InterestExpenseOtherLongTermDebt" ns2:type="locator" />
        <ns0:presentationArc order="12" preferredLabel="http://ferc.gov/form/2020-01-01/roles/label/F1LongTermDebt" ns2:arcrole="http://www.xbrl.org/2003/arcrole/parent-child" ns2:from="ferc_OtherLongTermDebtAbstract" ns2:to="ferc_InterestExpenseOtherLongTermDebt" ns2:type="arc" />
    </ns0:presentationLink>
    <ns0:presentationLink ns2:role="http://ferc.gov/form/2020-01-01/roles/Schedule/F1/LongTermDebtSubtotals" ns2:type="extended">
        <ns0:loc ns2:href="../../ferc-core_2020-01-01.xsd#ferc_ScheduleLongTermDebtAbstract" ns2:label="ferc_ScheduleLongTermDebtAbstract" ns2:type="locator" />
        <ns0:loc ns2:href="../../ferc-core_2020-01-01.xsd#ferc_LongTermDebtTable" ns2:label="ferc_LongTermDebtTable" ns2:type="locator" />
        <ns0:presentationArc order="1" ns2:arcrole="http://www.xbrl.org/2003/arcrole/parent-child" ns2:from="ferc_ScheduleLongTermDebtAbstract" ns2:to="ferc_LongTermDebtTable" ns2:type="arc" />
        <ns0:loc ns2:href="../../ferc-core_2020-01-01.xsd#ferc_LongTermDebtLineItems" ns2:label="ferc_LongTermDebtLineItems" ns2:type="locator" />
        <ns0:presentationArc order="1" ns2:arcrole="http://www.xbrl.org/2003/arcrole/parent-child" ns2:from="ferc_LongTermDebtTable" ns2:to="ferc_LongTermDebtLineItems" ns2:type="arc" />
        <ns0:loc ns2:href="../../ferc-core_2020-01-01.xsd#ferc_BondsPrincipalAmountIssued" ns2:label="ferc_BondsPrincipalAmountIssued" ns2:type="locator" />
        <ns0:presentationArc order="1" preferredLabel="http://ferc.gov/form/2020-01-01/roles/label/F1Total" ns2:arcrole="http://www.xbrl.org/2003/arcrole/parent-child" ns2:from="ferc_LongTermDebtLineItems" ns2:to="ferc_BondsPrincipalAmountIssued" ns2:type="arc" />
        <ns0:loc ns2:href="../../ferc-core_2020-01-01.xsd#ferc_BondIssuanceExpense" ns2:label="ferc_BondIssuanceExpense" ns2:type="locator" />
        <ns0:presentationArc order="2" preferredLabel="http://ferc.gov/form/2020-01-01/roles/label/F1Total" ns2:arcrole="http://www.xbrl.org/2003/arcrole/parent-child" ns2:from="ferc_LongTermDebtLineItems" ns2:to="ferc_BondIssuanceExpense" ns2:type="arc" />
        <ns0:loc ns2:href="../../ferc-core_2020-01-01.xsd#ferc_BondsPremium" ns2:label="ferc_BondsPremium" ns2:type="locator" />
        <ns0:presentationArc order="3" preferredLabel="http://ferc.gov/form/2020-01-01/roles/label/F1Total" ns2:arcrole="http://www.xbrl.org/2003/arcrole/parent-child" ns2:from="ferc_LongTermDebtLineItems" ns2:to="ferc_BondsPremium" ns2:type="arc" />
        <ns0:loc ns2:href="../../ferc-core_2020-01-01.xsd#ferc_BondsDiscount" ns2:label="ferc_BondsDiscount" ns2:type="locator" />
        <ns0:presentationArc order="4" preferredLabel="http://ferc.gov/form/2020-01-01/roles/label/F1Total" ns2:arcrole="http://www.xbrl.org/2003/arcrole/parent-child" ns2:from="ferc_LongTermDebtLineItems" ns2:to="ferc_BondsDiscount" ns2:type="arc" />
        <ns0:loc ns2:href="../../ferc-core_2020-01-01.xsd#ferc_Bonds" ns2:label="ferc_Bonds" ns2:type="locator" />
        <ns0:presentationArc order="5" preferredLabel="http://ferc.gov/form/2020-01-01/roles/label/F1Total" ns2:arcrole="http://www.xbrl.org/2003/arcrole/parent-child" ns2:from="ferc_LongTermDebtLineItems" ns2:to="ferc_Bonds" ns2:type="arc" />
        <ns0:loc ns2:href="../../ferc-core_2020-01-01.xsd#ferc_InterestExpenseBonds" ns2:label="ferc_InterestExpenseBonds" ns2:type="locator" />
        <ns0:presentationArc order="6" preferredLabel="http://ferc.gov/form/2020-01-01/roles/label/F1Total" ns2:arcrole="http://www.xbrl.org/2003/arcrole/parent-child" ns2:from="ferc_LongTermDebtLineItems" ns2:to="ferc_InterestExpenseBonds" ns2:type="arc" />
        <ns0:loc ns2:href="../../ferc-core_2020-01-01.xsd#ferc_ReacquiredBondsPrincipalAmount" ns2:label="ferc_ReacquiredBondsPrincipalAmount" ns2:type="locator" />
        <ns0:presentationArc order="7" preferredLabel="http://ferc.gov/form/2020-01-01/roles/label/F1Total" ns2:arcrole="http://www.xbrl.org/2003/arcrole/parent-child" ns2:from="ferc_LongTermDebtLineItems" ns2:to="ferc_ReacquiredBondsPrincipalAmount" ns2:type="arc" />
        <ns0:loc ns2:href="../../ferc-core_2020-01-01.xsd#ferc_ReacquiredBondsIssuanceExpense" ns2:label="ferc_ReacquiredBondsIssuanceExpense" ns2:type="locator" />
        <ns0:presentationArc order="8" preferredLabel="http://ferc.gov/form/2020-01-01/roles/label/F1Total" ns2:arcrole="http://www.xbrl.org/2003/arcrole/parent-child" ns2:from="ferc_LongTermDebtLineItems" ns2:to="ferc_ReacquiredBondsIssuanceExpense" ns2:type="arc" />
        <ns0:loc ns2:href="../../ferc-core_2020-01-01.xsd#ferc_ReaquiredBondsPremium" ns2:label="ferc_ReaquiredBondsPremium" ns2:type="locator" />
        <ns0:presentationArc order="9" preferredLabel="http://ferc.gov/form/2020-01-01/roles/label/F1Total" ns2:arcrole="http://www.xbrl.org/2003/arcrole/parent-child" ns2:from="ferc_LongTermDebtLineItems" ns2:to="ferc_ReaquiredBondsPremium" ns2:type="arc" />
        <ns0:loc ns2:href="../../ferc-core_2020-01-01.xsd#ferc_ReaquiredBondsDiscount" ns2:label="ferc_ReaquiredBondsDiscount" ns2:type="locator" />
        <ns0:presentationArc order="10" preferredLabel="http://ferc.gov/form/2020-01-01/roles/label/F1Total" ns2:arcrole="http://www.xbrl.org/2003/arcrole/parent-child" ns2:from="ferc_LongTermDebtLineItems" ns2:to="ferc_ReaquiredBondsDiscount" ns2:type="arc" />
        <ns0:loc ns2:href="../../ferc-core_2020-01-01.xsd#ferc_ReacquiredBonds" ns2:label="ferc_ReacquiredBonds" ns2:type="locator" />
        <ns0:presentationArc order="11" preferredLabel="http://ferc.gov/form/2020-01-01/roles/label/F1Total" ns2:arcrole="http://www.xbrl.org/2003/arcrole/parent-child" ns2:from="ferc_LongTermDebtLineItems" ns2:to="ferc_ReacquiredBonds" ns2:type="arc" />
        <ns0:loc ns2:href="../../ferc-core_2020-01-01.xsd#ferc_InterestExpenseReacquiredBonds" ns2:label="ferc_InterestExpenseReacquiredBonds" ns2:type="locator" />
        <ns0:presentationArc order="12" preferredLabel="http://ferc.gov/form/2020-01-01/roles/label/F1Total" ns2:arcrole="http://www.xbrl.org/2003/arcrole/parent-child" ns2:from="ferc_LongTermDebtLineItems" ns2:to="ferc_InterestExpenseReacquiredBonds" ns2:type="arc" />
        <ns0:loc ns2:href="../../ferc-core_2020-01-01.xsd#ferc_AdvancesFromAssociatedCompaniesPrincipalAmountIssued" ns2:label="ferc_AdvancesFromAssociatedCompaniesPrincipalAmountIssued" ns2:type="locator" />
        <ns0:presentationArc order="13" preferredLabel="http://ferc.gov/form/2020-01-01/roles/label/F1Total" ns2:arcrole="http://www.xbrl.org/2003/arcrole/parent-child" ns2:from="ferc_LongTermDebtLineItems" ns2:to="ferc_AdvancesFromAssociatedCompaniesPrincipalAmountIssued" ns2:type="arc" />
        <ns0:loc ns2:href="../../ferc-core_2020-01-01.xsd#ferc_AdvancesFromAssociatedCompaniesIssuanceExpense" ns2:label="ferc_AdvancesFromAssociatedCompaniesIssuanceExpense" ns2:type="locator" />
        <ns0:presentationArc order="14" ns2:arcrole="http://www.xbrl.org/2003/arcrole/parent-child" ns2:from="ferc_LongTermDebtLineItems" ns2:to="ferc_AdvancesFromAssociatedCompaniesIssuanceExpense" ns2:type="arc" />
        <ns0:loc ns2:href="../../ferc-core_2020-01-01.xsd#ferc_AdvancesFromAssociatedCompaniesPremium" ns2:label="ferc_AdvancesFromAssociatedCompaniesPremium" ns2:type="locator" />
        <ns0:presentationArc order="15" preferredLabel="http://ferc.gov/form/2020-01-01/roles/label/F1Total" ns2:arcrole="http://www.xbrl.org/2003/arcrole/parent-child" ns2:from="ferc_LongTermDebtLineItems" ns2:to="ferc_AdvancesFromAssociatedCompaniesPremium" ns2:type="arc" />
        <ns0:loc ns2:href="../../ferc-core_2020-01-01.xsd#ferc_AdvancesFromAssociatedCompaniesDiscount" ns2:label="ferc_AdvancesFromAssociatedCompaniesDiscount" ns2:type="locator" />
        <ns0:presentationArc order="16" preferredLabel="http://ferc.gov/form/2020-01-01/roles/label/F1Total" ns2:arcrole="http://www.xbrl.org/2003/arcrole/parent-child" ns2:from="ferc_LongTermDebtLineItems" ns2:to="ferc_AdvancesFromAssociatedCompaniesDiscount" ns2:type="arc" />
        <ns0:loc ns2:href="../../ferc-core_2020-01-01.xsd#ferc_AdvancesFromAssociatedCompanies" ns2:label="ferc_AdvancesFromAssociatedCompanies" ns2:type="locator" />
        <ns0:presentationArc order="17" preferredLabel="http://ferc.gov/form/2020-01-01/roles/label/F1Total" ns2:arcrole="http://www.xbrl.org/2003/arcrole/parent-child" ns2:from="ferc_LongTermDebtLineItems" ns2:to="ferc_AdvancesFromAssociatedCompanies" ns2:type="arc" />
        <ns0:loc ns2:href="../../ferc-core_2020-01-01.xsd#ferc_InterestExpenseDebtAdvancesFromAssociatedCompanies" ns2:label="ferc_InterestExpenseDebtAdvancesFromAssociatedCompanies" ns2:type="locator" />
        <ns0:presentationArc order="18" preferredLabel="http://ferc.gov/form/2020-01-01/roles/label/F1Total" ns2:arcrole="http://www.xbrl.org/2003/arcrole/parent-child" ns2:from="ferc_LongTermDebtLineItems" ns2:to="ferc_InterestExpenseDebtAdvancesFromAssociatedCompanies" ns2:type="arc" />
        <ns0:loc ns2:href="../../ferc-core_2020-01-01.xsd#ferc_OtherLongTermDebtPrincipalAmountIssued" ns2:label="ferc_OtherLongTermDebtPrincipalAmountIssued" ns2:type="locator" />
        <ns0:presentationArc order="19" preferredLabel="http://ferc.gov/form/2020-01-01/roles/label/F1Total" ns2:arcrole="http://www.xbrl.org/2003/arcrole/parent-child" ns2:from="ferc_LongTermDebtLineItems" ns2:to="ferc_OtherLongTermDebtPrincipalAmountIssued" ns2:type="arc" />
        <ns0:loc ns2:href="../../ferc-core_2020-01-01.xsd#ferc_OtherLongTermDebtIssuanceExpense" ns2:label="ferc_OtherLongTermDebtIssuanceExpense" ns2:type="locator" />
        <ns0:presentationArc order="20" preferredLabel="http://ferc.gov/form/2020-01-01/roles/label/F1Total" ns2:arcrole="http://www.xbrl.org/2003/arcrole/parent-child" ns2:from="ferc_LongTermDebtLineItems" ns2:to="ferc_OtherLongTermDebtIssuanceExpense" ns2:type="arc" />
        <ns0:loc ns2:href="../../ferc-core_2020-01-01.xsd#ferc_OtherLongTermDebtPremium" ns2:label="ferc_OtherLongTermDebtPremium" ns2:type="locator" />
        <ns0:presentationArc order="21" preferredLabel="http://ferc.gov/form/2020-01-01/roles/label/F1Total" ns2:arcrole="http://www.xbrl.org/2003/arcrole/parent-child" ns2:from="ferc_LongTermDebtLineItems" ns2:to="ferc_OtherLongTermDebtPremium" ns2:type="arc" />
        <ns0:loc ns2:href="../../ferc-core_2020-01-01.xsd#ferc_OtherLongTermDebtDiscount" ns2:label="ferc_OtherLongTermDebtDiscount" ns2:type="locator" />
        <ns0:presentationArc order="22" preferredLabel="http://ferc.gov/form/2020-01-01/roles/label/F1Total" ns2:arcrole="http://www.xbrl.org/2003/arcrole/parent-child" ns2:from="ferc_LongTermDebtLineItems" ns2:to="ferc_OtherLongTermDebtDiscount" ns2:type="arc" />
        <ns0:loc ns2:href="../../ferc-core_2020-01-01.xsd#ferc_OtherLongTermDebt" ns2:label="ferc_OtherLongTermDebt" ns2:type="locator" />
        <ns0:presentationArc order="23" preferredLabel="http://ferc.gov/form/2020-01-01/roles/label/F1Total" ns2:arcrole="http://www.xbrl.org/2003/arcrole/parent-child" ns2:from="ferc_LongTermDebtLineItems" ns2:to="ferc_OtherLongTermDebt" ns2:type="arc" />
        <ns0:loc ns2:href="../../ferc-core_2020-01-01.xsd#ferc_InterestExpenseOtherLongTermDebt" ns2:label="ferc_InterestExpenseOtherLongTermDebt" ns2:type="locator" />
        <ns0:presentationArc order="24" preferredLabel="http://ferc.gov/form/2020-01-01/roles/label/F1Total" ns2:arcrole="http://www.xbrl.org/2003/arcrole/parent-child" ns2:from="ferc_LongTermDebtLineItems" ns2:to="ferc_InterestExpenseOtherLongTermDebt" ns2:type="arc" />
    </ns0:presentationLink>
    <ns0:presentationLink ns2:role="http://ferc.gov/form/2020-01-01/roles/Schedule/F1/LongTermDebt" ns2:type="extended">
        <ns0:loc ns2:href="../../ferc-core_2020-01-01.xsd#ferc_ScheduleLongTermDebtAbstract" ns2:label="ferc_ScheduleLongTermDebtAbstract" ns2:type="locator" />
        <ns0:loc ns2:href="../../ferc-core_2020-01-01.xsd#ferc_LongTermDebtTable" ns2:label="ferc_LongTermDebtTable" ns2:type="locator" />
        <ns0:presentationArc order="1" ns2:arcrole="http://www.xbrl.org/2003/arcrole/parent-child" ns2:from="ferc_ScheduleLongTermDebtAbstract" ns2:to="ferc_LongTermDebtTable" ns2:type="arc" />
        <ns0:loc ns2:href="../../ferc-core_2020-01-01.xsd#ferc_ClassOrSeriesOfObligationAndNameOfStockExchangeAxis" ns2:label="ferc_ClassOrSeriesOfObligationAndNameOfStockExchangeAxis" ns2:type="locator" />
        <ns0:presentationArc order="1" ns2:arcrole="http://www.xbrl.org/2003/arcrole/parent-child" ns2:from="ferc_LongTermDebtTable" ns2:to="ferc_ClassOrSeriesOfObligationAndNameOfStockExchangeAxis" ns2:type="arc" />
        <ns0:loc ns2:href="../../ferc-core_2020-01-01.xsd#ferc_LongTermDebtLineItems" ns2:label="ferc_LongTermDebtLineItems" ns2:type="locator" />
        <ns0:presentationArc order="2" ns2:arcrole="http://www.xbrl.org/2003/arcrole/parent-child" ns2:from="ferc_LongTermDebtTable" ns2:to="ferc_LongTermDebtLineItems" ns2:type="arc" />
        <ns0:loc ns2:href="../../ferc-core_2020-01-01.xsd#ferc_OrderNumber" ns2:label="ferc_OrderNumber" ns2:type="locator" />
        <ns0:presentationArc order="1" ns2:arcrole="http://www.xbrl.org/2003/arcrole/parent-child" ns2:from="ferc_LongTermDebtLineItems" ns2:to="ferc_OrderNumber" ns2:type="arc" />
        <ns0:loc ns2:href="../../ferc-core_2020-01-01.xsd#ferc_ClassAndSeriesOfObligationCouponRateDescription" ns2:label="ferc_ClassAndSeriesOfObligationCouponRateDescription" ns2:type="locator" />
        <ns0:presentationArc order="2" preferredLabel="http://ferc.gov/form/2020-01-01/roles/label/F1LongTermDebt" ns2:arcrole="http://www.xbrl.org/2003/arcrole/parent-child" ns2:from="ferc_LongTermDebtLineItems" ns2:to="ferc_ClassAndSeriesOfObligationCouponRateDescription" ns2:type="arc" />
        <ns0:loc ns2:href="../../ferc-core_2020-01-01.xsd#ferc_LongTermDebtPrincipalAmountIssued" ns2:label="ferc_LongTermDebtPrincipalAmountIssued" ns2:type="locator" />
        <ns0:presentationArc order="3" preferredLabel="http://ferc.gov/form/2020-01-01/roles/label/F1LongTermDebt" ns2:arcrole="http://www.xbrl.org/2003/arcrole/parent-child" ns2:from="ferc_LongTermDebtLineItems" ns2:to="ferc_LongTermDebtPrincipalAmountIssued" ns2:type="arc" />
        <ns0:loc ns2:href="../../ferc-core_2020-01-01.xsd#ferc_LongTermDebtIssuanceExpensePremiumOrDiscount" ns2:label="ferc_LongTermDebtIssuanceExpensePremiumOrDiscount" ns2:type="locator" />
        <ns0:presentationArc order="4" preferredLabel="http://ferc.gov/form/2020-01-01/roles/label/F1LongTermDebt" ns2:arcrole="http://www.xbrl.org/2003/arcrole/parent-child" ns2:from="ferc_LongTermDebtLineItems" ns2:to="ferc_LongTermDebtIssuanceExpensePremiumOrDiscount" ns2:type="arc" />
        <ns0:loc ns2:href="../../ferc-core_2020-01-01.xsd#ferc_NominalDateOfIssue" ns2:label="ferc_NominalDateOfIssue" ns2:type="locator" />
        <ns0:presentationArc order="5" preferredLabel="http://ferc.gov/form/2020-01-01/roles/label/F1LongTermDebt" ns2:arcrole="http://www.xbrl.org/2003/arcrole/parent-child" ns2:from="ferc_LongTermDebtLineItems" ns2:to="ferc_NominalDateOfIssue" ns2:type="arc" />
        <ns0:loc ns2:href="../../ferc-core_2020-01-01.xsd#ferc_DateOfMaturity" ns2:label="ferc_DateOfMaturity" ns2:type="locator" />
        <ns0:presentationArc order="6" preferredLabel="http://ferc.gov/form/2020-01-01/roles/label/F1LongTermDebt" ns2:arcrole="http://www.xbrl.org/2003/arcrole/parent-child" ns2:from="ferc_LongTermDebtLineItems" ns2:to="ferc_DateOfMaturity" ns2:type="arc" />
        <ns0:loc ns2:href="../../ferc-core_2020-01-01.xsd#ferc_AmortizationPeriodStartDate" ns2:label="ferc_AmortizationPeriodStartDate" ns2:type="locator" />
        <ns0:presentationArc order="7" preferredLabel="http://ferc.gov/form/2020-01-01/roles/label/F1LongTermDebt" ns2:arcrole="http://www.xbrl.org/2003/arcrole/parent-child" ns2:from="ferc_LongTermDebtLineItems" ns2:to="ferc_AmortizationPeriodStartDate" ns2:type="arc" />
        <ns0:loc ns2:href="../../ferc-core_2020-01-01.xsd#ferc_AmortizationPeriodEndDate" ns2:label="ferc_AmortizationPeriodEndDate" ns2:type="locator" />
        <ns0:presentationArc order="8" preferredLabel="http://ferc.gov/form/2020-01-01/roles/label/F1LongTermDebt" ns2:arcrole="http://www.xbrl.org/2003/arcrole/parent-child" ns2:from="ferc_LongTermDebtLineItems" ns2:to="ferc_AmortizationPeriodEndDate" ns2:type="arc" />
        <ns0:loc ns2:href="../../ferc-core_2020-01-01.xsd#ferc_LongTermDebtOutstanding" ns2:label="ferc_LongTermDebtOutstanding" ns2:type="locator" />
        <ns0:presentationArc order="9" preferredLabel="http://ferc.gov/form/2020-01-01/roles/label/F1LongTermDebt" ns2:arcrole="http://www.xbrl.org/2003/arcrole/parent-child" ns2:from="ferc_LongTermDebtLineItems" ns2:to="ferc_LongTermDebtOutstanding" ns2:type="arc" />
        <ns0:loc ns2:href="../../ferc-core_2020-01-01.xsd#ferc_InterestExpenseOnLongTermDebtIssued" ns2:label="ferc_InterestExpenseOnLongTermDebtIssued" ns2:type="locator" />
        <ns0:presentationArc order="10" preferredLabel="http://ferc.gov/form/2020-01-01/roles/label/F1LongTermDebt" ns2:arcrole="http://www.xbrl.org/2003/arcrole/parent-child" ns2:from="ferc_LongTermDebtLineItems" ns2:to="ferc_InterestExpenseOnLongTermDebtIssued" ns2:type="arc" />
        <ns0:presentationArc order="2" preferredLabel="http://ferc.gov/form/2020-01-01/roles/label/F1Total" ns2:arcrole="http://www.xbrl.org/2003/arcrole/parent-child" ns2:from="ferc_ScheduleLongTermDebtAbstract" ns2:to="ferc_LongTermDebtPrincipalAmountIssued" ns2:type="arc" />
        <ns0:presentationArc order="3" preferredLabel="http://ferc.gov/form/2020-01-01/roles/label/F1Total" ns2:arcrole="http://www.xbrl.org/2003/arcrole/parent-child" ns2:from="ferc_ScheduleLongTermDebtAbstract" ns2:to="ferc_LongTermDebtIssuanceExpensePremiumOrDiscount" ns2:type="arc" />
        <ns0:loc ns2:href="../../ferc-core_2020-01-01.xsd#ferc_LongTermDebtIssuanceExpenses" ns2:label="ferc_LongTermDebtIssuanceExpenses" ns2:type="locator" />
        <ns0:presentationArc order="4" ns2:arcrole="http://www.xbrl.org/2003/arcrole/parent-child" ns2:from="ferc_ScheduleLongTermDebtAbstract" ns2:to="ferc_LongTermDebtIssuanceExpenses" ns2:type="arc" />
        <ns0:loc ns2:href="../../ferc-core_2020-01-01.xsd#ferc_LongTermDebtPremium" ns2:label="ferc_LongTermDebtPremium" ns2:type="locator" />
        <ns0:presentationArc order="5" preferredLabel="http://ferc.gov/form/2020-01-01/roles/label/F1Total" ns2:arcrole="http://www.xbrl.org/2003/arcrole/parent-child" ns2:from="ferc_ScheduleLongTermDebtAbstract" ns2:to="ferc_LongTermDebtPremium" ns2:type="arc" />
        <ns0:loc ns2:href="../../ferc-core_2020-01-01.xsd#ferc_LongTermDebtDiscount" ns2:label="ferc_LongTermDebtDiscount" ns2:type="locator" />
        <ns0:presentationArc order="6" preferredLabel="http://ferc.gov/form/2020-01-01/roles/label/F1Total" ns2:arcrole="http://www.xbrl.org/2003/arcrole/parent-child" ns2:from="ferc_ScheduleLongTermDebtAbstract" ns2:to="ferc_LongTermDebtDiscount" ns2:type="arc" />
        <ns0:presentationArc order="7" preferredLabel="http://ferc.gov/form/2020-01-01/roles/label/F1Total" ns2:arcrole="http://www.xbrl.org/2003/arcrole/parent-child" ns2:from="ferc_ScheduleLongTermDebtAbstract" ns2:to="ferc_LongTermDebtOutstanding" ns2:type="arc" />
        <ns0:presentationArc order="8" preferredLabel="http://ferc.gov/form/2020-01-01/roles/label/F1Total" ns2:arcrole="http://www.xbrl.org/2003/arcrole/parent-child" ns2:from="ferc_ScheduleLongTermDebtAbstract" ns2:to="ferc_InterestExpenseOnLongTermDebtIssued" ns2:type="arc" />
    </ns0:presentationLink>
</ns0:linkbase>