<ns0:linkbase xmlns:ns0="http://www.xbrl.org/2003/linkbase" xmlns:ns2="http://www.w3.org/1999/xlink" xmlns:ns3="http://xbrl.org/2005/xbrldt" xmlns:xsi="http://www.w3.org/2001/XMLSchema-instance" xsi:schemaLocation="http://www.xbrl.org/2003/linkbase http://www.xbrl.org/2003/xbrl-linkbase-2003-12-31.xsd">
    <ns0:arcroleRef arcroleURI="http://xbrl.org/int/dim/arcrole/dimension-domain" ns2:href="http://www.xbrl.org/2005/xbrldt-2005.xsd#dimension-domain" ns2:type="simple" />
    <ns0:arcroleRef arcroleURI="http://xbrl.org/int/dim/arcrole/dimension-default" ns2:href="http://www.xbrl.org/2005/xbrldt-2005.xsd#dimension-default" ns2:type="simple" />
    <ns0:arcroleRef arcroleURI="http://xbrl.org/int/dim/arcrole/hypercube-dimension" ns2:href="http://www.xbrl.org/2005/xbrldt-2005.xsd#hypercube-dimension" ns2:type="simple" />
    <ns0:roleRef roleURI="http://ferc.gov/form/2020-01-01/roles/Schedule/F1/FactorsUsedInEstimatingDepreciationChargesSectionC" ns2:href="form-1-sched-SummaryOfDepreciationAndAmortization_2020-01-01.xsd#roleType_FactorsUsedInEstimatingDepreciationChargesSectionC" ns2:type="simple" />
    <ns0:roleRef roleURI="http://ferc.gov/form/2020-01-01/roles/Schedule/F1/SummaryOfDepreciationAndAmortizationChargesSectionA" ns2:href="form-1-sched-SummaryOfDepreciationAndAmortization_2020-01-01.xsd#roleType_SummaryOfDepreciationAndAmortizationChargesSectionA" ns2:type="simple" />
    <ns0:arcroleRef arcroleURI="http://xbrl.org/int/dim/arcrole/all" ns2:href="http://www.xbrl.org/2005/xbrldt-2005.xsd#all" ns2:type="simple" />
    <ns0:arcroleRef arcroleURI="http://xbrl.org/int/dim/arcrole/domain-member" ns2:href="http://www.xbrl.org/2005/xbrldt-2005.xsd#domain-member" ns2:type="simple" />
    <ns0:definitionLink ns2:role="http://ferc.gov/form/2020-01-01/roles/Schedule/F1/SummaryOfDepreciationAndAmortizationChargesSectionA" ns2:type="extended">
        <ns0:loc ns2:href="../../ferc-core_2020-01-01.xsd#ferc_ScheduleDepreciationDepletionAndAmortizationAbstract" ns2:label="ferc_ScheduleDepreciationDepletionAndAmortizationAbstract" ns2:type="locator" />
        <ns0:loc ns2:href="../../ferc-core_2020-01-01.xsd#ferc_DepreciationDepletionAndAmortizationChargesLineItems" ns2:label="ferc_DepreciationDepletionAndAmortizationChargesLineItems" ns2:type="locator" />
        <ns0:definitionArc order="1" ns2:arcrole="http://xbrl.org/int/dim/arcrole/domain-member" ns2:from="ferc_ScheduleDepreciationDepletionAndAmortizationAbstract" ns2:to="ferc_DepreciationDepletionAndAmortizationChargesLineItems" ns2:type="arc" />
        <ns0:loc ns2:href="../../ferc-core_2020-01-01.xsd#ferc_DepreciationDepletionAndAmortizationChargesTable" ns2:label="ferc_DepreciationDepletionAndAmortizationChargesTable" ns2:type="locator" />
        <ns0:definitionArc order="1" ns2:arcrole="http://xbrl.org/int/dim/arcrole/all" ns2:from="ferc_DepreciationDepletionAndAmortizationChargesLineItems" ns2:to="ferc_DepreciationDepletionAndAmortizationChargesTable" ns2:type="arc" ns3:closed="true" ns3:contextElement="segment" />
        <ns0:loc ns2:href="../../ferc-core_2020-01-01.xsd#ferc_UtilityTypeAxis" ns2:label="ferc_UtilityTypeAxis" ns2:type="locator" />
        <ns0:definitionArc order="1" ns2:arcrole="http://xbrl.org/int/dim/arcrole/hypercube-dimension" ns2:from="ferc_DepreciationDepletionAndAmortizationChargesTable" ns2:to="ferc_UtilityTypeAxis" ns2:type="arc" />
        <ns0:loc ns2:href="../../ferc-core_2020-01-01.xsd#ferc_UtilityTypeDomain" ns2:label="ferc_UtilityTypeDomain" ns2:type="locator" />
        <ns0:definitionArc order="1" ns2:arcrole="http://xbrl.org/int/dim/arcrole/dimension-domain" ns2:from="ferc_UtilityTypeAxis" ns2:to="ferc_UtilityTypeDomain" ns2:type="arc" />
        <ns0:loc ns2:href="../../ferc-core_2020-01-01.xsd#ferc_ElectricUtilityMember" ns2:label="ferc_ElectricUtilityMember" ns2:type="locator" />
        <ns0:definitionArc order="1" ns2:arcrole="http://xbrl.org/int/dim/arcrole/domain-member" ns2:from="ferc_UtilityTypeDomain" ns2:to="ferc_ElectricUtilityMember" ns2:type="arc" />
        <ns0:loc ns2:href="../../ferc-core_2020-01-01.xsd#ferc_FunctionalClassificationAxis" ns2:label="ferc_FunctionalClassificationAxis" ns2:type="locator" />
        <ns0:definitionArc order="2" ns2:arcrole="http://xbrl.org/int/dim/arcrole/hypercube-dimension" ns2:from="ferc_DepreciationDepletionAndAmortizationChargesTable" ns2:to="ferc_FunctionalClassificationAxis" ns2:type="arc" />
        <ns0:loc ns2:href="../../ferc-core_2020-01-01.xsd#ferc_FunctionalClassificationDomain" ns2:label="ferc_FunctionalClassificationDomain" ns2:type="locator" />
        <ns0:definitionArc order="1" ns2:arcrole="http://xbrl.org/int/dim/arcrole/dimension-domain" ns2:from="ferc_FunctionalClassificationAxis" ns2:to="ferc_FunctionalClassificationDomain" ns2:type="arc" />
        <ns0:loc ns2:href="../../ferc-core_2020-01-01.xsd#ferc_IntangiblePlantMember" ns2:label="ferc_IntangiblePlantMember" ns2:type="locator" />
        <ns0:definitionArc order="1" ns2:arcrole="http://xbrl.org/int/dim/arcrole/domain-member" ns2:from="ferc_FunctionalClassificationDomain" ns2:to="ferc_IntangiblePlantMember" ns2:type="arc" />
        <ns0:loc ns2:href="../../ferc-core_2020-01-01.xsd#ferc_SteamProductionPlantMember" ns2:label="ferc_SteamProductionPlantMember" ns2:type="locator" />
        <ns0:definitionArc order="2" ns2:arcrole="http://xbrl.org/int/dim/arcrole/domain-member" ns2:from="ferc_FunctionalClassificationDomain" ns2:to="ferc_SteamProductionPlantMember" ns2:type="arc" />
        <ns0:loc ns2:href="../../ferc-core_2020-01-01.xsd#ferc_NuclearProductionPlantMember" ns2:label="ferc_NuclearProductionPlantMember" ns2:type="locator" />
        <ns0:definitionArc order="3" ns2:arcrole="http://xbrl.org/int/dim/arcrole/domain-member" ns2:from="ferc_FunctionalClassificationDomain" ns2:to="ferc_NuclearProductionPlantMember" ns2:type="arc" />
        <ns0:loc ns2:href="../../ferc-core_2020-01-01.xsd#ferc_HydraulicProductionPlantConventionalMember" ns2:label="ferc_HydraulicProductionPlantConventionalMember" ns2:type="locator" />
        <ns0:definitionArc order="4" ns2:arcrole="http://xbrl.org/int/dim/arcrole/domain-member" ns2:from="ferc_FunctionalClassificationDomain" ns2:to="ferc_HydraulicProductionPlantConventionalMember" ns2:type="arc" />
        <ns0:loc ns2:href="../../ferc-core_2020-01-01.xsd#ferc_HydraulicProductionPlantPumpedStorageMember" ns2:label="ferc_HydraulicProductionPlantPumpedStorageMember" ns2:type="locator" />
        <ns0:definitionArc order="5" ns2:arcrole="http://xbrl.org/int/dim/arcrole/domain-member" ns2:from="ferc_FunctionalClassificationDomain" ns2:to="ferc_HydraulicProductionPlantPumpedStorageMember" ns2:type="arc" />
        <ns0:loc ns2:href="../../ferc-core_2020-01-01.xsd#ferc_OtherProductionPlantMember" ns2:label="ferc_OtherProductionPlantMember" ns2:type="locator" />
        <ns0:definitionArc order="6" ns2:arcrole="http://xbrl.org/int/dim/arcrole/domain-member" ns2:from="ferc_FunctionalClassificationDomain" ns2:to="ferc_OtherProductionPlantMember" ns2:type="arc" />
        <ns0:loc ns2:href="../../ferc-core_2020-01-01.xsd#ferc_TransmissionPlantMember" ns2:label="ferc_TransmissionPlantMember" ns2:type="locator" />
        <ns0:definitionArc order="7" ns2:arcrole="http://xbrl.org/int/dim/arcrole/domain-member" ns2:from="ferc_FunctionalClassificationDomain" ns2:to="ferc_TransmissionPlantMember" ns2:type="arc" />
        <ns0:loc ns2:href="../../ferc-core_2020-01-01.xsd#ferc_DistributionPlantMember" ns2:label="ferc_DistributionPlantMember" ns2:type="locator" />
        <ns0:definitionArc order="8" ns2:arcrole="http://xbrl.org/int/dim/arcrole/domain-member" ns2:from="ferc_FunctionalClassificationDomain" ns2:to="ferc_DistributionPlantMember" ns2:type="arc" />
        <ns0:loc ns2:href="../../ferc-core_2020-01-01.xsd#ferc_RegionalTransmissionAndMarketOperationMember" ns2:label="ferc_RegionalTransmissionAndMarketOperationMember" ns2:type="locator" />
        <ns0:definitionArc order="9" ns2:arcrole="http://xbrl.org/int/dim/arcrole/domain-member" ns2:from="ferc_FunctionalClassificationDomain" ns2:to="ferc_RegionalTransmissionAndMarketOperationMember" ns2:type="arc" />
        <ns0:loc ns2:href="../../ferc-core_2020-01-01.xsd#ferc_GeneralPlantMember" ns2:label="ferc_GeneralPlantMember" ns2:type="locator" />
        <ns0:definitionArc order="10" ns2:arcrole="http://xbrl.org/int/dim/arcrole/domain-member" ns2:from="ferc_FunctionalClassificationDomain" ns2:to="ferc_GeneralPlantMember" ns2:type="arc" />
        <ns0:loc ns2:href="../../ferc-core_2020-01-01.xsd#ferc_CommonPlantElectricMember" ns2:label="ferc_CommonPlantElectricMember" ns2:type="locator" />
        <ns0:definitionArc order="11" ns2:arcrole="http://xbrl.org/int/dim/arcrole/domain-member" ns2:from="ferc_FunctionalClassificationDomain" ns2:to="ferc_CommonPlantElectricMember" ns2:type="arc" />
        <ns0:loc ns2:href="../../ferc-core_2020-01-01.xsd#ferc_DepreciationExpenseExcludingAmortizationOfAcquisitionAdjustments" ns2:label="ferc_DepreciationExpenseExcludingAmortizationOfAcquisitionAdjustments" ns2:type="locator" />
        <ns0:definitionArc order="2" ns2:arcrole="http://xbrl.org/int/dim/arcrole/domain-member" ns2:from="ferc_DepreciationDepletionAndAmortizationChargesLineItems" ns2:to="ferc_DepreciationExpenseExcludingAmortizationOfAcquisitionAdjustments" ns2:type="arc" />
        <ns0:loc ns2:href="../../ferc-core_2020-01-01.xsd#ferc_DepreciationExpenseForAssetRetirementCostsExcludingAmortizationgOfAcquisitionAdjustments" ns2:label="ferc_DepreciationExpenseForAssetRetirementCostsExcludingAmortizationgOfAcquisitionAdjustments" ns2:type="locator" />
        <ns0:definitionArc order="3" ns2:arcrole="http://xbrl.org/int/dim/arcrole/domain-member" ns2:from="ferc_DepreciationDepletionAndAmortizationChargesLineItems" ns2:to="ferc_DepreciationExpenseForAssetRetirementCostsExcludingAmortizationgOfAcquisitionAdjustments" ns2:type="arc" />
        <ns0:loc ns2:href="../../ferc-core_2020-01-01.xsd#ferc_AmortizationOfLimitedTermPlantOrProperty" ns2:label="ferc_AmortizationOfLimitedTermPlantOrProperty" ns2:type="locator" />
        <ns0:definitionArc order="4" ns2:arcrole="http://xbrl.org/int/dim/arcrole/domain-member" ns2:from="ferc_DepreciationDepletionAndAmortizationChargesLineItems" ns2:to="ferc_AmortizationOfLimitedTermPlantOrProperty" ns2:type="arc" />
        <ns0:loc ns2:href="../../ferc-core_2020-01-01.xsd#ferc_AmortizationOfOtherElectricPlant" ns2:label="ferc_AmortizationOfOtherElectricPlant" ns2:type="locator" />
        <ns0:definitionArc order="5" ns2:arcrole="http://xbrl.org/int/dim/arcrole/domain-member" ns2:from="ferc_DepreciationDepletionAndAmortizationChargesLineItems" ns2:to="ferc_AmortizationOfOtherElectricPlant" ns2:type="arc" />
        <ns0:loc ns2:href="../../ferc-core_2020-01-01.xsd#ferc_DepreciationAndAmortization" ns2:label="ferc_DepreciationAndAmortization" ns2:type="locator" />
        <ns0:definitionArc order="6" ns2:arcrole="http://xbrl.org/int/dim/arcrole/domain-member" ns2:from="ferc_DepreciationDepletionAndAmortizationChargesLineItems" ns2:to="ferc_DepreciationAndAmortization" ns2:type="arc" />
    </ns0:definitionLink>
    <ns0:definitionLink ns2:role="http://ferc.gov/form/2020-01-01/roles/Schedule/F1/FactorsUsedInEstimatingDepreciationChargesSectionC" ns2:type="extended">
        <ns0:loc ns2:href="../../ferc-core_2020-01-01.xsd#ferc_ScheduleFactorsUsedInEstimatingDepreciationChargesAbstract" ns2:label="ferc_ScheduleFactorsUsedInEstimatingDepreciationChargesAbstract" ns2:type="locator" />
        <ns0:loc ns2:href="../../ferc-core_2020-01-01.xsd#ferc_DepreciationDepletionAndAmortizationChargesLineItems" ns2:label="ferc_DepreciationDepletionAndAmortizationChargesLineItems" ns2:type="locator" />
        <ns0:definitionArc order="1" ns2:arcrole="http://xbrl.org/int/dim/arcrole/domain-member" ns2:from="ferc_ScheduleFactorsUsedInEstimatingDepreciationChargesAbstract" ns2:to="ferc_DepreciationDepletionAndAmortizationChargesLineItems" ns2:type="arc" />
        <ns0:loc ns2:href="../../ferc-core_2020-01-01.xsd#ferc_DepreciationDepletionAndAmortizationChargesTable" ns2:label="ferc_DepreciationDepletionAndAmortizationChargesTable" ns2:type="locator" />
        <ns0:definitionArc order="1" ns2:arcrole="http://xbrl.org/int/dim/arcrole/all" ns2:from="ferc_DepreciationDepletionAndAmortizationChargesLineItems" ns2:to="ferc_DepreciationDepletionAndAmortizationChargesTable" ns2:type="arc" ns3:closed="true" ns3:contextElement="segment" />
        <ns0:loc ns2:href="../../ferc-core_2020-01-01.xsd#ferc_EstimatedDepreciationChargesFactorsAxis" ns2:label="ferc_EstimatedDepreciationChargesFactorsAxis" ns2:type="locator" />
        <ns0:definitionArc order="1" ns2:arcrole="http://xbrl.org/int/dim/arcrole/hypercube-dimension" ns2:from="ferc_DepreciationDepletionAndAmortizationChargesTable" ns2:to="ferc_EstimatedDepreciationChargesFactorsAxis" ns2:type="arc" />
        <ns0:loc ns2:href="../../ferc-core_2020-01-01.xsd#ferc_OrderNumber" ns2:label="ferc_OrderNumber" ns2:type="locator" />
        <ns0:definitionArc order="2" ns2:arcrole="http://xbrl.org/int/dim/arcrole/domain-member" ns2:from="ferc_DepreciationDepletionAndAmortizationChargesLineItems" ns2:to="ferc_OrderNumber" ns2:type="arc" />
        <ns0:loc ns2:href="../../ferc-core_2020-01-01.xsd#ferc_AccountNumberFactorsUsedInEstimatingDepreciationCharges" ns2:label="ferc_AccountNumberFactorsUsedInEstimatingDepreciationCharges" ns2:type="locator" />
        <ns0:definitionArc order="3" ns2:arcrole="http://xbrl.org/int/dim/arcrole/domain-member" ns2:from="ferc_DepreciationDepletionAndAmortizationChargesLineItems" ns2:to="ferc_AccountNumberFactorsUsedInEstimatingDepreciationCharges" ns2:type="arc" />
        <ns0:loc ns2:href="../../ferc-core_2020-01-01.xsd#ferc_DepreciablePlantBase" ns2:label="ferc_DepreciablePlantBase" ns2:type="locator" />
        <ns0:definitionArc order="4" ns2:arcrole="http://xbrl.org/int/dim/arcrole/domain-member" ns2:from="ferc_DepreciationDepletionAndAmortizationChargesLineItems" ns2:to="ferc_DepreciablePlantBase" ns2:type="arc" />
        <ns0:loc ns2:href="../../ferc-core_2020-01-01.xsd#ferc_UtilityPlantEstimatedAverageServiceLife" ns2:label="ferc_UtilityPlantEstimatedAverageServiceLife" ns2:type="locator" />
        <ns0:definitionArc order="5" ns2:arcrole="http://xbrl.org/int/dim/arcrole/domain-member" ns2:from="ferc_DepreciationDepletionAndAmortizationChargesLineItems" ns2:to="ferc_UtilityPlantEstimatedAverageServiceLife" ns2:type="arc" />
        <ns0:loc ns2:href="../../ferc-core_2020-01-01.xsd#ferc_UtilityPlantNetSalvageValuePercentage" ns2:label="ferc_UtilityPlantNetSalvageValuePercentage" ns2:type="locator" />
        <ns0:definitionArc order="6" ns2:arcrole="http://xbrl.org/int/dim/arcrole/domain-member" ns2:from="ferc_DepreciationDepletionAndAmortizationChargesLineItems" ns2:to="ferc_UtilityPlantNetSalvageValuePercentage" ns2:type="arc" />
        <ns0:loc ns2:href="../../ferc-core_2020-01-01.xsd#ferc_UtilityPlantAppliedDepreciationRate" ns2:label="ferc_UtilityPlantAppliedDepreciationRate" ns2:type="locator" />
        <ns0:definitionArc order="7" ns2:arcrole="http://xbrl.org/int/dim/arcrole/domain-member" ns2:from="ferc_DepreciationDepletionAndAmortizationChargesLineItems" ns2:to="ferc_UtilityPlantAppliedDepreciationRate" ns2:type="arc" />
        <ns0:loc ns2:href="../../ferc-core_2020-01-01.xsd#ferc_MortalityCurveType" ns2:label="ferc_MortalityCurveType" ns2:type="locator" />
        <ns0:definitionArc order="8" ns2:arcrole="http://xbrl.org/int/dim/arcrole/domain-member" ns2:from="ferc_DepreciationDepletionAndAmortizationChargesLineItems" ns2:to="ferc_MortalityCurveType" ns2:type="arc" />
        <ns0:loc ns2:href="../../ferc-core_2020-01-01.xsd#ferc_UtilityPlantWeightedAverageRemainingLife" ns2:label="ferc_UtilityPlantWeightedAverageRemainingLife" ns2:type="locator" />
        <ns0:definitionArc order="9" ns2:arcrole="http://xbrl.org/int/dim/arcrole/domain-member" ns2:from="ferc_DepreciationDepletionAndAmortizationChargesLineItems" ns2:to="ferc_UtilityPlantWeightedAverageRemainingLife" ns2:type="arc" />
    </ns0:definitionLink>
    <ns0:definitionLink ns2:role="http://ferc.gov/form/2020-01-01/roles/Schedule/F1/SummaryOfDepreciationAndAmortizationChargesSectionA" ns2:type="extended">
        <ns0:loc ns2:href="../../ferc-core_2020-01-01.xsd#ferc_FunctionalClassificationAxis" ns2:label="ferc_FunctionalClassificationAxis" ns2:type="locator" />
        <ns0:loc ns2:href="../../ferc-core_2020-01-01.xsd#ferc_FunctionalClassificationDomain" ns2:label="ferc_FunctionalClassificationDomain" ns2:type="locator" />
        <ns0:definitionArc order="1" ns2:arcrole="http://xbrl.org/int/dim/arcrole/dimension-default" ns2:from="ferc_FunctionalClassificationAxis" ns2:to="ferc_FunctionalClassificationDomain" ns2:type="arc" />
    </ns0:definitionLink>
    <ns0:definitionLink ns2:role="http://ferc.gov/form/2020-01-01/roles/Schedule/F1/FactorsUsedInEstimatingDepreciationChargesSectionC" ns2:type="extended" />
</ns0:linkbase>