﻿<?xml version="1.0" encoding="utf-8"?>
<?taxonomy-version 2.3.0.0?>
<!--(C) EBA-->
<link:linkbase xmlns:xsi="http://www.w3.org/2001/XMLSchema-instance" xmlns:xlink="http://www.w3.org/1999/xlink" xmlns:link="http://www.xbrl.org/2003/linkbase" xmlns:gen="http://xbrl.org/2008/generic" xmlns:label="http://xbrl.org/2008/label" xsi:schemaLocation="http://www.xbrl.org/2003/linkbase http://www.xbrl.org/2003/xbrl-linkbase-2003-12-31.xsd http://xbrl.org/2008/generic http://www.xbrl.org/2008/generic-link.xsd http://xbrl.org/2008/label http://www.xbrl.org/2008/generic-label.xsd">
  <link:arcroleRef arcroleURI="http://xbrl.org/arcrole/2008/element-label" xlink:type="simple" xlink:href="http://www.xbrl.org/2008/generic-label.xsd#element-label" />
  <link:roleRef roleURI="http://www.eba.europa.eu/xbrl/role/dpm-db-id" xlink:type="simple" xlink:href="http://www.eba.europa.eu/eu/fr/xbrl/ext/model.xsd#dpm-db-id" />
  <gen:link xlink:type="extended" xlink:role="http://www.xbrl.org/2003/role/link">
    <link:loc xlink:type="locator" xlink:href="hier.xsd#eba_EC1" xlink:label="loc_eba_EC1" />
    <label:label xlink:type="resource" xlink:label="label_eba_EC1" xml:lang="en" xlink:role="http://www.eba.europa.eu/xbrl/role/dpm-db-id">2090</label:label>
    <gen:arc xlink:type="arc" xlink:arcrole="http://xbrl.org/arcrole/2008/element-label" xlink:from="loc_eba_EC1" xlink:to="label_eba_EC1" />
    <link:loc xlink:type="locator" xlink:href="hier.xsd#eba_EC2" xlink:label="loc_eba_EC2" />
    <label:label xlink:type="resource" xlink:label="label_eba_EC2" xml:lang="en" xlink:role="http://www.eba.europa.eu/xbrl/role/dpm-db-id">2160</label:label>
    <gen:arc xlink:type="arc" xlink:arcrole="http://xbrl.org/arcrole/2008/element-label" xlink:from="loc_eba_EC2" xlink:to="label_eba_EC2" />
    <link:loc xlink:type="locator" xlink:href="hier.xsd#eba_EC3" xlink:label="loc_eba_EC3" />
    <label:label xlink:type="resource" xlink:label="label_eba_EC3" xml:lang="en" xlink:role="http://www.eba.europa.eu/xbrl/role/dpm-db-id">2255</label:label>
    <gen:arc xlink:type="arc" xlink:arcrole="http://xbrl.org/arcrole/2008/element-label" xlink:from="loc_eba_EC3" xlink:to="label_eba_EC3" />
    <link:loc xlink:type="locator" xlink:href="hier.xsd#eba_EC4" xlink:label="loc_eba_EC4" />
    <label:label xlink:type="resource" xlink:label="label_eba_EC4" xml:lang="en" xlink:role="http://www.eba.europa.eu/xbrl/role/dpm-db-id">2370</label:label>
    <gen:arc xlink:type="arc" xlink:arcrole="http://xbrl.org/arcrole/2008/element-label" xlink:from="loc_eba_EC4" xlink:to="label_eba_EC4" />
    <link:loc xlink:type="locator" xlink:href="hier.xsd#eba_EC5" xlink:label="loc_eba_EC5" />
    <label:label xlink:type="resource" xlink:label="label_eba_EC5" xml:lang="en" xlink:role="http://www.eba.europa.eu/xbrl/role/dpm-db-id">2450</label:label>
    <gen:arc xlink:type="arc" xlink:arcrole="http://xbrl.org/arcrole/2008/element-label" xlink:from="loc_eba_EC5" xlink:to="label_eba_EC5" />
    <link:loc xlink:type="locator" xlink:href="hier.xsd#eba_EC6" xlink:label="loc_eba_EC6" />
    <label:label xlink:type="resource" xlink:label="label_eba_EC6" xml:lang="en" xlink:role="http://www.eba.europa.eu/xbrl/role/dpm-db-id">2470</label:label>
    <gen:arc xlink:type="arc" xlink:arcrole="http://xbrl.org/arcrole/2008/element-label" xlink:from="loc_eba_EC6" xlink:to="label_eba_EC6" />
    <link:loc xlink:type="locator" xlink:href="hier.xsd#eba_EC7" xlink:label="loc_eba_EC7" />
    <label:label xlink:type="resource" xlink:label="label_eba_EC7" xml:lang="en" xlink:role="http://www.eba.europa.eu/xbrl/role/dpm-db-id">2560</label:label>
    <gen:arc xlink:type="arc" xlink:arcrole="http://xbrl.org/arcrole/2008/element-label" xlink:from="loc_eba_EC7" xlink:to="label_eba_EC7" />
    <link:loc xlink:type="locator" xlink:href="hier.xsd#eba_EC8" xlink:label="loc_eba_EC8" />
    <label:label xlink:type="resource" xlink:label="label_eba_EC8" xml:lang="en" xlink:role="http://www.eba.europa.eu/xbrl/role/dpm-db-id">9460</label:label>
    <gen:arc xlink:type="arc" xlink:arcrole="http://xbrl.org/arcrole/2008/element-label" xlink:from="loc_eba_EC8" xlink:to="label_eba_EC8" />
    <link:loc xlink:type="locator" xlink:href="hier.xsd#eba_EC9" xlink:label="loc_eba_EC9" />
    <label:label xlink:type="resource" xlink:label="label_eba_EC9" xml:lang="en" xlink:role="http://www.eba.europa.eu/xbrl/role/dpm-db-id">9555</label:label>
    <gen:arc xlink:type="arc" xlink:arcrole="http://xbrl.org/arcrole/2008/element-label" xlink:from="loc_eba_EC9" xlink:to="label_eba_EC9" />
    <link:loc xlink:type="locator" xlink:href="hier.xsd#eba_EC10" xlink:label="loc_eba_EC10" />
    <label:label xlink:type="resource" xlink:label="label_eba_EC10" xml:lang="en" xlink:role="http://www.eba.europa.eu/xbrl/role/dpm-db-id">12546</label:label>
    <gen:arc xlink:type="arc" xlink:arcrole="http://xbrl.org/arcrole/2008/element-label" xlink:from="loc_eba_EC10" xlink:to="label_eba_EC10" />
    <link:loc xlink:type="locator" xlink:href="hier.xsd#eba_EC11" xlink:label="loc_eba_EC11" />
    <label:label xlink:type="resource" xlink:label="label_eba_EC11" xml:lang="en" xlink:role="http://www.eba.europa.eu/xbrl/role/dpm-db-id">12562</label:label>
    <gen:arc xlink:type="arc" xlink:arcrole="http://xbrl.org/arcrole/2008/element-label" xlink:from="loc_eba_EC11" xlink:to="label_eba_EC11" />
  </gen:link>
</link:linkbase>