﻿<?xml version="1.0" encoding="utf-8"?>
<?taxonomy-version 2.8.0.0 ?> <?taxonomy-set-overall-version 2.8.0.0 ?>
<!--(C) EBA-->
<link:linkbase xmlns:xsi="http://www.w3.org/2001/XMLSchema-instance" xmlns:xlink="http://www.w3.org/1999/xlink" xmlns:link="http://www.xbrl.org/2003/linkbase" xsi:schemaLocation="http://www.xbrl.org/2003/linkbase http://www.xbrl.org/2003/xbrl-linkbase-2003-12-31.xsd">
  <link:labelLink xlink:type="extended" xlink:role="http://www.xbrl.org/2003/role/link">
    <link:loc xlink:type="locator" xlink:href="mem.xsd#eba_x1" xlink:label="loc_eba_x1" />
    <link:label xlink:type="resource" xlink:label="label_eba_x1" xml:lang="en" xlink:role="http://www.xbrl.org/2003/role/label">Equity exposures</link:label>
    <link:labelArc xlink:type="arc" xlink:arcrole="http://www.xbrl.org/2003/arcrole/concept-label" xlink:from="loc_eba_x1" xlink:to="label_eba_x1" />
    <link:label xlink:type="resource" xlink:label="label_eba_x1_1" xml:lang="en" xlink:role="http://www.xbrl.org/2003/role/documentation">CRR 147 ¶6</link:label>
    <link:labelArc xlink:type="arc" xlink:arcrole="http://www.xbrl.org/2003/arcrole/concept-label" xlink:from="loc_eba_x1" xlink:to="label_eba_x1_1" />
    <link:loc xlink:type="locator" xlink:href="mem.xsd#eba_x2" xlink:label="loc_eba_x2" />
    <link:label xlink:type="resource" xlink:label="label_eba_x2" xml:lang="en" xlink:role="http://www.xbrl.org/2003/role/label">Exposures to corporates other than specialised lending</link:label>
    <link:labelArc xlink:type="arc" xlink:arcrole="http://www.xbrl.org/2003/arcrole/concept-label" xlink:from="loc_eba_x2" xlink:to="label_eba_x2" />
    <link:loc xlink:type="locator" xlink:href="mem.xsd#eba_x3" xlink:label="loc_eba_x3" />
    <link:label xlink:type="resource" xlink:label="label_eba_x3" xml:lang="en" xlink:role="http://www.xbrl.org/2003/role/label">Exposures to corporates - specialised lending</link:label>
    <link:labelArc xlink:type="arc" xlink:arcrole="http://www.xbrl.org/2003/arcrole/concept-label" xlink:from="loc_eba_x3" xlink:to="label_eba_x3" />
    <link:loc xlink:type="locator" xlink:href="mem.xsd#eba_x4" xlink:label="loc_eba_x4" />
    <link:label xlink:type="resource" xlink:label="label_eba_x4" xml:lang="en" xlink:role="http://www.xbrl.org/2003/role/label">Exposure classes excluding equities, securitisations and other non credit-obligation assets</link:label>
    <link:labelArc xlink:type="arc" xlink:arcrole="http://www.xbrl.org/2003/arcrole/concept-label" xlink:from="loc_eba_x4" xlink:to="label_eba_x4" />
    <link:loc xlink:type="locator" xlink:href="mem.xsd#eba_x5" xlink:label="loc_eba_x5" />
    <link:label xlink:type="resource" xlink:label="label_eba_x5" xml:lang="en" xlink:role="http://www.xbrl.org/2003/role/label">Exposures to corporates</link:label>
    <link:labelArc xlink:type="arc" xlink:arcrole="http://www.xbrl.org/2003/arcrole/concept-label" xlink:from="loc_eba_x5" xlink:to="label_eba_x5" />
    <link:loc xlink:type="locator" xlink:href="mem.xsd#eba_x6" xlink:label="loc_eba_x6" />
    <link:label xlink:type="resource" xlink:label="label_eba_x6" xml:lang="en" xlink:role="http://www.xbrl.org/2003/role/label">Other non credit-obligation assets</link:label>
    <link:labelArc xlink:type="arc" xlink:arcrole="http://www.xbrl.org/2003/arcrole/concept-label" xlink:from="loc_eba_x6" xlink:to="label_eba_x6" />
    <link:loc xlink:type="locator" xlink:href="mem.xsd#eba_x7" xlink:label="loc_eba_x7" />
    <link:label xlink:type="resource" xlink:label="label_eba_x7" xml:lang="en" xlink:role="http://www.xbrl.org/2003/role/label">Retail exposures - other</link:label>
    <link:labelArc xlink:type="arc" xlink:arcrole="http://www.xbrl.org/2003/arcrole/concept-label" xlink:from="loc_eba_x7" xlink:to="label_eba_x7" />
    <link:loc xlink:type="locator" xlink:href="mem.xsd#eba_x8" xlink:label="loc_eba_x8" />
    <link:label xlink:type="resource" xlink:label="label_eba_x8" xml:lang="en" xlink:role="http://www.xbrl.org/2003/role/label">Retail exposures - qualifying revolving</link:label>
    <link:labelArc xlink:type="arc" xlink:arcrole="http://www.xbrl.org/2003/arcrole/concept-label" xlink:from="loc_eba_x8" xlink:to="label_eba_x8" />
    <link:loc xlink:type="locator" xlink:href="mem.xsd#eba_x9" xlink:label="loc_eba_x9" />
    <link:label xlink:type="resource" xlink:label="label_eba_x9" xml:lang="en" xlink:role="http://www.xbrl.org/2003/role/label">Retail exposures secured by immovable property</link:label>
    <link:labelArc xlink:type="arc" xlink:arcrole="http://www.xbrl.org/2003/arcrole/concept-label" xlink:from="loc_eba_x9" xlink:to="label_eba_x9" />
    <link:loc xlink:type="locator" xlink:href="mem.xsd#eba_x0" xlink:label="loc_eba_x0" />
    <link:label xlink:type="resource" xlink:label="label_eba_x0" xml:lang="en" xlink:role="http://www.xbrl.org/2003/role/label">Not applicable/ All exposure classes</link:label>
    <link:labelArc xlink:type="arc" xlink:arcrole="http://www.xbrl.org/2003/arcrole/concept-label" xlink:from="loc_eba_x0" xlink:to="label_eba_x0" />
    <link:loc xlink:type="locator" xlink:href="mem.xsd#eba_x11" xlink:label="loc_eba_x11" />
    <link:label xlink:type="resource" xlink:label="label_eba_x11" xml:lang="en" xlink:role="http://www.xbrl.org/2003/role/label">Exposure classes excluding securitisation exposure class</link:label>
    <link:labelArc xlink:type="arc" xlink:arcrole="http://www.xbrl.org/2003/arcrole/concept-label" xlink:from="loc_eba_x11" xlink:to="label_eba_x11" />
    <link:loc xlink:type="locator" xlink:href="mem.xsd#eba_x12" xlink:label="loc_eba_x12" />
    <link:label xlink:type="resource" xlink:label="label_eba_x12" xml:lang="en" xlink:role="http://www.xbrl.org/2003/role/label">Exposures in default</link:label>
    <link:labelArc xlink:type="arc" xlink:arcrole="http://www.xbrl.org/2003/arcrole/concept-label" xlink:from="loc_eba_x12" xlink:to="label_eba_x12" />
    <link:loc xlink:type="locator" xlink:href="mem.xsd#eba_x13" xlink:label="loc_eba_x13" />
    <link:label xlink:type="resource" xlink:label="label_eba_x13" xml:lang="en" xlink:role="http://www.xbrl.org/2003/role/label">Exposures in the form of covered bonds</link:label>
    <link:labelArc xlink:type="arc" xlink:arcrole="http://www.xbrl.org/2003/arcrole/concept-label" xlink:from="loc_eba_x13" xlink:to="label_eba_x13" />
    <link:loc xlink:type="locator" xlink:href="mem.xsd#eba_x14" xlink:label="loc_eba_x14" />
    <link:label xlink:type="resource" xlink:label="label_eba_x14" xml:lang="en" xlink:role="http://www.xbrl.org/2003/role/label">Exposures in the form of units or shares in CIUs</link:label>
    <link:labelArc xlink:type="arc" xlink:arcrole="http://www.xbrl.org/2003/arcrole/concept-label" xlink:from="loc_eba_x14" xlink:to="label_eba_x14" />
    <link:loc xlink:type="locator" xlink:href="mem.xsd#eba_x15" xlink:label="loc_eba_x15" />
    <link:label xlink:type="resource" xlink:label="label_eba_x15" xml:lang="en" xlink:role="http://www.xbrl.org/2003/role/label">Exposures secured by mortgages on immovable property</link:label>
    <link:labelArc xlink:type="arc" xlink:arcrole="http://www.xbrl.org/2003/arcrole/concept-label" xlink:from="loc_eba_x15" xlink:to="label_eba_x15" />
    <link:loc xlink:type="locator" xlink:href="mem.xsd#eba_x16" xlink:label="loc_eba_x16" />
    <link:label xlink:type="resource" xlink:label="label_eba_x16" xml:lang="en" xlink:role="http://www.xbrl.org/2003/role/label">Exposures to central governments or central banks</link:label>
    <link:labelArc xlink:type="arc" xlink:arcrole="http://www.xbrl.org/2003/arcrole/concept-label" xlink:from="loc_eba_x16" xlink:to="label_eba_x16" />
    <link:label xlink:type="resource" xlink:label="label_eba_x16_1" xml:lang="en" xlink:role="http://www.xbrl.org/2003/role/documentation">CRR 107 ¶1.a</link:label>
    <link:labelArc xlink:type="arc" xlink:arcrole="http://www.xbrl.org/2003/arcrole/concept-label" xlink:from="loc_eba_x16" xlink:to="label_eba_x16_1" />
    <link:loc xlink:type="locator" xlink:href="mem.xsd#eba_x17" xlink:label="loc_eba_x17" />
    <link:label xlink:type="resource" xlink:label="label_eba_x17" xml:lang="en" xlink:role="http://www.xbrl.org/2003/role/label">Exposures to corporates without a short-term credit assessment</link:label>
    <link:labelArc xlink:type="arc" xlink:arcrole="http://www.xbrl.org/2003/arcrole/concept-label" xlink:from="loc_eba_x17" xlink:to="label_eba_x17" />
    <link:loc xlink:type="locator" xlink:href="mem.xsd#eba_x18" xlink:label="loc_eba_x18" />
    <link:label xlink:type="resource" xlink:label="label_eba_x18" xml:lang="en" xlink:role="http://www.xbrl.org/2003/role/label">Exposures to institutions and corporates with a short-term credit assessment</link:label>
    <link:labelArc xlink:type="arc" xlink:arcrole="http://www.xbrl.org/2003/arcrole/concept-label" xlink:from="loc_eba_x18" xlink:to="label_eba_x18" />
    <link:loc xlink:type="locator" xlink:href="mem.xsd#eba_x19" xlink:label="loc_eba_x19" />
    <link:label xlink:type="resource" xlink:label="label_eba_x19" xml:lang="en" xlink:role="http://www.xbrl.org/2003/role/label">Exposures to institutions without a short-term credit assessment</link:label>
    <link:labelArc xlink:type="arc" xlink:arcrole="http://www.xbrl.org/2003/arcrole/concept-label" xlink:from="loc_eba_x19" xlink:to="label_eba_x19" />
    <link:loc xlink:type="locator" xlink:href="mem.xsd#eba_x20" xlink:label="loc_eba_x20" />
    <link:label xlink:type="resource" xlink:label="label_eba_x20" xml:lang="en" xlink:role="http://www.xbrl.org/2003/role/label">Exposures to international organisations</link:label>
    <link:labelArc xlink:type="arc" xlink:arcrole="http://www.xbrl.org/2003/arcrole/concept-label" xlink:from="loc_eba_x20" xlink:to="label_eba_x20" />
    <link:loc xlink:type="locator" xlink:href="mem.xsd#eba_x21" xlink:label="loc_eba_x21" />
    <link:label xlink:type="resource" xlink:label="label_eba_x21" xml:lang="en" xlink:role="http://www.xbrl.org/2003/role/label">Exposures to multilateral development banks</link:label>
    <link:labelArc xlink:type="arc" xlink:arcrole="http://www.xbrl.org/2003/arcrole/concept-label" xlink:from="loc_eba_x21" xlink:to="label_eba_x21" />
    <link:loc xlink:type="locator" xlink:href="mem.xsd#eba_x22" xlink:label="loc_eba_x22" />
    <link:label xlink:type="resource" xlink:label="label_eba_x22" xml:lang="en" xlink:role="http://www.xbrl.org/2003/role/label">Exposures to public sector entities</link:label>
    <link:labelArc xlink:type="arc" xlink:arcrole="http://www.xbrl.org/2003/arcrole/concept-label" xlink:from="loc_eba_x22" xlink:to="label_eba_x22" />
    <link:loc xlink:type="locator" xlink:href="mem.xsd#eba_x23" xlink:label="loc_eba_x23" />
    <link:label xlink:type="resource" xlink:label="label_eba_x23" xml:lang="en" xlink:role="http://www.xbrl.org/2003/role/label">Exposures to regional governments or local authorities</link:label>
    <link:labelArc xlink:type="arc" xlink:arcrole="http://www.xbrl.org/2003/arcrole/concept-label" xlink:from="loc_eba_x23" xlink:to="label_eba_x23" />
    <link:loc xlink:type="locator" xlink:href="mem.xsd#eba_x24" xlink:label="loc_eba_x24" />
    <link:label xlink:type="resource" xlink:label="label_eba_x24" xml:lang="en" xlink:role="http://www.xbrl.org/2003/role/label">Items associated with a particular high risk</link:label>
    <link:labelArc xlink:type="arc" xlink:arcrole="http://www.xbrl.org/2003/arcrole/concept-label" xlink:from="loc_eba_x24" xlink:to="label_eba_x24" />
    <link:loc xlink:type="locator" xlink:href="mem.xsd#eba_x25" xlink:label="loc_eba_x25" />
    <link:label xlink:type="resource" xlink:label="label_eba_x25" xml:lang="en" xlink:role="http://www.xbrl.org/2003/role/label">Other items</link:label>
    <link:labelArc xlink:type="arc" xlink:arcrole="http://www.xbrl.org/2003/arcrole/concept-label" xlink:from="loc_eba_x25" xlink:to="label_eba_x25" />
    <link:loc xlink:type="locator" xlink:href="mem.xsd#eba_x26" xlink:label="loc_eba_x26" />
    <link:label xlink:type="resource" xlink:label="label_eba_x26" xml:lang="en" xlink:role="http://www.xbrl.org/2003/role/label">Retail exposures</link:label>
    <link:labelArc xlink:type="arc" xlink:arcrole="http://www.xbrl.org/2003/arcrole/concept-label" xlink:from="loc_eba_x26" xlink:to="label_eba_x26" />
    <link:loc xlink:type="locator" xlink:href="mem.xsd#eba_x27" xlink:label="loc_eba_x27" />
    <link:label xlink:type="resource" xlink:label="label_eba_x27" xml:lang="en" xlink:role="http://www.xbrl.org/2003/role/label">Items representing securitisation positions</link:label>
    <link:labelArc xlink:type="arc" xlink:arcrole="http://www.xbrl.org/2003/arcrole/concept-label" xlink:from="loc_eba_x27" xlink:to="label_eba_x27" />
    <link:loc xlink:type="locator" xlink:href="mem.xsd#eba_x28" xlink:label="loc_eba_x28" />
    <link:label xlink:type="resource" xlink:label="label_eba_x28" xml:lang="en" xlink:role="http://www.xbrl.org/2003/role/label">Equity exposures, Items representing securitisation positions, Other non-credit obligation assets</link:label>
    <link:labelArc xlink:type="arc" xlink:arcrole="http://www.xbrl.org/2003/arcrole/concept-label" xlink:from="loc_eba_x28" xlink:to="label_eba_x28" />
    <link:loc xlink:type="locator" xlink:href="mem.xsd#eba_x29" xlink:label="loc_eba_x29" />
    <link:label xlink:type="resource" xlink:label="label_eba_x29" xml:lang="en" xlink:role="http://www.xbrl.org/2003/role/label">Retail exposures, Exposures to corporate</link:label>
    <link:labelArc xlink:type="arc" xlink:arcrole="http://www.xbrl.org/2003/arcrole/concept-label" xlink:from="loc_eba_x29" xlink:to="label_eba_x29" />
    <link:loc xlink:type="locator" xlink:href="mem.xsd#eba_x30" xlink:label="loc_eba_x30" />
    <link:label xlink:type="resource" xlink:label="label_eba_x30" xml:lang="en" xlink:role="http://www.xbrl.org/2003/role/label">Exposures to central governments or central banks, Exposures to regional governments or local authorities, Exposures to multilateral development banks, Exposures to international organisations, Exposures to public sector entities</link:label>
    <link:labelArc xlink:type="arc" xlink:arcrole="http://www.xbrl.org/2003/arcrole/concept-label" xlink:from="loc_eba_x30" xlink:to="label_eba_x30" />
    <link:loc xlink:type="locator" xlink:href="mem.xsd#eba_x31" xlink:label="loc_eba_x31" />
    <link:label xlink:type="resource" xlink:label="label_eba_x31" xml:lang="en" xlink:role="http://www.xbrl.org/2003/role/label">Exposures to multilateral development banks, Exposures to international organisations</link:label>
    <link:labelArc xlink:type="arc" xlink:arcrole="http://www.xbrl.org/2003/arcrole/concept-label" xlink:from="loc_eba_x31" xlink:to="label_eba_x31" />
    <link:loc xlink:type="locator" xlink:href="mem.xsd#eba_x32" xlink:label="loc_eba_x32" />
    <link:label xlink:type="resource" xlink:label="label_eba_x32" xml:lang="en" xlink:role="http://www.xbrl.org/2003/role/label">Exposures to regional governments or local authorities, Exposures to multilateral development banks, Exposure to international organisations, Exposures to public sector entities</link:label>
    <link:labelArc xlink:type="arc" xlink:arcrole="http://www.xbrl.org/2003/arcrole/concept-label" xlink:from="loc_eba_x32" xlink:to="label_eba_x32" />
    <link:loc xlink:type="locator" xlink:href="mem.xsd#eba_x33" xlink:label="loc_eba_x33" />
    <link:label xlink:type="resource" xlink:label="label_eba_x33" xml:lang="en" xlink:role="http://www.xbrl.org/2003/role/label">Items associated with a particular high risk, Exposures to institutions and corporates with a short-term credit assessment, Exposures in the form of units or shares in CIUs , Equity claims, Other items</link:label>
    <link:labelArc xlink:type="arc" xlink:arcrole="http://www.xbrl.org/2003/arcrole/concept-label" xlink:from="loc_eba_x33" xlink:to="label_eba_x33" />
    <link:loc xlink:type="locator" xlink:href="mem.xsd#eba_x34" xlink:label="loc_eba_x34" />
    <link:label xlink:type="resource" xlink:label="label_eba_x34" xml:lang="en" xlink:role="http://www.xbrl.org/2003/role/label">Exposures classes other than central governments or central banks</link:label>
    <link:labelArc xlink:type="arc" xlink:arcrole="http://www.xbrl.org/2003/arcrole/concept-label" xlink:from="loc_eba_x34" xlink:to="label_eba_x34" />
    <link:loc xlink:type="locator" xlink:href="mem.xsd#eba_x35" xlink:label="loc_eba_x35" />
    <link:label xlink:type="resource" xlink:label="label_eba_x35" xml:lang="en" xlink:role="http://www.xbrl.org/2003/role/label">Exposures to institutions</link:label>
    <link:labelArc xlink:type="arc" xlink:arcrole="http://www.xbrl.org/2003/arcrole/concept-label" xlink:from="loc_eba_x35" xlink:to="label_eba_x35" />
    <link:loc xlink:type="locator" xlink:href="mem.xsd#eba_x36" xlink:label="loc_eba_x36" />
    <link:label xlink:type="resource" xlink:label="label_eba_x36" xml:lang="en" xlink:role="http://www.xbrl.org/2003/role/label">Exposures other than in the form of covered bonds</link:label>
    <link:labelArc xlink:type="arc" xlink:arcrole="http://www.xbrl.org/2003/arcrole/concept-label" xlink:from="loc_eba_x36" xlink:to="label_eba_x36" />
    <link:loc xlink:type="locator" xlink:href="mem.xsd#eba_x37" xlink:label="loc_eba_x37" />
    <link:label xlink:type="resource" xlink:label="label_eba_x37" xml:lang="en" xlink:role="http://www.xbrl.org/2003/role/label">IRB Claims or contingent claims excluding equity claims and securitisation positions</link:label>
    <link:labelArc xlink:type="arc" xlink:arcrole="http://www.xbrl.org/2003/arcrole/concept-label" xlink:from="loc_eba_x37" xlink:to="label_eba_x37" />
    <link:loc xlink:type="locator" xlink:href="mem.xsd#eba_x39" xlink:label="loc_eba_x39" />
    <link:label xlink:type="resource" xlink:label="label_eba_x39" xml:lang="en" xlink:role="http://www.xbrl.org/2003/role/label">Exposures classes other than Retail exposures</link:label>
    <link:labelArc xlink:type="arc" xlink:arcrole="http://www.xbrl.org/2003/arcrole/concept-label" xlink:from="loc_eba_x39" xlink:to="label_eba_x39" />
    <link:loc xlink:type="locator" xlink:href="mem.xsd#eba_x40" xlink:label="loc_eba_x40" />
    <link:label xlink:type="resource" xlink:label="label_eba_x40" xml:lang="en" xlink:role="http://www.xbrl.org/2003/role/label">Exposure classes excluding securitisations and other non credit-obligation assets</link:label>
    <link:labelArc xlink:type="arc" xlink:arcrole="http://www.xbrl.org/2003/arcrole/concept-label" xlink:from="loc_eba_x40" xlink:to="label_eba_x40" />
    <link:loc xlink:type="locator" xlink:href="mem.xsd#eba_x41" xlink:label="loc_eba_x41" />
    <link:label xlink:type="resource" xlink:label="label_eba_x41" xml:lang="en" xlink:role="http://www.xbrl.org/2003/role/label">Exposures to corporates other than specialised lending. SMEs</link:label>
    <link:labelArc xlink:type="arc" xlink:arcrole="http://www.xbrl.org/2003/arcrole/concept-label" xlink:from="loc_eba_x41" xlink:to="label_eba_x41" />
    <link:loc xlink:type="locator" xlink:href="mem.xsd#eba_x42" xlink:label="loc_eba_x42" />
    <link:label xlink:type="resource" xlink:label="label_eba_x42" xml:lang="en" xlink:role="http://www.xbrl.org/2003/role/label">Exposures to corporates - specialised lending. Non-SMEs</link:label>
    <link:labelArc xlink:type="arc" xlink:arcrole="http://www.xbrl.org/2003/arcrole/concept-label" xlink:from="loc_eba_x42" xlink:to="label_eba_x42" />
    <link:loc xlink:type="locator" xlink:href="mem.xsd#eba_x43" xlink:label="loc_eba_x43" />
    <link:label xlink:type="resource" xlink:label="label_eba_x43" xml:lang="en" xlink:role="http://www.xbrl.org/2003/role/label">Exposures to corporates other than specialised lending. Non-SMEs</link:label>
    <link:labelArc xlink:type="arc" xlink:arcrole="http://www.xbrl.org/2003/arcrole/concept-label" xlink:from="loc_eba_x43" xlink:to="label_eba_x43" />
    <link:loc xlink:type="locator" xlink:href="mem.xsd#eba_x44" xlink:label="loc_eba_x44" />
    <link:label xlink:type="resource" xlink:label="label_eba_x44" xml:lang="en" xlink:role="http://www.xbrl.org/2003/role/label">Retail exposures secured by immovable property. SMEs</link:label>
    <link:labelArc xlink:type="arc" xlink:arcrole="http://www.xbrl.org/2003/arcrole/concept-label" xlink:from="loc_eba_x44" xlink:to="label_eba_x44" />
    <link:loc xlink:type="locator" xlink:href="mem.xsd#eba_x45" xlink:label="loc_eba_x45" />
    <link:label xlink:type="resource" xlink:label="label_eba_x45" xml:lang="en" xlink:role="http://www.xbrl.org/2003/role/label">Retail exposures secured by immovable property. Non-SMEs</link:label>
    <link:labelArc xlink:type="arc" xlink:arcrole="http://www.xbrl.org/2003/arcrole/concept-label" xlink:from="loc_eba_x45" xlink:to="label_eba_x45" />
    <link:loc xlink:type="locator" xlink:href="mem.xsd#eba_x46" xlink:label="loc_eba_x46" />
    <link:label xlink:type="resource" xlink:label="label_eba_x46" xml:lang="en" xlink:role="http://www.xbrl.org/2003/role/label">Retail exposures - qualifying revolving. Non-SMEs</link:label>
    <link:labelArc xlink:type="arc" xlink:arcrole="http://www.xbrl.org/2003/arcrole/concept-label" xlink:from="loc_eba_x46" xlink:to="label_eba_x46" />
    <link:loc xlink:type="locator" xlink:href="mem.xsd#eba_x47" xlink:label="loc_eba_x47" />
    <link:label xlink:type="resource" xlink:label="label_eba_x47" xml:lang="en" xlink:role="http://www.xbrl.org/2003/role/label">Retail exposures - other. SMEs</link:label>
    <link:labelArc xlink:type="arc" xlink:arcrole="http://www.xbrl.org/2003/arcrole/concept-label" xlink:from="loc_eba_x47" xlink:to="label_eba_x47" />
    <link:loc xlink:type="locator" xlink:href="mem.xsd#eba_x48" xlink:label="loc_eba_x48" />
    <link:label xlink:type="resource" xlink:label="label_eba_x48" xml:lang="en" xlink:role="http://www.xbrl.org/2003/role/label">Retail exposures - other. Non SMEs</link:label>
    <link:labelArc xlink:type="arc" xlink:arcrole="http://www.xbrl.org/2003/arcrole/concept-label" xlink:from="loc_eba_x48" xlink:to="label_eba_x48" />
    <link:loc xlink:type="locator" xlink:href="mem.xsd#eba_x49" xlink:label="loc_eba_x49" />
    <link:label xlink:type="resource" xlink:label="label_eba_x49" xml:lang="en" xlink:role="http://www.xbrl.org/2003/role/label">Not applicable (exposure class)</link:label>
    <link:labelArc xlink:type="arc" xlink:arcrole="http://www.xbrl.org/2003/arcrole/concept-label" xlink:from="loc_eba_x49" xlink:to="label_eba_x49" />
    <link:loc xlink:type="locator" xlink:href="mem.xsd#eba_x202" xlink:label="loc_eba_x202" />
    <link:label xlink:type="resource" xlink:label="label_eba_x202" xml:lang="en" xlink:role="http://www.xbrl.org/2003/role/label">Exposures other than exposures to central governments,  central banks, regional governments or local authorities, public sector entities and international organisations</link:label>
    <link:labelArc xlink:type="arc" xlink:arcrole="http://www.xbrl.org/2003/arcrole/concept-label" xlink:from="loc_eba_x202" xlink:to="label_eba_x202" />
    <link:loc xlink:type="locator" xlink:href="mem.xsd#eba_x203" xlink:label="loc_eba_x203" />
    <link:label xlink:type="resource" xlink:label="label_eba_x203" xml:lang="en" xlink:role="http://www.xbrl.org/2003/role/label">Exposures other than exposures to central governments or central banks and institutions</link:label>
    <link:labelArc xlink:type="arc" xlink:arcrole="http://www.xbrl.org/2003/arcrole/concept-label" xlink:from="loc_eba_x203" xlink:to="label_eba_x203" />
  </link:labelLink>
</link:linkbase>