<ns0:linkbase xmlns:ns0="http://www.xbrl.org/2003/linkbase" xmlns:ns2="http://www.w3.org/1999/xlink" xmlns:ns3="http://xbrl.org/2005/xbrldt" xmlns:xsi="http://www.w3.org/2001/XMLSchema-instance" xsi:schemaLocation="http://www.xbrl.org/2003/linkbase http://www.xbrl.org/2003/xbrl-linkbase-2003-12-31.xsd">
    <ns0:roleRef roleURI="http://ferc.gov/form/2020-01-01/roles/Schedule/F1/ScheduleAccumulatedDeferredIncomeTaxesOtherElectric-283" ns2:href="form-1-sched-AccumulatedDeferredIncomeTaxesOther_2020-01-01.xsd#roleType_ScheduleAccumulatedDeferredIncomeTaxesOtherElectric-283" ns2:type="simple" />
    <ns0:roleRef roleURI="http://ferc.gov/form/2020-01-01/roles/Schedule/F1/ScheduleAccumulatedDeferredIncomeTaxesOtherGas-283" ns2:href="form-1-sched-AccumulatedDeferredIncomeTaxesOther_2020-01-01.xsd#roleType_ScheduleAccumulatedDeferredIncomeTaxesOtherGas-283" ns2:type="simple" />
    <ns0:arcroleRef arcroleURI="http://xbrl.org/int/dim/arcrole/dimension-domain" ns2:href="http://www.xbrl.org/2005/xbrldt-2005.xsd#dimension-domain" ns2:type="simple" />
    <ns0:arcroleRef arcroleURI="http://xbrl.org/int/dim/arcrole/dimension-default" ns2:href="http://www.xbrl.org/2005/xbrldt-2005.xsd#dimension-default" ns2:type="simple" />
    <ns0:arcroleRef arcroleURI="http://xbrl.org/int/dim/arcrole/hypercube-dimension" ns2:href="http://www.xbrl.org/2005/xbrldt-2005.xsd#hypercube-dimension" ns2:type="simple" />
    <ns0:roleRef roleURI="http://ferc.gov/form/2020-01-01/roles/Schedule/F1/ScheduleAccumulatedDeferredIncomeTaxesOtherClassifiedbyTaxTypes-283" ns2:href="form-1-sched-AccumulatedDeferredIncomeTaxesOther_2020-01-01.xsd#roleType_ScheduleAccumulatedDeferredIncomeTaxesOtherClassifiedbyTaxTypes-283" ns2:type="simple" />
    <ns0:roleRef roleURI="http://ferc.gov/form/2020-01-01/roles/Schedule/F1/ScheduleAccumulatedDeferredIncomeTaxesOtherClassifiedByBusinessActivities-283" ns2:href="form-1-sched-AccumulatedDeferredIncomeTaxesOther_2020-01-01.xsd#roleType_ScheduleAccumulatedDeferredIncomeTaxesOtherClassifiedByBusinessActivities-283" ns2:type="simple" />
    <ns0:arcroleRef arcroleURI="http://xbrl.org/int/dim/arcrole/all" ns2:href="http://www.xbrl.org/2005/xbrldt-2005.xsd#all" ns2:type="simple" />
    <ns0:roleRef roleURI="http://ferc.gov/form/2020-01-01/roles/Schedule/F1/ScheduleAccumulatedDeferredIncomeTaxesOtherTotal-283" ns2:href="form-1-sched-AccumulatedDeferredIncomeTaxesOther_2020-01-01.xsd#roleType_ScheduleAccumulatedDeferredIncomeTaxesOtherTotal-283" ns2:type="simple" />
    <ns0:arcroleRef arcroleURI="http://xbrl.org/int/dim/arcrole/domain-member" ns2:href="http://www.xbrl.org/2005/xbrldt-2005.xsd#domain-member" ns2:type="simple" />
    <ns0:definitionLink ns2:role="http://ferc.gov/form/2020-01-01/roles/Schedule/F1/ScheduleAccumulatedDeferredIncomeTaxesOtherClassifiedByBusinessActivities-283" ns2:type="extended">
        <ns0:loc ns2:href="../../ferc-core_2020-01-01.xsd#ferc_ScheduleAccumulatedDeferredIncomeTaxesOtherAbstract" ns2:label="ferc_ScheduleAccumulatedDeferredIncomeTaxesOtherAbstract" ns2:type="locator" />
        <ns0:loc ns2:href="../../ferc-core_2020-01-01.xsd#ferc_AccumulatedDeferredIncomeTaxLiabilitiesOtherByTypeLineItems" ns2:label="ferc_AccumulatedDeferredIncomeTaxLiabilitiesOtherByTypeLineItems" ns2:type="locator" />
        <ns0:definitionArc order="1" ns2:arcrole="http://xbrl.org/int/dim/arcrole/domain-member" ns2:from="ferc_ScheduleAccumulatedDeferredIncomeTaxesOtherAbstract" ns2:to="ferc_AccumulatedDeferredIncomeTaxLiabilitiesOtherByTypeLineItems" ns2:type="arc" />
        <ns0:loc ns2:href="../../ferc-core_2020-01-01.xsd#ferc_AccumulatedDeferredIncomeTaxLiabilitiesOtherByTypeTable" ns2:label="ferc_AccumulatedDeferredIncomeTaxLiabilitiesOtherByTypeTable" ns2:type="locator" />
        <ns0:definitionArc order="1" ns2:arcrole="http://xbrl.org/int/dim/arcrole/all" ns2:from="ferc_AccumulatedDeferredIncomeTaxLiabilitiesOtherByTypeLineItems" ns2:to="ferc_AccumulatedDeferredIncomeTaxLiabilitiesOtherByTypeTable" ns2:type="arc" ns3:closed="true" ns3:contextElement="segment" />
        <ns0:loc ns2:href="../../ferc-core_2020-01-01.xsd#ferc_UtilityTypeAxis" ns2:label="ferc_UtilityTypeAxis" ns2:type="locator" />
        <ns0:definitionArc order="1" ns2:arcrole="http://xbrl.org/int/dim/arcrole/hypercube-dimension" ns2:from="ferc_AccumulatedDeferredIncomeTaxLiabilitiesOtherByTypeTable" ns2:to="ferc_UtilityTypeAxis" ns2:type="arc" />
        <ns0:loc ns2:href="../../ferc-core_2020-01-01.xsd#ferc_UtilityTypeDomain" ns2:label="ferc_UtilityTypeDomain" ns2:type="locator" />
        <ns0:definitionArc order="1" ns2:arcrole="http://xbrl.org/int/dim/arcrole/dimension-domain" ns2:from="ferc_UtilityTypeAxis" ns2:to="ferc_UtilityTypeDomain" ns2:type="arc" />
        <ns0:loc ns2:href="../../ferc-core_2020-01-01.xsd#ferc_ElectricUtilityMember" ns2:label="ferc_ElectricUtilityMember" ns2:type="locator" />
        <ns0:definitionArc order="1" ns2:arcrole="http://xbrl.org/int/dim/arcrole/domain-member" ns2:from="ferc_UtilityTypeDomain" ns2:to="ferc_ElectricUtilityMember" ns2:type="arc" />
        <ns0:loc ns2:href="../../ferc-core_2020-01-01.xsd#ferc_GasUtilityMember" ns2:label="ferc_GasUtilityMember" ns2:type="locator" />
        <ns0:definitionArc order="2" ns2:arcrole="http://xbrl.org/int/dim/arcrole/domain-member" ns2:from="ferc_UtilityTypeDomain" ns2:to="ferc_GasUtilityMember" ns2:type="arc" />
        <ns0:loc ns2:href="../../ferc-core_2020-01-01.xsd#ferc_OtherUtilityMember" ns2:label="ferc_OtherUtilityMember" ns2:type="locator" />
        <ns0:definitionArc order="3" ns2:arcrole="http://xbrl.org/int/dim/arcrole/domain-member" ns2:from="ferc_UtilityTypeDomain" ns2:to="ferc_OtherUtilityMember" ns2:type="arc" />
        <ns0:loc ns2:href="../../ferc-core_2020-01-01.xsd#ferc_AccumulatedDeferredIncomeTaxesOther" ns2:label="ferc_AccumulatedDeferredIncomeTaxesOther" ns2:type="locator" />
        <ns0:definitionArc order="2" ns2:arcrole="http://xbrl.org/int/dim/arcrole/domain-member" ns2:from="ferc_AccumulatedDeferredIncomeTaxLiabilitiesOtherByTypeLineItems" ns2:to="ferc_AccumulatedDeferredIncomeTaxesOther" ns2:type="arc" />
        <ns0:loc ns2:href="../../ferc-core_2020-01-01.xsd#ferc_AccumulatedDeferredIncomeTaxLiabilitiesOtherChangesDebitedToProvisionForDeferredIncomeTaxesOperatingIncome" ns2:label="ferc_AccumulatedDeferredIncomeTaxLiabilitiesOtherChangesDebitedToProvisionForDeferredIncomeTaxesOperatingIncome" ns2:type="locator" />
        <ns0:definitionArc order="3" ns2:arcrole="http://xbrl.org/int/dim/arcrole/domain-member" ns2:from="ferc_AccumulatedDeferredIncomeTaxLiabilitiesOtherByTypeLineItems" ns2:to="ferc_AccumulatedDeferredIncomeTaxLiabilitiesOtherChangesDebitedToProvisionForDeferredIncomeTaxesOperatingIncome" ns2:type="arc" />
        <ns0:loc ns2:href="../../ferc-core_2020-01-01.xsd#ferc_AccumulatedDeferredIncomeTaxLiabilitiesOtherChangesCreditedToProvisionForDeferredIncomeTaxesOperatingIncome" ns2:label="ferc_AccumulatedDeferredIncomeTaxLiabilitiesOtherChangesCreditedToProvisionForDeferredIncomeTaxesOperatingIncome" ns2:type="locator" />
        <ns0:definitionArc order="4" ns2:arcrole="http://xbrl.org/int/dim/arcrole/domain-member" ns2:from="ferc_AccumulatedDeferredIncomeTaxLiabilitiesOtherByTypeLineItems" ns2:to="ferc_AccumulatedDeferredIncomeTaxLiabilitiesOtherChangesCreditedToProvisionForDeferredIncomeTaxesOperatingIncome" ns2:type="arc" />
        <ns0:loc ns2:href="../../ferc-core_2020-01-01.xsd#ferc_AccumulatedDeferredIncomeTaxLiabilitiesOtherChangesDebitedToProvisionForDeferredIncomeTaxesOtherIncomeAndDeductions" ns2:label="ferc_AccumulatedDeferredIncomeTaxLiabilitiesOtherChangesDebitedToProvisionForDeferredIncomeTaxesOtherIncomeAndDeductions" ns2:type="locator" />
        <ns0:definitionArc order="5" ns2:arcrole="http://xbrl.org/int/dim/arcrole/domain-member" ns2:from="ferc_AccumulatedDeferredIncomeTaxLiabilitiesOtherByTypeLineItems" ns2:to="ferc_AccumulatedDeferredIncomeTaxLiabilitiesOtherChangesDebitedToProvisionForDeferredIncomeTaxesOtherIncomeAndDeductions" ns2:type="arc" />
        <ns0:loc ns2:href="../../ferc-core_2020-01-01.xsd#ferc_AccumulatedDeferredIncomeTaxLiabilitiesOtherChangesCreditedToProvisionForDeferredIncomeTaxesOtherIncomeAndDeductions" ns2:label="ferc_AccumulatedDeferredIncomeTaxLiabilitiesOtherChangesCreditedToProvisionForDeferredIncomeTaxesOtherIncomeAndDeductions" ns2:type="locator" />
        <ns0:definitionArc order="6" ns2:arcrole="http://xbrl.org/int/dim/arcrole/domain-member" ns2:from="ferc_AccumulatedDeferredIncomeTaxLiabilitiesOtherByTypeLineItems" ns2:to="ferc_AccumulatedDeferredIncomeTaxLiabilitiesOtherChangesCreditedToProvisionForDeferredIncomeTaxesOtherIncomeAndDeductions" ns2:type="arc" />
        <ns0:loc ns2:href="../../ferc-core_2020-01-01.xsd#ferc_AccumulatedDeferredIncomeTaxLiabilitiesOtherDescriptionOfDebitedAccountNumber" ns2:label="ferc_AccumulatedDeferredIncomeTaxLiabilitiesOtherDescriptionOfDebitedAccountNumber" ns2:type="locator" />
        <ns0:definitionArc order="7" ns2:arcrole="http://xbrl.org/int/dim/arcrole/domain-member" ns2:from="ferc_AccumulatedDeferredIncomeTaxLiabilitiesOtherByTypeLineItems" ns2:to="ferc_AccumulatedDeferredIncomeTaxLiabilitiesOtherDescriptionOfDebitedAccountNumber" ns2:type="arc" />
        <ns0:loc ns2:href="../../ferc-core_2020-01-01.xsd#ferc_AccumulatedDeferredIncomeTaxLiabilitiesOtherAdjustmentsDebitedToAccount" ns2:label="ferc_AccumulatedDeferredIncomeTaxLiabilitiesOtherAdjustmentsDebitedToAccount" ns2:type="locator" />
        <ns0:definitionArc order="8" ns2:arcrole="http://xbrl.org/int/dim/arcrole/domain-member" ns2:from="ferc_AccumulatedDeferredIncomeTaxLiabilitiesOtherByTypeLineItems" ns2:to="ferc_AccumulatedDeferredIncomeTaxLiabilitiesOtherAdjustmentsDebitedToAccount" ns2:type="arc" />
        <ns0:loc ns2:href="../../ferc-core_2020-01-01.xsd#ferc_AccumulatedDeferredIncomeTaxLiabilitiesOtherDescriptionOfCreditedAccountNumber" ns2:label="ferc_AccumulatedDeferredIncomeTaxLiabilitiesOtherDescriptionOfCreditedAccountNumber" ns2:type="locator" />
        <ns0:definitionArc order="9" ns2:arcrole="http://xbrl.org/int/dim/arcrole/domain-member" ns2:from="ferc_AccumulatedDeferredIncomeTaxLiabilitiesOtherByTypeLineItems" ns2:to="ferc_AccumulatedDeferredIncomeTaxLiabilitiesOtherDescriptionOfCreditedAccountNumber" ns2:type="arc" />
        <ns0:loc ns2:href="../../ferc-core_2020-01-01.xsd#ferc_AccumulatedDeferredIncomeTaxLiabilitiesOtherAdjustmentsCreditedToAccount" ns2:label="ferc_AccumulatedDeferredIncomeTaxLiabilitiesOtherAdjustmentsCreditedToAccount" ns2:type="locator" />
        <ns0:definitionArc order="10" ns2:arcrole="http://xbrl.org/int/dim/arcrole/domain-member" ns2:from="ferc_AccumulatedDeferredIncomeTaxLiabilitiesOtherByTypeLineItems" ns2:to="ferc_AccumulatedDeferredIncomeTaxLiabilitiesOtherAdjustmentsCreditedToAccount" ns2:type="arc" />
    </ns0:definitionLink>
    <ns0:definitionLink ns2:role="http://ferc.gov/form/2020-01-01/roles/Schedule/F1/ScheduleAccumulatedDeferredIncomeTaxesOtherElectric-283" ns2:type="extended">
        <ns0:loc ns2:href="../../ferc-core_2020-01-01.xsd#ferc_ScheduleAccumulatedDeferredIncomeTaxesOtherAbstract" ns2:label="ferc_ScheduleAccumulatedDeferredIncomeTaxesOtherAbstract" ns2:type="locator" />
        <ns0:loc ns2:href="../../ferc-core_2020-01-01.xsd#ferc_AccumulatedDeferredIncomeTaxByTypeLineItems" ns2:label="ferc_AccumulatedDeferredIncomeTaxByTypeLineItems" ns2:type="locator" />
        <ns0:definitionArc order="1" ns2:arcrole="http://xbrl.org/int/dim/arcrole/domain-member" ns2:from="ferc_ScheduleAccumulatedDeferredIncomeTaxesOtherAbstract" ns2:to="ferc_AccumulatedDeferredIncomeTaxByTypeLineItems" ns2:type="arc" />
        <ns0:loc ns2:href="../../ferc-core_2020-01-01.xsd#ferc_AccumulatedDeferredIncomeTaxByElectricTypeTable" ns2:label="ferc_AccumulatedDeferredIncomeTaxByElectricTypeTable" ns2:type="locator" />
        <ns0:definitionArc order="1" ns2:arcrole="http://xbrl.org/int/dim/arcrole/all" ns2:from="ferc_AccumulatedDeferredIncomeTaxByTypeLineItems" ns2:to="ferc_AccumulatedDeferredIncomeTaxByElectricTypeTable" ns2:type="arc" ns3:closed="true" ns3:contextElement="segment" />
        <ns0:loc ns2:href="../../ferc-core_2020-01-01.xsd#ferc_AccumulatedDeferredIncomeTaxByElectricTypeAxis" ns2:label="ferc_AccumulatedDeferredIncomeTaxByElectricTypeAxis" ns2:type="locator" />
        <ns0:definitionArc order="1" ns2:arcrole="http://xbrl.org/int/dim/arcrole/hypercube-dimension" ns2:from="ferc_AccumulatedDeferredIncomeTaxByElectricTypeTable" ns2:to="ferc_AccumulatedDeferredIncomeTaxByElectricTypeAxis" ns2:type="arc" />
        <ns0:loc ns2:href="../../ferc-core_2020-01-01.xsd#ferc_UtilityTypeAxis" ns2:label="ferc_UtilityTypeAxis" ns2:type="locator" />
        <ns0:definitionArc order="2" ns2:arcrole="http://xbrl.org/int/dim/arcrole/hypercube-dimension" ns2:from="ferc_AccumulatedDeferredIncomeTaxByElectricTypeTable" ns2:to="ferc_UtilityTypeAxis" ns2:type="arc" />
        <ns0:loc ns2:href="../../ferc-core_2020-01-01.xsd#ferc_UtilityTypeDomain" ns2:label="ferc_UtilityTypeDomain" ns2:type="locator" />
        <ns0:definitionArc order="1" ns2:arcrole="http://xbrl.org/int/dim/arcrole/dimension-domain" ns2:from="ferc_UtilityTypeAxis" ns2:to="ferc_UtilityTypeDomain" ns2:type="arc" />
        <ns0:loc ns2:href="../../ferc-core_2020-01-01.xsd#ferc_ElectricUtilityMember" ns2:label="ferc_ElectricUtilityMember" ns2:type="locator" />
        <ns0:definitionArc order="1" ns2:arcrole="http://xbrl.org/int/dim/arcrole/domain-member" ns2:from="ferc_UtilityTypeDomain" ns2:to="ferc_ElectricUtilityMember" ns2:type="arc" />
        <ns0:loc ns2:href="../../ferc-core_2020-01-01.xsd#ferc_OrderNumber" ns2:label="ferc_OrderNumber" ns2:type="locator" />
        <ns0:definitionArc order="2" ns2:arcrole="http://xbrl.org/int/dim/arcrole/domain-member" ns2:from="ferc_AccumulatedDeferredIncomeTaxByTypeLineItems" ns2:to="ferc_OrderNumber" ns2:type="arc" />
        <ns0:loc ns2:href="../../ferc-core_2020-01-01.xsd#ferc_AccumulatedDeferredIncomeTaxByElectricAbstract" ns2:label="ferc_AccumulatedDeferredIncomeTaxByElectricAbstract" ns2:type="locator" />
        <ns0:definitionArc order="3" ns2:arcrole="http://xbrl.org/int/dim/arcrole/domain-member" ns2:from="ferc_AccumulatedDeferredIncomeTaxByTypeLineItems" ns2:to="ferc_AccumulatedDeferredIncomeTaxByElectricAbstract" ns2:type="arc" />
        <ns0:loc ns2:href="../../ferc-core_2020-01-01.xsd#ferc_DescriptionOfAccumulatedDeferredIncomeTaxOther" ns2:label="ferc_DescriptionOfAccumulatedDeferredIncomeTaxOther" ns2:type="locator" />
        <ns0:definitionArc order="1" ns2:arcrole="http://xbrl.org/int/dim/arcrole/domain-member" ns2:from="ferc_AccumulatedDeferredIncomeTaxByElectricAbstract" ns2:to="ferc_DescriptionOfAccumulatedDeferredIncomeTaxOther" ns2:type="arc" />
        <ns0:loc ns2:href="../../ferc-core_2020-01-01.xsd#ferc_AccumulatedDeferredIncomeTaxesOther" ns2:label="ferc_AccumulatedDeferredIncomeTaxesOther" ns2:type="locator" />
        <ns0:definitionArc order="2" ns2:arcrole="http://xbrl.org/int/dim/arcrole/domain-member" ns2:from="ferc_AccumulatedDeferredIncomeTaxByElectricAbstract" ns2:to="ferc_AccumulatedDeferredIncomeTaxesOther" ns2:type="arc" />
        <ns0:loc ns2:href="../../ferc-core_2020-01-01.xsd#ferc_AccumulatedDeferredIncomeTaxLiabilitiesOtherChangesDebitedToProvisionForDeferredIncomeTaxesOperatingIncome" ns2:label="ferc_AccumulatedDeferredIncomeTaxLiabilitiesOtherChangesDebitedToProvisionForDeferredIncomeTaxesOperatingIncome" ns2:type="locator" />
        <ns0:definitionArc order="3" ns2:arcrole="http://xbrl.org/int/dim/arcrole/domain-member" ns2:from="ferc_AccumulatedDeferredIncomeTaxByElectricAbstract" ns2:to="ferc_AccumulatedDeferredIncomeTaxLiabilitiesOtherChangesDebitedToProvisionForDeferredIncomeTaxesOperatingIncome" ns2:type="arc" />
        <ns0:loc ns2:href="../../ferc-core_2020-01-01.xsd#ferc_AccumulatedDeferredIncomeTaxLiabilitiesOtherChangesCreditedToProvisionForDeferredIncomeTaxesOperatingIncome" ns2:label="ferc_AccumulatedDeferredIncomeTaxLiabilitiesOtherChangesCreditedToProvisionForDeferredIncomeTaxesOperatingIncome" ns2:type="locator" />
        <ns0:definitionArc order="4" ns2:arcrole="http://xbrl.org/int/dim/arcrole/domain-member" ns2:from="ferc_AccumulatedDeferredIncomeTaxByElectricAbstract" ns2:to="ferc_AccumulatedDeferredIncomeTaxLiabilitiesOtherChangesCreditedToProvisionForDeferredIncomeTaxesOperatingIncome" ns2:type="arc" />
        <ns0:loc ns2:href="../../ferc-core_2020-01-01.xsd#ferc_AccumulatedDeferredIncomeTaxLiabilitiesOtherChangesDebitedToProvisionForDeferredIncomeTaxesOtherIncomeAndDeductions" ns2:label="ferc_AccumulatedDeferredIncomeTaxLiabilitiesOtherChangesDebitedToProvisionForDeferredIncomeTaxesOtherIncomeAndDeductions" ns2:type="locator" />
        <ns0:definitionArc order="5" ns2:arcrole="http://xbrl.org/int/dim/arcrole/domain-member" ns2:from="ferc_AccumulatedDeferredIncomeTaxByElectricAbstract" ns2:to="ferc_AccumulatedDeferredIncomeTaxLiabilitiesOtherChangesDebitedToProvisionForDeferredIncomeTaxesOtherIncomeAndDeductions" ns2:type="arc" />
        <ns0:loc ns2:href="../../ferc-core_2020-01-01.xsd#ferc_AccumulatedDeferredIncomeTaxLiabilitiesOtherChangesCreditedToProvisionForDeferredIncomeTaxesOtherIncomeAndDeductions" ns2:label="ferc_AccumulatedDeferredIncomeTaxLiabilitiesOtherChangesCreditedToProvisionForDeferredIncomeTaxesOtherIncomeAndDeductions" ns2:type="locator" />
        <ns0:definitionArc order="6" ns2:arcrole="http://xbrl.org/int/dim/arcrole/domain-member" ns2:from="ferc_AccumulatedDeferredIncomeTaxByElectricAbstract" ns2:to="ferc_AccumulatedDeferredIncomeTaxLiabilitiesOtherChangesCreditedToProvisionForDeferredIncomeTaxesOtherIncomeAndDeductions" ns2:type="arc" />
        <ns0:loc ns2:href="../../ferc-core_2020-01-01.xsd#ferc_AccumulatedDeferredIncomeTaxLiabilitiesOtherDescriptionOfDebitedAccountNumber" ns2:label="ferc_AccumulatedDeferredIncomeTaxLiabilitiesOtherDescriptionOfDebitedAccountNumber" ns2:type="locator" />
        <ns0:definitionArc order="7" ns2:arcrole="http://xbrl.org/int/dim/arcrole/domain-member" ns2:from="ferc_AccumulatedDeferredIncomeTaxByElectricAbstract" ns2:to="ferc_AccumulatedDeferredIncomeTaxLiabilitiesOtherDescriptionOfDebitedAccountNumber" ns2:type="arc" />
        <ns0:loc ns2:href="../../ferc-core_2020-01-01.xsd#ferc_AccumulatedDeferredIncomeTaxLiabilitiesOtherAdjustmentsDebitedToAccount" ns2:label="ferc_AccumulatedDeferredIncomeTaxLiabilitiesOtherAdjustmentsDebitedToAccount" ns2:type="locator" />
        <ns0:definitionArc order="8" ns2:arcrole="http://xbrl.org/int/dim/arcrole/domain-member" ns2:from="ferc_AccumulatedDeferredIncomeTaxByElectricAbstract" ns2:to="ferc_AccumulatedDeferredIncomeTaxLiabilitiesOtherAdjustmentsDebitedToAccount" ns2:type="arc" />
        <ns0:loc ns2:href="../../ferc-core_2020-01-01.xsd#ferc_AccumulatedDeferredIncomeTaxLiabilitiesOtherDescriptionOfCreditedAccountNumber" ns2:label="ferc_AccumulatedDeferredIncomeTaxLiabilitiesOtherDescriptionOfCreditedAccountNumber" ns2:type="locator" />
        <ns0:definitionArc order="9" ns2:arcrole="http://xbrl.org/int/dim/arcrole/domain-member" ns2:from="ferc_AccumulatedDeferredIncomeTaxByElectricAbstract" ns2:to="ferc_AccumulatedDeferredIncomeTaxLiabilitiesOtherDescriptionOfCreditedAccountNumber" ns2:type="arc" />
        <ns0:loc ns2:href="../../ferc-core_2020-01-01.xsd#ferc_AccumulatedDeferredIncomeTaxLiabilitiesOtherAdjustmentsCreditedToAccount" ns2:label="ferc_AccumulatedDeferredIncomeTaxLiabilitiesOtherAdjustmentsCreditedToAccount" ns2:type="locator" />
        <ns0:definitionArc order="10" ns2:arcrole="http://xbrl.org/int/dim/arcrole/domain-member" ns2:from="ferc_AccumulatedDeferredIncomeTaxByElectricAbstract" ns2:to="ferc_AccumulatedDeferredIncomeTaxLiabilitiesOtherAdjustmentsCreditedToAccount" ns2:type="arc" />
    </ns0:definitionLink>
    <ns0:definitionLink ns2:role="http://ferc.gov/form/2020-01-01/roles/Schedule/F1/ScheduleAccumulatedDeferredIncomeTaxesOtherGas-283" ns2:type="extended">
        <ns0:loc ns2:href="../../ferc-core_2020-01-01.xsd#ferc_ScheduleAccumulatedDeferredIncomeTaxesOtherAbstract" ns2:label="ferc_ScheduleAccumulatedDeferredIncomeTaxesOtherAbstract" ns2:type="locator" />
        <ns0:loc ns2:href="../../ferc-core_2020-01-01.xsd#ferc_AccumulatedDeferredIncomeTaxByTypeLineItems" ns2:label="ferc_AccumulatedDeferredIncomeTaxByTypeLineItems" ns2:type="locator" />
        <ns0:definitionArc order="1" ns2:arcrole="http://xbrl.org/int/dim/arcrole/domain-member" ns2:from="ferc_ScheduleAccumulatedDeferredIncomeTaxesOtherAbstract" ns2:to="ferc_AccumulatedDeferredIncomeTaxByTypeLineItems" ns2:type="arc" />
        <ns0:loc ns2:href="../../ferc-core_2020-01-01.xsd#ferc_AccumulatedDeferredIncomeTaxByGasTypeTable" ns2:label="ferc_AccumulatedDeferredIncomeTaxByGasTypeTable" ns2:type="locator" />
        <ns0:definitionArc order="1" ns2:arcrole="http://xbrl.org/int/dim/arcrole/all" ns2:from="ferc_AccumulatedDeferredIncomeTaxByTypeLineItems" ns2:to="ferc_AccumulatedDeferredIncomeTaxByGasTypeTable" ns2:type="arc" ns3:closed="true" ns3:contextElement="segment" />
        <ns0:loc ns2:href="../../ferc-core_2020-01-01.xsd#ferc_AccumulatedDeferredIncomeTaxByGasTypeAxis" ns2:label="ferc_AccumulatedDeferredIncomeTaxByGasTypeAxis" ns2:type="locator" />
        <ns0:definitionArc order="1" ns2:arcrole="http://xbrl.org/int/dim/arcrole/hypercube-dimension" ns2:from="ferc_AccumulatedDeferredIncomeTaxByGasTypeTable" ns2:to="ferc_AccumulatedDeferredIncomeTaxByGasTypeAxis" ns2:type="arc" />
        <ns0:loc ns2:href="../../ferc-core_2020-01-01.xsd#ferc_UtilityTypeAxis" ns2:label="ferc_UtilityTypeAxis" ns2:type="locator" />
        <ns0:definitionArc order="2" ns2:arcrole="http://xbrl.org/int/dim/arcrole/hypercube-dimension" ns2:from="ferc_AccumulatedDeferredIncomeTaxByGasTypeTable" ns2:to="ferc_UtilityTypeAxis" ns2:type="arc" />
        <ns0:loc ns2:href="../../ferc-core_2020-01-01.xsd#ferc_UtilityTypeDomain" ns2:label="ferc_UtilityTypeDomain" ns2:type="locator" />
        <ns0:definitionArc order="1" ns2:arcrole="http://xbrl.org/int/dim/arcrole/dimension-domain" ns2:from="ferc_UtilityTypeAxis" ns2:to="ferc_UtilityTypeDomain" ns2:type="arc" />
        <ns0:loc ns2:href="../../ferc-core_2020-01-01.xsd#ferc_GasUtilityMember" ns2:label="ferc_GasUtilityMember" ns2:type="locator" />
        <ns0:definitionArc order="1" ns2:arcrole="http://xbrl.org/int/dim/arcrole/domain-member" ns2:from="ferc_UtilityTypeDomain" ns2:to="ferc_GasUtilityMember" ns2:type="arc" />
        <ns0:loc ns2:href="../../ferc-core_2020-01-01.xsd#ferc_OrderNumber" ns2:label="ferc_OrderNumber" ns2:type="locator" />
        <ns0:definitionArc order="2" ns2:arcrole="http://xbrl.org/int/dim/arcrole/domain-member" ns2:from="ferc_AccumulatedDeferredIncomeTaxByTypeLineItems" ns2:to="ferc_OrderNumber" ns2:type="arc" />
        <ns0:loc ns2:href="../../ferc-core_2020-01-01.xsd#ferc_AccumulatedDeferredIncomeTaxByGasAbstract" ns2:label="ferc_AccumulatedDeferredIncomeTaxByGasAbstract" ns2:type="locator" />
        <ns0:definitionArc order="3" ns2:arcrole="http://xbrl.org/int/dim/arcrole/domain-member" ns2:from="ferc_AccumulatedDeferredIncomeTaxByTypeLineItems" ns2:to="ferc_AccumulatedDeferredIncomeTaxByGasAbstract" ns2:type="arc" />
        <ns0:loc ns2:href="../../ferc-core_2020-01-01.xsd#ferc_DescriptionOfAccumulatedDeferredIncomeTaxOther" ns2:label="ferc_DescriptionOfAccumulatedDeferredIncomeTaxOther" ns2:type="locator" />
        <ns0:definitionArc order="1" ns2:arcrole="http://xbrl.org/int/dim/arcrole/domain-member" ns2:from="ferc_AccumulatedDeferredIncomeTaxByGasAbstract" ns2:to="ferc_DescriptionOfAccumulatedDeferredIncomeTaxOther" ns2:type="arc" />
        <ns0:loc ns2:href="../../ferc-core_2020-01-01.xsd#ferc_AccumulatedDeferredIncomeTaxesOther" ns2:label="ferc_AccumulatedDeferredIncomeTaxesOther" ns2:type="locator" />
        <ns0:definitionArc order="2" ns2:arcrole="http://xbrl.org/int/dim/arcrole/domain-member" ns2:from="ferc_AccumulatedDeferredIncomeTaxByGasAbstract" ns2:to="ferc_AccumulatedDeferredIncomeTaxesOther" ns2:type="arc" />
        <ns0:loc ns2:href="../../ferc-core_2020-01-01.xsd#ferc_AccumulatedDeferredIncomeTaxLiabilitiesOtherChangesDebitedToProvisionForDeferredIncomeTaxesOperatingIncome" ns2:label="ferc_AccumulatedDeferredIncomeTaxLiabilitiesOtherChangesDebitedToProvisionForDeferredIncomeTaxesOperatingIncome" ns2:type="locator" />
        <ns0:definitionArc order="3" ns2:arcrole="http://xbrl.org/int/dim/arcrole/domain-member" ns2:from="ferc_AccumulatedDeferredIncomeTaxByGasAbstract" ns2:to="ferc_AccumulatedDeferredIncomeTaxLiabilitiesOtherChangesDebitedToProvisionForDeferredIncomeTaxesOperatingIncome" ns2:type="arc" />
        <ns0:loc ns2:href="../../ferc-core_2020-01-01.xsd#ferc_AccumulatedDeferredIncomeTaxLiabilitiesOtherChangesCreditedToProvisionForDeferredIncomeTaxesOperatingIncome" ns2:label="ferc_AccumulatedDeferredIncomeTaxLiabilitiesOtherChangesCreditedToProvisionForDeferredIncomeTaxesOperatingIncome" ns2:type="locator" />
        <ns0:definitionArc order="4" ns2:arcrole="http://xbrl.org/int/dim/arcrole/domain-member" ns2:from="ferc_AccumulatedDeferredIncomeTaxByGasAbstract" ns2:to="ferc_AccumulatedDeferredIncomeTaxLiabilitiesOtherChangesCreditedToProvisionForDeferredIncomeTaxesOperatingIncome" ns2:type="arc" />
        <ns0:loc ns2:href="../../ferc-core_2020-01-01.xsd#ferc_AccumulatedDeferredIncomeTaxLiabilitiesOtherChangesDebitedToProvisionForDeferredIncomeTaxesOtherIncomeAndDeductions" ns2:label="ferc_AccumulatedDeferredIncomeTaxLiabilitiesOtherChangesDebitedToProvisionForDeferredIncomeTaxesOtherIncomeAndDeductions" ns2:type="locator" />
        <ns0:definitionArc order="5" ns2:arcrole="http://xbrl.org/int/dim/arcrole/domain-member" ns2:from="ferc_AccumulatedDeferredIncomeTaxByGasAbstract" ns2:to="ferc_AccumulatedDeferredIncomeTaxLiabilitiesOtherChangesDebitedToProvisionForDeferredIncomeTaxesOtherIncomeAndDeductions" ns2:type="arc" />
        <ns0:loc ns2:href="../../ferc-core_2020-01-01.xsd#ferc_AccumulatedDeferredIncomeTaxLiabilitiesOtherChangesCreditedToProvisionForDeferredIncomeTaxesOtherIncomeAndDeductions" ns2:label="ferc_AccumulatedDeferredIncomeTaxLiabilitiesOtherChangesCreditedToProvisionForDeferredIncomeTaxesOtherIncomeAndDeductions" ns2:type="locator" />
        <ns0:definitionArc order="6" ns2:arcrole="http://xbrl.org/int/dim/arcrole/domain-member" ns2:from="ferc_AccumulatedDeferredIncomeTaxByGasAbstract" ns2:to="ferc_AccumulatedDeferredIncomeTaxLiabilitiesOtherChangesCreditedToProvisionForDeferredIncomeTaxesOtherIncomeAndDeductions" ns2:type="arc" />
        <ns0:loc ns2:href="../../ferc-core_2020-01-01.xsd#ferc_AccumulatedDeferredIncomeTaxLiabilitiesOtherDescriptionOfDebitedAccountNumber" ns2:label="ferc_AccumulatedDeferredIncomeTaxLiabilitiesOtherDescriptionOfDebitedAccountNumber" ns2:type="locator" />
        <ns0:definitionArc order="7" ns2:arcrole="http://xbrl.org/int/dim/arcrole/domain-member" ns2:from="ferc_AccumulatedDeferredIncomeTaxByGasAbstract" ns2:to="ferc_AccumulatedDeferredIncomeTaxLiabilitiesOtherDescriptionOfDebitedAccountNumber" ns2:type="arc" />
        <ns0:loc ns2:href="../../ferc-core_2020-01-01.xsd#ferc_AccumulatedDeferredIncomeTaxLiabilitiesOtherAdjustmentsDebitedToAccount" ns2:label="ferc_AccumulatedDeferredIncomeTaxLiabilitiesOtherAdjustmentsDebitedToAccount" ns2:type="locator" />
        <ns0:definitionArc order="8" ns2:arcrole="http://xbrl.org/int/dim/arcrole/domain-member" ns2:from="ferc_AccumulatedDeferredIncomeTaxByGasAbstract" ns2:to="ferc_AccumulatedDeferredIncomeTaxLiabilitiesOtherAdjustmentsDebitedToAccount" ns2:type="arc" />
        <ns0:loc ns2:href="../../ferc-core_2020-01-01.xsd#ferc_AccumulatedDeferredIncomeTaxLiabilitiesOtherDescriptionOfCreditedAccountNumber" ns2:label="ferc_AccumulatedDeferredIncomeTaxLiabilitiesOtherDescriptionOfCreditedAccountNumber" ns2:type="locator" />
        <ns0:definitionArc order="9" ns2:arcrole="http://xbrl.org/int/dim/arcrole/domain-member" ns2:from="ferc_AccumulatedDeferredIncomeTaxByGasAbstract" ns2:to="ferc_AccumulatedDeferredIncomeTaxLiabilitiesOtherDescriptionOfCreditedAccountNumber" ns2:type="arc" />
        <ns0:loc ns2:href="../../ferc-core_2020-01-01.xsd#ferc_AccumulatedDeferredIncomeTaxLiabilitiesOtherAdjustmentsCreditedToAccount" ns2:label="ferc_AccumulatedDeferredIncomeTaxLiabilitiesOtherAdjustmentsCreditedToAccount" ns2:type="locator" />
        <ns0:definitionArc order="10" ns2:arcrole="http://xbrl.org/int/dim/arcrole/domain-member" ns2:from="ferc_AccumulatedDeferredIncomeTaxByGasAbstract" ns2:to="ferc_AccumulatedDeferredIncomeTaxLiabilitiesOtherAdjustmentsCreditedToAccount" ns2:type="arc" />
    </ns0:definitionLink>
    <ns0:definitionLink ns2:role="http://ferc.gov/form/2020-01-01/roles/Schedule/F1/ScheduleAccumulatedDeferredIncomeTaxesOtherClassifiedbyTaxTypes-283" ns2:type="extended">
        <ns0:loc ns2:href="../../ferc-core_2020-01-01.xsd#ferc_ScheduleAccumulatedDeferredIncomeTaxesOtherAbstract" ns2:label="ferc_ScheduleAccumulatedDeferredIncomeTaxesOtherAbstract" ns2:type="locator" />
        <ns0:loc ns2:href="../../ferc-core_2020-01-01.xsd#ferc_AccumulatedDeferredIncomeTaxByTypeLineItems" ns2:label="ferc_AccumulatedDeferredIncomeTaxByTypeLineItems" ns2:type="locator" />
        <ns0:definitionArc order="1" ns2:arcrole="http://xbrl.org/int/dim/arcrole/domain-member" ns2:from="ferc_ScheduleAccumulatedDeferredIncomeTaxesOtherAbstract" ns2:to="ferc_AccumulatedDeferredIncomeTaxByTypeLineItems" ns2:type="arc" />
        <ns0:loc ns2:href="../../ferc-core_2020-01-01.xsd#ferc_AccumulatedDeferredIncomeTaxLiabilitiesOtherByTypeTable" ns2:label="ferc_AccumulatedDeferredIncomeTaxLiabilitiesOtherByTypeTable" ns2:type="locator" />
        <ns0:definitionArc order="1" ns2:arcrole="http://xbrl.org/int/dim/arcrole/all" ns2:from="ferc_AccumulatedDeferredIncomeTaxByTypeLineItems" ns2:to="ferc_AccumulatedDeferredIncomeTaxLiabilitiesOtherByTypeTable" ns2:type="arc" ns3:closed="true" ns3:contextElement="segment" />
        <ns0:loc ns2:href="../../ferc-core_2020-01-01.xsd#ferc_AccumulatedDeferredIncomeTaxesClassifiedByTaxTypeAbstract" ns2:label="ferc_AccumulatedDeferredIncomeTaxesClassifiedByTaxTypeAbstract" ns2:type="locator" />
        <ns0:definitionArc order="2" ns2:arcrole="http://xbrl.org/int/dim/arcrole/domain-member" ns2:from="ferc_AccumulatedDeferredIncomeTaxByTypeLineItems" ns2:to="ferc_AccumulatedDeferredIncomeTaxesClassifiedByTaxTypeAbstract" ns2:type="arc" />
        <ns0:loc ns2:href="../../ferc-core_2020-01-01.xsd#ferc_AccumulatedDeferredIncomeTaxesFederalIncomeTaxAbstract" ns2:label="ferc_AccumulatedDeferredIncomeTaxesFederalIncomeTaxAbstract" ns2:type="locator" />
        <ns0:definitionArc order="1" ns2:arcrole="http://xbrl.org/int/dim/arcrole/domain-member" ns2:from="ferc_AccumulatedDeferredIncomeTaxesClassifiedByTaxTypeAbstract" ns2:to="ferc_AccumulatedDeferredIncomeTaxesFederalIncomeTaxAbstract" ns2:type="arc" />
        <ns0:loc ns2:href="../../ferc-core_2020-01-01.xsd#ferc_AccumulatedDeferredIncomeTaxLiabilitiesOtherFederalIncomeTax" ns2:label="ferc_AccumulatedDeferredIncomeTaxLiabilitiesOtherFederalIncomeTax" ns2:type="locator" />
        <ns0:definitionArc order="1" ns2:arcrole="http://xbrl.org/int/dim/arcrole/domain-member" ns2:from="ferc_AccumulatedDeferredIncomeTaxesFederalIncomeTaxAbstract" ns2:to="ferc_AccumulatedDeferredIncomeTaxLiabilitiesOtherFederalIncomeTax" ns2:type="arc" />
        <ns0:loc ns2:href="../../ferc-core_2020-01-01.xsd#ferc_FederalIncomeTaxForOtherChangesDebitedToProvisionForDeferredIncomeTaxesOperatingIncome" ns2:label="ferc_FederalIncomeTaxForOtherChangesDebitedToProvisionForDeferredIncomeTaxesOperatingIncome" ns2:type="locator" />
        <ns0:definitionArc order="2" ns2:arcrole="http://xbrl.org/int/dim/arcrole/domain-member" ns2:from="ferc_AccumulatedDeferredIncomeTaxesFederalIncomeTaxAbstract" ns2:to="ferc_FederalIncomeTaxForOtherChangesDebitedToProvisionForDeferredIncomeTaxesOperatingIncome" ns2:type="arc" />
        <ns0:loc ns2:href="../../ferc-core_2020-01-01.xsd#ferc_FederalIncomeTaxForOtherChangesCreditedToProvisionForDeferredIncomeTaxesOperatingIncome" ns2:label="ferc_FederalIncomeTaxForOtherChangesCreditedToProvisionForDeferredIncomeTaxesOperatingIncome" ns2:type="locator" />
        <ns0:definitionArc order="3" ns2:arcrole="http://xbrl.org/int/dim/arcrole/domain-member" ns2:from="ferc_AccumulatedDeferredIncomeTaxesFederalIncomeTaxAbstract" ns2:to="ferc_FederalIncomeTaxForOtherChangesCreditedToProvisionForDeferredIncomeTaxesOperatingIncome" ns2:type="arc" />
        <ns0:loc ns2:href="../../ferc-core_2020-01-01.xsd#ferc_FederalIncomeTaxfOrOtherChangesDebitedToProvisionForDeferredIncomeTaxesOtherIncomeAndDeductions" ns2:label="ferc_FederalIncomeTaxfOrOtherChangesDebitedToProvisionForDeferredIncomeTaxesOtherIncomeAndDeductions" ns2:type="locator" />
        <ns0:definitionArc order="4" ns2:arcrole="http://xbrl.org/int/dim/arcrole/domain-member" ns2:from="ferc_AccumulatedDeferredIncomeTaxesFederalIncomeTaxAbstract" ns2:to="ferc_FederalIncomeTaxfOrOtherChangesDebitedToProvisionForDeferredIncomeTaxesOtherIncomeAndDeductions" ns2:type="arc" />
        <ns0:loc ns2:href="../../ferc-core_2020-01-01.xsd#ferc_FederalIncomeTaxForOtherChangesCreditedToProvisionForDeferredIncomeTaxesOtherIncomeAndDeductions" ns2:label="ferc_FederalIncomeTaxForOtherChangesCreditedToProvisionForDeferredIncomeTaxesOtherIncomeAndDeductions" ns2:type="locator" />
        <ns0:definitionArc order="5" ns2:arcrole="http://xbrl.org/int/dim/arcrole/domain-member" ns2:from="ferc_AccumulatedDeferredIncomeTaxesFederalIncomeTaxAbstract" ns2:to="ferc_FederalIncomeTaxForOtherChangesCreditedToProvisionForDeferredIncomeTaxesOtherIncomeAndDeductions" ns2:type="arc" />
        <ns0:loc ns2:href="../../ferc-core_2020-01-01.xsd#ferc_FederalIncomeTaxForOtherDescriptionOfCreditedAccountNumberForDebitAdjustments" ns2:label="ferc_FederalIncomeTaxForOtherDescriptionOfCreditedAccountNumberForDebitAdjustments" ns2:type="locator" />
        <ns0:definitionArc order="6" ns2:arcrole="http://xbrl.org/int/dim/arcrole/domain-member" ns2:from="ferc_AccumulatedDeferredIncomeTaxesFederalIncomeTaxAbstract" ns2:to="ferc_FederalIncomeTaxForOtherDescriptionOfCreditedAccountNumberForDebitAdjustments" ns2:type="arc" />
        <ns0:loc ns2:href="../../ferc-core_2020-01-01.xsd#ferc_FederalIncomeTaxForOtherAdjustmentsDebitedToAccount" ns2:label="ferc_FederalIncomeTaxForOtherAdjustmentsDebitedToAccount" ns2:type="locator" />
        <ns0:definitionArc order="7" ns2:arcrole="http://xbrl.org/int/dim/arcrole/domain-member" ns2:from="ferc_AccumulatedDeferredIncomeTaxesFederalIncomeTaxAbstract" ns2:to="ferc_FederalIncomeTaxForOtherAdjustmentsDebitedToAccount" ns2:type="arc" />
        <ns0:loc ns2:href="../../ferc-core_2020-01-01.xsd#ferc_FederalIncomeTaxForOtherDescriptionOfDebitedAccountNumberForCreditAdjustments" ns2:label="ferc_FederalIncomeTaxForOtherDescriptionOfDebitedAccountNumberForCreditAdjustments" ns2:type="locator" />
        <ns0:definitionArc order="8" ns2:arcrole="http://xbrl.org/int/dim/arcrole/domain-member" ns2:from="ferc_AccumulatedDeferredIncomeTaxesFederalIncomeTaxAbstract" ns2:to="ferc_FederalIncomeTaxForOtherDescriptionOfDebitedAccountNumberForCreditAdjustments" ns2:type="arc" />
        <ns0:loc ns2:href="../../ferc-core_2020-01-01.xsd#ferc_FederalIncomeTaxForOtherAdjustmentsCreditedToAccount" ns2:label="ferc_FederalIncomeTaxForOtherAdjustmentsCreditedToAccount" ns2:type="locator" />
        <ns0:definitionArc order="9" ns2:arcrole="http://xbrl.org/int/dim/arcrole/domain-member" ns2:from="ferc_AccumulatedDeferredIncomeTaxesFederalIncomeTaxAbstract" ns2:to="ferc_FederalIncomeTaxForOtherAdjustmentsCreditedToAccount" ns2:type="arc" />
        <ns0:loc ns2:href="../../ferc-core_2020-01-01.xsd#ferc_AccumulatedDeferredIncomeTaxesStateIncomeTaxAbstract" ns2:label="ferc_AccumulatedDeferredIncomeTaxesStateIncomeTaxAbstract" ns2:type="locator" />
        <ns0:definitionArc order="2" ns2:arcrole="http://xbrl.org/int/dim/arcrole/domain-member" ns2:from="ferc_AccumulatedDeferredIncomeTaxesClassifiedByTaxTypeAbstract" ns2:to="ferc_AccumulatedDeferredIncomeTaxesStateIncomeTaxAbstract" ns2:type="arc" />
        <ns0:loc ns2:href="../../ferc-core_2020-01-01.xsd#ferc_AccumulatedDeferredIncomeTaxLiabilitiesOtherStateIncomeTax" ns2:label="ferc_AccumulatedDeferredIncomeTaxLiabilitiesOtherStateIncomeTax" ns2:type="locator" />
        <ns0:definitionArc order="1" ns2:arcrole="http://xbrl.org/int/dim/arcrole/domain-member" ns2:from="ferc_AccumulatedDeferredIncomeTaxesStateIncomeTaxAbstract" ns2:to="ferc_AccumulatedDeferredIncomeTaxLiabilitiesOtherStateIncomeTax" ns2:type="arc" />
        <ns0:loc ns2:href="../../ferc-core_2020-01-01.xsd#ferc_StateIncomeTaxForOtherChangesDebitedToProvisionForDeferredIncomeTaxesOperatingIncome" ns2:label="ferc_StateIncomeTaxForOtherChangesDebitedToProvisionForDeferredIncomeTaxesOperatingIncome" ns2:type="locator" />
        <ns0:definitionArc order="2" ns2:arcrole="http://xbrl.org/int/dim/arcrole/domain-member" ns2:from="ferc_AccumulatedDeferredIncomeTaxesStateIncomeTaxAbstract" ns2:to="ferc_StateIncomeTaxForOtherChangesDebitedToProvisionForDeferredIncomeTaxesOperatingIncome" ns2:type="arc" />
        <ns0:loc ns2:href="../../ferc-core_2020-01-01.xsd#ferc_StateIncomeTaxForOtherChangesCreditedToProvisionForDeferredIncomeTaxesOperatingIncome" ns2:label="ferc_StateIncomeTaxForOtherChangesCreditedToProvisionForDeferredIncomeTaxesOperatingIncome" ns2:type="locator" />
        <ns0:definitionArc order="3" ns2:arcrole="http://xbrl.org/int/dim/arcrole/domain-member" ns2:from="ferc_AccumulatedDeferredIncomeTaxesStateIncomeTaxAbstract" ns2:to="ferc_StateIncomeTaxForOtherChangesCreditedToProvisionForDeferredIncomeTaxesOperatingIncome" ns2:type="arc" />
        <ns0:loc ns2:href="../../ferc-core_2020-01-01.xsd#ferc_StateIncomeTaxForOtherChangesDebitedToProvisionForDeferredIncomeTaxesOtherIncomeAndDeductions" ns2:label="ferc_StateIncomeTaxForOtherChangesDebitedToProvisionForDeferredIncomeTaxesOtherIncomeAndDeductions" ns2:type="locator" />
        <ns0:definitionArc order="4" ns2:arcrole="http://xbrl.org/int/dim/arcrole/domain-member" ns2:from="ferc_AccumulatedDeferredIncomeTaxesStateIncomeTaxAbstract" ns2:to="ferc_StateIncomeTaxForOtherChangesDebitedToProvisionForDeferredIncomeTaxesOtherIncomeAndDeductions" ns2:type="arc" />
        <ns0:loc ns2:href="../../ferc-core_2020-01-01.xsd#ferc_StateIncomeTaxForOtherChangesCreditedToProvisionForDeferredIncomeTaxesOtherIncomeAndDeductions" ns2:label="ferc_StateIncomeTaxForOtherChangesCreditedToProvisionForDeferredIncomeTaxesOtherIncomeAndDeductions" ns2:type="locator" />
        <ns0:definitionArc order="5" ns2:arcrole="http://xbrl.org/int/dim/arcrole/domain-member" ns2:from="ferc_AccumulatedDeferredIncomeTaxesStateIncomeTaxAbstract" ns2:to="ferc_StateIncomeTaxForOtherChangesCreditedToProvisionForDeferredIncomeTaxesOtherIncomeAndDeductions" ns2:type="arc" />
        <ns0:loc ns2:href="../../ferc-core_2020-01-01.xsd#ferc_StateIncomeTaxForOtherDescriptionOfCreditedForAccountNumberDebitAdjustments" ns2:label="ferc_StateIncomeTaxForOtherDescriptionOfCreditedForAccountNumberDebitAdjustments" ns2:type="locator" />
        <ns0:definitionArc order="6" ns2:arcrole="http://xbrl.org/int/dim/arcrole/domain-member" ns2:from="ferc_AccumulatedDeferredIncomeTaxesStateIncomeTaxAbstract" ns2:to="ferc_StateIncomeTaxForOtherDescriptionOfCreditedForAccountNumberDebitAdjustments" ns2:type="arc" />
        <ns0:loc ns2:href="../../ferc-core_2020-01-01.xsd#ferc_StateIncomeTaxForOtherAdjustmentsDebitedToAccount" ns2:label="ferc_StateIncomeTaxForOtherAdjustmentsDebitedToAccount" ns2:type="locator" />
        <ns0:definitionArc order="7" ns2:arcrole="http://xbrl.org/int/dim/arcrole/domain-member" ns2:from="ferc_AccumulatedDeferredIncomeTaxesStateIncomeTaxAbstract" ns2:to="ferc_StateIncomeTaxForOtherAdjustmentsDebitedToAccount" ns2:type="arc" />
        <ns0:loc ns2:href="../../ferc-core_2020-01-01.xsd#ferc_StateIncomeTaxForOtherDescriptionOfDebitedAccountNumberForCreditAdjustments" ns2:label="ferc_StateIncomeTaxForOtherDescriptionOfDebitedAccountNumberForCreditAdjustments" ns2:type="locator" />
        <ns0:definitionArc order="8" ns2:arcrole="http://xbrl.org/int/dim/arcrole/domain-member" ns2:from="ferc_AccumulatedDeferredIncomeTaxesStateIncomeTaxAbstract" ns2:to="ferc_StateIncomeTaxForOtherDescriptionOfDebitedAccountNumberForCreditAdjustments" ns2:type="arc" />
        <ns0:loc ns2:href="../../ferc-core_2020-01-01.xsd#ferc_StateIncomeTaxForOtherAdjustmentsCreditedToAccount" ns2:label="ferc_StateIncomeTaxForOtherAdjustmentsCreditedToAccount" ns2:type="locator" />
        <ns0:definitionArc order="9" ns2:arcrole="http://xbrl.org/int/dim/arcrole/domain-member" ns2:from="ferc_AccumulatedDeferredIncomeTaxesStateIncomeTaxAbstract" ns2:to="ferc_StateIncomeTaxForOtherAdjustmentsCreditedToAccount" ns2:type="arc" />
        <ns0:loc ns2:href="../../ferc-core_2020-01-01.xsd#ferc_AccumulatedDeferredIncomeTaxesLocalIncomeTaxAbstract" ns2:label="ferc_AccumulatedDeferredIncomeTaxesLocalIncomeTaxAbstract" ns2:type="locator" />
        <ns0:definitionArc order="3" ns2:arcrole="http://xbrl.org/int/dim/arcrole/domain-member" ns2:from="ferc_AccumulatedDeferredIncomeTaxesClassifiedByTaxTypeAbstract" ns2:to="ferc_AccumulatedDeferredIncomeTaxesLocalIncomeTaxAbstract" ns2:type="arc" />
        <ns0:loc ns2:href="../../ferc-core_2020-01-01.xsd#ferc_AccumulatedDeferredIncomeTaxLiabilitiesOtherLocalIncomeTax" ns2:label="ferc_AccumulatedDeferredIncomeTaxLiabilitiesOtherLocalIncomeTax" ns2:type="locator" />
        <ns0:definitionArc order="1" ns2:arcrole="http://xbrl.org/int/dim/arcrole/domain-member" ns2:from="ferc_AccumulatedDeferredIncomeTaxesLocalIncomeTaxAbstract" ns2:to="ferc_AccumulatedDeferredIncomeTaxLiabilitiesOtherLocalIncomeTax" ns2:type="arc" />
        <ns0:loc ns2:href="../../ferc-core_2020-01-01.xsd#ferc_LocalIncomeTaxForOtherChangesDebitedToProvisionForDeferredIncomeTaxesOperatingIncome" ns2:label="ferc_LocalIncomeTaxForOtherChangesDebitedToProvisionForDeferredIncomeTaxesOperatingIncome" ns2:type="locator" />
        <ns0:definitionArc order="2" ns2:arcrole="http://xbrl.org/int/dim/arcrole/domain-member" ns2:from="ferc_AccumulatedDeferredIncomeTaxesLocalIncomeTaxAbstract" ns2:to="ferc_LocalIncomeTaxForOtherChangesDebitedToProvisionForDeferredIncomeTaxesOperatingIncome" ns2:type="arc" />
        <ns0:loc ns2:href="../../ferc-core_2020-01-01.xsd#ferc_LocalIncomeTaxForOtherChangesCreditedToProvisionForDeferredIncomeTaxesOperatingIncome" ns2:label="ferc_LocalIncomeTaxForOtherChangesCreditedToProvisionForDeferredIncomeTaxesOperatingIncome" ns2:type="locator" />
        <ns0:definitionArc order="3" ns2:arcrole="http://xbrl.org/int/dim/arcrole/domain-member" ns2:from="ferc_AccumulatedDeferredIncomeTaxesLocalIncomeTaxAbstract" ns2:to="ferc_LocalIncomeTaxForOtherChangesCreditedToProvisionForDeferredIncomeTaxesOperatingIncome" ns2:type="arc" />
        <ns0:loc ns2:href="../../ferc-core_2020-01-01.xsd#ferc_LocalIncomeTaxfOrOtherChangesDebitedToProvisionForDeferredIncomeTaxesOtherIncomeAndDeductions" ns2:label="ferc_LocalIncomeTaxfOrOtherChangesDebitedToProvisionForDeferredIncomeTaxesOtherIncomeAndDeductions" ns2:type="locator" />
        <ns0:definitionArc order="4" ns2:arcrole="http://xbrl.org/int/dim/arcrole/domain-member" ns2:from="ferc_AccumulatedDeferredIncomeTaxesLocalIncomeTaxAbstract" ns2:to="ferc_LocalIncomeTaxfOrOtherChangesDebitedToProvisionForDeferredIncomeTaxesOtherIncomeAndDeductions" ns2:type="arc" />
        <ns0:loc ns2:href="../../ferc-core_2020-01-01.xsd#ferc_LocalIncomeTaxForOtherChangesCreditedToProvisionForDeferredIncomeTaxesOtherIncomeAndDeductions" ns2:label="ferc_LocalIncomeTaxForOtherChangesCreditedToProvisionForDeferredIncomeTaxesOtherIncomeAndDeductions" ns2:type="locator" />
        <ns0:definitionArc order="5" ns2:arcrole="http://xbrl.org/int/dim/arcrole/domain-member" ns2:from="ferc_AccumulatedDeferredIncomeTaxesLocalIncomeTaxAbstract" ns2:to="ferc_LocalIncomeTaxForOtherChangesCreditedToProvisionForDeferredIncomeTaxesOtherIncomeAndDeductions" ns2:type="arc" />
        <ns0:loc ns2:href="../../ferc-core_2020-01-01.xsd#ferc_LocalIncomeTaxForOtherDescriptionOfCreditedAccountNumberForDebitAdjustments" ns2:label="ferc_LocalIncomeTaxForOtherDescriptionOfCreditedAccountNumberForDebitAdjustments" ns2:type="locator" />
        <ns0:definitionArc order="6" ns2:arcrole="http://xbrl.org/int/dim/arcrole/domain-member" ns2:from="ferc_AccumulatedDeferredIncomeTaxesLocalIncomeTaxAbstract" ns2:to="ferc_LocalIncomeTaxForOtherDescriptionOfCreditedAccountNumberForDebitAdjustments" ns2:type="arc" />
        <ns0:loc ns2:href="../../ferc-core_2020-01-01.xsd#ferc_LocalIncomeTaxForOtherAdjustmentsDebitedToAccount" ns2:label="ferc_LocalIncomeTaxForOtherAdjustmentsDebitedToAccount" ns2:type="locator" />
        <ns0:definitionArc order="7" ns2:arcrole="http://xbrl.org/int/dim/arcrole/domain-member" ns2:from="ferc_AccumulatedDeferredIncomeTaxesLocalIncomeTaxAbstract" ns2:to="ferc_LocalIncomeTaxForOtherAdjustmentsDebitedToAccount" ns2:type="arc" />
        <ns0:loc ns2:href="../../ferc-core_2020-01-01.xsd#ferc_LocalIncomeTaxForOtherDescriptionOfDebitedAccountNumberForCreditAdjustments" ns2:label="ferc_LocalIncomeTaxForOtherDescriptionOfDebitedAccountNumberForCreditAdjustments" ns2:type="locator" />
        <ns0:definitionArc order="8" ns2:arcrole="http://xbrl.org/int/dim/arcrole/domain-member" ns2:from="ferc_AccumulatedDeferredIncomeTaxesLocalIncomeTaxAbstract" ns2:to="ferc_LocalIncomeTaxForOtherDescriptionOfDebitedAccountNumberForCreditAdjustments" ns2:type="arc" />
        <ns0:loc ns2:href="../../ferc-core_2020-01-01.xsd#ferc_LocalIncomeTaxForOtherAdjustmentsCreditedToAccount" ns2:label="ferc_LocalIncomeTaxForOtherAdjustmentsCreditedToAccount" ns2:type="locator" />
        <ns0:definitionArc order="9" ns2:arcrole="http://xbrl.org/int/dim/arcrole/domain-member" ns2:from="ferc_AccumulatedDeferredIncomeTaxesLocalIncomeTaxAbstract" ns2:to="ferc_LocalIncomeTaxForOtherAdjustmentsCreditedToAccount" ns2:type="arc" />
    </ns0:definitionLink>
    <ns0:definitionLink ns2:role="http://ferc.gov/form/2020-01-01/roles/Schedule/F1/ScheduleAccumulatedDeferredIncomeTaxesOtherTotal-283" ns2:type="extended">
        <ns0:loc ns2:href="../../ferc-core_2020-01-01.xsd#ferc_ScheduleAccumulatedDeferredIncomeTaxesOtherAbstract" ns2:label="ferc_ScheduleAccumulatedDeferredIncomeTaxesOtherAbstract" ns2:type="locator" />
        <ns0:loc ns2:href="../../ferc-core_2020-01-01.xsd#ferc_AccumulatedDeferredIncomeTaxLiabilitiesOtherByTypeLineItems" ns2:label="ferc_AccumulatedDeferredIncomeTaxLiabilitiesOtherByTypeLineItems" ns2:type="locator" />
        <ns0:definitionArc order="1" ns2:arcrole="http://xbrl.org/int/dim/arcrole/domain-member" ns2:from="ferc_ScheduleAccumulatedDeferredIncomeTaxesOtherAbstract" ns2:to="ferc_AccumulatedDeferredIncomeTaxLiabilitiesOtherByTypeLineItems" ns2:type="arc" />
        <ns0:loc ns2:href="../../ferc-core_2020-01-01.xsd#ferc_AccumulatedDeferredIncomeTaxLiabilitiesOtherByTypeTable" ns2:label="ferc_AccumulatedDeferredIncomeTaxLiabilitiesOtherByTypeTable" ns2:type="locator" />
        <ns0:definitionArc order="1" ns2:arcrole="http://xbrl.org/int/dim/arcrole/all" ns2:from="ferc_AccumulatedDeferredIncomeTaxLiabilitiesOtherByTypeLineItems" ns2:to="ferc_AccumulatedDeferredIncomeTaxLiabilitiesOtherByTypeTable" ns2:type="arc" ns3:closed="true" ns3:contextElement="segment" />
        <ns0:loc ns2:href="../../ferc-core_2020-01-01.xsd#ferc_AccumulatedDeferredIncomeTaxesOther" ns2:label="ferc_AccumulatedDeferredIncomeTaxesOther" ns2:type="locator" />
        <ns0:definitionArc order="2" ns2:arcrole="http://xbrl.org/int/dim/arcrole/domain-member" ns2:from="ferc_AccumulatedDeferredIncomeTaxLiabilitiesOtherByTypeLineItems" ns2:to="ferc_AccumulatedDeferredIncomeTaxesOther" ns2:type="arc" />
        <ns0:loc ns2:href="../../ferc-core_2020-01-01.xsd#ferc_AccumulatedDeferredIncomeTaxLiabilitiesOtherChangesDebitedToProvisionForDeferredIncomeTaxesOperatingIncome" ns2:label="ferc_AccumulatedDeferredIncomeTaxLiabilitiesOtherChangesDebitedToProvisionForDeferredIncomeTaxesOperatingIncome" ns2:type="locator" />
        <ns0:definitionArc order="3" ns2:arcrole="http://xbrl.org/int/dim/arcrole/domain-member" ns2:from="ferc_AccumulatedDeferredIncomeTaxLiabilitiesOtherByTypeLineItems" ns2:to="ferc_AccumulatedDeferredIncomeTaxLiabilitiesOtherChangesDebitedToProvisionForDeferredIncomeTaxesOperatingIncome" ns2:type="arc" />
        <ns0:loc ns2:href="../../ferc-core_2020-01-01.xsd#ferc_AccumulatedDeferredIncomeTaxLiabilitiesOtherChangesCreditedToProvisionForDeferredIncomeTaxesOperatingIncome" ns2:label="ferc_AccumulatedDeferredIncomeTaxLiabilitiesOtherChangesCreditedToProvisionForDeferredIncomeTaxesOperatingIncome" ns2:type="locator" />
        <ns0:definitionArc order="4" ns2:arcrole="http://xbrl.org/int/dim/arcrole/domain-member" ns2:from="ferc_AccumulatedDeferredIncomeTaxLiabilitiesOtherByTypeLineItems" ns2:to="ferc_AccumulatedDeferredIncomeTaxLiabilitiesOtherChangesCreditedToProvisionForDeferredIncomeTaxesOperatingIncome" ns2:type="arc" />
        <ns0:loc ns2:href="../../ferc-core_2020-01-01.xsd#ferc_AccumulatedDeferredIncomeTaxLiabilitiesOtherChangesDebitedToProvisionForDeferredIncomeTaxesOtherIncomeAndDeductions" ns2:label="ferc_AccumulatedDeferredIncomeTaxLiabilitiesOtherChangesDebitedToProvisionForDeferredIncomeTaxesOtherIncomeAndDeductions" ns2:type="locator" />
        <ns0:definitionArc order="5" ns2:arcrole="http://xbrl.org/int/dim/arcrole/domain-member" ns2:from="ferc_AccumulatedDeferredIncomeTaxLiabilitiesOtherByTypeLineItems" ns2:to="ferc_AccumulatedDeferredIncomeTaxLiabilitiesOtherChangesDebitedToProvisionForDeferredIncomeTaxesOtherIncomeAndDeductions" ns2:type="arc" />
        <ns0:loc ns2:href="../../ferc-core_2020-01-01.xsd#ferc_AccumulatedDeferredIncomeTaxLiabilitiesOtherChangesCreditedToProvisionForDeferredIncomeTaxesOtherIncomeAndDeductions" ns2:label="ferc_AccumulatedDeferredIncomeTaxLiabilitiesOtherChangesCreditedToProvisionForDeferredIncomeTaxesOtherIncomeAndDeductions" ns2:type="locator" />
        <ns0:definitionArc order="6" ns2:arcrole="http://xbrl.org/int/dim/arcrole/domain-member" ns2:from="ferc_AccumulatedDeferredIncomeTaxLiabilitiesOtherByTypeLineItems" ns2:to="ferc_AccumulatedDeferredIncomeTaxLiabilitiesOtherChangesCreditedToProvisionForDeferredIncomeTaxesOtherIncomeAndDeductions" ns2:type="arc" />
        <ns0:loc ns2:href="../../ferc-core_2020-01-01.xsd#ferc_AccumulatedDeferredIncomeTaxLiabilitiesOtherDescriptionOfDebitedAccountNumber" ns2:label="ferc_AccumulatedDeferredIncomeTaxLiabilitiesOtherDescriptionOfDebitedAccountNumber" ns2:type="locator" />
        <ns0:definitionArc order="7" ns2:arcrole="http://xbrl.org/int/dim/arcrole/domain-member" ns2:from="ferc_AccumulatedDeferredIncomeTaxLiabilitiesOtherByTypeLineItems" ns2:to="ferc_AccumulatedDeferredIncomeTaxLiabilitiesOtherDescriptionOfDebitedAccountNumber" ns2:type="arc" />
        <ns0:loc ns2:href="../../ferc-core_2020-01-01.xsd#ferc_AccumulatedDeferredIncomeTaxLiabilitiesOtherAdjustmentsDebitedToAccount" ns2:label="ferc_AccumulatedDeferredIncomeTaxLiabilitiesOtherAdjustmentsDebitedToAccount" ns2:type="locator" />
        <ns0:definitionArc order="8" ns2:arcrole="http://xbrl.org/int/dim/arcrole/domain-member" ns2:from="ferc_AccumulatedDeferredIncomeTaxLiabilitiesOtherByTypeLineItems" ns2:to="ferc_AccumulatedDeferredIncomeTaxLiabilitiesOtherAdjustmentsDebitedToAccount" ns2:type="arc" />
        <ns0:loc ns2:href="../../ferc-core_2020-01-01.xsd#ferc_AccumulatedDeferredIncomeTaxLiabilitiesOtherDescriptionOfCreditedAccountNumber" ns2:label="ferc_AccumulatedDeferredIncomeTaxLiabilitiesOtherDescriptionOfCreditedAccountNumber" ns2:type="locator" />
        <ns0:definitionArc order="9" ns2:arcrole="http://xbrl.org/int/dim/arcrole/domain-member" ns2:from="ferc_AccumulatedDeferredIncomeTaxLiabilitiesOtherByTypeLineItems" ns2:to="ferc_AccumulatedDeferredIncomeTaxLiabilitiesOtherDescriptionOfCreditedAccountNumber" ns2:type="arc" />
        <ns0:loc ns2:href="../../ferc-core_2020-01-01.xsd#ferc_AccumulatedDeferredIncomeTaxLiabilitiesOtherAdjustmentsCreditedToAccount" ns2:label="ferc_AccumulatedDeferredIncomeTaxLiabilitiesOtherAdjustmentsCreditedToAccount" ns2:type="locator" />
        <ns0:definitionArc order="10" ns2:arcrole="http://xbrl.org/int/dim/arcrole/domain-member" ns2:from="ferc_AccumulatedDeferredIncomeTaxLiabilitiesOtherByTypeLineItems" ns2:to="ferc_AccumulatedDeferredIncomeTaxLiabilitiesOtherAdjustmentsCreditedToAccount" ns2:type="arc" />
    </ns0:definitionLink>
    <ns0:definitionLink ns2:role="http://ferc.gov/form/2020-01-01/roles/Schedule/F1/ScheduleAccumulatedDeferredIncomeTaxesOtherClassifiedByBusinessActivities-283" ns2:type="extended">
        <ns0:loc ns2:href="../../ferc-core_2020-01-01.xsd#ferc_UtilityTypeAxis" ns2:label="ferc_UtilityTypeAxis" ns2:type="locator" />
        <ns0:loc ns2:href="../../ferc-core_2020-01-01.xsd#ferc_UtilityTypeDomain" ns2:label="ferc_UtilityTypeDomain" ns2:type="locator" />
        <ns0:definitionArc order="1" ns2:arcrole="http://xbrl.org/int/dim/arcrole/dimension-default" ns2:from="ferc_UtilityTypeAxis" ns2:to="ferc_UtilityTypeDomain" ns2:type="arc" />
    </ns0:definitionLink>
    <ns0:definitionLink ns2:role="http://ferc.gov/form/2020-01-01/roles/Schedule/F1/ScheduleAccumulatedDeferredIncomeTaxesOtherElectric-283" ns2:type="extended" />
    <ns0:definitionLink ns2:role="http://ferc.gov/form/2020-01-01/roles/Schedule/F1/ScheduleAccumulatedDeferredIncomeTaxesOtherGas-283" ns2:type="extended" />
    <ns0:definitionLink ns2:role="http://ferc.gov/form/2020-01-01/roles/Schedule/F1/ScheduleAccumulatedDeferredIncomeTaxesOtherClassifiedbyTaxTypes-283" ns2:type="extended" />
    <ns0:definitionLink ns2:role="http://ferc.gov/form/2020-01-01/roles/Schedule/F1/ScheduleAccumulatedDeferredIncomeTaxesOtherTotal-283" ns2:type="extended" />
</ns0:linkbase>