<ns0:linkbase xmlns:ns0="http://www.xbrl.org/2003/linkbase" xmlns:ns2="http://www.w3.org/1999/xlink" xmlns:xsi="http://www.w3.org/2001/XMLSchema-instance" xsi:schemaLocation="http://www.xbrl.org/2003/linkbase http://www.xbrl.org/2003/xbrl-linkbase-2003-12-31.xsd">
    <ns0:roleRef roleURI="http://ferc.gov/form/2020-01-01/roles/Schedule/F1F/StatementOfIncomeForTheYear" ns2:href="form-1F-sched-StatementOfIncomeForTheYear_2020-01-01.xsd#roleType_StatementOfIncomeForTheYear" ns2:type="simple" />
    <ns0:calculationLink ns2:role="http://ferc.gov/form/2020-01-01/roles/Schedule/F1F/StatementOfIncomeForTheYear" ns2:type="extended">
        <ns0:loc ns2:href="../../ferc-core_2020-01-01.xsd#ferc_NetUtilityOperatingIncome" ns2:label="ferc_NetUtilityOperatingIncome" ns2:type="locator" />
        <ns0:loc ns2:href="../../ferc-core_2020-01-01.xsd#ferc_OperatingRevenues" ns2:label="ferc_OperatingRevenues" ns2:type="locator" />
        <ns0:calculationArc order="1" weight="1" ns2:arcrole="http://www.xbrl.org/2003/arcrole/summation-item" ns2:from="ferc_NetUtilityOperatingIncome" ns2:to="ferc_OperatingRevenues" ns2:type="arc" />
        <ns0:loc ns2:href="../../ferc-core_2020-01-01.xsd#ferc_UtilityOperatingExpenses" ns2:label="ferc_UtilityOperatingExpenses" ns2:type="locator" />
        <ns0:loc ns2:href="../../ferc-core_2020-01-01.xsd#ferc_OperationExpense" ns2:label="ferc_OperationExpense" ns2:type="locator" />
        <ns0:calculationArc order="1" weight="1" ns2:arcrole="http://www.xbrl.org/2003/arcrole/summation-item" ns2:from="ferc_UtilityOperatingExpenses" ns2:to="ferc_OperationExpense" ns2:type="arc" />
        <ns0:loc ns2:href="../../ferc-core_2020-01-01.xsd#ferc_MaintenanceExpense" ns2:label="ferc_MaintenanceExpense" ns2:type="locator" />
        <ns0:calculationArc order="1" weight="1" ns2:arcrole="http://www.xbrl.org/2003/arcrole/summation-item" ns2:from="ferc_UtilityOperatingExpenses" ns2:to="ferc_MaintenanceExpense" ns2:type="arc" />
        <ns0:loc ns2:href="../../ferc-core_2020-01-01.xsd#ferc_DepreciationExpense" ns2:label="ferc_DepreciationExpense" ns2:type="locator" />
        <ns0:calculationArc order="1" weight="1" ns2:arcrole="http://www.xbrl.org/2003/arcrole/summation-item" ns2:from="ferc_UtilityOperatingExpenses" ns2:to="ferc_DepreciationExpense" ns2:type="arc" />
        <ns0:loc ns2:href="../../ferc-core_2020-01-01.xsd#ferc_DepreciationExpenseForAssetRetirementCosts" ns2:label="ferc_DepreciationExpenseForAssetRetirementCosts" ns2:type="locator" />
        <ns0:calculationArc order="1" weight="1" ns2:arcrole="http://www.xbrl.org/2003/arcrole/summation-item" ns2:from="ferc_UtilityOperatingExpenses" ns2:to="ferc_DepreciationExpenseForAssetRetirementCosts" ns2:type="arc" />
        <ns0:loc ns2:href="../../ferc-core_2020-01-01.xsd#ferc_AmortizationExpense" ns2:label="ferc_AmortizationExpense" ns2:type="locator" />
        <ns0:calculationArc order="1" weight="1" ns2:arcrole="http://www.xbrl.org/2003/arcrole/summation-item" ns2:from="ferc_UtilityOperatingExpenses" ns2:to="ferc_AmortizationExpense" ns2:type="arc" />
        <ns0:loc ns2:href="../../ferc-core_2020-01-01.xsd#ferc_RegulatoryDebits" ns2:label="ferc_RegulatoryDebits" ns2:type="locator" />
        <ns0:calculationArc order="1" weight="1" ns2:arcrole="http://www.xbrl.org/2003/arcrole/summation-item" ns2:from="ferc_UtilityOperatingExpenses" ns2:to="ferc_RegulatoryDebits" ns2:type="arc" />
        <ns0:loc ns2:href="../../ferc-core_2020-01-01.xsd#ferc_RegulatoryCredits" ns2:label="ferc_RegulatoryCredits" ns2:type="locator" />
        <ns0:calculationArc order="1" weight="-1" ns2:arcrole="http://www.xbrl.org/2003/arcrole/summation-item" ns2:from="ferc_UtilityOperatingExpenses" ns2:to="ferc_RegulatoryCredits" ns2:type="arc" />
        <ns0:loc ns2:href="../../ferc-core_2020-01-01.xsd#ferc_TaxesOtherThanIncomeTaxesUtilityOperatingIncome" ns2:label="ferc_TaxesOtherThanIncomeTaxesUtilityOperatingIncome" ns2:type="locator" />
        <ns0:calculationArc order="1" weight="1" ns2:arcrole="http://www.xbrl.org/2003/arcrole/summation-item" ns2:from="ferc_UtilityOperatingExpenses" ns2:to="ferc_TaxesOtherThanIncomeTaxesUtilityOperatingIncome" ns2:type="arc" />
        <ns0:loc ns2:href="../../ferc-core_2020-01-01.xsd#ferc_IncomeTaxesOperatingIncome" ns2:label="ferc_IncomeTaxesOperatingIncome" ns2:type="locator" />
        <ns0:calculationArc order="1" weight="1" ns2:arcrole="http://www.xbrl.org/2003/arcrole/summation-item" ns2:from="ferc_UtilityOperatingExpenses" ns2:to="ferc_IncomeTaxesOperatingIncome" ns2:type="arc" />
        <ns0:loc ns2:href="../../ferc-core_2020-01-01.xsd#ferc_IncomeTaxesUtilityOperatingIncomeOther" ns2:label="ferc_IncomeTaxesUtilityOperatingIncomeOther" ns2:type="locator" />
        <ns0:calculationArc order="1" weight="1" ns2:arcrole="http://www.xbrl.org/2003/arcrole/summation-item" ns2:from="ferc_UtilityOperatingExpenses" ns2:to="ferc_IncomeTaxesUtilityOperatingIncomeOther" ns2:type="arc" />
        <ns0:loc ns2:href="../../ferc-core_2020-01-01.xsd#ferc_ProvisionsForDeferredIncomeTaxesUtilityOperatingIncome" ns2:label="ferc_ProvisionsForDeferredIncomeTaxesUtilityOperatingIncome" ns2:type="locator" />
        <ns0:calculationArc order="1" weight="1" ns2:arcrole="http://www.xbrl.org/2003/arcrole/summation-item" ns2:from="ferc_UtilityOperatingExpenses" ns2:to="ferc_ProvisionsForDeferredIncomeTaxesUtilityOperatingIncome" ns2:type="arc" />
        <ns0:loc ns2:href="../../ferc-core_2020-01-01.xsd#ferc_ProvisionForDeferredIncomeTaxesCreditOperatingIncome" ns2:label="ferc_ProvisionForDeferredIncomeTaxesCreditOperatingIncome" ns2:type="locator" />
        <ns0:calculationArc order="1" weight="-1" ns2:arcrole="http://www.xbrl.org/2003/arcrole/summation-item" ns2:from="ferc_UtilityOperatingExpenses" ns2:to="ferc_ProvisionForDeferredIncomeTaxesCreditOperatingIncome" ns2:type="arc" />
        <ns0:loc ns2:href="../../ferc-core_2020-01-01.xsd#ferc_InvestmentTaxCreditAdjustments" ns2:label="ferc_InvestmentTaxCreditAdjustments" ns2:type="locator" />
        <ns0:calculationArc order="1" weight="1" ns2:arcrole="http://www.xbrl.org/2003/arcrole/summation-item" ns2:from="ferc_UtilityOperatingExpenses" ns2:to="ferc_InvestmentTaxCreditAdjustments" ns2:type="arc" />
        <ns0:loc ns2:href="../../ferc-core_2020-01-01.xsd#ferc_GainsFromDispositionOfPlant" ns2:label="ferc_GainsFromDispositionOfPlant" ns2:type="locator" />
        <ns0:calculationArc order="1" weight="-1" ns2:arcrole="http://www.xbrl.org/2003/arcrole/summation-item" ns2:from="ferc_UtilityOperatingExpenses" ns2:to="ferc_GainsFromDispositionOfPlant" ns2:type="arc" />
        <ns0:loc ns2:href="../../ferc-core_2020-01-01.xsd#ferc_LossesFromDispositionOfServiceCompanyPlant" ns2:label="ferc_LossesFromDispositionOfServiceCompanyPlant" ns2:type="locator" />
        <ns0:calculationArc order="1" weight="1" ns2:arcrole="http://www.xbrl.org/2003/arcrole/summation-item" ns2:from="ferc_UtilityOperatingExpenses" ns2:to="ferc_LossesFromDispositionOfServiceCompanyPlant" ns2:type="arc" />
        <ns0:loc ns2:href="../../ferc-core_2020-01-01.xsd#ferc_GainsFromDispositionOfAllowances" ns2:label="ferc_GainsFromDispositionOfAllowances" ns2:type="locator" />
        <ns0:calculationArc order="1" weight="-1" ns2:arcrole="http://www.xbrl.org/2003/arcrole/summation-item" ns2:from="ferc_UtilityOperatingExpenses" ns2:to="ferc_GainsFromDispositionOfAllowances" ns2:type="arc" />
        <ns0:loc ns2:href="../../ferc-core_2020-01-01.xsd#ferc_LossesFromDispositionOfAllowances" ns2:label="ferc_LossesFromDispositionOfAllowances" ns2:type="locator" />
        <ns0:calculationArc order="1" weight="1" ns2:arcrole="http://www.xbrl.org/2003/arcrole/summation-item" ns2:from="ferc_UtilityOperatingExpenses" ns2:to="ferc_LossesFromDispositionOfAllowances" ns2:type="arc" />
        <ns0:loc ns2:href="../../ferc-core_2020-01-01.xsd#ferc_AccretionExpense" ns2:label="ferc_AccretionExpense" ns2:type="locator" />
        <ns0:calculationArc order="1" weight="1" ns2:arcrole="http://www.xbrl.org/2003/arcrole/summation-item" ns2:from="ferc_UtilityOperatingExpenses" ns2:to="ferc_AccretionExpense" ns2:type="arc" />
        <ns0:calculationArc order="1" weight="-1" ns2:arcrole="http://www.xbrl.org/2003/arcrole/summation-item" ns2:from="ferc_NetUtilityOperatingIncome" ns2:to="ferc_UtilityOperatingExpenses" ns2:type="arc" />
        <ns0:loc ns2:href="../../ferc-core_2020-01-01.xsd#ferc_IncomeBeforeExtraordinaryItems" ns2:label="ferc_IncomeBeforeExtraordinaryItems" ns2:type="locator" />
        <ns0:calculationArc order="1" weight="1" ns2:arcrole="http://www.xbrl.org/2003/arcrole/summation-item" ns2:from="ferc_IncomeBeforeExtraordinaryItems" ns2:to="ferc_NetUtilityOperatingIncome" ns2:type="arc" />
        <ns0:loc ns2:href="../../ferc-core_2020-01-01.xsd#ferc_OtherIncome" ns2:label="ferc_OtherIncome" ns2:type="locator" />
        <ns0:loc ns2:href="../../ferc-core_2020-01-01.xsd#ferc_NonUtilityOperatingIncome" ns2:label="ferc_NonUtilityOperatingIncome" ns2:type="locator" />
        <ns0:calculationArc order="1" weight="1" ns2:arcrole="http://www.xbrl.org/2003/arcrole/summation-item" ns2:from="ferc_OtherIncome" ns2:to="ferc_NonUtilityOperatingIncome" ns2:type="arc" />
        <ns0:loc ns2:href="../../ferc-core_2020-01-01.xsd#ferc_InterestAndDividendIncome" ns2:label="ferc_InterestAndDividendIncome" ns2:type="locator" />
        <ns0:calculationArc order="1" weight="1" ns2:arcrole="http://www.xbrl.org/2003/arcrole/summation-item" ns2:from="ferc_OtherIncome" ns2:to="ferc_InterestAndDividendIncome" ns2:type="arc" />
        <ns0:loc ns2:href="../../ferc-core_2020-01-01.xsd#ferc_AllowanceForOtherFundsUsedDuringConstruction" ns2:label="ferc_AllowanceForOtherFundsUsedDuringConstruction" ns2:type="locator" />
        <ns0:calculationArc order="1" weight="1" ns2:arcrole="http://www.xbrl.org/2003/arcrole/summation-item" ns2:from="ferc_OtherIncome" ns2:to="ferc_AllowanceForOtherFundsUsedDuringConstruction" ns2:type="arc" />
        <ns0:loc ns2:href="../../ferc-core_2020-01-01.xsd#ferc_MiscellaneousNonoperatingIncome" ns2:label="ferc_MiscellaneousNonoperatingIncome" ns2:type="locator" />
        <ns0:calculationArc order="1" weight="1" ns2:arcrole="http://www.xbrl.org/2003/arcrole/summation-item" ns2:from="ferc_OtherIncome" ns2:to="ferc_MiscellaneousNonoperatingIncome" ns2:type="arc" />
        <ns0:loc ns2:href="../../ferc-core_2020-01-01.xsd#ferc_GainOnDispositionOfProperty" ns2:label="ferc_GainOnDispositionOfProperty" ns2:type="locator" />
        <ns0:calculationArc order="1" weight="1" ns2:arcrole="http://www.xbrl.org/2003/arcrole/summation-item" ns2:from="ferc_OtherIncome" ns2:to="ferc_GainOnDispositionOfProperty" ns2:type="arc" />
        <ns0:loc ns2:href="../../ferc-core_2020-01-01.xsd#ferc_NetOtherIncomeAndDeductions" ns2:label="ferc_NetOtherIncomeAndDeductions" ns2:type="locator" />
        <ns0:calculationArc order="1" weight="1" ns2:arcrole="http://www.xbrl.org/2003/arcrole/summation-item" ns2:from="ferc_NetOtherIncomeAndDeductions" ns2:to="ferc_OtherIncome" ns2:type="arc" />
        <ns0:loc ns2:href="../../ferc-core_2020-01-01.xsd#ferc_OtherIncomeDeductions" ns2:label="ferc_OtherIncomeDeductions" ns2:type="locator" />
        <ns0:loc ns2:href="../../ferc-core_2020-01-01.xsd#ferc_LossOnDispositionOfProperty" ns2:label="ferc_LossOnDispositionOfProperty" ns2:type="locator" />
        <ns0:calculationArc order="1" weight="1" ns2:arcrole="http://www.xbrl.org/2003/arcrole/summation-item" ns2:from="ferc_OtherIncomeDeductions" ns2:to="ferc_LossOnDispositionOfProperty" ns2:type="arc" />
        <ns0:loc ns2:href="../../ferc-core_2020-01-01.xsd#ferc_MiscellaneousAmortization" ns2:label="ferc_MiscellaneousAmortization" ns2:type="locator" />
        <ns0:calculationArc order="1" weight="1" ns2:arcrole="http://www.xbrl.org/2003/arcrole/summation-item" ns2:from="ferc_OtherIncomeDeductions" ns2:to="ferc_MiscellaneousAmortization" ns2:type="arc" />
        <ns0:loc ns2:href="../../ferc-core_2020-01-01.xsd#ferc_MiscellaneousIncomeDeductions" ns2:label="ferc_MiscellaneousIncomeDeductions" ns2:type="locator" />
        <ns0:calculationArc order="1" weight="1" ns2:arcrole="http://www.xbrl.org/2003/arcrole/summation-item" ns2:from="ferc_OtherIncomeDeductions" ns2:to="ferc_MiscellaneousIncomeDeductions" ns2:type="arc" />
        <ns0:calculationArc order="1" weight="-1" ns2:arcrole="http://www.xbrl.org/2003/arcrole/summation-item" ns2:from="ferc_NetOtherIncomeAndDeductions" ns2:to="ferc_OtherIncomeDeductions" ns2:type="arc" />
        <ns0:loc ns2:href="../../ferc-core_2020-01-01.xsd#ferc_TaxesOnOtherIncomeAndDeductions" ns2:label="ferc_TaxesOnOtherIncomeAndDeductions" ns2:type="locator" />
        <ns0:loc ns2:href="../../ferc-core_2020-01-01.xsd#ferc_TaxesOtherThanIncomeTaxesOtherIncomeAndDeductions" ns2:label="ferc_TaxesOtherThanIncomeTaxesOtherIncomeAndDeductions" ns2:type="locator" />
        <ns0:calculationArc order="1" weight="1" ns2:arcrole="http://www.xbrl.org/2003/arcrole/summation-item" ns2:from="ferc_TaxesOnOtherIncomeAndDeductions" ns2:to="ferc_TaxesOtherThanIncomeTaxesOtherIncomeAndDeductions" ns2:type="arc" />
        <ns0:loc ns2:href="../../ferc-core_2020-01-01.xsd#ferc_IncomeTaxesFederal" ns2:label="ferc_IncomeTaxesFederal" ns2:type="locator" />
        <ns0:calculationArc order="1" weight="1" ns2:arcrole="http://www.xbrl.org/2003/arcrole/summation-item" ns2:from="ferc_TaxesOnOtherIncomeAndDeductions" ns2:to="ferc_IncomeTaxesFederal" ns2:type="arc" />
        <ns0:loc ns2:href="../../ferc-core_2020-01-01.xsd#ferc_IncomeTaxesOther" ns2:label="ferc_IncomeTaxesOther" ns2:type="locator" />
        <ns0:calculationArc order="1" weight="1" ns2:arcrole="http://www.xbrl.org/2003/arcrole/summation-item" ns2:from="ferc_TaxesOnOtherIncomeAndDeductions" ns2:to="ferc_IncomeTaxesOther" ns2:type="arc" />
        <ns0:loc ns2:href="../../ferc-core_2020-01-01.xsd#ferc_ProvisionForDeferredIncomeTaxesOtherIncomeAndDeductions" ns2:label="ferc_ProvisionForDeferredIncomeTaxesOtherIncomeAndDeductions" ns2:type="locator" />
        <ns0:calculationArc order="1" weight="1" ns2:arcrole="http://www.xbrl.org/2003/arcrole/summation-item" ns2:from="ferc_TaxesOnOtherIncomeAndDeductions" ns2:to="ferc_ProvisionForDeferredIncomeTaxesOtherIncomeAndDeductions" ns2:type="arc" />
        <ns0:loc ns2:href="../../ferc-core_2020-01-01.xsd#ferc_ProvisionForDeferredIncomeTaxesCreditOtherIncomeAndDeductions" ns2:label="ferc_ProvisionForDeferredIncomeTaxesCreditOtherIncomeAndDeductions" ns2:type="locator" />
        <ns0:calculationArc order="1" weight="-1" ns2:arcrole="http://www.xbrl.org/2003/arcrole/summation-item" ns2:from="ferc_TaxesOnOtherIncomeAndDeductions" ns2:to="ferc_ProvisionForDeferredIncomeTaxesCreditOtherIncomeAndDeductions" ns2:type="arc" />
        <ns0:loc ns2:href="../../ferc-core_2020-01-01.xsd#ferc_InvestmentTaxCreditAdjustmentsNonutilityOperations" ns2:label="ferc_InvestmentTaxCreditAdjustmentsNonutilityOperations" ns2:type="locator" />
        <ns0:calculationArc order="1" weight="1" ns2:arcrole="http://www.xbrl.org/2003/arcrole/summation-item" ns2:from="ferc_TaxesOnOtherIncomeAndDeductions" ns2:to="ferc_InvestmentTaxCreditAdjustmentsNonutilityOperations" ns2:type="arc" />
        <ns0:loc ns2:href="../../ferc-core_2020-01-01.xsd#ferc_InvestmentTaxCredits" ns2:label="ferc_InvestmentTaxCredits" ns2:type="locator" />
        <ns0:calculationArc order="1" weight="1" ns2:arcrole="http://www.xbrl.org/2003/arcrole/summation-item" ns2:from="ferc_TaxesOnOtherIncomeAndDeductions" ns2:to="ferc_InvestmentTaxCredits" ns2:type="arc" />
        <ns0:calculationArc order="1" weight="-1" ns2:arcrole="http://www.xbrl.org/2003/arcrole/summation-item" ns2:from="ferc_NetOtherIncomeAndDeductions" ns2:to="ferc_TaxesOnOtherIncomeAndDeductions" ns2:type="arc" />
        <ns0:calculationArc order="1" weight="1" ns2:arcrole="http://www.xbrl.org/2003/arcrole/summation-item" ns2:from="ferc_IncomeBeforeExtraordinaryItems" ns2:to="ferc_NetOtherIncomeAndDeductions" ns2:type="arc" />
        <ns0:loc ns2:href="../../ferc-core_2020-01-01.xsd#ferc_NetInterestCharges" ns2:label="ferc_NetInterestCharges" ns2:type="locator" />
        <ns0:loc ns2:href="../../ferc-core_2020-01-01.xsd#ferc_InterestOnLongTermDebt" ns2:label="ferc_InterestOnLongTermDebt" ns2:type="locator" />
        <ns0:calculationArc order="1" weight="1" ns2:arcrole="http://www.xbrl.org/2003/arcrole/summation-item" ns2:from="ferc_NetInterestCharges" ns2:to="ferc_InterestOnLongTermDebt" ns2:type="arc" />
        <ns0:loc ns2:href="../../ferc-core_2020-01-01.xsd#ferc_AmortizationOfDebtDiscountAndExpense" ns2:label="ferc_AmortizationOfDebtDiscountAndExpense" ns2:type="locator" />
        <ns0:calculationArc order="1" weight="1" ns2:arcrole="http://www.xbrl.org/2003/arcrole/summation-item" ns2:from="ferc_NetInterestCharges" ns2:to="ferc_AmortizationOfDebtDiscountAndExpense" ns2:type="arc" />
        <ns0:loc ns2:href="../../ferc-core_2020-01-01.xsd#ferc_AmortizationOfLossOnReacquiredDebt" ns2:label="ferc_AmortizationOfLossOnReacquiredDebt" ns2:type="locator" />
        <ns0:calculationArc order="1" weight="1" ns2:arcrole="http://www.xbrl.org/2003/arcrole/summation-item" ns2:from="ferc_NetInterestCharges" ns2:to="ferc_AmortizationOfLossOnReacquiredDebt" ns2:type="arc" />
        <ns0:loc ns2:href="../../ferc-core_2020-01-01.xsd#ferc_AmortizationOfPremiumOnDebtCredit" ns2:label="ferc_AmortizationOfPremiumOnDebtCredit" ns2:type="locator" />
        <ns0:calculationArc order="1" weight="-1" ns2:arcrole="http://www.xbrl.org/2003/arcrole/summation-item" ns2:from="ferc_NetInterestCharges" ns2:to="ferc_AmortizationOfPremiumOnDebtCredit" ns2:type="arc" />
        <ns0:loc ns2:href="../../ferc-core_2020-01-01.xsd#ferc_AmortizationOfGainOnReacquiredDebtCredit" ns2:label="ferc_AmortizationOfGainOnReacquiredDebtCredit" ns2:type="locator" />
        <ns0:calculationArc order="1" weight="-1" ns2:arcrole="http://www.xbrl.org/2003/arcrole/summation-item" ns2:from="ferc_NetInterestCharges" ns2:to="ferc_AmortizationOfGainOnReacquiredDebtCredit" ns2:type="arc" />
        <ns0:loc ns2:href="../../ferc-core_2020-01-01.xsd#ferc_InterestOnDebtToAssociatedCompanies" ns2:label="ferc_InterestOnDebtToAssociatedCompanies" ns2:type="locator" />
        <ns0:calculationArc order="1" weight="1" ns2:arcrole="http://www.xbrl.org/2003/arcrole/summation-item" ns2:from="ferc_NetInterestCharges" ns2:to="ferc_InterestOnDebtToAssociatedCompanies" ns2:type="arc" />
        <ns0:loc ns2:href="../../ferc-core_2020-01-01.xsd#ferc_OtherInterestExpense" ns2:label="ferc_OtherInterestExpense" ns2:type="locator" />
        <ns0:calculationArc order="1" weight="1" ns2:arcrole="http://www.xbrl.org/2003/arcrole/summation-item" ns2:from="ferc_NetInterestCharges" ns2:to="ferc_OtherInterestExpense" ns2:type="arc" />
        <ns0:loc ns2:href="../../ferc-core_2020-01-01.xsd#ferc_AllowanceForBorrowedFundsUsedDuringConstructionCredit" ns2:label="ferc_AllowanceForBorrowedFundsUsedDuringConstructionCredit" ns2:type="locator" />
        <ns0:calculationArc order="1" weight="-1" ns2:arcrole="http://www.xbrl.org/2003/arcrole/summation-item" ns2:from="ferc_NetInterestCharges" ns2:to="ferc_AllowanceForBorrowedFundsUsedDuringConstructionCredit" ns2:type="arc" />
        <ns0:calculationArc order="1" weight="-1" ns2:arcrole="http://www.xbrl.org/2003/arcrole/summation-item" ns2:from="ferc_IncomeBeforeExtraordinaryItems" ns2:to="ferc_NetInterestCharges" ns2:type="arc" />
        <ns0:loc ns2:href="../../ferc-core_2020-01-01.xsd#ferc_NetIncomeLoss" ns2:label="ferc_NetIncomeLoss" ns2:type="locator" />
        <ns0:calculationArc order="1" weight="1" ns2:arcrole="http://www.xbrl.org/2003/arcrole/summation-item" ns2:from="ferc_NetIncomeLoss" ns2:to="ferc_IncomeBeforeExtraordinaryItems" ns2:type="arc" />
        <ns0:loc ns2:href="../../ferc-core_2020-01-01.xsd#ferc_NetExtraordinaryItems" ns2:label="ferc_NetExtraordinaryItems" ns2:type="locator" />
        <ns0:loc ns2:href="../../ferc-core_2020-01-01.xsd#ferc_ExtraordinaryIncome" ns2:label="ferc_ExtraordinaryIncome" ns2:type="locator" />
        <ns0:calculationArc order="1" weight="1" ns2:arcrole="http://www.xbrl.org/2003/arcrole/summation-item" ns2:from="ferc_NetExtraordinaryItems" ns2:to="ferc_ExtraordinaryIncome" ns2:type="arc" />
        <ns0:loc ns2:href="../../ferc-core_2020-01-01.xsd#ferc_ExtraordinaryDeductions" ns2:label="ferc_ExtraordinaryDeductions" ns2:type="locator" />
        <ns0:calculationArc order="1" weight="-1" ns2:arcrole="http://www.xbrl.org/2003/arcrole/summation-item" ns2:from="ferc_NetExtraordinaryItems" ns2:to="ferc_ExtraordinaryDeductions" ns2:type="arc" />
        <ns0:loc ns2:href="../../ferc-core_2020-01-01.xsd#ferc_ExtraordinaryItemsAfterTaxes" ns2:label="ferc_ExtraordinaryItemsAfterTaxes" ns2:type="locator" />
        <ns0:calculationArc order="1" weight="1" ns2:arcrole="http://www.xbrl.org/2003/arcrole/summation-item" ns2:from="ferc_ExtraordinaryItemsAfterTaxes" ns2:to="ferc_NetExtraordinaryItems" ns2:type="arc" />
        <ns0:loc ns2:href="../../ferc-core_2020-01-01.xsd#ferc_IncomeTaxesExtraordinaryItems" ns2:label="ferc_IncomeTaxesExtraordinaryItems" ns2:type="locator" />
        <ns0:calculationArc order="1" weight="-1" ns2:arcrole="http://www.xbrl.org/2003/arcrole/summation-item" ns2:from="ferc_ExtraordinaryItemsAfterTaxes" ns2:to="ferc_IncomeTaxesExtraordinaryItems" ns2:type="arc" />
        <ns0:calculationArc order="1" weight="1" ns2:arcrole="http://www.xbrl.org/2003/arcrole/summation-item" ns2:from="ferc_NetIncomeLoss" ns2:to="ferc_ExtraordinaryItemsAfterTaxes" ns2:type="arc" />
    </ns0:calculationLink>
</ns0:linkbase>