﻿<?xml version="1.0" encoding="utf-8"?>
<?taxonomy-version 2.9.0.0 ?> <?taxonomy-set-overall-version 2.9.0.0 ?>
<!--(C) EBA-->
<link:linkbase xmlns:xsi="http://www.w3.org/2001/XMLSchema-instance" xmlns:xlink="http://www.w3.org/1999/xlink" xmlns:link="http://www.xbrl.org/2003/linkbase" xmlns:xbrldt="http://xbrl.org/2005/xbrldt" xsi:schemaLocation="http://www.xbrl.org/2003/linkbase http://www.xbrl.org/2003/xbrl-linkbase-2003-12-31.xsd http://xbrl.org/2005/xbrldt http://www.xbrl.org/2005/xbrldt-2005.xsd">
  <link:arcroleRef arcroleURI="http://xbrl.org/int/dim/arcrole/dimension-default" xlink:type="simple" xlink:href="http://www.xbrl.org/2005/xbrldt-2005.xsd#dimension-default" />
  <link:arcroleRef arcroleURI="http://xbrl.org/int/dim/arcrole/dimension-domain" xlink:type="simple" xlink:href="http://www.xbrl.org/2005/xbrldt-2005.xsd#dimension-domain" />
  <link:definitionLink xlink:type="extended" xlink:role="http://www.xbrl.org/2003/role/link">
    <link:loc xlink:type="locator" xlink:href="dim.xsd#eba_MCC" xlink:label="loc_eba_MCC" />
    <link:loc xlink:type="locator" xlink:href="../dom/exp.xsd#eba_MC" xlink:label="loc_eba_MC" />
    <link:definitionArc xlink:type="arc" xlink:arcrole="http://xbrl.org/int/dim/arcrole/dimension-domain" xlink:from="loc_eba_MCC" xlink:to="loc_eba_MC" xbrldt:usable="false" />
    <link:loc xlink:type="locator" xlink:href="../dom/mc/mem.xsd#eba_x0" xlink:label="loc_eba_x0" />
    <link:definitionArc xlink:type="arc" xlink:arcrole="http://xbrl.org/int/dim/arcrole/dimension-default" xlink:from="loc_eba_MCC" xlink:to="loc_eba_x0" />
    <link:loc xlink:type="locator" xlink:href="dim.xsd#eba_BAS" xlink:label="loc_eba_BAS" />
    <link:loc xlink:type="locator" xlink:href="../dom/exp.xsd#eba_BA" xlink:label="loc_eba_BA" />
    <link:definitionArc xlink:type="arc" xlink:arcrole="http://xbrl.org/int/dim/arcrole/dimension-domain" xlink:from="loc_eba_BAS" xlink:to="loc_eba_BA" xbrldt:usable="false" />
    <link:loc xlink:type="locator" xlink:href="../dom/ba/mem.xsd#eba_x0" xlink:label="loc_eba_x0_1" />
    <link:definitionArc xlink:type="arc" xlink:arcrole="http://xbrl.org/int/dim/arcrole/dimension-default" xlink:from="loc_eba_BAS" xlink:to="loc_eba_x0_1" />
    <link:loc xlink:type="locator" xlink:href="dim.xsd#eba_LQG" xlink:label="loc_eba_LQG" />
    <link:loc xlink:type="locator" xlink:href="../dom/exp.xsd#eba_LQ" xlink:label="loc_eba_LQ" />
    <link:definitionArc xlink:type="arc" xlink:arcrole="http://xbrl.org/int/dim/arcrole/dimension-domain" xlink:from="loc_eba_LQG" xlink:to="loc_eba_LQ" xbrldt:usable="false" />
    <link:loc xlink:type="locator" xlink:href="../dom/lq/mem.xsd#eba_x0" xlink:label="loc_eba_x0_2" />
    <link:definitionArc xlink:type="arc" xlink:arcrole="http://xbrl.org/int/dim/arcrole/dimension-default" xlink:from="loc_eba_LQG" xlink:to="loc_eba_x0_2" />
    <link:loc xlink:type="locator" xlink:href="dim.xsd#eba_MCY" xlink:label="loc_eba_MCY" />
    <link:definitionArc xlink:type="arc" xlink:arcrole="http://xbrl.org/int/dim/arcrole/dimension-domain" xlink:from="loc_eba_MCY" xlink:to="loc_eba_MC" xbrldt:usable="false" />
    <link:definitionArc xlink:type="arc" xlink:arcrole="http://xbrl.org/int/dim/arcrole/dimension-default" xlink:from="loc_eba_MCY" xlink:to="loc_eba_x0" />
    <link:loc xlink:type="locator" xlink:href="dim.xsd#eba_RPC" xlink:label="loc_eba_RPC" />
    <link:loc xlink:type="locator" xlink:href="../dom/exp.xsd#eba_RP" xlink:label="loc_eba_RP" />
    <link:definitionArc xlink:type="arc" xlink:arcrole="http://xbrl.org/int/dim/arcrole/dimension-domain" xlink:from="loc_eba_RPC" xlink:to="loc_eba_RP" xbrldt:usable="false" />
    <link:loc xlink:type="locator" xlink:href="../dom/rp/mem.xsd#eba_x0" xlink:label="loc_eba_x0_3" />
    <link:definitionArc xlink:type="arc" xlink:arcrole="http://xbrl.org/int/dim/arcrole/dimension-default" xlink:from="loc_eba_RPC" xlink:to="loc_eba_x0_3" />
    <link:loc xlink:type="locator" xlink:href="dim.xsd#eba_APR" xlink:label="loc_eba_APR" />
    <link:loc xlink:type="locator" xlink:href="../dom/exp.xsd#eba_AP" xlink:label="loc_eba_AP" />
    <link:definitionArc xlink:type="arc" xlink:arcrole="http://xbrl.org/int/dim/arcrole/dimension-domain" xlink:from="loc_eba_APR" xlink:to="loc_eba_AP" xbrldt:usable="false" />
    <link:loc xlink:type="locator" xlink:href="../dom/ap/mem.xsd#eba_x0" xlink:label="loc_eba_x0_4" />
    <link:definitionArc xlink:type="arc" xlink:arcrole="http://xbrl.org/int/dim/arcrole/dimension-default" xlink:from="loc_eba_APR" xlink:to="loc_eba_x0_4" />
    <link:loc xlink:type="locator" xlink:href="dim.xsd#eba_CLC" xlink:label="loc_eba_CLC" />
    <link:loc xlink:type="locator" xlink:href="../dom/exp.xsd#eba_CG" xlink:label="loc_eba_CG" />
    <link:definitionArc xlink:type="arc" xlink:arcrole="http://xbrl.org/int/dim/arcrole/dimension-domain" xlink:from="loc_eba_CLC" xlink:to="loc_eba_CG" xbrldt:usable="false" />
    <link:loc xlink:type="locator" xlink:href="../dom/cg/mem.xsd#eba_x0" xlink:label="loc_eba_x0_5" />
    <link:definitionArc xlink:type="arc" xlink:arcrole="http://xbrl.org/int/dim/arcrole/dimension-default" xlink:from="loc_eba_CLC" xlink:to="loc_eba_x0_5" />
    <link:loc xlink:type="locator" xlink:href="dim.xsd#eba_OFS" xlink:label="loc_eba_OFS" />
    <link:loc xlink:type="locator" xlink:href="../dom/exp.xsd#eba_OF" xlink:label="loc_eba_OF" />
    <link:definitionArc xlink:type="arc" xlink:arcrole="http://xbrl.org/int/dim/arcrole/dimension-domain" xlink:from="loc_eba_OFS" xlink:to="loc_eba_OF" xbrldt:usable="false" />
    <link:loc xlink:type="locator" xlink:href="../dom/of/mem.xsd#eba_x0" xlink:label="loc_eba_x0_6" />
    <link:definitionArc xlink:type="arc" xlink:arcrole="http://xbrl.org/int/dim/arcrole/dimension-default" xlink:from="loc_eba_OFS" xlink:to="loc_eba_x0_6" />
    <link:loc xlink:type="locator" xlink:href="dim.xsd#eba_CUC" xlink:label="loc_eba_CUC" />
    <link:loc xlink:type="locator" xlink:href="../dom/exp.xsd#eba_CU" xlink:label="loc_eba_CU" />
    <link:definitionArc xlink:type="arc" xlink:arcrole="http://xbrl.org/int/dim/arcrole/dimension-domain" xlink:from="loc_eba_CUC" xlink:to="loc_eba_CU" xbrldt:usable="false" />
    <link:loc xlink:type="locator" xlink:href="../dom/cu/mem.xsd#eba_x0" xlink:label="loc_eba_x0_7" />
    <link:definitionArc xlink:type="arc" xlink:arcrole="http://xbrl.org/int/dim/arcrole/dimension-default" xlink:from="loc_eba_CUC" xlink:to="loc_eba_x0_7" />
    <link:loc xlink:type="locator" xlink:href="dim.xsd#eba_EXC" xlink:label="loc_eba_EXC" />
    <link:loc xlink:type="locator" xlink:href="../dom/exp.xsd#eba_EC" xlink:label="loc_eba_EC" />
    <link:definitionArc xlink:type="arc" xlink:arcrole="http://xbrl.org/int/dim/arcrole/dimension-domain" xlink:from="loc_eba_EXC" xlink:to="loc_eba_EC" xbrldt:usable="false" />
    <link:loc xlink:type="locator" xlink:href="../dom/ec/mem.xsd#eba_x0" xlink:label="loc_eba_x0_8" />
    <link:definitionArc xlink:type="arc" xlink:arcrole="http://xbrl.org/int/dim/arcrole/dimension-default" xlink:from="loc_eba_EXC" xlink:to="loc_eba_x0_8" />
    <link:loc xlink:type="locator" xlink:href="dim.xsd#eba_CCC" xlink:label="loc_eba_CCC" />
    <link:definitionArc xlink:type="arc" xlink:arcrole="http://xbrl.org/int/dim/arcrole/dimension-domain" xlink:from="loc_eba_CCC" xlink:to="loc_eba_MC" xbrldt:usable="false" />
    <link:definitionArc xlink:type="arc" xlink:arcrole="http://xbrl.org/int/dim/arcrole/dimension-default" xlink:from="loc_eba_CCC" xlink:to="loc_eba_x0" />
    <link:loc xlink:type="locator" xlink:href="dim.xsd#eba_CPS" xlink:label="loc_eba_CPS" />
    <link:loc xlink:type="locator" xlink:href="../dom/exp.xsd#eba_CT" xlink:label="loc_eba_CT" />
    <link:definitionArc xlink:type="arc" xlink:arcrole="http://xbrl.org/int/dim/arcrole/dimension-domain" xlink:from="loc_eba_CPS" xlink:to="loc_eba_CT" xbrldt:usable="false" />
    <link:loc xlink:type="locator" xlink:href="../dom/ct/mem.xsd#eba_x0" xlink:label="loc_eba_x0_9" />
    <link:definitionArc xlink:type="arc" xlink:arcrole="http://xbrl.org/int/dim/arcrole/dimension-default" xlink:from="loc_eba_CPS" xlink:to="loc_eba_x0_9" />
    <link:loc xlink:type="locator" xlink:href="dim.xsd#eba_ECG" xlink:label="loc_eba_ECG" />
    <link:definitionArc xlink:type="arc" xlink:arcrole="http://xbrl.org/int/dim/arcrole/dimension-domain" xlink:from="loc_eba_ECG" xlink:to="loc_eba_EC" xbrldt:usable="false" />
    <link:definitionArc xlink:type="arc" xlink:arcrole="http://xbrl.org/int/dim/arcrole/dimension-default" xlink:from="loc_eba_ECG" xlink:to="loc_eba_x0_8" />
    <link:loc xlink:type="locator" xlink:href="dim.xsd#eba_TRI" xlink:label="loc_eba_TRI" />
    <link:loc xlink:type="locator" xlink:href="../dom/exp.xsd#eba_TR" xlink:label="loc_eba_TR" />
    <link:definitionArc xlink:type="arc" xlink:arcrole="http://xbrl.org/int/dim/arcrole/dimension-domain" xlink:from="loc_eba_TRI" xlink:to="loc_eba_TR" xbrldt:usable="false" />
    <link:loc xlink:type="locator" xlink:href="../dom/tr/mem.xsd#eba_x0" xlink:label="loc_eba_x0_10" />
    <link:definitionArc xlink:type="arc" xlink:arcrole="http://xbrl.org/int/dim/arcrole/dimension-default" xlink:from="loc_eba_TRI" xlink:to="loc_eba_x0_10" />
    <link:loc xlink:type="locator" xlink:href="dim.xsd#eba_APL" xlink:label="loc_eba_APL" />
    <link:loc xlink:type="locator" xlink:href="../dom/exp.xsd#eba_PL" xlink:label="loc_eba_PL" />
    <link:definitionArc xlink:type="arc" xlink:arcrole="http://xbrl.org/int/dim/arcrole/dimension-domain" xlink:from="loc_eba_APL" xlink:to="loc_eba_PL" xbrldt:usable="false" />
    <link:loc xlink:type="locator" xlink:href="../dom/pl/mem.xsd#eba_x0" xlink:label="loc_eba_x0_11" />
    <link:definitionArc xlink:type="arc" xlink:arcrole="http://xbrl.org/int/dim/arcrole/dimension-default" xlink:from="loc_eba_APL" xlink:to="loc_eba_x0_11" />
    <link:loc xlink:type="locator" xlink:href="dim.xsd#eba_PLT" xlink:label="loc_eba_PLT" />
    <link:definitionArc xlink:type="arc" xlink:arcrole="http://xbrl.org/int/dim/arcrole/dimension-domain" xlink:from="loc_eba_PLT" xlink:to="loc_eba_PL" xbrldt:usable="false" />
    <link:definitionArc xlink:type="arc" xlink:arcrole="http://xbrl.org/int/dim/arcrole/dimension-default" xlink:from="loc_eba_PLT" xlink:to="loc_eba_x0_11" />
    <link:loc xlink:type="locator" xlink:href="dim.xsd#eba_BLI" xlink:label="loc_eba_BLI" />
    <link:loc xlink:type="locator" xlink:href="../dom/exp.xsd#eba_TA" xlink:label="loc_eba_TA" />
    <link:definitionArc xlink:type="arc" xlink:arcrole="http://xbrl.org/int/dim/arcrole/dimension-domain" xlink:from="loc_eba_BLI" xlink:to="loc_eba_TA" xbrldt:usable="false" />
    <link:loc xlink:type="locator" xlink:href="../dom/ta/mem.xsd#eba_x0" xlink:label="loc_eba_x0_12" />
    <link:definitionArc xlink:type="arc" xlink:arcrole="http://xbrl.org/int/dim/arcrole/dimension-default" xlink:from="loc_eba_BLI" xlink:to="loc_eba_x0_12" />
    <link:loc xlink:type="locator" xlink:href="dim.xsd#eba_COI" xlink:label="loc_eba_COI" />
    <link:loc xlink:type="locator" xlink:href="../dom/exp.xsd#eba_CI" xlink:label="loc_eba_CI" />
    <link:definitionArc xlink:type="arc" xlink:arcrole="http://xbrl.org/int/dim/arcrole/dimension-domain" xlink:from="loc_eba_COI" xlink:to="loc_eba_CI" xbrldt:usable="false" />
    <link:loc xlink:type="locator" xlink:href="../dom/ci/mem.xsd#eba_x0" xlink:label="loc_eba_x0_13" />
    <link:definitionArc xlink:type="arc" xlink:arcrole="http://xbrl.org/int/dim/arcrole/dimension-default" xlink:from="loc_eba_COI" xlink:to="loc_eba_x0_13" />
    <link:loc xlink:type="locator" xlink:href="dim.xsd#eba_MCG" xlink:label="loc_eba_MCG" />
    <link:definitionArc xlink:type="arc" xlink:arcrole="http://xbrl.org/int/dim/arcrole/dimension-domain" xlink:from="loc_eba_MCG" xlink:to="loc_eba_MC" xbrldt:usable="false" />
    <link:definitionArc xlink:type="arc" xlink:arcrole="http://xbrl.org/int/dim/arcrole/dimension-default" xlink:from="loc_eba_MCG" xlink:to="loc_eba_x0" />
    <link:loc xlink:type="locator" xlink:href="dim.xsd#eba_CLS" xlink:label="loc_eba_CLS" />
    <link:definitionArc xlink:type="arc" xlink:arcrole="http://xbrl.org/int/dim/arcrole/dimension-domain" xlink:from="loc_eba_CLS" xlink:to="loc_eba_CG" xbrldt:usable="false" />
    <link:definitionArc xlink:type="arc" xlink:arcrole="http://xbrl.org/int/dim/arcrole/dimension-default" xlink:from="loc_eba_CLS" xlink:to="loc_eba_x0_5" />
    <link:loc xlink:type="locator" xlink:href="dim.xsd#eba_CNO" xlink:label="loc_eba_CNO" />
    <link:loc xlink:type="locator" xlink:href="../dom/exp.xsd#eba_BT" xlink:label="loc_eba_BT" />
    <link:definitionArc xlink:type="arc" xlink:arcrole="http://xbrl.org/int/dim/arcrole/dimension-domain" xlink:from="loc_eba_CNO" xlink:to="loc_eba_BT" xbrldt:usable="false" />
    <link:loc xlink:type="locator" xlink:href="../dom/bt/mem.xsd#eba_x0" xlink:label="loc_eba_x0_14" />
    <link:definitionArc xlink:type="arc" xlink:arcrole="http://xbrl.org/int/dim/arcrole/dimension-default" xlink:from="loc_eba_CNO" xlink:to="loc_eba_x0_14" />
    <link:loc xlink:type="locator" xlink:href="dim.xsd#eba_CFO" xlink:label="loc_eba_CFO" />
    <link:loc xlink:type="locator" xlink:href="../dom/exp.xsd#eba_PC" xlink:label="loc_eba_PC" />
    <link:definitionArc xlink:type="arc" xlink:arcrole="http://xbrl.org/int/dim/arcrole/dimension-domain" xlink:from="loc_eba_CFO" xlink:to="loc_eba_PC" xbrldt:usable="false" />
    <link:loc xlink:type="locator" xlink:href="../dom/pc/mem.xsd#eba_x0" xlink:label="loc_eba_x0_15" />
    <link:definitionArc xlink:type="arc" xlink:arcrole="http://xbrl.org/int/dim/arcrole/dimension-default" xlink:from="loc_eba_CFO" xlink:to="loc_eba_x0_15" />
    <link:loc xlink:type="locator" xlink:href="dim.xsd#eba_CPY" xlink:label="loc_eba_CPY" />
    <link:definitionArc xlink:type="arc" xlink:arcrole="http://xbrl.org/int/dim/arcrole/dimension-domain" xlink:from="loc_eba_CPY" xlink:to="loc_eba_CT" xbrldt:usable="false" />
    <link:definitionArc xlink:type="arc" xlink:arcrole="http://xbrl.org/int/dim/arcrole/dimension-default" xlink:from="loc_eba_CPY" xlink:to="loc_eba_x0_9" />
    <link:loc xlink:type="locator" xlink:href="dim.xsd#eba_CPC" xlink:label="loc_eba_CPC" />
    <link:definitionArc xlink:type="arc" xlink:arcrole="http://xbrl.org/int/dim/arcrole/dimension-domain" xlink:from="loc_eba_CPC" xlink:to="loc_eba_CT" xbrldt:usable="false" />
    <link:definitionArc xlink:type="arc" xlink:arcrole="http://xbrl.org/int/dim/arcrole/dimension-default" xlink:from="loc_eba_CPC" xlink:to="loc_eba_x0_9" />
    <link:loc xlink:type="locator" xlink:href="dim.xsd#eba_CMA" xlink:label="loc_eba_CMA" />
    <link:loc xlink:type="locator" xlink:href="../dom/exp.xsd#eba_GA" xlink:label="loc_eba_GA" />
    <link:definitionArc xlink:type="arc" xlink:arcrole="http://xbrl.org/int/dim/arcrole/dimension-domain" xlink:from="loc_eba_CMA" xlink:to="loc_eba_GA" xbrldt:usable="false" />
    <link:loc xlink:type="locator" xlink:href="../dom/ga/mem.xsd#eba_x0" xlink:label="loc_eba_x0_16" />
    <link:definitionArc xlink:type="arc" xlink:arcrole="http://xbrl.org/int/dim/arcrole/dimension-default" xlink:from="loc_eba_CMA" xlink:to="loc_eba_x0_16" />
    <link:loc xlink:type="locator" xlink:href="dim.xsd#eba_CEG" xlink:label="loc_eba_CEG" />
    <link:definitionArc xlink:type="arc" xlink:arcrole="http://xbrl.org/int/dim/arcrole/dimension-domain" xlink:from="loc_eba_CEG" xlink:to="loc_eba_GA" xbrldt:usable="false" />
    <link:definitionArc xlink:type="arc" xlink:arcrole="http://xbrl.org/int/dim/arcrole/dimension-default" xlink:from="loc_eba_CEG" xlink:to="loc_eba_x0_16" />
    <link:loc xlink:type="locator" xlink:href="dim.xsd#eba_CRM" xlink:label="loc_eba_CRM" />
    <link:loc xlink:type="locator" xlink:href="../dom/exp.xsd#eba_CP" xlink:label="loc_eba_CP" />
    <link:definitionArc xlink:type="arc" xlink:arcrole="http://xbrl.org/int/dim/arcrole/dimension-domain" xlink:from="loc_eba_CRM" xlink:to="loc_eba_CP" xbrldt:usable="false" />
    <link:loc xlink:type="locator" xlink:href="../dom/cp/mem.xsd#eba_x0" xlink:label="loc_eba_x0_17" />
    <link:definitionArc xlink:type="arc" xlink:arcrole="http://xbrl.org/int/dim/arcrole/dimension-default" xlink:from="loc_eba_CRM" xlink:to="loc_eba_x0_17" />
    <link:loc xlink:type="locator" xlink:href="dim.xsd#eba_CUE" xlink:label="loc_eba_CUE" />
    <link:definitionArc xlink:type="arc" xlink:arcrole="http://xbrl.org/int/dim/arcrole/dimension-domain" xlink:from="loc_eba_CUE" xlink:to="loc_eba_CU" xbrldt:usable="false" />
    <link:definitionArc xlink:type="arc" xlink:arcrole="http://xbrl.org/int/dim/arcrole/dimension-default" xlink:from="loc_eba_CUE" xlink:to="loc_eba_x0_7" />
    <link:loc xlink:type="locator" xlink:href="dim.xsd#eba_DOF" xlink:label="loc_eba_DOF" />
    <link:definitionArc xlink:type="arc" xlink:arcrole="http://xbrl.org/int/dim/arcrole/dimension-domain" xlink:from="loc_eba_DOF" xlink:to="loc_eba_BT" xbrldt:usable="false" />
    <link:definitionArc xlink:type="arc" xlink:arcrole="http://xbrl.org/int/dim/arcrole/dimension-default" xlink:from="loc_eba_DOF" xlink:to="loc_eba_x0_14" />
    <link:loc xlink:type="locator" xlink:href="dim.xsd#eba_DPS" xlink:label="loc_eba_DPS" />
    <link:definitionArc xlink:type="arc" xlink:arcrole="http://xbrl.org/int/dim/arcrole/dimension-domain" xlink:from="loc_eba_DPS" xlink:to="loc_eba_MC" xbrldt:usable="false" />
    <link:definitionArc xlink:type="arc" xlink:arcrole="http://xbrl.org/int/dim/arcrole/dimension-default" xlink:from="loc_eba_DPS" xlink:to="loc_eba_x0" />
    <link:loc xlink:type="locator" xlink:href="dim.xsd#eba_COF" xlink:label="loc_eba_COF" />
    <link:definitionArc xlink:type="arc" xlink:arcrole="http://xbrl.org/int/dim/arcrole/dimension-domain" xlink:from="loc_eba_COF" xlink:to="loc_eba_OF" xbrldt:usable="false" />
    <link:definitionArc xlink:type="arc" xlink:arcrole="http://xbrl.org/int/dim/arcrole/dimension-default" xlink:from="loc_eba_COF" xlink:to="loc_eba_x0_6" />
    <link:loc xlink:type="locator" xlink:href="dim.xsd#eba_ENC" xlink:label="loc_eba_ENC" />
    <link:definitionArc xlink:type="arc" xlink:arcrole="http://xbrl.org/int/dim/arcrole/dimension-domain" xlink:from="loc_eba_ENC" xlink:to="loc_eba_CG" xbrldt:usable="false" />
    <link:definitionArc xlink:type="arc" xlink:arcrole="http://xbrl.org/int/dim/arcrole/dimension-default" xlink:from="loc_eba_ENC" xlink:to="loc_eba_x0_5" />
    <link:loc xlink:type="locator" xlink:href="dim.xsd#eba_ETY" xlink:label="loc_eba_ETY" />
    <link:loc xlink:type="locator" xlink:href="../dom/exp.xsd#eba_ET" xlink:label="loc_eba_ET" />
    <link:definitionArc xlink:type="arc" xlink:arcrole="http://xbrl.org/int/dim/arcrole/dimension-domain" xlink:from="loc_eba_ETY" xlink:to="loc_eba_ET" xbrldt:usable="false" />
    <link:loc xlink:type="locator" xlink:href="../dom/et/mem.xsd#eba_x0" xlink:label="loc_eba_x0_18" />
    <link:definitionArc xlink:type="arc" xlink:arcrole="http://xbrl.org/int/dim/arcrole/dimension-default" xlink:from="loc_eba_ETY" xlink:to="loc_eba_x0_18" />
    <link:loc xlink:type="locator" xlink:href="dim.xsd#eba_ECB" xlink:label="loc_eba_ECB" />
    <link:definitionArc xlink:type="arc" xlink:arcrole="http://xbrl.org/int/dim/arcrole/dimension-domain" xlink:from="loc_eba_ECB" xlink:to="loc_eba_EC" xbrldt:usable="false" />
    <link:definitionArc xlink:type="arc" xlink:arcrole="http://xbrl.org/int/dim/arcrole/dimension-default" xlink:from="loc_eba_ECB" xlink:to="loc_eba_x0_8" />
    <link:loc xlink:type="locator" xlink:href="dim.xsd#eba_ECC" xlink:label="loc_eba_ECC" />
    <link:definitionArc xlink:type="arc" xlink:arcrole="http://xbrl.org/int/dim/arcrole/dimension-domain" xlink:from="loc_eba_ECC" xlink:to="loc_eba_EC" xbrldt:usable="false" />
    <link:definitionArc xlink:type="arc" xlink:arcrole="http://xbrl.org/int/dim/arcrole/dimension-default" xlink:from="loc_eba_ECC" xlink:to="loc_eba_x0_8" />
    <link:loc xlink:type="locator" xlink:href="dim.xsd#eba_ECW" xlink:label="loc_eba_ECW" />
    <link:definitionArc xlink:type="arc" xlink:arcrole="http://xbrl.org/int/dim/arcrole/dimension-domain" xlink:from="loc_eba_ECW" xlink:to="loc_eba_EC" xbrldt:usable="false" />
    <link:definitionArc xlink:type="arc" xlink:arcrole="http://xbrl.org/int/dim/arcrole/dimension-default" xlink:from="loc_eba_ECW" xlink:to="loc_eba_x0_8" />
    <link:loc xlink:type="locator" xlink:href="dim.xsd#eba_CQI" xlink:label="loc_eba_CQI" />
    <link:loc xlink:type="locator" xlink:href="../dom/exp.xsd#eba_CQ" xlink:label="loc_eba_CQ" />
    <link:definitionArc xlink:type="arc" xlink:arcrole="http://xbrl.org/int/dim/arcrole/dimension-domain" xlink:from="loc_eba_CQI" xlink:to="loc_eba_CQ" xbrldt:usable="false" />
    <link:loc xlink:type="locator" xlink:href="../dom/cq/mem.xsd#eba_x0" xlink:label="loc_eba_x0_19" />
    <link:definitionArc xlink:type="arc" xlink:arcrole="http://xbrl.org/int/dim/arcrole/dimension-default" xlink:from="loc_eba_CQI" xlink:to="loc_eba_x0_19" />
    <link:loc xlink:type="locator" xlink:href="dim.xsd#eba_CQS" xlink:label="loc_eba_CQS" />
    <link:definitionArc xlink:type="arc" xlink:arcrole="http://xbrl.org/int/dim/arcrole/dimension-domain" xlink:from="loc_eba_CQS" xlink:to="loc_eba_CQ" xbrldt:usable="false" />
    <link:definitionArc xlink:type="arc" xlink:arcrole="http://xbrl.org/int/dim/arcrole/dimension-default" xlink:from="loc_eba_CQS" xlink:to="loc_eba_x0_19" />
    <link:loc xlink:type="locator" xlink:href="dim.xsd#eba_CQC" xlink:label="loc_eba_CQC" />
    <link:definitionArc xlink:type="arc" xlink:arcrole="http://xbrl.org/int/dim/arcrole/dimension-domain" xlink:from="loc_eba_CQC" xlink:to="loc_eba_CQ" xbrldt:usable="false" />
    <link:definitionArc xlink:type="arc" xlink:arcrole="http://xbrl.org/int/dim/arcrole/dimension-default" xlink:from="loc_eba_CQC" xlink:to="loc_eba_x0_19" />
    <link:loc xlink:type="locator" xlink:href="dim.xsd#eba_FVH" xlink:label="loc_eba_FVH" />
    <link:loc xlink:type="locator" xlink:href="../dom/exp.xsd#eba_MA" xlink:label="loc_eba_MA" />
    <link:definitionArc xlink:type="arc" xlink:arcrole="http://xbrl.org/int/dim/arcrole/dimension-domain" xlink:from="loc_eba_FVH" xlink:to="loc_eba_MA" xbrldt:usable="false" />
    <link:loc xlink:type="locator" xlink:href="../dom/ma/mem.xsd#eba_x0" xlink:label="loc_eba_x0_20" />
    <link:definitionArc xlink:type="arc" xlink:arcrole="http://xbrl.org/int/dim/arcrole/dimension-default" xlink:from="loc_eba_FVH" xlink:to="loc_eba_x0_20" />
    <link:loc xlink:type="locator" xlink:href="dim.xsd#eba_LIQ" xlink:label="loc_eba_LIQ" />
    <link:definitionArc xlink:type="arc" xlink:arcrole="http://xbrl.org/int/dim/arcrole/dimension-domain" xlink:from="loc_eba_LIQ" xlink:to="loc_eba_LQ" xbrldt:usable="false" />
    <link:definitionArc xlink:type="arc" xlink:arcrole="http://xbrl.org/int/dim/arcrole/dimension-default" xlink:from="loc_eba_LIQ" xlink:to="loc_eba_x0_2" />
    <link:loc xlink:type="locator" xlink:href="dim.xsd#eba_GTR" xlink:label="loc_eba_GTR" />
    <link:definitionArc xlink:type="arc" xlink:arcrole="http://xbrl.org/int/dim/arcrole/dimension-domain" xlink:from="loc_eba_GTR" xlink:to="loc_eba_CT" xbrldt:usable="false" />
    <link:definitionArc xlink:type="arc" xlink:arcrole="http://xbrl.org/int/dim/arcrole/dimension-default" xlink:from="loc_eba_GTR" xlink:to="loc_eba_x0_9" />
    <link:loc xlink:type="locator" xlink:href="dim.xsd#eba_GTC" xlink:label="loc_eba_GTC" />
    <link:definitionArc xlink:type="arc" xlink:arcrole="http://xbrl.org/int/dim/arcrole/dimension-domain" xlink:from="loc_eba_GTC" xlink:to="loc_eba_CT" xbrldt:usable="false" />
    <link:definitionArc xlink:type="arc" xlink:arcrole="http://xbrl.org/int/dim/arcrole/dimension-default" xlink:from="loc_eba_GTC" xlink:to="loc_eba_x0_9" />
    <link:loc xlink:type="locator" xlink:href="dim.xsd#eba_HFI" xlink:label="loc_eba_HFI" />
    <link:definitionArc xlink:type="arc" xlink:arcrole="http://xbrl.org/int/dim/arcrole/dimension-domain" xlink:from="loc_eba_HFI" xlink:to="loc_eba_BT" xbrldt:usable="false" />
    <link:definitionArc xlink:type="arc" xlink:arcrole="http://xbrl.org/int/dim/arcrole/dimension-default" xlink:from="loc_eba_HFI" xlink:to="loc_eba_x0_14" />
    <link:loc xlink:type="locator" xlink:href="dim.xsd#eba_IMS" xlink:label="loc_eba_IMS" />
    <link:loc xlink:type="locator" xlink:href="../dom/exp.xsd#eba_IM" xlink:label="loc_eba_IM" />
    <link:definitionArc xlink:type="arc" xlink:arcrole="http://xbrl.org/int/dim/arcrole/dimension-domain" xlink:from="loc_eba_IMS" xlink:to="loc_eba_IM" xbrldt:usable="false" />
    <link:loc xlink:type="locator" xlink:href="../dom/im/mem.xsd#eba_x0" xlink:label="loc_eba_x0_21" />
    <link:definitionArc xlink:type="arc" xlink:arcrole="http://xbrl.org/int/dim/arcrole/dimension-default" xlink:from="loc_eba_IMS" xlink:to="loc_eba_x0_21" />
    <link:loc xlink:type="locator" xlink:href="dim.xsd#eba_LQA" xlink:label="loc_eba_LQA" />
    <link:definitionArc xlink:type="arc" xlink:arcrole="http://xbrl.org/int/dim/arcrole/dimension-domain" xlink:from="loc_eba_LQA" xlink:to="loc_eba_LQ" xbrldt:usable="false" />
    <link:definitionArc xlink:type="arc" xlink:arcrole="http://xbrl.org/int/dim/arcrole/dimension-default" xlink:from="loc_eba_LQA" xlink:to="loc_eba_x0_2" />
    <link:loc xlink:type="locator" xlink:href="dim.xsd#eba_LQC" xlink:label="loc_eba_LQC" />
    <link:definitionArc xlink:type="arc" xlink:arcrole="http://xbrl.org/int/dim/arcrole/dimension-domain" xlink:from="loc_eba_LQC" xlink:to="loc_eba_LQ" xbrldt:usable="false" />
    <link:definitionArc xlink:type="arc" xlink:arcrole="http://xbrl.org/int/dim/arcrole/dimension-default" xlink:from="loc_eba_LQC" xlink:to="loc_eba_x0_2" />
    <link:loc xlink:type="locator" xlink:href="dim.xsd#eba_LTV" xlink:label="loc_eba_LTV" />
    <link:definitionArc xlink:type="arc" xlink:arcrole="http://xbrl.org/int/dim/arcrole/dimension-domain" xlink:from="loc_eba_LTV" xlink:to="loc_eba_PC" xbrldt:usable="false" />
    <link:definitionArc xlink:type="arc" xlink:arcrole="http://xbrl.org/int/dim/arcrole/dimension-default" xlink:from="loc_eba_LTV" xlink:to="loc_eba_x0_15" />
    <link:loc xlink:type="locator" xlink:href="dim.xsd#eba_LAC" xlink:label="loc_eba_LAC" />
    <link:definitionArc xlink:type="arc" xlink:arcrole="http://xbrl.org/int/dim/arcrole/dimension-domain" xlink:from="loc_eba_LAC" xlink:to="loc_eba_BT" xbrldt:usable="false" />
    <link:definitionArc xlink:type="arc" xlink:arcrole="http://xbrl.org/int/dim/arcrole/dimension-default" xlink:from="loc_eba_LAC" xlink:to="loc_eba_x0_14" />
    <link:loc xlink:type="locator" xlink:href="dim.xsd#eba_MCD" xlink:label="loc_eba_MCD" />
    <link:definitionArc xlink:type="arc" xlink:arcrole="http://xbrl.org/int/dim/arcrole/dimension-domain" xlink:from="loc_eba_MCD" xlink:to="loc_eba_MC" xbrldt:usable="false" />
    <link:definitionArc xlink:type="arc" xlink:arcrole="http://xbrl.org/int/dim/arcrole/dimension-default" xlink:from="loc_eba_MCD" xlink:to="loc_eba_x0" />
    <link:loc xlink:type="locator" xlink:href="dim.xsd#eba_MCT" xlink:label="loc_eba_MCT" />
    <link:definitionArc xlink:type="arc" xlink:arcrole="http://xbrl.org/int/dim/arcrole/dimension-domain" xlink:from="loc_eba_MCT" xlink:to="loc_eba_MC" xbrldt:usable="false" />
    <link:definitionArc xlink:type="arc" xlink:arcrole="http://xbrl.org/int/dim/arcrole/dimension-default" xlink:from="loc_eba_MCT" xlink:to="loc_eba_x0" />
    <link:loc xlink:type="locator" xlink:href="dim.xsd#eba_MCI" xlink:label="loc_eba_MCI" />
    <link:definitionArc xlink:type="arc" xlink:arcrole="http://xbrl.org/int/dim/arcrole/dimension-domain" xlink:from="loc_eba_MCI" xlink:to="loc_eba_MC" xbrldt:usable="false" />
    <link:definitionArc xlink:type="arc" xlink:arcrole="http://xbrl.org/int/dim/arcrole/dimension-default" xlink:from="loc_eba_MCI" xlink:to="loc_eba_x0" />
    <link:loc xlink:type="locator" xlink:href="dim.xsd#eba_MCE" xlink:label="loc_eba_MCE" />
    <link:definitionArc xlink:type="arc" xlink:arcrole="http://xbrl.org/int/dim/arcrole/dimension-domain" xlink:from="loc_eba_MCE" xlink:to="loc_eba_MC" xbrldt:usable="false" />
    <link:definitionArc xlink:type="arc" xlink:arcrole="http://xbrl.org/int/dim/arcrole/dimension-default" xlink:from="loc_eba_MCE" xlink:to="loc_eba_x0" />
    <link:loc xlink:type="locator" xlink:href="dim.xsd#eba_MCL" xlink:label="loc_eba_MCL" />
    <link:definitionArc xlink:type="arc" xlink:arcrole="http://xbrl.org/int/dim/arcrole/dimension-domain" xlink:from="loc_eba_MCL" xlink:to="loc_eba_MC" xbrldt:usable="false" />
    <link:definitionArc xlink:type="arc" xlink:arcrole="http://xbrl.org/int/dim/arcrole/dimension-default" xlink:from="loc_eba_MCL" xlink:to="loc_eba_x0" />
    <link:loc xlink:type="locator" xlink:href="dim.xsd#eba_MCP" xlink:label="loc_eba_MCP" />
    <link:definitionArc xlink:type="arc" xlink:arcrole="http://xbrl.org/int/dim/arcrole/dimension-domain" xlink:from="loc_eba_MCP" xlink:to="loc_eba_MC" xbrldt:usable="false" />
    <link:definitionArc xlink:type="arc" xlink:arcrole="http://xbrl.org/int/dim/arcrole/dimension-default" xlink:from="loc_eba_MCP" xlink:to="loc_eba_x0" />
    <link:loc xlink:type="locator" xlink:href="dim.xsd#eba_MCU" xlink:label="loc_eba_MCU" />
    <link:definitionArc xlink:type="arc" xlink:arcrole="http://xbrl.org/int/dim/arcrole/dimension-domain" xlink:from="loc_eba_MCU" xlink:to="loc_eba_MC" xbrldt:usable="false" />
    <link:definitionArc xlink:type="arc" xlink:arcrole="http://xbrl.org/int/dim/arcrole/dimension-default" xlink:from="loc_eba_MCU" xlink:to="loc_eba_x0" />
    <link:loc xlink:type="locator" xlink:href="dim.xsd#eba_MRW" xlink:label="loc_eba_MRW" />
    <link:definitionArc xlink:type="arc" xlink:arcrole="http://xbrl.org/int/dim/arcrole/dimension-domain" xlink:from="loc_eba_MRW" xlink:to="loc_eba_AP" xbrldt:usable="false" />
    <link:definitionArc xlink:type="arc" xlink:arcrole="http://xbrl.org/int/dim/arcrole/dimension-default" xlink:from="loc_eba_MRW" xlink:to="loc_eba_x0_4" />
    <link:loc xlink:type="locator" xlink:href="dim.xsd#eba_NAC" xlink:label="loc_eba_NAC" />
    <link:loc xlink:type="locator" xlink:href="../dom/exp.xsd#eba_NC" xlink:label="loc_eba_NC" />
    <link:definitionArc xlink:type="arc" xlink:arcrole="http://xbrl.org/int/dim/arcrole/dimension-domain" xlink:from="loc_eba_NAC" xlink:to="loc_eba_NC" xbrldt:usable="false" />
    <link:loc xlink:type="locator" xlink:href="../dom/nc/mem.xsd#eba_x0" xlink:label="loc_eba_x0_22" />
    <link:definitionArc xlink:type="arc" xlink:arcrole="http://xbrl.org/int/dim/arcrole/dimension-default" xlink:from="loc_eba_NAC" xlink:to="loc_eba_x0_22" />
    <link:loc xlink:type="locator" xlink:href="dim.xsd#eba_PAU" xlink:label="loc_eba_PAU" />
    <link:definitionArc xlink:type="arc" xlink:arcrole="http://xbrl.org/int/dim/arcrole/dimension-domain" xlink:from="loc_eba_PAU" xlink:to="loc_eba_AP" xbrldt:usable="false" />
    <link:definitionArc xlink:type="arc" xlink:arcrole="http://xbrl.org/int/dim/arcrole/dimension-default" xlink:from="loc_eba_PAU" xlink:to="loc_eba_x0_4" />
    <link:loc xlink:type="locator" xlink:href="dim.xsd#eba_PIN" xlink:label="loc_eba_PIN" />
    <link:loc xlink:type="locator" xlink:href="../dom/exp.xsd#eba_PI" xlink:label="loc_eba_PI" />
    <link:definitionArc xlink:type="arc" xlink:arcrole="http://xbrl.org/int/dim/arcrole/dimension-domain" xlink:from="loc_eba_PIN" xlink:to="loc_eba_PI" xbrldt:usable="false" />
    <link:loc xlink:type="locator" xlink:href="../dom/pi/mem.xsd#eba_x0" xlink:label="loc_eba_x0_23" />
    <link:definitionArc xlink:type="arc" xlink:arcrole="http://xbrl.org/int/dim/arcrole/dimension-default" xlink:from="loc_eba_PIN" xlink:to="loc_eba_x0_23" />
    <link:loc xlink:type="locator" xlink:href="dim.xsd#eba_PRP" xlink:label="loc_eba_PRP" />
    <link:definitionArc xlink:type="arc" xlink:arcrole="http://xbrl.org/int/dim/arcrole/dimension-domain" xlink:from="loc_eba_PRP" xlink:to="loc_eba_PL" xbrldt:usable="false" />
    <link:definitionArc xlink:type="arc" xlink:arcrole="http://xbrl.org/int/dim/arcrole/dimension-default" xlink:from="loc_eba_PRP" xlink:to="loc_eba_x0_11" />
    <link:loc xlink:type="locator" xlink:href="dim.xsd#eba_PUR" xlink:label="loc_eba_PUR" />
    <link:loc xlink:type="locator" xlink:href="../dom/exp.xsd#eba_PU" xlink:label="loc_eba_PU" />
    <link:definitionArc xlink:type="arc" xlink:arcrole="http://xbrl.org/int/dim/arcrole/dimension-domain" xlink:from="loc_eba_PUR" xlink:to="loc_eba_PU" xbrldt:usable="false" />
    <link:loc xlink:type="locator" xlink:href="../dom/pu/mem.xsd#eba_x0" xlink:label="loc_eba_x0_24" />
    <link:definitionArc xlink:type="arc" xlink:arcrole="http://xbrl.org/int/dim/arcrole/dimension-default" xlink:from="loc_eba_PUR" xlink:to="loc_eba_x0_24" />
    <link:loc xlink:type="locator" xlink:href="dim.xsd#eba_REF" xlink:label="loc_eba_REF" />
    <link:loc xlink:type="locator" xlink:href="../dom/exp.xsd#eba_RF" xlink:label="loc_eba_RF" />
    <link:definitionArc xlink:type="arc" xlink:arcrole="http://xbrl.org/int/dim/arcrole/dimension-domain" xlink:from="loc_eba_REF" xlink:to="loc_eba_RF" xbrldt:usable="false" />
    <link:loc xlink:type="locator" xlink:href="../dom/rf/mem.xsd#eba_x0" xlink:label="loc_eba_x0_25" />
    <link:definitionArc xlink:type="arc" xlink:arcrole="http://xbrl.org/int/dim/arcrole/dimension-default" xlink:from="loc_eba_REF" xlink:to="loc_eba_x0_25" />
    <link:loc xlink:type="locator" xlink:href="dim.xsd#eba_RPR" xlink:label="loc_eba_RPR" />
    <link:definitionArc xlink:type="arc" xlink:arcrole="http://xbrl.org/int/dim/arcrole/dimension-domain" xlink:from="loc_eba_RPR" xlink:to="loc_eba_RP" xbrldt:usable="false" />
    <link:definitionArc xlink:type="arc" xlink:arcrole="http://xbrl.org/int/dim/arcrole/dimension-default" xlink:from="loc_eba_RPR" xlink:to="loc_eba_x0_3" />
    <link:loc xlink:type="locator" xlink:href="dim.xsd#eba_RCP" xlink:label="loc_eba_RCP" />
    <link:definitionArc xlink:type="arc" xlink:arcrole="http://xbrl.org/int/dim/arcrole/dimension-domain" xlink:from="loc_eba_RCP" xlink:to="loc_eba_GA" xbrldt:usable="false" />
    <link:definitionArc xlink:type="arc" xlink:arcrole="http://xbrl.org/int/dim/arcrole/dimension-default" xlink:from="loc_eba_RCP" xlink:to="loc_eba_x0_16" />
    <link:loc xlink:type="locator" xlink:href="dim.xsd#eba_RES" xlink:label="loc_eba_RES" />
    <link:loc xlink:type="locator" xlink:href="../dom/exp.xsd#eba_TI" xlink:label="loc_eba_TI" />
    <link:definitionArc xlink:type="arc" xlink:arcrole="http://xbrl.org/int/dim/arcrole/dimension-domain" xlink:from="loc_eba_RES" xlink:to="loc_eba_TI" xbrldt:usable="false" />
    <link:loc xlink:type="locator" xlink:href="../dom/ti/mem.xsd#eba_x0" xlink:label="loc_eba_x0_26" />
    <link:definitionArc xlink:type="arc" xlink:arcrole="http://xbrl.org/int/dim/arcrole/dimension-default" xlink:from="loc_eba_RES" xlink:to="loc_eba_x0_26" />
    <link:loc xlink:type="locator" xlink:href="dim.xsd#eba_RWS" xlink:label="loc_eba_RWS" />
    <link:definitionArc xlink:type="arc" xlink:arcrole="http://xbrl.org/int/dim/arcrole/dimension-domain" xlink:from="loc_eba_RWS" xlink:to="loc_eba_PC" xbrldt:usable="false" />
    <link:definitionArc xlink:type="arc" xlink:arcrole="http://xbrl.org/int/dim/arcrole/dimension-default" xlink:from="loc_eba_RWS" xlink:to="loc_eba_x0_15" />
    <link:loc xlink:type="locator" xlink:href="dim.xsd#eba_RWC" xlink:label="loc_eba_RWC" />
    <link:definitionArc xlink:type="arc" xlink:arcrole="http://xbrl.org/int/dim/arcrole/dimension-domain" xlink:from="loc_eba_RWC" xlink:to="loc_eba_PC" xbrldt:usable="false" />
    <link:definitionArc xlink:type="arc" xlink:arcrole="http://xbrl.org/int/dim/arcrole/dimension-default" xlink:from="loc_eba_RWC" xlink:to="loc_eba_x0_15" />
    <link:loc xlink:type="locator" xlink:href="dim.xsd#eba_RSP" xlink:label="loc_eba_RSP" />
    <link:loc xlink:type="locator" xlink:href="../dom/exp.xsd#eba_RS" xlink:label="loc_eba_RS" />
    <link:definitionArc xlink:type="arc" xlink:arcrole="http://xbrl.org/int/dim/arcrole/dimension-domain" xlink:from="loc_eba_RSP" xlink:to="loc_eba_RS" xbrldt:usable="false" />
    <link:loc xlink:type="locator" xlink:href="../dom/rs/mem.xsd#eba_x0" xlink:label="loc_eba_x0_27" />
    <link:definitionArc xlink:type="arc" xlink:arcrole="http://xbrl.org/int/dim/arcrole/dimension-default" xlink:from="loc_eba_RSP" xlink:to="loc_eba_x0_27" />
    <link:loc xlink:type="locator" xlink:href="dim.xsd#eba_SST" xlink:label="loc_eba_SST" />
    <link:loc xlink:type="locator" xlink:href="../dom/exp.xsd#eba_ST" xlink:label="loc_eba_ST" />
    <link:definitionArc xlink:type="arc" xlink:arcrole="http://xbrl.org/int/dim/arcrole/dimension-domain" xlink:from="loc_eba_SST" xlink:to="loc_eba_ST" xbrldt:usable="false" />
    <link:loc xlink:type="locator" xlink:href="../dom/st/mem.xsd#eba_x0" xlink:label="loc_eba_x0_28" />
    <link:definitionArc xlink:type="arc" xlink:arcrole="http://xbrl.org/int/dim/arcrole/dimension-default" xlink:from="loc_eba_SST" xlink:to="loc_eba_x0_28" />
    <link:loc xlink:type="locator" xlink:href="dim.xsd#eba_INV" xlink:label="loc_eba_INV" />
    <link:definitionArc xlink:type="arc" xlink:arcrole="http://xbrl.org/int/dim/arcrole/dimension-domain" xlink:from="loc_eba_INV" xlink:to="loc_eba_PL" xbrldt:usable="false" />
    <link:definitionArc xlink:type="arc" xlink:arcrole="http://xbrl.org/int/dim/arcrole/dimension-default" xlink:from="loc_eba_INV" xlink:to="loc_eba_x0_11" />
    <link:loc xlink:type="locator" xlink:href="dim.xsd#eba_SCC" xlink:label="loc_eba_SCC" />
    <link:definitionArc xlink:type="arc" xlink:arcrole="http://xbrl.org/int/dim/arcrole/dimension-domain" xlink:from="loc_eba_SCC" xlink:to="loc_eba_MC" xbrldt:usable="false" />
    <link:definitionArc xlink:type="arc" xlink:arcrole="http://xbrl.org/int/dim/arcrole/dimension-default" xlink:from="loc_eba_SCC" xlink:to="loc_eba_x0" />
    <link:loc xlink:type="locator" xlink:href="dim.xsd#eba_SLQ" xlink:label="loc_eba_SLQ" />
    <link:definitionArc xlink:type="arc" xlink:arcrole="http://xbrl.org/int/dim/arcrole/dimension-domain" xlink:from="loc_eba_SLQ" xlink:to="loc_eba_LQ" xbrldt:usable="false" />
    <link:definitionArc xlink:type="arc" xlink:arcrole="http://xbrl.org/int/dim/arcrole/dimension-default" xlink:from="loc_eba_SLQ" xlink:to="loc_eba_x0_2" />
    <link:loc xlink:type="locator" xlink:href="dim.xsd#eba_SOL" xlink:label="loc_eba_SOL" />
    <link:definitionArc xlink:type="arc" xlink:arcrole="http://xbrl.org/int/dim/arcrole/dimension-domain" xlink:from="loc_eba_SOL" xlink:to="loc_eba_BT" xbrldt:usable="false" />
    <link:definitionArc xlink:type="arc" xlink:arcrole="http://xbrl.org/int/dim/arcrole/dimension-default" xlink:from="loc_eba_SOL" xlink:to="loc_eba_x0_14" />
    <link:loc xlink:type="locator" xlink:href="dim.xsd#eba_SUB" xlink:label="loc_eba_SUB" />
    <link:definitionArc xlink:type="arc" xlink:arcrole="http://xbrl.org/int/dim/arcrole/dimension-domain" xlink:from="loc_eba_SUB" xlink:to="loc_eba_MC" xbrldt:usable="false" />
    <link:definitionArc xlink:type="arc" xlink:arcrole="http://xbrl.org/int/dim/arcrole/dimension-default" xlink:from="loc_eba_SUB" xlink:to="loc_eba_x0" />
    <link:loc xlink:type="locator" xlink:href="dim.xsd#eba_DST" xlink:label="loc_eba_DST" />
    <link:definitionArc xlink:type="arc" xlink:arcrole="http://xbrl.org/int/dim/arcrole/dimension-domain" xlink:from="loc_eba_DST" xlink:to="loc_eba_TI" xbrldt:usable="false" />
    <link:definitionArc xlink:type="arc" xlink:arcrole="http://xbrl.org/int/dim/arcrole/dimension-default" xlink:from="loc_eba_DST" xlink:to="loc_eba_x0_26" />
    <link:loc xlink:type="locator" xlink:href="dim.xsd#eba_EUT" xlink:label="loc_eba_EUT" />
    <link:definitionArc xlink:type="arc" xlink:arcrole="http://xbrl.org/int/dim/arcrole/dimension-domain" xlink:from="loc_eba_EUT" xlink:to="loc_eba_TI" xbrldt:usable="false" />
    <link:definitionArc xlink:type="arc" xlink:arcrole="http://xbrl.org/int/dim/arcrole/dimension-default" xlink:from="loc_eba_EUT" xlink:to="loc_eba_x0_26" />
    <link:loc xlink:type="locator" xlink:href="dim.xsd#eba_TPD" xlink:label="loc_eba_TPD" />
    <link:definitionArc xlink:type="arc" xlink:arcrole="http://xbrl.org/int/dim/arcrole/dimension-domain" xlink:from="loc_eba_TPD" xlink:to="loc_eba_TI" xbrldt:usable="false" />
    <link:definitionArc xlink:type="arc" xlink:arcrole="http://xbrl.org/int/dim/arcrole/dimension-default" xlink:from="loc_eba_TPD" xlink:to="loc_eba_x0_26" />
    <link:loc xlink:type="locator" xlink:href="dim.xsd#eba_REC" xlink:label="loc_eba_REC" />
    <link:definitionArc xlink:type="arc" xlink:arcrole="http://xbrl.org/int/dim/arcrole/dimension-domain" xlink:from="loc_eba_REC" xlink:to="loc_eba_BT" xbrldt:usable="false" />
    <link:definitionArc xlink:type="arc" xlink:arcrole="http://xbrl.org/int/dim/arcrole/dimension-default" xlink:from="loc_eba_REC" xlink:to="loc_eba_x0_14" />
    <link:loc xlink:type="locator" xlink:href="dim.xsd#eba_TOF" xlink:label="loc_eba_TOF" />
    <link:definitionArc xlink:type="arc" xlink:arcrole="http://xbrl.org/int/dim/arcrole/dimension-domain" xlink:from="loc_eba_TOF" xlink:to="loc_eba_OF" xbrldt:usable="false" />
    <link:definitionArc xlink:type="arc" xlink:arcrole="http://xbrl.org/int/dim/arcrole/dimension-default" xlink:from="loc_eba_TOF" xlink:to="loc_eba_x0_6" />
    <link:loc xlink:type="locator" xlink:href="dim.xsd#eba_TYA" xlink:label="loc_eba_TYA" />
    <link:definitionArc xlink:type="arc" xlink:arcrole="http://xbrl.org/int/dim/arcrole/dimension-domain" xlink:from="loc_eba_TYA" xlink:to="loc_eba_TA" xbrldt:usable="false" />
    <link:definitionArc xlink:type="arc" xlink:arcrole="http://xbrl.org/int/dim/arcrole/dimension-default" xlink:from="loc_eba_TYA" xlink:to="loc_eba_x0_12" />
    <link:loc xlink:type="locator" xlink:href="dim.xsd#eba_TYR" xlink:label="loc_eba_TYR" />
    <link:definitionArc xlink:type="arc" xlink:arcrole="http://xbrl.org/int/dim/arcrole/dimension-domain" xlink:from="loc_eba_TYR" xlink:to="loc_eba_TA" xbrldt:usable="false" />
    <link:definitionArc xlink:type="arc" xlink:arcrole="http://xbrl.org/int/dim/arcrole/dimension-default" xlink:from="loc_eba_TYR" xlink:to="loc_eba_x0_12" />
    <link:loc xlink:type="locator" xlink:href="dim.xsd#eba_ALO" xlink:label="loc_eba_ALO" />
    <link:definitionArc xlink:type="arc" xlink:arcrole="http://xbrl.org/int/dim/arcrole/dimension-domain" xlink:from="loc_eba_ALO" xlink:to="loc_eba_IM" xbrldt:usable="false" />
    <link:definitionArc xlink:type="arc" xlink:arcrole="http://xbrl.org/int/dim/arcrole/dimension-default" xlink:from="loc_eba_ALO" xlink:to="loc_eba_x0_21" />
    <link:loc xlink:type="locator" xlink:href="dim.xsd#eba_TAC" xlink:label="loc_eba_TAC" />
    <link:definitionArc xlink:type="arc" xlink:arcrole="http://xbrl.org/int/dim/arcrole/dimension-domain" xlink:from="loc_eba_TAC" xlink:to="loc_eba_MC" xbrldt:usable="false" />
    <link:definitionArc xlink:type="arc" xlink:arcrole="http://xbrl.org/int/dim/arcrole/dimension-default" xlink:from="loc_eba_TAC" xlink:to="loc_eba_x0" />
    <link:loc xlink:type="locator" xlink:href="dim.xsd#eba_TCP" xlink:label="loc_eba_TCP" />
    <link:definitionArc xlink:type="arc" xlink:arcrole="http://xbrl.org/int/dim/arcrole/dimension-domain" xlink:from="loc_eba_TCP" xlink:to="loc_eba_CP" xbrldt:usable="false" />
    <link:definitionArc xlink:type="arc" xlink:arcrole="http://xbrl.org/int/dim/arcrole/dimension-default" xlink:from="loc_eba_TCP" xlink:to="loc_eba_x0_17" />
    <link:loc xlink:type="locator" xlink:href="dim.xsd#eba_TIF" xlink:label="loc_eba_TIF" />
    <link:definitionArc xlink:type="arc" xlink:arcrole="http://xbrl.org/int/dim/arcrole/dimension-domain" xlink:from="loc_eba_TIF" xlink:to="loc_eba_TA" xbrldt:usable="false" />
    <link:definitionArc xlink:type="arc" xlink:arcrole="http://xbrl.org/int/dim/arcrole/dimension-default" xlink:from="loc_eba_TIF" xlink:to="loc_eba_x0_12" />
    <link:loc xlink:type="locator" xlink:href="dim.xsd#eba_TMA" xlink:label="loc_eba_TMA" />
    <link:definitionArc xlink:type="arc" xlink:arcrole="http://xbrl.org/int/dim/arcrole/dimension-domain" xlink:from="loc_eba_TMA" xlink:to="loc_eba_MA" xbrldt:usable="false" />
    <link:definitionArc xlink:type="arc" xlink:arcrole="http://xbrl.org/int/dim/arcrole/dimension-default" xlink:from="loc_eba_TMA" xlink:to="loc_eba_x0_20" />
    <link:loc xlink:type="locator" xlink:href="dim.xsd#eba_TRT" xlink:label="loc_eba_TRT" />
    <link:loc xlink:type="locator" xlink:href="../dom/exp.xsd#eba_RT" xlink:label="loc_eba_RT" />
    <link:definitionArc xlink:type="arc" xlink:arcrole="http://xbrl.org/int/dim/arcrole/dimension-domain" xlink:from="loc_eba_TRT" xlink:to="loc_eba_RT" xbrldt:usable="false" />
    <link:loc xlink:type="locator" xlink:href="../dom/rt/mem.xsd#eba_x0" xlink:label="loc_eba_x0_29" />
    <link:definitionArc xlink:type="arc" xlink:arcrole="http://xbrl.org/int/dim/arcrole/dimension-default" xlink:from="loc_eba_TRT" xlink:to="loc_eba_x0_29" />
    <link:loc xlink:type="locator" xlink:href="dim.xsd#eba_TSE" xlink:label="loc_eba_TSE" />
    <link:definitionArc xlink:type="arc" xlink:arcrole="http://xbrl.org/int/dim/arcrole/dimension-domain" xlink:from="loc_eba_TSE" xlink:to="loc_eba_MC" xbrldt:usable="false" />
    <link:definitionArc xlink:type="arc" xlink:arcrole="http://xbrl.org/int/dim/arcrole/dimension-default" xlink:from="loc_eba_TSE" xlink:to="loc_eba_x0" />
    <link:loc xlink:type="locator" xlink:href="dim.xsd#eba_UES" xlink:label="loc_eba_UES" />
    <link:loc xlink:type="locator" xlink:href="../dom/exp.xsd#eba_UE" xlink:label="loc_eba_UE" />
    <link:definitionArc xlink:type="arc" xlink:arcrole="http://xbrl.org/int/dim/arcrole/dimension-domain" xlink:from="loc_eba_UES" xlink:to="loc_eba_UE" xbrldt:usable="false" />
    <link:loc xlink:type="locator" xlink:href="../dom/ue/mem.xsd#eba_x0" xlink:label="loc_eba_x0_30" />
    <link:definitionArc xlink:type="arc" xlink:arcrole="http://xbrl.org/int/dim/arcrole/dimension-default" xlink:from="loc_eba_UES" xlink:to="loc_eba_x0_30" />
    <link:loc xlink:type="locator" xlink:href="dim.xsd#eba_ALM" xlink:label="loc_eba_ALM" />
    <link:definitionArc xlink:type="arc" xlink:arcrole="http://xbrl.org/int/dim/arcrole/dimension-domain" xlink:from="loc_eba_ALM" xlink:to="loc_eba_BT" xbrldt:usable="false" />
    <link:definitionArc xlink:type="arc" xlink:arcrole="http://xbrl.org/int/dim/arcrole/dimension-default" xlink:from="loc_eba_ALM" xlink:to="loc_eba_x0_14" />
    <link:loc xlink:type="locator" xlink:href="dim.xsd#eba_EXT" xlink:label="loc_eba_EXT" />
    <link:loc xlink:type="locator" xlink:href="../dom/exp.xsd#eba_ER" xlink:label="loc_eba_ER" />
    <link:definitionArc xlink:type="arc" xlink:arcrole="http://xbrl.org/int/dim/arcrole/dimension-domain" xlink:from="loc_eba_EXT" xlink:to="loc_eba_ER" xbrldt:usable="false" />
    <link:loc xlink:type="locator" xlink:href="../dom/er/mem.xsd#eba_x0" xlink:label="loc_eba_x0_31" />
    <link:definitionArc xlink:type="arc" xlink:arcrole="http://xbrl.org/int/dim/arcrole/dimension-default" xlink:from="loc_eba_EXT" xlink:to="loc_eba_x0_31" />
    <link:loc xlink:type="locator" xlink:href="dim.xsd#eba_SCO" xlink:label="loc_eba_SCO" />
    <link:loc xlink:type="locator" xlink:href="../dom/exp.xsd#eba_SC" xlink:label="loc_eba_SC" />
    <link:definitionArc xlink:type="arc" xlink:arcrole="http://xbrl.org/int/dim/arcrole/dimension-domain" xlink:from="loc_eba_SCO" xlink:to="loc_eba_SC" xbrldt:usable="false" />
    <link:loc xlink:type="locator" xlink:href="../dom/sc/mem.xsd#eba_x0" xlink:label="loc_eba_x0_32" />
    <link:definitionArc xlink:type="arc" xlink:arcrole="http://xbrl.org/int/dim/arcrole/dimension-default" xlink:from="loc_eba_SCO" xlink:to="loc_eba_x0_32" />
    <link:loc xlink:type="locator" xlink:href="dim.xsd#eba_MCS" xlink:label="loc_eba_MCS" />
    <link:definitionArc xlink:type="arc" xlink:arcrole="http://xbrl.org/int/dim/arcrole/dimension-domain" xlink:from="loc_eba_MCS" xlink:to="loc_eba_MC" xbrldt:usable="false" />
    <link:definitionArc xlink:type="arc" xlink:arcrole="http://xbrl.org/int/dim/arcrole/dimension-default" xlink:from="loc_eba_MCS" xlink:to="loc_eba_x0" />
    <link:loc xlink:type="locator" xlink:href="dim.xsd#eba_CPE" xlink:label="loc_eba_CPE" />
    <link:definitionArc xlink:type="arc" xlink:arcrole="http://xbrl.org/int/dim/arcrole/dimension-domain" xlink:from="loc_eba_CPE" xlink:to="loc_eba_CT" xbrldt:usable="false" />
    <link:definitionArc xlink:type="arc" xlink:arcrole="http://xbrl.org/int/dim/arcrole/dimension-default" xlink:from="loc_eba_CPE" xlink:to="loc_eba_x0_9" />
    <link:loc xlink:type="locator" xlink:href="dim.xsd#eba_CRA" xlink:label="loc_eba_CRA" />
    <link:definitionArc xlink:type="arc" xlink:arcrole="http://xbrl.org/int/dim/arcrole/dimension-domain" xlink:from="loc_eba_CRA" xlink:to="loc_eba_ER" xbrldt:usable="false" />
    <link:definitionArc xlink:type="arc" xlink:arcrole="http://xbrl.org/int/dim/arcrole/dimension-default" xlink:from="loc_eba_CRA" xlink:to="loc_eba_x0_31" />
    <link:loc xlink:type="locator" xlink:href="dim.xsd#eba_PFS" xlink:label="loc_eba_PFS" />
    <link:definitionArc xlink:type="arc" xlink:arcrole="http://xbrl.org/int/dim/arcrole/dimension-domain" xlink:from="loc_eba_PFS" xlink:to="loc_eba_IM" xbrldt:usable="false" />
    <link:definitionArc xlink:type="arc" xlink:arcrole="http://xbrl.org/int/dim/arcrole/dimension-default" xlink:from="loc_eba_PFS" xlink:to="loc_eba_x0_21" />
    <link:loc xlink:type="locator" xlink:href="dim.xsd#eba_FBS" xlink:label="loc_eba_FBS" />
    <link:definitionArc xlink:type="arc" xlink:arcrole="http://xbrl.org/int/dim/arcrole/dimension-domain" xlink:from="loc_eba_FBS" xlink:to="loc_eba_IM" xbrldt:usable="false" />
    <link:definitionArc xlink:type="arc" xlink:arcrole="http://xbrl.org/int/dim/arcrole/dimension-default" xlink:from="loc_eba_FBS" xlink:to="loc_eba_x0_21" />
    <link:loc xlink:type="locator" xlink:href="dim.xsd#eba_CSC" xlink:label="loc_eba_CSC" />
    <link:loc xlink:type="locator" xlink:href="../dom/exp.xsd#eba_CS" xlink:label="loc_eba_CS" />
    <link:definitionArc xlink:type="arc" xlink:arcrole="http://xbrl.org/int/dim/arcrole/dimension-domain" xlink:from="loc_eba_CSC" xlink:to="loc_eba_CS" xbrldt:usable="false" />
    <link:loc xlink:type="locator" xlink:href="../dom/cs/mem.xsd#eba_x0" xlink:label="loc_eba_x0_33" />
    <link:definitionArc xlink:type="arc" xlink:arcrole="http://xbrl.org/int/dim/arcrole/dimension-default" xlink:from="loc_eba_CSC" xlink:to="loc_eba_x0_33" />
    <link:loc xlink:type="locator" xlink:href="dim.xsd#eba_CUS" xlink:label="loc_eba_CUS" />
    <link:definitionArc xlink:type="arc" xlink:arcrole="http://xbrl.org/int/dim/arcrole/dimension-domain" xlink:from="loc_eba_CUS" xlink:to="loc_eba_CU" xbrldt:usable="false" />
    <link:definitionArc xlink:type="arc" xlink:arcrole="http://xbrl.org/int/dim/arcrole/dimension-default" xlink:from="loc_eba_CUS" xlink:to="loc_eba_x0_7" />
    <link:loc xlink:type="locator" xlink:href="dim.xsd#eba_CPZ" xlink:label="loc_eba_CPZ" />
    <link:definitionArc xlink:type="arc" xlink:arcrole="http://xbrl.org/int/dim/arcrole/dimension-domain" xlink:from="loc_eba_CPZ" xlink:to="loc_eba_CT" xbrldt:usable="false" />
    <link:definitionArc xlink:type="arc" xlink:arcrole="http://xbrl.org/int/dim/arcrole/dimension-default" xlink:from="loc_eba_CPZ" xlink:to="loc_eba_x0_9" />
    <link:loc xlink:type="locator" xlink:href="dim.xsd#eba_ACT" xlink:label="loc_eba_ACT" />
    <link:definitionArc xlink:type="arc" xlink:arcrole="http://xbrl.org/int/dim/arcrole/dimension-domain" xlink:from="loc_eba_ACT" xlink:to="loc_eba_RT" xbrldt:usable="false" />
    <link:definitionArc xlink:type="arc" xlink:arcrole="http://xbrl.org/int/dim/arcrole/dimension-default" xlink:from="loc_eba_ACT" xlink:to="loc_eba_x0_29" />
    <link:loc xlink:type="locator" xlink:href="dim.xsd#eba_AST" xlink:label="loc_eba_AST" />
    <link:loc xlink:type="locator" xlink:href="../dom/exp.xsd#eba_AS" xlink:label="loc_eba_AS" />
    <link:definitionArc xlink:type="arc" xlink:arcrole="http://xbrl.org/int/dim/arcrole/dimension-domain" xlink:from="loc_eba_AST" xlink:to="loc_eba_AS" xbrldt:usable="false" />
    <link:loc xlink:type="locator" xlink:href="dim.xsd#eba_ORI" xlink:label="loc_eba_ORI" />
    <link:definitionArc xlink:type="arc" xlink:arcrole="http://xbrl.org/int/dim/arcrole/dimension-domain" xlink:from="loc_eba_ORI" xlink:to="loc_eba_TI" xbrldt:usable="false" />
    <link:definitionArc xlink:type="arc" xlink:arcrole="http://xbrl.org/int/dim/arcrole/dimension-default" xlink:from="loc_eba_ORI" xlink:to="loc_eba_x0_26" />
    <link:loc xlink:type="locator" xlink:href="dim.xsd#eba_AGG" xlink:label="loc_eba_AGG" />
    <link:definitionArc xlink:type="arc" xlink:arcrole="http://xbrl.org/int/dim/arcrole/dimension-domain" xlink:from="loc_eba_AGG" xlink:to="loc_eba_BT" xbrldt:usable="false" />
    <link:definitionArc xlink:type="arc" xlink:arcrole="http://xbrl.org/int/dim/arcrole/dimension-default" xlink:from="loc_eba_AGG" xlink:to="loc_eba_x0_14" />
    <link:loc xlink:type="locator" xlink:href="dim.xsd#eba_HYV" xlink:label="loc_eba_HYV" />
    <link:definitionArc xlink:type="arc" xlink:arcrole="http://xbrl.org/int/dim/arcrole/dimension-domain" xlink:from="loc_eba_HYV" xlink:to="loc_eba_BT" xbrldt:usable="false" />
    <link:definitionArc xlink:type="arc" xlink:arcrole="http://xbrl.org/int/dim/arcrole/dimension-default" xlink:from="loc_eba_HYV" xlink:to="loc_eba_x0_14" />
    <link:loc xlink:type="locator" xlink:href="dim.xsd#eba_CCA" xlink:label="loc_eba_CCA" />
    <link:loc xlink:type="locator" xlink:href="../dom/exp.xsd#eba_CA" xlink:label="loc_eba_CA" />
    <link:definitionArc xlink:type="arc" xlink:arcrole="http://xbrl.org/int/dim/arcrole/dimension-domain" xlink:from="loc_eba_CCA" xlink:to="loc_eba_CA" xbrldt:usable="false" />
    <link:loc xlink:type="locator" xlink:href="../dom/ca/mem.xsd#eba_x0" xlink:label="loc_eba_x0_34" />
    <link:definitionArc xlink:type="arc" xlink:arcrole="http://xbrl.org/int/dim/arcrole/dimension-default" xlink:from="loc_eba_CCA" xlink:to="loc_eba_x0_34" />
    <link:loc xlink:type="locator" xlink:href="dim.xsd#eba_CAL" xlink:label="loc_eba_CAL" />
    <link:definitionArc xlink:type="arc" xlink:arcrole="http://xbrl.org/int/dim/arcrole/dimension-domain" xlink:from="loc_eba_CAL" xlink:to="loc_eba_AP" xbrldt:usable="false" />
    <link:definitionArc xlink:type="arc" xlink:arcrole="http://xbrl.org/int/dim/arcrole/dimension-default" xlink:from="loc_eba_CAL" xlink:to="loc_eba_x0_4" />
    <link:loc xlink:type="locator" xlink:href="dim.xsd#eba_SLC" xlink:label="loc_eba_SLC" />
    <link:definitionArc xlink:type="arc" xlink:arcrole="http://xbrl.org/int/dim/arcrole/dimension-domain" xlink:from="loc_eba_SLC" xlink:to="loc_eba_LQ" xbrldt:usable="false" />
    <link:definitionArc xlink:type="arc" xlink:arcrole="http://xbrl.org/int/dim/arcrole/dimension-default" xlink:from="loc_eba_SLC" xlink:to="loc_eba_x0_2" />
    <link:loc xlink:type="locator" xlink:href="dim.xsd#eba_SLG" xlink:label="loc_eba_SLG" />
    <link:definitionArc xlink:type="arc" xlink:arcrole="http://xbrl.org/int/dim/arcrole/dimension-domain" xlink:from="loc_eba_SLG" xlink:to="loc_eba_LQ" xbrldt:usable="false" />
    <link:definitionArc xlink:type="arc" xlink:arcrole="http://xbrl.org/int/dim/arcrole/dimension-default" xlink:from="loc_eba_SLG" xlink:to="loc_eba_x0_2" />
    <link:loc xlink:type="locator" xlink:href="dim.xsd#eba_RIO" xlink:label="loc_eba_RIO" />
    <link:definitionArc xlink:type="arc" xlink:arcrole="http://xbrl.org/int/dim/arcrole/dimension-domain" xlink:from="loc_eba_RIO" xlink:to="loc_eba_GA" xbrldt:usable="false" />
    <link:definitionArc xlink:type="arc" xlink:arcrole="http://xbrl.org/int/dim/arcrole/dimension-default" xlink:from="loc_eba_RIO" xlink:to="loc_eba_x0_16" />
    <link:loc xlink:type="locator" xlink:href="dim.xsd#eba_TIS" xlink:label="loc_eba_TIS" />
    <link:definitionArc xlink:type="arc" xlink:arcrole="http://xbrl.org/int/dim/arcrole/dimension-domain" xlink:from="loc_eba_TIS" xlink:to="loc_eba_IM" xbrldt:usable="false" />
    <link:definitionArc xlink:type="arc" xlink:arcrole="http://xbrl.org/int/dim/arcrole/dimension-default" xlink:from="loc_eba_TIS" xlink:to="loc_eba_x0_21" />
    <link:loc xlink:type="locator" xlink:href="dim.xsd#eba_FRS" xlink:label="loc_eba_FRS" />
    <link:definitionArc xlink:type="arc" xlink:arcrole="http://xbrl.org/int/dim/arcrole/dimension-domain" xlink:from="loc_eba_FRS" xlink:to="loc_eba_AP" xbrldt:usable="false" />
    <link:definitionArc xlink:type="arc" xlink:arcrole="http://xbrl.org/int/dim/arcrole/dimension-default" xlink:from="loc_eba_FRS" xlink:to="loc_eba_x0_4" />
    <link:loc xlink:type="locator" xlink:href="dim.xsd#eba_TYH" xlink:label="loc_eba_TYH" />
    <link:definitionArc xlink:type="arc" xlink:arcrole="http://xbrl.org/int/dim/arcrole/dimension-domain" xlink:from="loc_eba_TYH" xlink:to="loc_eba_MC" xbrldt:usable="false" />
    <link:definitionArc xlink:type="arc" xlink:arcrole="http://xbrl.org/int/dim/arcrole/dimension-default" xlink:from="loc_eba_TYH" xlink:to="loc_eba_x0" />
    <link:loc xlink:type="locator" xlink:href="dim.xsd#eba_MCH" xlink:label="loc_eba_MCH" />
    <link:definitionArc xlink:type="arc" xlink:arcrole="http://xbrl.org/int/dim/arcrole/dimension-domain" xlink:from="loc_eba_MCH" xlink:to="loc_eba_MC" xbrldt:usable="false" />
    <link:definitionArc xlink:type="arc" xlink:arcrole="http://xbrl.org/int/dim/arcrole/dimension-default" xlink:from="loc_eba_MCH" xlink:to="loc_eba_x0" />
    <link:loc xlink:type="locator" xlink:href="dim.xsd#eba_MCA" xlink:label="loc_eba_MCA" />
    <link:definitionArc xlink:type="arc" xlink:arcrole="http://xbrl.org/int/dim/arcrole/dimension-domain" xlink:from="loc_eba_MCA" xlink:to="loc_eba_MC" xbrldt:usable="false" />
    <link:definitionArc xlink:type="arc" xlink:arcrole="http://xbrl.org/int/dim/arcrole/dimension-default" xlink:from="loc_eba_MCA" xlink:to="loc_eba_x0" />
    <link:loc xlink:type="locator" xlink:href="dim.xsd#eba_PLD" xlink:label="loc_eba_PLD" />
    <link:definitionArc xlink:type="arc" xlink:arcrole="http://xbrl.org/int/dim/arcrole/dimension-domain" xlink:from="loc_eba_PLD" xlink:to="loc_eba_PL" xbrldt:usable="false" />
    <link:definitionArc xlink:type="arc" xlink:arcrole="http://xbrl.org/int/dim/arcrole/dimension-default" xlink:from="loc_eba_PLD" xlink:to="loc_eba_x0_11" />
    <link:loc xlink:type="locator" xlink:href="dim.xsd#eba_MCB" xlink:label="loc_eba_MCB" />
    <link:definitionArc xlink:type="arc" xlink:arcrole="http://xbrl.org/int/dim/arcrole/dimension-domain" xlink:from="loc_eba_MCB" xlink:to="loc_eba_MC" xbrldt:usable="false" />
    <link:definitionArc xlink:type="arc" xlink:arcrole="http://xbrl.org/int/dim/arcrole/dimension-default" xlink:from="loc_eba_MCB" xlink:to="loc_eba_x0" />
    <link:loc xlink:type="locator" xlink:href="dim.xsd#eba_MCF" xlink:label="loc_eba_MCF" />
    <link:definitionArc xlink:type="arc" xlink:arcrole="http://xbrl.org/int/dim/arcrole/dimension-domain" xlink:from="loc_eba_MCF" xlink:to="loc_eba_MC" xbrldt:usable="false" />
    <link:definitionArc xlink:type="arc" xlink:arcrole="http://xbrl.org/int/dim/arcrole/dimension-default" xlink:from="loc_eba_MCF" xlink:to="loc_eba_x0" />
    <link:loc xlink:type="locator" xlink:href="dim.xsd#eba_BMT" xlink:label="loc_eba_BMT" />
    <link:definitionArc xlink:type="arc" xlink:arcrole="http://xbrl.org/int/dim/arcrole/dimension-domain" xlink:from="loc_eba_BMT" xlink:to="loc_eba_TI" xbrldt:usable="false" />
    <link:definitionArc xlink:type="arc" xlink:arcrole="http://xbrl.org/int/dim/arcrole/dimension-default" xlink:from="loc_eba_BMT" xlink:to="loc_eba_x0_26" />
    <link:loc xlink:type="locator" xlink:href="dim.xsd#eba_SOR" xlink:label="loc_eba_SOR" />
    <link:definitionArc xlink:type="arc" xlink:arcrole="http://xbrl.org/int/dim/arcrole/dimension-domain" xlink:from="loc_eba_SOR" xlink:to="loc_eba_MC" xbrldt:usable="false" />
    <link:definitionArc xlink:type="arc" xlink:arcrole="http://xbrl.org/int/dim/arcrole/dimension-default" xlink:from="loc_eba_SOR" xlink:to="loc_eba_x0" />
    <link:loc xlink:type="locator" xlink:href="dim.xsd#eba_PUE" xlink:label="loc_eba_PUE" />
    <link:definitionArc xlink:type="arc" xlink:arcrole="http://xbrl.org/int/dim/arcrole/dimension-domain" xlink:from="loc_eba_PUE" xlink:to="loc_eba_RF" xbrldt:usable="false" />
    <link:definitionArc xlink:type="arc" xlink:arcrole="http://xbrl.org/int/dim/arcrole/dimension-default" xlink:from="loc_eba_PUE" xlink:to="loc_eba_x0_25" />
    <link:loc xlink:type="locator" xlink:href="dim.xsd#eba_SLO" xlink:label="loc_eba_SLO" />
    <link:loc xlink:type="locator" xlink:href="../dom/exp.xsd#eba_IA" xlink:label="loc_eba_IA" />
    <link:definitionArc xlink:type="arc" xlink:arcrole="http://xbrl.org/int/dim/arcrole/dimension-domain" xlink:from="loc_eba_SLO" xlink:to="loc_eba_IA" xbrldt:usable="false" />
    <link:loc xlink:type="locator" xlink:href="../dom/ia/mem.xsd#eba_x0" xlink:label="loc_eba_x0_35" />
    <link:definitionArc xlink:type="arc" xlink:arcrole="http://xbrl.org/int/dim/arcrole/dimension-default" xlink:from="loc_eba_SLO" xlink:to="loc_eba_x0_35" />
    <link:loc xlink:type="locator" xlink:href="dim.xsd#eba_CSU" xlink:label="loc_eba_CSU" />
    <link:definitionArc xlink:type="arc" xlink:arcrole="http://xbrl.org/int/dim/arcrole/dimension-domain" xlink:from="loc_eba_CSU" xlink:to="loc_eba_CT" xbrldt:usable="false" />
    <link:definitionArc xlink:type="arc" xlink:arcrole="http://xbrl.org/int/dim/arcrole/dimension-default" xlink:from="loc_eba_CSU" xlink:to="loc_eba_x0_9" />
    <link:loc xlink:type="locator" xlink:href="dim.xsd#eba_PLS" xlink:label="loc_eba_PLS" />
    <link:definitionArc xlink:type="arc" xlink:arcrole="http://xbrl.org/int/dim/arcrole/dimension-domain" xlink:from="loc_eba_PLS" xlink:to="loc_eba_PL" xbrldt:usable="false" />
    <link:definitionArc xlink:type="arc" xlink:arcrole="http://xbrl.org/int/dim/arcrole/dimension-default" xlink:from="loc_eba_PLS" xlink:to="loc_eba_x0_11" />
    <link:loc xlink:type="locator" xlink:href="dim.xsd#eba_MCX" xlink:label="loc_eba_MCX" />
    <link:definitionArc xlink:type="arc" xlink:arcrole="http://xbrl.org/int/dim/arcrole/dimension-domain" xlink:from="loc_eba_MCX" xlink:to="loc_eba_MC" xbrldt:usable="false" />
    <link:definitionArc xlink:type="arc" xlink:arcrole="http://xbrl.org/int/dim/arcrole/dimension-default" xlink:from="loc_eba_MCX" xlink:to="loc_eba_x0" />
    <link:loc xlink:type="locator" xlink:href="dim.xsd#eba_VPO" xlink:label="loc_eba_VPO" />
    <link:definitionArc xlink:type="arc" xlink:arcrole="http://xbrl.org/int/dim/arcrole/dimension-domain" xlink:from="loc_eba_VPO" xlink:to="loc_eba_PI" xbrldt:usable="false" />
    <link:definitionArc xlink:type="arc" xlink:arcrole="http://xbrl.org/int/dim/arcrole/dimension-default" xlink:from="loc_eba_VPO" xlink:to="loc_eba_x0_23" />
    <link:loc xlink:type="locator" xlink:href="dim.xsd#eba_COM" xlink:label="loc_eba_COM" />
    <link:loc xlink:type="locator" xlink:href="../dom/exp.xsd#eba_ZZ" xlink:label="loc_eba_ZZ" />
    <link:definitionArc xlink:type="arc" xlink:arcrole="http://xbrl.org/int/dim/arcrole/dimension-domain" xlink:from="loc_eba_COM" xlink:to="loc_eba_ZZ" xbrldt:usable="false" />
    <link:loc xlink:type="locator" xlink:href="dim.xsd#eba_CRI" xlink:label="loc_eba_CRI" />
    <link:definitionArc xlink:type="arc" xlink:arcrole="http://xbrl.org/int/dim/arcrole/dimension-domain" xlink:from="loc_eba_CRI" xlink:to="loc_eba_TA" xbrldt:usable="false" />
    <link:definitionArc xlink:type="arc" xlink:arcrole="http://xbrl.org/int/dim/arcrole/dimension-default" xlink:from="loc_eba_CRI" xlink:to="loc_eba_x0_12" />
    <link:loc xlink:type="locator" xlink:href="dim.xsd#eba_CRJ" xlink:label="loc_eba_CRJ" />
    <link:definitionArc xlink:type="arc" xlink:arcrole="http://xbrl.org/int/dim/arcrole/dimension-domain" xlink:from="loc_eba_CRJ" xlink:to="loc_eba_TA" xbrldt:usable="false" />
    <link:definitionArc xlink:type="arc" xlink:arcrole="http://xbrl.org/int/dim/arcrole/dimension-default" xlink:from="loc_eba_CRJ" xlink:to="loc_eba_x0_12" />
    <link:loc xlink:type="locator" xlink:href="dim.xsd#eba_CRK" xlink:label="loc_eba_CRK" />
    <link:definitionArc xlink:type="arc" xlink:arcrole="http://xbrl.org/int/dim/arcrole/dimension-domain" xlink:from="loc_eba_CRK" xlink:to="loc_eba_TA" xbrldt:usable="false" />
    <link:definitionArc xlink:type="arc" xlink:arcrole="http://xbrl.org/int/dim/arcrole/dimension-default" xlink:from="loc_eba_CRK" xlink:to="loc_eba_x0_12" />
    <link:loc xlink:type="locator" xlink:href="dim.xsd#eba_CRL" xlink:label="loc_eba_CRL" />
    <link:definitionArc xlink:type="arc" xlink:arcrole="http://xbrl.org/int/dim/arcrole/dimension-domain" xlink:from="loc_eba_CRL" xlink:to="loc_eba_TA" xbrldt:usable="false" />
    <link:definitionArc xlink:type="arc" xlink:arcrole="http://xbrl.org/int/dim/arcrole/dimension-default" xlink:from="loc_eba_CRL" xlink:to="loc_eba_x0_12" />
    <link:loc xlink:type="locator" xlink:href="dim.xsd#eba_MCJ" xlink:label="loc_eba_MCJ" />
    <link:definitionArc xlink:type="arc" xlink:arcrole="http://xbrl.org/int/dim/arcrole/dimension-domain" xlink:from="loc_eba_MCJ" xlink:to="loc_eba_MC" xbrldt:usable="false" />
    <link:definitionArc xlink:type="arc" xlink:arcrole="http://xbrl.org/int/dim/arcrole/dimension-default" xlink:from="loc_eba_MCJ" xlink:to="loc_eba_x0" />
    <link:loc xlink:type="locator" xlink:href="dim.xsd#eba_CPW" xlink:label="loc_eba_CPW" />
    <link:definitionArc xlink:type="arc" xlink:arcrole="http://xbrl.org/int/dim/arcrole/dimension-domain" xlink:from="loc_eba_CPW" xlink:to="loc_eba_CT" xbrldt:usable="false" />
    <link:definitionArc xlink:type="arc" xlink:arcrole="http://xbrl.org/int/dim/arcrole/dimension-default" xlink:from="loc_eba_CPW" xlink:to="loc_eba_x0_9" />
    <link:loc xlink:type="locator" xlink:href="dim.xsd#eba_MCK" xlink:label="loc_eba_MCK" />
    <link:definitionArc xlink:type="arc" xlink:arcrole="http://xbrl.org/int/dim/arcrole/dimension-domain" xlink:from="loc_eba_MCK" xlink:to="loc_eba_MC" xbrldt:usable="false" />
    <link:definitionArc xlink:type="arc" xlink:arcrole="http://xbrl.org/int/dim/arcrole/dimension-default" xlink:from="loc_eba_MCK" xlink:to="loc_eba_x0" />
    <link:loc xlink:type="locator" xlink:href="dim.xsd#eba_CIG" xlink:label="loc_eba_CIG" />
    <link:definitionArc xlink:type="arc" xlink:arcrole="http://xbrl.org/int/dim/arcrole/dimension-domain" xlink:from="loc_eba_CIG" xlink:to="loc_eba_GA" xbrldt:usable="false" />
    <link:definitionArc xlink:type="arc" xlink:arcrole="http://xbrl.org/int/dim/arcrole/dimension-default" xlink:from="loc_eba_CIG" xlink:to="loc_eba_x0_16" />
    <link:loc xlink:type="locator" xlink:href="dim.xsd#eba_BTI" xlink:label="loc_eba_BTI" />
    <link:definitionArc xlink:type="arc" xlink:arcrole="http://xbrl.org/int/dim/arcrole/dimension-domain" xlink:from="loc_eba_BTI" xlink:to="loc_eba_BT" xbrldt:usable="false" />
    <link:definitionArc xlink:type="arc" xlink:arcrole="http://xbrl.org/int/dim/arcrole/dimension-default" xlink:from="loc_eba_BTI" xlink:to="loc_eba_x0_14" />
    <link:loc xlink:type="locator" xlink:href="dim.xsd#eba_AFK" xlink:label="loc_eba_AFK" />
    <link:definitionArc xlink:type="arc" xlink:arcrole="http://xbrl.org/int/dim/arcrole/dimension-domain" xlink:from="loc_eba_AFK" xlink:to="loc_eba_AP" xbrldt:usable="false" />
    <link:definitionArc xlink:type="arc" xlink:arcrole="http://xbrl.org/int/dim/arcrole/dimension-default" xlink:from="loc_eba_AFK" xlink:to="loc_eba_x0_4" />
    <link:loc xlink:type="locator" xlink:href="dim.xsd#eba_GXI" xlink:label="loc_eba_GXI" />
    <link:definitionArc xlink:type="arc" xlink:arcrole="http://xbrl.org/int/dim/arcrole/dimension-domain" xlink:from="loc_eba_GXI" xlink:to="loc_eba_GA" xbrldt:usable="false" />
    <link:definitionArc xlink:type="arc" xlink:arcrole="http://xbrl.org/int/dim/arcrole/dimension-default" xlink:from="loc_eba_GXI" xlink:to="loc_eba_x0_16" />
    <link:loc xlink:type="locator" xlink:href="dim.xsd#eba_LCF" xlink:label="loc_eba_LCF" />
    <link:definitionArc xlink:type="arc" xlink:arcrole="http://xbrl.org/int/dim/arcrole/dimension-domain" xlink:from="loc_eba_LCF" xlink:to="loc_eba_GA" xbrldt:usable="false" />
    <link:definitionArc xlink:type="arc" xlink:arcrole="http://xbrl.org/int/dim/arcrole/dimension-default" xlink:from="loc_eba_LCF" xlink:to="loc_eba_x0_16" />
    <link:loc xlink:type="locator" xlink:href="dim.xsd#eba_CRF" xlink:label="loc_eba_CRF" />
    <link:definitionArc xlink:type="arc" xlink:arcrole="http://xbrl.org/int/dim/arcrole/dimension-domain" xlink:from="loc_eba_CRF" xlink:to="loc_eba_TA" xbrldt:usable="false" />
    <link:definitionArc xlink:type="arc" xlink:arcrole="http://xbrl.org/int/dim/arcrole/dimension-default" xlink:from="loc_eba_CRF" xlink:to="loc_eba_x0_12" />
    <link:loc xlink:type="locator" xlink:href="dim.xsd#eba_GFC" xlink:label="loc_eba_GFC" />
    <link:definitionArc xlink:type="arc" xlink:arcrole="http://xbrl.org/int/dim/arcrole/dimension-domain" xlink:from="loc_eba_GFC" xlink:to="loc_eba_GA" xbrldt:usable="false" />
    <link:definitionArc xlink:type="arc" xlink:arcrole="http://xbrl.org/int/dim/arcrole/dimension-default" xlink:from="loc_eba_GFC" xlink:to="loc_eba_x0_16" />
    <link:loc xlink:type="locator" xlink:href="dim.xsd#eba_CRH" xlink:label="loc_eba_CRH" />
    <link:definitionArc xlink:type="arc" xlink:arcrole="http://xbrl.org/int/dim/arcrole/dimension-domain" xlink:from="loc_eba_CRH" xlink:to="loc_eba_TA" xbrldt:usable="false" />
    <link:definitionArc xlink:type="arc" xlink:arcrole="http://xbrl.org/int/dim/arcrole/dimension-default" xlink:from="loc_eba_CRH" xlink:to="loc_eba_x0_12" />
    <link:loc xlink:type="locator" xlink:href="dim.xsd#eba_LCG" xlink:label="loc_eba_LCG" />
    <link:definitionArc xlink:type="arc" xlink:arcrole="http://xbrl.org/int/dim/arcrole/dimension-domain" xlink:from="loc_eba_LCG" xlink:to="loc_eba_GA" xbrldt:usable="false" />
    <link:definitionArc xlink:type="arc" xlink:arcrole="http://xbrl.org/int/dim/arcrole/dimension-default" xlink:from="loc_eba_LCG" xlink:to="loc_eba_x0_16" />
    <link:loc xlink:type="locator" xlink:href="dim.xsd#eba_LCH" xlink:label="loc_eba_LCH" />
    <link:definitionArc xlink:type="arc" xlink:arcrole="http://xbrl.org/int/dim/arcrole/dimension-domain" xlink:from="loc_eba_LCH" xlink:to="loc_eba_GA" xbrldt:usable="false" />
    <link:definitionArc xlink:type="arc" xlink:arcrole="http://xbrl.org/int/dim/arcrole/dimension-default" xlink:from="loc_eba_LCH" xlink:to="loc_eba_x0_16" />
    <link:loc xlink:type="locator" xlink:href="dim.xsd#eba_LCI" xlink:label="loc_eba_LCI" />
    <link:definitionArc xlink:type="arc" xlink:arcrole="http://xbrl.org/int/dim/arcrole/dimension-domain" xlink:from="loc_eba_LCI" xlink:to="loc_eba_GA" xbrldt:usable="false" />
    <link:definitionArc xlink:type="arc" xlink:arcrole="http://xbrl.org/int/dim/arcrole/dimension-default" xlink:from="loc_eba_LCI" xlink:to="loc_eba_x0_16" />
    <link:loc xlink:type="locator" xlink:href="dim.xsd#eba_LCK" xlink:label="loc_eba_LCK" />
    <link:definitionArc xlink:type="arc" xlink:arcrole="http://xbrl.org/int/dim/arcrole/dimension-domain" xlink:from="loc_eba_LCK" xlink:to="loc_eba_GA" xbrldt:usable="false" />
    <link:definitionArc xlink:type="arc" xlink:arcrole="http://xbrl.org/int/dim/arcrole/dimension-default" xlink:from="loc_eba_LCK" xlink:to="loc_eba_x0_16" />
    <link:loc xlink:type="locator" xlink:href="dim.xsd#eba_LCL" xlink:label="loc_eba_LCL" />
    <link:definitionArc xlink:type="arc" xlink:arcrole="http://xbrl.org/int/dim/arcrole/dimension-domain" xlink:from="loc_eba_LCL" xlink:to="loc_eba_GA" xbrldt:usable="false" />
    <link:definitionArc xlink:type="arc" xlink:arcrole="http://xbrl.org/int/dim/arcrole/dimension-default" xlink:from="loc_eba_LCL" xlink:to="loc_eba_x0_16" />
    <link:loc xlink:type="locator" xlink:href="dim.xsd#eba_TCV" xlink:label="loc_eba_TCV" />
    <link:definitionArc xlink:type="arc" xlink:arcrole="http://xbrl.org/int/dim/arcrole/dimension-domain" xlink:from="loc_eba_TCV" xlink:to="loc_eba_MC" xbrldt:usable="false" />
    <link:definitionArc xlink:type="arc" xlink:arcrole="http://xbrl.org/int/dim/arcrole/dimension-default" xlink:from="loc_eba_TCV" xlink:to="loc_eba_x0" />
    <link:loc xlink:type="locator" xlink:href="dim.xsd#eba_NAT" xlink:label="loc_eba_NAT" />
    <link:definitionArc xlink:type="arc" xlink:arcrole="http://xbrl.org/int/dim/arcrole/dimension-domain" xlink:from="loc_eba_NAT" xlink:to="loc_eba_TA" xbrldt:usable="false" />
    <link:definitionArc xlink:type="arc" xlink:arcrole="http://xbrl.org/int/dim/arcrole/dimension-default" xlink:from="loc_eba_NAT" xlink:to="loc_eba_x0_12" />
    <link:loc xlink:type="locator" xlink:href="dim.xsd#eba_SEL" xlink:label="loc_eba_SEL" />
    <link:definitionArc xlink:type="arc" xlink:arcrole="http://xbrl.org/int/dim/arcrole/dimension-domain" xlink:from="loc_eba_SEL" xlink:to="loc_eba_BT" xbrldt:usable="false" />
    <link:definitionArc xlink:type="arc" xlink:arcrole="http://xbrl.org/int/dim/arcrole/dimension-default" xlink:from="loc_eba_SEL" xlink:to="loc_eba_x0_14" />
    <link:loc xlink:type="locator" xlink:href="dim.xsd#eba_CIR" xlink:label="loc_eba_CIR" />
    <link:definitionArc xlink:type="arc" xlink:arcrole="http://xbrl.org/int/dim/arcrole/dimension-domain" xlink:from="loc_eba_CIR" xlink:to="loc_eba_MC" xbrldt:usable="false" />
    <link:definitionArc xlink:type="arc" xlink:arcrole="http://xbrl.org/int/dim/arcrole/dimension-default" xlink:from="loc_eba_CIR" xlink:to="loc_eba_x0" />
    <link:loc xlink:type="locator" xlink:href="dim.xsd#eba_AVA" xlink:label="loc_eba_AVA" />
    <link:definitionArc xlink:type="arc" xlink:arcrole="http://xbrl.org/int/dim/arcrole/dimension-domain" xlink:from="loc_eba_AVA" xlink:to="loc_eba_AP" xbrldt:usable="false" />
    <link:definitionArc xlink:type="arc" xlink:arcrole="http://xbrl.org/int/dim/arcrole/dimension-default" xlink:from="loc_eba_AVA" xlink:to="loc_eba_x0_4" />
    <link:loc xlink:type="locator" xlink:href="dim.xsd#eba_ROL" xlink:label="loc_eba_ROL" />
    <link:definitionArc xlink:type="arc" xlink:arcrole="http://xbrl.org/int/dim/arcrole/dimension-domain" xlink:from="loc_eba_ROL" xlink:to="loc_eba_RP" xbrldt:usable="false" />
    <link:definitionArc xlink:type="arc" xlink:arcrole="http://xbrl.org/int/dim/arcrole/dimension-default" xlink:from="loc_eba_ROL" xlink:to="loc_eba_x0_3" />
    <link:loc xlink:type="locator" xlink:href="dim.xsd#eba_SVE" xlink:label="loc_eba_SVE" />
    <link:definitionArc xlink:type="arc" xlink:arcrole="http://xbrl.org/int/dim/arcrole/dimension-domain" xlink:from="loc_eba_SVE" xlink:to="loc_eba_RP" xbrldt:usable="false" />
    <link:definitionArc xlink:type="arc" xlink:arcrole="http://xbrl.org/int/dim/arcrole/dimension-default" xlink:from="loc_eba_SVE" xlink:to="loc_eba_x0_3" />
    <link:loc xlink:type="locator" xlink:href="dim.xsd#eba_MCZ" xlink:label="loc_eba_MCZ" />
    <link:definitionArc xlink:type="arc" xlink:arcrole="http://xbrl.org/int/dim/arcrole/dimension-domain" xlink:from="loc_eba_MCZ" xlink:to="loc_eba_MC" xbrldt:usable="false" />
    <link:definitionArc xlink:type="arc" xlink:arcrole="http://xbrl.org/int/dim/arcrole/dimension-default" xlink:from="loc_eba_MCZ" xlink:to="loc_eba_x0" />
    <link:loc xlink:type="locator" xlink:href="dim.xsd#eba_MCR" xlink:label="loc_eba_MCR" />
    <link:definitionArc xlink:type="arc" xlink:arcrole="http://xbrl.org/int/dim/arcrole/dimension-domain" xlink:from="loc_eba_MCR" xlink:to="loc_eba_MC" xbrldt:usable="false" />
    <link:definitionArc xlink:type="arc" xlink:arcrole="http://xbrl.org/int/dim/arcrole/dimension-default" xlink:from="loc_eba_MCR" xlink:to="loc_eba_x0" />
    <link:loc xlink:type="locator" xlink:href="dim.xsd#eba_VDF" xlink:label="loc_eba_VDF" />
    <link:definitionArc xlink:type="arc" xlink:arcrole="http://xbrl.org/int/dim/arcrole/dimension-domain" xlink:from="loc_eba_VDF" xlink:to="loc_eba_MC" xbrldt:usable="false" />
    <link:definitionArc xlink:type="arc" xlink:arcrole="http://xbrl.org/int/dim/arcrole/dimension-default" xlink:from="loc_eba_VDF" xlink:to="loc_eba_x0" />
    <link:loc xlink:type="locator" xlink:href="dim.xsd#eba_MRE" xlink:label="loc_eba_MRE" />
    <link:definitionArc xlink:type="arc" xlink:arcrole="http://xbrl.org/int/dim/arcrole/dimension-domain" xlink:from="loc_eba_MRE" xlink:to="loc_eba_BT" xbrldt:usable="false" />
    <link:definitionArc xlink:type="arc" xlink:arcrole="http://xbrl.org/int/dim/arcrole/dimension-default" xlink:from="loc_eba_MRE" xlink:to="loc_eba_x0_14" />
    <link:loc xlink:type="locator" xlink:href="dim.xsd#eba_EDG" xlink:label="loc_eba_EDG" />
    <link:definitionArc xlink:type="arc" xlink:arcrole="http://xbrl.org/int/dim/arcrole/dimension-domain" xlink:from="loc_eba_EDG" xlink:to="loc_eba_BT" xbrldt:usable="false" />
    <link:definitionArc xlink:type="arc" xlink:arcrole="http://xbrl.org/int/dim/arcrole/dimension-default" xlink:from="loc_eba_EDG" xlink:to="loc_eba_x0_14" />
    <link:loc xlink:type="locator" xlink:href="dim.xsd#eba_BLP" xlink:label="loc_eba_BLP" />
    <link:definitionArc xlink:type="arc" xlink:arcrole="http://xbrl.org/int/dim/arcrole/dimension-domain" xlink:from="loc_eba_BLP" xlink:to="loc_eba_BT" xbrldt:usable="false" />
    <link:definitionArc xlink:type="arc" xlink:arcrole="http://xbrl.org/int/dim/arcrole/dimension-default" xlink:from="loc_eba_BLP" xlink:to="loc_eba_x0_14" />
    <link:loc xlink:type="locator" xlink:href="dim.xsd#eba_BLR" xlink:label="loc_eba_BLR" />
    <link:definitionArc xlink:type="arc" xlink:arcrole="http://xbrl.org/int/dim/arcrole/dimension-domain" xlink:from="loc_eba_BLR" xlink:to="loc_eba_BT" xbrldt:usable="false" />
    <link:definitionArc xlink:type="arc" xlink:arcrole="http://xbrl.org/int/dim/arcrole/dimension-default" xlink:from="loc_eba_BLR" xlink:to="loc_eba_x0_14" />
    <link:loc xlink:type="locator" xlink:href="dim.xsd#eba_CTL" xlink:label="loc_eba_CTL" />
    <link:definitionArc xlink:type="arc" xlink:arcrole="http://xbrl.org/int/dim/arcrole/dimension-domain" xlink:from="loc_eba_CTL" xlink:to="loc_eba_CG" xbrldt:usable="false" />
    <link:definitionArc xlink:type="arc" xlink:arcrole="http://xbrl.org/int/dim/arcrole/dimension-default" xlink:from="loc_eba_CTL" xlink:to="loc_eba_x0_5" />
    <link:loc xlink:type="locator" xlink:href="dim.xsd#eba_APE" xlink:label="loc_eba_APE" />
    <link:definitionArc xlink:type="arc" xlink:arcrole="http://xbrl.org/int/dim/arcrole/dimension-domain" xlink:from="loc_eba_APE" xlink:to="loc_eba_AP" xbrldt:usable="false" />
    <link:definitionArc xlink:type="arc" xlink:arcrole="http://xbrl.org/int/dim/arcrole/dimension-default" xlink:from="loc_eba_APE" xlink:to="loc_eba_x0_4" />
    <link:loc xlink:type="locator" xlink:href="dim.xsd#eba_CUA" xlink:label="loc_eba_CUA" />
    <link:definitionArc xlink:type="arc" xlink:arcrole="http://xbrl.org/int/dim/arcrole/dimension-domain" xlink:from="loc_eba_CUA" xlink:to="loc_eba_CU" xbrldt:usable="false" />
    <link:definitionArc xlink:type="arc" xlink:arcrole="http://xbrl.org/int/dim/arcrole/dimension-default" xlink:from="loc_eba_CUA" xlink:to="loc_eba_x0_7" />
    <link:loc xlink:type="locator" xlink:href="dim.xsd#eba_TAN" xlink:label="loc_eba_TAN" />
    <link:definitionArc xlink:type="arc" xlink:arcrole="http://xbrl.org/int/dim/arcrole/dimension-domain" xlink:from="loc_eba_TAN" xlink:to="loc_eba_MC" xbrldt:usable="false" />
    <link:definitionArc xlink:type="arc" xlink:arcrole="http://xbrl.org/int/dim/arcrole/dimension-default" xlink:from="loc_eba_TAN" xlink:to="loc_eba_x0" />
    <link:loc xlink:type="locator" xlink:href="dim.xsd#eba_MCV" xlink:label="loc_eba_MCV" />
    <link:definitionArc xlink:type="arc" xlink:arcrole="http://xbrl.org/int/dim/arcrole/dimension-domain" xlink:from="loc_eba_MCV" xlink:to="loc_eba_MC" xbrldt:usable="false" />
    <link:definitionArc xlink:type="arc" xlink:arcrole="http://xbrl.org/int/dim/arcrole/dimension-default" xlink:from="loc_eba_MCV" xlink:to="loc_eba_x0" />
    <link:loc xlink:type="locator" xlink:href="dim.xsd#eba_LTG" xlink:label="loc_eba_LTG" />
    <link:definitionArc xlink:type="arc" xlink:arcrole="http://xbrl.org/int/dim/arcrole/dimension-domain" xlink:from="loc_eba_LTG" xlink:to="loc_eba_IM" xbrldt:usable="false" />
    <link:definitionArc xlink:type="arc" xlink:arcrole="http://xbrl.org/int/dim/arcrole/dimension-default" xlink:from="loc_eba_LTG" xlink:to="loc_eba_x0_21" />
    <link:loc xlink:type="locator" xlink:href="dim.xsd#eba_TSS" xlink:label="loc_eba_TSS" />
    <link:definitionArc xlink:type="arc" xlink:arcrole="http://xbrl.org/int/dim/arcrole/dimension-domain" xlink:from="loc_eba_TSS" xlink:to="loc_eba_ZZ" xbrldt:usable="false" />
    <link:loc xlink:type="locator" xlink:href="dim.xsd#eba_NPE" xlink:label="loc_eba_NPE" />
    <link:definitionArc xlink:type="arc" xlink:arcrole="http://xbrl.org/int/dim/arcrole/dimension-domain" xlink:from="loc_eba_NPE" xlink:to="loc_eba_IM" xbrldt:usable="false" />
    <link:definitionArc xlink:type="arc" xlink:arcrole="http://xbrl.org/int/dim/arcrole/dimension-default" xlink:from="loc_eba_NPE" xlink:to="loc_eba_x0_21" />
    <link:loc xlink:type="locator" xlink:href="dim.xsd#eba_TIE" xlink:label="loc_eba_TIE" />
    <link:definitionArc xlink:type="arc" xlink:arcrole="http://xbrl.org/int/dim/arcrole/dimension-domain" xlink:from="loc_eba_TIE" xlink:to="loc_eba_TI" xbrldt:usable="false" />
    <link:definitionArc xlink:type="arc" xlink:arcrole="http://xbrl.org/int/dim/arcrole/dimension-default" xlink:from="loc_eba_TIE" xlink:to="loc_eba_x0_26" />
    <link:loc xlink:type="locator" xlink:href="dim.xsd#eba_PIR" xlink:label="loc_eba_PIR" />
    <link:definitionArc xlink:type="arc" xlink:arcrole="http://xbrl.org/int/dim/arcrole/dimension-domain" xlink:from="loc_eba_PIR" xlink:to="loc_eba_RF" xbrldt:usable="false" />
    <link:definitionArc xlink:type="arc" xlink:arcrole="http://xbrl.org/int/dim/arcrole/dimension-default" xlink:from="loc_eba_PIR" xlink:to="loc_eba_x0_25" />
    <link:loc xlink:type="locator" xlink:href="dim.xsd#eba_POV" xlink:label="loc_eba_POV" />
    <link:definitionArc xlink:type="arc" xlink:arcrole="http://xbrl.org/int/dim/arcrole/dimension-domain" xlink:from="loc_eba_POV" xlink:to="loc_eba_RF" xbrldt:usable="false" />
    <link:definitionArc xlink:type="arc" xlink:arcrole="http://xbrl.org/int/dim/arcrole/dimension-default" xlink:from="loc_eba_POV" xlink:to="loc_eba_x0_25" />
    <link:loc xlink:type="locator" xlink:href="dim.xsd#eba_PAF" xlink:label="loc_eba_PAF" />
    <link:definitionArc xlink:type="arc" xlink:arcrole="http://xbrl.org/int/dim/arcrole/dimension-domain" xlink:from="loc_eba_PAF" xlink:to="loc_eba_RF" xbrldt:usable="false" />
    <link:definitionArc xlink:type="arc" xlink:arcrole="http://xbrl.org/int/dim/arcrole/dimension-default" xlink:from="loc_eba_PAF" xlink:to="loc_eba_x0_25" />
    <link:loc xlink:type="locator" xlink:href="dim.xsd#eba_TFM" xlink:label="loc_eba_TFM" />
    <link:definitionArc xlink:type="arc" xlink:arcrole="http://xbrl.org/int/dim/arcrole/dimension-domain" xlink:from="loc_eba_TFM" xlink:to="loc_eba_IM" xbrldt:usable="false" />
    <link:definitionArc xlink:type="arc" xlink:arcrole="http://xbrl.org/int/dim/arcrole/dimension-default" xlink:from="loc_eba_TFM" xlink:to="loc_eba_x0_21" />
    <link:loc xlink:type="locator" xlink:href="dim.xsd#eba_TSA" xlink:label="loc_eba_TSA" />
    <link:definitionArc xlink:type="arc" xlink:arcrole="http://xbrl.org/int/dim/arcrole/dimension-domain" xlink:from="loc_eba_TSA" xlink:to="loc_eba_RF" xbrldt:usable="false" />
    <link:definitionArc xlink:type="arc" xlink:arcrole="http://xbrl.org/int/dim/arcrole/dimension-default" xlink:from="loc_eba_TSA" xlink:to="loc_eba_x0_25" />
    <link:loc xlink:type="locator" xlink:href="dim.xsd#eba_TRE" xlink:label="loc_eba_TRE" />
    <link:definitionArc xlink:type="arc" xlink:arcrole="http://xbrl.org/int/dim/arcrole/dimension-domain" xlink:from="loc_eba_TRE" xlink:to="loc_eba_MC" xbrldt:usable="false" />
    <link:definitionArc xlink:type="arc" xlink:arcrole="http://xbrl.org/int/dim/arcrole/dimension-default" xlink:from="loc_eba_TRE" xlink:to="loc_eba_x0" />
    <link:loc xlink:type="locator" xlink:href="dim.xsd#eba_FMS" xlink:label="loc_eba_FMS" />
    <link:definitionArc xlink:type="arc" xlink:arcrole="http://xbrl.org/int/dim/arcrole/dimension-domain" xlink:from="loc_eba_FMS" xlink:to="loc_eba_ZZ" xbrldt:usable="false" />
    <link:loc xlink:type="locator" xlink:href="dim.xsd#eba_FLW" xlink:label="loc_eba_FLW" />
    <link:definitionArc xlink:type="arc" xlink:arcrole="http://xbrl.org/int/dim/arcrole/dimension-domain" xlink:from="loc_eba_FLW" xlink:to="loc_eba_MC" xbrldt:usable="false" />
    <link:definitionArc xlink:type="arc" xlink:arcrole="http://xbrl.org/int/dim/arcrole/dimension-default" xlink:from="loc_eba_FLW" xlink:to="loc_eba_x0" />
    <link:loc xlink:type="locator" xlink:href="dim.xsd#eba_FLT" xlink:label="loc_eba_FLT" />
    <link:definitionArc xlink:type="arc" xlink:arcrole="http://xbrl.org/int/dim/arcrole/dimension-domain" xlink:from="loc_eba_FLT" xlink:to="loc_eba_MC" xbrldt:usable="false" />
    <link:definitionArc xlink:type="arc" xlink:arcrole="http://xbrl.org/int/dim/arcrole/dimension-default" xlink:from="loc_eba_FLT" xlink:to="loc_eba_x0" />
  </link:definitionLink>
</link:linkbase>