﻿<?xml version="1.0" encoding="utf-8"?>
<?taxonomy-version 2.9.0.0 ?> <?taxonomy-set-overall-version 2.9.0.0 ?>
<!--(C) EBA-->
<link:linkbase xmlns:xsi="http://www.w3.org/2001/XMLSchema-instance" xmlns:xlink="http://www.w3.org/1999/xlink" xmlns:link="http://www.xbrl.org/2003/linkbase" xsi:schemaLocation="http://www.xbrl.org/2003/linkbase http://www.xbrl.org/2003/xbrl-linkbase-2003-12-31.xsd">
  <link:roleRef roleURI="http://www.eba.europa.eu/xbrl/role/dpm-db-id" xlink:type="simple" xlink:href="http://www.eba.europa.eu/eu/fr/xbrl/ext/model.xsd#dpm-db-id" />
  <link:labelLink xlink:type="extended" xlink:role="http://www.xbrl.org/2003/role/link">
    <link:loc xlink:type="locator" xlink:href="dim.xsd#eba_MCC" xlink:label="loc_eba_MCC" />
    <link:label xlink:type="resource" xlink:label="label_eba_MCC" xml:lang="en" xlink:role="http://www.eba.europa.eu/xbrl/role/dpm-db-id">105</link:label>
    <link:labelArc xlink:type="arc" xlink:arcrole="http://www.xbrl.org/2003/arcrole/concept-label" xlink:from="loc_eba_MCC" xlink:to="label_eba_MCC" />
    <link:loc xlink:type="locator" xlink:href="dim.xsd#eba_BAS" xlink:label="loc_eba_BAS" />
    <link:label xlink:type="resource" xlink:label="label_eba_BAS" xml:lang="en" xlink:role="http://www.eba.europa.eu/xbrl/role/dpm-db-id">110</link:label>
    <link:labelArc xlink:type="arc" xlink:arcrole="http://www.xbrl.org/2003/arcrole/concept-label" xlink:from="loc_eba_BAS" xlink:to="label_eba_BAS" />
    <link:loc xlink:type="locator" xlink:href="dim.xsd#eba_LQG" xlink:label="loc_eba_LQG" />
    <link:label xlink:type="resource" xlink:label="label_eba_LQG" xml:lang="en" xlink:role="http://www.eba.europa.eu/xbrl/role/dpm-db-id">115</link:label>
    <link:labelArc xlink:type="arc" xlink:arcrole="http://www.xbrl.org/2003/arcrole/concept-label" xlink:from="loc_eba_LQG" xlink:to="label_eba_LQG" />
    <link:loc xlink:type="locator" xlink:href="dim.xsd#eba_MCY" xlink:label="loc_eba_MCY" />
    <link:label xlink:type="resource" xlink:label="label_eba_MCY" xml:lang="en" xlink:role="http://www.eba.europa.eu/xbrl/role/dpm-db-id">120</link:label>
    <link:labelArc xlink:type="arc" xlink:arcrole="http://www.xbrl.org/2003/arcrole/concept-label" xlink:from="loc_eba_MCY" xlink:to="label_eba_MCY" />
    <link:loc xlink:type="locator" xlink:href="dim.xsd#eba_RPC" xlink:label="loc_eba_RPC" />
    <link:label xlink:type="resource" xlink:label="label_eba_RPC" xml:lang="en" xlink:role="http://www.eba.europa.eu/xbrl/role/dpm-db-id">125</link:label>
    <link:labelArc xlink:type="arc" xlink:arcrole="http://www.xbrl.org/2003/arcrole/concept-label" xlink:from="loc_eba_RPC" xlink:to="label_eba_RPC" />
    <link:loc xlink:type="locator" xlink:href="dim.xsd#eba_APR" xlink:label="loc_eba_APR" />
    <link:label xlink:type="resource" xlink:label="label_eba_APR" xml:lang="en" xlink:role="http://www.eba.europa.eu/xbrl/role/dpm-db-id">130</link:label>
    <link:labelArc xlink:type="arc" xlink:arcrole="http://www.xbrl.org/2003/arcrole/concept-label" xlink:from="loc_eba_APR" xlink:to="label_eba_APR" />
    <link:loc xlink:type="locator" xlink:href="dim.xsd#eba_CLC" xlink:label="loc_eba_CLC" />
    <link:label xlink:type="resource" xlink:label="label_eba_CLC" xml:lang="en" xlink:role="http://www.eba.europa.eu/xbrl/role/dpm-db-id">135</link:label>
    <link:labelArc xlink:type="arc" xlink:arcrole="http://www.xbrl.org/2003/arcrole/concept-label" xlink:from="loc_eba_CLC" xlink:to="label_eba_CLC" />
    <link:loc xlink:type="locator" xlink:href="dim.xsd#eba_OFS" xlink:label="loc_eba_OFS" />
    <link:label xlink:type="resource" xlink:label="label_eba_OFS" xml:lang="en" xlink:role="http://www.eba.europa.eu/xbrl/role/dpm-db-id">140</link:label>
    <link:labelArc xlink:type="arc" xlink:arcrole="http://www.xbrl.org/2003/arcrole/concept-label" xlink:from="loc_eba_OFS" xlink:to="label_eba_OFS" />
    <link:loc xlink:type="locator" xlink:href="dim.xsd#eba_CUC" xlink:label="loc_eba_CUC" />
    <link:label xlink:type="resource" xlink:label="label_eba_CUC" xml:lang="en" xlink:role="http://www.eba.europa.eu/xbrl/role/dpm-db-id">145</link:label>
    <link:labelArc xlink:type="arc" xlink:arcrole="http://www.xbrl.org/2003/arcrole/concept-label" xlink:from="loc_eba_CUC" xlink:to="label_eba_CUC" />
    <link:loc xlink:type="locator" xlink:href="dim.xsd#eba_EXC" xlink:label="loc_eba_EXC" />
    <link:label xlink:type="resource" xlink:label="label_eba_EXC" xml:lang="en" xlink:role="http://www.eba.europa.eu/xbrl/role/dpm-db-id">150</link:label>
    <link:labelArc xlink:type="arc" xlink:arcrole="http://www.xbrl.org/2003/arcrole/concept-label" xlink:from="loc_eba_EXC" xlink:to="label_eba_EXC" />
    <link:loc xlink:type="locator" xlink:href="dim.xsd#eba_CCC" xlink:label="loc_eba_CCC" />
    <link:label xlink:type="resource" xlink:label="label_eba_CCC" xml:lang="en" xlink:role="http://www.eba.europa.eu/xbrl/role/dpm-db-id">155</link:label>
    <link:labelArc xlink:type="arc" xlink:arcrole="http://www.xbrl.org/2003/arcrole/concept-label" xlink:from="loc_eba_CCC" xlink:to="label_eba_CCC" />
    <link:loc xlink:type="locator" xlink:href="dim.xsd#eba_CPS" xlink:label="loc_eba_CPS" />
    <link:label xlink:type="resource" xlink:label="label_eba_CPS" xml:lang="en" xlink:role="http://www.eba.europa.eu/xbrl/role/dpm-db-id">160</link:label>
    <link:labelArc xlink:type="arc" xlink:arcrole="http://www.xbrl.org/2003/arcrole/concept-label" xlink:from="loc_eba_CPS" xlink:to="label_eba_CPS" />
    <link:loc xlink:type="locator" xlink:href="dim.xsd#eba_ECG" xlink:label="loc_eba_ECG" />
    <link:label xlink:type="resource" xlink:label="label_eba_ECG" xml:lang="en" xlink:role="http://www.eba.europa.eu/xbrl/role/dpm-db-id">165</link:label>
    <link:labelArc xlink:type="arc" xlink:arcrole="http://www.xbrl.org/2003/arcrole/concept-label" xlink:from="loc_eba_ECG" xlink:to="label_eba_ECG" />
    <link:loc xlink:type="locator" xlink:href="dim.xsd#eba_TRI" xlink:label="loc_eba_TRI" />
    <link:label xlink:type="resource" xlink:label="label_eba_TRI" xml:lang="en" xlink:role="http://www.eba.europa.eu/xbrl/role/dpm-db-id">170</link:label>
    <link:labelArc xlink:type="arc" xlink:arcrole="http://www.xbrl.org/2003/arcrole/concept-label" xlink:from="loc_eba_TRI" xlink:to="label_eba_TRI" />
    <link:loc xlink:type="locator" xlink:href="dim.xsd#eba_APL" xlink:label="loc_eba_APL" />
    <link:label xlink:type="resource" xlink:label="label_eba_APL" xml:lang="en" xlink:role="http://www.eba.europa.eu/xbrl/role/dpm-db-id">180</link:label>
    <link:labelArc xlink:type="arc" xlink:arcrole="http://www.xbrl.org/2003/arcrole/concept-label" xlink:from="loc_eba_APL" xlink:to="label_eba_APL" />
    <link:loc xlink:type="locator" xlink:href="dim.xsd#eba_PLT" xlink:label="loc_eba_PLT" />
    <link:label xlink:type="resource" xlink:label="label_eba_PLT" xml:lang="en" xlink:role="http://www.eba.europa.eu/xbrl/role/dpm-db-id">205</link:label>
    <link:labelArc xlink:type="arc" xlink:arcrole="http://www.xbrl.org/2003/arcrole/concept-label" xlink:from="loc_eba_PLT" xlink:to="label_eba_PLT" />
    <link:loc xlink:type="locator" xlink:href="dim.xsd#eba_BLI" xlink:label="loc_eba_BLI" />
    <link:label xlink:type="resource" xlink:label="label_eba_BLI" xml:lang="en" xlink:role="http://www.eba.europa.eu/xbrl/role/dpm-db-id">225</link:label>
    <link:labelArc xlink:type="arc" xlink:arcrole="http://www.xbrl.org/2003/arcrole/concept-label" xlink:from="loc_eba_BLI" xlink:to="label_eba_BLI" />
    <link:loc xlink:type="locator" xlink:href="dim.xsd#eba_COI" xlink:label="loc_eba_COI" />
    <link:label xlink:type="resource" xlink:label="label_eba_COI" xml:lang="en" xlink:role="http://www.eba.europa.eu/xbrl/role/dpm-db-id">230</link:label>
    <link:labelArc xlink:type="arc" xlink:arcrole="http://www.xbrl.org/2003/arcrole/concept-label" xlink:from="loc_eba_COI" xlink:to="label_eba_COI" />
    <link:loc xlink:type="locator" xlink:href="dim.xsd#eba_MCG" xlink:label="loc_eba_MCG" />
    <link:label xlink:type="resource" xlink:label="label_eba_MCG" xml:lang="en" xlink:role="http://www.eba.europa.eu/xbrl/role/dpm-db-id">235</link:label>
    <link:labelArc xlink:type="arc" xlink:arcrole="http://www.xbrl.org/2003/arcrole/concept-label" xlink:from="loc_eba_MCG" xlink:to="label_eba_MCG" />
    <link:loc xlink:type="locator" xlink:href="dim.xsd#eba_CLS" xlink:label="loc_eba_CLS" />
    <link:label xlink:type="resource" xlink:label="label_eba_CLS" xml:lang="en" xlink:role="http://www.eba.europa.eu/xbrl/role/dpm-db-id">240</link:label>
    <link:labelArc xlink:type="arc" xlink:arcrole="http://www.xbrl.org/2003/arcrole/concept-label" xlink:from="loc_eba_CLS" xlink:to="label_eba_CLS" />
    <link:loc xlink:type="locator" xlink:href="dim.xsd#eba_CNO" xlink:label="loc_eba_CNO" />
    <link:label xlink:type="resource" xlink:label="label_eba_CNO" xml:lang="en" xlink:role="http://www.eba.europa.eu/xbrl/role/dpm-db-id">250</link:label>
    <link:labelArc xlink:type="arc" xlink:arcrole="http://www.xbrl.org/2003/arcrole/concept-label" xlink:from="loc_eba_CNO" xlink:to="label_eba_CNO" />
    <link:loc xlink:type="locator" xlink:href="dim.xsd#eba_CFO" xlink:label="loc_eba_CFO" />
    <link:label xlink:type="resource" xlink:label="label_eba_CFO" xml:lang="en" xlink:role="http://www.eba.europa.eu/xbrl/role/dpm-db-id">255</link:label>
    <link:labelArc xlink:type="arc" xlink:arcrole="http://www.xbrl.org/2003/arcrole/concept-label" xlink:from="loc_eba_CFO" xlink:to="label_eba_CFO" />
    <link:loc xlink:type="locator" xlink:href="dim.xsd#eba_CPY" xlink:label="loc_eba_CPY" />
    <link:label xlink:type="resource" xlink:label="label_eba_CPY" xml:lang="en" xlink:role="http://www.eba.europa.eu/xbrl/role/dpm-db-id">260</link:label>
    <link:labelArc xlink:type="arc" xlink:arcrole="http://www.xbrl.org/2003/arcrole/concept-label" xlink:from="loc_eba_CPY" xlink:to="label_eba_CPY" />
    <link:loc xlink:type="locator" xlink:href="dim.xsd#eba_CPC" xlink:label="loc_eba_CPC" />
    <link:label xlink:type="resource" xlink:label="label_eba_CPC" xml:lang="en" xlink:role="http://www.eba.europa.eu/xbrl/role/dpm-db-id">270</link:label>
    <link:labelArc xlink:type="arc" xlink:arcrole="http://www.xbrl.org/2003/arcrole/concept-label" xlink:from="loc_eba_CPC" xlink:to="label_eba_CPC" />
    <link:loc xlink:type="locator" xlink:href="dim.xsd#eba_CMA" xlink:label="loc_eba_CMA" />
    <link:label xlink:type="resource" xlink:label="label_eba_CMA" xml:lang="en" xlink:role="http://www.eba.europa.eu/xbrl/role/dpm-db-id">275</link:label>
    <link:labelArc xlink:type="arc" xlink:arcrole="http://www.xbrl.org/2003/arcrole/concept-label" xlink:from="loc_eba_CMA" xlink:to="label_eba_CMA" />
    <link:loc xlink:type="locator" xlink:href="dim.xsd#eba_CEG" xlink:label="loc_eba_CEG" />
    <link:label xlink:type="resource" xlink:label="label_eba_CEG" xml:lang="en" xlink:role="http://www.eba.europa.eu/xbrl/role/dpm-db-id">280</link:label>
    <link:labelArc xlink:type="arc" xlink:arcrole="http://www.xbrl.org/2003/arcrole/concept-label" xlink:from="loc_eba_CEG" xlink:to="label_eba_CEG" />
    <link:loc xlink:type="locator" xlink:href="dim.xsd#eba_CRM" xlink:label="loc_eba_CRM" />
    <link:label xlink:type="resource" xlink:label="label_eba_CRM" xml:lang="en" xlink:role="http://www.eba.europa.eu/xbrl/role/dpm-db-id">290</link:label>
    <link:labelArc xlink:type="arc" xlink:arcrole="http://www.xbrl.org/2003/arcrole/concept-label" xlink:from="loc_eba_CRM" xlink:to="label_eba_CRM" />
    <link:loc xlink:type="locator" xlink:href="dim.xsd#eba_CUE" xlink:label="loc_eba_CUE" />
    <link:label xlink:type="resource" xlink:label="label_eba_CUE" xml:lang="en" xlink:role="http://www.eba.europa.eu/xbrl/role/dpm-db-id">295</link:label>
    <link:labelArc xlink:type="arc" xlink:arcrole="http://www.xbrl.org/2003/arcrole/concept-label" xlink:from="loc_eba_CUE" xlink:to="label_eba_CUE" />
    <link:loc xlink:type="locator" xlink:href="dim.xsd#eba_DOF" xlink:label="loc_eba_DOF" />
    <link:label xlink:type="resource" xlink:label="label_eba_DOF" xml:lang="en" xlink:role="http://www.eba.europa.eu/xbrl/role/dpm-db-id">300</link:label>
    <link:labelArc xlink:type="arc" xlink:arcrole="http://www.xbrl.org/2003/arcrole/concept-label" xlink:from="loc_eba_DOF" xlink:to="label_eba_DOF" />
    <link:loc xlink:type="locator" xlink:href="dim.xsd#eba_DPS" xlink:label="loc_eba_DPS" />
    <link:label xlink:type="resource" xlink:label="label_eba_DPS" xml:lang="en" xlink:role="http://www.eba.europa.eu/xbrl/role/dpm-db-id">305</link:label>
    <link:labelArc xlink:type="arc" xlink:arcrole="http://www.xbrl.org/2003/arcrole/concept-label" xlink:from="loc_eba_DPS" xlink:to="label_eba_DPS" />
    <link:loc xlink:type="locator" xlink:href="dim.xsd#eba_COF" xlink:label="loc_eba_COF" />
    <link:label xlink:type="resource" xlink:label="label_eba_COF" xml:lang="en" xlink:role="http://www.eba.europa.eu/xbrl/role/dpm-db-id">310</link:label>
    <link:labelArc xlink:type="arc" xlink:arcrole="http://www.xbrl.org/2003/arcrole/concept-label" xlink:from="loc_eba_COF" xlink:to="label_eba_COF" />
    <link:loc xlink:type="locator" xlink:href="dim.xsd#eba_ENC" xlink:label="loc_eba_ENC" />
    <link:label xlink:type="resource" xlink:label="label_eba_ENC" xml:lang="en" xlink:role="http://www.eba.europa.eu/xbrl/role/dpm-db-id">315</link:label>
    <link:labelArc xlink:type="arc" xlink:arcrole="http://www.xbrl.org/2003/arcrole/concept-label" xlink:from="loc_eba_ENC" xlink:to="label_eba_ENC" />
    <link:loc xlink:type="locator" xlink:href="dim.xsd#eba_ETY" xlink:label="loc_eba_ETY" />
    <link:label xlink:type="resource" xlink:label="label_eba_ETY" xml:lang="en" xlink:role="http://www.eba.europa.eu/xbrl/role/dpm-db-id">320</link:label>
    <link:labelArc xlink:type="arc" xlink:arcrole="http://www.xbrl.org/2003/arcrole/concept-label" xlink:from="loc_eba_ETY" xlink:to="label_eba_ETY" />
    <link:loc xlink:type="locator" xlink:href="dim.xsd#eba_ECB" xlink:label="loc_eba_ECB" />
    <link:label xlink:type="resource" xlink:label="label_eba_ECB" xml:lang="en" xlink:role="http://www.eba.europa.eu/xbrl/role/dpm-db-id">330</link:label>
    <link:labelArc xlink:type="arc" xlink:arcrole="http://www.xbrl.org/2003/arcrole/concept-label" xlink:from="loc_eba_ECB" xlink:to="label_eba_ECB" />
    <link:loc xlink:type="locator" xlink:href="dim.xsd#eba_ECC" xlink:label="loc_eba_ECC" />
    <link:label xlink:type="resource" xlink:label="label_eba_ECC" xml:lang="en" xlink:role="http://www.eba.europa.eu/xbrl/role/dpm-db-id">335</link:label>
    <link:labelArc xlink:type="arc" xlink:arcrole="http://www.xbrl.org/2003/arcrole/concept-label" xlink:from="loc_eba_ECC" xlink:to="label_eba_ECC" />
    <link:loc xlink:type="locator" xlink:href="dim.xsd#eba_ECW" xlink:label="loc_eba_ECW" />
    <link:label xlink:type="resource" xlink:label="label_eba_ECW" xml:lang="en" xlink:role="http://www.eba.europa.eu/xbrl/role/dpm-db-id">340</link:label>
    <link:labelArc xlink:type="arc" xlink:arcrole="http://www.xbrl.org/2003/arcrole/concept-label" xlink:from="loc_eba_ECW" xlink:to="label_eba_ECW" />
    <link:loc xlink:type="locator" xlink:href="dim.xsd#eba_CQI" xlink:label="loc_eba_CQI" />
    <link:label xlink:type="resource" xlink:label="label_eba_CQI" xml:lang="en" xlink:role="http://www.eba.europa.eu/xbrl/role/dpm-db-id">345</link:label>
    <link:labelArc xlink:type="arc" xlink:arcrole="http://www.xbrl.org/2003/arcrole/concept-label" xlink:from="loc_eba_CQI" xlink:to="label_eba_CQI" />
    <link:loc xlink:type="locator" xlink:href="dim.xsd#eba_CQS" xlink:label="loc_eba_CQS" />
    <link:label xlink:type="resource" xlink:label="label_eba_CQS" xml:lang="en" xlink:role="http://www.eba.europa.eu/xbrl/role/dpm-db-id">350</link:label>
    <link:labelArc xlink:type="arc" xlink:arcrole="http://www.xbrl.org/2003/arcrole/concept-label" xlink:from="loc_eba_CQS" xlink:to="label_eba_CQS" />
    <link:loc xlink:type="locator" xlink:href="dim.xsd#eba_CQC" xlink:label="loc_eba_CQC" />
    <link:label xlink:type="resource" xlink:label="label_eba_CQC" xml:lang="en" xlink:role="http://www.eba.europa.eu/xbrl/role/dpm-db-id">355</link:label>
    <link:labelArc xlink:type="arc" xlink:arcrole="http://www.xbrl.org/2003/arcrole/concept-label" xlink:from="loc_eba_CQC" xlink:to="label_eba_CQC" />
    <link:loc xlink:type="locator" xlink:href="dim.xsd#eba_FVH" xlink:label="loc_eba_FVH" />
    <link:label xlink:type="resource" xlink:label="label_eba_FVH" xml:lang="en" xlink:role="http://www.eba.europa.eu/xbrl/role/dpm-db-id">360</link:label>
    <link:labelArc xlink:type="arc" xlink:arcrole="http://www.xbrl.org/2003/arcrole/concept-label" xlink:from="loc_eba_FVH" xlink:to="label_eba_FVH" />
    <link:loc xlink:type="locator" xlink:href="dim.xsd#eba_LIQ" xlink:label="loc_eba_LIQ" />
    <link:label xlink:type="resource" xlink:label="label_eba_LIQ" xml:lang="en" xlink:role="http://www.eba.europa.eu/xbrl/role/dpm-db-id">365</link:label>
    <link:labelArc xlink:type="arc" xlink:arcrole="http://www.xbrl.org/2003/arcrole/concept-label" xlink:from="loc_eba_LIQ" xlink:to="label_eba_LIQ" />
    <link:loc xlink:type="locator" xlink:href="dim.xsd#eba_GTR" xlink:label="loc_eba_GTR" />
    <link:label xlink:type="resource" xlink:label="label_eba_GTR" xml:lang="en" xlink:role="http://www.eba.europa.eu/xbrl/role/dpm-db-id">370</link:label>
    <link:labelArc xlink:type="arc" xlink:arcrole="http://www.xbrl.org/2003/arcrole/concept-label" xlink:from="loc_eba_GTR" xlink:to="label_eba_GTR" />
    <link:loc xlink:type="locator" xlink:href="dim.xsd#eba_GTC" xlink:label="loc_eba_GTC" />
    <link:label xlink:type="resource" xlink:label="label_eba_GTC" xml:lang="en" xlink:role="http://www.eba.europa.eu/xbrl/role/dpm-db-id">375</link:label>
    <link:labelArc xlink:type="arc" xlink:arcrole="http://www.xbrl.org/2003/arcrole/concept-label" xlink:from="loc_eba_GTC" xlink:to="label_eba_GTC" />
    <link:loc xlink:type="locator" xlink:href="dim.xsd#eba_HFI" xlink:label="loc_eba_HFI" />
    <link:label xlink:type="resource" xlink:label="label_eba_HFI" xml:lang="en" xlink:role="http://www.eba.europa.eu/xbrl/role/dpm-db-id">385</link:label>
    <link:labelArc xlink:type="arc" xlink:arcrole="http://www.xbrl.org/2003/arcrole/concept-label" xlink:from="loc_eba_HFI" xlink:to="label_eba_HFI" />
    <link:loc xlink:type="locator" xlink:href="dim.xsd#eba_IMS" xlink:label="loc_eba_IMS" />
    <link:label xlink:type="resource" xlink:label="label_eba_IMS" xml:lang="en" xlink:role="http://www.eba.europa.eu/xbrl/role/dpm-db-id">390</link:label>
    <link:labelArc xlink:type="arc" xlink:arcrole="http://www.xbrl.org/2003/arcrole/concept-label" xlink:from="loc_eba_IMS" xlink:to="label_eba_IMS" />
    <link:loc xlink:type="locator" xlink:href="dim.xsd#eba_LEC" xlink:label="loc_eba_LEC" />
    <link:label xlink:type="resource" xlink:label="label_eba_LEC" xml:lang="en" xlink:role="http://www.eba.europa.eu/xbrl/role/dpm-db-id">405</link:label>
    <link:labelArc xlink:type="arc" xlink:arcrole="http://www.xbrl.org/2003/arcrole/concept-label" xlink:from="loc_eba_LEC" xlink:to="label_eba_LEC" />
    <link:loc xlink:type="locator" xlink:href="dim.xsd#eba_LQA" xlink:label="loc_eba_LQA" />
    <link:label xlink:type="resource" xlink:label="label_eba_LQA" xml:lang="en" xlink:role="http://www.eba.europa.eu/xbrl/role/dpm-db-id">410</link:label>
    <link:labelArc xlink:type="arc" xlink:arcrole="http://www.xbrl.org/2003/arcrole/concept-label" xlink:from="loc_eba_LQA" xlink:to="label_eba_LQA" />
    <link:loc xlink:type="locator" xlink:href="dim.xsd#eba_LQC" xlink:label="loc_eba_LQC" />
    <link:label xlink:type="resource" xlink:label="label_eba_LQC" xml:lang="en" xlink:role="http://www.eba.europa.eu/xbrl/role/dpm-db-id">415</link:label>
    <link:labelArc xlink:type="arc" xlink:arcrole="http://www.xbrl.org/2003/arcrole/concept-label" xlink:from="loc_eba_LQC" xlink:to="label_eba_LQC" />
    <link:loc xlink:type="locator" xlink:href="dim.xsd#eba_LTV" xlink:label="loc_eba_LTV" />
    <link:label xlink:type="resource" xlink:label="label_eba_LTV" xml:lang="en" xlink:role="http://www.eba.europa.eu/xbrl/role/dpm-db-id">420</link:label>
    <link:labelArc xlink:type="arc" xlink:arcrole="http://www.xbrl.org/2003/arcrole/concept-label" xlink:from="loc_eba_LTV" xlink:to="label_eba_LTV" />
    <link:loc xlink:type="locator" xlink:href="dim.xsd#eba_LAC" xlink:label="loc_eba_LAC" />
    <link:label xlink:type="resource" xlink:label="label_eba_LAC" xml:lang="en" xlink:role="http://www.eba.europa.eu/xbrl/role/dpm-db-id">425</link:label>
    <link:labelArc xlink:type="arc" xlink:arcrole="http://www.xbrl.org/2003/arcrole/concept-label" xlink:from="loc_eba_LAC" xlink:to="label_eba_LAC" />
    <link:loc xlink:type="locator" xlink:href="dim.xsd#eba_MCD" xlink:label="loc_eba_MCD" />
    <link:label xlink:type="resource" xlink:label="label_eba_MCD" xml:lang="en" xlink:role="http://www.eba.europa.eu/xbrl/role/dpm-db-id">435</link:label>
    <link:labelArc xlink:type="arc" xlink:arcrole="http://www.xbrl.org/2003/arcrole/concept-label" xlink:from="loc_eba_MCD" xlink:to="label_eba_MCD" />
    <link:loc xlink:type="locator" xlink:href="dim.xsd#eba_MCT" xlink:label="loc_eba_MCT" />
    <link:label xlink:type="resource" xlink:label="label_eba_MCT" xml:lang="en" xlink:role="http://www.eba.europa.eu/xbrl/role/dpm-db-id">445</link:label>
    <link:labelArc xlink:type="arc" xlink:arcrole="http://www.xbrl.org/2003/arcrole/concept-label" xlink:from="loc_eba_MCT" xlink:to="label_eba_MCT" />
    <link:loc xlink:type="locator" xlink:href="dim.xsd#eba_MCI" xlink:label="loc_eba_MCI" />
    <link:label xlink:type="resource" xlink:label="label_eba_MCI" xml:lang="en" xlink:role="http://www.eba.europa.eu/xbrl/role/dpm-db-id">450</link:label>
    <link:labelArc xlink:type="arc" xlink:arcrole="http://www.xbrl.org/2003/arcrole/concept-label" xlink:from="loc_eba_MCI" xlink:to="label_eba_MCI" />
    <link:loc xlink:type="locator" xlink:href="dim.xsd#eba_MCE" xlink:label="loc_eba_MCE" />
    <link:label xlink:type="resource" xlink:label="label_eba_MCE" xml:lang="en" xlink:role="http://www.eba.europa.eu/xbrl/role/dpm-db-id">455</link:label>
    <link:labelArc xlink:type="arc" xlink:arcrole="http://www.xbrl.org/2003/arcrole/concept-label" xlink:from="loc_eba_MCE" xlink:to="label_eba_MCE" />
    <link:loc xlink:type="locator" xlink:href="dim.xsd#eba_MCL" xlink:label="loc_eba_MCL" />
    <link:label xlink:type="resource" xlink:label="label_eba_MCL" xml:lang="en" xlink:role="http://www.eba.europa.eu/xbrl/role/dpm-db-id">460</link:label>
    <link:labelArc xlink:type="arc" xlink:arcrole="http://www.xbrl.org/2003/arcrole/concept-label" xlink:from="loc_eba_MCL" xlink:to="label_eba_MCL" />
    <link:loc xlink:type="locator" xlink:href="dim.xsd#eba_MCP" xlink:label="loc_eba_MCP" />
    <link:label xlink:type="resource" xlink:label="label_eba_MCP" xml:lang="en" xlink:role="http://www.eba.europa.eu/xbrl/role/dpm-db-id">462</link:label>
    <link:labelArc xlink:type="arc" xlink:arcrole="http://www.xbrl.org/2003/arcrole/concept-label" xlink:from="loc_eba_MCP" xlink:to="label_eba_MCP" />
    <link:loc xlink:type="locator" xlink:href="dim.xsd#eba_MCU" xlink:label="loc_eba_MCU" />
    <link:label xlink:type="resource" xlink:label="label_eba_MCU" xml:lang="en" xlink:role="http://www.eba.europa.eu/xbrl/role/dpm-db-id">465</link:label>
    <link:labelArc xlink:type="arc" xlink:arcrole="http://www.xbrl.org/2003/arcrole/concept-label" xlink:from="loc_eba_MCU" xlink:to="label_eba_MCU" />
    <link:loc xlink:type="locator" xlink:href="dim.xsd#eba_MRW" xlink:label="loc_eba_MRW" />
    <link:label xlink:type="resource" xlink:label="label_eba_MRW" xml:lang="en" xlink:role="http://www.eba.europa.eu/xbrl/role/dpm-db-id">470</link:label>
    <link:labelArc xlink:type="arc" xlink:arcrole="http://www.xbrl.org/2003/arcrole/concept-label" xlink:from="loc_eba_MRW" xlink:to="label_eba_MRW" />
    <link:loc xlink:type="locator" xlink:href="dim.xsd#eba_NAC" xlink:label="loc_eba_NAC" />
    <link:label xlink:type="resource" xlink:label="label_eba_NAC" xml:lang="en" xlink:role="http://www.eba.europa.eu/xbrl/role/dpm-db-id">475</link:label>
    <link:labelArc xlink:type="arc" xlink:arcrole="http://www.xbrl.org/2003/arcrole/concept-label" xlink:from="loc_eba_NAC" xlink:to="label_eba_NAC" />
    <link:loc xlink:type="locator" xlink:href="dim.xsd#eba_OGR" xlink:label="loc_eba_OGR" />
    <link:label xlink:type="resource" xlink:label="label_eba_OGR" xml:lang="en" xlink:role="http://www.eba.europa.eu/xbrl/role/dpm-db-id">480</link:label>
    <link:labelArc xlink:type="arc" xlink:arcrole="http://www.xbrl.org/2003/arcrole/concept-label" xlink:from="loc_eba_OGR" xlink:to="label_eba_OGR" />
    <link:loc xlink:type="locator" xlink:href="dim.xsd#eba_SRN" xlink:label="loc_eba_SRN" />
    <link:label xlink:type="resource" xlink:label="label_eba_SRN" xml:lang="en" xlink:role="http://www.eba.europa.eu/xbrl/role/dpm-db-id">485</link:label>
    <link:labelArc xlink:type="arc" xlink:arcrole="http://www.xbrl.org/2003/arcrole/concept-label" xlink:from="loc_eba_SRN" xlink:to="label_eba_SRN" />
    <link:loc xlink:type="locator" xlink:href="dim.xsd#eba_PAU" xlink:label="loc_eba_PAU" />
    <link:label xlink:type="resource" xlink:label="label_eba_PAU" xml:lang="en" xlink:role="http://www.eba.europa.eu/xbrl/role/dpm-db-id">490</link:label>
    <link:labelArc xlink:type="arc" xlink:arcrole="http://www.xbrl.org/2003/arcrole/concept-label" xlink:from="loc_eba_PAU" xlink:to="label_eba_PAU" />
    <link:loc xlink:type="locator" xlink:href="dim.xsd#eba_PIN" xlink:label="loc_eba_PIN" />
    <link:label xlink:type="resource" xlink:label="label_eba_PIN" xml:lang="en" xlink:role="http://www.eba.europa.eu/xbrl/role/dpm-db-id">500</link:label>
    <link:labelArc xlink:type="arc" xlink:arcrole="http://www.xbrl.org/2003/arcrole/concept-label" xlink:from="loc_eba_PIN" xlink:to="label_eba_PIN" />
    <link:loc xlink:type="locator" xlink:href="dim.xsd#eba_PRP" xlink:label="loc_eba_PRP" />
    <link:label xlink:type="resource" xlink:label="label_eba_PRP" xml:lang="en" xlink:role="http://www.eba.europa.eu/xbrl/role/dpm-db-id">510</link:label>
    <link:labelArc xlink:type="arc" xlink:arcrole="http://www.xbrl.org/2003/arcrole/concept-label" xlink:from="loc_eba_PRP" xlink:to="label_eba_PRP" />
    <link:loc xlink:type="locator" xlink:href="dim.xsd#eba_PUR" xlink:label="loc_eba_PUR" />
    <link:label xlink:type="resource" xlink:label="label_eba_PUR" xml:lang="en" xlink:role="http://www.eba.europa.eu/xbrl/role/dpm-db-id">515</link:label>
    <link:labelArc xlink:type="arc" xlink:arcrole="http://www.xbrl.org/2003/arcrole/concept-label" xlink:from="loc_eba_PUR" xlink:to="label_eba_PUR" />
    <link:loc xlink:type="locator" xlink:href="dim.xsd#eba_REF" xlink:label="loc_eba_REF" />
    <link:label xlink:type="resource" xlink:label="label_eba_REF" xml:lang="en" xlink:role="http://www.eba.europa.eu/xbrl/role/dpm-db-id">520</link:label>
    <link:labelArc xlink:type="arc" xlink:arcrole="http://www.xbrl.org/2003/arcrole/concept-label" xlink:from="loc_eba_REF" xlink:to="label_eba_REF" />
    <link:loc xlink:type="locator" xlink:href="dim.xsd#eba_RPR" xlink:label="loc_eba_RPR" />
    <link:label xlink:type="resource" xlink:label="label_eba_RPR" xml:lang="en" xlink:role="http://www.eba.europa.eu/xbrl/role/dpm-db-id">525</link:label>
    <link:labelArc xlink:type="arc" xlink:arcrole="http://www.xbrl.org/2003/arcrole/concept-label" xlink:from="loc_eba_RPR" xlink:to="label_eba_RPR" />
    <link:loc xlink:type="locator" xlink:href="dim.xsd#eba_RCP" xlink:label="loc_eba_RCP" />
    <link:label xlink:type="resource" xlink:label="label_eba_RCP" xml:lang="en" xlink:role="http://www.eba.europa.eu/xbrl/role/dpm-db-id">535</link:label>
    <link:labelArc xlink:type="arc" xlink:arcrole="http://www.xbrl.org/2003/arcrole/concept-label" xlink:from="loc_eba_RCP" xlink:to="label_eba_RCP" />
    <link:loc xlink:type="locator" xlink:href="dim.xsd#eba_RES" xlink:label="loc_eba_RES" />
    <link:label xlink:type="resource" xlink:label="label_eba_RES" xml:lang="en" xlink:role="http://www.eba.europa.eu/xbrl/role/dpm-db-id">540</link:label>
    <link:labelArc xlink:type="arc" xlink:arcrole="http://www.xbrl.org/2003/arcrole/concept-label" xlink:from="loc_eba_RES" xlink:to="label_eba_RES" />
    <link:loc xlink:type="locator" xlink:href="dim.xsd#eba_RWS" xlink:label="loc_eba_RWS" />
    <link:label xlink:type="resource" xlink:label="label_eba_RWS" xml:lang="en" xlink:role="http://www.eba.europa.eu/xbrl/role/dpm-db-id">545</link:label>
    <link:labelArc xlink:type="arc" xlink:arcrole="http://www.xbrl.org/2003/arcrole/concept-label" xlink:from="loc_eba_RWS" xlink:to="label_eba_RWS" />
    <link:loc xlink:type="locator" xlink:href="dim.xsd#eba_RWC" xlink:label="loc_eba_RWC" />
    <link:label xlink:type="resource" xlink:label="label_eba_RWC" xml:lang="en" xlink:role="http://www.eba.europa.eu/xbrl/role/dpm-db-id">550</link:label>
    <link:labelArc xlink:type="arc" xlink:arcrole="http://www.xbrl.org/2003/arcrole/concept-label" xlink:from="loc_eba_RWC" xlink:to="label_eba_RWC" />
    <link:loc xlink:type="locator" xlink:href="dim.xsd#eba_RSP" xlink:label="loc_eba_RSP" />
    <link:label xlink:type="resource" xlink:label="label_eba_RSP" xml:lang="en" xlink:role="http://www.eba.europa.eu/xbrl/role/dpm-db-id">555</link:label>
    <link:labelArc xlink:type="arc" xlink:arcrole="http://www.xbrl.org/2003/arcrole/concept-label" xlink:from="loc_eba_RSP" xlink:to="label_eba_RSP" />
    <link:loc xlink:type="locator" xlink:href="dim.xsd#eba_SEC" xlink:label="loc_eba_SEC" />
    <link:label xlink:type="resource" xlink:label="label_eba_SEC" xml:lang="en" xlink:role="http://www.eba.europa.eu/xbrl/role/dpm-db-id">560</link:label>
    <link:labelArc xlink:type="arc" xlink:arcrole="http://www.xbrl.org/2003/arcrole/concept-label" xlink:from="loc_eba_SEC" xlink:to="label_eba_SEC" />
    <link:loc xlink:type="locator" xlink:href="dim.xsd#eba_SST" xlink:label="loc_eba_SST" />
    <link:label xlink:type="resource" xlink:label="label_eba_SST" xml:lang="en" xlink:role="http://www.eba.europa.eu/xbrl/role/dpm-db-id">565</link:label>
    <link:labelArc xlink:type="arc" xlink:arcrole="http://www.xbrl.org/2003/arcrole/concept-label" xlink:from="loc_eba_SST" xlink:to="label_eba_SST" />
    <link:loc xlink:type="locator" xlink:href="dim.xsd#eba_STC" xlink:label="loc_eba_STC" />
    <link:label xlink:type="resource" xlink:label="label_eba_STC" xml:lang="en" xlink:role="http://www.eba.europa.eu/xbrl/role/dpm-db-id">570</link:label>
    <link:labelArc xlink:type="arc" xlink:arcrole="http://www.xbrl.org/2003/arcrole/concept-label" xlink:from="loc_eba_STC" xlink:to="label_eba_STC" />
    <link:loc xlink:type="locator" xlink:href="dim.xsd#eba_INV" xlink:label="loc_eba_INV" />
    <link:label xlink:type="resource" xlink:label="label_eba_INV" xml:lang="en" xlink:role="http://www.eba.europa.eu/xbrl/role/dpm-db-id">580</link:label>
    <link:labelArc xlink:type="arc" xlink:arcrole="http://www.xbrl.org/2003/arcrole/concept-label" xlink:from="loc_eba_INV" xlink:to="label_eba_INV" />
    <link:loc xlink:type="locator" xlink:href="dim.xsd#eba_SCC" xlink:label="loc_eba_SCC" />
    <link:label xlink:type="resource" xlink:label="label_eba_SCC" xml:lang="en" xlink:role="http://www.eba.europa.eu/xbrl/role/dpm-db-id">590</link:label>
    <link:labelArc xlink:type="arc" xlink:arcrole="http://www.xbrl.org/2003/arcrole/concept-label" xlink:from="loc_eba_SCC" xlink:to="label_eba_SCC" />
    <link:loc xlink:type="locator" xlink:href="dim.xsd#eba_SLQ" xlink:label="loc_eba_SLQ" />
    <link:label xlink:type="resource" xlink:label="label_eba_SLQ" xml:lang="en" xlink:role="http://www.eba.europa.eu/xbrl/role/dpm-db-id">595</link:label>
    <link:labelArc xlink:type="arc" xlink:arcrole="http://www.xbrl.org/2003/arcrole/concept-label" xlink:from="loc_eba_SLQ" xlink:to="label_eba_SLQ" />
    <link:loc xlink:type="locator" xlink:href="dim.xsd#eba_SOL" xlink:label="loc_eba_SOL" />
    <link:label xlink:type="resource" xlink:label="label_eba_SOL" xml:lang="en" xlink:role="http://www.eba.europa.eu/xbrl/role/dpm-db-id">600</link:label>
    <link:labelArc xlink:type="arc" xlink:arcrole="http://www.xbrl.org/2003/arcrole/concept-label" xlink:from="loc_eba_SOL" xlink:to="label_eba_SOL" />
    <link:loc xlink:type="locator" xlink:href="dim.xsd#eba_SUB" xlink:label="loc_eba_SUB" />
    <link:label xlink:type="resource" xlink:label="label_eba_SUB" xml:lang="en" xlink:role="http://www.eba.europa.eu/xbrl/role/dpm-db-id">605</link:label>
    <link:labelArc xlink:type="arc" xlink:arcrole="http://www.xbrl.org/2003/arcrole/concept-label" xlink:from="loc_eba_SUB" xlink:to="label_eba_SUB" />
    <link:loc xlink:type="locator" xlink:href="dim.xsd#eba_DST" xlink:label="loc_eba_DST" />
    <link:label xlink:type="resource" xlink:label="label_eba_DST" xml:lang="en" xlink:role="http://www.eba.europa.eu/xbrl/role/dpm-db-id">610</link:label>
    <link:labelArc xlink:type="arc" xlink:arcrole="http://www.xbrl.org/2003/arcrole/concept-label" xlink:from="loc_eba_DST" xlink:to="label_eba_DST" />
    <link:loc xlink:type="locator" xlink:href="dim.xsd#eba_EUT" xlink:label="loc_eba_EUT" />
    <link:label xlink:type="resource" xlink:label="label_eba_EUT" xml:lang="en" xlink:role="http://www.eba.europa.eu/xbrl/role/dpm-db-id">615</link:label>
    <link:labelArc xlink:type="arc" xlink:arcrole="http://www.xbrl.org/2003/arcrole/concept-label" xlink:from="loc_eba_EUT" xlink:to="label_eba_EUT" />
    <link:loc xlink:type="locator" xlink:href="dim.xsd#eba_TPD" xlink:label="loc_eba_TPD" />
    <link:label xlink:type="resource" xlink:label="label_eba_TPD" xml:lang="en" xlink:role="http://www.eba.europa.eu/xbrl/role/dpm-db-id">620</link:label>
    <link:labelArc xlink:type="arc" xlink:arcrole="http://www.xbrl.org/2003/arcrole/concept-label" xlink:from="loc_eba_TPD" xlink:to="label_eba_TPD" />
    <link:loc xlink:type="locator" xlink:href="dim.xsd#eba_REC" xlink:label="loc_eba_REC" />
    <link:label xlink:type="resource" xlink:label="label_eba_REC" xml:lang="en" xlink:role="http://www.eba.europa.eu/xbrl/role/dpm-db-id">630</link:label>
    <link:labelArc xlink:type="arc" xlink:arcrole="http://www.xbrl.org/2003/arcrole/concept-label" xlink:from="loc_eba_REC" xlink:to="label_eba_REC" />
    <link:loc xlink:type="locator" xlink:href="dim.xsd#eba_TOF" xlink:label="loc_eba_TOF" />
    <link:label xlink:type="resource" xlink:label="label_eba_TOF" xml:lang="en" xlink:role="http://www.eba.europa.eu/xbrl/role/dpm-db-id">640</link:label>
    <link:labelArc xlink:type="arc" xlink:arcrole="http://www.xbrl.org/2003/arcrole/concept-label" xlink:from="loc_eba_TOF" xlink:to="label_eba_TOF" />
    <link:loc xlink:type="locator" xlink:href="dim.xsd#eba_TYA" xlink:label="loc_eba_TYA" />
    <link:label xlink:type="resource" xlink:label="label_eba_TYA" xml:lang="en" xlink:role="http://www.eba.europa.eu/xbrl/role/dpm-db-id">645</link:label>
    <link:labelArc xlink:type="arc" xlink:arcrole="http://www.xbrl.org/2003/arcrole/concept-label" xlink:from="loc_eba_TYA" xlink:to="label_eba_TYA" />
    <link:loc xlink:type="locator" xlink:href="dim.xsd#eba_TYR" xlink:label="loc_eba_TYR" />
    <link:label xlink:type="resource" xlink:label="label_eba_TYR" xml:lang="en" xlink:role="http://www.eba.europa.eu/xbrl/role/dpm-db-id">650</link:label>
    <link:labelArc xlink:type="arc" xlink:arcrole="http://www.xbrl.org/2003/arcrole/concept-label" xlink:from="loc_eba_TYR" xlink:to="label_eba_TYR" />
    <link:loc xlink:type="locator" xlink:href="dim.xsd#eba_ALO" xlink:label="loc_eba_ALO" />
    <link:label xlink:type="resource" xlink:label="label_eba_ALO" xml:lang="en" xlink:role="http://www.eba.europa.eu/xbrl/role/dpm-db-id">655</link:label>
    <link:labelArc xlink:type="arc" xlink:arcrole="http://www.xbrl.org/2003/arcrole/concept-label" xlink:from="loc_eba_ALO" xlink:to="label_eba_ALO" />
    <link:loc xlink:type="locator" xlink:href="dim.xsd#eba_TAC" xlink:label="loc_eba_TAC" />
    <link:label xlink:type="resource" xlink:label="label_eba_TAC" xml:lang="en" xlink:role="http://www.eba.europa.eu/xbrl/role/dpm-db-id">660</link:label>
    <link:labelArc xlink:type="arc" xlink:arcrole="http://www.xbrl.org/2003/arcrole/concept-label" xlink:from="loc_eba_TAC" xlink:to="label_eba_TAC" />
    <link:loc xlink:type="locator" xlink:href="dim.xsd#eba_TCP" xlink:label="loc_eba_TCP" />
    <link:label xlink:type="resource" xlink:label="label_eba_TCP" xml:lang="en" xlink:role="http://www.eba.europa.eu/xbrl/role/dpm-db-id">665</link:label>
    <link:labelArc xlink:type="arc" xlink:arcrole="http://www.xbrl.org/2003/arcrole/concept-label" xlink:from="loc_eba_TCP" xlink:to="label_eba_TCP" />
    <link:loc xlink:type="locator" xlink:href="dim.xsd#eba_TIF" xlink:label="loc_eba_TIF" />
    <link:label xlink:type="resource" xlink:label="label_eba_TIF" xml:lang="en" xlink:role="http://www.eba.europa.eu/xbrl/role/dpm-db-id">670</link:label>
    <link:labelArc xlink:type="arc" xlink:arcrole="http://www.xbrl.org/2003/arcrole/concept-label" xlink:from="loc_eba_TIF" xlink:to="label_eba_TIF" />
    <link:loc xlink:type="locator" xlink:href="dim.xsd#eba_TMA" xlink:label="loc_eba_TMA" />
    <link:label xlink:type="resource" xlink:label="label_eba_TMA" xml:lang="en" xlink:role="http://www.eba.europa.eu/xbrl/role/dpm-db-id">675</link:label>
    <link:labelArc xlink:type="arc" xlink:arcrole="http://www.xbrl.org/2003/arcrole/concept-label" xlink:from="loc_eba_TMA" xlink:to="label_eba_TMA" />
    <link:loc xlink:type="locator" xlink:href="dim.xsd#eba_TRT" xlink:label="loc_eba_TRT" />
    <link:label xlink:type="resource" xlink:label="label_eba_TRT" xml:lang="en" xlink:role="http://www.eba.europa.eu/xbrl/role/dpm-db-id">690</link:label>
    <link:labelArc xlink:type="arc" xlink:arcrole="http://www.xbrl.org/2003/arcrole/concept-label" xlink:from="loc_eba_TRT" xlink:to="label_eba_TRT" />
    <link:loc xlink:type="locator" xlink:href="dim.xsd#eba_TSE" xlink:label="loc_eba_TSE" />
    <link:label xlink:type="resource" xlink:label="label_eba_TSE" xml:lang="en" xlink:role="http://www.eba.europa.eu/xbrl/role/dpm-db-id">695</link:label>
    <link:labelArc xlink:type="arc" xlink:arcrole="http://www.xbrl.org/2003/arcrole/concept-label" xlink:from="loc_eba_TSE" xlink:to="label_eba_TSE" />
    <link:loc xlink:type="locator" xlink:href="dim.xsd#eba_UES" xlink:label="loc_eba_UES" />
    <link:label xlink:type="resource" xlink:label="label_eba_UES" xml:lang="en" xlink:role="http://www.eba.europa.eu/xbrl/role/dpm-db-id">700</link:label>
    <link:labelArc xlink:type="arc" xlink:arcrole="http://www.xbrl.org/2003/arcrole/concept-label" xlink:from="loc_eba_UES" xlink:to="label_eba_UES" />
    <link:loc xlink:type="locator" xlink:href="dim.xsd#eba_ALM" xlink:label="loc_eba_ALM" />
    <link:label xlink:type="resource" xlink:label="label_eba_ALM" xml:lang="en" xlink:role="http://www.eba.europa.eu/xbrl/role/dpm-db-id">705</link:label>
    <link:labelArc xlink:type="arc" xlink:arcrole="http://www.xbrl.org/2003/arcrole/concept-label" xlink:from="loc_eba_ALM" xlink:to="label_eba_ALM" />
    <link:loc xlink:type="locator" xlink:href="dim.xsd#eba_EXT" xlink:label="loc_eba_EXT" />
    <link:label xlink:type="resource" xlink:label="label_eba_EXT" xml:lang="en" xlink:role="http://www.eba.europa.eu/xbrl/role/dpm-db-id">710</link:label>
    <link:labelArc xlink:type="arc" xlink:arcrole="http://www.xbrl.org/2003/arcrole/concept-label" xlink:from="loc_eba_EXT" xlink:to="label_eba_EXT" />
    <link:loc xlink:type="locator" xlink:href="dim.xsd#eba_SCO" xlink:label="loc_eba_SCO" />
    <link:label xlink:type="resource" xlink:label="label_eba_SCO" xml:lang="en" xlink:role="http://www.eba.europa.eu/xbrl/role/dpm-db-id">715</link:label>
    <link:labelArc xlink:type="arc" xlink:arcrole="http://www.xbrl.org/2003/arcrole/concept-label" xlink:from="loc_eba_SCO" xlink:to="label_eba_SCO" />
    <link:loc xlink:type="locator" xlink:href="dim.xsd#eba_MCS" xlink:label="loc_eba_MCS" />
    <link:label xlink:type="resource" xlink:label="label_eba_MCS" xml:lang="en" xlink:role="http://www.eba.europa.eu/xbrl/role/dpm-db-id">720</link:label>
    <link:labelArc xlink:type="arc" xlink:arcrole="http://www.xbrl.org/2003/arcrole/concept-label" xlink:from="loc_eba_MCS" xlink:to="label_eba_MCS" />
    <link:loc xlink:type="locator" xlink:href="dim.xsd#eba_CPE" xlink:label="loc_eba_CPE" />
    <link:label xlink:type="resource" xlink:label="label_eba_CPE" xml:lang="en" xlink:role="http://www.eba.europa.eu/xbrl/role/dpm-db-id">725</link:label>
    <link:labelArc xlink:type="arc" xlink:arcrole="http://www.xbrl.org/2003/arcrole/concept-label" xlink:from="loc_eba_CPE" xlink:to="label_eba_CPE" />
    <link:loc xlink:type="locator" xlink:href="dim.xsd#eba_CRA" xlink:label="loc_eba_CRA" />
    <link:label xlink:type="resource" xlink:label="label_eba_CRA" xml:lang="en" xlink:role="http://www.eba.europa.eu/xbrl/role/dpm-db-id">730</link:label>
    <link:labelArc xlink:type="arc" xlink:arcrole="http://www.xbrl.org/2003/arcrole/concept-label" xlink:from="loc_eba_CRA" xlink:to="label_eba_CRA" />
    <link:loc xlink:type="locator" xlink:href="dim.xsd#eba_CBC" xlink:label="loc_eba_CBC" />
    <link:label xlink:type="resource" xlink:label="label_eba_CBC" xml:lang="en" xlink:role="http://www.eba.europa.eu/xbrl/role/dpm-db-id">735</link:label>
    <link:labelArc xlink:type="arc" xlink:arcrole="http://www.xbrl.org/2003/arcrole/concept-label" xlink:from="loc_eba_CBC" xlink:to="label_eba_CBC" />
    <link:loc xlink:type="locator" xlink:href="dim.xsd#eba_PFS" xlink:label="loc_eba_PFS" />
    <link:label xlink:type="resource" xlink:label="label_eba_PFS" xml:lang="en" xlink:role="http://www.eba.europa.eu/xbrl/role/dpm-db-id">755</link:label>
    <link:labelArc xlink:type="arc" xlink:arcrole="http://www.xbrl.org/2003/arcrole/concept-label" xlink:from="loc_eba_PFS" xlink:to="label_eba_PFS" />
    <link:loc xlink:type="locator" xlink:href="dim.xsd#eba_FBS" xlink:label="loc_eba_FBS" />
    <link:label xlink:type="resource" xlink:label="label_eba_FBS" xml:lang="en" xlink:role="http://www.eba.europa.eu/xbrl/role/dpm-db-id">760</link:label>
    <link:labelArc xlink:type="arc" xlink:arcrole="http://www.xbrl.org/2003/arcrole/concept-label" xlink:from="loc_eba_FBS" xlink:to="label_eba_FBS" />
    <link:loc xlink:type="locator" xlink:href="dim.xsd#eba_CSC" xlink:label="loc_eba_CSC" />
    <link:label xlink:type="resource" xlink:label="label_eba_CSC" xml:lang="en" xlink:role="http://www.eba.europa.eu/xbrl/role/dpm-db-id">770</link:label>
    <link:labelArc xlink:type="arc" xlink:arcrole="http://www.xbrl.org/2003/arcrole/concept-label" xlink:from="loc_eba_CSC" xlink:to="label_eba_CSC" />
    <link:loc xlink:type="locator" xlink:href="dim.xsd#eba_CUS" xlink:label="loc_eba_CUS" />
    <link:label xlink:type="resource" xlink:label="label_eba_CUS" xml:lang="en" xlink:role="http://www.eba.europa.eu/xbrl/role/dpm-db-id">775</link:label>
    <link:labelArc xlink:type="arc" xlink:arcrole="http://www.xbrl.org/2003/arcrole/concept-label" xlink:from="loc_eba_CUS" xlink:to="label_eba_CUS" />
    <link:loc xlink:type="locator" xlink:href="dim.xsd#eba_CPZ" xlink:label="loc_eba_CPZ" />
    <link:label xlink:type="resource" xlink:label="label_eba_CPZ" xml:lang="en" xlink:role="http://www.eba.europa.eu/xbrl/role/dpm-db-id">780</link:label>
    <link:labelArc xlink:type="arc" xlink:arcrole="http://www.xbrl.org/2003/arcrole/concept-label" xlink:from="loc_eba_CPZ" xlink:to="label_eba_CPZ" />
    <link:loc xlink:type="locator" xlink:href="dim.xsd#eba_ACT" xlink:label="loc_eba_ACT" />
    <link:label xlink:type="resource" xlink:label="label_eba_ACT" xml:lang="en" xlink:role="http://www.eba.europa.eu/xbrl/role/dpm-db-id">790</link:label>
    <link:labelArc xlink:type="arc" xlink:arcrole="http://www.xbrl.org/2003/arcrole/concept-label" xlink:from="loc_eba_ACT" xlink:to="label_eba_ACT" />
    <link:loc xlink:type="locator" xlink:href="dim.xsd#eba_INC" xlink:label="loc_eba_INC" />
    <link:label xlink:type="resource" xlink:label="label_eba_INC" xml:lang="en" xlink:role="http://www.eba.europa.eu/xbrl/role/dpm-db-id">795</link:label>
    <link:labelArc xlink:type="arc" xlink:arcrole="http://www.xbrl.org/2003/arcrole/concept-label" xlink:from="loc_eba_INC" xlink:to="label_eba_INC" />
    <link:loc xlink:type="locator" xlink:href="dim.xsd#eba_GCC" xlink:label="loc_eba_GCC" />
    <link:label xlink:type="resource" xlink:label="label_eba_GCC" xml:lang="en" xlink:role="http://www.eba.europa.eu/xbrl/role/dpm-db-id">800</link:label>
    <link:labelArc xlink:type="arc" xlink:arcrole="http://www.xbrl.org/2003/arcrole/concept-label" xlink:from="loc_eba_GCC" xlink:to="label_eba_GCC" />
    <link:loc xlink:type="locator" xlink:href="dim.xsd#eba_AST" xlink:label="loc_eba_AST" />
    <link:label xlink:type="resource" xlink:label="label_eba_AST" xml:lang="en" xlink:role="http://www.eba.europa.eu/xbrl/role/dpm-db-id">805</link:label>
    <link:labelArc xlink:type="arc" xlink:arcrole="http://www.xbrl.org/2003/arcrole/concept-label" xlink:from="loc_eba_AST" xlink:to="label_eba_AST" />
    <link:loc xlink:type="locator" xlink:href="dim.xsd#eba_ORI" xlink:label="loc_eba_ORI" />
    <link:label xlink:type="resource" xlink:label="label_eba_ORI" xml:lang="en" xlink:role="http://www.eba.europa.eu/xbrl/role/dpm-db-id">810</link:label>
    <link:labelArc xlink:type="arc" xlink:arcrole="http://www.xbrl.org/2003/arcrole/concept-label" xlink:from="loc_eba_ORI" xlink:to="label_eba_ORI" />
    <link:loc xlink:type="locator" xlink:href="dim.xsd#eba_AGG" xlink:label="loc_eba_AGG" />
    <link:label xlink:type="resource" xlink:label="label_eba_AGG" xml:lang="en" xlink:role="http://www.eba.europa.eu/xbrl/role/dpm-db-id">815</link:label>
    <link:labelArc xlink:type="arc" xlink:arcrole="http://www.xbrl.org/2003/arcrole/concept-label" xlink:from="loc_eba_AGG" xlink:to="label_eba_AGG" />
    <link:loc xlink:type="locator" xlink:href="dim.xsd#eba_IMI" xlink:label="loc_eba_IMI" />
    <link:label xlink:type="resource" xlink:label="label_eba_IMI" xml:lang="en" xlink:role="http://www.eba.europa.eu/xbrl/role/dpm-db-id">820</link:label>
    <link:labelArc xlink:type="arc" xlink:arcrole="http://www.xbrl.org/2003/arcrole/concept-label" xlink:from="loc_eba_IMI" xlink:to="label_eba_IMI" />
    <link:loc xlink:type="locator" xlink:href="dim.xsd#eba_PBE" xlink:label="loc_eba_PBE" />
    <link:label xlink:type="resource" xlink:label="label_eba_PBE" xml:lang="en" xlink:role="http://www.eba.europa.eu/xbrl/role/dpm-db-id">825</link:label>
    <link:labelArc xlink:type="arc" xlink:arcrole="http://www.xbrl.org/2003/arcrole/concept-label" xlink:from="loc_eba_PBE" xlink:to="label_eba_PBE" />
    <link:loc xlink:type="locator" xlink:href="dim.xsd#eba_TBE" xlink:label="loc_eba_TBE" />
    <link:label xlink:type="resource" xlink:label="label_eba_TBE" xml:lang="en" xlink:role="http://www.eba.europa.eu/xbrl/role/dpm-db-id">830</link:label>
    <link:labelArc xlink:type="arc" xlink:arcrole="http://www.xbrl.org/2003/arcrole/concept-label" xlink:from="loc_eba_TBE" xlink:to="label_eba_TBE" />
    <link:loc xlink:type="locator" xlink:href="dim.xsd#eba_HYV" xlink:label="loc_eba_HYV" />
    <link:label xlink:type="resource" xlink:label="label_eba_HYV" xml:lang="en" xlink:role="http://www.eba.europa.eu/xbrl/role/dpm-db-id">835</link:label>
    <link:labelArc xlink:type="arc" xlink:arcrole="http://www.xbrl.org/2003/arcrole/concept-label" xlink:from="loc_eba_HYV" xlink:to="label_eba_HYV" />
    <link:loc xlink:type="locator" xlink:href="dim.xsd#eba_NED" xlink:label="loc_eba_NED" />
    <link:label xlink:type="resource" xlink:label="label_eba_NED" xml:lang="en" xlink:role="http://www.eba.europa.eu/xbrl/role/dpm-db-id">840</link:label>
    <link:labelArc xlink:type="arc" xlink:arcrole="http://www.xbrl.org/2003/arcrole/concept-label" xlink:from="loc_eba_NED" xlink:to="label_eba_NED" />
    <link:loc xlink:type="locator" xlink:href="dim.xsd#eba_IRN" xlink:label="loc_eba_IRN" />
    <link:label xlink:type="resource" xlink:label="label_eba_IRN" xml:lang="en" xlink:role="http://www.eba.europa.eu/xbrl/role/dpm-db-id">845</link:label>
    <link:labelArc xlink:type="arc" xlink:arcrole="http://www.xbrl.org/2003/arcrole/concept-label" xlink:from="loc_eba_IRN" xlink:to="label_eba_IRN" />
    <link:loc xlink:type="locator" xlink:href="dim.xsd#eba_CCA" xlink:label="loc_eba_CCA" />
    <link:label xlink:type="resource" xlink:label="label_eba_CCA" xml:lang="en" xlink:role="http://www.eba.europa.eu/xbrl/role/dpm-db-id">850</link:label>
    <link:labelArc xlink:type="arc" xlink:arcrole="http://www.xbrl.org/2003/arcrole/concept-label" xlink:from="loc_eba_CCA" xlink:to="label_eba_CCA" />
    <link:loc xlink:type="locator" xlink:href="dim.xsd#eba_CAL" xlink:label="loc_eba_CAL" />
    <link:label xlink:type="resource" xlink:label="label_eba_CAL" xml:lang="en" xlink:role="http://www.eba.europa.eu/xbrl/role/dpm-db-id">855</link:label>
    <link:labelArc xlink:type="arc" xlink:arcrole="http://www.xbrl.org/2003/arcrole/concept-label" xlink:from="loc_eba_CAL" xlink:to="label_eba_CAL" />
    <link:loc xlink:type="locator" xlink:href="dim.xsd#eba_RNI" xlink:label="loc_eba_RNI" />
    <link:label xlink:type="resource" xlink:label="label_eba_RNI" xml:lang="en" xlink:role="http://www.eba.europa.eu/xbrl/role/dpm-db-id">860</link:label>
    <link:labelArc xlink:type="arc" xlink:arcrole="http://www.xbrl.org/2003/arcrole/concept-label" xlink:from="loc_eba_RNI" xlink:to="label_eba_RNI" />
    <link:loc xlink:type="locator" xlink:href="dim.xsd#eba_SLC" xlink:label="loc_eba_SLC" />
    <link:label xlink:type="resource" xlink:label="label_eba_SLC" xml:lang="en" xlink:role="http://www.eba.europa.eu/xbrl/role/dpm-db-id">865</link:label>
    <link:labelArc xlink:type="arc" xlink:arcrole="http://www.xbrl.org/2003/arcrole/concept-label" xlink:from="loc_eba_SLC" xlink:to="label_eba_SLC" />
    <link:loc xlink:type="locator" xlink:href="dim.xsd#eba_SLG" xlink:label="loc_eba_SLG" />
    <link:label xlink:type="resource" xlink:label="label_eba_SLG" xml:lang="en" xlink:role="http://www.eba.europa.eu/xbrl/role/dpm-db-id">870</link:label>
    <link:labelArc xlink:type="arc" xlink:arcrole="http://www.xbrl.org/2003/arcrole/concept-label" xlink:from="loc_eba_SLG" xlink:to="label_eba_SLG" />
    <link:loc xlink:type="locator" xlink:href="dim.xsd#eba_RIO" xlink:label="loc_eba_RIO" />
    <link:label xlink:type="resource" xlink:label="label_eba_RIO" xml:lang="en" xlink:role="http://www.eba.europa.eu/xbrl/role/dpm-db-id">875</link:label>
    <link:labelArc xlink:type="arc" xlink:arcrole="http://www.xbrl.org/2003/arcrole/concept-label" xlink:from="loc_eba_RIO" xlink:to="label_eba_RIO" />
    <link:loc xlink:type="locator" xlink:href="dim.xsd#eba_TIS" xlink:label="loc_eba_TIS" />
    <link:label xlink:type="resource" xlink:label="label_eba_TIS" xml:lang="en" xlink:role="http://www.eba.europa.eu/xbrl/role/dpm-db-id">880</link:label>
    <link:labelArc xlink:type="arc" xlink:arcrole="http://www.xbrl.org/2003/arcrole/concept-label" xlink:from="loc_eba_TIS" xlink:to="label_eba_TIS" />
    <link:loc xlink:type="locator" xlink:href="dim.xsd#eba_FRS" xlink:label="loc_eba_FRS" />
    <link:label xlink:type="resource" xlink:label="label_eba_FRS" xml:lang="en" xlink:role="http://www.eba.europa.eu/xbrl/role/dpm-db-id">890</link:label>
    <link:labelArc xlink:type="arc" xlink:arcrole="http://www.xbrl.org/2003/arcrole/concept-label" xlink:from="loc_eba_FRS" xlink:to="label_eba_FRS" />
    <link:loc xlink:type="locator" xlink:href="dim.xsd#eba_TYH" xlink:label="loc_eba_TYH" />
    <link:label xlink:type="resource" xlink:label="label_eba_TYH" xml:lang="en" xlink:role="http://www.eba.europa.eu/xbrl/role/dpm-db-id">900</link:label>
    <link:labelArc xlink:type="arc" xlink:arcrole="http://www.xbrl.org/2003/arcrole/concept-label" xlink:from="loc_eba_TYH" xlink:to="label_eba_TYH" />
    <link:loc xlink:type="locator" xlink:href="dim.xsd#eba_MCH" xlink:label="loc_eba_MCH" />
    <link:label xlink:type="resource" xlink:label="label_eba_MCH" xml:lang="en" xlink:role="http://www.eba.europa.eu/xbrl/role/dpm-db-id">910</link:label>
    <link:labelArc xlink:type="arc" xlink:arcrole="http://www.xbrl.org/2003/arcrole/concept-label" xlink:from="loc_eba_MCH" xlink:to="label_eba_MCH" />
    <link:loc xlink:type="locator" xlink:href="dim.xsd#eba_MCA" xlink:label="loc_eba_MCA" />
    <link:label xlink:type="resource" xlink:label="label_eba_MCA" xml:lang="en" xlink:role="http://www.eba.europa.eu/xbrl/role/dpm-db-id">920</link:label>
    <link:labelArc xlink:type="arc" xlink:arcrole="http://www.xbrl.org/2003/arcrole/concept-label" xlink:from="loc_eba_MCA" xlink:to="label_eba_MCA" />
    <link:loc xlink:type="locator" xlink:href="dim.xsd#eba_PLD" xlink:label="loc_eba_PLD" />
    <link:label xlink:type="resource" xlink:label="label_eba_PLD" xml:lang="en" xlink:role="http://www.eba.europa.eu/xbrl/role/dpm-db-id">930</link:label>
    <link:labelArc xlink:type="arc" xlink:arcrole="http://www.xbrl.org/2003/arcrole/concept-label" xlink:from="loc_eba_PLD" xlink:to="label_eba_PLD" />
    <link:loc xlink:type="locator" xlink:href="dim.xsd#eba_MCB" xlink:label="loc_eba_MCB" />
    <link:label xlink:type="resource" xlink:label="label_eba_MCB" xml:lang="en" xlink:role="http://www.eba.europa.eu/xbrl/role/dpm-db-id">940</link:label>
    <link:labelArc xlink:type="arc" xlink:arcrole="http://www.xbrl.org/2003/arcrole/concept-label" xlink:from="loc_eba_MCB" xlink:to="label_eba_MCB" />
    <link:loc xlink:type="locator" xlink:href="dim.xsd#eba_MCF" xlink:label="loc_eba_MCF" />
    <link:label xlink:type="resource" xlink:label="label_eba_MCF" xml:lang="en" xlink:role="http://www.eba.europa.eu/xbrl/role/dpm-db-id">950</link:label>
    <link:labelArc xlink:type="arc" xlink:arcrole="http://www.xbrl.org/2003/arcrole/concept-label" xlink:from="loc_eba_MCF" xlink:to="label_eba_MCF" />
    <link:loc xlink:type="locator" xlink:href="dim.xsd#eba_OER" xlink:label="loc_eba_OER" />
    <link:label xlink:type="resource" xlink:label="label_eba_OER" xml:lang="en" xlink:role="http://www.eba.europa.eu/xbrl/role/dpm-db-id">185</link:label>
    <link:labelArc xlink:type="arc" xlink:arcrole="http://www.xbrl.org/2003/arcrole/concept-label" xlink:from="loc_eba_OER" xlink:to="label_eba_OER" />
    <link:loc xlink:type="locator" xlink:href="dim.xsd#eba_BMT" xlink:label="loc_eba_BMT" />
    <link:label xlink:type="resource" xlink:label="label_eba_BMT" xml:lang="en" xlink:role="http://www.eba.europa.eu/xbrl/role/dpm-db-id">210</link:label>
    <link:labelArc xlink:type="arc" xlink:arcrole="http://www.xbrl.org/2003/arcrole/concept-label" xlink:from="loc_eba_BMT" xlink:to="label_eba_BMT" />
    <link:loc xlink:type="locator" xlink:href="dim.xsd#eba_SOR" xlink:label="loc_eba_SOR" />
    <link:label xlink:type="resource" xlink:label="label_eba_SOR" xml:lang="en" xlink:role="http://www.eba.europa.eu/xbrl/role/dpm-db-id">466</link:label>
    <link:labelArc xlink:type="arc" xlink:arcrole="http://www.xbrl.org/2003/arcrole/concept-label" xlink:from="loc_eba_SOR" xlink:to="label_eba_SOR" />
    <link:loc xlink:type="locator" xlink:href="dim.xsd#eba_PUE" xlink:label="loc_eba_PUE" />
    <link:label xlink:type="resource" xlink:label="label_eba_PUE" xml:lang="en" xlink:role="http://www.eba.europa.eu/xbrl/role/dpm-db-id">521</link:label>
    <link:labelArc xlink:type="arc" xlink:arcrole="http://www.xbrl.org/2003/arcrole/concept-label" xlink:from="loc_eba_PUE" xlink:to="label_eba_PUE" />
    <link:loc xlink:type="locator" xlink:href="dim.xsd#eba_SLO" xlink:label="loc_eba_SLO" />
    <link:label xlink:type="resource" xlink:label="label_eba_SLO" xml:lang="en" xlink:role="http://www.eba.europa.eu/xbrl/role/dpm-db-id">625</link:label>
    <link:labelArc xlink:type="arc" xlink:arcrole="http://www.xbrl.org/2003/arcrole/concept-label" xlink:from="loc_eba_SLO" xlink:to="label_eba_SLO" />
    <link:loc xlink:type="locator" xlink:href="dim.xsd#eba_CSU" xlink:label="loc_eba_CSU" />
    <link:label xlink:type="resource" xlink:label="label_eba_CSU" xml:lang="en" xlink:role="http://www.eba.europa.eu/xbrl/role/dpm-db-id">785</link:label>
    <link:labelArc xlink:type="arc" xlink:arcrole="http://www.xbrl.org/2003/arcrole/concept-label" xlink:from="loc_eba_CSU" xlink:to="label_eba_CSU" />
    <link:loc xlink:type="locator" xlink:href="dim.xsd#eba_PLS" xlink:label="loc_eba_PLS" />
    <link:label xlink:type="resource" xlink:label="label_eba_PLS" xml:lang="en" xlink:role="http://www.eba.europa.eu/xbrl/role/dpm-db-id">935</link:label>
    <link:labelArc xlink:type="arc" xlink:arcrole="http://www.xbrl.org/2003/arcrole/concept-label" xlink:from="loc_eba_PLS" xlink:to="label_eba_PLS" />
    <link:loc xlink:type="locator" xlink:href="dim.xsd#eba_MCX" xlink:label="loc_eba_MCX" />
    <link:label xlink:type="resource" xlink:label="label_eba_MCX" xml:lang="en" xlink:role="http://www.eba.europa.eu/xbrl/role/dpm-db-id">945</link:label>
    <link:labelArc xlink:type="arc" xlink:arcrole="http://www.xbrl.org/2003/arcrole/concept-label" xlink:from="loc_eba_MCX" xlink:to="label_eba_MCX" />
    <link:loc xlink:type="locator" xlink:href="dim.xsd#eba_VPO" xlink:label="loc_eba_VPO" />
    <link:label xlink:type="resource" xlink:label="label_eba_VPO" xml:lang="en" xlink:role="http://www.eba.europa.eu/xbrl/role/dpm-db-id">955</link:label>
    <link:labelArc xlink:type="arc" xlink:arcrole="http://www.xbrl.org/2003/arcrole/concept-label" xlink:from="loc_eba_VPO" xlink:to="label_eba_VPO" />
    <link:loc xlink:type="locator" xlink:href="dim.xsd#eba_COM" xlink:label="loc_eba_COM" />
    <link:label xlink:type="resource" xlink:label="label_eba_COM" xml:lang="en" xlink:role="http://www.eba.europa.eu/xbrl/role/dpm-db-id">175</link:label>
    <link:labelArc xlink:type="arc" xlink:arcrole="http://www.xbrl.org/2003/arcrole/concept-label" xlink:from="loc_eba_COM" xlink:to="label_eba_COM" />
    <link:loc xlink:type="locator" xlink:href="dim.xsd#eba_ISS" xlink:label="loc_eba_ISS" />
    <link:label xlink:type="resource" xlink:label="label_eba_ISS" xml:lang="en" xlink:role="http://www.eba.europa.eu/xbrl/role/dpm-db-id">190</link:label>
    <link:labelArc xlink:type="arc" xlink:arcrole="http://www.xbrl.org/2003/arcrole/concept-label" xlink:from="loc_eba_ISS" xlink:to="label_eba_ISS" />
    <link:loc xlink:type="locator" xlink:href="dim.xsd#eba_ICG" xlink:label="loc_eba_ICG" />
    <link:label xlink:type="resource" xlink:label="label_eba_ICG" xml:lang="en" xlink:role="http://www.eba.europa.eu/xbrl/role/dpm-db-id">195</link:label>
    <link:labelArc xlink:type="arc" xlink:arcrole="http://www.xbrl.org/2003/arcrole/concept-label" xlink:from="loc_eba_ICG" xlink:to="label_eba_ICG" />
    <link:loc xlink:type="locator" xlink:href="dim.xsd#eba_PCS" xlink:label="loc_eba_PCS" />
    <link:label xlink:type="resource" xlink:label="label_eba_PCS" xml:lang="en" xlink:role="http://www.eba.europa.eu/xbrl/role/dpm-db-id">200</link:label>
    <link:labelArc xlink:type="arc" xlink:arcrole="http://www.xbrl.org/2003/arcrole/concept-label" xlink:from="loc_eba_PCS" xlink:to="label_eba_PCS" />
    <link:loc xlink:type="locator" xlink:href="dim.xsd#eba_ECF" xlink:label="loc_eba_ECF" />
    <link:label xlink:type="resource" xlink:label="label_eba_ECF" xml:lang="en" xlink:role="http://www.eba.europa.eu/xbrl/role/dpm-db-id">215</link:label>
    <link:labelArc xlink:type="arc" xlink:arcrole="http://www.xbrl.org/2003/arcrole/concept-label" xlink:from="loc_eba_ECF" xlink:to="label_eba_ECF" />
    <link:loc xlink:type="locator" xlink:href="dim.xsd#eba_BLJ" xlink:label="loc_eba_BLJ" />
    <link:label xlink:type="resource" xlink:label="label_eba_BLJ" xml:lang="en" xlink:role="http://www.eba.europa.eu/xbrl/role/dpm-db-id">226</link:label>
    <link:labelArc xlink:type="arc" xlink:arcrole="http://www.xbrl.org/2003/arcrole/concept-label" xlink:from="loc_eba_BLJ" xlink:to="label_eba_BLJ" />
    <link:loc xlink:type="locator" xlink:href="dim.xsd#eba_BLK" xlink:label="loc_eba_BLK" />
    <link:label xlink:type="resource" xlink:label="label_eba_BLK" xml:lang="en" xlink:role="http://www.eba.europa.eu/xbrl/role/dpm-db-id">227</link:label>
    <link:labelArc xlink:type="arc" xlink:arcrole="http://www.xbrl.org/2003/arcrole/concept-label" xlink:from="loc_eba_BLK" xlink:to="label_eba_BLK" />
    <link:loc xlink:type="locator" xlink:href="dim.xsd#eba_CRI" xlink:label="loc_eba_CRI" />
    <link:label xlink:type="resource" xlink:label="label_eba_CRI" xml:lang="en" xlink:role="http://www.eba.europa.eu/xbrl/role/dpm-db-id">228</link:label>
    <link:labelArc xlink:type="arc" xlink:arcrole="http://www.xbrl.org/2003/arcrole/concept-label" xlink:from="loc_eba_CRI" xlink:to="label_eba_CRI" />
    <link:loc xlink:type="locator" xlink:href="dim.xsd#eba_CRJ" xlink:label="loc_eba_CRJ" />
    <link:label xlink:type="resource" xlink:label="label_eba_CRJ" xml:lang="en" xlink:role="http://www.eba.europa.eu/xbrl/role/dpm-db-id">229</link:label>
    <link:labelArc xlink:type="arc" xlink:arcrole="http://www.xbrl.org/2003/arcrole/concept-label" xlink:from="loc_eba_CRJ" xlink:to="label_eba_CRJ" />
    <link:loc xlink:type="locator" xlink:href="dim.xsd#eba_CRK" xlink:label="loc_eba_CRK" />
    <link:label xlink:type="resource" xlink:label="label_eba_CRK" xml:lang="en" xlink:role="http://www.eba.europa.eu/xbrl/role/dpm-db-id">231</link:label>
    <link:labelArc xlink:type="arc" xlink:arcrole="http://www.xbrl.org/2003/arcrole/concept-label" xlink:from="loc_eba_CRK" xlink:to="label_eba_CRK" />
    <link:loc xlink:type="locator" xlink:href="dim.xsd#eba_CRL" xlink:label="loc_eba_CRL" />
    <link:label xlink:type="resource" xlink:label="label_eba_CRL" xml:lang="en" xlink:role="http://www.eba.europa.eu/xbrl/role/dpm-db-id">232</link:label>
    <link:labelArc xlink:type="arc" xlink:arcrole="http://www.xbrl.org/2003/arcrole/concept-label" xlink:from="loc_eba_CRL" xlink:to="label_eba_CRL" />
    <link:loc xlink:type="locator" xlink:href="dim.xsd#eba_MCJ" xlink:label="loc_eba_MCJ" />
    <link:label xlink:type="resource" xlink:label="label_eba_MCJ" xml:lang="en" xlink:role="http://www.eba.europa.eu/xbrl/role/dpm-db-id">245</link:label>
    <link:labelArc xlink:type="arc" xlink:arcrole="http://www.xbrl.org/2003/arcrole/concept-label" xlink:from="loc_eba_MCJ" xlink:to="label_eba_MCJ" />
    <link:loc xlink:type="locator" xlink:href="dim.xsd#eba_CPW" xlink:label="loc_eba_CPW" />
    <link:label xlink:type="resource" xlink:label="label_eba_CPW" xml:lang="en" xlink:role="http://www.eba.europa.eu/xbrl/role/dpm-db-id">261</link:label>
    <link:labelArc xlink:type="arc" xlink:arcrole="http://www.xbrl.org/2003/arcrole/concept-label" xlink:from="loc_eba_CPW" xlink:to="label_eba_CPW" />
    <link:loc xlink:type="locator" xlink:href="dim.xsd#eba_MCK" xlink:label="loc_eba_MCK" />
    <link:label xlink:type="resource" xlink:label="label_eba_MCK" xml:lang="en" xlink:role="http://www.eba.europa.eu/xbrl/role/dpm-db-id">265</link:label>
    <link:labelArc xlink:type="arc" xlink:arcrole="http://www.xbrl.org/2003/arcrole/concept-label" xlink:from="loc_eba_MCK" xlink:to="label_eba_MCK" />
    <link:loc xlink:type="locator" xlink:href="dim.xsd#eba_CIG" xlink:label="loc_eba_CIG" />
    <link:label xlink:type="resource" xlink:label="label_eba_CIG" xml:lang="en" xlink:role="http://www.eba.europa.eu/xbrl/role/dpm-db-id">285</link:label>
    <link:labelArc xlink:type="arc" xlink:arcrole="http://www.xbrl.org/2003/arcrole/concept-label" xlink:from="loc_eba_CIG" xlink:to="label_eba_CIG" />
    <link:loc xlink:type="locator" xlink:href="dim.xsd#eba_BTI" xlink:label="loc_eba_BTI" />
    <link:label xlink:type="resource" xlink:label="label_eba_BTI" xml:lang="en" xlink:role="http://www.eba.europa.eu/xbrl/role/dpm-db-id">325</link:label>
    <link:labelArc xlink:type="arc" xlink:arcrole="http://www.xbrl.org/2003/arcrole/concept-label" xlink:from="loc_eba_BTI" xlink:to="label_eba_BTI" />
    <link:loc xlink:type="locator" xlink:href="dim.xsd#eba_AFK" xlink:label="loc_eba_AFK" />
    <link:label xlink:type="resource" xlink:label="label_eba_AFK" xml:lang="en" xlink:role="http://www.eba.europa.eu/xbrl/role/dpm-db-id">395</link:label>
    <link:labelArc xlink:type="arc" xlink:arcrole="http://www.xbrl.org/2003/arcrole/concept-label" xlink:from="loc_eba_AFK" xlink:to="label_eba_AFK" />
    <link:loc xlink:type="locator" xlink:href="dim.xsd#eba_IDL" xlink:label="loc_eba_IDL" />
    <link:label xlink:type="resource" xlink:label="label_eba_IDL" xml:lang="en" xlink:role="http://www.eba.europa.eu/xbrl/role/dpm-db-id">400</link:label>
    <link:labelArc xlink:type="arc" xlink:arcrole="http://www.xbrl.org/2003/arcrole/concept-label" xlink:from="loc_eba_IDL" xlink:to="label_eba_IDL" />
    <link:loc xlink:type="locator" xlink:href="dim.xsd#eba_IDM" xlink:label="loc_eba_IDM" />
    <link:label xlink:type="resource" xlink:label="label_eba_IDM" xml:lang="en" xlink:role="http://www.eba.europa.eu/xbrl/role/dpm-db-id">401</link:label>
    <link:labelArc xlink:type="arc" xlink:arcrole="http://www.xbrl.org/2003/arcrole/concept-label" xlink:from="loc_eba_IDM" xlink:to="label_eba_IDM" />
    <link:loc xlink:type="locator" xlink:href="dim.xsd#eba_IDN" xlink:label="loc_eba_IDN" />
    <link:label xlink:type="resource" xlink:label="label_eba_IDN" xml:lang="en" xlink:role="http://www.eba.europa.eu/xbrl/role/dpm-db-id">402</link:label>
    <link:labelArc xlink:type="arc" xlink:arcrole="http://www.xbrl.org/2003/arcrole/concept-label" xlink:from="loc_eba_IDN" xlink:to="label_eba_IDN" />
    <link:loc xlink:type="locator" xlink:href="dim.xsd#eba_IDO" xlink:label="loc_eba_IDO" />
    <link:label xlink:type="resource" xlink:label="label_eba_IDO" xml:lang="en" xlink:role="http://www.eba.europa.eu/xbrl/role/dpm-db-id">403</link:label>
    <link:labelArc xlink:type="arc" xlink:arcrole="http://www.xbrl.org/2003/arcrole/concept-label" xlink:from="loc_eba_IDO" xlink:to="label_eba_IDO" />
    <link:loc xlink:type="locator" xlink:href="dim.xsd#eba_IDP" xlink:label="loc_eba_IDP" />
    <link:label xlink:type="resource" xlink:label="label_eba_IDP" xml:lang="en" xlink:role="http://www.eba.europa.eu/xbrl/role/dpm-db-id">404</link:label>
    <link:labelArc xlink:type="arc" xlink:arcrole="http://www.xbrl.org/2003/arcrole/concept-label" xlink:from="loc_eba_IDP" xlink:to="label_eba_IDP" />
    <link:loc xlink:type="locator" xlink:href="dim.xsd#eba_IDQ" xlink:label="loc_eba_IDQ" />
    <link:label xlink:type="resource" xlink:label="label_eba_IDQ" xml:lang="en" xlink:role="http://www.eba.europa.eu/xbrl/role/dpm-db-id">406</link:label>
    <link:labelArc xlink:type="arc" xlink:arcrole="http://www.xbrl.org/2003/arcrole/concept-label" xlink:from="loc_eba_IDQ" xlink:to="label_eba_IDQ" />
    <link:loc xlink:type="locator" xlink:href="dim.xsd#eba_IDR" xlink:label="loc_eba_IDR" />
    <link:label xlink:type="resource" xlink:label="label_eba_IDR" xml:lang="en" xlink:role="http://www.eba.europa.eu/xbrl/role/dpm-db-id">407</link:label>
    <link:labelArc xlink:type="arc" xlink:arcrole="http://www.xbrl.org/2003/arcrole/concept-label" xlink:from="loc_eba_IDR" xlink:to="label_eba_IDR" />
    <link:loc xlink:type="locator" xlink:href="dim.xsd#eba_IDS" xlink:label="loc_eba_IDS" />
    <link:label xlink:type="resource" xlink:label="label_eba_IDS" xml:lang="en" xlink:role="http://www.eba.europa.eu/xbrl/role/dpm-db-id">408</link:label>
    <link:labelArc xlink:type="arc" xlink:arcrole="http://www.xbrl.org/2003/arcrole/concept-label" xlink:from="loc_eba_IDS" xlink:to="label_eba_IDS" />
    <link:loc xlink:type="locator" xlink:href="dim.xsd#eba_LEG" xlink:label="loc_eba_LEG" />
    <link:label xlink:type="resource" xlink:label="label_eba_LEG" xml:lang="en" xlink:role="http://www.eba.europa.eu/xbrl/role/dpm-db-id">409</link:label>
    <link:labelArc xlink:type="arc" xlink:arcrole="http://www.xbrl.org/2003/arcrole/concept-label" xlink:from="loc_eba_LEG" xlink:to="label_eba_LEG" />
    <link:loc xlink:type="locator" xlink:href="dim.xsd#eba_LEH" xlink:label="loc_eba_LEH" />
    <link:label xlink:type="resource" xlink:label="label_eba_LEH" xml:lang="en" xlink:role="http://www.eba.europa.eu/xbrl/role/dpm-db-id">411</link:label>
    <link:labelArc xlink:type="arc" xlink:arcrole="http://www.xbrl.org/2003/arcrole/concept-label" xlink:from="loc_eba_LEH" xlink:to="label_eba_LEH" />
    <link:loc xlink:type="locator" xlink:href="dim.xsd#eba_LEJ" xlink:label="loc_eba_LEJ" />
    <link:label xlink:type="resource" xlink:label="label_eba_LEJ" xml:lang="en" xlink:role="http://www.eba.europa.eu/xbrl/role/dpm-db-id">412</link:label>
    <link:labelArc xlink:type="arc" xlink:arcrole="http://www.xbrl.org/2003/arcrole/concept-label" xlink:from="loc_eba_LEJ" xlink:to="label_eba_LEJ" />
    <link:loc xlink:type="locator" xlink:href="dim.xsd#eba_LEK" xlink:label="loc_eba_LEK" />
    <link:label xlink:type="resource" xlink:label="label_eba_LEK" xml:lang="en" xlink:role="http://www.eba.europa.eu/xbrl/role/dpm-db-id">413</link:label>
    <link:labelArc xlink:type="arc" xlink:arcrole="http://www.xbrl.org/2003/arcrole/concept-label" xlink:from="loc_eba_LEK" xlink:to="label_eba_LEK" />
    <link:loc xlink:type="locator" xlink:href="dim.xsd#eba_LEL" xlink:label="loc_eba_LEL" />
    <link:label xlink:type="resource" xlink:label="label_eba_LEL" xml:lang="en" xlink:role="http://www.eba.europa.eu/xbrl/role/dpm-db-id">414</link:label>
    <link:labelArc xlink:type="arc" xlink:arcrole="http://www.xbrl.org/2003/arcrole/concept-label" xlink:from="loc_eba_LEL" xlink:to="label_eba_LEL" />
    <link:loc xlink:type="locator" xlink:href="dim.xsd#eba_LEM" xlink:label="loc_eba_LEM" />
    <link:label xlink:type="resource" xlink:label="label_eba_LEM" xml:lang="en" xlink:role="http://www.eba.europa.eu/xbrl/role/dpm-db-id">416</link:label>
    <link:labelArc xlink:type="arc" xlink:arcrole="http://www.xbrl.org/2003/arcrole/concept-label" xlink:from="loc_eba_LEM" xlink:to="label_eba_LEM" />
    <link:loc xlink:type="locator" xlink:href="dim.xsd#eba_GXI" xlink:label="loc_eba_GXI" />
    <link:label xlink:type="resource" xlink:label="label_eba_GXI" xml:lang="en" xlink:role="http://www.eba.europa.eu/xbrl/role/dpm-db-id">463</link:label>
    <link:labelArc xlink:type="arc" xlink:arcrole="http://www.xbrl.org/2003/arcrole/concept-label" xlink:from="loc_eba_GXI" xlink:to="label_eba_GXI" />
    <link:loc xlink:type="locator" xlink:href="dim.xsd#eba_INF" xlink:label="loc_eba_INF" />
    <link:label xlink:type="resource" xlink:label="label_eba_INF" xml:lang="en" xlink:role="http://www.eba.europa.eu/xbrl/role/dpm-db-id">467</link:label>
    <link:labelArc xlink:type="arc" xlink:arcrole="http://www.xbrl.org/2003/arcrole/concept-label" xlink:from="loc_eba_INF" xlink:to="label_eba_INF" />
    <link:loc xlink:type="locator" xlink:href="dim.xsd#eba_LCF" xlink:label="loc_eba_LCF" />
    <link:label xlink:type="resource" xlink:label="label_eba_LCF" xml:lang="en" xlink:role="http://www.eba.europa.eu/xbrl/role/dpm-db-id">536</link:label>
    <link:labelArc xlink:type="arc" xlink:arcrole="http://www.xbrl.org/2003/arcrole/concept-label" xlink:from="loc_eba_LCF" xlink:to="label_eba_LCF" />
    <link:loc xlink:type="locator" xlink:href="dim.xsd#eba_CRF" xlink:label="loc_eba_CRF" />
    <link:label xlink:type="resource" xlink:label="label_eba_CRF" xml:lang="en" xlink:role="http://www.eba.europa.eu/xbrl/role/dpm-db-id">537</link:label>
    <link:labelArc xlink:type="arc" xlink:arcrole="http://www.xbrl.org/2003/arcrole/concept-label" xlink:from="loc_eba_CRF" xlink:to="label_eba_CRF" />
    <link:loc xlink:type="locator" xlink:href="dim.xsd#eba_GFC" xlink:label="loc_eba_GFC" />
    <link:label xlink:type="resource" xlink:label="label_eba_GFC" xml:lang="en" xlink:role="http://www.eba.europa.eu/xbrl/role/dpm-db-id">538</link:label>
    <link:labelArc xlink:type="arc" xlink:arcrole="http://www.xbrl.org/2003/arcrole/concept-label" xlink:from="loc_eba_GFC" xlink:to="label_eba_GFC" />
    <link:loc xlink:type="locator" xlink:href="dim.xsd#eba_FMI" xlink:label="loc_eba_FMI" />
    <link:label xlink:type="resource" xlink:label="label_eba_FMI" xml:lang="en" xlink:role="http://www.eba.europa.eu/xbrl/role/dpm-db-id">539</link:label>
    <link:labelArc xlink:type="arc" xlink:arcrole="http://www.xbrl.org/2003/arcrole/concept-label" xlink:from="loc_eba_FMI" xlink:to="label_eba_FMI" />
    <link:loc xlink:type="locator" xlink:href="dim.xsd#eba_SFM" xlink:label="loc_eba_SFM" />
    <link:label xlink:type="resource" xlink:label="label_eba_SFM" xml:lang="en" xlink:role="http://www.eba.europa.eu/xbrl/role/dpm-db-id">541</link:label>
    <link:labelArc xlink:type="arc" xlink:arcrole="http://www.xbrl.org/2003/arcrole/concept-label" xlink:from="loc_eba_SFM" xlink:to="label_eba_SFM" />
    <link:loc xlink:type="locator" xlink:href="dim.xsd#eba_SPR" xlink:label="loc_eba_SPR" />
    <link:label xlink:type="resource" xlink:label="label_eba_SPR" xml:lang="en" xlink:role="http://www.eba.europa.eu/xbrl/role/dpm-db-id">542</link:label>
    <link:labelArc xlink:type="arc" xlink:arcrole="http://www.xbrl.org/2003/arcrole/concept-label" xlink:from="loc_eba_SPR" xlink:to="label_eba_SPR" />
    <link:loc xlink:type="locator" xlink:href="dim.xsd#eba_IDT" xlink:label="loc_eba_IDT" />
    <link:label xlink:type="resource" xlink:label="label_eba_IDT" xml:lang="en" xlink:role="http://www.eba.europa.eu/xbrl/role/dpm-db-id">543</link:label>
    <link:labelArc xlink:type="arc" xlink:arcrole="http://www.xbrl.org/2003/arcrole/concept-label" xlink:from="loc_eba_IDT" xlink:to="label_eba_IDT" />
    <link:loc xlink:type="locator" xlink:href="dim.xsd#eba_RAN" xlink:label="loc_eba_RAN" />
    <link:label xlink:type="resource" xlink:label="label_eba_RAN" xml:lang="en" xlink:role="http://www.eba.europa.eu/xbrl/role/dpm-db-id">575</link:label>
    <link:labelArc xlink:type="arc" xlink:arcrole="http://www.xbrl.org/2003/arcrole/concept-label" xlink:from="loc_eba_RAN" xlink:to="label_eba_RAN" />
    <link:loc xlink:type="locator" xlink:href="dim.xsd#eba_CRE" xlink:label="loc_eba_CRE" />
    <link:label xlink:type="resource" xlink:label="label_eba_CRE" xml:lang="en" xlink:role="http://www.eba.europa.eu/xbrl/role/dpm-db-id">635</link:label>
    <link:labelArc xlink:type="arc" xlink:arcrole="http://www.xbrl.org/2003/arcrole/concept-label" xlink:from="loc_eba_CRE" xlink:to="label_eba_CRE" />
    <link:loc xlink:type="locator" xlink:href="dim.xsd#eba_CRG" xlink:label="loc_eba_CRG" />
    <link:label xlink:type="resource" xlink:label="label_eba_CRG" xml:lang="en" xlink:role="http://www.eba.europa.eu/xbrl/role/dpm-db-id">636</link:label>
    <link:labelArc xlink:type="arc" xlink:arcrole="http://www.xbrl.org/2003/arcrole/concept-label" xlink:from="loc_eba_CRG" xlink:to="label_eba_CRG" />
    <link:loc xlink:type="locator" xlink:href="dim.xsd#eba_CRH" xlink:label="loc_eba_CRH" />
    <link:label xlink:type="resource" xlink:label="label_eba_CRH" xml:lang="en" xlink:role="http://www.eba.europa.eu/xbrl/role/dpm-db-id">646</link:label>
    <link:labelArc xlink:type="arc" xlink:arcrole="http://www.xbrl.org/2003/arcrole/concept-label" xlink:from="loc_eba_CRH" xlink:to="label_eba_CRH" />
    <link:loc xlink:type="locator" xlink:href="dim.xsd#eba_LCG" xlink:label="loc_eba_LCG" />
    <link:label xlink:type="resource" xlink:label="label_eba_LCG" xml:lang="en" xlink:role="http://www.eba.europa.eu/xbrl/role/dpm-db-id">647</link:label>
    <link:labelArc xlink:type="arc" xlink:arcrole="http://www.xbrl.org/2003/arcrole/concept-label" xlink:from="loc_eba_LCG" xlink:to="label_eba_LCG" />
    <link:loc xlink:type="locator" xlink:href="dim.xsd#eba_LCH" xlink:label="loc_eba_LCH" />
    <link:label xlink:type="resource" xlink:label="label_eba_LCH" xml:lang="en" xlink:role="http://www.eba.europa.eu/xbrl/role/dpm-db-id">648</link:label>
    <link:labelArc xlink:type="arc" xlink:arcrole="http://www.xbrl.org/2003/arcrole/concept-label" xlink:from="loc_eba_LCH" xlink:to="label_eba_LCH" />
    <link:loc xlink:type="locator" xlink:href="dim.xsd#eba_LCI" xlink:label="loc_eba_LCI" />
    <link:label xlink:type="resource" xlink:label="label_eba_LCI" xml:lang="en" xlink:role="http://www.eba.europa.eu/xbrl/role/dpm-db-id">649</link:label>
    <link:labelArc xlink:type="arc" xlink:arcrole="http://www.xbrl.org/2003/arcrole/concept-label" xlink:from="loc_eba_LCI" xlink:to="label_eba_LCI" />
    <link:loc xlink:type="locator" xlink:href="dim.xsd#eba_LCK" xlink:label="loc_eba_LCK" />
    <link:label xlink:type="resource" xlink:label="label_eba_LCK" xml:lang="en" xlink:role="http://www.eba.europa.eu/xbrl/role/dpm-db-id">671</link:label>
    <link:labelArc xlink:type="arc" xlink:arcrole="http://www.xbrl.org/2003/arcrole/concept-label" xlink:from="loc_eba_LCK" xlink:to="label_eba_LCK" />
    <link:loc xlink:type="locator" xlink:href="dim.xsd#eba_LCL" xlink:label="loc_eba_LCL" />
    <link:label xlink:type="resource" xlink:label="label_eba_LCL" xml:lang="en" xlink:role="http://www.eba.europa.eu/xbrl/role/dpm-db-id">672</link:label>
    <link:labelArc xlink:type="arc" xlink:arcrole="http://www.xbrl.org/2003/arcrole/concept-label" xlink:from="loc_eba_LCL" xlink:to="label_eba_LCL" />
    <link:loc xlink:type="locator" xlink:href="dim.xsd#eba_TCV" xlink:label="loc_eba_TCV" />
    <link:label xlink:type="resource" xlink:label="label_eba_TCV" xml:lang="en" xlink:role="http://www.eba.europa.eu/xbrl/role/dpm-db-id">680</link:label>
    <link:labelArc xlink:type="arc" xlink:arcrole="http://www.xbrl.org/2003/arcrole/concept-label" xlink:from="loc_eba_TCV" xlink:to="label_eba_TCV" />
    <link:loc xlink:type="locator" xlink:href="dim.xsd#eba_NAT" xlink:label="loc_eba_NAT" />
    <link:label xlink:type="resource" xlink:label="label_eba_NAT" xml:lang="en" xlink:role="http://www.eba.europa.eu/xbrl/role/dpm-db-id">685</link:label>
    <link:labelArc xlink:type="arc" xlink:arcrole="http://www.xbrl.org/2003/arcrole/concept-label" xlink:from="loc_eba_NAT" xlink:to="label_eba_NAT" />
    <link:loc xlink:type="locator" xlink:href="dim.xsd#eba_ISR" xlink:label="loc_eba_ISR" />
    <link:label xlink:type="resource" xlink:label="label_eba_ISR" xml:lang="en" xlink:role="http://www.eba.europa.eu/xbrl/role/dpm-db-id">831</link:label>
    <link:labelArc xlink:type="arc" xlink:arcrole="http://www.xbrl.org/2003/arcrole/concept-label" xlink:from="loc_eba_ISR" xlink:to="label_eba_ISR" />
    <link:loc xlink:type="locator" xlink:href="dim.xsd#eba_IST" xlink:label="loc_eba_IST" />
    <link:label xlink:type="resource" xlink:label="label_eba_IST" xml:lang="en" xlink:role="http://www.eba.europa.eu/xbrl/role/dpm-db-id">832</link:label>
    <link:labelArc xlink:type="arc" xlink:arcrole="http://www.xbrl.org/2003/arcrole/concept-label" xlink:from="loc_eba_IST" xlink:to="label_eba_IST" />
    <link:loc xlink:type="locator" xlink:href="dim.xsd#eba_TSR" xlink:label="loc_eba_TSR" />
    <link:label xlink:type="resource" xlink:label="label_eba_TSR" xml:lang="en" xlink:role="http://www.eba.europa.eu/xbrl/role/dpm-db-id">833</link:label>
    <link:labelArc xlink:type="arc" xlink:arcrole="http://www.xbrl.org/2003/arcrole/concept-label" xlink:from="loc_eba_TSR" xlink:to="label_eba_TSR" />
    <link:loc xlink:type="locator" xlink:href="dim.xsd#eba_SEL" xlink:label="loc_eba_SEL" />
    <link:label xlink:type="resource" xlink:label="label_eba_SEL" xml:lang="en" xlink:role="http://www.eba.europa.eu/xbrl/role/dpm-db-id">885</link:label>
    <link:labelArc xlink:type="arc" xlink:arcrole="http://www.xbrl.org/2003/arcrole/concept-label" xlink:from="loc_eba_SEL" xlink:to="label_eba_SEL" />
    <link:loc xlink:type="locator" xlink:href="dim.xsd#eba_CIR" xlink:label="loc_eba_CIR" />
    <link:label xlink:type="resource" xlink:label="label_eba_CIR" xml:lang="en" xlink:role="http://www.eba.europa.eu/xbrl/role/dpm-db-id">895</link:label>
    <link:labelArc xlink:type="arc" xlink:arcrole="http://www.xbrl.org/2003/arcrole/concept-label" xlink:from="loc_eba_CIR" xlink:to="label_eba_CIR" />
    <link:loc xlink:type="locator" xlink:href="dim.xsd#eba_AVA" xlink:label="loc_eba_AVA" />
    <link:label xlink:type="resource" xlink:label="label_eba_AVA" xml:lang="en" xlink:role="http://www.eba.europa.eu/xbrl/role/dpm-db-id">905</link:label>
    <link:labelArc xlink:type="arc" xlink:arcrole="http://www.xbrl.org/2003/arcrole/concept-label" xlink:from="loc_eba_AVA" xlink:to="label_eba_AVA" />
    <link:loc xlink:type="locator" xlink:href="dim.xsd#eba_ROL" xlink:label="loc_eba_ROL" />
    <link:label xlink:type="resource" xlink:label="label_eba_ROL" xml:lang="en" xlink:role="http://www.eba.europa.eu/xbrl/role/dpm-db-id">925</link:label>
    <link:labelArc xlink:type="arc" xlink:arcrole="http://www.xbrl.org/2003/arcrole/concept-label" xlink:from="loc_eba_ROL" xlink:to="label_eba_ROL" />
    <link:loc xlink:type="locator" xlink:href="dim.xsd#eba_SVE" xlink:label="loc_eba_SVE" />
    <link:label xlink:type="resource" xlink:label="label_eba_SVE" xml:lang="en" xlink:role="http://www.eba.europa.eu/xbrl/role/dpm-db-id">926</link:label>
    <link:labelArc xlink:type="arc" xlink:arcrole="http://www.xbrl.org/2003/arcrole/concept-label" xlink:from="loc_eba_SVE" xlink:to="label_eba_SVE" />
    <link:loc xlink:type="locator" xlink:href="dim.xsd#eba_MCZ" xlink:label="loc_eba_MCZ" />
    <link:label xlink:type="resource" xlink:label="label_eba_MCZ" xml:lang="en" xlink:role="http://www.eba.europa.eu/xbrl/role/dpm-db-id">960</link:label>
    <link:labelArc xlink:type="arc" xlink:arcrole="http://www.xbrl.org/2003/arcrole/concept-label" xlink:from="loc_eba_MCZ" xlink:to="label_eba_MCZ" />
    <link:loc xlink:type="locator" xlink:href="dim.xsd#eba_MCR" xlink:label="loc_eba_MCR" />
    <link:label xlink:type="resource" xlink:label="label_eba_MCR" xml:lang="en" xlink:role="http://www.eba.europa.eu/xbrl/role/dpm-db-id">965</link:label>
    <link:labelArc xlink:type="arc" xlink:arcrole="http://www.xbrl.org/2003/arcrole/concept-label" xlink:from="loc_eba_MCR" xlink:to="label_eba_MCR" />
    <link:loc xlink:type="locator" xlink:href="dim.xsd#eba_VDF" xlink:label="loc_eba_VDF" />
    <link:label xlink:type="resource" xlink:label="label_eba_VDF" xml:lang="en" xlink:role="http://www.eba.europa.eu/xbrl/role/dpm-db-id">970</link:label>
    <link:labelArc xlink:type="arc" xlink:arcrole="http://www.xbrl.org/2003/arcrole/concept-label" xlink:from="loc_eba_VDF" xlink:to="label_eba_VDF" />
    <link:loc xlink:type="locator" xlink:href="dim.xsd#eba_MRE" xlink:label="loc_eba_MRE" />
    <link:label xlink:type="resource" xlink:label="label_eba_MRE" xml:lang="en" xlink:role="http://www.eba.europa.eu/xbrl/role/dpm-db-id">975</link:label>
    <link:labelArc xlink:type="arc" xlink:arcrole="http://www.xbrl.org/2003/arcrole/concept-label" xlink:from="loc_eba_MRE" xlink:to="label_eba_MRE" />
    <link:loc xlink:type="locator" xlink:href="dim.xsd#eba_EDG" xlink:label="loc_eba_EDG" />
    <link:label xlink:type="resource" xlink:label="label_eba_EDG" xml:lang="en" xlink:role="http://www.eba.europa.eu/xbrl/role/dpm-db-id">980</link:label>
    <link:labelArc xlink:type="arc" xlink:arcrole="http://www.xbrl.org/2003/arcrole/concept-label" xlink:from="loc_eba_EDG" xlink:to="label_eba_EDG" />
    <link:loc xlink:type="locator" xlink:href="dim.xsd#eba_BLP" xlink:label="loc_eba_BLP" />
    <link:label xlink:type="resource" xlink:label="label_eba_BLP" xml:lang="en" xlink:role="http://www.eba.europa.eu/xbrl/role/dpm-db-id">985</link:label>
    <link:labelArc xlink:type="arc" xlink:arcrole="http://www.xbrl.org/2003/arcrole/concept-label" xlink:from="loc_eba_BLP" xlink:to="label_eba_BLP" />
    <link:loc xlink:type="locator" xlink:href="dim.xsd#eba_BLR" xlink:label="loc_eba_BLR" />
    <link:label xlink:type="resource" xlink:label="label_eba_BLR" xml:lang="en" xlink:role="http://www.eba.europa.eu/xbrl/role/dpm-db-id">986</link:label>
    <link:labelArc xlink:type="arc" xlink:arcrole="http://www.xbrl.org/2003/arcrole/concept-label" xlink:from="loc_eba_BLR" xlink:to="label_eba_BLR" />
    <link:loc xlink:type="locator" xlink:href="dim.xsd#eba_CTL" xlink:label="loc_eba_CTL" />
    <link:label xlink:type="resource" xlink:label="label_eba_CTL" xml:lang="en" xlink:role="http://www.eba.europa.eu/xbrl/role/dpm-db-id">990</link:label>
    <link:labelArc xlink:type="arc" xlink:arcrole="http://www.xbrl.org/2003/arcrole/concept-label" xlink:from="loc_eba_CTL" xlink:to="label_eba_CTL" />
    <link:loc xlink:type="locator" xlink:href="dim.xsd#eba_RAC" xlink:label="loc_eba_RAC" />
    <link:label xlink:type="resource" xlink:label="label_eba_RAC" xml:lang="en" xlink:role="http://www.eba.europa.eu/xbrl/role/dpm-db-id">576</link:label>
    <link:labelArc xlink:type="arc" xlink:arcrole="http://www.xbrl.org/2003/arcrole/concept-label" xlink:from="loc_eba_RAC" xlink:to="label_eba_RAC" />
    <link:loc xlink:type="locator" xlink:href="dim.xsd#eba_APE" xlink:label="loc_eba_APE" />
    <link:label xlink:type="resource" xlink:label="label_eba_APE" xml:lang="en" xlink:role="http://www.eba.europa.eu/xbrl/role/dpm-db-id">131</link:label>
    <link:labelArc xlink:type="arc" xlink:arcrole="http://www.xbrl.org/2003/arcrole/concept-label" xlink:from="loc_eba_APE" xlink:to="label_eba_APE" />
    <link:loc xlink:type="locator" xlink:href="dim.xsd#eba_LEN" xlink:label="loc_eba_LEN" />
    <link:label xlink:type="resource" xlink:label="label_eba_LEN" xml:lang="en" xlink:role="http://www.eba.europa.eu/xbrl/role/dpm-db-id">417</link:label>
    <link:labelArc xlink:type="arc" xlink:arcrole="http://www.xbrl.org/2003/arcrole/concept-label" xlink:from="loc_eba_LEN" xlink:to="label_eba_LEN" />
    <link:loc xlink:type="locator" xlink:href="dim.xsd#eba_IDV" xlink:label="loc_eba_IDV" />
    <link:label xlink:type="resource" xlink:label="label_eba_IDV" xml:lang="en" xlink:role="http://www.eba.europa.eu/xbrl/role/dpm-db-id">418</link:label>
    <link:labelArc xlink:type="arc" xlink:arcrole="http://www.xbrl.org/2003/arcrole/concept-label" xlink:from="loc_eba_IDV" xlink:to="label_eba_IDV" />
    <link:loc xlink:type="locator" xlink:href="dim.xsd#eba_IFM" xlink:label="loc_eba_IFM" />
    <link:label xlink:type="resource" xlink:label="label_eba_IFM" xml:lang="en" xlink:role="http://www.eba.europa.eu/xbrl/role/dpm-db-id">546</link:label>
    <link:labelArc xlink:type="arc" xlink:arcrole="http://www.xbrl.org/2003/arcrole/concept-label" xlink:from="loc_eba_IFM" xlink:to="label_eba_IFM" />
    <link:loc xlink:type="locator" xlink:href="dim.xsd#eba_IDF" xlink:label="loc_eba_IDF" />
    <link:label xlink:type="resource" xlink:label="label_eba_IDF" xml:lang="en" xlink:role="http://www.eba.europa.eu/xbrl/role/dpm-db-id">547</link:label>
    <link:labelArc xlink:type="arc" xlink:arcrole="http://www.xbrl.org/2003/arcrole/concept-label" xlink:from="loc_eba_IDF" xlink:to="label_eba_IDF" />
    <link:loc xlink:type="locator" xlink:href="dim.xsd#eba_CUA" xlink:label="loc_eba_CUA" />
    <link:label xlink:type="resource" xlink:label="label_eba_CUA" xml:lang="en" xlink:role="http://www.eba.europa.eu/xbrl/role/dpm-db-id">548</link:label>
    <link:labelArc xlink:type="arc" xlink:arcrole="http://www.xbrl.org/2003/arcrole/concept-label" xlink:from="loc_eba_CUA" xlink:to="label_eba_CUA" />
    <link:loc xlink:type="locator" xlink:href="dim.xsd#eba_TAN" xlink:label="loc_eba_TAN" />
    <link:label xlink:type="resource" xlink:label="label_eba_TAN" xml:lang="en" xlink:role="http://www.eba.europa.eu/xbrl/role/dpm-db-id">549</link:label>
    <link:labelArc xlink:type="arc" xlink:arcrole="http://www.xbrl.org/2003/arcrole/concept-label" xlink:from="loc_eba_TAN" xlink:to="label_eba_TAN" />
    <link:loc xlink:type="locator" xlink:href="dim.xsd#eba_CCP" xlink:label="loc_eba_CCP" />
    <link:label xlink:type="resource" xlink:label="label_eba_CCP" xml:lang="en" xlink:role="http://www.eba.europa.eu/xbrl/role/dpm-db-id">551</link:label>
    <link:labelArc xlink:type="arc" xlink:arcrole="http://www.xbrl.org/2003/arcrole/concept-label" xlink:from="loc_eba_CCP" xlink:to="label_eba_CCP" />
    <link:loc xlink:type="locator" xlink:href="dim.xsd#eba_MCV" xlink:label="loc_eba_MCV" />
    <link:label xlink:type="resource" xlink:label="label_eba_MCV" xml:lang="en" xlink:role="http://www.eba.europa.eu/xbrl/role/dpm-db-id">676</link:label>
    <link:labelArc xlink:type="arc" xlink:arcrole="http://www.xbrl.org/2003/arcrole/concept-label" xlink:from="loc_eba_MCV" xlink:to="label_eba_MCV" />
    <link:loc xlink:type="locator" xlink:href="dim.xsd#eba_LTG" xlink:label="loc_eba_LTG" />
    <link:label xlink:type="resource" xlink:label="label_eba_LTG" xml:lang="en" xlink:role="http://www.eba.europa.eu/xbrl/role/dpm-db-id">761</link:label>
    <link:labelArc xlink:type="arc" xlink:arcrole="http://www.xbrl.org/2003/arcrole/concept-label" xlink:from="loc_eba_LTG" xlink:to="label_eba_LTG" />
    <link:loc xlink:type="locator" xlink:href="dim.xsd#eba_TSS" xlink:label="loc_eba_TSS" />
    <link:label xlink:type="resource" xlink:label="label_eba_TSS" xml:lang="en" xlink:role="http://www.eba.europa.eu/xbrl/role/dpm-db-id">834</link:label>
    <link:labelArc xlink:type="arc" xlink:arcrole="http://www.xbrl.org/2003/arcrole/concept-label" xlink:from="loc_eba_TSS" xlink:to="label_eba_TSS" />
    <link:loc xlink:type="locator" xlink:href="dim.xsd#eba_BLL" xlink:label="loc_eba_BLL" />
    <link:label xlink:type="resource" xlink:label="label_eba_BLL" xml:lang="en" xlink:role="http://www.eba.europa.eu/xbrl/role/dpm-db-id">836</link:label>
    <link:labelArc xlink:type="arc" xlink:arcrole="http://www.xbrl.org/2003/arcrole/concept-label" xlink:from="loc_eba_BLL" xlink:to="label_eba_BLL" />
    <link:loc xlink:type="locator" xlink:href="dim.xsd#eba_NPE" xlink:label="loc_eba_NPE" />
    <link:label xlink:type="resource" xlink:label="label_eba_NPE" xml:lang="en" xlink:role="http://www.eba.europa.eu/xbrl/role/dpm-db-id">881</link:label>
    <link:labelArc xlink:type="arc" xlink:arcrole="http://www.xbrl.org/2003/arcrole/concept-label" xlink:from="loc_eba_NPE" xlink:to="label_eba_NPE" />
    <link:loc xlink:type="locator" xlink:href="dim.xsd#eba_TIE" xlink:label="loc_eba_TIE" />
    <link:label xlink:type="resource" xlink:label="label_eba_TIE" xml:lang="en" xlink:role="http://www.eba.europa.eu/xbrl/role/dpm-db-id">882</link:label>
    <link:labelArc xlink:type="arc" xlink:arcrole="http://www.xbrl.org/2003/arcrole/concept-label" xlink:from="loc_eba_TIE" xlink:to="label_eba_TIE" />
    <link:loc xlink:type="locator" xlink:href="dim.xsd#eba_PIR" xlink:label="loc_eba_PIR" />
    <link:label xlink:type="resource" xlink:label="label_eba_PIR" xml:lang="en" xlink:role="http://www.eba.europa.eu/xbrl/role/dpm-db-id">883</link:label>
    <link:labelArc xlink:type="arc" xlink:arcrole="http://www.xbrl.org/2003/arcrole/concept-label" xlink:from="loc_eba_PIR" xlink:to="label_eba_PIR" />
    <link:loc xlink:type="locator" xlink:href="dim.xsd#eba_POV" xlink:label="loc_eba_POV" />
    <link:label xlink:type="resource" xlink:label="label_eba_POV" xml:lang="en" xlink:role="http://www.eba.europa.eu/xbrl/role/dpm-db-id">884</link:label>
    <link:labelArc xlink:type="arc" xlink:arcrole="http://www.xbrl.org/2003/arcrole/concept-label" xlink:from="loc_eba_POV" xlink:to="label_eba_POV" />
    <link:loc xlink:type="locator" xlink:href="dim.xsd#eba_PAF" xlink:label="loc_eba_PAF" />
    <link:label xlink:type="resource" xlink:label="label_eba_PAF" xml:lang="en" xlink:role="http://www.eba.europa.eu/xbrl/role/dpm-db-id">886</link:label>
    <link:labelArc xlink:type="arc" xlink:arcrole="http://www.xbrl.org/2003/arcrole/concept-label" xlink:from="loc_eba_PAF" xlink:to="label_eba_PAF" />
    <link:loc xlink:type="locator" xlink:href="dim.xsd#eba_TFM" xlink:label="loc_eba_TFM" />
    <link:label xlink:type="resource" xlink:label="label_eba_TFM" xml:lang="en" xlink:role="http://www.eba.europa.eu/xbrl/role/dpm-db-id">887</link:label>
    <link:labelArc xlink:type="arc" xlink:arcrole="http://www.xbrl.org/2003/arcrole/concept-label" xlink:from="loc_eba_TFM" xlink:to="label_eba_TFM" />
    <link:loc xlink:type="locator" xlink:href="dim.xsd#eba_TSA" xlink:label="loc_eba_TSA" />
    <link:label xlink:type="resource" xlink:label="label_eba_TSA" xml:lang="en" xlink:role="http://www.eba.europa.eu/xbrl/role/dpm-db-id">888</link:label>
    <link:labelArc xlink:type="arc" xlink:arcrole="http://www.xbrl.org/2003/arcrole/concept-label" xlink:from="loc_eba_TSA" xlink:to="label_eba_TSA" />
    <link:loc xlink:type="locator" xlink:href="dim.xsd#eba_TRE" xlink:label="loc_eba_TRE" />
    <link:label xlink:type="resource" xlink:label="label_eba_TRE" xml:lang="en" xlink:role="http://www.eba.europa.eu/xbrl/role/dpm-db-id">889</link:label>
    <link:labelArc xlink:type="arc" xlink:arcrole="http://www.xbrl.org/2003/arcrole/concept-label" xlink:from="loc_eba_TRE" xlink:to="label_eba_TRE" />
    <link:loc xlink:type="locator" xlink:href="dim.xsd#eba_CCI" xlink:label="loc_eba_CCI" />
    <link:label xlink:type="resource" xlink:label="label_eba_CCI" xml:lang="en" xlink:role="http://www.eba.europa.eu/xbrl/role/dpm-db-id">892</link:label>
    <link:labelArc xlink:type="arc" xlink:arcrole="http://www.xbrl.org/2003/arcrole/concept-label" xlink:from="loc_eba_CCI" xlink:to="label_eba_CCI" />
    <link:loc xlink:type="locator" xlink:href="dim.xsd#eba_FMS" xlink:label="loc_eba_FMS" />
    <link:label xlink:type="resource" xlink:label="label_eba_FMS" xml:lang="en" xlink:role="http://www.eba.europa.eu/xbrl/role/dpm-db-id">893</link:label>
    <link:labelArc xlink:type="arc" xlink:arcrole="http://www.xbrl.org/2003/arcrole/concept-label" xlink:from="loc_eba_FMS" xlink:to="label_eba_FMS" />
    <link:loc xlink:type="locator" xlink:href="dim.xsd#eba_FLW" xlink:label="loc_eba_FLW" />
    <link:label xlink:type="resource" xlink:label="label_eba_FLW" xml:lang="en" xlink:role="http://www.eba.europa.eu/xbrl/role/dpm-db-id">987</link:label>
    <link:labelArc xlink:type="arc" xlink:arcrole="http://www.xbrl.org/2003/arcrole/concept-label" xlink:from="loc_eba_FLW" xlink:to="label_eba_FLW" />
    <link:loc xlink:type="locator" xlink:href="dim.xsd#eba_FLT" xlink:label="loc_eba_FLT" />
    <link:label xlink:type="resource" xlink:label="label_eba_FLT" xml:lang="en" xlink:role="http://www.eba.europa.eu/xbrl/role/dpm-db-id">988</link:label>
    <link:labelArc xlink:type="arc" xlink:arcrole="http://www.xbrl.org/2003/arcrole/concept-label" xlink:from="loc_eba_FLT" xlink:to="label_eba_FLT" />
  </link:labelLink>
</link:linkbase>