<ns0:linkbase xmlns:ns0="http://www.xbrl.org/2003/linkbase" xmlns:ns2="http://www.w3.org/1999/xlink" xmlns:ns3="http://xbrl.org/2005/xbrldt" xmlns:xsi="http://www.w3.org/2001/XMLSchema-instance" xsi:schemaLocation="http://www.xbrl.org/2003/linkbase http://www.xbrl.org/2003/xbrl-linkbase-2003-12-31.xsd">
    <ns0:arcroleRef arcroleURI="http://xbrl.org/int/dim/arcrole/dimension-domain" ns2:href="http://www.xbrl.org/2005/xbrldt-2005.xsd#dimension-domain" ns2:type="simple" />
    <ns0:arcroleRef arcroleURI="http://xbrl.org/int/dim/arcrole/dimension-default" ns2:href="http://www.xbrl.org/2005/xbrldt-2005.xsd#dimension-default" ns2:type="simple" />
    <ns0:arcroleRef arcroleURI="http://xbrl.org/int/dim/arcrole/hypercube-dimension" ns2:href="http://www.xbrl.org/2005/xbrldt-2005.xsd#hypercube-dimension" ns2:type="simple" />
    <ns0:roleRef roleURI="http://ferc.gov/form/2020-01-01/roles/Schedule/F1F/Identification" ns2:href="form-1F-sched-Identification_2020-01-01.xsd#roleType_Identification" ns2:type="simple" />
    <ns0:arcroleRef arcroleURI="http://xbrl.org/int/dim/arcrole/all" ns2:href="http://www.xbrl.org/2005/xbrldt-2005.xsd#all" ns2:type="simple" />
    <ns0:arcroleRef arcroleURI="http://xbrl.org/int/dim/arcrole/domain-member" ns2:href="http://www.xbrl.org/2005/xbrldt-2005.xsd#domain-member" ns2:type="simple" />
    <ns0:definitionLink ns2:role="http://ferc.gov/form/2020-01-01/roles/Schedule/F1F/Identification" ns2:type="extended">
        <ns0:loc ns2:href="../../ferc-core_2020-01-01.xsd#ferc_ScheduleIdentificationAbstract" ns2:label="ferc_ScheduleIdentificationAbstract" ns2:type="locator" />
        <ns0:loc ns2:href="../../ferc-core_2020-01-01.xsd#ferc_IdentificationLineItems" ns2:label="ferc_IdentificationLineItems" ns2:type="locator" />
        <ns0:definitionArc order="1" ns2:arcrole="http://xbrl.org/int/dim/arcrole/domain-member" ns2:from="ferc_ScheduleIdentificationAbstract" ns2:to="ferc_IdentificationLineItems" ns2:type="arc" />
        <ns0:loc ns2:href="../../ferc-core_2020-01-01.xsd#ferc_IdentificationTable" ns2:label="ferc_IdentificationTable" ns2:type="locator" />
        <ns0:definitionArc order="1" ns2:arcrole="http://xbrl.org/int/dim/arcrole/all" ns2:from="ferc_IdentificationLineItems" ns2:to="ferc_IdentificationTable" ns2:type="arc" ns3:closed="true" ns3:contextElement="segment" />
        <ns0:loc ns2:href="../../ferc-core_2020-01-01.xsd#ferc_FormType" ns2:label="ferc_FormType" ns2:type="locator" />
        <ns0:definitionArc order="2" ns2:arcrole="http://xbrl.org/int/dim/arcrole/domain-member" ns2:from="ferc_IdentificationLineItems" ns2:to="ferc_FormType" ns2:type="arc" />
        <ns0:loc ns2:href="../../ferc-core_2020-01-01.xsd#ferc_RespondentLegalName" ns2:label="ferc_RespondentLegalName" ns2:type="locator" />
        <ns0:definitionArc order="3" ns2:arcrole="http://xbrl.org/int/dim/arcrole/domain-member" ns2:from="ferc_IdentificationLineItems" ns2:to="ferc_RespondentLegalName" ns2:type="arc" />
        <ns0:loc ns2:href="../../ferc-core_2020-01-01.xsd#ferc_ReportYear" ns2:label="ferc_ReportYear" ns2:type="locator" />
        <ns0:definitionArc order="4" ns2:arcrole="http://xbrl.org/int/dim/arcrole/domain-member" ns2:from="ferc_IdentificationLineItems" ns2:to="ferc_ReportYear" ns2:type="arc" />
        <ns0:loc ns2:href="../../ferc-core_2020-01-01.xsd#ferc_ReportPeriod" ns2:label="ferc_ReportPeriod" ns2:type="locator" />
        <ns0:definitionArc order="5" ns2:arcrole="http://xbrl.org/int/dim/arcrole/domain-member" ns2:from="ferc_IdentificationLineItems" ns2:to="ferc_ReportPeriod" ns2:type="arc" />
        <ns0:loc ns2:href="../../ferc-core_2020-01-01.xsd#ferc_PreviousNameAndDateOfChangeAbstract" ns2:label="ferc_PreviousNameAndDateOfChangeAbstract" ns2:type="locator" />
        <ns0:definitionArc order="6" ns2:arcrole="http://xbrl.org/int/dim/arcrole/domain-member" ns2:from="ferc_IdentificationLineItems" ns2:to="ferc_PreviousNameAndDateOfChangeAbstract" ns2:type="arc" />
        <ns0:loc ns2:href="../../ferc-core_2020-01-01.xsd#ferc_PreviousName" ns2:label="ferc_PreviousName" ns2:type="locator" />
        <ns0:definitionArc order="1" ns2:arcrole="http://xbrl.org/int/dim/arcrole/domain-member" ns2:from="ferc_PreviousNameAndDateOfChangeAbstract" ns2:to="ferc_PreviousName" ns2:type="arc" />
        <ns0:loc ns2:href="../../ferc-core_2020-01-01.xsd#ferc_NameChangeDate" ns2:label="ferc_NameChangeDate" ns2:type="locator" />
        <ns0:definitionArc order="2" ns2:arcrole="http://xbrl.org/int/dim/arcrole/domain-member" ns2:from="ferc_PreviousNameAndDateOfChangeAbstract" ns2:to="ferc_NameChangeDate" ns2:type="arc" />
        <ns0:loc ns2:href="../../ferc-core_2020-01-01.xsd#ferc_CompanyIdentifier" ns2:label="ferc_CompanyIdentifier" ns2:type="locator" />
        <ns0:definitionArc order="3" ns2:arcrole="http://xbrl.org/int/dim/arcrole/domain-member" ns2:from="ferc_PreviousNameAndDateOfChangeAbstract" ns2:to="ferc_CompanyIdentifier" ns2:type="arc" />
        <ns0:loc ns2:href="../../ferc-core_2020-01-01.xsd#ferc_LegalEntityIdentifier" ns2:label="ferc_LegalEntityIdentifier" ns2:type="locator" />
        <ns0:definitionArc order="4" ns2:arcrole="http://xbrl.org/int/dim/arcrole/domain-member" ns2:from="ferc_PreviousNameAndDateOfChangeAbstract" ns2:to="ferc_LegalEntityIdentifier" ns2:type="arc" />
        <ns0:loc ns2:href="../../ferc-core_2020-01-01.xsd#ferc_AddressOfPrincipalOfficeAtEndOfPeriod" ns2:label="ferc_AddressOfPrincipalOfficeAtEndOfPeriod" ns2:type="locator" />
        <ns0:definitionArc order="7" ns2:arcrole="http://xbrl.org/int/dim/arcrole/domain-member" ns2:from="ferc_IdentificationLineItems" ns2:to="ferc_AddressOfPrincipalOfficeAtEndOfPeriod" ns2:type="arc" />
        <ns0:loc ns2:href="../../ferc-core_2020-01-01.xsd#ferc_NameOfContactPerson" ns2:label="ferc_NameOfContactPerson" ns2:type="locator" />
        <ns0:definitionArc order="8" ns2:arcrole="http://xbrl.org/int/dim/arcrole/domain-member" ns2:from="ferc_IdentificationLineItems" ns2:to="ferc_NameOfContactPerson" ns2:type="arc" />
        <ns0:loc ns2:href="../../ferc-core_2020-01-01.xsd#ferc_TitleOfContactPerson" ns2:label="ferc_TitleOfContactPerson" ns2:type="locator" />
        <ns0:definitionArc order="9" ns2:arcrole="http://xbrl.org/int/dim/arcrole/domain-member" ns2:from="ferc_IdentificationLineItems" ns2:to="ferc_TitleOfContactPerson" ns2:type="arc" />
        <ns0:loc ns2:href="../../ferc-core_2020-01-01.xsd#ferc_AddressOfContactPerson" ns2:label="ferc_AddressOfContactPerson" ns2:type="locator" />
        <ns0:definitionArc order="10" ns2:arcrole="http://xbrl.org/int/dim/arcrole/domain-member" ns2:from="ferc_IdentificationLineItems" ns2:to="ferc_AddressOfContactPerson" ns2:type="arc" />
        <ns0:loc ns2:href="../../ferc-core_2020-01-01.xsd#ferc_TelephoneOfContactPerson" ns2:label="ferc_TelephoneOfContactPerson" ns2:type="locator" />
        <ns0:definitionArc order="11" ns2:arcrole="http://xbrl.org/int/dim/arcrole/domain-member" ns2:from="ferc_IdentificationLineItems" ns2:to="ferc_TelephoneOfContactPerson" ns2:type="arc" />
        <ns0:loc ns2:href="../../ferc-core_2020-01-01.xsd#ferc_SubmissionType" ns2:label="ferc_SubmissionType" ns2:type="locator" />
        <ns0:definitionArc order="12" ns2:arcrole="http://xbrl.org/int/dim/arcrole/domain-member" ns2:from="ferc_IdentificationLineItems" ns2:to="ferc_SubmissionType" ns2:type="arc" />
        <ns0:loc ns2:href="../../ferc-core_2020-01-01.xsd#ferc_ReportDate" ns2:label="ferc_ReportDate" ns2:type="locator" />
        <ns0:definitionArc order="13" ns2:arcrole="http://xbrl.org/int/dim/arcrole/domain-member" ns2:from="ferc_IdentificationLineItems" ns2:to="ferc_ReportDate" ns2:type="arc" />
        <ns0:loc ns2:href="../../ferc-core_2020-01-01.xsd#ferc_NameOfOfficerWithCustodyOfCorporateBooks" ns2:label="ferc_NameOfOfficerWithCustodyOfCorporateBooks" ns2:type="locator" />
        <ns0:definitionArc order="14" ns2:arcrole="http://xbrl.org/int/dim/arcrole/domain-member" ns2:from="ferc_IdentificationLineItems" ns2:to="ferc_NameOfOfficerWithCustodyOfCorporateBooks" ns2:type="arc" />
        <ns0:loc ns2:href="../../ferc-core_2020-01-01.xsd#ferc_OfficerTitle" ns2:label="ferc_OfficerTitle" ns2:type="locator" />
        <ns0:definitionArc order="15" ns2:arcrole="http://xbrl.org/int/dim/arcrole/domain-member" ns2:from="ferc_IdentificationLineItems" ns2:to="ferc_OfficerTitle" ns2:type="arc" />
        <ns0:loc ns2:href="../../ferc-core_2020-01-01.xsd#ferc_AddressWhereCorporateBooksAreKept" ns2:label="ferc_AddressWhereCorporateBooksAreKept" ns2:type="locator" />
        <ns0:definitionArc order="16" ns2:arcrole="http://xbrl.org/int/dim/arcrole/domain-member" ns2:from="ferc_IdentificationLineItems" ns2:to="ferc_AddressWhereCorporateBooksAreKept" ns2:type="arc" />
        <ns0:loc ns2:href="../../ferc-core_2020-01-01.xsd#ferc_StateOfIncorporation" ns2:label="ferc_StateOfIncorporation" ns2:type="locator" />
        <ns0:definitionArc order="17" ns2:arcrole="http://xbrl.org/int/dim/arcrole/domain-member" ns2:from="ferc_IdentificationLineItems" ns2:to="ferc_StateOfIncorporation" ns2:type="arc" />
        <ns0:loc ns2:href="../../ferc-core_2020-01-01.xsd#ferc_IncorporationDate" ns2:label="ferc_IncorporationDate" ns2:type="locator" />
        <ns0:definitionArc order="18" ns2:arcrole="http://xbrl.org/int/dim/arcrole/domain-member" ns2:from="ferc_IdentificationLineItems" ns2:to="ferc_IncorporationDate" ns2:type="arc" />
        <ns0:loc ns2:href="../../ferc-core_2020-01-01.xsd#ferc_IncorporatedUnderSpecialLawFlag" ns2:label="ferc_IncorporatedUnderSpecialLawFlag" ns2:type="locator" />
        <ns0:definitionArc order="19" ns2:arcrole="http://xbrl.org/int/dim/arcrole/domain-member" ns2:from="ferc_IdentificationLineItems" ns2:to="ferc_IncorporatedUnderSpecialLawFlag" ns2:type="arc" />
        <ns0:loc ns2:href="../../ferc-core_2020-01-01.xsd#ferc_SpecialLawRespondentIncorporatedUnder" ns2:label="ferc_SpecialLawRespondentIncorporatedUnder" ns2:type="locator" />
        <ns0:definitionArc order="20" ns2:arcrole="http://xbrl.org/int/dim/arcrole/domain-member" ns2:from="ferc_IdentificationLineItems" ns2:to="ferc_SpecialLawRespondentIncorporatedUnder" ns2:type="arc" />
        <ns0:loc ns2:href="../../ferc-core_2020-01-01.xsd#ferc_MannerAndExtentOfCorporateControl" ns2:label="ferc_MannerAndExtentOfCorporateControl" ns2:type="locator" />
        <ns0:definitionArc order="21" ns2:arcrole="http://xbrl.org/int/dim/arcrole/domain-member" ns2:from="ferc_IdentificationLineItems" ns2:to="ferc_MannerAndExtentOfCorporateControl" ns2:type="arc" />
    </ns0:definitionLink>
    <ns0:definitionLink ns2:role="http://ferc.gov/form/2020-01-01/roles/Schedule/F1F/Identification" ns2:type="extended" />
</ns0:linkbase>