﻿<?xml version="1.0" encoding="utf-8"?>
<!--© DNB-->
<link:linkbase xmlns:xsi="http://www.w3.org/2001/XMLSchema-instance" xmlns:xlink="http://www.w3.org/1999/xlink" xmlns:link="http://www.xbrl.org/2003/linkbase" xsi:schemaLocation="http://www.xbrl.org/2003/linkbase http://www.xbrl.org/2003/xbrl-linkbase-2003-12-31.xsd">
  <link:labelLink xlink:type="extended" xlink:role="http://www.xbrl.org/2003/role/link">
    <link:loc xlink:type="locator" xlink:href="mem.xsd#dnb_mem000" xlink:label="loc_dnb_mem000" />
    <link:label xlink:type="resource" xlink:label="label_dnb_mem000" xml:lang="nl" xlink:role="http://www.xbrl.org/2003/role/label">Niet van toepassing / Alle of Totaal</link:label>
    <link:labelArc xlink:type="arc" xlink:arcrole="http://www.xbrl.org/2003/arcrole/concept-label" xlink:from="loc_dnb_mem000" xlink:to="label_dnb_mem000" />
    <link:label xlink:type="resource" xlink:label="label_dnb_mem000_2" xml:lang="nl" xlink:role="http://www.xbrl.org/2003/role/documentation">Niet van toepassing / Alle of Totaal</link:label>
    <link:labelArc xlink:type="arc" xlink:arcrole="http://www.xbrl.org/2003/arcrole/concept-label" xlink:from="loc_dnb_mem000" xlink:to="label_dnb_mem000_2" />
    <link:loc xlink:type="locator" xlink:href="mem.xsd#dnb_mem001" xlink:label="loc_dnb_mem001" />
    <link:label xlink:type="resource" xlink:label="label_dnb_mem001" xml:lang="nl" xlink:role="http://www.xbrl.org/2003/role/label">Interne kosten</link:label>
    <link:labelArc xlink:type="arc" xlink:arcrole="http://www.xbrl.org/2003/arcrole/concept-label" xlink:from="loc_dnb_mem001" xlink:to="label_dnb_mem001" />
    <link:label xlink:type="resource" xlink:label="label_dnb_mem001_2" xml:lang="nl" xlink:role="http://www.xbrl.org/2003/role/documentation">Interne kosten</link:label>
    <link:labelArc xlink:type="arc" xlink:arcrole="http://www.xbrl.org/2003/arcrole/concept-label" xlink:from="loc_dnb_mem001" xlink:to="label_dnb_mem001_2" />
    <link:loc xlink:type="locator" xlink:href="mem.xsd#dnb_mem002" xlink:label="loc_dnb_mem002" />
    <link:label xlink:type="resource" xlink:label="label_dnb_mem002" xml:lang="nl" xlink:role="http://www.xbrl.org/2003/role/label">Inkoop bij derden</link:label>
    <link:labelArc xlink:type="arc" xlink:arcrole="http://www.xbrl.org/2003/arcrole/concept-label" xlink:from="loc_dnb_mem002" xlink:to="label_dnb_mem002" />
    <link:label xlink:type="resource" xlink:label="label_dnb_mem002_2" xml:lang="nl" xlink:role="http://www.xbrl.org/2003/role/documentation">Inkoop bij derden</link:label>
    <link:labelArc xlink:type="arc" xlink:arcrole="http://www.xbrl.org/2003/arcrole/concept-label" xlink:from="loc_dnb_mem002" xlink:to="label_dnb_mem002_2" />
    <link:loc xlink:type="locator" xlink:href="mem.xsd#dnb_mem003" xlink:label="loc_dnb_mem003" />
    <link:label xlink:type="resource" xlink:label="label_dnb_mem003" xml:lang="nl" xlink:role="http://www.xbrl.org/2003/role/label">Kosten vermogensbeheer gerelateerd aan beleggingen</link:label>
    <link:labelArc xlink:type="arc" xlink:arcrole="http://www.xbrl.org/2003/arcrole/concept-label" xlink:from="loc_dnb_mem003" xlink:to="label_dnb_mem003" />
    <link:label xlink:type="resource" xlink:label="label_dnb_mem003_2" xml:lang="nl" xlink:role="http://www.xbrl.org/2003/role/documentation">Kosten vermogensbeheer gerelateerd aan beleggingen</link:label>
    <link:labelArc xlink:type="arc" xlink:arcrole="http://www.xbrl.org/2003/arcrole/concept-label" xlink:from="loc_dnb_mem003" xlink:to="label_dnb_mem003_2" />
    <link:loc xlink:type="locator" xlink:href="mem.xsd#dnb_mem004" xlink:label="loc_dnb_mem004" />
    <link:label xlink:type="resource" xlink:label="label_dnb_mem004" xml:lang="nl" xlink:role="http://www.xbrl.org/2003/role/label">Overige vermogensbeheerkosten, kosten vermogensbeheer en bestuursbureau</link:label>
    <link:labelArc xlink:type="arc" xlink:arcrole="http://www.xbrl.org/2003/arcrole/concept-label" xlink:from="loc_dnb_mem004" xlink:to="label_dnb_mem004" />
    <link:label xlink:type="resource" xlink:label="label_dnb_mem004_2" xml:lang="nl" xlink:role="http://www.xbrl.org/2003/role/documentation">Overige vermogensbeheerkosten, kosten vermogensbeheer en bestuursbureau</link:label>
    <link:labelArc xlink:type="arc" xlink:arcrole="http://www.xbrl.org/2003/arcrole/concept-label" xlink:from="loc_dnb_mem004" xlink:to="label_dnb_mem004_2" />
    <link:loc xlink:type="locator" xlink:href="mem.xsd#dnb_mem005" xlink:label="loc_dnb_mem005" />
    <link:label xlink:type="resource" xlink:label="label_dnb_mem005" xml:lang="nl" xlink:role="http://www.xbrl.org/2003/role/label">Overige vermogensbeheerkosten, kosten fiduciair beheer</link:label>
    <link:labelArc xlink:type="arc" xlink:arcrole="http://www.xbrl.org/2003/arcrole/concept-label" xlink:from="loc_dnb_mem005" xlink:to="label_dnb_mem005" />
    <link:label xlink:type="resource" xlink:label="label_dnb_mem005_2" xml:lang="nl" xlink:role="http://www.xbrl.org/2003/role/documentation">Overige vermogensbeheerkosten, kosten fiduciair beheer</link:label>
    <link:labelArc xlink:type="arc" xlink:arcrole="http://www.xbrl.org/2003/arcrole/concept-label" xlink:from="loc_dnb_mem005" xlink:to="label_dnb_mem005_2" />
    <link:loc xlink:type="locator" xlink:href="mem.xsd#dnb_mem006" xlink:label="loc_dnb_mem006" />
    <link:label xlink:type="resource" xlink:label="label_dnb_mem006" xml:lang="nl" xlink:role="http://www.xbrl.org/2003/role/label">Overige vermogensbeheerkosten, bewaarloon</link:label>
    <link:labelArc xlink:type="arc" xlink:arcrole="http://www.xbrl.org/2003/arcrole/concept-label" xlink:from="loc_dnb_mem006" xlink:to="label_dnb_mem006" />
    <link:label xlink:type="resource" xlink:label="label_dnb_mem006_2" xml:lang="nl" xlink:role="http://www.xbrl.org/2003/role/documentation">Overige vermogensbeheerkosten, bewaarloon</link:label>
    <link:labelArc xlink:type="arc" xlink:arcrole="http://www.xbrl.org/2003/arcrole/concept-label" xlink:from="loc_dnb_mem006" xlink:to="label_dnb_mem006_2" />
    <link:loc xlink:type="locator" xlink:href="mem.xsd#dnb_mem007" xlink:label="loc_dnb_mem007" />
    <link:label xlink:type="resource" xlink:label="label_dnb_mem007" xml:lang="nl" xlink:role="http://www.xbrl.org/2003/role/label">Overige vermogensbeheerkosten, advieskosten vermogensbeheer</link:label>
    <link:labelArc xlink:type="arc" xlink:arcrole="http://www.xbrl.org/2003/arcrole/concept-label" xlink:from="loc_dnb_mem007" xlink:to="label_dnb_mem007" />
    <link:label xlink:type="resource" xlink:label="label_dnb_mem007_2" xml:lang="nl" xlink:role="http://www.xbrl.org/2003/role/documentation">Overige vermogensbeheerkosten, advieskosten vermogensbeheer</link:label>
    <link:labelArc xlink:type="arc" xlink:arcrole="http://www.xbrl.org/2003/arcrole/concept-label" xlink:from="loc_dnb_mem007" xlink:to="label_dnb_mem007_2" />
    <link:loc xlink:type="locator" xlink:href="mem.xsd#dnb_mem008" xlink:label="loc_dnb_mem008" />
    <link:label xlink:type="resource" xlink:label="label_dnb_mem008" xml:lang="nl" xlink:role="http://www.xbrl.org/2003/role/label">Overige vermogensbeheerkosten, overig</link:label>
    <link:labelArc xlink:type="arc" xlink:arcrole="http://www.xbrl.org/2003/arcrole/concept-label" xlink:from="loc_dnb_mem008" xlink:to="label_dnb_mem008" />
    <link:label xlink:type="resource" xlink:label="label_dnb_mem008_2" xml:lang="nl" xlink:role="http://www.xbrl.org/2003/role/documentation">Overige vermogensbeheerkosten, overig</link:label>
    <link:labelArc xlink:type="arc" xlink:arcrole="http://www.xbrl.org/2003/arcrole/concept-label" xlink:from="loc_dnb_mem008" xlink:to="label_dnb_mem008_2" />
    <link:loc xlink:type="locator" xlink:href="mem.xsd#dnb_mem009" xlink:label="loc_dnb_mem009" />
    <link:label xlink:type="resource" xlink:label="label_dnb_mem009" xml:lang="nl" xlink:role="http://www.xbrl.org/2003/role/label">Overige vermogensbeheerkosten</link:label>
    <link:labelArc xlink:type="arc" xlink:arcrole="http://www.xbrl.org/2003/arcrole/concept-label" xlink:from="loc_dnb_mem009" xlink:to="label_dnb_mem009" />
    <link:label xlink:type="resource" xlink:label="label_dnb_mem009_2" xml:lang="nl" xlink:role="http://www.xbrl.org/2003/role/documentation">Overige vermogensbeheerkosten</link:label>
    <link:labelArc xlink:type="arc" xlink:arcrole="http://www.xbrl.org/2003/arcrole/concept-label" xlink:from="loc_dnb_mem009" xlink:to="label_dnb_mem009_2" />
    <link:loc xlink:type="locator" xlink:href="mem.xsd#dnb_mem010" xlink:label="loc_dnb_mem010" />
    <link:label xlink:type="resource" xlink:label="label_dnb_mem010" xml:lang="nl" xlink:role="http://www.xbrl.org/2003/role/label">Beheerkosten</link:label>
    <link:labelArc xlink:type="arc" xlink:arcrole="http://www.xbrl.org/2003/arcrole/concept-label" xlink:from="loc_dnb_mem010" xlink:to="label_dnb_mem010" />
    <link:label xlink:type="resource" xlink:label="label_dnb_mem010_2" xml:lang="nl" xlink:role="http://www.xbrl.org/2003/role/documentation">Beheerkosten</link:label>
    <link:labelArc xlink:type="arc" xlink:arcrole="http://www.xbrl.org/2003/arcrole/concept-label" xlink:from="loc_dnb_mem010" xlink:to="label_dnb_mem010_2" />
    <link:loc xlink:type="locator" xlink:href="mem.xsd#dnb_mem011" xlink:label="loc_dnb_mem011" />
    <link:label xlink:type="resource" xlink:label="label_dnb_mem011" xml:lang="nl" xlink:role="http://www.xbrl.org/2003/role/label">Performance gerelateerde kosten</link:label>
    <link:labelArc xlink:type="arc" xlink:arcrole="http://www.xbrl.org/2003/arcrole/concept-label" xlink:from="loc_dnb_mem011" xlink:to="label_dnb_mem011" />
    <link:label xlink:type="resource" xlink:label="label_dnb_mem011_2" xml:lang="nl" xlink:role="http://www.xbrl.org/2003/role/documentation">Performance gerelateerde kosten</link:label>
    <link:labelArc xlink:type="arc" xlink:arcrole="http://www.xbrl.org/2003/arcrole/concept-label" xlink:from="loc_dnb_mem011" xlink:to="label_dnb_mem011_2" />
    <link:loc xlink:type="locator" xlink:href="mem.xsd#dnb_mem012" xlink:label="loc_dnb_mem012" />
    <link:label xlink:type="resource" xlink:label="label_dnb_mem012" xml:lang="nl" xlink:role="http://www.xbrl.org/2003/role/label">Transactiekosten</link:label>
    <link:labelArc xlink:type="arc" xlink:arcrole="http://www.xbrl.org/2003/arcrole/concept-label" xlink:from="loc_dnb_mem012" xlink:to="label_dnb_mem012" />
    <link:label xlink:type="resource" xlink:label="label_dnb_mem012_2" xml:lang="nl" xlink:role="http://www.xbrl.org/2003/role/documentation">Transactiekosten</link:label>
    <link:labelArc xlink:type="arc" xlink:arcrole="http://www.xbrl.org/2003/arcrole/concept-label" xlink:from="loc_dnb_mem012" xlink:to="label_dnb_mem012_2" />
    <link:loc xlink:type="locator" xlink:href="mem.xsd#dnb_mem013" xlink:label="loc_dnb_mem013" />
    <link:label xlink:type="resource" xlink:label="label_dnb_mem013" xml:lang="nl" xlink:role="http://www.xbrl.org/2003/role/label">Totaal</link:label>
    <link:labelArc xlink:type="arc" xlink:arcrole="http://www.xbrl.org/2003/arcrole/concept-label" xlink:from="loc_dnb_mem013" xlink:to="label_dnb_mem013" />
    <link:label xlink:type="resource" xlink:label="label_dnb_mem013_2" xml:lang="nl" xlink:role="http://www.xbrl.org/2003/role/documentation">Totaal</link:label>
    <link:labelArc xlink:type="arc" xlink:arcrole="http://www.xbrl.org/2003/arcrole/concept-label" xlink:from="loc_dnb_mem013" xlink:to="label_dnb_mem013_2" />
  </link:labelLink>
</link:linkbase>