<ns0:linkbase xmlns:ns0="http://www.xbrl.org/2003/linkbase" xmlns:ns2="http://www.w3.org/1999/xlink" xmlns:xsi="http://www.w3.org/2001/XMLSchema-instance" xsi:schemaLocation="http://www.xbrl.org/2003/linkbase http://www.xbrl.org/2003/xbrl-linkbase-2003-12-31.xsd">
    <ns0:roleRef roleURI="http://ferc.gov/form/2020-01-01/roles/Schedule/F1Q/DepreciationDepletionAndAmortizationOfElectricPlant" ns2:href="form-1Q-sched-DepreciationDepletionAndAmortizationOfElectricPlant_2020-01-01.xsd#roleType_DepreciationDepletionAndAmortizationOfElectricPlant" ns2:type="simple" />
    <ns0:calculationLink ns2:role="http://ferc.gov/form/2020-01-01/roles/Schedule/F1Q/DepreciationDepletionAndAmortizationOfElectricPlant" ns2:type="extended">
        <ns0:loc ns2:href="../../ferc-core_2020-01-01.xsd#ferc_DepreciationAndAmortization" ns2:label="ferc_DepreciationAndAmortization" ns2:type="locator" />
        <ns0:loc ns2:href="../../ferc-core_2020-01-01.xsd#ferc_DepreciationExpenseExcludingAmortizationOfAcquisitionAdjustments" ns2:label="ferc_DepreciationExpenseExcludingAmortizationOfAcquisitionAdjustments" ns2:type="locator" />
        <ns0:calculationArc order="1" weight="1" ns2:arcrole="http://www.xbrl.org/2003/arcrole/summation-item" ns2:from="ferc_DepreciationAndAmortization" ns2:to="ferc_DepreciationExpenseExcludingAmortizationOfAcquisitionAdjustments" ns2:type="arc" />
        <ns0:loc ns2:href="../../ferc-core_2020-01-01.xsd#ferc_DepreciationExpenseForAssetRetirementCostsExcludingAmortizationgOfAcquisitionAdjustments" ns2:label="ferc_DepreciationExpenseForAssetRetirementCostsExcludingAmortizationgOfAcquisitionAdjustments" ns2:type="locator" />
        <ns0:calculationArc order="1" weight="1" ns2:arcrole="http://www.xbrl.org/2003/arcrole/summation-item" ns2:from="ferc_DepreciationAndAmortization" ns2:to="ferc_DepreciationExpenseForAssetRetirementCostsExcludingAmortizationgOfAcquisitionAdjustments" ns2:type="arc" />
        <ns0:loc ns2:href="../../ferc-core_2020-01-01.xsd#ferc_AmortizationOfLimitedTermPlantOrProperty" ns2:label="ferc_AmortizationOfLimitedTermPlantOrProperty" ns2:type="locator" />
        <ns0:calculationArc order="1" weight="1" ns2:arcrole="http://www.xbrl.org/2003/arcrole/summation-item" ns2:from="ferc_DepreciationAndAmortization" ns2:to="ferc_AmortizationOfLimitedTermPlantOrProperty" ns2:type="arc" />
        <ns0:loc ns2:href="../../ferc-core_2020-01-01.xsd#ferc_AmortizationOfOtherElectricPlant" ns2:label="ferc_AmortizationOfOtherElectricPlant" ns2:type="locator" />
        <ns0:calculationArc order="1" weight="1" ns2:arcrole="http://www.xbrl.org/2003/arcrole/summation-item" ns2:from="ferc_DepreciationAndAmortization" ns2:to="ferc_AmortizationOfOtherElectricPlant" ns2:type="arc" />
    </ns0:calculationLink>
</ns0:linkbase>