<ns0:linkbase xmlns:ns0="http://www.xbrl.org/2003/linkbase" xmlns:ns2="http://www.w3.org/1999/xlink" xmlns:ns3="http://xbrl.org/2005/xbrldt" xmlns:xsi="http://www.w3.org/2001/XMLSchema-instance" xsi:schemaLocation="http://www.xbrl.org/2003/linkbase http://www.xbrl.org/2003/xbrl-linkbase-2003-12-31.xsd">
    <ns0:arcroleRef arcroleURI="http://xbrl.org/int/dim/arcrole/dimension-domain" ns2:href="http://www.xbrl.org/2005/xbrldt-2005.xsd#dimension-domain" ns2:type="simple" />
    <ns0:arcroleRef arcroleURI="http://xbrl.org/int/dim/arcrole/dimension-default" ns2:href="http://www.xbrl.org/2005/xbrldt-2005.xsd#dimension-default" ns2:type="simple" />
    <ns0:arcroleRef arcroleURI="http://xbrl.org/int/dim/arcrole/hypercube-dimension" ns2:href="http://www.xbrl.org/2005/xbrldt-2005.xsd#hypercube-dimension" ns2:type="simple" />
    <ns0:roleRef roleURI="http://ferc.gov/form/2020-01-01/roles/Schedule/F1/PurchasedPower" ns2:href="form-1-sched-PurchasedPower_2020-01-01.xsd#roleType_PurchasedPower" ns2:type="simple" />
    <ns0:arcroleRef arcroleURI="http://xbrl.org/int/dim/arcrole/all" ns2:href="http://www.xbrl.org/2005/xbrldt-2005.xsd#all" ns2:type="simple" />
    <ns0:arcroleRef arcroleURI="http://xbrl.org/int/dim/arcrole/domain-member" ns2:href="http://www.xbrl.org/2005/xbrldt-2005.xsd#domain-member" ns2:type="simple" />
    <ns0:definitionLink ns2:role="http://ferc.gov/form/2020-01-01/roles/Schedule/F1/PurchasedPower" ns2:type="extended">
        <ns0:loc ns2:href="../../ferc-core_2020-01-01.xsd#ferc_SchedulePurchasedPowerAbstract" ns2:label="ferc_SchedulePurchasedPowerAbstract" ns2:type="locator" />
        <ns0:loc ns2:href="../../ferc-core_2020-01-01.xsd#ferc_PurchasedPowerLineItems" ns2:label="ferc_PurchasedPowerLineItems" ns2:type="locator" />
        <ns0:definitionArc order="1" ns2:arcrole="http://xbrl.org/int/dim/arcrole/domain-member" ns2:from="ferc_SchedulePurchasedPowerAbstract" ns2:to="ferc_PurchasedPowerLineItems" ns2:type="arc" />
        <ns0:loc ns2:href="../../ferc-core_2020-01-01.xsd#ferc_PurchasedPowerTable" ns2:label="ferc_PurchasedPowerTable" ns2:type="locator" />
        <ns0:definitionArc order="1" ns2:arcrole="http://xbrl.org/int/dim/arcrole/all" ns2:from="ferc_PurchasedPowerLineItems" ns2:to="ferc_PurchasedPowerTable" ns2:type="arc" ns3:closed="true" ns3:contextElement="segment" />
        <ns0:loc ns2:href="../../ferc-core_2020-01-01.xsd#ferc_PurchasedPowerAxis" ns2:label="ferc_PurchasedPowerAxis" ns2:type="locator" />
        <ns0:definitionArc order="1" ns2:arcrole="http://xbrl.org/int/dim/arcrole/hypercube-dimension" ns2:from="ferc_PurchasedPowerTable" ns2:to="ferc_PurchasedPowerAxis" ns2:type="arc" />
        <ns0:loc ns2:href="../../ferc-core_2020-01-01.xsd#ferc_OrderNumber" ns2:label="ferc_OrderNumber" ns2:type="locator" />
        <ns0:definitionArc order="2" ns2:arcrole="http://xbrl.org/int/dim/arcrole/domain-member" ns2:from="ferc_PurchasedPowerLineItems" ns2:to="ferc_OrderNumber" ns2:type="arc" />
        <ns0:loc ns2:href="../../ferc-core_2020-01-01.xsd#ferc_NameOfCompanyOrPublicAuthorityProvidingPurchasedPower" ns2:label="ferc_NameOfCompanyOrPublicAuthorityProvidingPurchasedPower" ns2:type="locator" />
        <ns0:definitionArc order="3" ns2:arcrole="http://xbrl.org/int/dim/arcrole/domain-member" ns2:from="ferc_PurchasedPowerLineItems" ns2:to="ferc_NameOfCompanyOrPublicAuthorityProvidingPurchasedPower" ns2:type="arc" />
        <ns0:loc ns2:href="../../ferc-core_2020-01-01.xsd#ferc_StatisticalClassificationCode" ns2:label="ferc_StatisticalClassificationCode" ns2:type="locator" />
        <ns0:definitionArc order="4" ns2:arcrole="http://xbrl.org/int/dim/arcrole/domain-member" ns2:from="ferc_PurchasedPowerLineItems" ns2:to="ferc_StatisticalClassificationCode" ns2:type="arc" />
        <ns0:loc ns2:href="../../ferc-core_2020-01-01.xsd#ferc_RateScheduleTariffNumber" ns2:label="ferc_RateScheduleTariffNumber" ns2:type="locator" />
        <ns0:definitionArc order="5" ns2:arcrole="http://xbrl.org/int/dim/arcrole/domain-member" ns2:from="ferc_PurchasedPowerLineItems" ns2:to="ferc_RateScheduleTariffNumber" ns2:type="arc" />
        <ns0:loc ns2:href="../../ferc-core_2020-01-01.xsd#ferc_AverageMonthlyBillingDemand" ns2:label="ferc_AverageMonthlyBillingDemand" ns2:type="locator" />
        <ns0:definitionArc order="6" ns2:arcrole="http://xbrl.org/int/dim/arcrole/domain-member" ns2:from="ferc_PurchasedPowerLineItems" ns2:to="ferc_AverageMonthlyBillingDemand" ns2:type="arc" />
        <ns0:loc ns2:href="../../ferc-core_2020-01-01.xsd#ferc_AverageMonthlyNonCoincidentPeakDemand" ns2:label="ferc_AverageMonthlyNonCoincidentPeakDemand" ns2:type="locator" />
        <ns0:definitionArc order="7" ns2:arcrole="http://xbrl.org/int/dim/arcrole/domain-member" ns2:from="ferc_PurchasedPowerLineItems" ns2:to="ferc_AverageMonthlyNonCoincidentPeakDemand" ns2:type="arc" />
        <ns0:loc ns2:href="../../ferc-core_2020-01-01.xsd#ferc_AverageMonthlyCoincidentPeakDemand" ns2:label="ferc_AverageMonthlyCoincidentPeakDemand" ns2:type="locator" />
        <ns0:definitionArc order="8" ns2:arcrole="http://xbrl.org/int/dim/arcrole/domain-member" ns2:from="ferc_PurchasedPowerLineItems" ns2:to="ferc_AverageMonthlyCoincidentPeakDemand" ns2:type="arc" />
        <ns0:loc ns2:href="../../ferc-core_2020-01-01.xsd#ferc_MegawattHoursPurchasedOtherThanStorage" ns2:label="ferc_MegawattHoursPurchasedOtherThanStorage" ns2:type="locator" />
        <ns0:definitionArc order="9" ns2:arcrole="http://xbrl.org/int/dim/arcrole/domain-member" ns2:from="ferc_PurchasedPowerLineItems" ns2:to="ferc_MegawattHoursPurchasedOtherThanStorage" ns2:type="arc" />
        <ns0:loc ns2:href="../../ferc-core_2020-01-01.xsd#ferc_MegawattHoursPurchasedForEnergyStorage" ns2:label="ferc_MegawattHoursPurchasedForEnergyStorage" ns2:type="locator" />
        <ns0:definitionArc order="10" ns2:arcrole="http://xbrl.org/int/dim/arcrole/domain-member" ns2:from="ferc_PurchasedPowerLineItems" ns2:to="ferc_MegawattHoursPurchasedForEnergyStorage" ns2:type="arc" />
        <ns0:loc ns2:href="../../ferc-core_2020-01-01.xsd#ferc_EnergyReceivedThroughPowerExchanges" ns2:label="ferc_EnergyReceivedThroughPowerExchanges" ns2:type="locator" />
        <ns0:definitionArc order="11" ns2:arcrole="http://xbrl.org/int/dim/arcrole/domain-member" ns2:from="ferc_PurchasedPowerLineItems" ns2:to="ferc_EnergyReceivedThroughPowerExchanges" ns2:type="arc" />
        <ns0:loc ns2:href="../../ferc-core_2020-01-01.xsd#ferc_EnergyDeliveredThroughPowerExchanges" ns2:label="ferc_EnergyDeliveredThroughPowerExchanges" ns2:type="locator" />
        <ns0:definitionArc order="12" ns2:arcrole="http://xbrl.org/int/dim/arcrole/domain-member" ns2:from="ferc_PurchasedPowerLineItems" ns2:to="ferc_EnergyDeliveredThroughPowerExchanges" ns2:type="arc" />
        <ns0:loc ns2:href="../../ferc-core_2020-01-01.xsd#ferc_DemandChargesOfPurchasedPower" ns2:label="ferc_DemandChargesOfPurchasedPower" ns2:type="locator" />
        <ns0:definitionArc order="13" ns2:arcrole="http://xbrl.org/int/dim/arcrole/domain-member" ns2:from="ferc_PurchasedPowerLineItems" ns2:to="ferc_DemandChargesOfPurchasedPower" ns2:type="arc" />
        <ns0:loc ns2:href="../../ferc-core_2020-01-01.xsd#ferc_EnergyChargesOfPurchasedPower" ns2:label="ferc_EnergyChargesOfPurchasedPower" ns2:type="locator" />
        <ns0:definitionArc order="14" ns2:arcrole="http://xbrl.org/int/dim/arcrole/domain-member" ns2:from="ferc_PurchasedPowerLineItems" ns2:to="ferc_EnergyChargesOfPurchasedPower" ns2:type="arc" />
        <ns0:loc ns2:href="../../ferc-core_2020-01-01.xsd#ferc_OtherChargesOfPurchasedPower" ns2:label="ferc_OtherChargesOfPurchasedPower" ns2:type="locator" />
        <ns0:definitionArc order="15" ns2:arcrole="http://xbrl.org/int/dim/arcrole/domain-member" ns2:from="ferc_PurchasedPowerLineItems" ns2:to="ferc_OtherChargesOfPurchasedPower" ns2:type="arc" />
        <ns0:loc ns2:href="../../ferc-core_2020-01-01.xsd#ferc_SettlementOfPower" ns2:label="ferc_SettlementOfPower" ns2:type="locator" />
        <ns0:definitionArc order="16" ns2:arcrole="http://xbrl.org/int/dim/arcrole/domain-member" ns2:from="ferc_PurchasedPowerLineItems" ns2:to="ferc_SettlementOfPower" ns2:type="arc" />
    </ns0:definitionLink>
    <ns0:definitionLink ns2:role="http://ferc.gov/form/2020-01-01/roles/Schedule/F1/PurchasedPower" ns2:type="extended" />
</ns0:linkbase>