<ns0:linkbase xmlns:ns0="http://www.xbrl.org/2003/linkbase" xmlns:ns2="http://www.w3.org/1999/xlink" xmlns:xsi="http://www.w3.org/2001/XMLSchema-instance" xsi:schemaLocation="http://www.xbrl.org/2003/linkbase http://www.xbrl.org/2003/xbrl-linkbase-2003-12-31.xsd">
    <ns0:roleRef roleURI="http://ferc.gov/form/2020-01-01/roles/label/F1PurchasedPower" ns2:href="../../ferc-core-lab-roles_2020-01-01.xsd#F1PurchasedPower" ns2:type="simple" />
    <ns0:roleRef roleURI="http://ferc.gov/form/2020-01-01/roles/label/F1Total" ns2:href="../../ferc-core-lab-roles_2020-01-01.xsd#F1Total" ns2:type="simple" />
    <ns0:roleRef roleURI="http://ferc.gov/form/2020-01-01/roles/Schedule/F1/PurchasedPower" ns2:href="form-1-sched-PurchasedPower_2020-01-01.xsd#roleType_PurchasedPower" ns2:type="simple" />
    <ns0:presentationLink ns2:role="http://ferc.gov/form/2020-01-01/roles/Schedule/F1/PurchasedPower" ns2:type="extended">
        <ns0:loc ns2:href="../../ferc-core_2020-01-01.xsd#ferc_SchedulePurchasedPowerAbstract" ns2:label="ferc_SchedulePurchasedPowerAbstract" ns2:type="locator" />
        <ns0:loc ns2:href="../../ferc-core_2020-01-01.xsd#ferc_PurchasedPowerTable" ns2:label="ferc_PurchasedPowerTable" ns2:type="locator" />
        <ns0:presentationArc order="1" ns2:arcrole="http://www.xbrl.org/2003/arcrole/parent-child" ns2:from="ferc_SchedulePurchasedPowerAbstract" ns2:to="ferc_PurchasedPowerTable" ns2:type="arc" />
        <ns0:loc ns2:href="../../ferc-core_2020-01-01.xsd#ferc_PurchasedPowerAxis" ns2:label="ferc_PurchasedPowerAxis" ns2:type="locator" />
        <ns0:presentationArc order="1" ns2:arcrole="http://www.xbrl.org/2003/arcrole/parent-child" ns2:from="ferc_PurchasedPowerTable" ns2:to="ferc_PurchasedPowerAxis" ns2:type="arc" />
        <ns0:loc ns2:href="../../ferc-core_2020-01-01.xsd#ferc_PurchasedPowerLineItems" ns2:label="ferc_PurchasedPowerLineItems" ns2:type="locator" />
        <ns0:presentationArc order="2" ns2:arcrole="http://www.xbrl.org/2003/arcrole/parent-child" ns2:from="ferc_PurchasedPowerTable" ns2:to="ferc_PurchasedPowerLineItems" ns2:type="arc" />
        <ns0:loc ns2:href="../../ferc-core_2020-01-01.xsd#ferc_OrderNumber" ns2:label="ferc_OrderNumber" ns2:type="locator" />
        <ns0:presentationArc order="1" ns2:arcrole="http://www.xbrl.org/2003/arcrole/parent-child" ns2:from="ferc_PurchasedPowerLineItems" ns2:to="ferc_OrderNumber" ns2:type="arc" />
        <ns0:loc ns2:href="../../ferc-core_2020-01-01.xsd#ferc_NameOfCompanyOrPublicAuthorityProvidingPurchasedPower" ns2:label="ferc_NameOfCompanyOrPublicAuthorityProvidingPurchasedPower" ns2:type="locator" />
        <ns0:presentationArc order="2" preferredLabel="http://ferc.gov/form/2020-01-01/roles/label/F1PurchasedPower" ns2:arcrole="http://www.xbrl.org/2003/arcrole/parent-child" ns2:from="ferc_PurchasedPowerLineItems" ns2:to="ferc_NameOfCompanyOrPublicAuthorityProvidingPurchasedPower" ns2:type="arc" />
        <ns0:loc ns2:href="../../ferc-core_2020-01-01.xsd#ferc_StatisticalClassificationCode" ns2:label="ferc_StatisticalClassificationCode" ns2:type="locator" />
        <ns0:presentationArc order="3" preferredLabel="http://ferc.gov/form/2020-01-01/roles/label/F1PurchasedPower" ns2:arcrole="http://www.xbrl.org/2003/arcrole/parent-child" ns2:from="ferc_PurchasedPowerLineItems" ns2:to="ferc_StatisticalClassificationCode" ns2:type="arc" />
        <ns0:loc ns2:href="../../ferc-core_2020-01-01.xsd#ferc_RateScheduleTariffNumber" ns2:label="ferc_RateScheduleTariffNumber" ns2:type="locator" />
        <ns0:presentationArc order="4" preferredLabel="http://ferc.gov/form/2020-01-01/roles/label/F1PurchasedPower" ns2:arcrole="http://www.xbrl.org/2003/arcrole/parent-child" ns2:from="ferc_PurchasedPowerLineItems" ns2:to="ferc_RateScheduleTariffNumber" ns2:type="arc" />
        <ns0:loc ns2:href="../../ferc-core_2020-01-01.xsd#ferc_AverageMonthlyBillingDemand" ns2:label="ferc_AverageMonthlyBillingDemand" ns2:type="locator" />
        <ns0:presentationArc order="5" preferredLabel="http://ferc.gov/form/2020-01-01/roles/label/F1PurchasedPower" ns2:arcrole="http://www.xbrl.org/2003/arcrole/parent-child" ns2:from="ferc_PurchasedPowerLineItems" ns2:to="ferc_AverageMonthlyBillingDemand" ns2:type="arc" />
        <ns0:loc ns2:href="../../ferc-core_2020-01-01.xsd#ferc_AverageMonthlyNonCoincidentPeakDemand" ns2:label="ferc_AverageMonthlyNonCoincidentPeakDemand" ns2:type="locator" />
        <ns0:presentationArc order="6" preferredLabel="http://ferc.gov/form/2020-01-01/roles/label/F1PurchasedPower" ns2:arcrole="http://www.xbrl.org/2003/arcrole/parent-child" ns2:from="ferc_PurchasedPowerLineItems" ns2:to="ferc_AverageMonthlyNonCoincidentPeakDemand" ns2:type="arc" />
        <ns0:loc ns2:href="../../ferc-core_2020-01-01.xsd#ferc_AverageMonthlyCoincidentPeakDemand" ns2:label="ferc_AverageMonthlyCoincidentPeakDemand" ns2:type="locator" />
        <ns0:presentationArc order="7" preferredLabel="http://ferc.gov/form/2020-01-01/roles/label/F1PurchasedPower" ns2:arcrole="http://www.xbrl.org/2003/arcrole/parent-child" ns2:from="ferc_PurchasedPowerLineItems" ns2:to="ferc_AverageMonthlyCoincidentPeakDemand" ns2:type="arc" />
        <ns0:loc ns2:href="../../ferc-core_2020-01-01.xsd#ferc_MegawattHoursPurchasedOtherThanStorage" ns2:label="ferc_MegawattHoursPurchasedOtherThanStorage" ns2:type="locator" />
        <ns0:presentationArc order="8" preferredLabel="http://ferc.gov/form/2020-01-01/roles/label/F1PurchasedPower" ns2:arcrole="http://www.xbrl.org/2003/arcrole/parent-child" ns2:from="ferc_PurchasedPowerLineItems" ns2:to="ferc_MegawattHoursPurchasedOtherThanStorage" ns2:type="arc" />
        <ns0:loc ns2:href="../../ferc-core_2020-01-01.xsd#ferc_MegawattHoursPurchasedForEnergyStorage" ns2:label="ferc_MegawattHoursPurchasedForEnergyStorage" ns2:type="locator" />
        <ns0:presentationArc order="9" preferredLabel="http://ferc.gov/form/2020-01-01/roles/label/F1PurchasedPower" ns2:arcrole="http://www.xbrl.org/2003/arcrole/parent-child" ns2:from="ferc_PurchasedPowerLineItems" ns2:to="ferc_MegawattHoursPurchasedForEnergyStorage" ns2:type="arc" />
        <ns0:loc ns2:href="../../ferc-core_2020-01-01.xsd#ferc_EnergyReceivedThroughPowerExchanges" ns2:label="ferc_EnergyReceivedThroughPowerExchanges" ns2:type="locator" />
        <ns0:presentationArc order="10" preferredLabel="http://ferc.gov/form/2020-01-01/roles/label/F1PurchasedPower" ns2:arcrole="http://www.xbrl.org/2003/arcrole/parent-child" ns2:from="ferc_PurchasedPowerLineItems" ns2:to="ferc_EnergyReceivedThroughPowerExchanges" ns2:type="arc" />
        <ns0:loc ns2:href="../../ferc-core_2020-01-01.xsd#ferc_EnergyDeliveredThroughPowerExchanges" ns2:label="ferc_EnergyDeliveredThroughPowerExchanges" ns2:type="locator" />
        <ns0:presentationArc order="11" preferredLabel="http://ferc.gov/form/2020-01-01/roles/label/F1PurchasedPower" ns2:arcrole="http://www.xbrl.org/2003/arcrole/parent-child" ns2:from="ferc_PurchasedPowerLineItems" ns2:to="ferc_EnergyDeliveredThroughPowerExchanges" ns2:type="arc" />
        <ns0:loc ns2:href="../../ferc-core_2020-01-01.xsd#ferc_DemandChargesOfPurchasedPower" ns2:label="ferc_DemandChargesOfPurchasedPower" ns2:type="locator" />
        <ns0:presentationArc order="12" preferredLabel="http://ferc.gov/form/2020-01-01/roles/label/F1PurchasedPower" ns2:arcrole="http://www.xbrl.org/2003/arcrole/parent-child" ns2:from="ferc_PurchasedPowerLineItems" ns2:to="ferc_DemandChargesOfPurchasedPower" ns2:type="arc" />
        <ns0:loc ns2:href="../../ferc-core_2020-01-01.xsd#ferc_EnergyChargesOfPurchasedPower" ns2:label="ferc_EnergyChargesOfPurchasedPower" ns2:type="locator" />
        <ns0:presentationArc order="13" preferredLabel="http://ferc.gov/form/2020-01-01/roles/label/F1PurchasedPower" ns2:arcrole="http://www.xbrl.org/2003/arcrole/parent-child" ns2:from="ferc_PurchasedPowerLineItems" ns2:to="ferc_EnergyChargesOfPurchasedPower" ns2:type="arc" />
        <ns0:loc ns2:href="../../ferc-core_2020-01-01.xsd#ferc_OtherChargesOfPurchasedPower" ns2:label="ferc_OtherChargesOfPurchasedPower" ns2:type="locator" />
        <ns0:presentationArc order="14" preferredLabel="http://ferc.gov/form/2020-01-01/roles/label/F1PurchasedPower" ns2:arcrole="http://www.xbrl.org/2003/arcrole/parent-child" ns2:from="ferc_PurchasedPowerLineItems" ns2:to="ferc_OtherChargesOfPurchasedPower" ns2:type="arc" />
        <ns0:loc ns2:href="../../ferc-core_2020-01-01.xsd#ferc_SettlementOfPower" ns2:label="ferc_SettlementOfPower" ns2:type="locator" />
        <ns0:presentationArc order="15" preferredLabel="http://ferc.gov/form/2020-01-01/roles/label/F1PurchasedPower" ns2:arcrole="http://www.xbrl.org/2003/arcrole/parent-child" ns2:from="ferc_PurchasedPowerLineItems" ns2:to="ferc_SettlementOfPower" ns2:type="arc" />
        <ns0:presentationArc order="2" preferredLabel="http://ferc.gov/form/2020-01-01/roles/label/F1Total" ns2:arcrole="http://www.xbrl.org/2003/arcrole/parent-child" ns2:from="ferc_SchedulePurchasedPowerAbstract" ns2:to="ferc_MegawattHoursPurchasedOtherThanStorage" ns2:type="arc" />
        <ns0:presentationArc order="3" preferredLabel="http://ferc.gov/form/2020-01-01/roles/label/F1Total" ns2:arcrole="http://www.xbrl.org/2003/arcrole/parent-child" ns2:from="ferc_SchedulePurchasedPowerAbstract" ns2:to="ferc_MegawattHoursPurchasedForEnergyStorage" ns2:type="arc" />
        <ns0:presentationArc order="4" preferredLabel="http://ferc.gov/form/2020-01-01/roles/label/F1Total" ns2:arcrole="http://www.xbrl.org/2003/arcrole/parent-child" ns2:from="ferc_SchedulePurchasedPowerAbstract" ns2:to="ferc_EnergyReceivedThroughPowerExchanges" ns2:type="arc" />
        <ns0:presentationArc order="5" preferredLabel="http://ferc.gov/form/2020-01-01/roles/label/F1Total" ns2:arcrole="http://www.xbrl.org/2003/arcrole/parent-child" ns2:from="ferc_SchedulePurchasedPowerAbstract" ns2:to="ferc_EnergyDeliveredThroughPowerExchanges" ns2:type="arc" />
        <ns0:presentationArc order="6" preferredLabel="http://ferc.gov/form/2020-01-01/roles/label/F1Total" ns2:arcrole="http://www.xbrl.org/2003/arcrole/parent-child" ns2:from="ferc_SchedulePurchasedPowerAbstract" ns2:to="ferc_DemandChargesOfPurchasedPower" ns2:type="arc" />
        <ns0:presentationArc order="7" preferredLabel="http://ferc.gov/form/2020-01-01/roles/label/F1Total" ns2:arcrole="http://www.xbrl.org/2003/arcrole/parent-child" ns2:from="ferc_SchedulePurchasedPowerAbstract" ns2:to="ferc_EnergyChargesOfPurchasedPower" ns2:type="arc" />
        <ns0:presentationArc order="8" preferredLabel="http://ferc.gov/form/2020-01-01/roles/label/F1Total" ns2:arcrole="http://www.xbrl.org/2003/arcrole/parent-child" ns2:from="ferc_SchedulePurchasedPowerAbstract" ns2:to="ferc_OtherChargesOfPurchasedPower" ns2:type="arc" />
        <ns0:presentationArc order="9" preferredLabel="http://ferc.gov/form/2020-01-01/roles/label/F1Total" ns2:arcrole="http://www.xbrl.org/2003/arcrole/parent-child" ns2:from="ferc_SchedulePurchasedPowerAbstract" ns2:to="ferc_SettlementOfPower" ns2:type="arc" />
    </ns0:presentationLink>
</ns0:linkbase>