<ns0:linkbase xmlns:ns0="http://www.xbrl.org/2003/linkbase" xmlns:ns2="http://www.w3.org/1999/xlink" xmlns:xsi="http://www.w3.org/2001/XMLSchema-instance" xsi:schemaLocation="http://www.xbrl.org/2003/linkbase http://www.xbrl.org/2003/xbrl-linkbase-2003-12-31.xsd">
    <ns0:roleRef roleURI="http://ferc.gov/form/2020-01-01/roles/label/F1SalesForResale" ns2:href="../../ferc-core-lab-roles_2020-01-01.xsd#F1SalesForResale" ns2:type="simple" />
    <ns0:roleRef roleURI="http://ferc.gov/form/2020-01-01/roles/Schedule/F1/ScheduleSalesForResale" ns2:href="form-1-sched-SalesForResale_2020-01-01.xsd#roleType_ScheduleSalesForResale" ns2:type="simple" />
    <ns0:roleRef roleURI="http://ferc.gov/form/2020-01-01/roles/Schedule/F1/ScheduleSalesForResaleTotal" ns2:href="form-1-sched-SalesForResale_2020-01-01.xsd#roleType_ScheduleSalesForResaleTotal" ns2:type="simple" />
    <ns0:roleRef roleURI="http://ferc.gov/form/2020-01-01/roles/label/F1Total" ns2:href="../../ferc-core-lab-roles_2020-01-01.xsd#F1Total" ns2:type="simple" />
    <ns0:roleRef roleURI="http://ferc.gov/form/2020-01-01/roles/label/F1Total2" ns2:href="../../ferc-core-lab-roles_2020-01-01.xsd#F1Total2" ns2:type="simple" />
    <ns0:presentationLink ns2:role="http://ferc.gov/form/2020-01-01/roles/Schedule/F1/ScheduleSalesForResale" ns2:type="extended">
        <ns0:loc ns2:href="../../ferc-core_2020-01-01.xsd#ferc_ScheduleSalesForResaleAbstract" ns2:label="ferc_ScheduleSalesForResaleAbstract" ns2:type="locator" />
        <ns0:loc ns2:href="../../ferc-core_2020-01-01.xsd#ferc_SalesForResaleTable" ns2:label="ferc_SalesForResaleTable" ns2:type="locator" />
        <ns0:presentationArc order="1" ns2:arcrole="http://www.xbrl.org/2003/arcrole/parent-child" ns2:from="ferc_ScheduleSalesForResaleAbstract" ns2:to="ferc_SalesForResaleTable" ns2:type="arc" />
        <ns0:loc ns2:href="../../ferc-core_2020-01-01.xsd#ferc_SalesForResaleAxis" ns2:label="ferc_SalesForResaleAxis" ns2:type="locator" />
        <ns0:presentationArc order="1" ns2:arcrole="http://www.xbrl.org/2003/arcrole/parent-child" ns2:from="ferc_SalesForResaleTable" ns2:to="ferc_SalesForResaleAxis" ns2:type="arc" />
        <ns0:loc ns2:href="../../ferc-core_2020-01-01.xsd#ferc_SalesForResaleLineItems" ns2:label="ferc_SalesForResaleLineItems" ns2:type="locator" />
        <ns0:presentationArc order="2" ns2:arcrole="http://www.xbrl.org/2003/arcrole/parent-child" ns2:from="ferc_SalesForResaleTable" ns2:to="ferc_SalesForResaleLineItems" ns2:type="arc" />
        <ns0:loc ns2:href="../../ferc-core_2020-01-01.xsd#ferc_OrderNumber" ns2:label="ferc_OrderNumber" ns2:type="locator" />
        <ns0:presentationArc order="1" ns2:arcrole="http://www.xbrl.org/2003/arcrole/parent-child" ns2:from="ferc_SalesForResaleLineItems" ns2:to="ferc_OrderNumber" ns2:type="arc" />
        <ns0:loc ns2:href="../../ferc-core_2020-01-01.xsd#ferc_NameOfCompanyOrPublicAuthorityReceivingElectricityPurchasedForResale" ns2:label="ferc_NameOfCompanyOrPublicAuthorityReceivingElectricityPurchasedForResale" ns2:type="locator" />
        <ns0:presentationArc order="2" preferredLabel="http://ferc.gov/form/2020-01-01/roles/label/F1SalesForResale" ns2:arcrole="http://www.xbrl.org/2003/arcrole/parent-child" ns2:from="ferc_SalesForResaleLineItems" ns2:to="ferc_NameOfCompanyOrPublicAuthorityReceivingElectricityPurchasedForResale" ns2:type="arc" />
        <ns0:loc ns2:href="../../ferc-core_2020-01-01.xsd#ferc_StatisticalClassificationCode" ns2:label="ferc_StatisticalClassificationCode" ns2:type="locator" />
        <ns0:presentationArc order="3" preferredLabel="http://ferc.gov/form/2020-01-01/roles/label/F1SalesForResale" ns2:arcrole="http://www.xbrl.org/2003/arcrole/parent-child" ns2:from="ferc_SalesForResaleLineItems" ns2:to="ferc_StatisticalClassificationCode" ns2:type="arc" />
        <ns0:loc ns2:href="../../ferc-core_2020-01-01.xsd#ferc_RateScheduleTariffNumber" ns2:label="ferc_RateScheduleTariffNumber" ns2:type="locator" />
        <ns0:presentationArc order="4" preferredLabel="http://ferc.gov/form/2020-01-01/roles/label/F1SalesForResale" ns2:arcrole="http://www.xbrl.org/2003/arcrole/parent-child" ns2:from="ferc_SalesForResaleLineItems" ns2:to="ferc_RateScheduleTariffNumber" ns2:type="arc" />
        <ns0:loc ns2:href="../../ferc-core_2020-01-01.xsd#ferc_AverageMonthlyBillingDemand" ns2:label="ferc_AverageMonthlyBillingDemand" ns2:type="locator" />
        <ns0:presentationArc order="5" preferredLabel="http://ferc.gov/form/2020-01-01/roles/label/F1SalesForResale" ns2:arcrole="http://www.xbrl.org/2003/arcrole/parent-child" ns2:from="ferc_SalesForResaleLineItems" ns2:to="ferc_AverageMonthlyBillingDemand" ns2:type="arc" />
        <ns0:loc ns2:href="../../ferc-core_2020-01-01.xsd#ferc_AverageMonthlyNonCoincidentPeakDemand" ns2:label="ferc_AverageMonthlyNonCoincidentPeakDemand" ns2:type="locator" />
        <ns0:presentationArc order="6" preferredLabel="http://ferc.gov/form/2020-01-01/roles/label/F1SalesForResale" ns2:arcrole="http://www.xbrl.org/2003/arcrole/parent-child" ns2:from="ferc_SalesForResaleLineItems" ns2:to="ferc_AverageMonthlyNonCoincidentPeakDemand" ns2:type="arc" />
        <ns0:loc ns2:href="../../ferc-core_2020-01-01.xsd#ferc_AverageMonthlyCoincidentPeakDemand" ns2:label="ferc_AverageMonthlyCoincidentPeakDemand" ns2:type="locator" />
        <ns0:presentationArc order="7" preferredLabel="http://ferc.gov/form/2020-01-01/roles/label/F1SalesForResale" ns2:arcrole="http://www.xbrl.org/2003/arcrole/parent-child" ns2:from="ferc_SalesForResaleLineItems" ns2:to="ferc_AverageMonthlyCoincidentPeakDemand" ns2:type="arc" />
        <ns0:loc ns2:href="../../ferc-core_2020-01-01.xsd#ferc_MegawattHoursSoldSalesForResale" ns2:label="ferc_MegawattHoursSoldSalesForResale" ns2:type="locator" />
        <ns0:presentationArc order="8" preferredLabel="http://ferc.gov/form/2020-01-01/roles/label/F1SalesForResale" ns2:arcrole="http://www.xbrl.org/2003/arcrole/parent-child" ns2:from="ferc_SalesForResaleLineItems" ns2:to="ferc_MegawattHoursSoldSalesForResale" ns2:type="arc" />
        <ns0:loc ns2:href="../../ferc-core_2020-01-01.xsd#ferc_DemandChargesRevenueSalesForResale" ns2:label="ferc_DemandChargesRevenueSalesForResale" ns2:type="locator" />
        <ns0:presentationArc order="9" preferredLabel="http://ferc.gov/form/2020-01-01/roles/label/F1SalesForResale" ns2:arcrole="http://www.xbrl.org/2003/arcrole/parent-child" ns2:from="ferc_SalesForResaleLineItems" ns2:to="ferc_DemandChargesRevenueSalesForResale" ns2:type="arc" />
        <ns0:loc ns2:href="../../ferc-core_2020-01-01.xsd#ferc_EnergyChargesRevenueSalesForResale" ns2:label="ferc_EnergyChargesRevenueSalesForResale" ns2:type="locator" />
        <ns0:presentationArc order="10" preferredLabel="http://ferc.gov/form/2020-01-01/roles/label/F1SalesForResale" ns2:arcrole="http://www.xbrl.org/2003/arcrole/parent-child" ns2:from="ferc_SalesForResaleLineItems" ns2:to="ferc_EnergyChargesRevenueSalesForResale" ns2:type="arc" />
        <ns0:loc ns2:href="../../ferc-core_2020-01-01.xsd#ferc_OtherChargesRevenueSalesForResale" ns2:label="ferc_OtherChargesRevenueSalesForResale" ns2:type="locator" />
        <ns0:presentationArc order="11" preferredLabel="http://ferc.gov/form/2020-01-01/roles/label/F1SalesForResale" ns2:arcrole="http://www.xbrl.org/2003/arcrole/parent-child" ns2:from="ferc_SalesForResaleLineItems" ns2:to="ferc_OtherChargesRevenueSalesForResale" ns2:type="arc" />
        <ns0:loc ns2:href="../../ferc-core_2020-01-01.xsd#ferc_RevenueFromSalesOfElectricityForResale" ns2:label="ferc_RevenueFromSalesOfElectricityForResale" ns2:type="locator" />
        <ns0:presentationArc order="12" preferredLabel="http://ferc.gov/form/2020-01-01/roles/label/F1Total" ns2:arcrole="http://www.xbrl.org/2003/arcrole/parent-child" ns2:from="ferc_SalesForResaleLineItems" ns2:to="ferc_RevenueFromSalesOfElectricityForResale" ns2:type="arc" />
    </ns0:presentationLink>
    <ns0:presentationLink ns2:role="http://ferc.gov/form/2020-01-01/roles/Schedule/F1/ScheduleSalesForResaleTotal" ns2:type="extended">
        <ns0:loc ns2:href="../../ferc-core_2020-01-01.xsd#ferc_ScheduleSalesForResaleAbstract" ns2:label="ferc_ScheduleSalesForResaleAbstract" ns2:type="locator" />
        <ns0:loc ns2:href="../../ferc-core_2020-01-01.xsd#ferc_SalesForResaleTable" ns2:label="ferc_SalesForResaleTable" ns2:type="locator" />
        <ns0:presentationArc order="1" ns2:arcrole="http://www.xbrl.org/2003/arcrole/parent-child" ns2:from="ferc_ScheduleSalesForResaleAbstract" ns2:to="ferc_SalesForResaleTable" ns2:type="arc" />
        <ns0:loc ns2:href="../../ferc-core_2020-01-01.xsd#ferc_SalesForResaleLineItems" ns2:label="ferc_SalesForResaleLineItems" ns2:type="locator" />
        <ns0:presentationArc order="1" ns2:arcrole="http://www.xbrl.org/2003/arcrole/parent-child" ns2:from="ferc_SalesForResaleTable" ns2:to="ferc_SalesForResaleLineItems" ns2:type="arc" />
        <ns0:loc ns2:href="../../ferc-core_2020-01-01.xsd#ferc_RevenueRequirementsSalesAbstract" ns2:label="ferc_RevenueRequirementsSalesAbstract" ns2:type="locator" />
        <ns0:presentationArc order="1" preferredLabel="http://ferc.gov/form/2020-01-01/roles/label/F1SalesForResale" ns2:arcrole="http://www.xbrl.org/2003/arcrole/parent-child" ns2:from="ferc_SalesForResaleLineItems" ns2:to="ferc_RevenueRequirementsSalesAbstract" ns2:type="arc" />
        <ns0:loc ns2:href="../../ferc-core_2020-01-01.xsd#ferc_MegawattHoursSoldRequirementsSales" ns2:label="ferc_MegawattHoursSoldRequirementsSales" ns2:type="locator" />
        <ns0:presentationArc order="1" preferredLabel="http://ferc.gov/form/2020-01-01/roles/label/F1SalesForResale" ns2:arcrole="http://www.xbrl.org/2003/arcrole/parent-child" ns2:from="ferc_RevenueRequirementsSalesAbstract" ns2:to="ferc_MegawattHoursSoldRequirementsSales" ns2:type="arc" />
        <ns0:loc ns2:href="../../ferc-core_2020-01-01.xsd#ferc_DemandChargesRevenueRequirementsSales" ns2:label="ferc_DemandChargesRevenueRequirementsSales" ns2:type="locator" />
        <ns0:presentationArc order="2" preferredLabel="http://ferc.gov/form/2020-01-01/roles/label/F1SalesForResale" ns2:arcrole="http://www.xbrl.org/2003/arcrole/parent-child" ns2:from="ferc_RevenueRequirementsSalesAbstract" ns2:to="ferc_DemandChargesRevenueRequirementsSales" ns2:type="arc" />
        <ns0:loc ns2:href="../../ferc-core_2020-01-01.xsd#ferc_EnergyChargesRevenueRequirementsSales" ns2:label="ferc_EnergyChargesRevenueRequirementsSales" ns2:type="locator" />
        <ns0:presentationArc order="3" preferredLabel="http://ferc.gov/form/2020-01-01/roles/label/F1SalesForResale" ns2:arcrole="http://www.xbrl.org/2003/arcrole/parent-child" ns2:from="ferc_RevenueRequirementsSalesAbstract" ns2:to="ferc_EnergyChargesRevenueRequirementsSales" ns2:type="arc" />
        <ns0:loc ns2:href="../../ferc-core_2020-01-01.xsd#ferc_OtherChargesRevenueRequirementsSales" ns2:label="ferc_OtherChargesRevenueRequirementsSales" ns2:type="locator" />
        <ns0:presentationArc order="4" preferredLabel="http://ferc.gov/form/2020-01-01/roles/label/F1SalesForResale" ns2:arcrole="http://www.xbrl.org/2003/arcrole/parent-child" ns2:from="ferc_RevenueRequirementsSalesAbstract" ns2:to="ferc_OtherChargesRevenueRequirementsSales" ns2:type="arc" />
        <ns0:loc ns2:href="../../ferc-core_2020-01-01.xsd#ferc_RevenueFromSalesOfElectricityForResaleRequirementsSales" ns2:label="ferc_RevenueFromSalesOfElectricityForResaleRequirementsSales" ns2:type="locator" />
        <ns0:presentationArc order="5" preferredLabel="http://ferc.gov/form/2020-01-01/roles/label/F1Total" ns2:arcrole="http://www.xbrl.org/2003/arcrole/parent-child" ns2:from="ferc_RevenueRequirementsSalesAbstract" ns2:to="ferc_RevenueFromSalesOfElectricityForResaleRequirementsSales" ns2:type="arc" />
        <ns0:loc ns2:href="../../ferc-core_2020-01-01.xsd#ferc_RevenueNonRequirementsSalesAbstract" ns2:label="ferc_RevenueNonRequirementsSalesAbstract" ns2:type="locator" />
        <ns0:presentationArc order="2" preferredLabel="http://ferc.gov/form/2020-01-01/roles/label/F1SalesForResale" ns2:arcrole="http://www.xbrl.org/2003/arcrole/parent-child" ns2:from="ferc_SalesForResaleLineItems" ns2:to="ferc_RevenueNonRequirementsSalesAbstract" ns2:type="arc" />
        <ns0:loc ns2:href="../../ferc-core_2020-01-01.xsd#ferc_MegawattHoursSoldNonRequirementsSales" ns2:label="ferc_MegawattHoursSoldNonRequirementsSales" ns2:type="locator" />
        <ns0:presentationArc order="1" preferredLabel="http://ferc.gov/form/2020-01-01/roles/label/F1SalesForResale" ns2:arcrole="http://www.xbrl.org/2003/arcrole/parent-child" ns2:from="ferc_RevenueNonRequirementsSalesAbstract" ns2:to="ferc_MegawattHoursSoldNonRequirementsSales" ns2:type="arc" />
        <ns0:loc ns2:href="../../ferc-core_2020-01-01.xsd#ferc_DemandChargesRevenueNonRequirementsSales" ns2:label="ferc_DemandChargesRevenueNonRequirementsSales" ns2:type="locator" />
        <ns0:presentationArc order="2" preferredLabel="http://ferc.gov/form/2020-01-01/roles/label/F1SalesForResale" ns2:arcrole="http://www.xbrl.org/2003/arcrole/parent-child" ns2:from="ferc_RevenueNonRequirementsSalesAbstract" ns2:to="ferc_DemandChargesRevenueNonRequirementsSales" ns2:type="arc" />
        <ns0:loc ns2:href="../../ferc-core_2020-01-01.xsd#ferc_EnergyChargesRevenueNonRequirementsSales" ns2:label="ferc_EnergyChargesRevenueNonRequirementsSales" ns2:type="locator" />
        <ns0:presentationArc order="3" preferredLabel="http://ferc.gov/form/2020-01-01/roles/label/F1SalesForResale" ns2:arcrole="http://www.xbrl.org/2003/arcrole/parent-child" ns2:from="ferc_RevenueNonRequirementsSalesAbstract" ns2:to="ferc_EnergyChargesRevenueNonRequirementsSales" ns2:type="arc" />
        <ns0:loc ns2:href="../../ferc-core_2020-01-01.xsd#ferc_OtherChargesRevenueNonRequirementsSales" ns2:label="ferc_OtherChargesRevenueNonRequirementsSales" ns2:type="locator" />
        <ns0:presentationArc order="4" preferredLabel="http://ferc.gov/form/2020-01-01/roles/label/F1SalesForResale" ns2:arcrole="http://www.xbrl.org/2003/arcrole/parent-child" ns2:from="ferc_RevenueNonRequirementsSalesAbstract" ns2:to="ferc_OtherChargesRevenueNonRequirementsSales" ns2:type="arc" />
        <ns0:loc ns2:href="../../ferc-core_2020-01-01.xsd#ferc_RevenueFromSalesOfElectricityForResaleNonRequirementsSales" ns2:label="ferc_RevenueFromSalesOfElectricityForResaleNonRequirementsSales" ns2:type="locator" />
        <ns0:presentationArc order="5" preferredLabel="http://ferc.gov/form/2020-01-01/roles/label/F1Total" ns2:arcrole="http://www.xbrl.org/2003/arcrole/parent-child" ns2:from="ferc_RevenueNonRequirementsSalesAbstract" ns2:to="ferc_RevenueFromSalesOfElectricityForResaleNonRequirementsSales" ns2:type="arc" />
        <ns0:loc ns2:href="../../ferc-core_2020-01-01.xsd#ferc_MegawattHoursSoldSalesForResale" ns2:label="ferc_MegawattHoursSoldSalesForResale" ns2:type="locator" />
        <ns0:presentationArc order="3" preferredLabel="http://ferc.gov/form/2020-01-01/roles/label/F1Total" ns2:arcrole="http://www.xbrl.org/2003/arcrole/parent-child" ns2:from="ferc_SalesForResaleLineItems" ns2:to="ferc_MegawattHoursSoldSalesForResale" ns2:type="arc" />
        <ns0:loc ns2:href="../../ferc-core_2020-01-01.xsd#ferc_DemandChargesRevenueSalesForResale" ns2:label="ferc_DemandChargesRevenueSalesForResale" ns2:type="locator" />
        <ns0:presentationArc order="4" preferredLabel="http://ferc.gov/form/2020-01-01/roles/label/F1Total" ns2:arcrole="http://www.xbrl.org/2003/arcrole/parent-child" ns2:from="ferc_SalesForResaleLineItems" ns2:to="ferc_DemandChargesRevenueSalesForResale" ns2:type="arc" />
        <ns0:loc ns2:href="../../ferc-core_2020-01-01.xsd#ferc_EnergyChargesRevenueSalesForResale" ns2:label="ferc_EnergyChargesRevenueSalesForResale" ns2:type="locator" />
        <ns0:presentationArc order="5" preferredLabel="http://ferc.gov/form/2020-01-01/roles/label/F1Total" ns2:arcrole="http://www.xbrl.org/2003/arcrole/parent-child" ns2:from="ferc_SalesForResaleLineItems" ns2:to="ferc_EnergyChargesRevenueSalesForResale" ns2:type="arc" />
        <ns0:loc ns2:href="../../ferc-core_2020-01-01.xsd#ferc_OtherChargesRevenueSalesForResale" ns2:label="ferc_OtherChargesRevenueSalesForResale" ns2:type="locator" />
        <ns0:presentationArc order="6" preferredLabel="http://ferc.gov/form/2020-01-01/roles/label/F1Total" ns2:arcrole="http://www.xbrl.org/2003/arcrole/parent-child" ns2:from="ferc_SalesForResaleLineItems" ns2:to="ferc_OtherChargesRevenueSalesForResale" ns2:type="arc" />
        <ns0:loc ns2:href="../../ferc-core_2020-01-01.xsd#ferc_SalesForResale" ns2:label="ferc_SalesForResale" ns2:type="locator" />
        <ns0:presentationArc order="7" preferredLabel="http://ferc.gov/form/2020-01-01/roles/label/F1Total2" ns2:arcrole="http://www.xbrl.org/2003/arcrole/parent-child" ns2:from="ferc_SalesForResaleLineItems" ns2:to="ferc_SalesForResale" ns2:type="arc" />
    </ns0:presentationLink>
</ns0:linkbase>