﻿<?xml version="1.0" encoding="utf-8"?>
<!--© DNB-->
<link:linkbase xmlns:xsi="http://www.w3.org/2001/XMLSchema-instance" xmlns:xlink="http://www.w3.org/1999/xlink" xmlns:link="http://www.xbrl.org/2003/linkbase" xsi:schemaLocation="http://www.xbrl.org/2003/linkbase http://www.xbrl.org/2003/xbrl-linkbase-2003-12-31.xsd">
  <link:labelLink xlink:type="extended" xlink:role="http://www.xbrl.org/2003/role/link">
    <link:loc xlink:type="locator" xlink:href="tab.xsd#dnb_tgTG0" xlink:label="loc_dnb_tgTG0" />
    <link:label xlink:type="resource" xlink:label="label_dnb_tgTG0" xml:lang="en" xlink:role="http://www.xbrl.org/2003/role/label">Tabel groep 0: Algemene gegevens</link:label>
    <link:labelArc xlink:type="arc" xlink:arcrole="http://www.xbrl.org/2003/arcrole/concept-label" xlink:from="loc_dnb_tgTG0" xlink:to="label_dnb_tgTG0" />
    <link:loc xlink:type="locator" xlink:href="tab.xsd#dnb_tgTG1" xlink:label="loc_dnb_tgTG1" />
    <link:label xlink:type="resource" xlink:label="label_dnb_tgTG1" xml:lang="en" xlink:role="http://www.xbrl.org/2003/role/label">Tabel groep 1: Geconsolideerde balans, voor winstbestemming</link:label>
    <link:labelArc xlink:type="arc" xlink:arcrole="http://www.xbrl.org/2003/arcrole/concept-label" xlink:from="loc_dnb_tgTG1" xlink:to="label_dnb_tgTG1" />
    <link:loc xlink:type="locator" xlink:href="tab.xsd#dnb_tgTG2" xlink:label="loc_dnb_tgTG2" />
    <link:label xlink:type="resource" xlink:label="label_dnb_tgTG2" xml:lang="en" xlink:role="http://www.xbrl.org/2003/role/label">Tabel groep 2: Winst- en verliesrekening</link:label>
    <link:labelArc xlink:type="arc" xlink:arcrole="http://www.xbrl.org/2003/arcrole/concept-label" xlink:from="loc_dnb_tgTG2" xlink:to="label_dnb_tgTG2" />
    <link:loc xlink:type="locator" xlink:href="tab.xsd#dnb_tgTG3" xlink:label="loc_dnb_tgTG3" />
    <link:label xlink:type="resource" xlink:label="label_dnb_tgTG3" xml:lang="en" xlink:role="http://www.xbrl.org/2003/role/label">Tabel groep 3: Verplichtingen voor rekening en risico deelnemers</link:label>
    <link:labelArc xlink:type="arc" xlink:arcrole="http://www.xbrl.org/2003/arcrole/concept-label" xlink:from="loc_dnb_tgTG3" xlink:to="label_dnb_tgTG3" />
    <link:loc xlink:type="locator" xlink:href="tab.xsd#dnb_tgTG4" xlink:label="loc_dnb_tgTG4" />
    <link:label xlink:type="resource" xlink:label="label_dnb_tgTG4" xml:lang="en" xlink:role="http://www.xbrl.org/2003/role/label">Tabel groep 4: Niet uit de balans blijkende vorderingen en verplichtingen</link:label>
    <link:labelArc xlink:type="arc" xlink:arcrole="http://www.xbrl.org/2003/arcrole/concept-label" xlink:from="loc_dnb_tgTG4" xlink:to="label_dnb_tgTG4" />
    <link:loc xlink:type="locator" xlink:href="tab.xsd#dnb_tgTG5" xlink:label="loc_dnb_tgTG5" />
    <link:label xlink:type="resource" xlink:label="label_dnb_tgTG5" xml:lang="en" xlink:role="http://www.xbrl.org/2003/role/label">Tabel groep 5: Berekening minimaal vereist eigen vermogen en solvabiliteitseis</link:label>
    <link:labelArc xlink:type="arc" xlink:arcrole="http://www.xbrl.org/2003/arcrole/concept-label" xlink:from="loc_dnb_tgTG5" xlink:to="label_dnb_tgTG5" />
    <link:loc xlink:type="locator" xlink:href="tab.xsd#dnb_tgTG6" xlink:label="loc_dnb_tgTG6" />
    <link:label xlink:type="resource" xlink:label="label_dnb_tgTG6" xml:lang="en" xlink:role="http://www.xbrl.org/2003/role/label">Tabel groep 6: Deelnemers</link:label>
    <link:labelArc xlink:type="arc" xlink:arcrole="http://www.xbrl.org/2003/arcrole/concept-label" xlink:from="loc_dnb_tgTG6" xlink:to="label_dnb_tgTG6" />
    <link:loc xlink:type="locator" xlink:href="tab.xsd#dnb_tgTG7" xlink:label="loc_dnb_tgTG7" />
    <link:label xlink:type="resource" xlink:label="label_dnb_tgTG7" xml:lang="en" xlink:role="http://www.xbrl.org/2003/role/label">Tabel groep 7: Beleggingen voor risico deelnemer (marktwaarde)</link:label>
    <link:labelArc xlink:type="arc" xlink:arcrole="http://www.xbrl.org/2003/arcrole/concept-label" xlink:from="loc_dnb_tgTG7" xlink:to="label_dnb_tgTG7" />
    <link:loc xlink:type="locator" xlink:href="tab.xsd#dnb_tgTG8" xlink:label="loc_dnb_tgTG8" />
    <link:label xlink:type="resource" xlink:label="label_dnb_tgTG8" xml:lang="en" xlink:role="http://www.xbrl.org/2003/role/label">Tabel groep 8: Life cycle beleggingen naar leeftijdscohort</link:label>
    <link:labelArc xlink:type="arc" xlink:arcrole="http://www.xbrl.org/2003/arcrole/concept-label" xlink:from="loc_dnb_tgTG8" xlink:to="label_dnb_tgTG8" />
    <link:loc xlink:type="locator" xlink:href="tab.xsd#dnb_tgTG9" xlink:label="loc_dnb_tgTG9" />
    <link:label xlink:type="resource" xlink:label="label_dnb_tgTG9" xml:lang="en" xlink:role="http://www.xbrl.org/2003/role/label">Tabel groep 9: Life Cycle beleggingen naar leeftijdscohort</link:label>
    <link:labelArc xlink:type="arc" xlink:arcrole="http://www.xbrl.org/2003/arcrole/concept-label" xlink:from="loc_dnb_tgTG9" xlink:to="label_dnb_tgTG9" />
    <link:loc xlink:type="locator" xlink:href="tab.xsd#dnb_tgTG10" xlink:label="loc_dnb_tgTG10" />
    <link:label xlink:type="resource" xlink:label="label_dnb_tgTG10" xml:lang="en" xlink:role="http://www.xbrl.org/2003/role/label">Tabel groep 10: Life cycle beleggingen, vastrentende waarden</link:label>
    <link:labelArc xlink:type="arc" xlink:arcrole="http://www.xbrl.org/2003/arcrole/concept-label" xlink:from="loc_dnb_tgTG10" xlink:to="label_dnb_tgTG10" />
    <link:loc xlink:type="locator" xlink:href="tab.xsd#dnb_tgTG11" xlink:label="loc_dnb_tgTG11" />
    <link:label xlink:type="resource" xlink:label="label_dnb_tgTG11" xml:lang="en" xlink:role="http://www.xbrl.org/2003/role/label">Tabel groep 11: Life cycle beleggingen, modified duration</link:label>
    <link:labelArc xlink:type="arc" xlink:arcrole="http://www.xbrl.org/2003/arcrole/concept-label" xlink:from="loc_dnb_tgTG11" xlink:to="label_dnb_tgTG11" />
    <link:loc xlink:type="locator" xlink:href="tab.xsd#dnb_tgTG12" xlink:label="loc_dnb_tgTG12" />
    <link:label xlink:type="resource" xlink:label="label_dnb_tgTG12" xml:lang="en" xlink:role="http://www.xbrl.org/2003/role/label">Tabel groep 12: Beleggingen, rendementen</link:label>
    <link:labelArc xlink:type="arc" xlink:arcrole="http://www.xbrl.org/2003/arcrole/concept-label" xlink:from="loc_dnb_tgTG12" xlink:to="label_dnb_tgTG12" />
    <link:loc xlink:type="locator" xlink:href="tab.xsd#dnb_tgTG13" xlink:label="loc_dnb_tgTG13" />
    <link:label xlink:type="resource" xlink:label="label_dnb_tgTG13" xml:lang="en" xlink:role="http://www.xbrl.org/2003/role/label">Tabel groep 13: Contracten en reglementen</link:label>
    <link:labelArc xlink:type="arc" xlink:arcrole="http://www.xbrl.org/2003/arcrole/concept-label" xlink:from="loc_dnb_tgTG13" xlink:to="label_dnb_tgTG13" />
    <link:loc xlink:type="locator" xlink:href="tab.xsd#dnb_tgTG14" xlink:label="loc_dnb_tgTG14" />
    <link:label xlink:type="resource" xlink:label="label_dnb_tgTG14" xml:lang="en" xlink:role="http://www.xbrl.org/2003/role/label">Tabel groep 14: Toelichtingen</link:label>
    <link:labelArc xlink:type="arc" xlink:arcrole="http://www.xbrl.org/2003/arcrole/concept-label" xlink:from="loc_dnb_tgTG14" xlink:to="label_dnb_tgTG14" />
    <link:loc xlink:type="locator" xlink:href="tab.xsd#dnb_tgTG15" xlink:label="loc_dnb_tgTG15" />
    <link:label xlink:type="resource" xlink:label="label_dnb_tgTG15" xml:lang="en" xlink:role="http://www.xbrl.org/2003/role/label">Tabel groep 15: Kostenspecificatie</link:label>
    <link:labelArc xlink:type="arc" xlink:arcrole="http://www.xbrl.org/2003/arcrole/concept-label" xlink:from="loc_dnb_tgTG15" xlink:to="label_dnb_tgTG15" />
    <link:loc xlink:type="locator" xlink:href="tab.xsd#dnb_tgTG16" xlink:label="loc_dnb_tgTG16" />
    <link:label xlink:type="resource" xlink:label="label_dnb_tgTG16" xml:lang="en" xlink:role="http://www.xbrl.org/2003/role/label">Tabel groep 16: Toelichting balans: eigen vermogen</link:label>
    <link:labelArc xlink:type="arc" xlink:arcrole="http://www.xbrl.org/2003/arcrole/concept-label" xlink:from="loc_dnb_tgTG16" xlink:to="label_dnb_tgTG16" />
    <link:loc xlink:type="locator" xlink:href="tab.xsd#dnb_tgTG17" xlink:label="loc_dnb_tgTG17" />
    <link:label xlink:type="resource" xlink:label="label_dnb_tgTG17" xml:lang="en" xlink:role="http://www.xbrl.org/2003/role/label">Tabel groep 17: Toelichting balans: achtergestelde leningen</link:label>
    <link:labelArc xlink:type="arc" xlink:arcrole="http://www.xbrl.org/2003/arcrole/concept-label" xlink:from="loc_dnb_tgTG17" xlink:to="label_dnb_tgTG17" />
    <link:loc xlink:type="locator" xlink:href="tab.xsd#dnb_tgTG18" xlink:label="loc_dnb_tgTG18" />
    <link:label xlink:type="resource" xlink:label="label_dnb_tgTG18" xml:lang="en" xlink:role="http://www.xbrl.org/2003/role/label">Tabel groep 18: Toelichting winst- en verliesrekening: premie en provisie</link:label>
    <link:labelArc xlink:type="arc" xlink:arcrole="http://www.xbrl.org/2003/arcrole/concept-label" xlink:from="loc_dnb_tgTG18" xlink:to="label_dnb_tgTG18" />
    <link:loc xlink:type="locator" xlink:href="tab.xsd#dnb_tgTG19" xlink:label="loc_dnb_tgTG19" />
    <link:label xlink:type="resource" xlink:label="label_dnb_tgTG19" xml:lang="en" xlink:role="http://www.xbrl.org/2003/role/label">Tabel groep 19: Beloningen</link:label>
    <link:labelArc xlink:type="arc" xlink:arcrole="http://www.xbrl.org/2003/arcrole/concept-label" xlink:from="loc_dnb_tgTG19" xlink:to="label_dnb_tgTG19" />
    <link:loc xlink:type="locator" xlink:href="tab.xsd#dnb_tgTG20" xlink:label="loc_dnb_tgTG20" />
    <link:label xlink:type="resource" xlink:label="label_dnb_tgTG20" xml:lang="en" xlink:role="http://www.xbrl.org/2003/role/label">Tabel groep 20: Organisatie en risico's</link:label>
    <link:labelArc xlink:type="arc" xlink:arcrole="http://www.xbrl.org/2003/arcrole/concept-label" xlink:from="loc_dnb_tgTG20" xlink:to="label_dnb_tgTG20" />
    <link:loc xlink:type="locator" xlink:href="tab.xsd#dnb_tgTG21" xlink:label="loc_dnb_tgTG21" />
    <link:label xlink:type="resource" xlink:label="label_dnb_tgTG21" xml:lang="en" xlink:role="http://www.xbrl.org/2003/role/label">Tabel groep 21: Nevenactiviteiten</link:label>
    <link:labelArc xlink:type="arc" xlink:arcrole="http://www.xbrl.org/2003/arcrole/concept-label" xlink:from="loc_dnb_tgTG21" xlink:to="label_dnb_tgTG21" />
    <link:loc xlink:type="locator" xlink:href="tab.xsd#dnb_tgTG22" xlink:label="loc_dnb_tgTG22" />
    <link:label xlink:type="resource" xlink:label="label_dnb_tgTG22" xml:lang="en" xlink:role="http://www.xbrl.org/2003/role/label">Tabel groep 22: Bijkantoren en vrije dienstverrichting (EU en niet-EU)</link:label>
    <link:labelArc xlink:type="arc" xlink:arcrole="http://www.xbrl.org/2003/arcrole/concept-label" xlink:from="loc_dnb_tgTG22" xlink:to="label_dnb_tgTG22" />
    <link:loc xlink:type="locator" xlink:href="tab.xsd#dnb_tgTG23" xlink:label="loc_dnb_tgTG23" />
    <link:label xlink:type="resource" xlink:label="label_dnb_tgTG23" xml:lang="en" xlink:role="http://www.xbrl.org/2003/role/label">Tabel groep 23: Toelichtingen</link:label>
    <link:labelArc xlink:type="arc" xlink:arcrole="http://www.xbrl.org/2003/arcrole/concept-label" xlink:from="loc_dnb_tgTG23" xlink:to="label_dnb_tgTG23" />
    <link:loc xlink:type="locator" xlink:href="tab.xsd#dnb_tgTG24" xlink:label="loc_dnb_tgTG24" />
    <link:label xlink:type="resource" xlink:label="label_dnb_tgTG24" xml:lang="en" xlink:role="http://www.xbrl.org/2003/role/label">Tabel groep 24: Aangehouden beleggingen</link:label>
    <link:labelArc xlink:type="arc" xlink:arcrole="http://www.xbrl.org/2003/arcrole/concept-label" xlink:from="loc_dnb_tgTG24" xlink:to="label_dnb_tgTG24" />
    <link:loc xlink:type="locator" xlink:href="tab.xsd#dnb_tgTG25" xlink:label="loc_dnb_tgTG25" />
    <link:label xlink:type="resource" xlink:label="label_dnb_tgTG25" xml:lang="en" xlink:role="http://www.xbrl.org/2003/role/label">Tabel groep 25: Doorkijk beleggingsfondsen</link:label>
    <link:labelArc xlink:type="arc" xlink:arcrole="http://www.xbrl.org/2003/arcrole/concept-label" xlink:from="loc_dnb_tgTG25" xlink:to="label_dnb_tgTG25" />
    <link:loc xlink:type="locator" xlink:href="tab.xsd#dnb_tgTG26" xlink:label="loc_dnb_tgTG26" />
    <link:label xlink:type="resource" xlink:label="label_dnb_tgTG26" xml:lang="en" xlink:role="http://www.xbrl.org/2003/role/label">Tabel groep 26: Aangehouden derivaten</link:label>
    <link:labelArc xlink:type="arc" xlink:arcrole="http://www.xbrl.org/2003/arcrole/concept-label" xlink:from="loc_dnb_tgTG26" xlink:to="label_dnb_tgTG26" />
  </link:labelLink>
</link:linkbase>