<ns0:linkbase xmlns:ns0="http://www.xbrl.org/2003/linkbase" xmlns:ns2="http://www.w3.org/1999/xlink" xmlns:xsi="http://www.w3.org/2001/XMLSchema-instance" xsi:schemaLocation="http://www.xbrl.org/2003/linkbase http://www.xbrl.org/2003/xbrl-linkbase-2003-12-31.xsd">
    <ns0:roleRef roleURI="http://ferc.gov/form/2020-01-01/roles/Schedule/F1/DistributionOfSalariesAndWages" ns2:href="form-1-sched-DistributionOfSalariesAndWages_2020-01-01.xsd#roleType_DistributionOfSalariesAndWages" ns2:type="simple" />
    <ns0:calculationLink ns2:role="http://ferc.gov/form/2020-01-01/roles/Schedule/F1/DistributionOfSalariesAndWages" ns2:type="extended">
        <ns0:loc ns2:href="../../ferc-core_2020-01-01.xsd#ferc_SalariesAndWagesElectricProduction" ns2:label="ferc_SalariesAndWagesElectricProduction" ns2:type="locator" />
        <ns0:loc ns2:href="../../ferc-core_2020-01-01.xsd#ferc_SalariesAndWagesElectricOperationProduction" ns2:label="ferc_SalariesAndWagesElectricOperationProduction" ns2:type="locator" />
        <ns0:calculationArc order="1" weight="1" ns2:arcrole="http://www.xbrl.org/2003/arcrole/summation-item" ns2:from="ferc_SalariesAndWagesElectricProduction" ns2:to="ferc_SalariesAndWagesElectricOperationProduction" ns2:type="arc" />
        <ns0:loc ns2:href="../../ferc-core_2020-01-01.xsd#ferc_SalariesAndWagesElectricTransmission" ns2:label="ferc_SalariesAndWagesElectricTransmission" ns2:type="locator" />
        <ns0:loc ns2:href="../../ferc-core_2020-01-01.xsd#ferc_SalariesAndWagesElectricOperationTransmission" ns2:label="ferc_SalariesAndWagesElectricOperationTransmission" ns2:type="locator" />
        <ns0:calculationArc order="1" weight="1" ns2:arcrole="http://www.xbrl.org/2003/arcrole/summation-item" ns2:from="ferc_SalariesAndWagesElectricTransmission" ns2:to="ferc_SalariesAndWagesElectricOperationTransmission" ns2:type="arc" />
        <ns0:loc ns2:href="../../ferc-core_2020-01-01.xsd#ferc_SalariesAndWagesElectricRegionalMarket" ns2:label="ferc_SalariesAndWagesElectricRegionalMarket" ns2:type="locator" />
        <ns0:loc ns2:href="../../ferc-core_2020-01-01.xsd#ferc_SalariesAndWagesElectricOperationRegionalMarket" ns2:label="ferc_SalariesAndWagesElectricOperationRegionalMarket" ns2:type="locator" />
        <ns0:calculationArc order="1" weight="1" ns2:arcrole="http://www.xbrl.org/2003/arcrole/summation-item" ns2:from="ferc_SalariesAndWagesElectricRegionalMarket" ns2:to="ferc_SalariesAndWagesElectricOperationRegionalMarket" ns2:type="arc" />
        <ns0:loc ns2:href="../../ferc-core_2020-01-01.xsd#ferc_SalariesAndWagesElectricDistribution" ns2:label="ferc_SalariesAndWagesElectricDistribution" ns2:type="locator" />
        <ns0:loc ns2:href="../../ferc-core_2020-01-01.xsd#ferc_SalariesAndWagesElectricOperationDistribution" ns2:label="ferc_SalariesAndWagesElectricOperationDistribution" ns2:type="locator" />
        <ns0:calculationArc order="1" weight="1" ns2:arcrole="http://www.xbrl.org/2003/arcrole/summation-item" ns2:from="ferc_SalariesAndWagesElectricDistribution" ns2:to="ferc_SalariesAndWagesElectricOperationDistribution" ns2:type="arc" />
        <ns0:loc ns2:href="../../ferc-core_2020-01-01.xsd#ferc_SalariesAndWagesElectricCustomerAccounts" ns2:label="ferc_SalariesAndWagesElectricCustomerAccounts" ns2:type="locator" />
        <ns0:loc ns2:href="../../ferc-core_2020-01-01.xsd#ferc_SalariesAndWagesElectricOperationCustomerAccounts" ns2:label="ferc_SalariesAndWagesElectricOperationCustomerAccounts" ns2:type="locator" />
        <ns0:calculationArc order="1" weight="1" ns2:arcrole="http://www.xbrl.org/2003/arcrole/summation-item" ns2:from="ferc_SalariesAndWagesElectricCustomerAccounts" ns2:to="ferc_SalariesAndWagesElectricOperationCustomerAccounts" ns2:type="arc" />
        <ns0:loc ns2:href="../../ferc-core_2020-01-01.xsd#ferc_SalariesAndWagesElectricCustomerServiceAndInformational" ns2:label="ferc_SalariesAndWagesElectricCustomerServiceAndInformational" ns2:type="locator" />
        <ns0:loc ns2:href="../../ferc-core_2020-01-01.xsd#ferc_SalariesAndWagesElectricOperationCustomerServiceAndInformational" ns2:label="ferc_SalariesAndWagesElectricOperationCustomerServiceAndInformational" ns2:type="locator" />
        <ns0:calculationArc order="1" weight="1" ns2:arcrole="http://www.xbrl.org/2003/arcrole/summation-item" ns2:from="ferc_SalariesAndWagesElectricCustomerServiceAndInformational" ns2:to="ferc_SalariesAndWagesElectricOperationCustomerServiceAndInformational" ns2:type="arc" />
        <ns0:loc ns2:href="../../ferc-core_2020-01-01.xsd#ferc_SalariesAndWagesElectricSales" ns2:label="ferc_SalariesAndWagesElectricSales" ns2:type="locator" />
        <ns0:loc ns2:href="../../ferc-core_2020-01-01.xsd#ferc_SalariesAndWagesElectricOperationSales" ns2:label="ferc_SalariesAndWagesElectricOperationSales" ns2:type="locator" />
        <ns0:calculationArc order="1" weight="1" ns2:arcrole="http://www.xbrl.org/2003/arcrole/summation-item" ns2:from="ferc_SalariesAndWagesElectricSales" ns2:to="ferc_SalariesAndWagesElectricOperationSales" ns2:type="arc" />
        <ns0:loc ns2:href="../../ferc-core_2020-01-01.xsd#ferc_SalariesAndWagesElectricAdministrativeAndGeneral" ns2:label="ferc_SalariesAndWagesElectricAdministrativeAndGeneral" ns2:type="locator" />
        <ns0:loc ns2:href="../../ferc-core_2020-01-01.xsd#ferc_SalariesAndWagesElectricOperationAdministrativeAndGeneral" ns2:label="ferc_SalariesAndWagesElectricOperationAdministrativeAndGeneral" ns2:type="locator" />
        <ns0:calculationArc order="1" weight="1" ns2:arcrole="http://www.xbrl.org/2003/arcrole/summation-item" ns2:from="ferc_SalariesAndWagesElectricAdministrativeAndGeneral" ns2:to="ferc_SalariesAndWagesElectricOperationAdministrativeAndGeneral" ns2:type="arc" />
        <ns0:loc ns2:href="../../ferc-core_2020-01-01.xsd#ferc_SalariesAndWagesElectricMaintenanceProduction" ns2:label="ferc_SalariesAndWagesElectricMaintenanceProduction" ns2:type="locator" />
        <ns0:calculationArc order="1" weight="1" ns2:arcrole="http://www.xbrl.org/2003/arcrole/summation-item" ns2:from="ferc_SalariesAndWagesElectricProduction" ns2:to="ferc_SalariesAndWagesElectricMaintenanceProduction" ns2:type="arc" />
        <ns0:loc ns2:href="../../ferc-core_2020-01-01.xsd#ferc_SalariesAndWagesElectricMaintenanceTransmission" ns2:label="ferc_SalariesAndWagesElectricMaintenanceTransmission" ns2:type="locator" />
        <ns0:calculationArc order="1" weight="1" ns2:arcrole="http://www.xbrl.org/2003/arcrole/summation-item" ns2:from="ferc_SalariesAndWagesElectricTransmission" ns2:to="ferc_SalariesAndWagesElectricMaintenanceTransmission" ns2:type="arc" />
        <ns0:loc ns2:href="../../ferc-core_2020-01-01.xsd#ferc_SalariesAndWagesElectricMaintenanceRegionalMarket" ns2:label="ferc_SalariesAndWagesElectricMaintenanceRegionalMarket" ns2:type="locator" />
        <ns0:calculationArc order="1" weight="1" ns2:arcrole="http://www.xbrl.org/2003/arcrole/summation-item" ns2:from="ferc_SalariesAndWagesElectricRegionalMarket" ns2:to="ferc_SalariesAndWagesElectricMaintenanceRegionalMarket" ns2:type="arc" />
        <ns0:loc ns2:href="../../ferc-core_2020-01-01.xsd#ferc_SalariesAndWagesElectricMaintenanceDistribution" ns2:label="ferc_SalariesAndWagesElectricMaintenanceDistribution" ns2:type="locator" />
        <ns0:calculationArc order="1" weight="1" ns2:arcrole="http://www.xbrl.org/2003/arcrole/summation-item" ns2:from="ferc_SalariesAndWagesElectricDistribution" ns2:to="ferc_SalariesAndWagesElectricMaintenanceDistribution" ns2:type="arc" />
        <ns0:loc ns2:href="../../ferc-core_2020-01-01.xsd#ferc_SalariesAndWagesElectricMaintenanceAdministrativeAndGeneral" ns2:label="ferc_SalariesAndWagesElectricMaintenanceAdministrativeAndGeneral" ns2:type="locator" />
        <ns0:calculationArc order="1" weight="1" ns2:arcrole="http://www.xbrl.org/2003/arcrole/summation-item" ns2:from="ferc_SalariesAndWagesElectricAdministrativeAndGeneral" ns2:to="ferc_SalariesAndWagesElectricMaintenanceAdministrativeAndGeneral" ns2:type="arc" />
        <ns0:loc ns2:href="../../ferc-core_2020-01-01.xsd#ferc_SalariesAndWagesGasProductionManufacturedGas" ns2:label="ferc_SalariesAndWagesGasProductionManufacturedGas" ns2:type="locator" />
        <ns0:loc ns2:href="../../ferc-core_2020-01-01.xsd#ferc_SalariesAndWagesGasOperationProductionManufacturedGas" ns2:label="ferc_SalariesAndWagesGasOperationProductionManufacturedGas" ns2:type="locator" />
        <ns0:calculationArc order="1" weight="1" ns2:arcrole="http://www.xbrl.org/2003/arcrole/summation-item" ns2:from="ferc_SalariesAndWagesGasProductionManufacturedGas" ns2:to="ferc_SalariesAndWagesGasOperationProductionManufacturedGas" ns2:type="arc" />
        <ns0:loc ns2:href="../../ferc-core_2020-01-01.xsd#ferc_SalariesAndWagesGasProductionNaturalGas" ns2:label="ferc_SalariesAndWagesGasProductionNaturalGas" ns2:type="locator" />
        <ns0:loc ns2:href="../../ferc-core_2020-01-01.xsd#ferc_SalariesAndWagesGasOperationProductionNaturalGas" ns2:label="ferc_SalariesAndWagesGasOperationProductionNaturalGas" ns2:type="locator" />
        <ns0:calculationArc order="1" weight="1" ns2:arcrole="http://www.xbrl.org/2003/arcrole/summation-item" ns2:from="ferc_SalariesAndWagesGasProductionNaturalGas" ns2:to="ferc_SalariesAndWagesGasOperationProductionNaturalGas" ns2:type="arc" />
        <ns0:loc ns2:href="../../ferc-core_2020-01-01.xsd#ferc_SalariesAndWagesGasOtherGasSupply" ns2:label="ferc_SalariesAndWagesGasOtherGasSupply" ns2:type="locator" />
        <ns0:loc ns2:href="../../ferc-core_2020-01-01.xsd#ferc_SalariesAndWagesGasOperationOtherGasSupply" ns2:label="ferc_SalariesAndWagesGasOperationOtherGasSupply" ns2:type="locator" />
        <ns0:calculationArc order="1" weight="1" ns2:arcrole="http://www.xbrl.org/2003/arcrole/summation-item" ns2:from="ferc_SalariesAndWagesGasOtherGasSupply" ns2:to="ferc_SalariesAndWagesGasOperationOtherGasSupply" ns2:type="arc" />
        <ns0:loc ns2:href="../../ferc-core_2020-01-01.xsd#ferc_SalariesAndWagesGasStorageLngTerminalingAndProcessing" ns2:label="ferc_SalariesAndWagesGasStorageLngTerminalingAndProcessing" ns2:type="locator" />
        <ns0:loc ns2:href="../../ferc-core_2020-01-01.xsd#ferc_SalariesAndWagesGasOperationStorageLiquifiedNaturalGasTerminalingAndProcessing" ns2:label="ferc_SalariesAndWagesGasOperationStorageLiquifiedNaturalGasTerminalingAndProcessing" ns2:type="locator" />
        <ns0:calculationArc order="1" weight="1" ns2:arcrole="http://www.xbrl.org/2003/arcrole/summation-item" ns2:from="ferc_SalariesAndWagesGasStorageLngTerminalingAndProcessing" ns2:to="ferc_SalariesAndWagesGasOperationStorageLiquifiedNaturalGasTerminalingAndProcessing" ns2:type="arc" />
        <ns0:loc ns2:href="../../ferc-core_2020-01-01.xsd#ferc_SalariesAndWagesGasTransmission" ns2:label="ferc_SalariesAndWagesGasTransmission" ns2:type="locator" />
        <ns0:loc ns2:href="../../ferc-core_2020-01-01.xsd#ferc_SalariesAndWagesGasOperationTransmission" ns2:label="ferc_SalariesAndWagesGasOperationTransmission" ns2:type="locator" />
        <ns0:calculationArc order="1" weight="1" ns2:arcrole="http://www.xbrl.org/2003/arcrole/summation-item" ns2:from="ferc_SalariesAndWagesGasTransmission" ns2:to="ferc_SalariesAndWagesGasOperationTransmission" ns2:type="arc" />
        <ns0:loc ns2:href="../../ferc-core_2020-01-01.xsd#ferc_SalariesAndWagesGasDistribution" ns2:label="ferc_SalariesAndWagesGasDistribution" ns2:type="locator" />
        <ns0:loc ns2:href="../../ferc-core_2020-01-01.xsd#ferc_SalariesAndWagesGasOperationDistribution" ns2:label="ferc_SalariesAndWagesGasOperationDistribution" ns2:type="locator" />
        <ns0:calculationArc order="1" weight="1" ns2:arcrole="http://www.xbrl.org/2003/arcrole/summation-item" ns2:from="ferc_SalariesAndWagesGasDistribution" ns2:to="ferc_SalariesAndWagesGasOperationDistribution" ns2:type="arc" />
        <ns0:loc ns2:href="../../ferc-core_2020-01-01.xsd#ferc_SalariesAndWagesGasAdministrativeAndGeneral" ns2:label="ferc_SalariesAndWagesGasAdministrativeAndGeneral" ns2:type="locator" />
        <ns0:loc ns2:href="../../ferc-core_2020-01-01.xsd#ferc_SalariesAndWagesGasOperationAdministrativeAndGeneral" ns2:label="ferc_SalariesAndWagesGasOperationAdministrativeAndGeneral" ns2:type="locator" />
        <ns0:calculationArc order="1" weight="1" ns2:arcrole="http://www.xbrl.org/2003/arcrole/summation-item" ns2:from="ferc_SalariesAndWagesGasAdministrativeAndGeneral" ns2:to="ferc_SalariesAndWagesGasOperationAdministrativeAndGeneral" ns2:type="arc" />
        <ns0:loc ns2:href="../../ferc-core_2020-01-01.xsd#ferc_SalariesAndWagesGasMaintenanceProductionManufacturedGas" ns2:label="ferc_SalariesAndWagesGasMaintenanceProductionManufacturedGas" ns2:type="locator" />
        <ns0:calculationArc order="1" weight="1" ns2:arcrole="http://www.xbrl.org/2003/arcrole/summation-item" ns2:from="ferc_SalariesAndWagesGasProductionManufacturedGas" ns2:to="ferc_SalariesAndWagesGasMaintenanceProductionManufacturedGas" ns2:type="arc" />
        <ns0:loc ns2:href="../../ferc-core_2020-01-01.xsd#ferc_SalariesAndWagesGasMaintenanceProductionNaturalGas" ns2:label="ferc_SalariesAndWagesGasMaintenanceProductionNaturalGas" ns2:type="locator" />
        <ns0:calculationArc order="1" weight="1" ns2:arcrole="http://www.xbrl.org/2003/arcrole/summation-item" ns2:from="ferc_SalariesAndWagesGasProductionNaturalGas" ns2:to="ferc_SalariesAndWagesGasMaintenanceProductionNaturalGas" ns2:type="arc" />
        <ns0:loc ns2:href="../../ferc-core_2020-01-01.xsd#ferc_SalariesAndWagesGasMaintenanceOtherGasSupply" ns2:label="ferc_SalariesAndWagesGasMaintenanceOtherGasSupply" ns2:type="locator" />
        <ns0:calculationArc order="1" weight="1" ns2:arcrole="http://www.xbrl.org/2003/arcrole/summation-item" ns2:from="ferc_SalariesAndWagesGasOtherGasSupply" ns2:to="ferc_SalariesAndWagesGasMaintenanceOtherGasSupply" ns2:type="arc" />
        <ns0:loc ns2:href="../../ferc-core_2020-01-01.xsd#ferc_SalariesAndWagesGasMaintenanceStorageLngTerminalingAndProcessing" ns2:label="ferc_SalariesAndWagesGasMaintenanceStorageLngTerminalingAndProcessing" ns2:type="locator" />
        <ns0:calculationArc order="1" weight="1" ns2:arcrole="http://www.xbrl.org/2003/arcrole/summation-item" ns2:from="ferc_SalariesAndWagesGasStorageLngTerminalingAndProcessing" ns2:to="ferc_SalariesAndWagesGasMaintenanceStorageLngTerminalingAndProcessing" ns2:type="arc" />
        <ns0:loc ns2:href="../../ferc-core_2020-01-01.xsd#ferc_SalariesAndWagesGasMaintenanceTransmission" ns2:label="ferc_SalariesAndWagesGasMaintenanceTransmission" ns2:type="locator" />
        <ns0:calculationArc order="1" weight="1" ns2:arcrole="http://www.xbrl.org/2003/arcrole/summation-item" ns2:from="ferc_SalariesAndWagesGasTransmission" ns2:to="ferc_SalariesAndWagesGasMaintenanceTransmission" ns2:type="arc" />
        <ns0:loc ns2:href="../../ferc-core_2020-01-01.xsd#ferc_SalariesAndWagesGasMaintenanceDistribution" ns2:label="ferc_SalariesAndWagesGasMaintenanceDistribution" ns2:type="locator" />
        <ns0:calculationArc order="1" weight="1" ns2:arcrole="http://www.xbrl.org/2003/arcrole/summation-item" ns2:from="ferc_SalariesAndWagesGasDistribution" ns2:to="ferc_SalariesAndWagesGasMaintenanceDistribution" ns2:type="arc" />
        <ns0:loc ns2:href="../../ferc-core_2020-01-01.xsd#ferc_SalariesAndWagesGasMaintenanceAdministrativeAndGeneral" ns2:label="ferc_SalariesAndWagesGasMaintenanceAdministrativeAndGeneral" ns2:type="locator" />
        <ns0:calculationArc order="1" weight="1" ns2:arcrole="http://www.xbrl.org/2003/arcrole/summation-item" ns2:from="ferc_SalariesAndWagesGasAdministrativeAndGeneral" ns2:to="ferc_SalariesAndWagesGasMaintenanceAdministrativeAndGeneral" ns2:type="arc" />
    </ns0:calculationLink>
</ns0:linkbase>