﻿<?xml version="1.0" encoding="utf-8"?>
<!--© DNB-->
<link:linkbase xmlns:xsi="http://www.w3.org/2001/XMLSchema-instance" xmlns:xlink="http://www.w3.org/1999/xlink" xmlns:link="http://www.xbrl.org/2003/linkbase" xmlns:gen="http://xbrl.org/2008/generic" xmlns:label="http://xbrl.org/2008/label" xmlns:formula="http://xbrl.org/2008/formula" xmlns:df="http://xbrl.org/2008/filter/dimension" xmlns:table="http://xbrl.org/2014/table" xmlns:model="http://www.eurofiling.info/xbrl/ext/model" xmlns:dnb_dim="http://www.dnb.nl/xbrl/dict/dim" xmlns:dnb_ppi_dom001="http://www.dnb.nl/xbrl/dict/dom/ppi_dom001" xmlns:dnb_met="http://www.dnb.nl/xbrl/dict/met" xsi:schemaLocation="http://www.xbrl.org/2003/linkbase http://www.xbrl.org/2003/xbrl-linkbase-2003-12-31.xsd http://xbrl.org/2008/generic http://www.xbrl.org/2008/generic-link.xsd http://xbrl.org/2008/label http://www.xbrl.org/2008/generic-label.xsd http://xbrl.org/2008/formula http://www.xbrl.org/2008/formula.xsd http://xbrl.org/2008/filter/dimension http://www.xbrl.org/2008/dimension-filter.xsd http://xbrl.org/2014/table http://www.xbrl.org/2014/table.xsd http://www.eurofiling.info/xbrl/ext/model http://www.eurofiling.info/eu/fr/xbrl/ext/model.xsd">
  <link:arcroleRef arcroleURI="http://xbrl.org/arcrole/2014/breakdown-tree" xlink:type="simple" xlink:href="http://www.xbrl.org/2014/table.xsd#breakdown-tree" />
  <link:arcroleRef arcroleURI="http://xbrl.org/arcrole/2014/definition-node-subtree" xlink:type="simple" xlink:href="http://www.xbrl.org/2014/table.xsd#definition-node-subtree" />
  <link:arcroleRef arcroleURI="http://xbrl.org/arcrole/2014/table-breakdown" xlink:type="simple" xlink:href="http://www.xbrl.org/2014/table.xsd#table-breakdown" />
  <link:roleRef roleURI="http://www.dnb.nl/xbrl/role/fws/DNB-NR/ppi-2019-06/2019-12-31/tab/T23" xlink:type="simple" xlink:href="t23.xsd#role" />
  <gen:link xlink:type="extended" xlink:role="http://www.dnb.nl/xbrl/role/fws/DNB-NR/ppi-2019-06/2019-12-31/tab/T23">
    <table:table xlink:type="resource" xlink:label="dnb_tT23" id="dnb_tT23" />
    <table:breakdown xlink:type="resource" xlink:label="dnb_a1" parentChildOrder="parent-first" id="dnb_a1" />
    <table:ruleNode xlink:type="resource" xlink:label="dnb_a1.root" abstract="true" merge="true" id="dnb_a1.root" />
    <table:breakdownTreeArc xlink:type="arc" xlink:arcrole="http://xbrl.org/arcrole/2014/breakdown-tree" xlink:from="dnb_a1" xlink:to="dnb_a1.root" order="0" />
    <table:ruleNode xlink:type="resource" xlink:label="dnb_c1" id="dnb_c1">
      <formula:explicitDimension dimension="dnb_dim:ppi_dim001">
        <formula:member>
          <formula:qname>dnb_ppi_dom001:mem009</formula:qname>
        </formula:member>
      </formula:explicitDimension>
    </table:ruleNode>
    <table:definitionNodeSubtreeArc xlink:type="arc" xlink:arcrole="http://xbrl.org/arcrole/2014/definition-node-subtree" xlink:from="dnb_a1.root" xlink:to="dnb_c1" order="1" />
    <table:tableBreakdownArc xlink:type="arc" xlink:arcrole="http://xbrl.org/arcrole/2014/table-breakdown" xlink:from="dnb_tT23" xlink:to="dnb_a1" axis="x" order="1" />
    <table:breakdown xlink:type="resource" xlink:label="dnb_a2" parentChildOrder="parent-first" id="dnb_a2" />
    <table:ruleNode xlink:type="resource" xlink:label="dnb_a2.root" abstract="true" merge="true" id="dnb_a2.root" />
    <table:breakdownTreeArc xlink:type="arc" xlink:arcrole="http://xbrl.org/arcrole/2014/breakdown-tree" xlink:from="dnb_a2" xlink:to="dnb_a2.root" order="0" />
    <table:ruleNode xlink:type="resource" xlink:label="dnb_c2" abstract="true" id="dnb_c2" />
    <table:ruleNode xlink:type="resource" xlink:label="dnb_c3" id="dnb_c3">
      <formula:concept>
        <formula:qname>dnb_met:si_ppi_009</formula:qname>
      </formula:concept>
    </table:ruleNode>
    <table:definitionNodeSubtreeArc xlink:type="arc" xlink:arcrole="http://xbrl.org/arcrole/2014/definition-node-subtree" xlink:from="dnb_c2" xlink:to="dnb_c3" order="1" />
    <table:ruleNode xlink:type="resource" xlink:label="dnb_c4" id="dnb_c4">
      <formula:concept>
        <formula:qname>dnb_met:si_ppi_010</formula:qname>
      </formula:concept>
    </table:ruleNode>
    <table:definitionNodeSubtreeArc xlink:type="arc" xlink:arcrole="http://xbrl.org/arcrole/2014/definition-node-subtree" xlink:from="dnb_c2" xlink:to="dnb_c4" order="2" />
    <table:definitionNodeSubtreeArc xlink:type="arc" xlink:arcrole="http://xbrl.org/arcrole/2014/definition-node-subtree" xlink:from="dnb_a2.root" xlink:to="dnb_c2" order="1" />
    <table:ruleNode xlink:type="resource" xlink:label="dnb_c5" abstract="true" id="dnb_c5" />
    <table:ruleNode xlink:type="resource" xlink:label="dnb_c6" id="dnb_c6">
      <formula:concept>
        <formula:qname>dnb_met:si_ppi_011</formula:qname>
      </formula:concept>
    </table:ruleNode>
    <table:definitionNodeSubtreeArc xlink:type="arc" xlink:arcrole="http://xbrl.org/arcrole/2014/definition-node-subtree" xlink:from="dnb_c5" xlink:to="dnb_c6" order="1" />
    <table:ruleNode xlink:type="resource" xlink:label="dnb_c7" id="dnb_c7">
      <formula:concept>
        <formula:qname>dnb_met:si_ppi_012</formula:qname>
      </formula:concept>
    </table:ruleNode>
    <table:definitionNodeSubtreeArc xlink:type="arc" xlink:arcrole="http://xbrl.org/arcrole/2014/definition-node-subtree" xlink:from="dnb_c5" xlink:to="dnb_c7" order="2" />
    <table:ruleNode xlink:type="resource" xlink:label="dnb_c8" id="dnb_c8">
      <formula:concept>
        <formula:qname>dnb_met:si_ppi_013</formula:qname>
      </formula:concept>
    </table:ruleNode>
    <table:definitionNodeSubtreeArc xlink:type="arc" xlink:arcrole="http://xbrl.org/arcrole/2014/definition-node-subtree" xlink:from="dnb_c5" xlink:to="dnb_c8" order="3" />
    <table:definitionNodeSubtreeArc xlink:type="arc" xlink:arcrole="http://xbrl.org/arcrole/2014/definition-node-subtree" xlink:from="dnb_a2.root" xlink:to="dnb_c5" order="2" />
    <table:ruleNode xlink:type="resource" xlink:label="dnb_c9" abstract="true" id="dnb_c9" />
    <table:ruleNode xlink:type="resource" xlink:label="dnb_c10" id="dnb_c10">
      <formula:concept>
        <formula:qname>dnb_met:si_ppi_014</formula:qname>
      </formula:concept>
    </table:ruleNode>
    <table:definitionNodeSubtreeArc xlink:type="arc" xlink:arcrole="http://xbrl.org/arcrole/2014/definition-node-subtree" xlink:from="dnb_c9" xlink:to="dnb_c10" order="1" />
    <table:definitionNodeSubtreeArc xlink:type="arc" xlink:arcrole="http://xbrl.org/arcrole/2014/definition-node-subtree" xlink:from="dnb_a2.root" xlink:to="dnb_c9" order="3" />
    <table:ruleNode xlink:type="resource" xlink:label="dnb_c11" abstract="true" id="dnb_c11" />
    <table:ruleNode xlink:type="resource" xlink:label="dnb_c12" id="dnb_c12">
      <formula:concept>
        <formula:qname>dnb_met:si_ppi_127</formula:qname>
      </formula:concept>
    </table:ruleNode>
    <table:definitionNodeSubtreeArc xlink:type="arc" xlink:arcrole="http://xbrl.org/arcrole/2014/definition-node-subtree" xlink:from="dnb_c11" xlink:to="dnb_c12" order="1" />
    <table:definitionNodeSubtreeArc xlink:type="arc" xlink:arcrole="http://xbrl.org/arcrole/2014/definition-node-subtree" xlink:from="dnb_a2.root" xlink:to="dnb_c11" order="4" />
    <table:ruleNode xlink:type="resource" xlink:label="dnb_c13" abstract="true" id="dnb_c13" />
    <table:ruleNode xlink:type="resource" xlink:label="dnb_c14" id="dnb_c14">
      <formula:concept>
        <formula:qname>dnb_met:ei_ppi_034</formula:qname>
      </formula:concept>
    </table:ruleNode>
    <table:definitionNodeSubtreeArc xlink:type="arc" xlink:arcrole="http://xbrl.org/arcrole/2014/definition-node-subtree" xlink:from="dnb_c13" xlink:to="dnb_c14" order="1" />
    <table:ruleNode xlink:type="resource" xlink:label="dnb_c15" id="dnb_c15">
      <formula:concept>
        <formula:qname>dnb_met:si_ppi_035</formula:qname>
      </formula:concept>
    </table:ruleNode>
    <table:definitionNodeSubtreeArc xlink:type="arc" xlink:arcrole="http://xbrl.org/arcrole/2014/definition-node-subtree" xlink:from="dnb_c13" xlink:to="dnb_c15" order="2" />
    <table:definitionNodeSubtreeArc xlink:type="arc" xlink:arcrole="http://xbrl.org/arcrole/2014/definition-node-subtree" xlink:from="dnb_a2.root" xlink:to="dnb_c13" order="5" />
    <table:ruleNode xlink:type="resource" xlink:label="dnb_c16" abstract="true" id="dnb_c16" />
    <table:ruleNode xlink:type="resource" xlink:label="dnb_c17" id="dnb_c17">
      <formula:concept>
        <formula:qname>dnb_met:ei_ppi_019</formula:qname>
      </formula:concept>
    </table:ruleNode>
    <table:definitionNodeSubtreeArc xlink:type="arc" xlink:arcrole="http://xbrl.org/arcrole/2014/definition-node-subtree" xlink:from="dnb_c16" xlink:to="dnb_c17" order="1" />
    <table:ruleNode xlink:type="resource" xlink:label="dnb_c18" id="dnb_c18">
      <formula:concept>
        <formula:qname>dnb_met:si_ppi_020</formula:qname>
      </formula:concept>
    </table:ruleNode>
    <table:definitionNodeSubtreeArc xlink:type="arc" xlink:arcrole="http://xbrl.org/arcrole/2014/definition-node-subtree" xlink:from="dnb_c16" xlink:to="dnb_c18" order="2" />
    <table:definitionNodeSubtreeArc xlink:type="arc" xlink:arcrole="http://xbrl.org/arcrole/2014/definition-node-subtree" xlink:from="dnb_a2.root" xlink:to="dnb_c16" order="6" />
    <table:ruleNode xlink:type="resource" xlink:label="dnb_c19" abstract="true" id="dnb_c19" />
    <table:ruleNode xlink:type="resource" xlink:label="dnb_c20" id="dnb_c20">
      <formula:concept>
        <formula:qname>dnb_met:ei_ppi_036</formula:qname>
      </formula:concept>
    </table:ruleNode>
    <table:definitionNodeSubtreeArc xlink:type="arc" xlink:arcrole="http://xbrl.org/arcrole/2014/definition-node-subtree" xlink:from="dnb_c19" xlink:to="dnb_c20" order="1" />
    <table:ruleNode xlink:type="resource" xlink:label="dnb_c21" id="dnb_c21">
      <formula:concept>
        <formula:qname>dnb_met:si_ppi_037</formula:qname>
      </formula:concept>
    </table:ruleNode>
    <table:definitionNodeSubtreeArc xlink:type="arc" xlink:arcrole="http://xbrl.org/arcrole/2014/definition-node-subtree" xlink:from="dnb_c19" xlink:to="dnb_c21" order="2" />
    <table:ruleNode xlink:type="resource" xlink:label="dnb_c22" id="dnb_c22">
      <formula:concept>
        <formula:qname>dnb_met:ei_ppi_038</formula:qname>
      </formula:concept>
    </table:ruleNode>
    <table:definitionNodeSubtreeArc xlink:type="arc" xlink:arcrole="http://xbrl.org/arcrole/2014/definition-node-subtree" xlink:from="dnb_c19" xlink:to="dnb_c22" order="3" />
    <table:ruleNode xlink:type="resource" xlink:label="dnb_c23" id="dnb_c23">
      <formula:concept>
        <formula:qname>dnb_met:si_ppi_039</formula:qname>
      </formula:concept>
    </table:ruleNode>
    <table:definitionNodeSubtreeArc xlink:type="arc" xlink:arcrole="http://xbrl.org/arcrole/2014/definition-node-subtree" xlink:from="dnb_c19" xlink:to="dnb_c23" order="4" />
    <table:ruleNode xlink:type="resource" xlink:label="dnb_c24" id="dnb_c24">
      <formula:concept>
        <formula:qname>dnb_met:si_ppi_040</formula:qname>
      </formula:concept>
    </table:ruleNode>
    <table:definitionNodeSubtreeArc xlink:type="arc" xlink:arcrole="http://xbrl.org/arcrole/2014/definition-node-subtree" xlink:from="dnb_c19" xlink:to="dnb_c24" order="5" />
    <table:ruleNode xlink:type="resource" xlink:label="dnb_c25" id="dnb_c25">
      <formula:concept>
        <formula:qname>dnb_met:si_ppi_041</formula:qname>
      </formula:concept>
    </table:ruleNode>
    <table:definitionNodeSubtreeArc xlink:type="arc" xlink:arcrole="http://xbrl.org/arcrole/2014/definition-node-subtree" xlink:from="dnb_c19" xlink:to="dnb_c25" order="6" />
    <table:definitionNodeSubtreeArc xlink:type="arc" xlink:arcrole="http://xbrl.org/arcrole/2014/definition-node-subtree" xlink:from="dnb_a2.root" xlink:to="dnb_c19" order="7" />
    <table:ruleNode xlink:type="resource" xlink:label="dnb_c26" abstract="true" id="dnb_c26" />
    <table:ruleNode xlink:type="resource" xlink:label="dnb_c27" id="dnb_c27">
      <formula:concept>
        <formula:qname>dnb_met:ei_ppi_042</formula:qname>
      </formula:concept>
    </table:ruleNode>
    <table:definitionNodeSubtreeArc xlink:type="arc" xlink:arcrole="http://xbrl.org/arcrole/2014/definition-node-subtree" xlink:from="dnb_c26" xlink:to="dnb_c27" order="1" />
    <table:ruleNode xlink:type="resource" xlink:label="dnb_c28" id="dnb_c28">
      <formula:concept>
        <formula:qname>dnb_met:si_ppi_043</formula:qname>
      </formula:concept>
    </table:ruleNode>
    <table:definitionNodeSubtreeArc xlink:type="arc" xlink:arcrole="http://xbrl.org/arcrole/2014/definition-node-subtree" xlink:from="dnb_c26" xlink:to="dnb_c28" order="2" />
    <table:ruleNode xlink:type="resource" xlink:label="dnb_c29" id="dnb_c29">
      <formula:concept>
        <formula:qname>dnb_met:si_ppi_044</formula:qname>
      </formula:concept>
    </table:ruleNode>
    <table:definitionNodeSubtreeArc xlink:type="arc" xlink:arcrole="http://xbrl.org/arcrole/2014/definition-node-subtree" xlink:from="dnb_c26" xlink:to="dnb_c29" order="3" />
    <table:definitionNodeSubtreeArc xlink:type="arc" xlink:arcrole="http://xbrl.org/arcrole/2014/definition-node-subtree" xlink:from="dnb_a2.root" xlink:to="dnb_c26" order="8" />
    <table:ruleNode xlink:type="resource" xlink:label="dnb_c30" abstract="true" id="dnb_c30" />
    <table:ruleNode xlink:type="resource" xlink:label="dnb_c31" id="dnb_c31">
      <formula:concept>
        <formula:qname>dnb_met:ei_ppi_045</formula:qname>
      </formula:concept>
    </table:ruleNode>
    <table:definitionNodeSubtreeArc xlink:type="arc" xlink:arcrole="http://xbrl.org/arcrole/2014/definition-node-subtree" xlink:from="dnb_c30" xlink:to="dnb_c31" order="1" />
    <table:ruleNode xlink:type="resource" xlink:label="dnb_c32" id="dnb_c32">
      <formula:concept>
        <formula:qname>dnb_met:si_ppi_046</formula:qname>
      </formula:concept>
    </table:ruleNode>
    <table:definitionNodeSubtreeArc xlink:type="arc" xlink:arcrole="http://xbrl.org/arcrole/2014/definition-node-subtree" xlink:from="dnb_c30" xlink:to="dnb_c32" order="2" />
    <table:definitionNodeSubtreeArc xlink:type="arc" xlink:arcrole="http://xbrl.org/arcrole/2014/definition-node-subtree" xlink:from="dnb_a2.root" xlink:to="dnb_c30" order="9" />
    <table:ruleNode xlink:type="resource" xlink:label="dnb_c33" abstract="true" id="dnb_c33" />
    <table:ruleNode xlink:type="resource" xlink:label="dnb_c34" id="dnb_c34">
      <formula:concept>
        <formula:qname>dnb_met:si_ppi_047</formula:qname>
      </formula:concept>
    </table:ruleNode>
    <table:definitionNodeSubtreeArc xlink:type="arc" xlink:arcrole="http://xbrl.org/arcrole/2014/definition-node-subtree" xlink:from="dnb_c33" xlink:to="dnb_c34" order="1" />
    <table:ruleNode xlink:type="resource" xlink:label="dnb_c35" id="dnb_c35">
      <formula:concept>
        <formula:qname>dnb_met:si_ppi_048</formula:qname>
      </formula:concept>
    </table:ruleNode>
    <table:definitionNodeSubtreeArc xlink:type="arc" xlink:arcrole="http://xbrl.org/arcrole/2014/definition-node-subtree" xlink:from="dnb_c33" xlink:to="dnb_c35" order="2" />
    <table:ruleNode xlink:type="resource" xlink:label="dnb_c36" id="dnb_c36">
      <formula:concept>
        <formula:qname>dnb_met:si_ppi_049</formula:qname>
      </formula:concept>
    </table:ruleNode>
    <table:definitionNodeSubtreeArc xlink:type="arc" xlink:arcrole="http://xbrl.org/arcrole/2014/definition-node-subtree" xlink:from="dnb_c33" xlink:to="dnb_c36" order="3" />
    <table:ruleNode xlink:type="resource" xlink:label="dnb_c37" id="dnb_c37">
      <formula:concept>
        <formula:qname>dnb_met:si_ppi_050</formula:qname>
      </formula:concept>
    </table:ruleNode>
    <table:definitionNodeSubtreeArc xlink:type="arc" xlink:arcrole="http://xbrl.org/arcrole/2014/definition-node-subtree" xlink:from="dnb_c33" xlink:to="dnb_c37" order="4" />
    <table:ruleNode xlink:type="resource" xlink:label="dnb_c38" id="dnb_c38">
      <formula:concept>
        <formula:qname>dnb_met:si_ppi_051</formula:qname>
      </formula:concept>
    </table:ruleNode>
    <table:definitionNodeSubtreeArc xlink:type="arc" xlink:arcrole="http://xbrl.org/arcrole/2014/definition-node-subtree" xlink:from="dnb_c33" xlink:to="dnb_c38" order="5" />
    <table:ruleNode xlink:type="resource" xlink:label="dnb_c39" id="dnb_c39">
      <formula:concept>
        <formula:qname>dnb_met:si_ppi_052</formula:qname>
      </formula:concept>
    </table:ruleNode>
    <table:definitionNodeSubtreeArc xlink:type="arc" xlink:arcrole="http://xbrl.org/arcrole/2014/definition-node-subtree" xlink:from="dnb_c33" xlink:to="dnb_c39" order="6" />
    <table:definitionNodeSubtreeArc xlink:type="arc" xlink:arcrole="http://xbrl.org/arcrole/2014/definition-node-subtree" xlink:from="dnb_a2.root" xlink:to="dnb_c33" order="10" />
    <table:ruleNode xlink:type="resource" xlink:label="dnb_c40" abstract="true" id="dnb_c40" />
    <table:ruleNode xlink:type="resource" xlink:label="dnb_c41" id="dnb_c41">
      <formula:concept>
        <formula:qname>dnb_met:si_ppi_053</formula:qname>
      </formula:concept>
    </table:ruleNode>
    <table:definitionNodeSubtreeArc xlink:type="arc" xlink:arcrole="http://xbrl.org/arcrole/2014/definition-node-subtree" xlink:from="dnb_c40" xlink:to="dnb_c41" order="1" />
    <table:ruleNode xlink:type="resource" xlink:label="dnb_c42" id="dnb_c42">
      <formula:concept>
        <formula:qname>dnb_met:si_ppi_054</formula:qname>
      </formula:concept>
    </table:ruleNode>
    <table:definitionNodeSubtreeArc xlink:type="arc" xlink:arcrole="http://xbrl.org/arcrole/2014/definition-node-subtree" xlink:from="dnb_c40" xlink:to="dnb_c42" order="2" />
    <table:definitionNodeSubtreeArc xlink:type="arc" xlink:arcrole="http://xbrl.org/arcrole/2014/definition-node-subtree" xlink:from="dnb_a2.root" xlink:to="dnb_c40" order="11" />
    <table:ruleNode xlink:type="resource" xlink:label="dnb_c43" abstract="true" id="dnb_c43" />
    <table:ruleNode xlink:type="resource" xlink:label="dnb_c44" id="dnb_c44">
      <formula:concept>
        <formula:qname>dnb_met:si_ppi_055</formula:qname>
      </formula:concept>
    </table:ruleNode>
    <table:definitionNodeSubtreeArc xlink:type="arc" xlink:arcrole="http://xbrl.org/arcrole/2014/definition-node-subtree" xlink:from="dnb_c43" xlink:to="dnb_c44" order="1" />
    <table:definitionNodeSubtreeArc xlink:type="arc" xlink:arcrole="http://xbrl.org/arcrole/2014/definition-node-subtree" xlink:from="dnb_a2.root" xlink:to="dnb_c43" order="12" />
    <table:ruleNode xlink:type="resource" xlink:label="dnb_c45" abstract="true" id="dnb_c45" />
    <table:ruleNode xlink:type="resource" xlink:label="dnb_c46" id="dnb_c46">
      <formula:concept>
        <formula:qname>dnb_met:si_ppi_056</formula:qname>
      </formula:concept>
    </table:ruleNode>
    <table:definitionNodeSubtreeArc xlink:type="arc" xlink:arcrole="http://xbrl.org/arcrole/2014/definition-node-subtree" xlink:from="dnb_c45" xlink:to="dnb_c46" order="1" />
    <table:definitionNodeSubtreeArc xlink:type="arc" xlink:arcrole="http://xbrl.org/arcrole/2014/definition-node-subtree" xlink:from="dnb_a2.root" xlink:to="dnb_c45" order="13" />
    <table:ruleNode xlink:type="resource" xlink:label="dnb_c47" abstract="true" id="dnb_c47" />
    <table:ruleNode xlink:type="resource" xlink:label="dnb_c48" id="dnb_c48">
      <formula:concept>
        <formula:qname>dnb_met:ei_ppi_057</formula:qname>
      </formula:concept>
    </table:ruleNode>
    <table:definitionNodeSubtreeArc xlink:type="arc" xlink:arcrole="http://xbrl.org/arcrole/2014/definition-node-subtree" xlink:from="dnb_c47" xlink:to="dnb_c48" order="1" />
    <table:ruleNode xlink:type="resource" xlink:label="dnb_c49" id="dnb_c49">
      <formula:concept>
        <formula:qname>dnb_met:si_ppi_058</formula:qname>
      </formula:concept>
    </table:ruleNode>
    <table:definitionNodeSubtreeArc xlink:type="arc" xlink:arcrole="http://xbrl.org/arcrole/2014/definition-node-subtree" xlink:from="dnb_c47" xlink:to="dnb_c49" order="2" />
    <table:ruleNode xlink:type="resource" xlink:label="dnb_c50" id="dnb_c50">
      <formula:concept>
        <formula:qname>dnb_met:si_ppi_059</formula:qname>
      </formula:concept>
    </table:ruleNode>
    <table:definitionNodeSubtreeArc xlink:type="arc" xlink:arcrole="http://xbrl.org/arcrole/2014/definition-node-subtree" xlink:from="dnb_c47" xlink:to="dnb_c50" order="3" />
    <table:ruleNode xlink:type="resource" xlink:label="dnb_c51" id="dnb_c51">
      <formula:concept>
        <formula:qname>dnb_met:si_ppi_060</formula:qname>
      </formula:concept>
    </table:ruleNode>
    <table:definitionNodeSubtreeArc xlink:type="arc" xlink:arcrole="http://xbrl.org/arcrole/2014/definition-node-subtree" xlink:from="dnb_c47" xlink:to="dnb_c51" order="4" />
    <table:definitionNodeSubtreeArc xlink:type="arc" xlink:arcrole="http://xbrl.org/arcrole/2014/definition-node-subtree" xlink:from="dnb_a2.root" xlink:to="dnb_c47" order="14" />
    <table:ruleNode xlink:type="resource" xlink:label="dnb_c52" abstract="true" id="dnb_c52" />
    <table:ruleNode xlink:type="resource" xlink:label="dnb_c53" id="dnb_c53">
      <formula:concept>
        <formula:qname>dnb_met:si_ppi_061</formula:qname>
      </formula:concept>
    </table:ruleNode>
    <table:definitionNodeSubtreeArc xlink:type="arc" xlink:arcrole="http://xbrl.org/arcrole/2014/definition-node-subtree" xlink:from="dnb_c52" xlink:to="dnb_c53" order="1" />
    <table:ruleNode xlink:type="resource" xlink:label="dnb_c54" id="dnb_c54">
      <formula:concept>
        <formula:qname>dnb_met:si_ppi_062</formula:qname>
      </formula:concept>
    </table:ruleNode>
    <table:definitionNodeSubtreeArc xlink:type="arc" xlink:arcrole="http://xbrl.org/arcrole/2014/definition-node-subtree" xlink:from="dnb_c52" xlink:to="dnb_c54" order="2" />
    <table:ruleNode xlink:type="resource" xlink:label="dnb_c55" id="dnb_c55">
      <formula:concept>
        <formula:qname>dnb_met:si_ppi_063</formula:qname>
      </formula:concept>
    </table:ruleNode>
    <table:definitionNodeSubtreeArc xlink:type="arc" xlink:arcrole="http://xbrl.org/arcrole/2014/definition-node-subtree" xlink:from="dnb_c52" xlink:to="dnb_c55" order="3" />
    <table:ruleNode xlink:type="resource" xlink:label="dnb_c56" id="dnb_c56">
      <formula:concept>
        <formula:qname>dnb_met:si_ppi_064</formula:qname>
      </formula:concept>
    </table:ruleNode>
    <table:definitionNodeSubtreeArc xlink:type="arc" xlink:arcrole="http://xbrl.org/arcrole/2014/definition-node-subtree" xlink:from="dnb_c52" xlink:to="dnb_c56" order="4" />
    <table:ruleNode xlink:type="resource" xlink:label="dnb_c57" id="dnb_c57">
      <formula:concept>
        <formula:qname>dnb_met:si_ppi_065</formula:qname>
      </formula:concept>
    </table:ruleNode>
    <table:definitionNodeSubtreeArc xlink:type="arc" xlink:arcrole="http://xbrl.org/arcrole/2014/definition-node-subtree" xlink:from="dnb_c52" xlink:to="dnb_c57" order="5" />
    <table:ruleNode xlink:type="resource" xlink:label="dnb_c58" id="dnb_c58">
      <formula:concept>
        <formula:qname>dnb_met:si_ppi_066</formula:qname>
      </formula:concept>
    </table:ruleNode>
    <table:definitionNodeSubtreeArc xlink:type="arc" xlink:arcrole="http://xbrl.org/arcrole/2014/definition-node-subtree" xlink:from="dnb_c52" xlink:to="dnb_c58" order="6" />
    <table:definitionNodeSubtreeArc xlink:type="arc" xlink:arcrole="http://xbrl.org/arcrole/2014/definition-node-subtree" xlink:from="dnb_a2.root" xlink:to="dnb_c52" order="15" />
    <table:ruleNode xlink:type="resource" xlink:label="dnb_c59" abstract="true" id="dnb_c59" />
    <table:ruleNode xlink:type="resource" xlink:label="dnb_c60" id="dnb_c60">
      <formula:concept>
        <formula:qname>dnb_met:si_ppi_017</formula:qname>
      </formula:concept>
    </table:ruleNode>
    <table:definitionNodeSubtreeArc xlink:type="arc" xlink:arcrole="http://xbrl.org/arcrole/2014/definition-node-subtree" xlink:from="dnb_c59" xlink:to="dnb_c60" order="1" />
    <table:definitionNodeSubtreeArc xlink:type="arc" xlink:arcrole="http://xbrl.org/arcrole/2014/definition-node-subtree" xlink:from="dnb_a2.root" xlink:to="dnb_c59" order="16" />
    <table:ruleNode xlink:type="resource" xlink:label="dnb_c61" abstract="true" id="dnb_c61" />
    <table:ruleNode xlink:type="resource" xlink:label="dnb_c62" abstract="true" id="dnb_c62" />
    <table:ruleNode xlink:type="resource" xlink:label="dnb_c63" id="dnb_c63">
      <formula:concept>
        <formula:qname>dnb_met:si_ppi_067</formula:qname>
      </formula:concept>
    </table:ruleNode>
    <table:definitionNodeSubtreeArc xlink:type="arc" xlink:arcrole="http://xbrl.org/arcrole/2014/definition-node-subtree" xlink:from="dnb_c62" xlink:to="dnb_c63" order="1" />
    <table:ruleNode xlink:type="resource" xlink:label="dnb_c64" id="dnb_c64">
      <formula:concept>
        <formula:qname>dnb_met:si_ppi_068</formula:qname>
      </formula:concept>
    </table:ruleNode>
    <table:definitionNodeSubtreeArc xlink:type="arc" xlink:arcrole="http://xbrl.org/arcrole/2014/definition-node-subtree" xlink:from="dnb_c62" xlink:to="dnb_c64" order="2" />
    <table:ruleNode xlink:type="resource" xlink:label="dnb_c65" id="dnb_c65">
      <formula:concept>
        <formula:qname>dnb_met:si_ppi_069</formula:qname>
      </formula:concept>
    </table:ruleNode>
    <table:definitionNodeSubtreeArc xlink:type="arc" xlink:arcrole="http://xbrl.org/arcrole/2014/definition-node-subtree" xlink:from="dnb_c62" xlink:to="dnb_c65" order="3" />
    <table:ruleNode xlink:type="resource" xlink:label="dnb_c66" id="dnb_c66">
      <formula:concept>
        <formula:qname>dnb_met:si_ppi_070</formula:qname>
      </formula:concept>
    </table:ruleNode>
    <table:definitionNodeSubtreeArc xlink:type="arc" xlink:arcrole="http://xbrl.org/arcrole/2014/definition-node-subtree" xlink:from="dnb_c62" xlink:to="dnb_c66" order="4" />
    <table:ruleNode xlink:type="resource" xlink:label="dnb_c67" id="dnb_c67">
      <formula:concept>
        <formula:qname>dnb_met:si_ppi_071</formula:qname>
      </formula:concept>
    </table:ruleNode>
    <table:definitionNodeSubtreeArc xlink:type="arc" xlink:arcrole="http://xbrl.org/arcrole/2014/definition-node-subtree" xlink:from="dnb_c62" xlink:to="dnb_c67" order="5" />
    <table:definitionNodeSubtreeArc xlink:type="arc" xlink:arcrole="http://xbrl.org/arcrole/2014/definition-node-subtree" xlink:from="dnb_c61" xlink:to="dnb_c62" order="1" />
    <table:ruleNode xlink:type="resource" xlink:label="dnb_c68" abstract="true" id="dnb_c68" />
    <table:ruleNode xlink:type="resource" xlink:label="dnb_c69" id="dnb_c69">
      <formula:concept>
        <formula:qname>dnb_met:ei_ppi_072</formula:qname>
      </formula:concept>
    </table:ruleNode>
    <table:definitionNodeSubtreeArc xlink:type="arc" xlink:arcrole="http://xbrl.org/arcrole/2014/definition-node-subtree" xlink:from="dnb_c68" xlink:to="dnb_c69" order="1" />
    <table:ruleNode xlink:type="resource" xlink:label="dnb_c70" id="dnb_c70">
      <formula:concept>
        <formula:qname>dnb_met:si_ppi_073</formula:qname>
      </formula:concept>
    </table:ruleNode>
    <table:definitionNodeSubtreeArc xlink:type="arc" xlink:arcrole="http://xbrl.org/arcrole/2014/definition-node-subtree" xlink:from="dnb_c68" xlink:to="dnb_c70" order="2" />
    <table:ruleNode xlink:type="resource" xlink:label="dnb_c71" id="dnb_c71">
      <formula:concept>
        <formula:qname>dnb_met:si_ppi_074</formula:qname>
      </formula:concept>
    </table:ruleNode>
    <table:definitionNodeSubtreeArc xlink:type="arc" xlink:arcrole="http://xbrl.org/arcrole/2014/definition-node-subtree" xlink:from="dnb_c68" xlink:to="dnb_c71" order="3" />
    <table:ruleNode xlink:type="resource" xlink:label="dnb_c72" id="dnb_c72">
      <formula:concept>
        <formula:qname>dnb_met:si_ppi_075</formula:qname>
      </formula:concept>
    </table:ruleNode>
    <table:definitionNodeSubtreeArc xlink:type="arc" xlink:arcrole="http://xbrl.org/arcrole/2014/definition-node-subtree" xlink:from="dnb_c68" xlink:to="dnb_c72" order="4" />
    <table:definitionNodeSubtreeArc xlink:type="arc" xlink:arcrole="http://xbrl.org/arcrole/2014/definition-node-subtree" xlink:from="dnb_c61" xlink:to="dnb_c68" order="2" />
    <table:ruleNode xlink:type="resource" xlink:label="dnb_c73" abstract="true" id="dnb_c73" />
    <table:ruleNode xlink:type="resource" xlink:label="dnb_c74" id="dnb_c74">
      <formula:concept>
        <formula:qname>dnb_met:si_ppi_076</formula:qname>
      </formula:concept>
    </table:ruleNode>
    <table:definitionNodeSubtreeArc xlink:type="arc" xlink:arcrole="http://xbrl.org/arcrole/2014/definition-node-subtree" xlink:from="dnb_c73" xlink:to="dnb_c74" order="1" />
    <table:definitionNodeSubtreeArc xlink:type="arc" xlink:arcrole="http://xbrl.org/arcrole/2014/definition-node-subtree" xlink:from="dnb_c61" xlink:to="dnb_c73" order="3" />
    <table:ruleNode xlink:type="resource" xlink:label="dnb_c75" abstract="true" id="dnb_c75" />
    <table:ruleNode xlink:type="resource" xlink:label="dnb_c76" id="dnb_c76">
      <formula:concept>
        <formula:qname>dnb_met:si_ppi_077</formula:qname>
      </formula:concept>
    </table:ruleNode>
    <table:definitionNodeSubtreeArc xlink:type="arc" xlink:arcrole="http://xbrl.org/arcrole/2014/definition-node-subtree" xlink:from="dnb_c75" xlink:to="dnb_c76" order="1" />
    <table:ruleNode xlink:type="resource" xlink:label="dnb_c77" id="dnb_c77">
      <formula:concept>
        <formula:qname>dnb_met:si_ppi_078</formula:qname>
      </formula:concept>
    </table:ruleNode>
    <table:definitionNodeSubtreeArc xlink:type="arc" xlink:arcrole="http://xbrl.org/arcrole/2014/definition-node-subtree" xlink:from="dnb_c75" xlink:to="dnb_c77" order="2" />
    <table:definitionNodeSubtreeArc xlink:type="arc" xlink:arcrole="http://xbrl.org/arcrole/2014/definition-node-subtree" xlink:from="dnb_c61" xlink:to="dnb_c75" order="4" />
    <table:ruleNode xlink:type="resource" xlink:label="dnb_c78" abstract="true" id="dnb_c78" />
    <table:ruleNode xlink:type="resource" xlink:label="dnb_c79" id="dnb_c79">
      <formula:concept>
        <formula:qname>dnb_met:ei_ppi_079</formula:qname>
      </formula:concept>
    </table:ruleNode>
    <table:definitionNodeSubtreeArc xlink:type="arc" xlink:arcrole="http://xbrl.org/arcrole/2014/definition-node-subtree" xlink:from="dnb_c78" xlink:to="dnb_c79" order="1" />
    <table:ruleNode xlink:type="resource" xlink:label="dnb_c80" id="dnb_c80">
      <formula:concept>
        <formula:qname>dnb_met:si_ppi_080</formula:qname>
      </formula:concept>
    </table:ruleNode>
    <table:definitionNodeSubtreeArc xlink:type="arc" xlink:arcrole="http://xbrl.org/arcrole/2014/definition-node-subtree" xlink:from="dnb_c78" xlink:to="dnb_c80" order="2" />
    <table:ruleNode xlink:type="resource" xlink:label="dnb_c81" id="dnb_c81">
      <formula:concept>
        <formula:qname>dnb_met:si_ppi_081</formula:qname>
      </formula:concept>
    </table:ruleNode>
    <table:definitionNodeSubtreeArc xlink:type="arc" xlink:arcrole="http://xbrl.org/arcrole/2014/definition-node-subtree" xlink:from="dnb_c78" xlink:to="dnb_c81" order="3" />
    <table:ruleNode xlink:type="resource" xlink:label="dnb_c82" id="dnb_c82">
      <formula:concept>
        <formula:qname>dnb_met:si_ppi_082</formula:qname>
      </formula:concept>
    </table:ruleNode>
    <table:definitionNodeSubtreeArc xlink:type="arc" xlink:arcrole="http://xbrl.org/arcrole/2014/definition-node-subtree" xlink:from="dnb_c78" xlink:to="dnb_c82" order="4" />
    <table:ruleNode xlink:type="resource" xlink:label="dnb_c83" id="dnb_c83">
      <formula:concept>
        <formula:qname>dnb_met:ei_ppi_083</formula:qname>
      </formula:concept>
    </table:ruleNode>
    <table:definitionNodeSubtreeArc xlink:type="arc" xlink:arcrole="http://xbrl.org/arcrole/2014/definition-node-subtree" xlink:from="dnb_c78" xlink:to="dnb_c83" order="5" />
    <table:ruleNode xlink:type="resource" xlink:label="dnb_c84" id="dnb_c84">
      <formula:concept>
        <formula:qname>dnb_met:si_ppi_084</formula:qname>
      </formula:concept>
    </table:ruleNode>
    <table:definitionNodeSubtreeArc xlink:type="arc" xlink:arcrole="http://xbrl.org/arcrole/2014/definition-node-subtree" xlink:from="dnb_c78" xlink:to="dnb_c84" order="6" />
    <table:ruleNode xlink:type="resource" xlink:label="dnb_c85" id="dnb_c85">
      <formula:concept>
        <formula:qname>dnb_met:si_ppi_085</formula:qname>
      </formula:concept>
    </table:ruleNode>
    <table:definitionNodeSubtreeArc xlink:type="arc" xlink:arcrole="http://xbrl.org/arcrole/2014/definition-node-subtree" xlink:from="dnb_c78" xlink:to="dnb_c85" order="7" />
    <table:definitionNodeSubtreeArc xlink:type="arc" xlink:arcrole="http://xbrl.org/arcrole/2014/definition-node-subtree" xlink:from="dnb_c61" xlink:to="dnb_c78" order="5" />
    <table:definitionNodeSubtreeArc xlink:type="arc" xlink:arcrole="http://xbrl.org/arcrole/2014/definition-node-subtree" xlink:from="dnb_a2.root" xlink:to="dnb_c61" order="17" />
    <table:ruleNode xlink:type="resource" xlink:label="dnb_c86" abstract="true" id="dnb_c86" />
    <table:ruleNode xlink:type="resource" xlink:label="dnb_c87" id="dnb_c87">
      <formula:concept>
        <formula:qname>dnb_met:ei_ppi_086</formula:qname>
      </formula:concept>
    </table:ruleNode>
    <table:definitionNodeSubtreeArc xlink:type="arc" xlink:arcrole="http://xbrl.org/arcrole/2014/definition-node-subtree" xlink:from="dnb_c86" xlink:to="dnb_c87" order="1" />
    <table:ruleNode xlink:type="resource" xlink:label="dnb_c88" id="dnb_c88">
      <formula:concept>
        <formula:qname>dnb_met:si_ppi_087</formula:qname>
      </formula:concept>
    </table:ruleNode>
    <table:definitionNodeSubtreeArc xlink:type="arc" xlink:arcrole="http://xbrl.org/arcrole/2014/definition-node-subtree" xlink:from="dnb_c86" xlink:to="dnb_c88" order="2" />
    <table:ruleNode xlink:type="resource" xlink:label="dnb_c89" id="dnb_c89">
      <formula:concept>
        <formula:qname>dnb_met:si_ppi_088</formula:qname>
      </formula:concept>
    </table:ruleNode>
    <table:definitionNodeSubtreeArc xlink:type="arc" xlink:arcrole="http://xbrl.org/arcrole/2014/definition-node-subtree" xlink:from="dnb_c86" xlink:to="dnb_c89" order="3" />
    <table:ruleNode xlink:type="resource" xlink:label="dnb_c90" id="dnb_c90">
      <formula:concept>
        <formula:qname>dnb_met:si_ppi_089</formula:qname>
      </formula:concept>
    </table:ruleNode>
    <table:definitionNodeSubtreeArc xlink:type="arc" xlink:arcrole="http://xbrl.org/arcrole/2014/definition-node-subtree" xlink:from="dnb_c86" xlink:to="dnb_c90" order="4" />
    <table:ruleNode xlink:type="resource" xlink:label="dnb_c91" id="dnb_c91">
      <formula:concept>
        <formula:qname>dnb_met:si_ppi_090</formula:qname>
      </formula:concept>
    </table:ruleNode>
    <table:definitionNodeSubtreeArc xlink:type="arc" xlink:arcrole="http://xbrl.org/arcrole/2014/definition-node-subtree" xlink:from="dnb_c86" xlink:to="dnb_c91" order="5" />
    <table:definitionNodeSubtreeArc xlink:type="arc" xlink:arcrole="http://xbrl.org/arcrole/2014/definition-node-subtree" xlink:from="dnb_a2.root" xlink:to="dnb_c86" order="18" />
    <table:ruleNode xlink:type="resource" xlink:label="dnb_c92" abstract="true" id="dnb_c92" />
    <table:ruleNode xlink:type="resource" xlink:label="dnb_c93" id="dnb_c93">
      <formula:concept>
        <formula:qname>dnb_met:si_ppi_091</formula:qname>
      </formula:concept>
    </table:ruleNode>
    <table:definitionNodeSubtreeArc xlink:type="arc" xlink:arcrole="http://xbrl.org/arcrole/2014/definition-node-subtree" xlink:from="dnb_c92" xlink:to="dnb_c93" order="1" />
    <table:definitionNodeSubtreeArc xlink:type="arc" xlink:arcrole="http://xbrl.org/arcrole/2014/definition-node-subtree" xlink:from="dnb_a2.root" xlink:to="dnb_c92" order="19" />
    <table:ruleNode xlink:type="resource" xlink:label="dnb_c94" abstract="true" id="dnb_c94" />
    <table:ruleNode xlink:type="resource" xlink:label="dnb_c95" id="dnb_c95">
      <formula:concept>
        <formula:qname>dnb_met:si_ppi_092</formula:qname>
      </formula:concept>
    </table:ruleNode>
    <table:definitionNodeSubtreeArc xlink:type="arc" xlink:arcrole="http://xbrl.org/arcrole/2014/definition-node-subtree" xlink:from="dnb_c94" xlink:to="dnb_c95" order="1" />
    <table:definitionNodeSubtreeArc xlink:type="arc" xlink:arcrole="http://xbrl.org/arcrole/2014/definition-node-subtree" xlink:from="dnb_a2.root" xlink:to="dnb_c94" order="20" />
    <table:ruleNode xlink:type="resource" xlink:label="dnb_c96" abstract="true" id="dnb_c96" />
    <table:ruleNode xlink:type="resource" xlink:label="dnb_c97" id="dnb_c97">
      <formula:concept>
        <formula:qname>dnb_met:ei_ppi_016</formula:qname>
      </formula:concept>
    </table:ruleNode>
    <table:definitionNodeSubtreeArc xlink:type="arc" xlink:arcrole="http://xbrl.org/arcrole/2014/definition-node-subtree" xlink:from="dnb_c96" xlink:to="dnb_c97" order="1" />
    <table:definitionNodeSubtreeArc xlink:type="arc" xlink:arcrole="http://xbrl.org/arcrole/2014/definition-node-subtree" xlink:from="dnb_a2.root" xlink:to="dnb_c96" order="21" />
    <table:tableBreakdownArc xlink:type="arc" xlink:arcrole="http://xbrl.org/arcrole/2014/table-breakdown" xlink:from="dnb_tT23" xlink:to="dnb_a2" axis="y" order="2" />
  </gen:link>
</link:linkbase>