﻿<?xml version="1.0" encoding="utf-8"?>
<!--© DNB-->
<link:linkbase xmlns:xsi="http://www.w3.org/2001/XMLSchema-instance" xmlns:xlink="http://www.w3.org/1999/xlink" xmlns:link="http://www.xbrl.org/2003/linkbase" xmlns:gen="http://xbrl.org/2008/generic" xmlns:label="http://xbrl.org/2008/label" xsi:schemaLocation="http://www.xbrl.org/2003/linkbase http://www.xbrl.org/2003/xbrl-linkbase-2003-12-31.xsd http://xbrl.org/2008/generic http://www.xbrl.org/2008/generic-link.xsd http://xbrl.org/2008/label http://www.xbrl.org/2008/generic-label.xsd">
  <link:arcroleRef arcroleURI="http://xbrl.org/arcrole/2008/element-label" xlink:type="simple" xlink:href="http://www.xbrl.org/2008/generic-label.xsd#element-label" />
  <link:roleRef roleURI="http://www.xbrl.org/2008/role/label" xlink:type="simple" xlink:href="http://www.xbrl.org/2008/generic-label.xsd#standard-label" />
  <link:roleRef roleURI="http://www.xbrl.org/2008/role/verboseLabel" xlink:type="simple" xlink:href="http://www.xbrl.org/2008/generic-label.xsd#verbose-label" />
  <gen:link xlink:type="extended" xlink:role="http://www.xbrl.org/2003/role/link">
    <link:loc xlink:type="locator" xlink:href="t23-rend.xml#dnb_tT23" xlink:label="loc_dnb_tT23" />
    <label:label xlink:type="resource" xlink:label="label_dnb_tT23" xml:lang="en" xlink:role="http://www.xbrl.org/2008/role/label">Toelichtingen</label:label>
    <gen:arc xlink:type="arc" xlink:arcrole="http://xbrl.org/arcrole/2008/element-label" xlink:from="loc_dnb_tT23" xlink:to="label_dnb_tT23" />
    <label:label xlink:type="resource" xlink:label="label_dnb_tT23_1" xml:lang="en" xlink:role="http://www.xbrl.org/2008/role/verboseLabel">Toelichtingen</label:label>
    <gen:arc xlink:type="arc" xlink:arcrole="http://xbrl.org/arcrole/2008/element-label" xlink:from="loc_dnb_tT23" xlink:to="label_dnb_tT23_1" />
    <link:loc xlink:type="locator" xlink:href="t23-rend.xml#dnb_a1" xlink:label="loc_dnb_a1" />
    <label:label xlink:type="resource" xlink:label="label_dnb_a1" xml:lang="en" xlink:role="http://www.xbrl.org/2008/role/label">x-axis</label:label>
    <gen:arc xlink:type="arc" xlink:arcrole="http://xbrl.org/arcrole/2008/element-label" xlink:from="loc_dnb_a1" xlink:to="label_dnb_a1" />
    <link:loc xlink:type="locator" xlink:href="t23-rend.xml#dnb_c1" xlink:label="loc_dnb_c1" />
    <label:label xlink:type="resource" xlink:label="label_dnb_c1" xml:lang="en" xlink:role="http://www.xbrl.org/2008/role/label">Alfanumeriek</label:label>
    <gen:arc xlink:type="arc" xlink:arcrole="http://xbrl.org/arcrole/2008/element-label" xlink:from="loc_dnb_c1" xlink:to="label_dnb_c1" />
    <link:loc xlink:type="locator" xlink:href="t23-rend.xml#dnb_a2" xlink:label="loc_dnb_a2" />
    <label:label xlink:type="resource" xlink:label="label_dnb_a2" xml:lang="en" xlink:role="http://www.xbrl.org/2008/role/label">y-axis</label:label>
    <gen:arc xlink:type="arc" xlink:arcrole="http://xbrl.org/arcrole/2008/element-label" xlink:from="loc_dnb_a2" xlink:to="label_dnb_a2" />
    <link:loc xlink:type="locator" xlink:href="t23-rend.xml#dnb_c2" xlink:label="loc_dnb_c2" />
    <label:label xlink:type="resource" xlink:label="label_dnb_c2" xml:lang="en" xlink:role="http://www.xbrl.org/2008/role/label">Toelichting geconsolideerde balans</label:label>
    <gen:arc xlink:type="arc" xlink:arcrole="http://xbrl.org/arcrole/2008/element-label" xlink:from="loc_dnb_c2" xlink:to="label_dnb_c2" />
    <link:loc xlink:type="locator" xlink:href="t23-rend.xml#dnb_c3" xlink:label="loc_dnb_c3" />
    <label:label xlink:type="resource" xlink:label="label_dnb_c3" xml:lang="en" xlink:role="http://www.xbrl.org/2008/role/label">Toelichting activa</label:label>
    <gen:arc xlink:type="arc" xlink:arcrole="http://xbrl.org/arcrole/2008/element-label" xlink:from="loc_dnb_c3" xlink:to="label_dnb_c3" />
    <link:loc xlink:type="locator" xlink:href="t23-rend.xml#dnb_c4" xlink:label="loc_dnb_c4" />
    <label:label xlink:type="resource" xlink:label="label_dnb_c4" xml:lang="en" xlink:role="http://www.xbrl.org/2008/role/label">Toelichting passiva</label:label>
    <gen:arc xlink:type="arc" xlink:arcrole="http://xbrl.org/arcrole/2008/element-label" xlink:from="loc_dnb_c4" xlink:to="label_dnb_c4" />
    <link:loc xlink:type="locator" xlink:href="t23-rend.xml#dnb_c5" xlink:label="loc_dnb_c5" />
    <label:label xlink:type="resource" xlink:label="label_dnb_c5" xml:lang="en" xlink:role="http://www.xbrl.org/2008/role/label">Toelichting winst- en verliesrekening</label:label>
    <gen:arc xlink:type="arc" xlink:arcrole="http://xbrl.org/arcrole/2008/element-label" xlink:from="loc_dnb_c5" xlink:to="label_dnb_c5" />
    <link:loc xlink:type="locator" xlink:href="t23-rend.xml#dnb_c6" xlink:label="loc_dnb_c6" />
    <label:label xlink:type="resource" xlink:label="label_dnb_c6" xml:lang="en" xlink:role="http://www.xbrl.org/2008/role/label">Toelichting baten</label:label>
    <gen:arc xlink:type="arc" xlink:arcrole="http://xbrl.org/arcrole/2008/element-label" xlink:from="loc_dnb_c6" xlink:to="label_dnb_c6" />
    <link:loc xlink:type="locator" xlink:href="t23-rend.xml#dnb_c7" xlink:label="loc_dnb_c7" />
    <label:label xlink:type="resource" xlink:label="label_dnb_c7" xml:lang="en" xlink:role="http://www.xbrl.org/2008/role/label">Toelichting lasten</label:label>
    <gen:arc xlink:type="arc" xlink:arcrole="http://xbrl.org/arcrole/2008/element-label" xlink:from="loc_dnb_c7" xlink:to="label_dnb_c7" />
    <link:loc xlink:type="locator" xlink:href="t23-rend.xml#dnb_c8" xlink:label="loc_dnb_c8" />
    <label:label xlink:type="resource" xlink:label="label_dnb_c8" xml:lang="en" xlink:role="http://www.xbrl.org/2008/role/label">Toelichting netto resultaat</label:label>
    <gen:arc xlink:type="arc" xlink:arcrole="http://xbrl.org/arcrole/2008/element-label" xlink:from="loc_dnb_c8" xlink:to="label_dnb_c8" />
    <link:loc xlink:type="locator" xlink:href="t23-rend.xml#dnb_c9" xlink:label="loc_dnb_c9" />
    <label:label xlink:type="resource" xlink:label="label_dnb_c9" xml:lang="en" xlink:role="http://www.xbrl.org/2008/role/label">Toelichting bij verplichtingen voor rekening en risico deelnemers</label:label>
    <gen:arc xlink:type="arc" xlink:arcrole="http://xbrl.org/arcrole/2008/element-label" xlink:from="loc_dnb_c9" xlink:to="label_dnb_c9" />
    <link:loc xlink:type="locator" xlink:href="t23-rend.xml#dnb_c10" xlink:label="loc_dnb_c10" />
    <label:label xlink:type="resource" xlink:label="label_dnb_c10" xml:lang="en" xlink:role="http://www.xbrl.org/2008/role/label">Toelichting bij mutatieoverzicht</label:label>
    <gen:arc xlink:type="arc" xlink:arcrole="http://xbrl.org/arcrole/2008/element-label" xlink:from="loc_dnb_c10" xlink:to="label_dnb_c10" />
    <link:loc xlink:type="locator" xlink:href="t23-rend.xml#dnb_c11" xlink:label="loc_dnb_c11" />
    <label:label xlink:type="resource" xlink:label="label_dnb_c11" xml:lang="en" xlink:role="http://www.xbrl.org/2008/role/label">Toelichting bij niet uit balans blijkende onderdelen</label:label>
    <gen:arc xlink:type="arc" xlink:arcrole="http://xbrl.org/arcrole/2008/element-label" xlink:from="loc_dnb_c11" xlink:to="label_dnb_c11" />
    <link:loc xlink:type="locator" xlink:href="t23-rend.xml#dnb_c12" xlink:label="loc_dnb_c12" />
    <label:label xlink:type="resource" xlink:label="label_dnb_c12" xml:lang="en" xlink:role="http://www.xbrl.org/2008/role/label">Toelichting bij niet uit de balans blijkende onderdelen</label:label>
    <gen:arc xlink:type="arc" xlink:arcrole="http://xbrl.org/arcrole/2008/element-label" xlink:from="loc_dnb_c12" xlink:to="label_dnb_c12" />
    <link:loc xlink:type="locator" xlink:href="t23-rend.xml#dnb_c13" xlink:label="loc_dnb_c13" />
    <label:label xlink:type="resource" xlink:label="label_dnb_c13" xml:lang="en" xlink:role="http://www.xbrl.org/2008/role/label">Toelichting bij grondslagen voor waardering en resultaatbepaling</label:label>
    <gen:arc xlink:type="arc" xlink:arcrole="http://xbrl.org/arcrole/2008/element-label" xlink:from="loc_dnb_c13" xlink:to="label_dnb_c13" />
    <link:loc xlink:type="locator" xlink:href="t23-rend.xml#dnb_c14" xlink:label="loc_dnb_c14" />
    <label:label xlink:type="resource" xlink:label="label_dnb_c14" xml:lang="en" xlink:role="http://www.xbrl.org/2008/role/label">Zijn de grondslagen voor waardering of resultaatbepaling gewijzigd?</label:label>
    <gen:arc xlink:type="arc" xlink:arcrole="http://xbrl.org/arcrole/2008/element-label" xlink:from="loc_dnb_c14" xlink:to="label_dnb_c14" />
    <link:loc xlink:type="locator" xlink:href="t23-rend.xml#dnb_c15" xlink:label="loc_dnb_c15" />
    <label:label xlink:type="resource" xlink:label="label_dnb_c15" xml:lang="en" xlink:role="http://www.xbrl.org/2008/role/label">Toelichting bij de grondslagen voor waardering en resultaatbepaling</label:label>
    <gen:arc xlink:type="arc" xlink:arcrole="http://xbrl.org/arcrole/2008/element-label" xlink:from="loc_dnb_c15" xlink:to="label_dnb_c15" />
    <link:loc xlink:type="locator" xlink:href="t23-rend.xml#dnb_c16" xlink:label="loc_dnb_c16" />
    <label:label xlink:type="resource" xlink:label="label_dnb_c16" xml:lang="en" xlink:role="http://www.xbrl.org/2008/role/label">Toelichting bij beleggingen voor rekening en risico deelnemers</label:label>
    <gen:arc xlink:type="arc" xlink:arcrole="http://xbrl.org/arcrole/2008/element-label" xlink:from="loc_dnb_c16" xlink:to="label_dnb_c16" />
    <link:loc xlink:type="locator" xlink:href="t23-rend.xml#dnb_c17" xlink:label="loc_dnb_c17" />
    <label:label xlink:type="resource" xlink:label="label_dnb_c17" xml:lang="en" xlink:role="http://www.xbrl.org/2008/role/label">Is er sprake van beleidswijzigingen ten aanzien van het beleggingsbeleid?</label:label>
    <gen:arc xlink:type="arc" xlink:arcrole="http://xbrl.org/arcrole/2008/element-label" xlink:from="loc_dnb_c17" xlink:to="label_dnb_c17" />
    <link:loc xlink:type="locator" xlink:href="t23-rend.xml#dnb_c18" xlink:label="loc_dnb_c18" />
    <label:label xlink:type="resource" xlink:label="label_dnb_c18" xml:lang="en" xlink:role="http://www.xbrl.org/2008/role/label">Toelichting bij beleggingen voor risico deelnemer</label:label>
    <gen:arc xlink:type="arc" xlink:arcrole="http://xbrl.org/arcrole/2008/element-label" xlink:from="loc_dnb_c18" xlink:to="label_dnb_c18" />
    <link:loc xlink:type="locator" xlink:href="t23-rend.xml#dnb_c19" xlink:label="loc_dnb_c19" />
    <label:label xlink:type="resource" xlink:label="label_dnb_c19" xml:lang="en" xlink:role="http://www.xbrl.org/2008/role/label">Toelichting kostenspecificatie</label:label>
    <gen:arc xlink:type="arc" xlink:arcrole="http://xbrl.org/arcrole/2008/element-label" xlink:from="loc_dnb_c19" xlink:to="label_dnb_c19" />
    <link:loc xlink:type="locator" xlink:href="t23-rend.xml#dnb_c20" xlink:label="loc_dnb_c20" />
    <label:label xlink:type="resource" xlink:label="label_dnb_c20" xml:lang="en" xlink:role="http://www.xbrl.org/2008/role/label">Kosten vermogensbeheer: is er gebruik gemaakt van schattingsmethodieken?</label:label>
    <gen:arc xlink:type="arc" xlink:arcrole="http://xbrl.org/arcrole/2008/element-label" xlink:from="loc_dnb_c20" xlink:to="label_dnb_c20" />
    <link:loc xlink:type="locator" xlink:href="t23-rend.xml#dnb_c21" xlink:label="loc_dnb_c21" />
    <label:label xlink:type="resource" xlink:label="label_dnb_c21" xml:lang="en" xlink:role="http://www.xbrl.org/2008/role/label">Toelichting schattingsmethodieken</label:label>
    <gen:arc xlink:type="arc" xlink:arcrole="http://xbrl.org/arcrole/2008/element-label" xlink:from="loc_dnb_c21" xlink:to="label_dnb_c21" />
    <link:loc xlink:type="locator" xlink:href="t23-rend.xml#dnb_c22" xlink:label="loc_dnb_c22" />
    <label:label xlink:type="resource" xlink:label="label_dnb_c22" xml:lang="en" xlink:role="http://www.xbrl.org/2008/role/label">Worden de transactiekosten in formulier T15-2 inclusief aan- en verkoopkosten beleggingstitels ingevuld?</label:label>
    <gen:arc xlink:type="arc" xlink:arcrole="http://xbrl.org/arcrole/2008/element-label" xlink:from="loc_dnb_c22" xlink:to="label_dnb_c22" />
    <link:loc xlink:type="locator" xlink:href="t23-rend.xml#dnb_c23" xlink:label="loc_dnb_c23" />
    <label:label xlink:type="resource" xlink:label="label_dnb_c23" xml:lang="en" xlink:role="http://www.xbrl.org/2008/role/label">Toelichting transactiekosten</label:label>
    <gen:arc xlink:type="arc" xlink:arcrole="http://xbrl.org/arcrole/2008/element-label" xlink:from="loc_dnb_c23" xlink:to="label_dnb_c23" />
    <link:loc xlink:type="locator" xlink:href="t23-rend.xml#dnb_c24" xlink:label="loc_dnb_c24" />
    <label:label xlink:type="resource" xlink:label="label_dnb_c24" xml:lang="en" xlink:role="http://www.xbrl.org/2008/role/label">Toelichting kosten vermogensbeheer</label:label>
    <gen:arc xlink:type="arc" xlink:arcrole="http://xbrl.org/arcrole/2008/element-label" xlink:from="loc_dnb_c24" xlink:to="label_dnb_c24" />
    <link:loc xlink:type="locator" xlink:href="t23-rend.xml#dnb_c25" xlink:label="loc_dnb_c25" />
    <label:label xlink:type="resource" xlink:label="label_dnb_c25" xml:lang="en" xlink:role="http://www.xbrl.org/2008/role/label">Toelichting verschil met rekening van baten en lasten</label:label>
    <gen:arc xlink:type="arc" xlink:arcrole="http://xbrl.org/arcrole/2008/element-label" xlink:from="loc_dnb_c25" xlink:to="label_dnb_c25" />
    <link:loc xlink:type="locator" xlink:href="t23-rend.xml#dnb_c26" xlink:label="loc_dnb_c26" />
    <label:label xlink:type="resource" xlink:label="label_dnb_c26" xml:lang="en" xlink:role="http://www.xbrl.org/2008/role/label">Toelichting balans: immateriele activa</label:label>
    <gen:arc xlink:type="arc" xlink:arcrole="http://xbrl.org/arcrole/2008/element-label" xlink:from="loc_dnb_c26" xlink:to="label_dnb_c26" />
    <link:loc xlink:type="locator" xlink:href="t23-rend.xml#dnb_c27" xlink:label="loc_dnb_c27" />
    <label:label xlink:type="resource" xlink:label="label_dnb_c27" xml:lang="en" xlink:role="http://www.xbrl.org/2008/role/label">Zijn er wijzigingen in aard en effect van schattingsmethoden</label:label>
    <gen:arc xlink:type="arc" xlink:arcrole="http://xbrl.org/arcrole/2008/element-label" xlink:from="loc_dnb_c27" xlink:to="label_dnb_c27" />
    <link:loc xlink:type="locator" xlink:href="t23-rend.xml#dnb_c28" xlink:label="loc_dnb_c28" />
    <label:label xlink:type="resource" xlink:label="label_dnb_c28" xml:lang="en" xlink:role="http://www.xbrl.org/2008/role/label">Toelichting aard en effect schattingswijzigingen immateriele activa</label:label>
    <gen:arc xlink:type="arc" xlink:arcrole="http://xbrl.org/arcrole/2008/element-label" xlink:from="loc_dnb_c28" xlink:to="label_dnb_c28" />
    <link:loc xlink:type="locator" xlink:href="t23-rend.xml#dnb_c29" xlink:label="loc_dnb_c29" />
    <label:label xlink:type="resource" xlink:label="label_dnb_c29" xml:lang="en" xlink:role="http://www.xbrl.org/2008/role/label">Overige toelichting immateriele vaste activa</label:label>
    <gen:arc xlink:type="arc" xlink:arcrole="http://xbrl.org/arcrole/2008/element-label" xlink:from="loc_dnb_c29" xlink:to="label_dnb_c29" />
    <link:loc xlink:type="locator" xlink:href="t23-rend.xml#dnb_c30" xlink:label="loc_dnb_c30" />
    <label:label xlink:type="resource" xlink:label="label_dnb_c30" xml:lang="en" xlink:role="http://www.xbrl.org/2008/role/label">Toelichting balans: liquide middelen</label:label>
    <gen:arc xlink:type="arc" xlink:arcrole="http://xbrl.org/arcrole/2008/element-label" xlink:from="loc_dnb_c30" xlink:to="label_dnb_c30" />
    <link:loc xlink:type="locator" xlink:href="t23-rend.xml#dnb_c31" xlink:label="loc_dnb_c31" />
    <label:label xlink:type="resource" xlink:label="label_dnb_c31" xml:lang="en" xlink:role="http://www.xbrl.org/2008/role/label">Zijn er liquide middelen die niet ter vrije beschikking staan?</label:label>
    <gen:arc xlink:type="arc" xlink:arcrole="http://xbrl.org/arcrole/2008/element-label" xlink:from="loc_dnb_c31" xlink:to="label_dnb_c31" />
    <link:loc xlink:type="locator" xlink:href="t23-rend.xml#dnb_c32" xlink:label="loc_dnb_c32" />
    <label:label xlink:type="resource" xlink:label="label_dnb_c32" xml:lang="en" xlink:role="http://www.xbrl.org/2008/role/label">Toelichting liquide middelen</label:label>
    <gen:arc xlink:type="arc" xlink:arcrole="http://xbrl.org/arcrole/2008/element-label" xlink:from="loc_dnb_c32" xlink:to="label_dnb_c32" />
    <link:loc xlink:type="locator" xlink:href="t23-rend.xml#dnb_c33" xlink:label="loc_dnb_c33" />
    <label:label xlink:type="resource" xlink:label="label_dnb_c33" xml:lang="en" xlink:role="http://www.xbrl.org/2008/role/label">Toelichting balans: eigen vermogen</label:label>
    <gen:arc xlink:type="arc" xlink:arcrole="http://xbrl.org/arcrole/2008/element-label" xlink:from="loc_dnb_c33" xlink:to="label_dnb_c33" />
    <link:loc xlink:type="locator" xlink:href="t23-rend.xml#dnb_c34" xlink:label="loc_dnb_c34" />
    <label:label xlink:type="resource" xlink:label="label_dnb_c34" xml:lang="en" xlink:role="http://www.xbrl.org/2008/role/label">Toelichting ingekochte eigen aandelen</label:label>
    <gen:arc xlink:type="arc" xlink:arcrole="http://xbrl.org/arcrole/2008/element-label" xlink:from="loc_dnb_c34" xlink:to="label_dnb_c34" />
    <link:loc xlink:type="locator" xlink:href="t23-rend.xml#dnb_c35" xlink:label="loc_dnb_c35" />
    <label:label xlink:type="resource" xlink:label="label_dnb_c35" xml:lang="en" xlink:role="http://www.xbrl.org/2008/role/label">Toelichting significante mutaties eigen vermogen na afloop van het boekjaar</label:label>
    <gen:arc xlink:type="arc" xlink:arcrole="http://xbrl.org/arcrole/2008/element-label" xlink:from="loc_dnb_c35" xlink:to="label_dnb_c35" />
    <link:loc xlink:type="locator" xlink:href="t23-rend.xml#dnb_c36" xlink:label="loc_dnb_c36" />
    <label:label xlink:type="resource" xlink:label="label_dnb_c36" xml:lang="en" xlink:role="http://www.xbrl.org/2008/role/label">Overige toelichtingen op het eigen vermogen (bijzondere verkrijgingstitels, vermogensbeklemmingen uit hoofde van bestedingsdoelen ed)</label:label>
    <gen:arc xlink:type="arc" xlink:arcrole="http://xbrl.org/arcrole/2008/element-label" xlink:from="loc_dnb_c36" xlink:to="label_dnb_c36" />
    <link:loc xlink:type="locator" xlink:href="t23-rend.xml#dnb_c37" xlink:label="loc_dnb_c37" />
    <label:label xlink:type="resource" xlink:label="label_dnb_c37" xml:lang="en" xlink:role="http://www.xbrl.org/2008/role/label">Toelichting wettelijke reserves (aard en omvang per wettelijke reserve)</label:label>
    <gen:arc xlink:type="arc" xlink:arcrole="http://xbrl.org/arcrole/2008/element-label" xlink:from="loc_dnb_c37" xlink:to="label_dnb_c37" />
    <link:loc xlink:type="locator" xlink:href="t23-rend.xml#dnb_c38" xlink:label="loc_dnb_c38" />
    <label:label xlink:type="resource" xlink:label="label_dnb_c38" xml:lang="en" xlink:role="http://www.xbrl.org/2008/role/label">Toelichting op overige vermogensinstrumenten</label:label>
    <gen:arc xlink:type="arc" xlink:arcrole="http://xbrl.org/arcrole/2008/element-label" xlink:from="loc_dnb_c38" xlink:to="label_dnb_c38" />
    <link:loc xlink:type="locator" xlink:href="t23-rend.xml#dnb_c39" xlink:label="loc_dnb_c39" />
    <label:label xlink:type="resource" xlink:label="label_dnb_c39" xml:lang="en" xlink:role="http://www.xbrl.org/2008/role/label">Overige toelichtingen</label:label>
    <gen:arc xlink:type="arc" xlink:arcrole="http://xbrl.org/arcrole/2008/element-label" xlink:from="loc_dnb_c39" xlink:to="label_dnb_c39" />
    <link:loc xlink:type="locator" xlink:href="t23-rend.xml#dnb_c40" xlink:label="loc_dnb_c40" />
    <label:label xlink:type="resource" xlink:label="label_dnb_c40" xml:lang="en" xlink:role="http://www.xbrl.org/2008/role/label">Toelichting balans: achtergestelde leningen</label:label>
    <gen:arc xlink:type="arc" xlink:arcrole="http://xbrl.org/arcrole/2008/element-label" xlink:from="loc_dnb_c40" xlink:to="label_dnb_c40" />
    <link:loc xlink:type="locator" xlink:href="t23-rend.xml#dnb_c41" xlink:label="loc_dnb_c41" />
    <label:label xlink:type="resource" xlink:label="label_dnb_c41" xml:lang="en" xlink:role="http://www.xbrl.org/2008/role/label">Toelichting aard achterstelling en overige leningsvoorwaarden</label:label>
    <gen:arc xlink:type="arc" xlink:arcrole="http://xbrl.org/arcrole/2008/element-label" xlink:from="loc_dnb_c41" xlink:to="label_dnb_c41" />
    <link:loc xlink:type="locator" xlink:href="t23-rend.xml#dnb_c42" xlink:label="loc_dnb_c42" />
    <label:label xlink:type="resource" xlink:label="label_dnb_c42" xml:lang="en" xlink:role="http://www.xbrl.org/2008/role/label">Overige toelichtingen</label:label>
    <gen:arc xlink:type="arc" xlink:arcrole="http://xbrl.org/arcrole/2008/element-label" xlink:from="loc_dnb_c42" xlink:to="label_dnb_c42" />
    <link:loc xlink:type="locator" xlink:href="t23-rend.xml#dnb_c43" xlink:label="loc_dnb_c43" />
    <label:label xlink:type="resource" xlink:label="label_dnb_c43" xml:lang="en" xlink:role="http://www.xbrl.org/2008/role/label">Toelichting balans: overige voorzieningen</label:label>
    <gen:arc xlink:type="arc" xlink:arcrole="http://xbrl.org/arcrole/2008/element-label" xlink:from="loc_dnb_c43" xlink:to="label_dnb_c43" />
    <link:loc xlink:type="locator" xlink:href="t23-rend.xml#dnb_c44" xlink:label="loc_dnb_c44" />
    <label:label xlink:type="resource" xlink:label="label_dnb_c44" xml:lang="en" xlink:role="http://www.xbrl.org/2008/role/label">Toelichting overige voorzieningen</label:label>
    <gen:arc xlink:type="arc" xlink:arcrole="http://xbrl.org/arcrole/2008/element-label" xlink:from="loc_dnb_c44" xlink:to="label_dnb_c44" />
    <link:loc xlink:type="locator" xlink:href="t23-rend.xml#dnb_c45" xlink:label="loc_dnb_c45" />
    <label:label xlink:type="resource" xlink:label="label_dnb_c45" xml:lang="en" xlink:role="http://www.xbrl.org/2008/role/label">Toelichting premiebaten</label:label>
    <gen:arc xlink:type="arc" xlink:arcrole="http://xbrl.org/arcrole/2008/element-label" xlink:from="loc_dnb_c45" xlink:to="label_dnb_c45" />
    <link:loc xlink:type="locator" xlink:href="t23-rend.xml#dnb_c46" xlink:label="loc_dnb_c46" />
    <label:label xlink:type="resource" xlink:label="label_dnb_c46" xml:lang="en" xlink:role="http://www.xbrl.org/2008/role/label">Toelichting premiebaten</label:label>
    <gen:arc xlink:type="arc" xlink:arcrole="http://xbrl.org/arcrole/2008/element-label" xlink:from="loc_dnb_c46" xlink:to="label_dnb_c46" />
    <link:loc xlink:type="locator" xlink:href="t23-rend.xml#dnb_c47" xlink:label="loc_dnb_c47" />
    <label:label xlink:type="resource" xlink:label="label_dnb_c47" xml:lang="en" xlink:role="http://www.xbrl.org/2008/role/label">Toelichting beloningen</label:label>
    <gen:arc xlink:type="arc" xlink:arcrole="http://xbrl.org/arcrole/2008/element-label" xlink:from="loc_dnb_c47" xlink:to="label_dnb_c47" />
    <link:loc xlink:type="locator" xlink:href="t23-rend.xml#dnb_c48" xlink:label="loc_dnb_c48" />
    <label:label xlink:type="resource" xlink:label="label_dnb_c48" xml:lang="en" xlink:role="http://www.xbrl.org/2008/role/label">Is in het verslagjaar sprake van beloningen aan (gewezen) bestuurders en/of (gewezen) toezichthouders?</label:label>
    <gen:arc xlink:type="arc" xlink:arcrole="http://xbrl.org/arcrole/2008/element-label" xlink:from="loc_dnb_c48" xlink:to="label_dnb_c48" />
    <link:loc xlink:type="locator" xlink:href="t23-rend.xml#dnb_c49" xlink:label="loc_dnb_c49" />
    <label:label xlink:type="resource" xlink:label="label_dnb_c49" xml:lang="en" xlink:role="http://www.xbrl.org/2008/role/label">Toelichting andere baten en/of lasten</label:label>
    <gen:arc xlink:type="arc" xlink:arcrole="http://xbrl.org/arcrole/2008/element-label" xlink:from="loc_dnb_c49" xlink:to="label_dnb_c49" />
    <link:loc xlink:type="locator" xlink:href="t23-rend.xml#dnb_c50" xlink:label="loc_dnb_c50" />
    <label:label xlink:type="resource" xlink:label="label_dnb_c50" xml:lang="en" xlink:role="http://www.xbrl.org/2008/role/label">Toelichting buitengewone baten en/of lasten (alleen voor BW)</label:label>
    <gen:arc xlink:type="arc" xlink:arcrole="http://xbrl.org/arcrole/2008/element-label" xlink:from="loc_dnb_c50" xlink:to="label_dnb_c50" />
    <link:loc xlink:type="locator" xlink:href="t23-rend.xml#dnb_c51" xlink:label="loc_dnb_c51" />
    <label:label xlink:type="resource" xlink:label="label_dnb_c51" xml:lang="en" xlink:role="http://www.xbrl.org/2008/role/label">Overige toelichtingen</label:label>
    <gen:arc xlink:type="arc" xlink:arcrole="http://xbrl.org/arcrole/2008/element-label" xlink:from="loc_dnb_c51" xlink:to="label_dnb_c51" />
    <link:loc xlink:type="locator" xlink:href="t23-rend.xml#dnb_c52" xlink:label="loc_dnb_c52" />
    <label:label xlink:type="resource" xlink:label="label_dnb_c52" xml:lang="en" xlink:role="http://www.xbrl.org/2008/role/label">Toelichting overige gegevens</label:label>
    <gen:arc xlink:type="arc" xlink:arcrole="http://xbrl.org/arcrole/2008/element-label" xlink:from="loc_dnb_c52" xlink:to="label_dnb_c52" />
    <link:loc xlink:type="locator" xlink:href="t23-rend.xml#dnb_c53" xlink:label="loc_dnb_c53" />
    <label:label xlink:type="resource" xlink:label="label_dnb_c53" xml:lang="en" xlink:role="http://www.xbrl.org/2008/role/label">Statutaire regeling winstbestemming</label:label>
    <gen:arc xlink:type="arc" xlink:arcrole="http://xbrl.org/arcrole/2008/element-label" xlink:from="loc_dnb_c53" xlink:to="label_dnb_c53" />
    <link:loc xlink:type="locator" xlink:href="t23-rend.xml#dnb_c54" xlink:label="loc_dnb_c54" />
    <label:label xlink:type="resource" xlink:label="label_dnb_c54" xml:lang="en" xlink:role="http://www.xbrl.org/2008/role/label">Opgave winstbestemming</label:label>
    <gen:arc xlink:type="arc" xlink:arcrole="http://xbrl.org/arcrole/2008/element-label" xlink:from="loc_dnb_c54" xlink:to="label_dnb_c54" />
    <link:loc xlink:type="locator" xlink:href="t23-rend.xml#dnb_c55" xlink:label="loc_dnb_c55" />
    <label:label xlink:type="resource" xlink:label="label_dnb_c55" xml:lang="en" xlink:role="http://www.xbrl.org/2008/role/label">Weergave statutaire regeling bijdrage in tekort van een cooperatie of onderlinge waarborgmaatschappij voor zover deze van de wettelijke bepalingen afwijkt</label:label>
    <gen:arc xlink:type="arc" xlink:arcrole="http://xbrl.org/arcrole/2008/element-label" xlink:from="loc_dnb_c55" xlink:to="label_dnb_c55" />
    <link:loc xlink:type="locator" xlink:href="t23-rend.xml#dnb_c56" xlink:label="loc_dnb_c56" />
    <label:label xlink:type="resource" xlink:label="label_dnb_c56" xml:lang="en" xlink:role="http://www.xbrl.org/2008/role/label">Opgave namen van degenen aan wie een bijzonder statutair recht inzake de zeggenschap in de rechtspersoon toekomst, met omschrijving van de aard van dat recht</label:label>
    <gen:arc xlink:type="arc" xlink:arcrole="http://xbrl.org/arcrole/2008/element-label" xlink:from="loc_dnb_c56" xlink:to="label_dnb_c56" />
    <link:loc xlink:type="locator" xlink:href="t23-rend.xml#dnb_c57" xlink:label="loc_dnb_c57" />
    <label:label xlink:type="resource" xlink:label="label_dnb_c57" xml:lang="en" xlink:role="http://www.xbrl.org/2008/role/label">Gebeurtenissen na balansdatum met belangrijke financiele gevolgen</label:label>
    <gen:arc xlink:type="arc" xlink:arcrole="http://xbrl.org/arcrole/2008/element-label" xlink:from="loc_dnb_c57" xlink:to="label_dnb_c57" />
    <link:loc xlink:type="locator" xlink:href="t23-rend.xml#dnb_c58" xlink:label="loc_dnb_c58" />
    <label:label xlink:type="resource" xlink:label="label_dnb_c58" xml:lang="en" xlink:role="http://www.xbrl.org/2008/role/label">Opgave nevenvestigingen en van landen waar nevenvestigingen zijn</label:label>
    <gen:arc xlink:type="arc" xlink:arcrole="http://xbrl.org/arcrole/2008/element-label" xlink:from="loc_dnb_c58" xlink:to="label_dnb_c58" />
    <link:loc xlink:type="locator" xlink:href="t23-rend.xml#dnb_c59" xlink:label="loc_dnb_c59" />
    <label:label xlink:type="resource" xlink:label="label_dnb_c59" xml:lang="en" xlink:role="http://www.xbrl.org/2008/role/label">Toelichting berekening minimaal vereist eigen vermogen en solvabiliteit</label:label>
    <gen:arc xlink:type="arc" xlink:arcrole="http://xbrl.org/arcrole/2008/element-label" xlink:from="loc_dnb_c59" xlink:to="label_dnb_c59" />
    <link:loc xlink:type="locator" xlink:href="t23-rend.xml#dnb_c60" xlink:label="loc_dnb_c60" />
    <label:label xlink:type="resource" xlink:label="label_dnb_c60" xml:lang="en" xlink:role="http://www.xbrl.org/2008/role/label">Toelichting solvabiliteit</label:label>
    <gen:arc xlink:type="arc" xlink:arcrole="http://xbrl.org/arcrole/2008/element-label" xlink:from="loc_dnb_c60" xlink:to="label_dnb_c60" />
    <link:loc xlink:type="locator" xlink:href="t23-rend.xml#dnb_c61" xlink:label="loc_dnb_c61" />
    <label:label xlink:type="resource" xlink:label="label_dnb_c61" xml:lang="en" xlink:role="http://www.xbrl.org/2008/role/label">Toelichting organisatie en risico's</label:label>
    <gen:arc xlink:type="arc" xlink:arcrole="http://xbrl.org/arcrole/2008/element-label" xlink:from="loc_dnb_c61" xlink:to="label_dnb_c61" />
    <link:loc xlink:type="locator" xlink:href="t23-rend.xml#dnb_c62" xlink:label="loc_dnb_c62" />
    <label:label xlink:type="resource" xlink:label="label_dnb_c62" xml:lang="en" xlink:role="http://www.xbrl.org/2008/role/label">Organisatie</label:label>
    <gen:arc xlink:type="arc" xlink:arcrole="http://xbrl.org/arcrole/2008/element-label" xlink:from="loc_dnb_c62" xlink:to="label_dnb_c62" />
    <link:loc xlink:type="locator" xlink:href="t23-rend.xml#dnb_c63" xlink:label="loc_dnb_c63" />
    <label:label xlink:type="resource" xlink:label="label_dnb_c63" xml:lang="en" xlink:role="http://www.xbrl.org/2008/role/label">Huidige groepsstructuur / organogram van de premiepensioeninstelling en alle tot deze groep behorende entiteiten</label:label>
    <gen:arc xlink:type="arc" xlink:arcrole="http://xbrl.org/arcrole/2008/element-label" xlink:from="loc_dnb_c63" xlink:to="label_dnb_c63" />
    <link:loc xlink:type="locator" xlink:href="t23-rend.xml#dnb_c64" xlink:label="loc_dnb_c64" />
    <label:label xlink:type="resource" xlink:label="label_dnb_c64" xml:lang="en" xlink:role="http://www.xbrl.org/2008/role/label">Huidige organisatorische structuur / organogram van de entiteit (inclusief alle uitbestede primair processen)</label:label>
    <gen:arc xlink:type="arc" xlink:arcrole="http://xbrl.org/arcrole/2008/element-label" xlink:from="loc_dnb_c64" xlink:to="label_dnb_c64" />
    <link:loc xlink:type="locator" xlink:href="t23-rend.xml#dnb_c65" xlink:label="loc_dnb_c65" />
    <label:label xlink:type="resource" xlink:label="label_dnb_c65" xml:lang="en" xlink:role="http://www.xbrl.org/2008/role/label">Verbonden partijen zoals bedoeld in BW2</label:label>
    <gen:arc xlink:type="arc" xlink:arcrole="http://xbrl.org/arcrole/2008/element-label" xlink:from="loc_dnb_c65" xlink:to="label_dnb_c65" />
    <link:loc xlink:type="locator" xlink:href="t23-rend.xml#dnb_c66" xlink:label="loc_dnb_c66" />
    <label:label xlink:type="resource" xlink:label="label_dnb_c66" xml:lang="en" xlink:role="http://www.xbrl.org/2008/role/label">Toelichting van de belangrijkste transacties die in het boekjaar hebben plaatsgevonden tussen de premiepensioeninstelling en de verbonden partijen</label:label>
    <gen:arc xlink:type="arc" xlink:arcrole="http://xbrl.org/arcrole/2008/element-label" xlink:from="loc_dnb_c66" xlink:to="label_dnb_c66" />
    <link:loc xlink:type="locator" xlink:href="t23-rend.xml#dnb_c67" xlink:label="loc_dnb_c67" />
    <label:label xlink:type="resource" xlink:label="label_dnb_c67" xml:lang="en" xlink:role="http://www.xbrl.org/2008/role/label">Andere functies per genoemde bestuurders of interne toezichthouders (buiten de premiepensioeninstelling)</label:label>
    <gen:arc xlink:type="arc" xlink:arcrole="http://xbrl.org/arcrole/2008/element-label" xlink:from="loc_dnb_c67" xlink:to="label_dnb_c67" />
    <link:loc xlink:type="locator" xlink:href="t23-rend.xml#dnb_c68" xlink:label="loc_dnb_c68" />
    <label:label xlink:type="resource" xlink:label="label_dnb_c68" xml:lang="en" xlink:role="http://www.xbrl.org/2008/role/label">Strategie</label:label>
    <gen:arc xlink:type="arc" xlink:arcrole="http://xbrl.org/arcrole/2008/element-label" xlink:from="loc_dnb_c68" xlink:to="label_dnb_c68" />
    <link:loc xlink:type="locator" xlink:href="t23-rend.xml#dnb_c69" xlink:label="loc_dnb_c69" />
    <label:label xlink:type="resource" xlink:label="label_dnb_c69" xml:lang="en" xlink:role="http://www.xbrl.org/2008/role/label">Is de missie gewijzigd ten opzichte van vorig boekjaar</label:label>
    <gen:arc xlink:type="arc" xlink:arcrole="http://xbrl.org/arcrole/2008/element-label" xlink:from="loc_dnb_c69" xlink:to="label_dnb_c69" />
    <link:loc xlink:type="locator" xlink:href="t23-rend.xml#dnb_c70" xlink:label="loc_dnb_c70" />
    <label:label xlink:type="resource" xlink:label="label_dnb_c70" xml:lang="en" xlink:role="http://www.xbrl.org/2008/role/label">Toelichting missie van de premiepensioeninstelling en de wijzigingen ten opzichte van voorgaande jaren</label:label>
    <gen:arc xlink:type="arc" xlink:arcrole="http://xbrl.org/arcrole/2008/element-label" xlink:from="loc_dnb_c70" xlink:to="label_dnb_c70" />
    <link:loc xlink:type="locator" xlink:href="t23-rend.xml#dnb_c71" xlink:label="loc_dnb_c71" />
    <label:label xlink:type="resource" xlink:label="label_dnb_c71" xml:lang="en" xlink:role="http://www.xbrl.org/2008/role/label">Op welk marktsegment is de premiepensioeninstelling gericht en op welk marktsegment wil de premiepensioeninstelling zich in de toekomst richten?</label:label>
    <gen:arc xlink:type="arc" xlink:arcrole="http://xbrl.org/arcrole/2008/element-label" xlink:from="loc_dnb_c71" xlink:to="label_dnb_c71" />
    <link:loc xlink:type="locator" xlink:href="t23-rend.xml#dnb_c72" xlink:label="loc_dnb_c72" />
    <label:label xlink:type="resource" xlink:label="label_dnb_c72" xml:lang="en" xlink:role="http://www.xbrl.org/2008/role/label">SWOT Oordeel van de premiepensioeninstelling waar de sterkten, zwakten, kansen en bedreigingen liggen voor de organisatie</label:label>
    <gen:arc xlink:type="arc" xlink:arcrole="http://xbrl.org/arcrole/2008/element-label" xlink:from="loc_dnb_c72" xlink:to="label_dnb_c72" />
    <link:loc xlink:type="locator" xlink:href="t23-rend.xml#dnb_c73" xlink:label="loc_dnb_c73" />
    <label:label xlink:type="resource" xlink:label="label_dnb_c73" xml:lang="en" xlink:role="http://www.xbrl.org/2008/role/label">Corporate governance</label:label>
    <gen:arc xlink:type="arc" xlink:arcrole="http://xbrl.org/arcrole/2008/element-label" xlink:from="loc_dnb_c73" xlink:to="label_dnb_c73" />
    <link:loc xlink:type="locator" xlink:href="t23-rend.xml#dnb_c74" xlink:label="loc_dnb_c74" />
    <label:label xlink:type="resource" xlink:label="label_dnb_c74" xml:lang="en" xlink:role="http://www.xbrl.org/2008/role/label">Hoe gaat de premiepensioeninstelling om met corporate governance (geef hierbij ten minste aan of en in welke mate een bestaande corporate governance code wordt nageleefd)</label:label>
    <gen:arc xlink:type="arc" xlink:arcrole="http://xbrl.org/arcrole/2008/element-label" xlink:from="loc_dnb_c74" xlink:to="label_dnb_c74" />
    <link:loc xlink:type="locator" xlink:href="t23-rend.xml#dnb_c75" xlink:label="loc_dnb_c75" />
    <label:label xlink:type="resource" xlink:label="label_dnb_c75" xml:lang="en" xlink:role="http://www.xbrl.org/2008/role/label">Risicobeheersing</label:label>
    <gen:arc xlink:type="arc" xlink:arcrole="http://xbrl.org/arcrole/2008/element-label" xlink:from="loc_dnb_c75" xlink:to="label_dnb_c75" />
    <link:loc xlink:type="locator" xlink:href="t23-rend.xml#dnb_c76" xlink:label="loc_dnb_c76" />
    <label:label xlink:type="resource" xlink:label="label_dnb_c76" xml:lang="en" xlink:role="http://www.xbrl.org/2008/role/label">Risicobeheerstructuur (licht de risicobeheerstructuur en het risicobeheerbeleid toe) In welke mate staat de premiepensioeninstelling bloot aan de volgende risico's en welk beleid heeft de premiepensioeninstelling ten aanzien van het beheersen van deze risico's: Kredietrisico's, marktrisico's, operationeel risico, integriteitrisico, afwikkelscenario risico, overige risico's</label:label>
    <gen:arc xlink:type="arc" xlink:arcrole="http://xbrl.org/arcrole/2008/element-label" xlink:from="loc_dnb_c76" xlink:to="label_dnb_c76" />
    <link:loc xlink:type="locator" xlink:href="t23-rend.xml#dnb_c77" xlink:label="loc_dnb_c77" />
    <label:label xlink:type="resource" xlink:label="label_dnb_c77" xml:lang="en" xlink:role="http://www.xbrl.org/2008/role/label">Geef daarbij aan door middel van welke methode en in welke mate deze risico's worden gemitigeerd.</label:label>
    <gen:arc xlink:type="arc" xlink:arcrole="http://xbrl.org/arcrole/2008/element-label" xlink:from="loc_dnb_c77" xlink:to="label_dnb_c77" />
    <link:loc xlink:type="locator" xlink:href="t23-rend.xml#dnb_c78" xlink:label="loc_dnb_c78" />
    <label:label xlink:type="resource" xlink:label="label_dnb_c78" xml:lang="en" xlink:role="http://www.xbrl.org/2008/role/label">Fiscale risico's</label:label>
    <gen:arc xlink:type="arc" xlink:arcrole="http://xbrl.org/arcrole/2008/element-label" xlink:from="loc_dnb_c78" xlink:to="label_dnb_c78" />
    <link:loc xlink:type="locator" xlink:href="t23-rend.xml#dnb_c79" xlink:label="loc_dnb_c79" />
    <label:label xlink:type="resource" xlink:label="label_dnb_c79" xml:lang="en" xlink:role="http://www.xbrl.org/2008/role/label">Is de maatschappij vennootschapsbelastingplichtig</label:label>
    <gen:arc xlink:type="arc" xlink:arcrole="http://xbrl.org/arcrole/2008/element-label" xlink:from="loc_dnb_c79" xlink:to="label_dnb_c79" />
    <link:loc xlink:type="locator" xlink:href="t23-rend.xml#dnb_c80" xlink:label="loc_dnb_c80" />
    <label:label xlink:type="resource" xlink:label="label_dnb_c80" xml:lang="en" xlink:role="http://www.xbrl.org/2008/role/label">Over welke boekjaren is nog geen definitieve aanslag vennootschapsbelasting opgelegd?</label:label>
    <gen:arc xlink:type="arc" xlink:arcrole="http://xbrl.org/arcrole/2008/element-label" xlink:from="loc_dnb_c80" xlink:to="label_dnb_c80" />
    <link:loc xlink:type="locator" xlink:href="t23-rend.xml#dnb_c81" xlink:label="loc_dnb_c81" />
    <label:label xlink:type="resource" xlink:label="label_dnb_c81" xml:lang="en" xlink:role="http://www.xbrl.org/2008/role/label">Geef een toelichting op aard en omvang van de risico's op naheffingen met een materiele invloed op de aanwezige solvabiliteit resp. waardoor de aanwezige solvabiliteit daalt beneden de vereiste solvabiliteit eind boekjaar?</label:label>
    <gen:arc xlink:type="arc" xlink:arcrole="http://xbrl.org/arcrole/2008/element-label" xlink:from="loc_dnb_c81" xlink:to="label_dnb_c81" />
    <link:loc xlink:type="locator" xlink:href="t23-rend.xml#dnb_c82" xlink:label="loc_dnb_c82" />
    <label:label xlink:type="resource" xlink:label="label_dnb_c82" xml:lang="en" xlink:role="http://www.xbrl.org/2008/role/label">Maakt de premiepensioeninstelling onderdeel uit van een fiscale eenheid voor de vennootschapsbelasting? Zo ja, welke?</label:label>
    <gen:arc xlink:type="arc" xlink:arcrole="http://xbrl.org/arcrole/2008/element-label" xlink:from="loc_dnb_c82" xlink:to="label_dnb_c82" />
    <link:loc xlink:type="locator" xlink:href="t23-rend.xml#dnb_c83" xlink:label="loc_dnb_c83" />
    <label:label xlink:type="resource" xlink:label="label_dnb_c83" xml:lang="en" xlink:role="http://www.xbrl.org/2008/role/label">Is de maatschappij omzetbelastingplichtig?</label:label>
    <gen:arc xlink:type="arc" xlink:arcrole="http://xbrl.org/arcrole/2008/element-label" xlink:from="loc_dnb_c83" xlink:to="label_dnb_c83" />
    <link:loc xlink:type="locator" xlink:href="t23-rend.xml#dnb_c84" xlink:label="loc_dnb_c84" />
    <label:label xlink:type="resource" xlink:label="label_dnb_c84" xml:lang="en" xlink:role="http://www.xbrl.org/2008/role/label">Maakt de premiepensioeninstelling onderdeel uit van een fiscale eenheid voor de omzetbelasting? Zo ja, welke?</label:label>
    <gen:arc xlink:type="arc" xlink:arcrole="http://xbrl.org/arcrole/2008/element-label" xlink:from="loc_dnb_c84" xlink:to="label_dnb_c84" />
    <link:loc xlink:type="locator" xlink:href="t23-rend.xml#dnb_c85" xlink:label="loc_dnb_c85" />
    <label:label xlink:type="resource" xlink:label="label_dnb_c85" xml:lang="en" xlink:role="http://www.xbrl.org/2008/role/label">Geef een toelichting op aard en omvang van de risico's op naheffingen</label:label>
    <gen:arc xlink:type="arc" xlink:arcrole="http://xbrl.org/arcrole/2008/element-label" xlink:from="loc_dnb_c85" xlink:to="label_dnb_c85" />
    <link:loc xlink:type="locator" xlink:href="t23-rend.xml#dnb_c86" xlink:label="loc_dnb_c86" />
    <label:label xlink:type="resource" xlink:label="label_dnb_c86" xml:lang="en" xlink:role="http://www.xbrl.org/2008/role/label">Toelichting nevenactiviteiten</label:label>
    <gen:arc xlink:type="arc" xlink:arcrole="http://xbrl.org/arcrole/2008/element-label" xlink:from="loc_dnb_c86" xlink:to="label_dnb_c86" />
    <link:loc xlink:type="locator" xlink:href="t23-rend.xml#dnb_c87" xlink:label="loc_dnb_c87" />
    <label:label xlink:type="resource" xlink:label="label_dnb_c87" xml:lang="en" xlink:role="http://www.xbrl.org/2008/role/label">Voert u andere (niet-PPI-gerelateerde) activiteiten uit?</label:label>
    <gen:arc xlink:type="arc" xlink:arcrole="http://xbrl.org/arcrole/2008/element-label" xlink:from="loc_dnb_c87" xlink:to="label_dnb_c87" />
    <link:loc xlink:type="locator" xlink:href="t23-rend.xml#dnb_c88" xlink:label="loc_dnb_c88" />
    <label:label xlink:type="resource" xlink:label="label_dnb_c88" xml:lang="en" xlink:role="http://www.xbrl.org/2008/role/label">Zo ja, welke:</label:label>
    <gen:arc xlink:type="arc" xlink:arcrole="http://xbrl.org/arcrole/2008/element-label" xlink:from="loc_dnb_c88" xlink:to="label_dnb_c88" />
    <link:loc xlink:type="locator" xlink:href="t23-rend.xml#dnb_c89" xlink:label="loc_dnb_c89" />
    <label:label xlink:type="resource" xlink:label="label_dnb_c89" xml:lang="en" xlink:role="http://www.xbrl.org/2008/role/label">Welke verzekeringsbranches zijn van toepassing, omschrijf andere bemiddelingsactiviteiten (volmacht of assurantie tussenpersoon), vermeld per activiteit of het bemiddeling voor groepsmaatschappijen betreft</label:label>
    <gen:arc xlink:type="arc" xlink:arcrole="http://xbrl.org/arcrole/2008/element-label" xlink:from="loc_dnb_c89" xlink:to="label_dnb_c89" />
    <link:loc xlink:type="locator" xlink:href="t23-rend.xml#dnb_c90" xlink:label="loc_dnb_c90" />
    <label:label xlink:type="resource" xlink:label="label_dnb_c90" xml:lang="en" xlink:role="http://www.xbrl.org/2008/role/label">Wat is de aard van de insourcing, vermeld per activiteit of het insourcing van groepsmaatschappijen betreft</label:label>
    <gen:arc xlink:type="arc" xlink:arcrole="http://xbrl.org/arcrole/2008/element-label" xlink:from="loc_dnb_c90" xlink:to="label_dnb_c90" />
    <link:loc xlink:type="locator" xlink:href="t23-rend.xml#dnb_c91" xlink:label="loc_dnb_c91" />
    <label:label xlink:type="resource" xlink:label="label_dnb_c91" xml:lang="en" xlink:role="http://www.xbrl.org/2008/role/label">Wat zijn de overige activiteiten, vermeld per activiteit of het groepsmaatschappijen betreft</label:label>
    <gen:arc xlink:type="arc" xlink:arcrole="http://xbrl.org/arcrole/2008/element-label" xlink:from="loc_dnb_c91" xlink:to="label_dnb_c91" />
    <link:loc xlink:type="locator" xlink:href="t23-rend.xml#dnb_c92" xlink:label="loc_dnb_c92" />
    <label:label xlink:type="resource" xlink:label="label_dnb_c92" xml:lang="en" xlink:role="http://www.xbrl.org/2008/role/label">Toelichting bijkantoren en vrije dienstverrichting</label:label>
    <gen:arc xlink:type="arc" xlink:arcrole="http://xbrl.org/arcrole/2008/element-label" xlink:from="loc_dnb_c92" xlink:to="label_dnb_c92" />
    <link:loc xlink:type="locator" xlink:href="t23-rend.xml#dnb_c93" xlink:label="loc_dnb_c93" />
    <label:label xlink:type="resource" xlink:label="label_dnb_c93" xml:lang="en" xlink:role="http://www.xbrl.org/2008/role/label">Overige toelichtingen bijkantoren en vrije dienstverrichting</label:label>
    <gen:arc xlink:type="arc" xlink:arcrole="http://xbrl.org/arcrole/2008/element-label" xlink:from="loc_dnb_c93" xlink:to="label_dnb_c93" />
    <link:loc xlink:type="locator" xlink:href="t23-rend.xml#dnb_c94" xlink:label="loc_dnb_c94" />
    <label:label xlink:type="resource" xlink:label="label_dnb_c94" xml:lang="en" xlink:role="http://www.xbrl.org/2008/role/label">Toelichting aantal deelnemers, reglementen en contracten</label:label>
    <gen:arc xlink:type="arc" xlink:arcrole="http://xbrl.org/arcrole/2008/element-label" xlink:from="loc_dnb_c94" xlink:to="label_dnb_c94" />
    <link:loc xlink:type="locator" xlink:href="t23-rend.xml#dnb_c95" xlink:label="loc_dnb_c95" />
    <label:label xlink:type="resource" xlink:label="label_dnb_c95" xml:lang="en" xlink:role="http://www.xbrl.org/2008/role/label">Toelichting aantal deelnemers, reglementen en contracten</label:label>
    <gen:arc xlink:type="arc" xlink:arcrole="http://xbrl.org/arcrole/2008/element-label" xlink:from="loc_dnb_c95" xlink:to="label_dnb_c95" />
    <link:loc xlink:type="locator" xlink:href="t23-rend.xml#dnb_c96" xlink:label="loc_dnb_c96" />
    <label:label xlink:type="resource" xlink:label="label_dnb_c96" xml:lang="en" xlink:role="http://www.xbrl.org/2008/role/label">Toelichting minimaal eigen vermogen en solvabiliteit</label:label>
    <gen:arc xlink:type="arc" xlink:arcrole="http://xbrl.org/arcrole/2008/element-label" xlink:from="loc_dnb_c96" xlink:to="label_dnb_c96" />
    <link:loc xlink:type="locator" xlink:href="t23-rend.xml#dnb_c97" xlink:label="loc_dnb_c97" />
    <label:label xlink:type="resource" xlink:label="label_dnb_c97" xml:lang="en" xlink:role="http://www.xbrl.org/2008/role/label">Is een beroepsaansprakelijkheidsverzekering afgesloten (ja / nee)</label:label>
    <gen:arc xlink:type="arc" xlink:arcrole="http://xbrl.org/arcrole/2008/element-label" xlink:from="loc_dnb_c97" xlink:to="label_dnb_c97" />
  </gen:link>
</link:linkbase>