<ns0:linkbase xmlns:ns0="http://www.xbrl.org/2003/linkbase" xmlns:ns2="http://www.w3.org/1999/xlink" xmlns:xsi="http://www.w3.org/2001/XMLSchema-instance" xsi:schemaLocation="http://www.xbrl.org/2003/linkbase http://www.xbrl.org/2003/xbrl-linkbase-2003-12-31.xsd">
    <ns0:roleRef roleURI="http://ferc.gov/form/2020-01-01/roles/label/F1QTotal" ns2:href="../../ferc-core-lab-roles_2020-01-01.xsd#F1QTotal" ns2:type="simple" />
    <ns0:roleRef roleURI="http://ferc.gov/form/2020-01-01/roles/label/F1BeginningBalance" ns2:href="../../ferc-core-lab-roles_2020-01-01.xsd#F1BeginningBalance" ns2:type="simple" />
    <ns0:roleRef roleURI="http://ferc.gov/form/2020-01-01/roles/Schedule/F1Q/ElectricPlantInServiceAndAccumulatedProvisionForDepreciationByFunction" ns2:href="form-1Q-sched-ElectricPlantInServiceAndAccumulatedProvisionForDepreciationByFunction_2020-01-01.xsd#roleType_ElectricPlantInServiceAndAccumulatedProvisionForDepreciationByFunction" ns2:type="simple" />
    <ns0:roleRef roleURI="http://ferc.gov/form/2020-01-01/roles/label/F1ElectricPlantinServiceandAccumulatedProvisionforDepreciationbyFunction" ns2:href="../../ferc-core-lab-roles_2020-01-01.xsd#F1ElectricPlantinServiceandAccumulatedProvisionforDepreciationbyFunction" ns2:type="simple" />
    <ns0:roleRef roleURI="http://ferc.gov/form/2020-01-01/roles/label/F1RollforwardHeader" ns2:href="../../ferc-core-lab-roles_2020-01-01.xsd#F1RollforwardHeader" ns2:type="simple" />
    <ns0:presentationLink ns2:role="http://ferc.gov/form/2020-01-01/roles/Schedule/F1Q/ElectricPlantInServiceAndAccumulatedProvisionForDepreciationByFunction" ns2:type="extended">
        <ns0:loc ns2:href="../../ferc-core_2020-01-01.xsd#ferc_ScheduleElectricPlantInServiceAndAccumulatedProvisionForDepreciationByFunctionAbstract" ns2:label="ferc_ScheduleElectricPlantInServiceAndAccumulatedProvisionForDepreciationByFunctionAbstract" ns2:type="locator" />
        <ns0:loc ns2:href="../../ferc-core_2020-01-01.xsd#ferc_ElectricPlantInServiceTable" ns2:label="ferc_ElectricPlantInServiceTable" ns2:type="locator" />
        <ns0:presentationArc order="1" ns2:arcrole="http://www.xbrl.org/2003/arcrole/parent-child" ns2:from="ferc_ScheduleElectricPlantInServiceAndAccumulatedProvisionForDepreciationByFunctionAbstract" ns2:to="ferc_ElectricPlantInServiceTable" ns2:type="arc" />
        <ns0:loc ns2:href="../../ferc-core_2020-01-01.xsd#ferc_ElectricPlantInServiceLineItems" ns2:label="ferc_ElectricPlantInServiceLineItems" ns2:type="locator" />
        <ns0:presentationArc order="1" ns2:arcrole="http://www.xbrl.org/2003/arcrole/parent-child" ns2:from="ferc_ElectricPlantInServiceTable" ns2:to="ferc_ElectricPlantInServiceLineItems" ns2:type="arc" />
        <ns0:loc ns2:href="../../ferc-core_2020-01-01.xsd#ferc_IntangiblePlantAbstract" ns2:label="ferc_IntangiblePlantAbstract" ns2:type="locator" />
        <ns0:presentationArc order="1" preferredLabel="http://ferc.gov/form/2020-01-01/roles/label/F1RollforwardHeader" ns2:arcrole="http://www.xbrl.org/2003/arcrole/parent-child" ns2:from="ferc_ElectricPlantInServiceLineItems" ns2:to="ferc_IntangiblePlantAbstract" ns2:type="arc" />
        <ns0:loc ns2:href="../../ferc-core_2020-01-01.xsd#ferc_IntangiblePlant" ns2:label="ferc_IntangiblePlant" ns2:type="locator" />
        <ns0:presentationArc order="1" preferredLabel="http://ferc.gov/form/2020-01-01/roles/label/F1BeginningBalance" ns2:arcrole="http://www.xbrl.org/2003/arcrole/parent-child" ns2:from="ferc_IntangiblePlantAbstract" ns2:to="ferc_IntangiblePlant" ns2:type="arc" />
        <ns0:loc ns2:href="../../ferc-core_2020-01-01.xsd#ferc_IntangiblePlantAccumulatedDepreciationAndAmortization" ns2:label="ferc_IntangiblePlantAccumulatedDepreciationAndAmortization" ns2:type="locator" />
        <ns0:presentationArc order="2" preferredLabel="http://ferc.gov/form/2020-01-01/roles/label/F1ElectricPlantinServiceandAccumulatedProvisionforDepreciationbyFunction" ns2:arcrole="http://www.xbrl.org/2003/arcrole/parent-child" ns2:from="ferc_IntangiblePlantAbstract" ns2:to="ferc_IntangiblePlantAccumulatedDepreciationAndAmortization" ns2:type="arc" />
        <ns0:loc ns2:href="../../ferc-core_2020-01-01.xsd#ferc_SteamProductionAbstract" ns2:label="ferc_SteamProductionAbstract" ns2:type="locator" />
        <ns0:presentationArc order="2" preferredLabel="http://ferc.gov/form/2020-01-01/roles/label/F1RollforwardHeader" ns2:arcrole="http://www.xbrl.org/2003/arcrole/parent-child" ns2:from="ferc_ElectricPlantInServiceLineItems" ns2:to="ferc_SteamProductionAbstract" ns2:type="arc" />
        <ns0:loc ns2:href="../../ferc-core_2020-01-01.xsd#ferc_SteamProductionPlant" ns2:label="ferc_SteamProductionPlant" ns2:type="locator" />
        <ns0:presentationArc order="1" preferredLabel="http://ferc.gov/form/2020-01-01/roles/label/F1BeginningBalance" ns2:arcrole="http://www.xbrl.org/2003/arcrole/parent-child" ns2:from="ferc_SteamProductionAbstract" ns2:to="ferc_SteamProductionPlant" ns2:type="arc" />
        <ns0:loc ns2:href="../../ferc-core_2020-01-01.xsd#ferc_AccumulatedDepreciationSteamProduction" ns2:label="ferc_AccumulatedDepreciationSteamProduction" ns2:type="locator" />
        <ns0:presentationArc order="2" preferredLabel="http://ferc.gov/form/2020-01-01/roles/label/F1ElectricPlantinServiceandAccumulatedProvisionforDepreciationbyFunction" ns2:arcrole="http://www.xbrl.org/2003/arcrole/parent-child" ns2:from="ferc_SteamProductionAbstract" ns2:to="ferc_AccumulatedDepreciationSteamProduction" ns2:type="arc" />
        <ns0:loc ns2:href="../../ferc-core_2020-01-01.xsd#ferc_NuclearProductionAbstract" ns2:label="ferc_NuclearProductionAbstract" ns2:type="locator" />
        <ns0:presentationArc order="3" preferredLabel="http://ferc.gov/form/2020-01-01/roles/label/F1RollforwardHeader" ns2:arcrole="http://www.xbrl.org/2003/arcrole/parent-child" ns2:from="ferc_ElectricPlantInServiceLineItems" ns2:to="ferc_NuclearProductionAbstract" ns2:type="arc" />
        <ns0:loc ns2:href="../../ferc-core_2020-01-01.xsd#ferc_NuclearProductionPlant" ns2:label="ferc_NuclearProductionPlant" ns2:type="locator" />
        <ns0:presentationArc order="1" preferredLabel="http://ferc.gov/form/2020-01-01/roles/label/F1BeginningBalance" ns2:arcrole="http://www.xbrl.org/2003/arcrole/parent-child" ns2:from="ferc_NuclearProductionAbstract" ns2:to="ferc_NuclearProductionPlant" ns2:type="arc" />
        <ns0:loc ns2:href="../../ferc-core_2020-01-01.xsd#ferc_AccumulatedDepreciationNuclearProduction" ns2:label="ferc_AccumulatedDepreciationNuclearProduction" ns2:type="locator" />
        <ns0:presentationArc order="2" preferredLabel="http://ferc.gov/form/2020-01-01/roles/label/F1ElectricPlantinServiceandAccumulatedProvisionforDepreciationbyFunction" ns2:arcrole="http://www.xbrl.org/2003/arcrole/parent-child" ns2:from="ferc_NuclearProductionAbstract" ns2:to="ferc_AccumulatedDepreciationNuclearProduction" ns2:type="arc" />
        <ns0:loc ns2:href="../../ferc-core_2020-01-01.xsd#ferc_HydraulicProductionConventionalPlantAbstract" ns2:label="ferc_HydraulicProductionConventionalPlantAbstract" ns2:type="locator" />
        <ns0:presentationArc order="4" preferredLabel="http://ferc.gov/form/2020-01-01/roles/label/F1RollforwardHeader" ns2:arcrole="http://www.xbrl.org/2003/arcrole/parent-child" ns2:from="ferc_ElectricPlantInServiceLineItems" ns2:to="ferc_HydraulicProductionConventionalPlantAbstract" ns2:type="arc" />
        <ns0:loc ns2:href="../../ferc-core_2020-01-01.xsd#ferc_HydraulicProductionConventionalPlant" ns2:label="ferc_HydraulicProductionConventionalPlant" ns2:type="locator" />
        <ns0:presentationArc order="1" preferredLabel="http://ferc.gov/form/2020-01-01/roles/label/F1BeginningBalance" ns2:arcrole="http://www.xbrl.org/2003/arcrole/parent-child" ns2:from="ferc_HydraulicProductionConventionalPlantAbstract" ns2:to="ferc_HydraulicProductionConventionalPlant" ns2:type="arc" />
        <ns0:loc ns2:href="../../ferc-core_2020-01-01.xsd#ferc_AccumulatedDepreciationHydraulicProductionConventional" ns2:label="ferc_AccumulatedDepreciationHydraulicProductionConventional" ns2:type="locator" />
        <ns0:presentationArc order="2" preferredLabel="http://ferc.gov/form/2020-01-01/roles/label/F1ElectricPlantinServiceandAccumulatedProvisionforDepreciationbyFunction" ns2:arcrole="http://www.xbrl.org/2003/arcrole/parent-child" ns2:from="ferc_HydraulicProductionConventionalPlantAbstract" ns2:to="ferc_AccumulatedDepreciationHydraulicProductionConventional" ns2:type="arc" />
        <ns0:loc ns2:href="../../ferc-core_2020-01-01.xsd#ferc_HydraulicProductionPumpedStoragePlantAbstract" ns2:label="ferc_HydraulicProductionPumpedStoragePlantAbstract" ns2:type="locator" />
        <ns0:presentationArc order="5" preferredLabel="http://ferc.gov/form/2020-01-01/roles/label/F1RollforwardHeader" ns2:arcrole="http://www.xbrl.org/2003/arcrole/parent-child" ns2:from="ferc_ElectricPlantInServiceLineItems" ns2:to="ferc_HydraulicProductionPumpedStoragePlantAbstract" ns2:type="arc" />
        <ns0:loc ns2:href="../../ferc-core_2020-01-01.xsd#ferc_HydraulicProductionPumpedStoragePlant" ns2:label="ferc_HydraulicProductionPumpedStoragePlant" ns2:type="locator" />
        <ns0:presentationArc order="1" preferredLabel="http://ferc.gov/form/2020-01-01/roles/label/F1BeginningBalance" ns2:arcrole="http://www.xbrl.org/2003/arcrole/parent-child" ns2:from="ferc_HydraulicProductionPumpedStoragePlantAbstract" ns2:to="ferc_HydraulicProductionPumpedStoragePlant" ns2:type="arc" />
        <ns0:loc ns2:href="../../ferc-core_2020-01-01.xsd#ferc_AccumulatedDepreciationHydraulicProductionPumpedStorage" ns2:label="ferc_AccumulatedDepreciationHydraulicProductionPumpedStorage" ns2:type="locator" />
        <ns0:presentationArc order="2" preferredLabel="http://ferc.gov/form/2020-01-01/roles/label/F1ElectricPlantinServiceandAccumulatedProvisionforDepreciationbyFunction" ns2:arcrole="http://www.xbrl.org/2003/arcrole/parent-child" ns2:from="ferc_HydraulicProductionPumpedStoragePlantAbstract" ns2:to="ferc_AccumulatedDepreciationHydraulicProductionPumpedStorage" ns2:type="arc" />
        <ns0:loc ns2:href="../../ferc-core_2020-01-01.xsd#ferc_OtherProductionAbstract" ns2:label="ferc_OtherProductionAbstract" ns2:type="locator" />
        <ns0:presentationArc order="6" preferredLabel="http://ferc.gov/form/2020-01-01/roles/label/F1RollforwardHeader" ns2:arcrole="http://www.xbrl.org/2003/arcrole/parent-child" ns2:from="ferc_ElectricPlantInServiceLineItems" ns2:to="ferc_OtherProductionAbstract" ns2:type="arc" />
        <ns0:loc ns2:href="../../ferc-core_2020-01-01.xsd#ferc_OtherProductionPlant" ns2:label="ferc_OtherProductionPlant" ns2:type="locator" />
        <ns0:presentationArc order="1" preferredLabel="http://ferc.gov/form/2020-01-01/roles/label/F1BeginningBalance" ns2:arcrole="http://www.xbrl.org/2003/arcrole/parent-child" ns2:from="ferc_OtherProductionAbstract" ns2:to="ferc_OtherProductionPlant" ns2:type="arc" />
        <ns0:loc ns2:href="../../ferc-core_2020-01-01.xsd#ferc_AccumulatedDepreciationOtherProduction" ns2:label="ferc_AccumulatedDepreciationOtherProduction" ns2:type="locator" />
        <ns0:presentationArc order="2" preferredLabel="http://ferc.gov/form/2020-01-01/roles/label/F1ElectricPlantinServiceandAccumulatedProvisionforDepreciationbyFunction" ns2:arcrole="http://www.xbrl.org/2003/arcrole/parent-child" ns2:from="ferc_OtherProductionAbstract" ns2:to="ferc_AccumulatedDepreciationOtherProduction" ns2:type="arc" />
        <ns0:loc ns2:href="../../ferc-core_2020-01-01.xsd#ferc_TransmissionPlantAbstract" ns2:label="ferc_TransmissionPlantAbstract" ns2:type="locator" />
        <ns0:presentationArc order="7" preferredLabel="http://ferc.gov/form/2020-01-01/roles/label/F1RollforwardHeader" ns2:arcrole="http://www.xbrl.org/2003/arcrole/parent-child" ns2:from="ferc_ElectricPlantInServiceLineItems" ns2:to="ferc_TransmissionPlantAbstract" ns2:type="arc" />
        <ns0:loc ns2:href="../../ferc-core_2020-01-01.xsd#ferc_TransmissionPlant" ns2:label="ferc_TransmissionPlant" ns2:type="locator" />
        <ns0:presentationArc order="1" preferredLabel="http://ferc.gov/form/2020-01-01/roles/label/F1BeginningBalance" ns2:arcrole="http://www.xbrl.org/2003/arcrole/parent-child" ns2:from="ferc_TransmissionPlantAbstract" ns2:to="ferc_TransmissionPlant" ns2:type="arc" />
        <ns0:loc ns2:href="../../ferc-core_2020-01-01.xsd#ferc_AccumulatedDepreciationTransmission" ns2:label="ferc_AccumulatedDepreciationTransmission" ns2:type="locator" />
        <ns0:presentationArc order="2" preferredLabel="http://ferc.gov/form/2020-01-01/roles/label/F1ElectricPlantinServiceandAccumulatedProvisionforDepreciationbyFunction" ns2:arcrole="http://www.xbrl.org/2003/arcrole/parent-child" ns2:from="ferc_TransmissionPlantAbstract" ns2:to="ferc_AccumulatedDepreciationTransmission" ns2:type="arc" />
        <ns0:loc ns2:href="../../ferc-core_2020-01-01.xsd#ferc_DistributionPlantAbstract" ns2:label="ferc_DistributionPlantAbstract" ns2:type="locator" />
        <ns0:presentationArc order="8" preferredLabel="http://ferc.gov/form/2020-01-01/roles/label/F1RollforwardHeader" ns2:arcrole="http://www.xbrl.org/2003/arcrole/parent-child" ns2:from="ferc_ElectricPlantInServiceLineItems" ns2:to="ferc_DistributionPlantAbstract" ns2:type="arc" />
        <ns0:loc ns2:href="../../ferc-core_2020-01-01.xsd#ferc_DistributionPlant" ns2:label="ferc_DistributionPlant" ns2:type="locator" />
        <ns0:presentationArc order="1" preferredLabel="http://ferc.gov/form/2020-01-01/roles/label/F1BeginningBalance" ns2:arcrole="http://www.xbrl.org/2003/arcrole/parent-child" ns2:from="ferc_DistributionPlantAbstract" ns2:to="ferc_DistributionPlant" ns2:type="arc" />
        <ns0:loc ns2:href="../../ferc-core_2020-01-01.xsd#ferc_AccumulatedDepreciationDistribution" ns2:label="ferc_AccumulatedDepreciationDistribution" ns2:type="locator" />
        <ns0:presentationArc order="2" preferredLabel="http://ferc.gov/form/2020-01-01/roles/label/F1ElectricPlantinServiceandAccumulatedProvisionforDepreciationbyFunction" ns2:arcrole="http://www.xbrl.org/2003/arcrole/parent-child" ns2:from="ferc_DistributionPlantAbstract" ns2:to="ferc_AccumulatedDepreciationDistribution" ns2:type="arc" />
        <ns0:loc ns2:href="../../ferc-core_2020-01-01.xsd#ferc_RegionalTransmissionAndMarketOperationPlantAbstract" ns2:label="ferc_RegionalTransmissionAndMarketOperationPlantAbstract" ns2:type="locator" />
        <ns0:presentationArc order="9" preferredLabel="http://ferc.gov/form/2020-01-01/roles/label/F1RollforwardHeader" ns2:arcrole="http://www.xbrl.org/2003/arcrole/parent-child" ns2:from="ferc_ElectricPlantInServiceLineItems" ns2:to="ferc_RegionalTransmissionAndMarketOperationPlantAbstract" ns2:type="arc" />
        <ns0:loc ns2:href="../../ferc-core_2020-01-01.xsd#ferc_TransmissionAndMarketOperationPlantRegionalTransmissionAndMarketOperationPlant" ns2:label="ferc_TransmissionAndMarketOperationPlantRegionalTransmissionAndMarketOperationPlant" ns2:type="locator" />
        <ns0:presentationArc order="1" preferredLabel="http://ferc.gov/form/2020-01-01/roles/label/F1BeginningBalance" ns2:arcrole="http://www.xbrl.org/2003/arcrole/parent-child" ns2:from="ferc_RegionalTransmissionAndMarketOperationPlantAbstract" ns2:to="ferc_TransmissionAndMarketOperationPlantRegionalTransmissionAndMarketOperationPlant" ns2:type="arc" />
        <ns0:loc ns2:href="../../ferc-core_2020-01-01.xsd#ferc_AccumulatedDepreciationRegionalTransmissionAndMarketOperation" ns2:label="ferc_AccumulatedDepreciationRegionalTransmissionAndMarketOperation" ns2:type="locator" />
        <ns0:presentationArc order="2" preferredLabel="http://ferc.gov/form/2020-01-01/roles/label/F1ElectricPlantinServiceandAccumulatedProvisionforDepreciationbyFunction" ns2:arcrole="http://www.xbrl.org/2003/arcrole/parent-child" ns2:from="ferc_RegionalTransmissionAndMarketOperationPlantAbstract" ns2:to="ferc_AccumulatedDepreciationRegionalTransmissionAndMarketOperation" ns2:type="arc" />
        <ns0:loc ns2:href="../../ferc-core_2020-01-01.xsd#ferc_GeneralPlantAbstract" ns2:label="ferc_GeneralPlantAbstract" ns2:type="locator" />
        <ns0:presentationArc order="10" preferredLabel="http://ferc.gov/form/2020-01-01/roles/label/F1RollforwardHeader" ns2:arcrole="http://www.xbrl.org/2003/arcrole/parent-child" ns2:from="ferc_ElectricPlantInServiceLineItems" ns2:to="ferc_GeneralPlantAbstract" ns2:type="arc" />
        <ns0:loc ns2:href="../../ferc-core_2020-01-01.xsd#ferc_GeneralPlantExcludingOtherTangiblePropertyAndAssetRetirementCostsForGeneralPlant" ns2:label="ferc_GeneralPlantExcludingOtherTangiblePropertyAndAssetRetirementCostsForGeneralPlant" ns2:type="locator" />
        <ns0:presentationArc order="1" preferredLabel="http://ferc.gov/form/2020-01-01/roles/label/F1BeginningBalance" ns2:arcrole="http://www.xbrl.org/2003/arcrole/parent-child" ns2:from="ferc_GeneralPlantAbstract" ns2:to="ferc_GeneralPlantExcludingOtherTangiblePropertyAndAssetRetirementCostsForGeneralPlant" ns2:type="arc" />
        <ns0:loc ns2:href="../../ferc-core_2020-01-01.xsd#ferc_AccumulatedDepreciationGeneral" ns2:label="ferc_AccumulatedDepreciationGeneral" ns2:type="locator" />
        <ns0:presentationArc order="2" preferredLabel="http://ferc.gov/form/2020-01-01/roles/label/F1ElectricPlantinServiceandAccumulatedProvisionforDepreciationbyFunction" ns2:arcrole="http://www.xbrl.org/2003/arcrole/parent-child" ns2:from="ferc_GeneralPlantAbstract" ns2:to="ferc_AccumulatedDepreciationGeneral" ns2:type="arc" />
        <ns0:loc ns2:href="../../ferc-core_2020-01-01.xsd#ferc_PlantInServiceAndAccumulatedProvisionForDepreciationByFunctionAbstract" ns2:label="ferc_PlantInServiceAndAccumulatedProvisionForDepreciationByFunctionAbstract" ns2:type="locator" />
        <ns0:presentationArc order="11" preferredLabel="http://ferc.gov/form/2020-01-01/roles/label/F1RollforwardHeader" ns2:arcrole="http://www.xbrl.org/2003/arcrole/parent-child" ns2:from="ferc_ElectricPlantInServiceLineItems" ns2:to="ferc_PlantInServiceAndAccumulatedProvisionForDepreciationByFunctionAbstract" ns2:type="arc" />
        <ns0:loc ns2:href="../../ferc-core_2020-01-01.xsd#ferc_ElectricPlantInService" ns2:label="ferc_ElectricPlantInService" ns2:type="locator" />
        <ns0:presentationArc order="1" preferredLabel="http://ferc.gov/form/2020-01-01/roles/label/F1QTotal" ns2:arcrole="http://www.xbrl.org/2003/arcrole/parent-child" ns2:from="ferc_PlantInServiceAndAccumulatedProvisionForDepreciationByFunctionAbstract" ns2:to="ferc_ElectricPlantInService" ns2:type="arc" />
        <ns0:loc ns2:href="../../ferc-core_2020-01-01.xsd#ferc_AccumulatedProvisionForDepreciationOfElectricUtilityPlant" ns2:label="ferc_AccumulatedProvisionForDepreciationOfElectricUtilityPlant" ns2:type="locator" />
        <ns0:presentationArc order="2" preferredLabel="http://ferc.gov/form/2020-01-01/roles/label/F1QTotal" ns2:arcrole="http://www.xbrl.org/2003/arcrole/parent-child" ns2:from="ferc_PlantInServiceAndAccumulatedProvisionForDepreciationByFunctionAbstract" ns2:to="ferc_AccumulatedProvisionForDepreciationOfElectricUtilityPlant" ns2:type="arc" />
    </ns0:presentationLink>
</ns0:linkbase>