<ns0:linkbase xmlns:ns0="http://www.xbrl.org/2003/linkbase" xmlns:ns2="http://www.w3.org/1999/xlink" xmlns:xsi="http://www.w3.org/2001/XMLSchema-instance" xsi:schemaLocation="http://www.xbrl.org/2003/linkbase http://www.xbrl.org/2003/xbrl-linkbase-2003-12-31.xsd">
    <ns0:roleRef roleURI="http://ferc.gov/form/2020-01-01/roles/Schedule/F1Q/ElectricPlantInServiceAndAccumulatedProvisionForDepreciationByFunction" ns2:href="form-1Q-sched-ElectricPlantInServiceAndAccumulatedProvisionForDepreciationByFunction_2020-01-01.xsd#roleType_ElectricPlantInServiceAndAccumulatedProvisionForDepreciationByFunction" ns2:type="simple" />
    <ns0:calculationLink ns2:role="http://ferc.gov/form/2020-01-01/roles/Schedule/F1Q/ElectricPlantInServiceAndAccumulatedProvisionForDepreciationByFunction" ns2:type="extended">
        <ns0:loc ns2:href="../../ferc-core_2020-01-01.xsd#ferc_ElectricPlantInService" ns2:label="ferc_ElectricPlantInService" ns2:type="locator" />
        <ns0:loc ns2:href="../../ferc-core_2020-01-01.xsd#ferc_IntangiblePlant" ns2:label="ferc_IntangiblePlant" ns2:type="locator" />
        <ns0:calculationArc order="1" weight="1" ns2:arcrole="http://www.xbrl.org/2003/arcrole/summation-item" ns2:from="ferc_ElectricPlantInService" ns2:to="ferc_IntangiblePlant" ns2:type="arc" />
        <ns0:loc ns2:href="../../ferc-core_2020-01-01.xsd#ferc_AccumulatedProvisionForDepreciationOfElectricUtilityPlant" ns2:label="ferc_AccumulatedProvisionForDepreciationOfElectricUtilityPlant" ns2:type="locator" />
        <ns0:loc ns2:href="../../ferc-core_2020-01-01.xsd#ferc_IntangiblePlantAccumulatedDepreciationAndAmortization" ns2:label="ferc_IntangiblePlantAccumulatedDepreciationAndAmortization" ns2:type="locator" />
        <ns0:calculationArc order="1" weight="1" ns2:arcrole="http://www.xbrl.org/2003/arcrole/summation-item" ns2:from="ferc_AccumulatedProvisionForDepreciationOfElectricUtilityPlant" ns2:to="ferc_IntangiblePlantAccumulatedDepreciationAndAmortization" ns2:type="arc" />
        <ns0:loc ns2:href="../../ferc-core_2020-01-01.xsd#ferc_SteamProductionPlant" ns2:label="ferc_SteamProductionPlant" ns2:type="locator" />
        <ns0:calculationArc order="1" weight="1" ns2:arcrole="http://www.xbrl.org/2003/arcrole/summation-item" ns2:from="ferc_ElectricPlantInService" ns2:to="ferc_SteamProductionPlant" ns2:type="arc" />
        <ns0:loc ns2:href="../../ferc-core_2020-01-01.xsd#ferc_AccumulatedDepreciationSteamProduction" ns2:label="ferc_AccumulatedDepreciationSteamProduction" ns2:type="locator" />
        <ns0:calculationArc order="1" weight="1" ns2:arcrole="http://www.xbrl.org/2003/arcrole/summation-item" ns2:from="ferc_AccumulatedProvisionForDepreciationOfElectricUtilityPlant" ns2:to="ferc_AccumulatedDepreciationSteamProduction" ns2:type="arc" />
        <ns0:loc ns2:href="../../ferc-core_2020-01-01.xsd#ferc_NuclearProductionPlant" ns2:label="ferc_NuclearProductionPlant" ns2:type="locator" />
        <ns0:calculationArc order="1" weight="1" ns2:arcrole="http://www.xbrl.org/2003/arcrole/summation-item" ns2:from="ferc_ElectricPlantInService" ns2:to="ferc_NuclearProductionPlant" ns2:type="arc" />
        <ns0:loc ns2:href="../../ferc-core_2020-01-01.xsd#ferc_AccumulatedDepreciationNuclearProduction" ns2:label="ferc_AccumulatedDepreciationNuclearProduction" ns2:type="locator" />
        <ns0:calculationArc order="1" weight="1" ns2:arcrole="http://www.xbrl.org/2003/arcrole/summation-item" ns2:from="ferc_AccumulatedProvisionForDepreciationOfElectricUtilityPlant" ns2:to="ferc_AccumulatedDepreciationNuclearProduction" ns2:type="arc" />
        <ns0:loc ns2:href="../../ferc-core_2020-01-01.xsd#ferc_HydraulicProductionConventionalPlant" ns2:label="ferc_HydraulicProductionConventionalPlant" ns2:type="locator" />
        <ns0:calculationArc order="1" weight="1" ns2:arcrole="http://www.xbrl.org/2003/arcrole/summation-item" ns2:from="ferc_ElectricPlantInService" ns2:to="ferc_HydraulicProductionConventionalPlant" ns2:type="arc" />
        <ns0:loc ns2:href="../../ferc-core_2020-01-01.xsd#ferc_AccumulatedDepreciationHydraulicProductionConventional" ns2:label="ferc_AccumulatedDepreciationHydraulicProductionConventional" ns2:type="locator" />
        <ns0:calculationArc order="1" weight="1" ns2:arcrole="http://www.xbrl.org/2003/arcrole/summation-item" ns2:from="ferc_AccumulatedProvisionForDepreciationOfElectricUtilityPlant" ns2:to="ferc_AccumulatedDepreciationHydraulicProductionConventional" ns2:type="arc" />
        <ns0:loc ns2:href="../../ferc-core_2020-01-01.xsd#ferc_HydraulicProductionPumpedStoragePlant" ns2:label="ferc_HydraulicProductionPumpedStoragePlant" ns2:type="locator" />
        <ns0:calculationArc order="1" weight="1" ns2:arcrole="http://www.xbrl.org/2003/arcrole/summation-item" ns2:from="ferc_ElectricPlantInService" ns2:to="ferc_HydraulicProductionPumpedStoragePlant" ns2:type="arc" />
        <ns0:loc ns2:href="../../ferc-core_2020-01-01.xsd#ferc_AccumulatedDepreciationHydraulicProductionPumpedStorage" ns2:label="ferc_AccumulatedDepreciationHydraulicProductionPumpedStorage" ns2:type="locator" />
        <ns0:calculationArc order="1" weight="1" ns2:arcrole="http://www.xbrl.org/2003/arcrole/summation-item" ns2:from="ferc_AccumulatedProvisionForDepreciationOfElectricUtilityPlant" ns2:to="ferc_AccumulatedDepreciationHydraulicProductionPumpedStorage" ns2:type="arc" />
        <ns0:loc ns2:href="../../ferc-core_2020-01-01.xsd#ferc_OtherProductionPlant" ns2:label="ferc_OtherProductionPlant" ns2:type="locator" />
        <ns0:calculationArc order="1" weight="1" ns2:arcrole="http://www.xbrl.org/2003/arcrole/summation-item" ns2:from="ferc_ElectricPlantInService" ns2:to="ferc_OtherProductionPlant" ns2:type="arc" />
        <ns0:loc ns2:href="../../ferc-core_2020-01-01.xsd#ferc_AccumulatedDepreciationOtherProduction" ns2:label="ferc_AccumulatedDepreciationOtherProduction" ns2:type="locator" />
        <ns0:calculationArc order="1" weight="1" ns2:arcrole="http://www.xbrl.org/2003/arcrole/summation-item" ns2:from="ferc_AccumulatedProvisionForDepreciationOfElectricUtilityPlant" ns2:to="ferc_AccumulatedDepreciationOtherProduction" ns2:type="arc" />
        <ns0:loc ns2:href="../../ferc-core_2020-01-01.xsd#ferc_TransmissionPlant" ns2:label="ferc_TransmissionPlant" ns2:type="locator" />
        <ns0:calculationArc order="1" weight="1" ns2:arcrole="http://www.xbrl.org/2003/arcrole/summation-item" ns2:from="ferc_ElectricPlantInService" ns2:to="ferc_TransmissionPlant" ns2:type="arc" />
        <ns0:loc ns2:href="../../ferc-core_2020-01-01.xsd#ferc_AccumulatedDepreciationTransmission" ns2:label="ferc_AccumulatedDepreciationTransmission" ns2:type="locator" />
        <ns0:calculationArc order="1" weight="1" ns2:arcrole="http://www.xbrl.org/2003/arcrole/summation-item" ns2:from="ferc_AccumulatedProvisionForDepreciationOfElectricUtilityPlant" ns2:to="ferc_AccumulatedDepreciationTransmission" ns2:type="arc" />
        <ns0:loc ns2:href="../../ferc-core_2020-01-01.xsd#ferc_DistributionPlant" ns2:label="ferc_DistributionPlant" ns2:type="locator" />
        <ns0:calculationArc order="1" weight="1" ns2:arcrole="http://www.xbrl.org/2003/arcrole/summation-item" ns2:from="ferc_ElectricPlantInService" ns2:to="ferc_DistributionPlant" ns2:type="arc" />
        <ns0:loc ns2:href="../../ferc-core_2020-01-01.xsd#ferc_AccumulatedDepreciationDistribution" ns2:label="ferc_AccumulatedDepreciationDistribution" ns2:type="locator" />
        <ns0:calculationArc order="1" weight="1" ns2:arcrole="http://www.xbrl.org/2003/arcrole/summation-item" ns2:from="ferc_AccumulatedProvisionForDepreciationOfElectricUtilityPlant" ns2:to="ferc_AccumulatedDepreciationDistribution" ns2:type="arc" />
        <ns0:loc ns2:href="../../ferc-core_2020-01-01.xsd#ferc_TransmissionAndMarketOperationPlantRegionalTransmissionAndMarketOperationPlant" ns2:label="ferc_TransmissionAndMarketOperationPlantRegionalTransmissionAndMarketOperationPlant" ns2:type="locator" />
        <ns0:calculationArc order="1" weight="1" ns2:arcrole="http://www.xbrl.org/2003/arcrole/summation-item" ns2:from="ferc_ElectricPlantInService" ns2:to="ferc_TransmissionAndMarketOperationPlantRegionalTransmissionAndMarketOperationPlant" ns2:type="arc" />
        <ns0:loc ns2:href="../../ferc-core_2020-01-01.xsd#ferc_AccumulatedDepreciationRegionalTransmissionAndMarketOperation" ns2:label="ferc_AccumulatedDepreciationRegionalTransmissionAndMarketOperation" ns2:type="locator" />
        <ns0:calculationArc order="1" weight="1" ns2:arcrole="http://www.xbrl.org/2003/arcrole/summation-item" ns2:from="ferc_AccumulatedProvisionForDepreciationOfElectricUtilityPlant" ns2:to="ferc_AccumulatedDepreciationRegionalTransmissionAndMarketOperation" ns2:type="arc" />
        <ns0:loc ns2:href="../../ferc-core_2020-01-01.xsd#ferc_GeneralPlantExcludingOtherTangiblePropertyAndAssetRetirementCostsForGeneralPlant" ns2:label="ferc_GeneralPlantExcludingOtherTangiblePropertyAndAssetRetirementCostsForGeneralPlant" ns2:type="locator" />
        <ns0:calculationArc order="1" weight="1" ns2:arcrole="http://www.xbrl.org/2003/arcrole/summation-item" ns2:from="ferc_ElectricPlantInService" ns2:to="ferc_GeneralPlantExcludingOtherTangiblePropertyAndAssetRetirementCostsForGeneralPlant" ns2:type="arc" />
        <ns0:loc ns2:href="../../ferc-core_2020-01-01.xsd#ferc_AccumulatedDepreciationGeneral" ns2:label="ferc_AccumulatedDepreciationGeneral" ns2:type="locator" />
        <ns0:calculationArc order="1" weight="1" ns2:arcrole="http://www.xbrl.org/2003/arcrole/summation-item" ns2:from="ferc_AccumulatedProvisionForDepreciationOfElectricUtilityPlant" ns2:to="ferc_AccumulatedDepreciationGeneral" ns2:type="arc" />
    </ns0:calculationLink>
</ns0:linkbase>