<ns0:linkbase xmlns:ns0="http://www.xbrl.org/2003/linkbase" xmlns:ns2="http://www.w3.org/1999/xlink" xmlns:xsi="http://www.w3.org/2001/XMLSchema-instance" xsi:schemaLocation="http://www.xbrl.org/2003/linkbase http://www.xbrl.org/2003/xbrl-linkbase-2003-12-31.xsd">
    <ns0:roleRef roleURI="http://ferc.gov/form/2020-01-01/roles/label/F1RollforwardHeader" ns2:href="../../ferc-core-lab-roles_2020-01-01.xsd#F1RollforwardHeader" ns2:type="simple" />
    <ns0:roleRef roleURI="http://ferc.gov/form/2020-01-01/roles/label/F1MaterialsAndSupplies" ns2:href="../../ferc-core-lab-roles_2020-01-01.xsd#F1MaterialsAndSupplies" ns2:type="simple" />
    <ns0:roleRef roleURI="http://ferc.gov/form/2020-01-01/roles/label/F1Total" ns2:href="../../ferc-core-lab-roles_2020-01-01.xsd#F1Total" ns2:type="simple" />
    <ns0:roleRef roleURI="http://ferc.gov/form/2020-01-01/roles/Schedule/F1/ScheduleMaterialsAndSuppliesOtherClasses" ns2:href="form-1-sched-MaterialsAndSupplies_2020-01-01.xsd#roleType_ScheduleMaterialsAndSuppliesOtherClasses" ns2:type="simple" />
    <ns0:roleRef roleURI="http://ferc.gov/form/2020-01-01/roles/Schedule/F1/ScheduleMaterialsAndSupplies" ns2:href="form-1-sched-MaterialsAndSupplies_2020-01-01.xsd#roleType_ScheduleMaterialsAndSupplies" ns2:type="simple" />
    <ns0:presentationLink ns2:role="http://ferc.gov/form/2020-01-01/roles/Schedule/F1/ScheduleMaterialsAndSupplies" ns2:type="extended">
        <ns0:loc ns2:href="../../ferc-core_2020-01-01.xsd#ferc_ScheduleMaterialsAndSuppliesAbstract" ns2:label="ferc_ScheduleMaterialsAndSuppliesAbstract" ns2:type="locator" />
        <ns0:loc ns2:href="../../ferc-core_2020-01-01.xsd#ferc_MaterialsAndSuppliesTable" ns2:label="ferc_MaterialsAndSuppliesTable" ns2:type="locator" />
        <ns0:presentationArc order="1" ns2:arcrole="http://www.xbrl.org/2003/arcrole/parent-child" ns2:from="ferc_ScheduleMaterialsAndSuppliesAbstract" ns2:to="ferc_MaterialsAndSuppliesTable" ns2:type="arc" />
        <ns0:loc ns2:href="../../ferc-core_2020-01-01.xsd#ferc_MaterialsAndSuppliesLineItems" ns2:label="ferc_MaterialsAndSuppliesLineItems" ns2:type="locator" />
        <ns0:presentationArc order="1" ns2:arcrole="http://www.xbrl.org/2003/arcrole/parent-child" ns2:from="ferc_MaterialsAndSuppliesTable" ns2:to="ferc_MaterialsAndSuppliesLineItems" ns2:type="arc" />
        <ns0:loc ns2:href="../../ferc-core_2020-01-01.xsd#ferc_FuelStockAbstract" ns2:label="ferc_FuelStockAbstract" ns2:type="locator" />
        <ns0:presentationArc order="1" preferredLabel="http://ferc.gov/form/2020-01-01/roles/label/F1RollforwardHeader" ns2:arcrole="http://www.xbrl.org/2003/arcrole/parent-child" ns2:from="ferc_MaterialsAndSuppliesLineItems" ns2:to="ferc_FuelStockAbstract" ns2:type="arc" />
        <ns0:loc ns2:href="../../ferc-core_2020-01-01.xsd#ferc_FuelStock" ns2:label="ferc_FuelStock" ns2:type="locator" />
        <ns0:presentationArc order="1" preferredLabel="http://ferc.gov/form/2020-01-01/roles/label/F1MaterialsAndSupplies" ns2:arcrole="http://www.xbrl.org/2003/arcrole/parent-child" ns2:from="ferc_FuelStockAbstract" ns2:to="ferc_FuelStock" ns2:type="arc" />
        <ns0:loc ns2:href="../../ferc-core_2020-01-01.xsd#ferc_FuelStockDepartmentsUsingMaterial" ns2:label="ferc_FuelStockDepartmentsUsingMaterial" ns2:type="locator" />
        <ns0:presentationArc order="2" preferredLabel="http://ferc.gov/form/2020-01-01/roles/label/F1MaterialsAndSupplies" ns2:arcrole="http://www.xbrl.org/2003/arcrole/parent-child" ns2:from="ferc_FuelStockAbstract" ns2:to="ferc_FuelStockDepartmentsUsingMaterial" ns2:type="arc" />
        <ns0:loc ns2:href="../../ferc-core_2020-01-01.xsd#ferc_FuelStockExpensesUndistributedAbstract" ns2:label="ferc_FuelStockExpensesUndistributedAbstract" ns2:type="locator" />
        <ns0:presentationArc order="2" preferredLabel="http://ferc.gov/form/2020-01-01/roles/label/F1RollforwardHeader" ns2:arcrole="http://www.xbrl.org/2003/arcrole/parent-child" ns2:from="ferc_MaterialsAndSuppliesLineItems" ns2:to="ferc_FuelStockExpensesUndistributedAbstract" ns2:type="arc" />
        <ns0:loc ns2:href="../../ferc-core_2020-01-01.xsd#ferc_FuelStockExpensesUndistributed" ns2:label="ferc_FuelStockExpensesUndistributed" ns2:type="locator" />
        <ns0:presentationArc order="1" preferredLabel="http://ferc.gov/form/2020-01-01/roles/label/F1MaterialsAndSupplies" ns2:arcrole="http://www.xbrl.org/2003/arcrole/parent-child" ns2:from="ferc_FuelStockExpensesUndistributedAbstract" ns2:to="ferc_FuelStockExpensesUndistributed" ns2:type="arc" />
        <ns0:loc ns2:href="../../ferc-core_2020-01-01.xsd#ferc_FuelStockExpensesUndistributedDepartmentsUsingMaterial" ns2:label="ferc_FuelStockExpensesUndistributedDepartmentsUsingMaterial" ns2:type="locator" />
        <ns0:presentationArc order="2" preferredLabel="http://ferc.gov/form/2020-01-01/roles/label/F1MaterialsAndSupplies" ns2:arcrole="http://www.xbrl.org/2003/arcrole/parent-child" ns2:from="ferc_FuelStockExpensesUndistributedAbstract" ns2:to="ferc_FuelStockExpensesUndistributedDepartmentsUsingMaterial" ns2:type="arc" />
        <ns0:loc ns2:href="../../ferc-core_2020-01-01.xsd#ferc_ResidualsAbstract" ns2:label="ferc_ResidualsAbstract" ns2:type="locator" />
        <ns0:presentationArc order="3" preferredLabel="http://ferc.gov/form/2020-01-01/roles/label/F1RollforwardHeader" ns2:arcrole="http://www.xbrl.org/2003/arcrole/parent-child" ns2:from="ferc_MaterialsAndSuppliesLineItems" ns2:to="ferc_ResidualsAbstract" ns2:type="arc" />
        <ns0:loc ns2:href="../../ferc-core_2020-01-01.xsd#ferc_Residuals" ns2:label="ferc_Residuals" ns2:type="locator" />
        <ns0:presentationArc order="1" preferredLabel="http://ferc.gov/form/2020-01-01/roles/label/F1MaterialsAndSupplies" ns2:arcrole="http://www.xbrl.org/2003/arcrole/parent-child" ns2:from="ferc_ResidualsAbstract" ns2:to="ferc_Residuals" ns2:type="arc" />
        <ns0:loc ns2:href="../../ferc-core_2020-01-01.xsd#ferc_ResidualsAndExtractedProductsDepartmentsUsingMaterial" ns2:label="ferc_ResidualsAndExtractedProductsDepartmentsUsingMaterial" ns2:type="locator" />
        <ns0:presentationArc order="2" preferredLabel="http://ferc.gov/form/2020-01-01/roles/label/F1MaterialsAndSupplies" ns2:arcrole="http://www.xbrl.org/2003/arcrole/parent-child" ns2:from="ferc_ResidualsAbstract" ns2:to="ferc_ResidualsAndExtractedProductsDepartmentsUsingMaterial" ns2:type="arc" />
        <ns0:loc ns2:href="../../ferc-core_2020-01-01.xsd#ferc_PlantMaterialsAndOperatingSuppliesAbstract" ns2:label="ferc_PlantMaterialsAndOperatingSuppliesAbstract" ns2:type="locator" />
        <ns0:presentationArc order="4" preferredLabel="http://ferc.gov/form/2020-01-01/roles/label/F1MaterialsAndSupplies" ns2:arcrole="http://www.xbrl.org/2003/arcrole/parent-child" ns2:from="ferc_MaterialsAndSuppliesLineItems" ns2:to="ferc_PlantMaterialsAndOperatingSuppliesAbstract" ns2:type="arc" />
        <ns0:loc ns2:href="../../ferc-core_2020-01-01.xsd#ferc_ConstructionAbstract" ns2:label="ferc_ConstructionAbstract" ns2:type="locator" />
        <ns0:presentationArc order="1" preferredLabel="http://ferc.gov/form/2020-01-01/roles/label/F1RollforwardHeader" ns2:arcrole="http://www.xbrl.org/2003/arcrole/parent-child" ns2:from="ferc_PlantMaterialsAndOperatingSuppliesAbstract" ns2:to="ferc_ConstructionAbstract" ns2:type="arc" />
        <ns0:loc ns2:href="../../ferc-core_2020-01-01.xsd#ferc_PlantMaterialsAndOperatingSuppliesConstruction" ns2:label="ferc_PlantMaterialsAndOperatingSuppliesConstruction" ns2:type="locator" />
        <ns0:presentationArc order="1" preferredLabel="http://ferc.gov/form/2020-01-01/roles/label/F1MaterialsAndSupplies" ns2:arcrole="http://www.xbrl.org/2003/arcrole/parent-child" ns2:from="ferc_ConstructionAbstract" ns2:to="ferc_PlantMaterialsAndOperatingSuppliesConstruction" ns2:type="arc" />
        <ns0:loc ns2:href="../../ferc-core_2020-01-01.xsd#ferc_PlantMaterialsAndOperatingSuppliesConstructionDepartmentsUsingMaterial" ns2:label="ferc_PlantMaterialsAndOperatingSuppliesConstructionDepartmentsUsingMaterial" ns2:type="locator" />
        <ns0:presentationArc order="2" preferredLabel="http://ferc.gov/form/2020-01-01/roles/label/F1MaterialsAndSupplies" ns2:arcrole="http://www.xbrl.org/2003/arcrole/parent-child" ns2:from="ferc_ConstructionAbstract" ns2:to="ferc_PlantMaterialsAndOperatingSuppliesConstructionDepartmentsUsingMaterial" ns2:type="arc" />
        <ns0:loc ns2:href="../../ferc-core_2020-01-01.xsd#ferc_OperationsAndMaintenanceAbstract" ns2:label="ferc_OperationsAndMaintenanceAbstract" ns2:type="locator" />
        <ns0:presentationArc order="2" preferredLabel="http://ferc.gov/form/2020-01-01/roles/label/F1RollforwardHeader" ns2:arcrole="http://www.xbrl.org/2003/arcrole/parent-child" ns2:from="ferc_PlantMaterialsAndOperatingSuppliesAbstract" ns2:to="ferc_OperationsAndMaintenanceAbstract" ns2:type="arc" />
        <ns0:loc ns2:href="../../ferc-core_2020-01-01.xsd#ferc_PlantMaterialsAndOperatingSuppliesOperationsAndMaintenance" ns2:label="ferc_PlantMaterialsAndOperatingSuppliesOperationsAndMaintenance" ns2:type="locator" />
        <ns0:presentationArc order="1" preferredLabel="http://ferc.gov/form/2020-01-01/roles/label/F1MaterialsAndSupplies" ns2:arcrole="http://www.xbrl.org/2003/arcrole/parent-child" ns2:from="ferc_OperationsAndMaintenanceAbstract" ns2:to="ferc_PlantMaterialsAndOperatingSuppliesOperationsAndMaintenance" ns2:type="arc" />
        <ns0:loc ns2:href="../../ferc-core_2020-01-01.xsd#ferc_PlantMaterialsAndOperatingSuppliesOperationsAndMaintenanceDepartmentsUsingMaterial" ns2:label="ferc_PlantMaterialsAndOperatingSuppliesOperationsAndMaintenanceDepartmentsUsingMaterial" ns2:type="locator" />
        <ns0:presentationArc order="2" preferredLabel="http://ferc.gov/form/2020-01-01/roles/label/F1MaterialsAndSupplies" ns2:arcrole="http://www.xbrl.org/2003/arcrole/parent-child" ns2:from="ferc_OperationsAndMaintenanceAbstract" ns2:to="ferc_PlantMaterialsAndOperatingSuppliesOperationsAndMaintenanceDepartmentsUsingMaterial" ns2:type="arc" />
        <ns0:loc ns2:href="../../ferc-core_2020-01-01.xsd#ferc_ProductionPlantAbstract" ns2:label="ferc_ProductionPlantAbstract" ns2:type="locator" />
        <ns0:presentationArc order="3" preferredLabel="http://ferc.gov/form/2020-01-01/roles/label/F1RollforwardHeader" ns2:arcrole="http://www.xbrl.org/2003/arcrole/parent-child" ns2:from="ferc_PlantMaterialsAndOperatingSuppliesAbstract" ns2:to="ferc_ProductionPlantAbstract" ns2:type="arc" />
        <ns0:loc ns2:href="../../ferc-core_2020-01-01.xsd#ferc_PlantMaterialsAndOperatingSuppliesProductionPlant" ns2:label="ferc_PlantMaterialsAndOperatingSuppliesProductionPlant" ns2:type="locator" />
        <ns0:presentationArc order="1" preferredLabel="http://ferc.gov/form/2020-01-01/roles/label/F1MaterialsAndSupplies" ns2:arcrole="http://www.xbrl.org/2003/arcrole/parent-child" ns2:from="ferc_ProductionPlantAbstract" ns2:to="ferc_PlantMaterialsAndOperatingSuppliesProductionPlant" ns2:type="arc" />
        <ns0:loc ns2:href="../../ferc-core_2020-01-01.xsd#ferc_PlantMaterialsAndOperatingSuppliesProductionPlantDepartmentsUsingMaterial" ns2:label="ferc_PlantMaterialsAndOperatingSuppliesProductionPlantDepartmentsUsingMaterial" ns2:type="locator" />
        <ns0:presentationArc order="2" preferredLabel="http://ferc.gov/form/2020-01-01/roles/label/F1MaterialsAndSupplies" ns2:arcrole="http://www.xbrl.org/2003/arcrole/parent-child" ns2:from="ferc_ProductionPlantAbstract" ns2:to="ferc_PlantMaterialsAndOperatingSuppliesProductionPlantDepartmentsUsingMaterial" ns2:type="arc" />
        <ns0:loc ns2:href="../../ferc-core_2020-01-01.xsd#ferc_TransmissionPlantAbstract" ns2:label="ferc_TransmissionPlantAbstract" ns2:type="locator" />
        <ns0:presentationArc order="4" preferredLabel="http://ferc.gov/form/2020-01-01/roles/label/F1RollforwardHeader" ns2:arcrole="http://www.xbrl.org/2003/arcrole/parent-child" ns2:from="ferc_PlantMaterialsAndOperatingSuppliesAbstract" ns2:to="ferc_TransmissionPlantAbstract" ns2:type="arc" />
        <ns0:loc ns2:href="../../ferc-core_2020-01-01.xsd#ferc_PlantMaterialsAndOperatingSuppliesTransmissionPlant" ns2:label="ferc_PlantMaterialsAndOperatingSuppliesTransmissionPlant" ns2:type="locator" />
        <ns0:presentationArc order="1" preferredLabel="http://ferc.gov/form/2020-01-01/roles/label/F1MaterialsAndSupplies" ns2:arcrole="http://www.xbrl.org/2003/arcrole/parent-child" ns2:from="ferc_TransmissionPlantAbstract" ns2:to="ferc_PlantMaterialsAndOperatingSuppliesTransmissionPlant" ns2:type="arc" />
        <ns0:loc ns2:href="../../ferc-core_2020-01-01.xsd#ferc_PlantMaterialsAndOperatingSuppliesTransmissionPlantDepartmentsUsingMaterial" ns2:label="ferc_PlantMaterialsAndOperatingSuppliesTransmissionPlantDepartmentsUsingMaterial" ns2:type="locator" />
        <ns0:presentationArc order="2" preferredLabel="http://ferc.gov/form/2020-01-01/roles/label/F1MaterialsAndSupplies" ns2:arcrole="http://www.xbrl.org/2003/arcrole/parent-child" ns2:from="ferc_TransmissionPlantAbstract" ns2:to="ferc_PlantMaterialsAndOperatingSuppliesTransmissionPlantDepartmentsUsingMaterial" ns2:type="arc" />
        <ns0:loc ns2:href="../../ferc-core_2020-01-01.xsd#ferc_DistributionPlantAbstract" ns2:label="ferc_DistributionPlantAbstract" ns2:type="locator" />
        <ns0:presentationArc order="5" preferredLabel="http://ferc.gov/form/2020-01-01/roles/label/F1RollforwardHeader" ns2:arcrole="http://www.xbrl.org/2003/arcrole/parent-child" ns2:from="ferc_PlantMaterialsAndOperatingSuppliesAbstract" ns2:to="ferc_DistributionPlantAbstract" ns2:type="arc" />
        <ns0:loc ns2:href="../../ferc-core_2020-01-01.xsd#ferc_PlantMaterialsAndOperatingSuppliesDistributionPlant" ns2:label="ferc_PlantMaterialsAndOperatingSuppliesDistributionPlant" ns2:type="locator" />
        <ns0:presentationArc order="1" preferredLabel="http://ferc.gov/form/2020-01-01/roles/label/F1MaterialsAndSupplies" ns2:arcrole="http://www.xbrl.org/2003/arcrole/parent-child" ns2:from="ferc_DistributionPlantAbstract" ns2:to="ferc_PlantMaterialsAndOperatingSuppliesDistributionPlant" ns2:type="arc" />
        <ns0:loc ns2:href="../../ferc-core_2020-01-01.xsd#ferc_PlantMaterialsAndOperatingSuppliesDistributionPlantDepartmentsUsingMaterial" ns2:label="ferc_PlantMaterialsAndOperatingSuppliesDistributionPlantDepartmentsUsingMaterial" ns2:type="locator" />
        <ns0:presentationArc order="2" preferredLabel="http://ferc.gov/form/2020-01-01/roles/label/F1MaterialsAndSupplies" ns2:arcrole="http://www.xbrl.org/2003/arcrole/parent-child" ns2:from="ferc_DistributionPlantAbstract" ns2:to="ferc_PlantMaterialsAndOperatingSuppliesDistributionPlantDepartmentsUsingMaterial" ns2:type="arc" />
        <ns0:loc ns2:href="../../ferc-core_2020-01-01.xsd#ferc_RegionalTransmissionAndMarketOperationPlantAbstract" ns2:label="ferc_RegionalTransmissionAndMarketOperationPlantAbstract" ns2:type="locator" />
        <ns0:presentationArc order="6" preferredLabel="http://ferc.gov/form/2020-01-01/roles/label/F1RollforwardHeader" ns2:arcrole="http://www.xbrl.org/2003/arcrole/parent-child" ns2:from="ferc_PlantMaterialsAndOperatingSuppliesAbstract" ns2:to="ferc_RegionalTransmissionAndMarketOperationPlantAbstract" ns2:type="arc" />
        <ns0:loc ns2:href="../../ferc-core_2020-01-01.xsd#ferc_PlantMaterialsAndOperatingSuppliesRegionalTransmissionAndMarketOperationPlant" ns2:label="ferc_PlantMaterialsAndOperatingSuppliesRegionalTransmissionAndMarketOperationPlant" ns2:type="locator" />
        <ns0:presentationArc order="1" preferredLabel="http://ferc.gov/form/2020-01-01/roles/label/F1MaterialsAndSupplies" ns2:arcrole="http://www.xbrl.org/2003/arcrole/parent-child" ns2:from="ferc_RegionalTransmissionAndMarketOperationPlantAbstract" ns2:to="ferc_PlantMaterialsAndOperatingSuppliesRegionalTransmissionAndMarketOperationPlant" ns2:type="arc" />
        <ns0:loc ns2:href="../../ferc-core_2020-01-01.xsd#ferc_PlantMaterialsAndOperatingSuppliesRegionalTransmissionAndMarketOperationPlantDepartmentsUsingMaterial" ns2:label="ferc_PlantMaterialsAndOperatingSuppliesRegionalTransmissionAndMarketOperationPlantDepartmentsUsingMaterial" ns2:type="locator" />
        <ns0:presentationArc order="2" preferredLabel="http://ferc.gov/form/2020-01-01/roles/label/F1MaterialsAndSupplies" ns2:arcrole="http://www.xbrl.org/2003/arcrole/parent-child" ns2:from="ferc_RegionalTransmissionAndMarketOperationPlantAbstract" ns2:to="ferc_PlantMaterialsAndOperatingSuppliesRegionalTransmissionAndMarketOperationPlantDepartmentsUsingMaterial" ns2:type="arc" />
        <ns0:loc ns2:href="../../ferc-core_2020-01-01.xsd#ferc_PlantMaterialsAndOperatingSuppliesOtherAbstract" ns2:label="ferc_PlantMaterialsAndOperatingSuppliesOtherAbstract" ns2:type="locator" />
        <ns0:presentationArc order="7" preferredLabel="http://ferc.gov/form/2020-01-01/roles/label/F1RollforwardHeader" ns2:arcrole="http://www.xbrl.org/2003/arcrole/parent-child" ns2:from="ferc_PlantMaterialsAndOperatingSuppliesAbstract" ns2:to="ferc_PlantMaterialsAndOperatingSuppliesOtherAbstract" ns2:type="arc" />
        <ns0:loc ns2:href="../../ferc-core_2020-01-01.xsd#ferc_PlantMaterialsAndOperatingSuppliesOther" ns2:label="ferc_PlantMaterialsAndOperatingSuppliesOther" ns2:type="locator" />
        <ns0:presentationArc order="1" preferredLabel="http://ferc.gov/form/2020-01-01/roles/label/F1MaterialsAndSupplies" ns2:arcrole="http://www.xbrl.org/2003/arcrole/parent-child" ns2:from="ferc_PlantMaterialsAndOperatingSuppliesOtherAbstract" ns2:to="ferc_PlantMaterialsAndOperatingSuppliesOther" ns2:type="arc" />
        <ns0:loc ns2:href="../../ferc-core_2020-01-01.xsd#ferc_PlantMaterialsAndOperatingSuppliesOtherDepartmentsUsingMaterial" ns2:label="ferc_PlantMaterialsAndOperatingSuppliesOtherDepartmentsUsingMaterial" ns2:type="locator" />
        <ns0:presentationArc order="2" preferredLabel="http://ferc.gov/form/2020-01-01/roles/label/F1MaterialsAndSupplies" ns2:arcrole="http://www.xbrl.org/2003/arcrole/parent-child" ns2:from="ferc_PlantMaterialsAndOperatingSuppliesOtherAbstract" ns2:to="ferc_PlantMaterialsAndOperatingSuppliesOtherDepartmentsUsingMaterial" ns2:type="arc" />
        <ns0:loc ns2:href="../../ferc-core_2020-01-01.xsd#ferc_PlantMaterialsAndOperatingSupplies" ns2:label="ferc_PlantMaterialsAndOperatingSupplies" ns2:type="locator" />
        <ns0:presentationArc order="8" preferredLabel="http://ferc.gov/form/2020-01-01/roles/label/F1Total" ns2:arcrole="http://www.xbrl.org/2003/arcrole/parent-child" ns2:from="ferc_PlantMaterialsAndOperatingSuppliesAbstract" ns2:to="ferc_PlantMaterialsAndOperatingSupplies" ns2:type="arc" />
        <ns0:loc ns2:href="../../ferc-core_2020-01-01.xsd#ferc_MerchandiseAbstract" ns2:label="ferc_MerchandiseAbstract" ns2:type="locator" />
        <ns0:presentationArc order="5" preferredLabel="http://ferc.gov/form/2020-01-01/roles/label/F1RollforwardHeader" ns2:arcrole="http://www.xbrl.org/2003/arcrole/parent-child" ns2:from="ferc_MaterialsAndSuppliesLineItems" ns2:to="ferc_MerchandiseAbstract" ns2:type="arc" />
        <ns0:loc ns2:href="../../ferc-core_2020-01-01.xsd#ferc_Merchandise" ns2:label="ferc_Merchandise" ns2:type="locator" />
        <ns0:presentationArc order="1" preferredLabel="http://ferc.gov/form/2020-01-01/roles/label/F1MaterialsAndSupplies" ns2:arcrole="http://www.xbrl.org/2003/arcrole/parent-child" ns2:from="ferc_MerchandiseAbstract" ns2:to="ferc_Merchandise" ns2:type="arc" />
        <ns0:loc ns2:href="../../ferc-core_2020-01-01.xsd#ferc_MerchandiseDepartmentsUsingMaterial" ns2:label="ferc_MerchandiseDepartmentsUsingMaterial" ns2:type="locator" />
        <ns0:presentationArc order="2" preferredLabel="http://ferc.gov/form/2020-01-01/roles/label/F1MaterialsAndSupplies" ns2:arcrole="http://www.xbrl.org/2003/arcrole/parent-child" ns2:from="ferc_MerchandiseAbstract" ns2:to="ferc_MerchandiseDepartmentsUsingMaterial" ns2:type="arc" />
        <ns0:loc ns2:href="../../ferc-core_2020-01-01.xsd#ferc_OtherMaterialsAndSuppliesAbstract" ns2:label="ferc_OtherMaterialsAndSuppliesAbstract" ns2:type="locator" />
        <ns0:presentationArc order="6" preferredLabel="http://ferc.gov/form/2020-01-01/roles/label/F1RollforwardHeader" ns2:arcrole="http://www.xbrl.org/2003/arcrole/parent-child" ns2:from="ferc_MaterialsAndSuppliesLineItems" ns2:to="ferc_OtherMaterialsAndSuppliesAbstract" ns2:type="arc" />
        <ns0:loc ns2:href="../../ferc-core_2020-01-01.xsd#ferc_OtherMaterialsAndSupplies" ns2:label="ferc_OtherMaterialsAndSupplies" ns2:type="locator" />
        <ns0:presentationArc order="1" preferredLabel="http://ferc.gov/form/2020-01-01/roles/label/F1MaterialsAndSupplies" ns2:arcrole="http://www.xbrl.org/2003/arcrole/parent-child" ns2:from="ferc_OtherMaterialsAndSuppliesAbstract" ns2:to="ferc_OtherMaterialsAndSupplies" ns2:type="arc" />
        <ns0:loc ns2:href="../../ferc-core_2020-01-01.xsd#ferc_OtherMaterialsAndSuppliesDepartmentsUsingMaterial" ns2:label="ferc_OtherMaterialsAndSuppliesDepartmentsUsingMaterial" ns2:type="locator" />
        <ns0:presentationArc order="2" preferredLabel="http://ferc.gov/form/2020-01-01/roles/label/F1MaterialsAndSupplies" ns2:arcrole="http://www.xbrl.org/2003/arcrole/parent-child" ns2:from="ferc_OtherMaterialsAndSuppliesAbstract" ns2:to="ferc_OtherMaterialsAndSuppliesDepartmentsUsingMaterial" ns2:type="arc" />
        <ns0:loc ns2:href="../../ferc-core_2020-01-01.xsd#ferc_NuclearMaterialsHeldForSaleAbstract" ns2:label="ferc_NuclearMaterialsHeldForSaleAbstract" ns2:type="locator" />
        <ns0:presentationArc order="7" preferredLabel="http://ferc.gov/form/2020-01-01/roles/label/F1RollforwardHeader" ns2:arcrole="http://www.xbrl.org/2003/arcrole/parent-child" ns2:from="ferc_MaterialsAndSuppliesLineItems" ns2:to="ferc_NuclearMaterialsHeldForSaleAbstract" ns2:type="arc" />
        <ns0:loc ns2:href="../../ferc-core_2020-01-01.xsd#ferc_NuclearMaterialsHeldForSale" ns2:label="ferc_NuclearMaterialsHeldForSale" ns2:type="locator" />
        <ns0:presentationArc order="1" preferredLabel="http://ferc.gov/form/2020-01-01/roles/label/F1MaterialsAndSupplies" ns2:arcrole="http://www.xbrl.org/2003/arcrole/parent-child" ns2:from="ferc_NuclearMaterialsHeldForSaleAbstract" ns2:to="ferc_NuclearMaterialsHeldForSale" ns2:type="arc" />
        <ns0:loc ns2:href="../../ferc-core_2020-01-01.xsd#ferc_NuclearMaterialsHeldForSaleDepartmentsUsingMaterial" ns2:label="ferc_NuclearMaterialsHeldForSaleDepartmentsUsingMaterial" ns2:type="locator" />
        <ns0:presentationArc order="2" preferredLabel="http://ferc.gov/form/2020-01-01/roles/label/F1MaterialsAndSupplies" ns2:arcrole="http://www.xbrl.org/2003/arcrole/parent-child" ns2:from="ferc_NuclearMaterialsHeldForSaleAbstract" ns2:to="ferc_NuclearMaterialsHeldForSaleDepartmentsUsingMaterial" ns2:type="arc" />
        <ns0:loc ns2:href="../../ferc-core_2020-01-01.xsd#ferc_StoresExpenseUndistributedAbstract" ns2:label="ferc_StoresExpenseUndistributedAbstract" ns2:type="locator" />
        <ns0:presentationArc order="8" preferredLabel="http://ferc.gov/form/2020-01-01/roles/label/F1RollforwardHeader" ns2:arcrole="http://www.xbrl.org/2003/arcrole/parent-child" ns2:from="ferc_MaterialsAndSuppliesLineItems" ns2:to="ferc_StoresExpenseUndistributedAbstract" ns2:type="arc" />
        <ns0:loc ns2:href="../../ferc-core_2020-01-01.xsd#ferc_StoresExpenseUndistributed" ns2:label="ferc_StoresExpenseUndistributed" ns2:type="locator" />
        <ns0:presentationArc order="1" preferredLabel="http://ferc.gov/form/2020-01-01/roles/label/F1MaterialsAndSupplies" ns2:arcrole="http://www.xbrl.org/2003/arcrole/parent-child" ns2:from="ferc_StoresExpenseUndistributedAbstract" ns2:to="ferc_StoresExpenseUndistributed" ns2:type="arc" />
        <ns0:loc ns2:href="../../ferc-core_2020-01-01.xsd#ferc_StoresExpenseUndistributedDepartmentsUsingMaterial" ns2:label="ferc_StoresExpenseUndistributedDepartmentsUsingMaterial" ns2:type="locator" />
        <ns0:presentationArc order="2" preferredLabel="http://ferc.gov/form/2020-01-01/roles/label/F1MaterialsAndSupplies" ns2:arcrole="http://www.xbrl.org/2003/arcrole/parent-child" ns2:from="ferc_StoresExpenseUndistributedAbstract" ns2:to="ferc_StoresExpenseUndistributedDepartmentsUsingMaterial" ns2:type="arc" />
        <ns0:loc ns2:href="../../ferc-core_2020-01-01.xsd#ferc_MaterialsAndSuppliesOtherClassesAbstract" ns2:label="ferc_MaterialsAndSuppliesOtherClassesAbstract" ns2:type="locator" />
        <ns0:presentationArc order="9" ns2:arcrole="http://www.xbrl.org/2003/arcrole/parent-child" ns2:from="ferc_MaterialsAndSuppliesLineItems" ns2:to="ferc_MaterialsAndSuppliesOtherClassesAbstract" ns2:type="arc" />
        <ns0:loc ns2:href="../../ferc-core_2020-01-01.xsd#ferc_MaterialsAndOperatingSupplies" ns2:label="ferc_MaterialsAndOperatingSupplies" ns2:type="locator" />
        <ns0:presentationArc order="10" preferredLabel="http://ferc.gov/form/2020-01-01/roles/label/F1Total" ns2:arcrole="http://www.xbrl.org/2003/arcrole/parent-child" ns2:from="ferc_MaterialsAndSuppliesLineItems" ns2:to="ferc_MaterialsAndOperatingSupplies" ns2:type="arc" />
    </ns0:presentationLink>
    <ns0:presentationLink ns2:role="http://ferc.gov/form/2020-01-01/roles/Schedule/F1/ScheduleMaterialsAndSuppliesOtherClasses" ns2:type="extended">
        <ns0:loc ns2:href="../../ferc-core_2020-01-01.xsd#ferc_ScheduleMaterialsAndSuppliesAbstract" ns2:label="ferc_ScheduleMaterialsAndSuppliesAbstract" ns2:type="locator" />
        <ns0:loc ns2:href="../../ferc-core_2020-01-01.xsd#ferc_MaterialsAndSuppliesTable" ns2:label="ferc_MaterialsAndSuppliesTable" ns2:type="locator" />
        <ns0:presentationArc order="1" ns2:arcrole="http://www.xbrl.org/2003/arcrole/parent-child" ns2:from="ferc_ScheduleMaterialsAndSuppliesAbstract" ns2:to="ferc_MaterialsAndSuppliesTable" ns2:type="arc" />
        <ns0:loc ns2:href="../../ferc-core_2020-01-01.xsd#ferc_MaterialsAndSuppliesOtherClassesAxis" ns2:label="ferc_MaterialsAndSuppliesOtherClassesAxis" ns2:type="locator" />
        <ns0:presentationArc order="1" ns2:arcrole="http://www.xbrl.org/2003/arcrole/parent-child" ns2:from="ferc_MaterialsAndSuppliesTable" ns2:to="ferc_MaterialsAndSuppliesOtherClassesAxis" ns2:type="arc" />
        <ns0:loc ns2:href="../../ferc-core_2020-01-01.xsd#ferc_MaterialsAndSuppliesOtherClassesLineItems" ns2:label="ferc_MaterialsAndSuppliesOtherClassesLineItems" ns2:type="locator" />
        <ns0:presentationArc order="2" ns2:arcrole="http://www.xbrl.org/2003/arcrole/parent-child" ns2:from="ferc_MaterialsAndSuppliesTable" ns2:to="ferc_MaterialsAndSuppliesOtherClassesLineItems" ns2:type="arc" />
        <ns0:loc ns2:href="../../ferc-core_2020-01-01.xsd#ferc_OrderNumber" ns2:label="ferc_OrderNumber" ns2:type="locator" />
        <ns0:presentationArc order="1" ns2:arcrole="http://www.xbrl.org/2003/arcrole/parent-child" ns2:from="ferc_MaterialsAndSuppliesOtherClassesLineItems" ns2:to="ferc_OrderNumber" ns2:type="arc" />
        <ns0:loc ns2:href="../../ferc-core_2020-01-01.xsd#ferc_DescriptionOfMaterialsAndSuppliesOtherClasses" ns2:label="ferc_DescriptionOfMaterialsAndSuppliesOtherClasses" ns2:type="locator" />
        <ns0:presentationArc order="2" preferredLabel="http://ferc.gov/form/2020-01-01/roles/label/F1MaterialsAndSupplies" ns2:arcrole="http://www.xbrl.org/2003/arcrole/parent-child" ns2:from="ferc_MaterialsAndSuppliesOtherClassesLineItems" ns2:to="ferc_DescriptionOfMaterialsAndSuppliesOtherClasses" ns2:type="arc" />
        <ns0:loc ns2:href="../../ferc-core_2020-01-01.xsd#ferc_MaterialsAndSuppliesOtherClasses" ns2:label="ferc_MaterialsAndSuppliesOtherClasses" ns2:type="locator" />
        <ns0:presentationArc order="3" preferredLabel="http://ferc.gov/form/2020-01-01/roles/label/F1MaterialsAndSupplies" ns2:arcrole="http://www.xbrl.org/2003/arcrole/parent-child" ns2:from="ferc_MaterialsAndSuppliesOtherClassesLineItems" ns2:to="ferc_MaterialsAndSuppliesOtherClasses" ns2:type="arc" />
        <ns0:loc ns2:href="../../ferc-core_2020-01-01.xsd#ferc_MaterialsAndSuppliesOtherClassesDepartmentsUsingMaterial" ns2:label="ferc_MaterialsAndSuppliesOtherClassesDepartmentsUsingMaterial" ns2:type="locator" />
        <ns0:presentationArc order="4" ns2:arcrole="http://www.xbrl.org/2003/arcrole/parent-child" ns2:from="ferc_MaterialsAndSuppliesOtherClassesLineItems" ns2:to="ferc_MaterialsAndSuppliesOtherClassesDepartmentsUsingMaterial" ns2:type="arc" />
    </ns0:presentationLink>
</ns0:linkbase>