﻿<?xml version="1.0" encoding="utf-8"?>
<?taxonomy-version 2.9.0.0 ?> <?taxonomy-set-overall-version 2.9.0.0 ?>
<!--(C) EBA-->
<link:linkbase xmlns:xsi="http://www.w3.org/2001/XMLSchema-instance" xmlns:xlink="http://www.w3.org/1999/xlink" xmlns:link="http://www.xbrl.org/2003/linkbase" xsi:schemaLocation="http://www.xbrl.org/2003/linkbase http://www.xbrl.org/2003/xbrl-linkbase-2003-12-31.xsd">
  <link:roleRef roleURI="http://www.eba.europa.eu/xbrl/role/dpm-db-id" xlink:type="simple" xlink:href="http://www.eba.europa.eu/eu/fr/xbrl/ext/model.xsd#dpm-db-id" />
  <link:labelLink xlink:type="extended" xlink:role="http://www.xbrl.org/2003/role/link">
    <link:loc xlink:type="locator" xlink:href="exp.xsd#eba_BA" xlink:label="loc_eba_BA" />
    <link:label xlink:type="resource" xlink:label="label_eba_BA" xml:lang="en" xlink:role="http://www.eba.europa.eu/xbrl/role/dpm-db-id">110</link:label>
    <link:labelArc xlink:type="arc" xlink:arcrole="http://www.xbrl.org/2003/arcrole/concept-label" xlink:from="loc_eba_BA" xlink:to="label_eba_BA" />
    <link:loc xlink:type="locator" xlink:href="exp.xsd#eba_MC" xlink:label="loc_eba_MC" />
    <link:label xlink:type="resource" xlink:label="label_eba_MC" xml:lang="en" xlink:role="http://www.eba.europa.eu/xbrl/role/dpm-db-id">120</link:label>
    <link:labelArc xlink:type="arc" xlink:arcrole="http://www.xbrl.org/2003/arcrole/concept-label" xlink:from="loc_eba_MC" xlink:to="label_eba_MC" />
    <link:loc xlink:type="locator" xlink:href="exp.xsd#eba_AP" xlink:label="loc_eba_AP" />
    <link:label xlink:type="resource" xlink:label="label_eba_AP" xml:lang="en" xlink:role="http://www.eba.europa.eu/xbrl/role/dpm-db-id">130</link:label>
    <link:labelArc xlink:type="arc" xlink:arcrole="http://www.xbrl.org/2003/arcrole/concept-label" xlink:from="loc_eba_AP" xlink:to="label_eba_AP" />
    <link:loc xlink:type="locator" xlink:href="exp.xsd#eba_BT" xlink:label="loc_eba_BT" />
    <link:label xlink:type="resource" xlink:label="label_eba_BT" xml:lang="en" xlink:role="http://www.eba.europa.eu/xbrl/role/dpm-db-id">140</link:label>
    <link:labelArc xlink:type="arc" xlink:arcrole="http://www.xbrl.org/2003/arcrole/concept-label" xlink:from="loc_eba_BT" xlink:to="label_eba_BT" />
    <link:loc xlink:type="locator" xlink:href="exp.xsd#eba_CG" xlink:label="loc_eba_CG" />
    <link:label xlink:type="resource" xlink:label="label_eba_CG" xml:lang="en" xlink:role="http://www.eba.europa.eu/xbrl/role/dpm-db-id">150</link:label>
    <link:labelArc xlink:type="arc" xlink:arcrole="http://www.xbrl.org/2003/arcrole/concept-label" xlink:from="loc_eba_CG" xlink:to="label_eba_CG" />
    <link:loc xlink:type="locator" xlink:href="exp.xsd#eba_OF" xlink:label="loc_eba_OF" />
    <link:label xlink:type="resource" xlink:label="label_eba_OF" xml:lang="en" xlink:role="http://www.eba.europa.eu/xbrl/role/dpm-db-id">160</link:label>
    <link:labelArc xlink:type="arc" xlink:arcrole="http://www.xbrl.org/2003/arcrole/concept-label" xlink:from="loc_eba_OF" xlink:to="label_eba_OF" />
    <link:loc xlink:type="locator" xlink:href="exp.xsd#eba_CI" xlink:label="loc_eba_CI" />
    <link:label xlink:type="resource" xlink:label="label_eba_CI" xml:lang="en" xlink:role="http://www.eba.europa.eu/xbrl/role/dpm-db-id">170</link:label>
    <link:labelArc xlink:type="arc" xlink:arcrole="http://www.xbrl.org/2003/arcrole/concept-label" xlink:from="loc_eba_CI" xlink:to="label_eba_CI" />
    <link:loc xlink:type="locator" xlink:href="exp.xsd#eba_CP" xlink:label="loc_eba_CP" />
    <link:label xlink:type="resource" xlink:label="label_eba_CP" xml:lang="en" xlink:role="http://www.eba.europa.eu/xbrl/role/dpm-db-id">180</link:label>
    <link:labelArc xlink:type="arc" xlink:arcrole="http://www.xbrl.org/2003/arcrole/concept-label" xlink:from="loc_eba_CP" xlink:to="label_eba_CP" />
    <link:loc xlink:type="locator" xlink:href="exp.xsd#eba_CQ" xlink:label="loc_eba_CQ" />
    <link:label xlink:type="resource" xlink:label="label_eba_CQ" xml:lang="en" xlink:role="http://www.eba.europa.eu/xbrl/role/dpm-db-id">190</link:label>
    <link:labelArc xlink:type="arc" xlink:arcrole="http://www.xbrl.org/2003/arcrole/concept-label" xlink:from="loc_eba_CQ" xlink:to="label_eba_CQ" />
    <link:loc xlink:type="locator" xlink:href="exp.xsd#eba_CT" xlink:label="loc_eba_CT" />
    <link:label xlink:type="resource" xlink:label="label_eba_CT" xml:lang="en" xlink:role="http://www.eba.europa.eu/xbrl/role/dpm-db-id">200</link:label>
    <link:labelArc xlink:type="arc" xlink:arcrole="http://www.xbrl.org/2003/arcrole/concept-label" xlink:from="loc_eba_CT" xlink:to="label_eba_CT" />
    <link:loc xlink:type="locator" xlink:href="exp.xsd#eba_CU" xlink:label="loc_eba_CU" />
    <link:label xlink:type="resource" xlink:label="label_eba_CU" xml:lang="en" xlink:role="http://www.eba.europa.eu/xbrl/role/dpm-db-id">210</link:label>
    <link:labelArc xlink:type="arc" xlink:arcrole="http://www.xbrl.org/2003/arcrole/concept-label" xlink:from="loc_eba_CU" xlink:to="label_eba_CU" />
    <link:loc xlink:type="locator" xlink:href="exp.xsd#eba_EC" xlink:label="loc_eba_EC" />
    <link:label xlink:type="resource" xlink:label="label_eba_EC" xml:lang="en" xlink:role="http://www.eba.europa.eu/xbrl/role/dpm-db-id">220</link:label>
    <link:labelArc xlink:type="arc" xlink:arcrole="http://www.xbrl.org/2003/arcrole/concept-label" xlink:from="loc_eba_EC" xlink:to="label_eba_EC" />
    <link:loc xlink:type="locator" xlink:href="exp.xsd#eba_ER" xlink:label="loc_eba_ER" />
    <link:label xlink:type="resource" xlink:label="label_eba_ER" xml:lang="en" xlink:role="http://www.eba.europa.eu/xbrl/role/dpm-db-id">230</link:label>
    <link:labelArc xlink:type="arc" xlink:arcrole="http://www.xbrl.org/2003/arcrole/concept-label" xlink:from="loc_eba_ER" xlink:to="label_eba_ER" />
    <link:loc xlink:type="locator" xlink:href="exp.xsd#eba_ET" xlink:label="loc_eba_ET" />
    <link:label xlink:type="resource" xlink:label="label_eba_ET" xml:lang="en" xlink:role="http://www.eba.europa.eu/xbrl/role/dpm-db-id">240</link:label>
    <link:labelArc xlink:type="arc" xlink:arcrole="http://www.xbrl.org/2003/arcrole/concept-label" xlink:from="loc_eba_ET" xlink:to="label_eba_ET" />
    <link:loc xlink:type="locator" xlink:href="exp.xsd#eba_GA" xlink:label="loc_eba_GA" />
    <link:label xlink:type="resource" xlink:label="label_eba_GA" xml:lang="en" xlink:role="http://www.eba.europa.eu/xbrl/role/dpm-db-id">250</link:label>
    <link:labelArc xlink:type="arc" xlink:arcrole="http://www.xbrl.org/2003/arcrole/concept-label" xlink:from="loc_eba_GA" xlink:to="label_eba_GA" />
    <link:loc xlink:type="locator" xlink:href="exp.xsd#eba_IM" xlink:label="loc_eba_IM" />
    <link:label xlink:type="resource" xlink:label="label_eba_IM" xml:lang="en" xlink:role="http://www.eba.europa.eu/xbrl/role/dpm-db-id">260</link:label>
    <link:labelArc xlink:type="arc" xlink:arcrole="http://www.xbrl.org/2003/arcrole/concept-label" xlink:from="loc_eba_IM" xlink:to="label_eba_IM" />
    <link:loc xlink:type="locator" xlink:href="exp.xsd#eba_MA" xlink:label="loc_eba_MA" />
    <link:label xlink:type="resource" xlink:label="label_eba_MA" xml:lang="en" xlink:role="http://www.eba.europa.eu/xbrl/role/dpm-db-id">270</link:label>
    <link:labelArc xlink:type="arc" xlink:arcrole="http://www.xbrl.org/2003/arcrole/concept-label" xlink:from="loc_eba_MA" xlink:to="label_eba_MA" />
    <link:loc xlink:type="locator" xlink:href="exp.xsd#eba_NC" xlink:label="loc_eba_NC" />
    <link:label xlink:type="resource" xlink:label="label_eba_NC" xml:lang="en" xlink:role="http://www.eba.europa.eu/xbrl/role/dpm-db-id">280</link:label>
    <link:labelArc xlink:type="arc" xlink:arcrole="http://www.xbrl.org/2003/arcrole/concept-label" xlink:from="loc_eba_NC" xlink:to="label_eba_NC" />
    <link:loc xlink:type="locator" xlink:href="exp.xsd#eba_PC" xlink:label="loc_eba_PC" />
    <link:label xlink:type="resource" xlink:label="label_eba_PC" xml:lang="en" xlink:role="http://www.eba.europa.eu/xbrl/role/dpm-db-id">300</link:label>
    <link:labelArc xlink:type="arc" xlink:arcrole="http://www.xbrl.org/2003/arcrole/concept-label" xlink:from="loc_eba_PC" xlink:to="label_eba_PC" />
    <link:loc xlink:type="locator" xlink:href="exp.xsd#eba_PI" xlink:label="loc_eba_PI" />
    <link:label xlink:type="resource" xlink:label="label_eba_PI" xml:lang="en" xlink:role="http://www.eba.europa.eu/xbrl/role/dpm-db-id">310</link:label>
    <link:labelArc xlink:type="arc" xlink:arcrole="http://www.xbrl.org/2003/arcrole/concept-label" xlink:from="loc_eba_PI" xlink:to="label_eba_PI" />
    <link:loc xlink:type="locator" xlink:href="exp.xsd#eba_PL" xlink:label="loc_eba_PL" />
    <link:label xlink:type="resource" xlink:label="label_eba_PL" xml:lang="en" xlink:role="http://www.eba.europa.eu/xbrl/role/dpm-db-id">320</link:label>
    <link:labelArc xlink:type="arc" xlink:arcrole="http://www.xbrl.org/2003/arcrole/concept-label" xlink:from="loc_eba_PL" xlink:to="label_eba_PL" />
    <link:loc xlink:type="locator" xlink:href="exp.xsd#eba_RF" xlink:label="loc_eba_RF" />
    <link:label xlink:type="resource" xlink:label="label_eba_RF" xml:lang="en" xlink:role="http://www.eba.europa.eu/xbrl/role/dpm-db-id">330</link:label>
    <link:labelArc xlink:type="arc" xlink:arcrole="http://www.xbrl.org/2003/arcrole/concept-label" xlink:from="loc_eba_RF" xlink:to="label_eba_RF" />
    <link:loc xlink:type="locator" xlink:href="exp.xsd#eba_PU" xlink:label="loc_eba_PU" />
    <link:label xlink:type="resource" xlink:label="label_eba_PU" xml:lang="en" xlink:role="http://www.eba.europa.eu/xbrl/role/dpm-db-id">340</link:label>
    <link:labelArc xlink:type="arc" xlink:arcrole="http://www.xbrl.org/2003/arcrole/concept-label" xlink:from="loc_eba_PU" xlink:to="label_eba_PU" />
    <link:loc xlink:type="locator" xlink:href="exp.xsd#eba_RP" xlink:label="loc_eba_RP" />
    <link:label xlink:type="resource" xlink:label="label_eba_RP" xml:lang="en" xlink:role="http://www.eba.europa.eu/xbrl/role/dpm-db-id">350</link:label>
    <link:labelArc xlink:type="arc" xlink:arcrole="http://www.xbrl.org/2003/arcrole/concept-label" xlink:from="loc_eba_RP" xlink:to="label_eba_RP" />
    <link:loc xlink:type="locator" xlink:href="exp.xsd#eba_RS" xlink:label="loc_eba_RS" />
    <link:label xlink:type="resource" xlink:label="label_eba_RS" xml:lang="en" xlink:role="http://www.eba.europa.eu/xbrl/role/dpm-db-id">360</link:label>
    <link:labelArc xlink:type="arc" xlink:arcrole="http://www.xbrl.org/2003/arcrole/concept-label" xlink:from="loc_eba_RS" xlink:to="label_eba_RS" />
    <link:loc xlink:type="locator" xlink:href="exp.xsd#eba_TR" xlink:label="loc_eba_TR" />
    <link:label xlink:type="resource" xlink:label="label_eba_TR" xml:lang="en" xlink:role="http://www.eba.europa.eu/xbrl/role/dpm-db-id">370</link:label>
    <link:labelArc xlink:type="arc" xlink:arcrole="http://www.xbrl.org/2003/arcrole/concept-label" xlink:from="loc_eba_TR" xlink:to="label_eba_TR" />
    <link:loc xlink:type="locator" xlink:href="exp.xsd#eba_RT" xlink:label="loc_eba_RT" />
    <link:label xlink:type="resource" xlink:label="label_eba_RT" xml:lang="en" xlink:role="http://www.eba.europa.eu/xbrl/role/dpm-db-id">380</link:label>
    <link:labelArc xlink:type="arc" xlink:arcrole="http://www.xbrl.org/2003/arcrole/concept-label" xlink:from="loc_eba_RT" xlink:to="label_eba_RT" />
    <link:loc xlink:type="locator" xlink:href="exp.xsd#eba_ST" xlink:label="loc_eba_ST" />
    <link:label xlink:type="resource" xlink:label="label_eba_ST" xml:lang="en" xlink:role="http://www.eba.europa.eu/xbrl/role/dpm-db-id">390</link:label>
    <link:labelArc xlink:type="arc" xlink:arcrole="http://www.xbrl.org/2003/arcrole/concept-label" xlink:from="loc_eba_ST" xlink:to="label_eba_ST" />
    <link:loc xlink:type="locator" xlink:href="exp.xsd#eba_TA" xlink:label="loc_eba_TA" />
    <link:label xlink:type="resource" xlink:label="label_eba_TA" xml:lang="en" xlink:role="http://www.eba.europa.eu/xbrl/role/dpm-db-id">400</link:label>
    <link:labelArc xlink:type="arc" xlink:arcrole="http://www.xbrl.org/2003/arcrole/concept-label" xlink:from="loc_eba_TA" xlink:to="label_eba_TA" />
    <link:loc xlink:type="locator" xlink:href="exp.xsd#eba_TI" xlink:label="loc_eba_TI" />
    <link:label xlink:type="resource" xlink:label="label_eba_TI" xml:lang="en" xlink:role="http://www.eba.europa.eu/xbrl/role/dpm-db-id">410</link:label>
    <link:labelArc xlink:type="arc" xlink:arcrole="http://www.xbrl.org/2003/arcrole/concept-label" xlink:from="loc_eba_TI" xlink:to="label_eba_TI" />
    <link:loc xlink:type="locator" xlink:href="exp.xsd#eba_UE" xlink:label="loc_eba_UE" />
    <link:label xlink:type="resource" xlink:label="label_eba_UE" xml:lang="en" xlink:role="http://www.eba.europa.eu/xbrl/role/dpm-db-id">420</link:label>
    <link:labelArc xlink:type="arc" xlink:arcrole="http://www.xbrl.org/2003/arcrole/concept-label" xlink:from="loc_eba_UE" xlink:to="label_eba_UE" />
    <link:loc xlink:type="locator" xlink:href="exp.xsd#eba_TP" xlink:label="loc_eba_TP" />
    <link:label xlink:type="resource" xlink:label="label_eba_TP" xml:lang="en" xlink:role="http://www.eba.europa.eu/xbrl/role/dpm-db-id">440</link:label>
    <link:labelArc xlink:type="arc" xlink:arcrole="http://www.xbrl.org/2003/arcrole/concept-label" xlink:from="loc_eba_TP" xlink:to="label_eba_TP" />
    <link:loc xlink:type="locator" xlink:href="exp.xsd#eba_LQ" xlink:label="loc_eba_LQ" />
    <link:label xlink:type="resource" xlink:label="label_eba_LQ" xml:lang="en" xlink:role="http://www.eba.europa.eu/xbrl/role/dpm-db-id">450</link:label>
    <link:labelArc xlink:type="arc" xlink:arcrole="http://www.xbrl.org/2003/arcrole/concept-label" xlink:from="loc_eba_LQ" xlink:to="label_eba_LQ" />
    <link:loc xlink:type="locator" xlink:href="exp.xsd#eba_CS" xlink:label="loc_eba_CS" />
    <link:label xlink:type="resource" xlink:label="label_eba_CS" xml:lang="en" xlink:role="http://www.eba.europa.eu/xbrl/role/dpm-db-id">500</link:label>
    <link:labelArc xlink:type="arc" xlink:arcrole="http://www.xbrl.org/2003/arcrole/concept-label" xlink:from="loc_eba_CS" xlink:to="label_eba_CS" />
    <link:loc xlink:type="locator" xlink:href="exp.xsd#eba_SC" xlink:label="loc_eba_SC" />
    <link:label xlink:type="resource" xlink:label="label_eba_SC" xml:lang="en" xlink:role="http://www.eba.europa.eu/xbrl/role/dpm-db-id">510</link:label>
    <link:labelArc xlink:type="arc" xlink:arcrole="http://www.xbrl.org/2003/arcrole/concept-label" xlink:from="loc_eba_SC" xlink:to="label_eba_SC" />
    <link:loc xlink:type="locator" xlink:href="exp.xsd#eba_AS" xlink:label="loc_eba_AS" />
    <link:label xlink:type="resource" xlink:label="label_eba_AS" xml:lang="en" xlink:role="http://www.eba.europa.eu/xbrl/role/dpm-db-id">540</link:label>
    <link:labelArc xlink:type="arc" xlink:arcrole="http://www.xbrl.org/2003/arcrole/concept-label" xlink:from="loc_eba_AS" xlink:to="label_eba_AS" />
    <link:loc xlink:type="locator" xlink:href="exp.xsd#eba_ZZ" xlink:label="loc_eba_ZZ" />
    <link:label xlink:type="resource" xlink:label="label_eba_ZZ" xml:lang="en" xlink:role="http://www.eba.europa.eu/xbrl/role/dpm-db-id">600</link:label>
    <link:labelArc xlink:type="arc" xlink:arcrole="http://www.xbrl.org/2003/arcrole/concept-label" xlink:from="loc_eba_ZZ" xlink:to="label_eba_ZZ" />
    <link:loc xlink:type="locator" xlink:href="exp.xsd#eba_CA" xlink:label="loc_eba_CA" />
    <link:label xlink:type="resource" xlink:label="label_eba_CA" xml:lang="en" xlink:role="http://www.eba.europa.eu/xbrl/role/dpm-db-id">630</link:label>
    <link:labelArc xlink:type="arc" xlink:arcrole="http://www.xbrl.org/2003/arcrole/concept-label" xlink:from="loc_eba_CA" xlink:to="label_eba_CA" />
    <link:loc xlink:type="locator" xlink:href="exp.xsd#eba_IA" xlink:label="loc_eba_IA" />
    <link:label xlink:type="resource" xlink:label="label_eba_IA" xml:lang="en" xlink:role="http://www.eba.europa.eu/xbrl/role/dpm-db-id">632</link:label>
    <link:labelArc xlink:type="arc" xlink:arcrole="http://www.xbrl.org/2003/arcrole/concept-label" xlink:from="loc_eba_IA" xlink:to="label_eba_IA" />
    <link:loc xlink:type="locator" xlink:href="exp.xsd#eba_EN" xlink:label="loc_eba_EN" />
    <link:label xlink:type="resource" xlink:label="label_eba_EN" xml:lang="en" xlink:role="http://www.eba.europa.eu/xbrl/role/dpm-db-id">633</link:label>
    <link:labelArc xlink:type="arc" xlink:arcrole="http://www.xbrl.org/2003/arcrole/concept-label" xlink:from="loc_eba_EN" xlink:to="label_eba_EN" />
  </link:labelLink>
</link:linkbase>