﻿<?xml version="1.0" encoding="utf-8"?>
<?taxonomy-version 2.9.0.0 ?> <?taxonomy-set-overall-version 2.9.0.0 ?>
<!--(C) EBA-->
<link:linkbase xmlns:xsi="http://www.w3.org/2001/XMLSchema-instance" xmlns:xlink="http://www.w3.org/1999/xlink" xmlns:link="http://www.xbrl.org/2003/linkbase" xsi:schemaLocation="http://www.xbrl.org/2003/linkbase http://www.xbrl.org/2003/xbrl-linkbase-2003-12-31.xsd">
  <link:labelLink xlink:type="extended" xlink:role="http://www.xbrl.org/2003/role/link">
    <link:loc xlink:type="locator" xlink:href="exp.xsd#eba_BA" xlink:label="loc_eba_BA" />
    <link:label xlink:type="resource" xlink:label="label_eba_BA" xml:lang="en" xlink:role="http://www.xbrl.org/2003/role/label">Base items</link:label>
    <link:labelArc xlink:type="arc" xlink:arcrole="http://www.xbrl.org/2003/arcrole/concept-label" xlink:from="loc_eba_BA" xlink:to="label_eba_BA" />
    <link:label xlink:type="resource" xlink:label="label_eba_BA_1" xml:lang="en" xlink:role="http://www.xbrl.org/2003/role/verboseLabel">Defines the basic conceptual meaning of a data point. 
Identifies the framework in which a data point is included. For FINREP, it indicates in which group of element of the financial statement should be included the data point (e.g. assets, liabilities, equity, income, expenses). For COREP, it indicates whether the data point should be computed in the numerator (own funds) or the denominator (exposures) of the Pillar I solvency ratio. 
It may determine whether the data point has a "debit" or a "credit" attribute.</link:label>
    <link:labelArc xlink:type="arc" xlink:arcrole="http://www.xbrl.org/2003/arcrole/concept-label" xlink:from="loc_eba_BA" xlink:to="label_eba_BA_1" />
    <link:loc xlink:type="locator" xlink:href="exp.xsd#eba_MC" xlink:label="loc_eba_MC" />
    <link:label xlink:type="resource" xlink:label="label_eba_MC" xml:lang="en" xlink:role="http://www.xbrl.org/2003/role/label">Main category</link:label>
    <link:labelArc xlink:type="arc" xlink:arcrole="http://www.xbrl.org/2003/arcrole/concept-label" xlink:from="loc_eba_MC" xlink:to="label_eba_MC" />
    <link:label xlink:type="resource" xlink:label="label_eba_MC_1" xml:lang="en" xlink:role="http://www.xbrl.org/2003/role/verboseLabel">Specifies the nature of the item reported (i.e. answers the question: what is reported?). 
For financial instruments, defines the instrument (e.g. deposits, debt securities issued...) or range of instruments reported. 
It should be defined for each data point.</link:label>
    <link:labelArc xlink:type="arc" xlink:arcrole="http://www.xbrl.org/2003/arcrole/concept-label" xlink:from="loc_eba_MC" xlink:to="label_eba_MC_1" />
    <link:loc xlink:type="locator" xlink:href="exp.xsd#eba_AP" xlink:label="loc_eba_AP" />
    <link:label xlink:type="resource" xlink:label="label_eba_AP" xml:lang="en" xlink:role="http://www.xbrl.org/2003/role/label">Approach</link:label>
    <link:labelArc xlink:type="arc" xlink:arcrole="http://www.xbrl.org/2003/arcrole/concept-label" xlink:from="loc_eba_AP" xlink:to="label_eba_AP" />
    <link:label xlink:type="resource" xlink:label="label_eba_AP_1" xml:lang="en" xlink:role="http://www.xbrl.org/2003/role/verboseLabel">Approach used for the calculation of capital requirements (or exposure value in LR)</link:label>
    <link:labelArc xlink:type="arc" xlink:arcrole="http://www.xbrl.org/2003/arcrole/concept-label" xlink:from="loc_eba_AP" xlink:to="label_eba_AP_1" />
    <link:loc xlink:type="locator" xlink:href="exp.xsd#eba_BT" xlink:label="loc_eba_BT" />
    <link:label xlink:type="resource" xlink:label="label_eba_BT" xml:lang="en" xlink:role="http://www.xbrl.org/2003/role/label">Boolean total</link:label>
    <link:labelArc xlink:type="arc" xlink:arcrole="http://www.xbrl.org/2003/arcrole/concept-label" xlink:from="loc_eba_BT" xlink:to="label_eba_BT" />
    <link:label xlink:type="resource" xlink:label="label_eba_BT_1" xml:lang="en" xlink:role="http://www.xbrl.org/2003/role/verboseLabel">Dimensions having only two values (usually denoted true and false)</link:label>
    <link:labelArc xlink:type="arc" xlink:arcrole="http://www.xbrl.org/2003/arcrole/concept-label" xlink:from="loc_eba_BT" xlink:to="label_eba_BT_1" />
    <link:loc xlink:type="locator" xlink:href="exp.xsd#eba_CG" xlink:label="loc_eba_CG" />
    <link:label xlink:type="resource" xlink:label="label_eba_CG" xml:lang="en" xlink:role="http://www.xbrl.org/2003/role/label">Collateral/Guarantees</link:label>
    <link:labelArc xlink:type="arc" xlink:arcrole="http://www.xbrl.org/2003/arcrole/concept-label" xlink:from="loc_eba_CG" xlink:to="label_eba_CG" />
    <link:label xlink:type="resource" xlink:label="label_eba_CG_1" xml:lang="en" xlink:role="http://www.xbrl.org/2003/role/verboseLabel">Defines the terms and conditions of the collateral and guarantees</link:label>
    <link:labelArc xlink:type="arc" xlink:arcrole="http://www.xbrl.org/2003/arcrole/concept-label" xlink:from="loc_eba_CG" xlink:to="label_eba_CG_1" />
    <link:loc xlink:type="locator" xlink:href="exp.xsd#eba_OF" xlink:label="loc_eba_OF" />
    <link:label xlink:type="resource" xlink:label="label_eba_OF" xml:lang="en" xlink:role="http://www.xbrl.org/2003/role/label">Computability in own funds</link:label>
    <link:labelArc xlink:type="arc" xlink:arcrole="http://www.xbrl.org/2003/arcrole/concept-label" xlink:from="loc_eba_OF" xlink:to="label_eba_OF" />
    <link:label xlink:type="resource" xlink:label="label_eba_OF_1" xml:lang="en" xlink:role="http://www.xbrl.org/2003/role/verboseLabel">Specifies the way in which the item computes in own funds</link:label>
    <link:labelArc xlink:type="arc" xlink:arcrole="http://www.xbrl.org/2003/arcrole/concept-label" xlink:from="loc_eba_OF" xlink:to="label_eba_OF_1" />
    <link:loc xlink:type="locator" xlink:href="exp.xsd#eba_CI" xlink:label="loc_eba_CI" />
    <link:label xlink:type="resource" xlink:label="label_eba_CI" xml:lang="en" xlink:role="http://www.xbrl.org/2003/role/label">Callability of the instruments</link:label>
    <link:labelArc xlink:type="arc" xlink:arcrole="http://www.xbrl.org/2003/arcrole/concept-label" xlink:from="loc_eba_CI" xlink:to="label_eba_CI" />
    <link:label xlink:type="resource" xlink:label="label_eba_CI_1" xml:lang="en" xlink:role="http://www.xbrl.org/2003/role/verboseLabel">For instruments on which a call option has been incorporated, it indicates whether they meet the conditions to qualify for inclusion in own funds.</link:label>
    <link:labelArc xlink:type="arc" xlink:arcrole="http://www.xbrl.org/2003/arcrole/concept-label" xlink:from="loc_eba_CI" xlink:to="label_eba_CI_1" />
    <link:loc xlink:type="locator" xlink:href="exp.xsd#eba_CP" xlink:label="loc_eba_CP" />
    <link:label xlink:type="resource" xlink:label="label_eba_CP" xml:lang="en" xlink:role="http://www.xbrl.org/2003/role/label">Credit protection</link:label>
    <link:labelArc xlink:type="arc" xlink:arcrole="http://www.xbrl.org/2003/arcrole/concept-label" xlink:from="loc_eba_CP" xlink:to="label_eba_CP" />
    <link:label xlink:type="resource" xlink:label="label_eba_CP_1" xml:lang="en" xlink:role="http://www.xbrl.org/2003/role/verboseLabel">Concepts related with the application of Credit Risk Mitigation techniques.</link:label>
    <link:labelArc xlink:type="arc" xlink:arcrole="http://www.xbrl.org/2003/arcrole/concept-label" xlink:from="loc_eba_CP" xlink:to="label_eba_CP_1" />
    <link:loc xlink:type="locator" xlink:href="exp.xsd#eba_CQ" xlink:label="loc_eba_CQ" />
    <link:label xlink:type="resource" xlink:label="label_eba_CQ" xml:lang="en" xlink:role="http://www.xbrl.org/2003/role/label">Credit quality</link:label>
    <link:labelArc xlink:type="arc" xlink:arcrole="http://www.xbrl.org/2003/arcrole/concept-label" xlink:from="loc_eba_CQ" xlink:to="label_eba_CQ" />
    <link:label xlink:type="resource" xlink:label="label_eba_CQ_1" xml:lang="en" xlink:role="http://www.xbrl.org/2003/role/verboseLabel">Defines the credit quality of the exposures according to the Credit Quality Steps scale</link:label>
    <link:labelArc xlink:type="arc" xlink:arcrole="http://www.xbrl.org/2003/arcrole/concept-label" xlink:from="loc_eba_CQ" xlink:to="label_eba_CQ_1" />
    <link:loc xlink:type="locator" xlink:href="exp.xsd#eba_CT" xlink:label="loc_eba_CT" />
    <link:label xlink:type="resource" xlink:label="label_eba_CT" xml:lang="en" xlink:role="http://www.xbrl.org/2003/role/label">Counterparty</link:label>
    <link:labelArc xlink:type="arc" xlink:arcrole="http://www.xbrl.org/2003/arcrole/concept-label" xlink:from="loc_eba_CT" xlink:to="label_eba_CT" />
    <link:label xlink:type="resource" xlink:label="label_eba_CT_1" xml:lang="en" xlink:role="http://www.xbrl.org/2003/role/verboseLabel">Party other than the reporting institution in a contract or transaction.</link:label>
    <link:labelArc xlink:type="arc" xlink:arcrole="http://www.xbrl.org/2003/arcrole/concept-label" xlink:from="loc_eba_CT" xlink:to="label_eba_CT_1" />
    <link:loc xlink:type="locator" xlink:href="exp.xsd#eba_CU" xlink:label="loc_eba_CU" />
    <link:label xlink:type="resource" xlink:label="label_eba_CU" xml:lang="en" xlink:role="http://www.xbrl.org/2003/role/label">Currency</link:label>
    <link:labelArc xlink:type="arc" xlink:arcrole="http://www.xbrl.org/2003/arcrole/concept-label" xlink:from="loc_eba_CU" xlink:to="label_eba_CU" />
    <link:label xlink:type="resource" xlink:label="label_eba_CU_1" xml:lang="en" xlink:role="http://www.xbrl.org/2003/role/verboseLabel">Currency</link:label>
    <link:labelArc xlink:type="arc" xlink:arcrole="http://www.xbrl.org/2003/arcrole/concept-label" xlink:from="loc_eba_CU" xlink:to="label_eba_CU_1" />
    <link:loc xlink:type="locator" xlink:href="exp.xsd#eba_EC" xlink:label="loc_eba_EC" />
    <link:label xlink:type="resource" xlink:label="label_eba_EC" xml:lang="en" xlink:role="http://www.xbrl.org/2003/role/label">Exposure classes</link:label>
    <link:labelArc xlink:type="arc" xlink:arcrole="http://www.xbrl.org/2003/arcrole/concept-label" xlink:from="loc_eba_EC" xlink:to="label_eba_EC" />
    <link:label xlink:type="resource" xlink:label="label_eba_EC_1" xml:lang="en" xlink:role="http://www.xbrl.org/2003/role/verboseLabel">Defines the exposure class for capital requirement purposes</link:label>
    <link:labelArc xlink:type="arc" xlink:arcrole="http://www.xbrl.org/2003/arcrole/concept-label" xlink:from="loc_eba_EC" xlink:to="label_eba_EC_1" />
    <link:loc xlink:type="locator" xlink:href="exp.xsd#eba_ER" xlink:label="loc_eba_ER" />
    <link:label xlink:type="resource" xlink:label="label_eba_ER" xml:lang="en" xlink:role="http://www.xbrl.org/2003/role/label">External ratings</link:label>
    <link:labelArc xlink:type="arc" xlink:arcrole="http://www.xbrl.org/2003/arcrole/concept-label" xlink:from="loc_eba_ER" xlink:to="label_eba_ER" />
    <link:label xlink:type="resource" xlink:label="label_eba_ER_1" xml:lang="en" xlink:role="http://www.xbrl.org/2003/role/verboseLabel">Concepts related with external credit ratings.</link:label>
    <link:labelArc xlink:type="arc" xlink:arcrole="http://www.xbrl.org/2003/arcrole/concept-label" xlink:from="loc_eba_ER" xlink:to="label_eba_ER_1" />
    <link:loc xlink:type="locator" xlink:href="exp.xsd#eba_ET" xlink:label="loc_eba_ET" />
    <link:label xlink:type="resource" xlink:label="label_eba_ET" xml:lang="en" xlink:role="http://www.xbrl.org/2003/role/label">Event type</link:label>
    <link:labelArc xlink:type="arc" xlink:arcrole="http://www.xbrl.org/2003/arcrole/concept-label" xlink:from="loc_eba_ET" xlink:to="label_eba_ET" />
    <link:label xlink:type="resource" xlink:label="label_eba_ET_1" xml:lang="en" xlink:role="http://www.xbrl.org/2003/role/verboseLabel">Defines the type of event that has generated an operational loss.</link:label>
    <link:labelArc xlink:type="arc" xlink:arcrole="http://www.xbrl.org/2003/arcrole/concept-label" xlink:from="loc_eba_ET" xlink:to="label_eba_ET_1" />
    <link:loc xlink:type="locator" xlink:href="exp.xsd#eba_GA" xlink:label="loc_eba_GA" />
    <link:label xlink:type="resource" xlink:label="label_eba_GA" xml:lang="en" xlink:role="http://www.xbrl.org/2003/role/label">Geographical area</link:label>
    <link:labelArc xlink:type="arc" xlink:arcrole="http://www.xbrl.org/2003/arcrole/concept-label" xlink:from="loc_eba_GA" xlink:to="label_eba_GA" />
    <link:label xlink:type="resource" xlink:label="label_eba_GA_1" xml:lang="en" xlink:role="http://www.xbrl.org/2003/role/verboseLabel">Geographical area</link:label>
    <link:labelArc xlink:type="arc" xlink:arcrole="http://www.xbrl.org/2003/arcrole/concept-label" xlink:from="loc_eba_GA" xlink:to="label_eba_GA_1" />
    <link:loc xlink:type="locator" xlink:href="exp.xsd#eba_IM" xlink:label="loc_eba_IM" />
    <link:label xlink:type="resource" xlink:label="label_eba_IM" xml:lang="en" xlink:role="http://www.xbrl.org/2003/role/label">Impairment</link:label>
    <link:labelArc xlink:type="arc" xlink:arcrole="http://www.xbrl.org/2003/arcrole/concept-label" xlink:from="loc_eba_IM" xlink:to="label_eba_IM" />
    <link:label xlink:type="resource" xlink:label="label_eba_IM_1" xml:lang="en" xlink:role="http://www.xbrl.org/2003/role/verboseLabel">Concepts related with monitoring credit quality of financial assets and off-balance sheet items (e.g. past due, impaired, defaulted)</link:label>
    <link:labelArc xlink:type="arc" xlink:arcrole="http://www.xbrl.org/2003/arcrole/concept-label" xlink:from="loc_eba_IM" xlink:to="label_eba_IM_1" />
    <link:loc xlink:type="locator" xlink:href="exp.xsd#eba_MA" xlink:label="loc_eba_MA" />
    <link:label xlink:type="resource" xlink:label="label_eba_MA" xml:lang="en" xlink:role="http://www.xbrl.org/2003/role/label">Type of market</link:label>
    <link:labelArc xlink:type="arc" xlink:arcrole="http://www.xbrl.org/2003/arcrole/concept-label" xlink:from="loc_eba_MA" xlink:to="label_eba_MA" />
    <link:label xlink:type="resource" xlink:label="label_eba_MA_1" xml:lang="en" xlink:role="http://www.xbrl.org/2003/role/verboseLabel">Defines the type of market on which reported instruments are traded. It includes the fair value hierarchy.</link:label>
    <link:labelArc xlink:type="arc" xlink:arcrole="http://www.xbrl.org/2003/arcrole/concept-label" xlink:from="loc_eba_MA" xlink:to="label_eba_MA_1" />
    <link:loc xlink:type="locator" xlink:href="exp.xsd#eba_NC" xlink:label="loc_eba_NC" />
    <link:label xlink:type="resource" xlink:label="label_eba_NC" xml:lang="en" xlink:role="http://www.xbrl.org/2003/role/label">NACE code</link:label>
    <link:labelArc xlink:type="arc" xlink:arcrole="http://www.xbrl.org/2003/arcrole/concept-label" xlink:from="loc_eba_NC" xlink:to="label_eba_NC" />
    <link:label xlink:type="resource" xlink:label="label_eba_NC_1" xml:lang="en" xlink:role="http://www.xbrl.org/2003/role/verboseLabel">NACE classification of economic activities</link:label>
    <link:labelArc xlink:type="arc" xlink:arcrole="http://www.xbrl.org/2003/arcrole/concept-label" xlink:from="loc_eba_NC" xlink:to="label_eba_NC_1" />
    <link:loc xlink:type="locator" xlink:href="exp.xsd#eba_PC" xlink:label="loc_eba_PC" />
    <link:label xlink:type="resource" xlink:label="label_eba_PC" xml:lang="en" xlink:role="http://www.xbrl.org/2003/role/label">Percentages</link:label>
    <link:labelArc xlink:type="arc" xlink:arcrole="http://www.xbrl.org/2003/arcrole/concept-label" xlink:from="loc_eba_PC" xlink:to="label_eba_PC" />
    <link:label xlink:type="resource" xlink:label="label_eba_PC_1" xml:lang="en" xlink:role="http://www.xbrl.org/2003/role/verboseLabel">Percentages</link:label>
    <link:labelArc xlink:type="arc" xlink:arcrole="http://www.xbrl.org/2003/arcrole/concept-label" xlink:from="loc_eba_PC" xlink:to="label_eba_PC_1" />
    <link:loc xlink:type="locator" xlink:href="exp.xsd#eba_PI" xlink:label="loc_eba_PI" />
    <link:label xlink:type="resource" xlink:label="label_eba_PI" xml:lang="en" xlink:role="http://www.xbrl.org/2003/role/label">Positions in the instrument</link:label>
    <link:labelArc xlink:type="arc" xlink:arcrole="http://www.xbrl.org/2003/arcrole/concept-label" xlink:from="loc_eba_PI" xlink:to="label_eba_PI" />
    <link:label xlink:type="resource" xlink:label="label_eba_PI_1" xml:lang="en" xlink:role="http://www.xbrl.org/2003/role/verboseLabel">Defines the position (long/short) taken in the instrument, as well as the aggregation level related to the market risk capital requirement calculations (gross/net).</link:label>
    <link:labelArc xlink:type="arc" xlink:arcrole="http://www.xbrl.org/2003/arcrole/concept-label" xlink:from="loc_eba_PI" xlink:to="label_eba_PI_1" />
    <link:loc xlink:type="locator" xlink:href="exp.xsd#eba_PL" xlink:label="loc_eba_PL" />
    <link:label xlink:type="resource" xlink:label="label_eba_PL" xml:lang="en" xlink:role="http://www.xbrl.org/2003/role/label">Portfolio</link:label>
    <link:labelArc xlink:type="arc" xlink:arcrole="http://www.xbrl.org/2003/arcrole/concept-label" xlink:from="loc_eba_PL" xlink:to="label_eba_PL" />
    <link:label xlink:type="resource" xlink:label="label_eba_PL_1" xml:lang="en" xlink:role="http://www.xbrl.org/2003/role/verboseLabel">Defined the portfolios reported. It comprises both accounting portfolios (e.g. Available-for-sale) and prudential portfolios (e.g. trading book).</link:label>
    <link:labelArc xlink:type="arc" xlink:arcrole="http://www.xbrl.org/2003/arcrole/concept-label" xlink:from="loc_eba_PL" xlink:to="label_eba_PL_1" />
    <link:loc xlink:type="locator" xlink:href="exp.xsd#eba_RF" xlink:label="loc_eba_RF" />
    <link:label xlink:type="resource" xlink:label="label_eba_RF" xml:lang="en" xlink:role="http://www.xbrl.org/2003/role/label">Reference period</link:label>
    <link:labelArc xlink:type="arc" xlink:arcrole="http://www.xbrl.org/2003/arcrole/concept-label" xlink:from="loc_eba_RF" xlink:to="label_eba_RF" />
    <link:label xlink:type="resource" xlink:label="label_eba_RF_1" xml:lang="en" xlink:role="http://www.xbrl.org/2003/role/verboseLabel">Defines a relative time point (reference date or period) to which the data refers.</link:label>
    <link:labelArc xlink:type="arc" xlink:arcrole="http://www.xbrl.org/2003/arcrole/concept-label" xlink:from="loc_eba_RF" xlink:to="label_eba_RF_1" />
    <link:loc xlink:type="locator" xlink:href="exp.xsd#eba_PU" xlink:label="loc_eba_PU" />
    <link:label xlink:type="resource" xlink:label="label_eba_PU" xml:lang="en" xlink:role="http://www.xbrl.org/2003/role/label">Purpose</link:label>
    <link:labelArc xlink:type="arc" xlink:arcrole="http://www.xbrl.org/2003/arcrole/concept-label" xlink:from="loc_eba_PU" xlink:to="label_eba_PU" />
    <link:label xlink:type="resource" xlink:label="label_eba_PU_1" xml:lang="en" xlink:role="http://www.xbrl.org/2003/role/verboseLabel">Purpose of the contract or transaction.</link:label>
    <link:labelArc xlink:type="arc" xlink:arcrole="http://www.xbrl.org/2003/arcrole/concept-label" xlink:from="loc_eba_PU" xlink:to="label_eba_PU_1" />
    <link:loc xlink:type="locator" xlink:href="exp.xsd#eba_RP" xlink:label="loc_eba_RP" />
    <link:label xlink:type="resource" xlink:label="label_eba_RP" xml:lang="en" xlink:role="http://www.xbrl.org/2003/role/label">Related parties/Relationships</link:label>
    <link:labelArc xlink:type="arc" xlink:arcrole="http://www.xbrl.org/2003/arcrole/concept-label" xlink:from="loc_eba_RP" xlink:to="label_eba_RP" />
    <link:label xlink:type="resource" xlink:label="label_eba_RP_1" xml:lang="en" xlink:role="http://www.xbrl.org/2003/role/verboseLabel">Defines the relationship between the reporting institution with an entity or a person; in particular, it specifies the type of related party.</link:label>
    <link:labelArc xlink:type="arc" xlink:arcrole="http://www.xbrl.org/2003/arcrole/concept-label" xlink:from="loc_eba_RP" xlink:to="label_eba_RP_1" />
    <link:loc xlink:type="locator" xlink:href="exp.xsd#eba_RS" xlink:label="loc_eba_RS" />
    <link:label xlink:type="resource" xlink:label="label_eba_RS" xml:lang="en" xlink:role="http://www.xbrl.org/2003/role/label">Role in the securitisation process</link:label>
    <link:labelArc xlink:type="arc" xlink:arcrole="http://www.xbrl.org/2003/arcrole/concept-label" xlink:from="loc_eba_RS" xlink:to="label_eba_RS" />
    <link:label xlink:type="resource" xlink:label="label_eba_RS_1" xml:lang="en" xlink:role="http://www.xbrl.org/2003/role/verboseLabel">Defines the role played by the reporting entity in the securitisation process.</link:label>
    <link:labelArc xlink:type="arc" xlink:arcrole="http://www.xbrl.org/2003/arcrole/concept-label" xlink:from="loc_eba_RS" xlink:to="label_eba_RS_1" />
    <link:loc xlink:type="locator" xlink:href="exp.xsd#eba_TR" xlink:label="loc_eba_TR" />
    <link:label xlink:type="resource" xlink:label="label_eba_TR" xml:lang="en" xlink:role="http://www.xbrl.org/2003/role/label">Type of risk</link:label>
    <link:labelArc xlink:type="arc" xlink:arcrole="http://www.xbrl.org/2003/arcrole/concept-label" xlink:from="loc_eba_TR" xlink:to="label_eba_TR" />
    <link:label xlink:type="resource" xlink:label="label_eba_TR_1" xml:lang="en" xlink:role="http://www.xbrl.org/2003/role/verboseLabel">Indicates the type of risk arising from exposures or transactions (e.g. credit risk or market risk).</link:label>
    <link:labelArc xlink:type="arc" xlink:arcrole="http://www.xbrl.org/2003/arcrole/concept-label" xlink:from="loc_eba_TR" xlink:to="label_eba_TR_1" />
    <link:loc xlink:type="locator" xlink:href="exp.xsd#eba_RT" xlink:label="loc_eba_RT" />
    <link:label xlink:type="resource" xlink:label="label_eba_RT" xml:lang="en" xlink:role="http://www.xbrl.org/2003/role/label">Risk transfer treatment</link:label>
    <link:labelArc xlink:type="arc" xlink:arcrole="http://www.xbrl.org/2003/arcrole/concept-label" xlink:from="loc_eba_RT" xlink:to="label_eba_RT" />
    <link:label xlink:type="resource" xlink:label="label_eba_RT_1" xml:lang="en" xlink:role="http://www.xbrl.org/2003/role/verboseLabel">Type of risk transfer (synthetic or transitional securitisations) and accounting treatment of the transaction</link:label>
    <link:labelArc xlink:type="arc" xlink:arcrole="http://www.xbrl.org/2003/arcrole/concept-label" xlink:from="loc_eba_RT" xlink:to="label_eba_RT_1" />
    <link:loc xlink:type="locator" xlink:href="exp.xsd#eba_ST" xlink:label="loc_eba_ST" />
    <link:label xlink:type="resource" xlink:label="label_eba_ST" xml:lang="en" xlink:role="http://www.xbrl.org/2003/role/label">Securitisation structure</link:label>
    <link:labelArc xlink:type="arc" xlink:arcrole="http://www.xbrl.org/2003/arcrole/concept-label" xlink:from="loc_eba_ST" xlink:to="label_eba_ST" />
    <link:label xlink:type="resource" xlink:label="label_eba_ST_1" xml:lang="en" xlink:role="http://www.xbrl.org/2003/role/verboseLabel">Tranche of the exposure in the securitisation structure</link:label>
    <link:labelArc xlink:type="arc" xlink:arcrole="http://www.xbrl.org/2003/arcrole/concept-label" xlink:from="loc_eba_ST" xlink:to="label_eba_ST_1" />
    <link:loc xlink:type="locator" xlink:href="exp.xsd#eba_TA" xlink:label="loc_eba_TA" />
    <link:label xlink:type="resource" xlink:label="label_eba_TA" xml:lang="en" xlink:role="http://www.xbrl.org/2003/role/label">Type of activity</link:label>
    <link:labelArc xlink:type="arc" xlink:arcrole="http://www.xbrl.org/2003/arcrole/concept-label" xlink:from="loc_eba_TA" xlink:to="label_eba_TA" />
    <link:label xlink:type="resource" xlink:label="label_eba_TA_1" xml:lang="en" xlink:role="http://www.xbrl.org/2003/role/verboseLabel">Defines the type of activity reported (e.g. asset management or custody)</link:label>
    <link:labelArc xlink:type="arc" xlink:arcrole="http://www.xbrl.org/2003/arcrole/concept-label" xlink:from="loc_eba_TA" xlink:to="label_eba_TA_1" />
    <link:loc xlink:type="locator" xlink:href="exp.xsd#eba_TI" xlink:label="loc_eba_TI" />
    <link:label xlink:type="resource" xlink:label="label_eba_TI" xml:lang="en" xlink:role="http://www.xbrl.org/2003/role/label">Time interval</link:label>
    <link:labelArc xlink:type="arc" xlink:arcrole="http://www.xbrl.org/2003/arcrole/concept-label" xlink:from="loc_eba_TI" xlink:to="label_eba_TI" />
    <link:label xlink:type="resource" xlink:label="label_eba_TI_1" xml:lang="en" xlink:role="http://www.xbrl.org/2003/role/verboseLabel">Time bands (e.g. &gt; 60 days &lt;= 90 days).</link:label>
    <link:labelArc xlink:type="arc" xlink:arcrole="http://www.xbrl.org/2003/arcrole/concept-label" xlink:from="loc_eba_TI" xlink:to="label_eba_TI_1" />
    <link:loc xlink:type="locator" xlink:href="exp.xsd#eba_UE" xlink:label="loc_eba_UE" />
    <link:label xlink:type="resource" xlink:label="label_eba_UE" xml:lang="en" xlink:role="http://www.xbrl.org/2003/role/label">Underlying exposures in securitisations</link:label>
    <link:labelArc xlink:type="arc" xlink:arcrole="http://www.xbrl.org/2003/arcrole/concept-label" xlink:from="loc_eba_UE" xlink:to="label_eba_UE" />
    <link:label xlink:type="resource" xlink:label="label_eba_UE_1" xml:lang="en" xlink:role="http://www.xbrl.org/2003/role/verboseLabel">Underlying exposures in securitisations</link:label>
    <link:labelArc xlink:type="arc" xlink:arcrole="http://www.xbrl.org/2003/arcrole/concept-label" xlink:from="loc_eba_UE" xlink:to="label_eba_UE_1" />
    <link:loc xlink:type="locator" xlink:href="exp.xsd#eba_TP" xlink:label="loc_eba_TP" />
    <link:label xlink:type="resource" xlink:label="label_eba_TP" xml:lang="en" xlink:role="http://www.xbrl.org/2003/role/label">Correlation Trading Portfolio</link:label>
    <link:labelArc xlink:type="arc" xlink:arcrole="http://www.xbrl.org/2003/arcrole/concept-label" xlink:from="loc_eba_TP" xlink:to="label_eba_TP" />
    <link:label xlink:type="resource" xlink:label="label_eba_TP_1" xml:lang="en" xlink:role="http://www.xbrl.org/2003/role/verboseLabel">CTP or non-CTP</link:label>
    <link:labelArc xlink:type="arc" xlink:arcrole="http://www.xbrl.org/2003/arcrole/concept-label" xlink:from="loc_eba_TP" xlink:to="label_eba_TP_1" />
    <link:loc xlink:type="locator" xlink:href="exp.xsd#eba_LQ" xlink:label="loc_eba_LQ" />
    <link:label xlink:type="resource" xlink:label="label_eba_LQ" xml:lang="en" xlink:role="http://www.xbrl.org/2003/role/label">Liquidity</link:label>
    <link:labelArc xlink:type="arc" xlink:arcrole="http://www.xbrl.org/2003/arcrole/concept-label" xlink:from="loc_eba_LQ" xlink:to="label_eba_LQ" />
    <link:label xlink:type="resource" xlink:label="label_eba_LQ_1" xml:lang="en" xlink:role="http://www.xbrl.org/2003/role/verboseLabel">Defines different liquidity-related conditions of assets and liabilities</link:label>
    <link:labelArc xlink:type="arc" xlink:arcrole="http://www.xbrl.org/2003/arcrole/concept-label" xlink:from="loc_eba_LQ" xlink:to="label_eba_LQ_1" />
    <link:loc xlink:type="locator" xlink:href="exp.xsd#eba_CS" xlink:label="loc_eba_CS" />
    <link:label xlink:type="resource" xlink:label="label_eba_CS" xml:lang="en" xlink:role="http://www.xbrl.org/2003/role/label">Contingent scenario</link:label>
    <link:labelArc xlink:type="arc" xlink:arcrole="http://www.xbrl.org/2003/arcrole/concept-label" xlink:from="loc_eba_CS" xlink:to="label_eba_CS" />
    <link:label xlink:type="resource" xlink:label="label_eba_CS_1" xml:lang="en" xlink:role="http://www.xbrl.org/2003/role/verboseLabel">Defines the contingent scenarios whose impact is reported</link:label>
    <link:labelArc xlink:type="arc" xlink:arcrole="http://www.xbrl.org/2003/arcrole/concept-label" xlink:from="loc_eba_CS" xlink:to="label_eba_CS_1" />
    <link:loc xlink:type="locator" xlink:href="exp.xsd#eba_SC" xlink:label="loc_eba_SC" />
    <link:label xlink:type="resource" xlink:label="label_eba_SC" xml:lang="en" xlink:role="http://www.xbrl.org/2003/role/label">Scope of consolidation</link:label>
    <link:labelArc xlink:type="arc" xlink:arcrole="http://www.xbrl.org/2003/arcrole/concept-label" xlink:from="loc_eba_SC" xlink:to="label_eba_SC" />
    <link:label xlink:type="resource" xlink:label="label_eba_SC_1" xml:lang="en" xlink:role="http://www.xbrl.org/2003/role/verboseLabel">Different scopes of consolidation of reporting when different from CRR scope</link:label>
    <link:labelArc xlink:type="arc" xlink:arcrole="http://www.xbrl.org/2003/arcrole/concept-label" xlink:from="loc_eba_SC" xlink:to="label_eba_SC_1" />
    <link:loc xlink:type="locator" xlink:href="exp.xsd#eba_AS" xlink:label="loc_eba_AS" />
    <link:label xlink:type="resource" xlink:label="label_eba_AS" xml:lang="en" xlink:role="http://www.xbrl.org/2003/role/label">Accounting standard</link:label>
    <link:labelArc xlink:type="arc" xlink:arcrole="http://www.xbrl.org/2003/arcrole/concept-label" xlink:from="loc_eba_AS" xlink:to="label_eba_AS" />
    <link:label xlink:type="resource" xlink:label="label_eba_AS_1" xml:lang="en" xlink:role="http://www.xbrl.org/2003/role/verboseLabel">The accounting standard used to prepare figures or reports</link:label>
    <link:labelArc xlink:type="arc" xlink:arcrole="http://www.xbrl.org/2003/arcrole/concept-label" xlink:from="loc_eba_AS" xlink:to="label_eba_AS_1" />
    <link:loc xlink:type="locator" xlink:href="exp.xsd#eba_ZZ" xlink:label="loc_eba_ZZ" />
    <link:label xlink:type="resource" xlink:label="label_eba_ZZ" xml:lang="en" xlink:role="http://www.xbrl.org/2003/role/label">Code Lists</link:label>
    <link:labelArc xlink:type="arc" xlink:arcrole="http://www.xbrl.org/2003/arcrole/concept-label" xlink:from="loc_eba_ZZ" xlink:to="label_eba_ZZ" />
    <link:label xlink:type="resource" xlink:label="label_eba_ZZ_1" xml:lang="en" xlink:role="http://www.xbrl.org/2003/role/verboseLabel">Codes for use in various metrics</link:label>
    <link:labelArc xlink:type="arc" xlink:arcrole="http://www.xbrl.org/2003/arcrole/concept-label" xlink:from="loc_eba_ZZ" xlink:to="label_eba_ZZ_1" />
    <link:loc xlink:type="locator" xlink:href="exp.xsd#eba_CA" xlink:label="loc_eba_CA" />
    <link:label xlink:type="resource" xlink:label="label_eba_CA" xml:lang="en" xlink:role="http://www.xbrl.org/2003/role/label">Currency conversion approach</link:label>
    <link:labelArc xlink:type="arc" xlink:arcrole="http://www.xbrl.org/2003/arcrole/concept-label" xlink:from="loc_eba_CA" xlink:to="label_eba_CA" />
    <link:label xlink:type="resource" xlink:label="label_eba_CA_1" xml:lang="en" xlink:role="http://www.xbrl.org/2003/role/verboseLabel">Indicates how monetary values should be reported i.e. if they should be converted to a single reporting currency, or reported as-is in the underlying currency</link:label>
    <link:labelArc xlink:type="arc" xlink:arcrole="http://www.xbrl.org/2003/arcrole/concept-label" xlink:from="loc_eba_CA" xlink:to="label_eba_CA_1" />
    <link:loc xlink:type="locator" xlink:href="exp.xsd#eba_IA" xlink:label="loc_eba_IA" />
    <link:label xlink:type="resource" xlink:label="label_eba_IA" xml:lang="en" xlink:role="http://www.xbrl.org/2003/role/label">Interval of amounts</link:label>
    <link:labelArc xlink:type="arc" xlink:arcrole="http://www.xbrl.org/2003/arcrole/concept-label" xlink:from="loc_eba_IA" xlink:to="label_eba_IA" />
    <link:label xlink:type="resource" xlink:label="label_eba_IA_1" xml:lang="en" xlink:role="http://www.xbrl.org/2003/role/verboseLabel">Indicates sizes of amounts intervals</link:label>
    <link:labelArc xlink:type="arc" xlink:arcrole="http://www.xbrl.org/2003/arcrole/concept-label" xlink:from="loc_eba_IA" xlink:to="label_eba_IA_1" />
    <link:loc xlink:type="locator" xlink:href="exp.xsd#eba_EN" xlink:label="loc_eba_EN" />
    <link:label xlink:type="resource" xlink:label="label_eba_EN" xml:lang="en" xlink:role="http://www.xbrl.org/2003/role/label">Entity</link:label>
    <link:labelArc xlink:type="arc" xlink:arcrole="http://www.xbrl.org/2003/arcrole/concept-label" xlink:from="loc_eba_EN" xlink:to="label_eba_EN" />
    <link:label xlink:type="resource" xlink:label="label_eba_EN_1" xml:lang="en" xlink:role="http://www.xbrl.org/2003/role/verboseLabel">An association, corporation, partnership, proprietorship, trust, or individual</link:label>
    <link:labelArc xlink:type="arc" xlink:arcrole="http://www.xbrl.org/2003/arcrole/concept-label" xlink:from="loc_eba_EN" xlink:to="label_eba_EN_1" />
  </link:labelLink>
</link:linkbase>