﻿<?xml version="1.0" encoding="utf-8"?>
<?taxonomy-version 2.8.0.0 ?> <?taxonomy-set-overall-version 2.8.0.0 ?>
<!--(C) EBA-->
<link:linkbase xmlns:xsi="http://www.w3.org/2001/XMLSchema-instance" xmlns:xlink="http://www.w3.org/1999/xlink" xmlns:link="http://www.xbrl.org/2003/linkbase" xmlns:gen="http://xbrl.org/2008/generic" xmlns:label="http://xbrl.org/2008/label" xsi:schemaLocation="http://www.xbrl.org/2003/linkbase http://www.xbrl.org/2003/xbrl-linkbase-2003-12-31.xsd http://xbrl.org/2008/generic http://www.xbrl.org/2008/generic-link.xsd http://xbrl.org/2008/label http://www.xbrl.org/2008/generic-label.xsd">
  <link:arcroleRef arcroleURI="http://xbrl.org/arcrole/2008/element-label" xlink:type="simple" xlink:href="http://www.xbrl.org/2008/generic-label.xsd#element-label" />
  <link:roleRef roleURI="http://www.eba.europa.eu/xbrl/role/dpm-db-id" xlink:type="simple" xlink:href="http://www.eba.europa.eu/eu/fr/xbrl/ext/model.xsd#dpm-db-id" />
  <gen:link xlink:type="extended" xlink:role="http://www.xbrl.org/2003/role/link">
    <link:loc xlink:type="locator" xlink:href="typ.xsd#eba_LE" xlink:label="loc_eba_LE" />
    <label:label xlink:type="resource" xlink:label="label_eba_LE" xml:lang="en" xlink:role="http://www.eba.europa.eu/xbrl/role/dpm-db-id">460</label:label>
    <gen:arc xlink:type="arc" xlink:arcrole="http://xbrl.org/arcrole/2008/element-label" xlink:from="loc_eba_LE" xlink:to="label_eba_LE" />
    <link:loc xlink:type="locator" xlink:href="typ.xsd#eba_SY" xlink:label="loc_eba_SY" />
    <label:label xlink:type="resource" xlink:label="label_eba_SY" xml:lang="en" xlink:role="http://www.eba.europa.eu/xbrl/role/dpm-db-id">470</label:label>
    <gen:arc xlink:type="arc" xlink:arcrole="http://xbrl.org/arcrole/2008/element-label" xlink:from="loc_eba_SY" xlink:to="label_eba_SY" />
    <link:loc xlink:type="locator" xlink:href="typ.xsd#eba_SE" xlink:label="loc_eba_SE" />
    <label:label xlink:type="resource" xlink:label="label_eba_SE" xml:lang="en" xlink:role="http://www.eba.europa.eu/xbrl/role/dpm-db-id">480</label:label>
    <gen:arc xlink:type="arc" xlink:arcrole="http://xbrl.org/arcrole/2008/element-label" xlink:from="loc_eba_SE" xlink:to="label_eba_SE" />
    <link:loc xlink:type="locator" xlink:href="typ.xsd#eba_ID" xlink:label="loc_eba_ID" />
    <label:label xlink:type="resource" xlink:label="label_eba_ID" xml:lang="en" xlink:role="http://www.eba.europa.eu/xbrl/role/dpm-db-id">490</label:label>
    <gen:arc xlink:type="arc" xlink:arcrole="http://xbrl.org/arcrole/2008/element-label" xlink:from="loc_eba_ID" xlink:to="label_eba_ID" />
    <link:loc xlink:type="locator" xlink:href="typ.xsd#eba_CB" xlink:label="loc_eba_CB" />
    <label:label xlink:type="resource" xlink:label="label_eba_CB" xml:lang="en" xlink:role="http://www.eba.europa.eu/xbrl/role/dpm-db-id">520</label:label>
    <gen:arc xlink:type="arc" xlink:arcrole="http://xbrl.org/arcrole/2008/element-label" xlink:from="loc_eba_CB" xlink:to="label_eba_CB" />
    <link:loc xlink:type="locator" xlink:href="typ.xsd#eba_CC" xlink:label="loc_eba_CC" />
    <label:label xlink:type="resource" xlink:label="label_eba_CC" xml:lang="en" xlink:role="http://www.eba.europa.eu/xbrl/role/dpm-db-id">530</label:label>
    <gen:arc xlink:type="arc" xlink:arcrole="http://xbrl.org/arcrole/2008/element-label" xlink:from="loc_eba_CC" xlink:to="label_eba_CC" />
    <link:loc xlink:type="locator" xlink:href="typ.xsd#eba_IS" xlink:label="loc_eba_IS" />
    <label:label xlink:type="resource" xlink:label="label_eba_IS" xml:lang="en" xlink:role="http://www.eba.europa.eu/xbrl/role/dpm-db-id">610</label:label>
    <gen:arc xlink:type="arc" xlink:arcrole="http://xbrl.org/arcrole/2008/element-label" xlink:from="loc_eba_IS" xlink:to="label_eba_IS" />
    <link:loc xlink:type="locator" xlink:href="typ.xsd#eba_DT" xlink:label="loc_eba_DT" />
    <label:label xlink:type="resource" xlink:label="label_eba_DT" xml:lang="en" xlink:role="http://www.eba.europa.eu/xbrl/role/dpm-db-id">620</label:label>
    <gen:arc xlink:type="arc" xlink:arcrole="http://xbrl.org/arcrole/2008/element-label" xlink:from="loc_eba_DT" xlink:to="label_eba_DT" />
  </gen:link>
</link:linkbase>