<ns0:linkbase xmlns:ns0="http://www.xbrl.org/2003/linkbase" xmlns:ns2="http://www.w3.org/1999/xlink" xmlns:ns3="http://xbrl.org/2005/xbrldt" xmlns:xsi="http://www.w3.org/2001/XMLSchema-instance" xsi:schemaLocation="http://www.xbrl.org/2003/linkbase http://www.xbrl.org/2003/xbrl-linkbase-2003-12-31.xsd">
    <ns0:arcroleRef arcroleURI="http://xbrl.org/int/dim/arcrole/dimension-domain" ns2:href="http://www.xbrl.org/2005/xbrldt-2005.xsd#dimension-domain" ns2:type="simple" />
    <ns0:arcroleRef arcroleURI="http://xbrl.org/int/dim/arcrole/dimension-default" ns2:href="http://www.xbrl.org/2005/xbrldt-2005.xsd#dimension-default" ns2:type="simple" />
    <ns0:roleRef roleURI="http://ferc.gov/form/2020-01-01/roles/Schedule/F1/SchedulePurchasesAndSalesOfAncillaryServices" ns2:href="form-1-sched-SchedulePurchasesAndSalesOfAncillaryServices_2020-01-01.xsd#roleType_SchedulePurchasesAndSalesOfAncillaryServices" ns2:type="simple" />
    <ns0:arcroleRef arcroleURI="http://xbrl.org/int/dim/arcrole/hypercube-dimension" ns2:href="http://www.xbrl.org/2005/xbrldt-2005.xsd#hypercube-dimension" ns2:type="simple" />
    <ns0:arcroleRef arcroleURI="http://xbrl.org/int/dim/arcrole/all" ns2:href="http://www.xbrl.org/2005/xbrldt-2005.xsd#all" ns2:type="simple" />
    <ns0:arcroleRef arcroleURI="http://xbrl.org/int/dim/arcrole/domain-member" ns2:href="http://www.xbrl.org/2005/xbrldt-2005.xsd#domain-member" ns2:type="simple" />
    <ns0:definitionLink ns2:role="http://ferc.gov/form/2020-01-01/roles/Schedule/F1/SchedulePurchasesAndSalesOfAncillaryServices" ns2:type="extended">
        <ns0:loc ns2:href="../../ferc-core_2020-01-01.xsd#ferc_SchedulePurchasesSalesOfAncillaryServicesAbstract" ns2:label="ferc_SchedulePurchasesSalesOfAncillaryServicesAbstract" ns2:type="locator" />
        <ns0:loc ns2:href="../../ferc-core_2020-01-01.xsd#ferc_PurchasesSalesOfAncillaryServicesLineItems" ns2:label="ferc_PurchasesSalesOfAncillaryServicesLineItems" ns2:type="locator" />
        <ns0:definitionArc order="1" ns2:arcrole="http://xbrl.org/int/dim/arcrole/domain-member" ns2:from="ferc_SchedulePurchasesSalesOfAncillaryServicesAbstract" ns2:to="ferc_PurchasesSalesOfAncillaryServicesLineItems" ns2:type="arc" />
        <ns0:loc ns2:href="../../ferc-core_2020-01-01.xsd#ferc_PurchasesSalesOfAncillaryServicesTable" ns2:label="ferc_PurchasesSalesOfAncillaryServicesTable" ns2:type="locator" />
        <ns0:definitionArc order="1" ns2:arcrole="http://xbrl.org/int/dim/arcrole/all" ns2:from="ferc_PurchasesSalesOfAncillaryServicesLineItems" ns2:to="ferc_PurchasesSalesOfAncillaryServicesTable" ns2:type="arc" ns3:closed="true" ns3:contextElement="segment" />
        <ns0:loc ns2:href="../../ferc-core_2020-01-01.xsd#ferc_AncillaryServicesPurchasesAndSalesAxis" ns2:label="ferc_AncillaryServicesPurchasesAndSalesAxis" ns2:type="locator" />
        <ns0:definitionArc order="1" ns2:arcrole="http://xbrl.org/int/dim/arcrole/hypercube-dimension" ns2:from="ferc_PurchasesSalesOfAncillaryServicesTable" ns2:to="ferc_AncillaryServicesPurchasesAndSalesAxis" ns2:type="arc" />
        <ns0:loc ns2:href="../../ferc-core_2020-01-01.xsd#ferc_AncillaryServicesPurchasesAndSalesDomain" ns2:label="ferc_AncillaryServicesPurchasesAndSalesDomain" ns2:type="locator" />
        <ns0:definitionArc order="1" ns2:arcrole="http://xbrl.org/int/dim/arcrole/dimension-domain" ns2:from="ferc_AncillaryServicesPurchasesAndSalesAxis" ns2:to="ferc_AncillaryServicesPurchasesAndSalesDomain" ns2:type="arc" />
        <ns0:loc ns2:href="../../ferc-core_2020-01-01.xsd#ferc_SchedulingSystemControlAndDispatchMember" ns2:label="ferc_SchedulingSystemControlAndDispatchMember" ns2:type="locator" />
        <ns0:definitionArc order="1" ns2:arcrole="http://xbrl.org/int/dim/arcrole/domain-member" ns2:from="ferc_AncillaryServicesPurchasesAndSalesDomain" ns2:to="ferc_SchedulingSystemControlAndDispatchMember" ns2:type="arc" />
        <ns0:loc ns2:href="../../ferc-core_2020-01-01.xsd#ferc_ReactiveSupplyAndVoltageMember" ns2:label="ferc_ReactiveSupplyAndVoltageMember" ns2:type="locator" />
        <ns0:definitionArc order="2" ns2:arcrole="http://xbrl.org/int/dim/arcrole/domain-member" ns2:from="ferc_AncillaryServicesPurchasesAndSalesDomain" ns2:to="ferc_ReactiveSupplyAndVoltageMember" ns2:type="arc" />
        <ns0:loc ns2:href="../../ferc-core_2020-01-01.xsd#ferc_RegulationAndFrequencyResponseMember" ns2:label="ferc_RegulationAndFrequencyResponseMember" ns2:type="locator" />
        <ns0:definitionArc order="3" ns2:arcrole="http://xbrl.org/int/dim/arcrole/domain-member" ns2:from="ferc_AncillaryServicesPurchasesAndSalesDomain" ns2:to="ferc_RegulationAndFrequencyResponseMember" ns2:type="arc" />
        <ns0:loc ns2:href="../../ferc-core_2020-01-01.xsd#ferc_EnergyImbalanceMember" ns2:label="ferc_EnergyImbalanceMember" ns2:type="locator" />
        <ns0:definitionArc order="4" ns2:arcrole="http://xbrl.org/int/dim/arcrole/domain-member" ns2:from="ferc_AncillaryServicesPurchasesAndSalesDomain" ns2:to="ferc_EnergyImbalanceMember" ns2:type="arc" />
        <ns0:loc ns2:href="../../ferc-core_2020-01-01.xsd#ferc_OperatingReserveSpinningMember" ns2:label="ferc_OperatingReserveSpinningMember" ns2:type="locator" />
        <ns0:definitionArc order="5" ns2:arcrole="http://xbrl.org/int/dim/arcrole/domain-member" ns2:from="ferc_AncillaryServicesPurchasesAndSalesDomain" ns2:to="ferc_OperatingReserveSpinningMember" ns2:type="arc" />
        <ns0:loc ns2:href="../../ferc-core_2020-01-01.xsd#ferc_OperatingReserveSupplementMember" ns2:label="ferc_OperatingReserveSupplementMember" ns2:type="locator" />
        <ns0:definitionArc order="6" ns2:arcrole="http://xbrl.org/int/dim/arcrole/domain-member" ns2:from="ferc_AncillaryServicesPurchasesAndSalesDomain" ns2:to="ferc_OperatingReserveSupplementMember" ns2:type="arc" />
        <ns0:loc ns2:href="../../ferc-core_2020-01-01.xsd#ferc_OtherAncillaryServicesMember" ns2:label="ferc_OtherAncillaryServicesMember" ns2:type="locator" />
        <ns0:definitionArc order="7" ns2:arcrole="http://xbrl.org/int/dim/arcrole/domain-member" ns2:from="ferc_AncillaryServicesPurchasesAndSalesDomain" ns2:to="ferc_OtherAncillaryServicesMember" ns2:type="arc" />
        <ns0:loc ns2:href="../../ferc-core_2020-01-01.xsd#ferc_AncillaryServicesPurchasedNumberOfUnits" ns2:label="ferc_AncillaryServicesPurchasedNumberOfUnits" ns2:type="locator" />
        <ns0:definitionArc order="2" ns2:arcrole="http://xbrl.org/int/dim/arcrole/domain-member" ns2:from="ferc_PurchasesSalesOfAncillaryServicesLineItems" ns2:to="ferc_AncillaryServicesPurchasedNumberOfUnits" ns2:type="arc" />
        <ns0:loc ns2:href="../../ferc-core_2020-01-01.xsd#ferc_AncillaryServicesPurchasedNumberOfUnitsPower" ns2:label="ferc_AncillaryServicesPurchasedNumberOfUnitsPower" ns2:type="locator" />
        <ns0:definitionArc order="3" ns2:arcrole="http://xbrl.org/int/dim/arcrole/domain-member" ns2:from="ferc_PurchasesSalesOfAncillaryServicesLineItems" ns2:to="ferc_AncillaryServicesPurchasedNumberOfUnitsPower" ns2:type="arc" />
        <ns0:loc ns2:href="../../ferc-core_2020-01-01.xsd#ferc_AncillaryServicesPurchasedAmount" ns2:label="ferc_AncillaryServicesPurchasedAmount" ns2:type="locator" />
        <ns0:definitionArc order="4" ns2:arcrole="http://xbrl.org/int/dim/arcrole/domain-member" ns2:from="ferc_PurchasesSalesOfAncillaryServicesLineItems" ns2:to="ferc_AncillaryServicesPurchasedAmount" ns2:type="arc" />
        <ns0:loc ns2:href="../../ferc-core_2020-01-01.xsd#ferc_AncillaryServicesSoldNumberOfUnits" ns2:label="ferc_AncillaryServicesSoldNumberOfUnits" ns2:type="locator" />
        <ns0:definitionArc order="5" ns2:arcrole="http://xbrl.org/int/dim/arcrole/domain-member" ns2:from="ferc_PurchasesSalesOfAncillaryServicesLineItems" ns2:to="ferc_AncillaryServicesSoldNumberOfUnits" ns2:type="arc" />
        <ns0:loc ns2:href="../../ferc-core_2020-01-01.xsd#ferc_AncillaryServicesSoldUnitsOfMeasure" ns2:label="ferc_AncillaryServicesSoldUnitsOfMeasure" ns2:type="locator" />
        <ns0:definitionArc order="6" ns2:arcrole="http://xbrl.org/int/dim/arcrole/domain-member" ns2:from="ferc_PurchasesSalesOfAncillaryServicesLineItems" ns2:to="ferc_AncillaryServicesSoldUnitsOfMeasure" ns2:type="arc" />
        <ns0:loc ns2:href="../../ferc-core_2020-01-01.xsd#ferc_AncillaryServicesSoldAmount" ns2:label="ferc_AncillaryServicesSoldAmount" ns2:type="locator" />
        <ns0:definitionArc order="7" ns2:arcrole="http://xbrl.org/int/dim/arcrole/domain-member" ns2:from="ferc_PurchasesSalesOfAncillaryServicesLineItems" ns2:to="ferc_AncillaryServicesSoldAmount" ns2:type="arc" />
    </ns0:definitionLink>
    <ns0:definitionLink ns2:role="http://ferc.gov/form/2020-01-01/roles/Schedule/F1/SchedulePurchasesAndSalesOfAncillaryServices" ns2:type="extended">
        <ns0:loc ns2:href="../../ferc-core_2020-01-01.xsd#ferc_AncillaryServicesPurchasesAndSalesAxis" ns2:label="ferc_AncillaryServicesPurchasesAndSalesAxis" ns2:type="locator" />
        <ns0:loc ns2:href="../../ferc-core_2020-01-01.xsd#ferc_AncillaryServicesPurchasesAndSalesDomain" ns2:label="ferc_AncillaryServicesPurchasesAndSalesDomain" ns2:type="locator" />
        <ns0:definitionArc order="1" ns2:arcrole="http://xbrl.org/int/dim/arcrole/dimension-default" ns2:from="ferc_AncillaryServicesPurchasesAndSalesAxis" ns2:to="ferc_AncillaryServicesPurchasesAndSalesDomain" ns2:type="arc" />
    </ns0:definitionLink>
</ns0:linkbase>