<ns0:linkbase xmlns:ns0="http://www.xbrl.org/2003/linkbase" xmlns:ns2="http://www.w3.org/1999/xlink" xmlns:xsi="http://www.w3.org/2001/XMLSchema-instance" xsi:schemaLocation="http://www.xbrl.org/2003/linkbase http://www.xbrl.org/2003/xbrl-linkbase-2003-12-31.xsd">
    <ns0:roleRef roleURI="http://ferc.gov/form/2020-01-01/roles/Schedule/F1F/TableOfContents" ns2:href="form-1F-sched-TableOfContents_2020-01-01.xsd#roleType_TableOfContents" ns2:type="simple" />
    <ns0:roleRef roleURI="http://ferc.gov/form/2020-01-01/roles/label/F1FSubstitutePages" ns2:href="../../ferc-core-lab-roles_2020-01-01.xsd#F1FSubstitutePages" ns2:type="simple" />
    <ns0:roleRef roleURI="http://ferc.gov/form/2020-01-01/roles/label/F1FTableOfContents" ns2:href="../../ferc-core-lab-roles_2020-01-01.xsd#F1FTableOfContents" ns2:type="simple" />
    <ns0:presentationLink ns2:role="http://ferc.gov/form/2020-01-01/roles/Schedule/F1F/TableOfContents" ns2:type="extended">
        <ns0:loc ns2:href="../../ferc-core_2020-01-01.xsd#ferc_Form1FAbstract" ns2:label="ferc_Form1FAbstract" ns2:type="locator" />
        <ns0:loc ns2:href="../../ferc-core_2020-01-01.xsd#ferc_ScheduleListOfSchedulesAbstract" ns2:label="ferc_ScheduleListOfSchedulesAbstract" ns2:type="locator" />
        <ns0:presentationArc order="1" preferredLabel="http://ferc.gov/form/2020-01-01/roles/label/F1FTableOfContents" ns2:arcrole="http://www.xbrl.org/2003/arcrole/parent-child" ns2:from="ferc_Form1FAbstract" ns2:to="ferc_ScheduleListOfSchedulesAbstract" ns2:type="arc" />
        <ns0:loc ns2:href="../../ferc-core_2020-01-01.xsd#ferc_ScheduleInstructionsAbstract" ns2:label="ferc_ScheduleInstructionsAbstract" ns2:type="locator" />
        <ns0:presentationArc order="2" preferredLabel="http://ferc.gov/form/2020-01-01/roles/label/F1FTableOfContents" ns2:arcrole="http://www.xbrl.org/2003/arcrole/parent-child" ns2:from="ferc_Form1FAbstract" ns2:to="ferc_ScheduleInstructionsAbstract" ns2:type="arc" />
        <ns0:loc ns2:href="../../ferc-core_2020-01-01.xsd#ferc_ScheduleIdentificationAbstract" ns2:label="ferc_ScheduleIdentificationAbstract" ns2:type="locator" />
        <ns0:presentationArc order="3" preferredLabel="http://ferc.gov/form/2020-01-01/roles/label/F1FTableOfContents" ns2:arcrole="http://www.xbrl.org/2003/arcrole/parent-child" ns2:from="ferc_Form1FAbstract" ns2:to="ferc_ScheduleIdentificationAbstract" ns2:type="arc" />
        <ns0:loc ns2:href="../../ferc-core_2020-01-01.xsd#ferc_ScheduleAnnualReportCorporateOfficerCertificationAbstract" ns2:label="ferc_ScheduleAnnualReportCorporateOfficerCertificationAbstract" ns2:type="locator" />
        <ns0:presentationArc order="4" preferredLabel="http://ferc.gov/form/2020-01-01/roles/label/F1FTableOfContents" ns2:arcrole="http://www.xbrl.org/2003/arcrole/parent-child" ns2:from="ferc_Form1FAbstract" ns2:to="ferc_ScheduleAnnualReportCorporateOfficerCertificationAbstract" ns2:type="arc" />
        <ns0:loc ns2:href="../../ferc-core_2020-01-01.xsd#ferc_ScheduleComparativeBalanceSheetAssetsAndOtherDebitsAbstract" ns2:label="ferc_ScheduleComparativeBalanceSheetAssetsAndOtherDebitsAbstract" ns2:type="locator" />
        <ns0:presentationArc order="5" preferredLabel="http://ferc.gov/form/2020-01-01/roles/label/F1FTableOfContents" ns2:arcrole="http://www.xbrl.org/2003/arcrole/parent-child" ns2:from="ferc_Form1FAbstract" ns2:to="ferc_ScheduleComparativeBalanceSheetAssetsAndOtherDebitsAbstract" ns2:type="arc" />
        <ns0:loc ns2:href="../../ferc-core_2020-01-01.xsd#ferc_ScheduleStatementOfIncomeAbstract" ns2:label="ferc_ScheduleStatementOfIncomeAbstract" ns2:type="locator" />
        <ns0:presentationArc order="6" preferredLabel="http://ferc.gov/form/2020-01-01/roles/label/F1FTableOfContents" ns2:arcrole="http://www.xbrl.org/2003/arcrole/parent-child" ns2:from="ferc_Form1FAbstract" ns2:to="ferc_ScheduleStatementOfIncomeAbstract" ns2:type="arc" />
        <ns0:loc ns2:href="../../ferc-core_2020-01-01.xsd#ferc_ScheduleRetainedEarningsAbstract" ns2:label="ferc_ScheduleRetainedEarningsAbstract" ns2:type="locator" />
        <ns0:presentationArc order="7" preferredLabel="http://ferc.gov/form/2020-01-01/roles/label/F1FTableOfContents" ns2:arcrole="http://www.xbrl.org/2003/arcrole/parent-child" ns2:from="ferc_Form1FAbstract" ns2:to="ferc_ScheduleRetainedEarningsAbstract" ns2:type="arc" />
        <ns0:loc ns2:href="../../ferc-core_2020-01-01.xsd#ferc_ScheduleStatementOfCashFlowsAbstract" ns2:label="ferc_ScheduleStatementOfCashFlowsAbstract" ns2:type="locator" />
        <ns0:presentationArc order="8" preferredLabel="http://ferc.gov/form/2020-01-01/roles/label/F1FTableOfContents" ns2:arcrole="http://www.xbrl.org/2003/arcrole/parent-child" ns2:from="ferc_Form1FAbstract" ns2:to="ferc_ScheduleStatementOfCashFlowsAbstract" ns2:type="arc" />
        <ns0:loc ns2:href="../../ferc-core_2020-01-01.xsd#ferc_ScheduleStatementOfAccumulatedOtherComprehensiveIncomeAndHedgingActivitiesAbstract" ns2:label="ferc_ScheduleStatementOfAccumulatedOtherComprehensiveIncomeAndHedgingActivitiesAbstract" ns2:type="locator" />
        <ns0:presentationArc order="9" preferredLabel="http://ferc.gov/form/2020-01-01/roles/label/F1FTableOfContents" ns2:arcrole="http://www.xbrl.org/2003/arcrole/parent-child" ns2:from="ferc_Form1FAbstract" ns2:to="ferc_ScheduleStatementOfAccumulatedOtherComprehensiveIncomeAndHedgingActivitiesAbstract" ns2:type="arc" />
        <ns0:loc ns2:href="../../ferc-core_2020-01-01.xsd#ferc_ScheduleNotesToFinancialStatementsAbstract" ns2:label="ferc_ScheduleNotesToFinancialStatementsAbstract" ns2:type="locator" />
        <ns0:presentationArc order="10" preferredLabel="http://ferc.gov/form/2020-01-01/roles/label/F1FTableOfContents" ns2:arcrole="http://www.xbrl.org/2003/arcrole/parent-child" ns2:from="ferc_Form1FAbstract" ns2:to="ferc_ScheduleNotesToFinancialStatementsAbstract" ns2:type="arc" />
        <ns0:loc ns2:href="../../ferc-core_2020-01-01.xsd#ferc_ScheduleAllowanceInventoryAbstract" ns2:label="ferc_ScheduleAllowanceInventoryAbstract" ns2:type="locator" />
        <ns0:presentationArc order="11" preferredLabel="http://ferc.gov/form/2020-01-01/roles/label/F1FTableOfContents" ns2:arcrole="http://www.xbrl.org/2003/arcrole/parent-child" ns2:from="ferc_Form1FAbstract" ns2:to="ferc_ScheduleAllowanceInventoryAbstract" ns2:type="arc" />
        <ns0:loc ns2:href="../../ferc-core_2020-01-01.xsd#ferc_ScheduleOtherRegulatoryAssetsAbstract" ns2:label="ferc_ScheduleOtherRegulatoryAssetsAbstract" ns2:type="locator" />
        <ns0:presentationArc order="12" preferredLabel="http://ferc.gov/form/2020-01-01/roles/label/F1FTableOfContents" ns2:arcrole="http://www.xbrl.org/2003/arcrole/parent-child" ns2:from="ferc_Form1FAbstract" ns2:to="ferc_ScheduleOtherRegulatoryAssetsAbstract" ns2:type="arc" />
        <ns0:loc ns2:href="../../ferc-core_2020-01-01.xsd#ferc_ScheduleDataOnOfficersAndDirectorsAbstract" ns2:label="ferc_ScheduleDataOnOfficersAndDirectorsAbstract" ns2:type="locator" />
        <ns0:presentationArc order="13" preferredLabel="http://ferc.gov/form/2020-01-01/roles/label/F1FTableOfContents" ns2:arcrole="http://www.xbrl.org/2003/arcrole/parent-child" ns2:from="ferc_Form1FAbstract" ns2:to="ferc_ScheduleDataOnOfficersAndDirectorsAbstract" ns2:type="arc" />
        <ns0:loc ns2:href="../../ferc-core_2020-01-01.xsd#ferc_ScheduleAccumulatedProvisionForDepreciationAndAmortizationOfUtilityPlantAbstract" ns2:label="ferc_ScheduleAccumulatedProvisionForDepreciationAndAmortizationOfUtilityPlantAbstract" ns2:type="locator" />
        <ns0:presentationArc order="14" preferredLabel="http://ferc.gov/form/2020-01-01/roles/label/F1FTableOfContents" ns2:arcrole="http://www.xbrl.org/2003/arcrole/parent-child" ns2:from="ferc_Form1FAbstract" ns2:to="ferc_ScheduleAccumulatedProvisionForDepreciationAndAmortizationOfUtilityPlantAbstract" ns2:type="arc" />
        <ns0:loc ns2:href="../../ferc-core_2020-01-01.xsd#ferc_ScheduleCapitalStockAbstract" ns2:label="ferc_ScheduleCapitalStockAbstract" ns2:type="locator" />
        <ns0:presentationArc order="15" preferredLabel="http://ferc.gov/form/2020-01-01/roles/label/F1FTableOfContents" ns2:arcrole="http://www.xbrl.org/2003/arcrole/parent-child" ns2:from="ferc_Form1FAbstract" ns2:to="ferc_ScheduleCapitalStockAbstract" ns2:type="arc" />
        <ns0:loc ns2:href="../../ferc-core_2020-01-01.xsd#ferc_ScheduleLongTermDebtAbstract" ns2:label="ferc_ScheduleLongTermDebtAbstract" ns2:type="locator" />
        <ns0:presentationArc order="16" preferredLabel="http://ferc.gov/form/2020-01-01/roles/label/F1FTableOfContents" ns2:arcrole="http://www.xbrl.org/2003/arcrole/parent-child" ns2:from="ferc_Form1FAbstract" ns2:to="ferc_ScheduleLongTermDebtAbstract" ns2:type="arc" />
        <ns0:loc ns2:href="../../ferc-core_2020-01-01.xsd#ferc_ScheduleOtherRegulatoryLiabilitiesAbstract" ns2:label="ferc_ScheduleOtherRegulatoryLiabilitiesAbstract" ns2:type="locator" />
        <ns0:presentationArc order="17" preferredLabel="http://ferc.gov/form/2020-01-01/roles/label/F1FTableOfContents" ns2:arcrole="http://www.xbrl.org/2003/arcrole/parent-child" ns2:from="ferc_Form1FAbstract" ns2:to="ferc_ScheduleOtherRegulatoryLiabilitiesAbstract" ns2:type="arc" />
        <ns0:loc ns2:href="../../ferc-core_2020-01-01.xsd#ferc_ScheduleElectricSalesDataForTheYearAbstract" ns2:label="ferc_ScheduleElectricSalesDataForTheYearAbstract" ns2:type="locator" />
        <ns0:presentationArc order="18" preferredLabel="http://ferc.gov/form/2020-01-01/roles/label/F1FTableOfContents" ns2:arcrole="http://www.xbrl.org/2003/arcrole/parent-child" ns2:from="ferc_Form1FAbstract" ns2:to="ferc_ScheduleElectricSalesDataForTheYearAbstract" ns2:type="arc" />
        <ns0:loc ns2:href="../../ferc-core_2020-01-01.xsd#ferc_ScheduleElectricOperationsAndMaintenanceExpensesShortAbstract" ns2:label="ferc_ScheduleElectricOperationsAndMaintenanceExpensesShortAbstract" ns2:type="locator" />
        <ns0:presentationArc order="19" preferredLabel="http://ferc.gov/form/2020-01-01/roles/label/F1FTableOfContents" ns2:arcrole="http://www.xbrl.org/2003/arcrole/parent-child" ns2:from="ferc_Form1FAbstract" ns2:to="ferc_ScheduleElectricOperationsAndMaintenanceExpensesShortAbstract" ns2:type="arc" />
        <ns0:loc ns2:href="../../ferc-core_2020-01-01.xsd#ferc_ScheduleSalesForResaleShortAbstract" ns2:label="ferc_ScheduleSalesForResaleShortAbstract" ns2:type="locator" />
        <ns0:presentationArc order="20" preferredLabel="http://ferc.gov/form/2020-01-01/roles/label/F1FTableOfContents" ns2:arcrole="http://www.xbrl.org/2003/arcrole/parent-child" ns2:from="ferc_Form1FAbstract" ns2:to="ferc_ScheduleSalesForResaleShortAbstract" ns2:type="arc" />
        <ns0:loc ns2:href="../../ferc-core_2020-01-01.xsd#ferc_SchedulePurchasedPowerShortAbstract" ns2:label="ferc_SchedulePurchasedPowerShortAbstract" ns2:type="locator" />
        <ns0:presentationArc order="21" preferredLabel="http://ferc.gov/form/2020-01-01/roles/label/F1FTableOfContents" ns2:arcrole="http://www.xbrl.org/2003/arcrole/parent-child" ns2:from="ferc_Form1FAbstract" ns2:to="ferc_SchedulePurchasedPowerShortAbstract" ns2:type="arc" />
        <ns0:loc ns2:href="../../ferc-core_2020-01-01.xsd#ferc_ScheduleUtilityPlantDataAbstract" ns2:label="ferc_ScheduleUtilityPlantDataAbstract" ns2:type="locator" />
        <ns0:presentationArc order="22" preferredLabel="http://ferc.gov/form/2020-01-01/roles/label/F1FTableOfContents" ns2:arcrole="http://www.xbrl.org/2003/arcrole/parent-child" ns2:from="ferc_Form1FAbstract" ns2:to="ferc_ScheduleUtilityPlantDataAbstract" ns2:type="arc" />
        <ns0:loc ns2:href="../../ferc-core_2020-01-01.xsd#ferc_ScheduleFootnoteDataAbstract" ns2:label="ferc_ScheduleFootnoteDataAbstract" ns2:type="locator" />
        <ns0:presentationArc order="23" preferredLabel="http://ferc.gov/form/2020-01-01/roles/label/F1FTableOfContents" ns2:arcrole="http://www.xbrl.org/2003/arcrole/parent-child" ns2:from="ferc_Form1FAbstract" ns2:to="ferc_ScheduleFootnoteDataAbstract" ns2:type="arc" />
        <ns0:loc ns2:href="../../ferc-core_2020-01-01.xsd#ferc_SchedulePurchasesSalesOfAncillaryServicesAbstract" ns2:label="ferc_SchedulePurchasesSalesOfAncillaryServicesAbstract" ns2:type="locator" />
        <ns0:presentationArc order="24" preferredLabel="http://ferc.gov/form/2020-01-01/roles/label/F1FTableOfContents" ns2:arcrole="http://www.xbrl.org/2003/arcrole/parent-child" ns2:from="ferc_Form1FAbstract" ns2:to="ferc_SchedulePurchasesSalesOfAncillaryServicesAbstract" ns2:type="arc" />
        <ns0:loc ns2:href="../../ferc-core_2020-01-01.xsd#ferc_ScheduleMonthlyTransmissionSystemPeakLoadAbstract" ns2:label="ferc_ScheduleMonthlyTransmissionSystemPeakLoadAbstract" ns2:type="locator" />
        <ns0:presentationArc order="25" preferredLabel="http://ferc.gov/form/2020-01-01/roles/label/F1FTableOfContents" ns2:arcrole="http://www.xbrl.org/2003/arcrole/parent-child" ns2:from="ferc_Form1FAbstract" ns2:to="ferc_ScheduleMonthlyTransmissionSystemPeakLoadAbstract" ns2:type="arc" />
        <ns0:loc ns2:href="../../ferc-core_2020-01-01.xsd#ferc_ScheduleTransmissionServiceAndGenerationInterconnectionStudyCostsAbstract" ns2:label="ferc_ScheduleTransmissionServiceAndGenerationInterconnectionStudyCostsAbstract" ns2:type="locator" />
        <ns0:presentationArc order="26" preferredLabel="http://ferc.gov/form/2020-01-01/roles/label/F1FTableOfContents" ns2:arcrole="http://www.xbrl.org/2003/arcrole/parent-child" ns2:from="ferc_Form1FAbstract" ns2:to="ferc_ScheduleTransmissionServiceAndGenerationInterconnectionStudyCostsAbstract" ns2:type="arc" />
        <ns0:loc ns2:href="../../ferc-core_2020-01-01.xsd#ferc_ScheduleAmountsIncludedInIsoOrRtoSettlementAbstract" ns2:label="ferc_ScheduleAmountsIncludedInIsoOrRtoSettlementAbstract" ns2:type="locator" />
        <ns0:presentationArc order="27" preferredLabel="http://ferc.gov/form/2020-01-01/roles/label/F1FTableOfContents" ns2:arcrole="http://www.xbrl.org/2003/arcrole/parent-child" ns2:from="ferc_Form1FAbstract" ns2:to="ferc_ScheduleAmountsIncludedInIsoOrRtoSettlementAbstract" ns2:type="arc" />
        <ns0:loc ns2:href="../../ferc-core_2020-01-01.xsd#ferc_ScheduleEnergyStorageOperationsSmallPlantsAbstract" ns2:label="ferc_ScheduleEnergyStorageOperationsSmallPlantsAbstract" ns2:type="locator" />
        <ns0:presentationArc order="28" preferredLabel="http://ferc.gov/form/2020-01-01/roles/label/F1FTableOfContents" ns2:arcrole="http://www.xbrl.org/2003/arcrole/parent-child" ns2:from="ferc_Form1FAbstract" ns2:to="ferc_ScheduleEnergyStorageOperationsSmallPlantsAbstract" ns2:type="arc" />
        <ns0:loc ns2:href="../../ferc-core_2020-01-01.xsd#ferc_SubstitutePagesForNonmajorRespondentsUsingAccountsDesignatedForMajorClassificationAbstract" ns2:label="ferc_SubstitutePagesForNonmajorRespondentsUsingAccountsDesignatedForMajorClassificationAbstract" ns2:type="locator" />
        <ns0:presentationArc order="29" preferredLabel="http://ferc.gov/form/2020-01-01/roles/label/F1FTableOfContents" ns2:arcrole="http://www.xbrl.org/2003/arcrole/parent-child" ns2:from="ferc_Form1FAbstract" ns2:to="ferc_SubstitutePagesForNonmajorRespondentsUsingAccountsDesignatedForMajorClassificationAbstract" ns2:type="arc" />
        <ns0:loc ns2:href="../../ferc-core_2020-01-01.xsd#ferc_ScheduleComparativeBalanceSheetAbstract" ns2:label="ferc_ScheduleComparativeBalanceSheetAbstract" ns2:type="locator" />
        <ns0:presentationArc order="1" preferredLabel="http://ferc.gov/form/2020-01-01/roles/label/F1FSubstitutePages" ns2:arcrole="http://www.xbrl.org/2003/arcrole/parent-child" ns2:from="ferc_SubstitutePagesForNonmajorRespondentsUsingAccountsDesignatedForMajorClassificationAbstract" ns2:to="ferc_ScheduleComparativeBalanceSheetAbstract" ns2:type="arc" />
        <ns0:loc ns2:href="../../ferc-core_2020-01-01.xsd#ferc_ComparativeBalanceSheetMajorNonmajor" ns2:label="ferc_ComparativeBalanceSheetMajorNonmajor" ns2:type="locator" />
        <ns0:presentationArc order="1" ns2:arcrole="http://www.xbrl.org/2003/arcrole/parent-child" ns2:from="ferc_ScheduleComparativeBalanceSheetAbstract" ns2:to="ferc_ComparativeBalanceSheetMajorNonmajor" ns2:type="arc" />
        <ns0:presentationArc order="2" preferredLabel="http://ferc.gov/form/2020-01-01/roles/label/F1FSubstitutePages" ns2:arcrole="http://www.xbrl.org/2003/arcrole/parent-child" ns2:from="ferc_SubstitutePagesForNonmajorRespondentsUsingAccountsDesignatedForMajorClassificationAbstract" ns2:to="ferc_ScheduleStatementOfIncomeAbstract" ns2:type="arc" />
        <ns0:loc ns2:href="../../ferc-core_2020-01-01.xsd#ferc_StatementOfIncomeMajorNonmajor" ns2:label="ferc_StatementOfIncomeMajorNonmajor" ns2:type="locator" />
        <ns0:presentationArc order="1" ns2:arcrole="http://www.xbrl.org/2003/arcrole/parent-child" ns2:from="ferc_ScheduleStatementOfIncomeAbstract" ns2:to="ferc_StatementOfIncomeMajorNonmajor" ns2:type="arc" />
        <ns0:presentationArc order="3" preferredLabel="http://ferc.gov/form/2020-01-01/roles/label/F1FSubstitutePages" ns2:arcrole="http://www.xbrl.org/2003/arcrole/parent-child" ns2:from="ferc_SubstitutePagesForNonmajorRespondentsUsingAccountsDesignatedForMajorClassificationAbstract" ns2:to="ferc_ScheduleRetainedEarningsAbstract" ns2:type="arc" />
        <ns0:loc ns2:href="../../ferc-core_2020-01-01.xsd#ferc_StatementOfRetainedEarningsMajorNonmajor" ns2:label="ferc_StatementOfRetainedEarningsMajorNonmajor" ns2:type="locator" />
        <ns0:presentationArc order="1" ns2:arcrole="http://www.xbrl.org/2003/arcrole/parent-child" ns2:from="ferc_ScheduleRetainedEarningsAbstract" ns2:to="ferc_StatementOfRetainedEarningsMajorNonmajor" ns2:type="arc" />
        <ns0:loc ns2:href="../../ferc-core_2020-01-01.xsd#ferc_ScheduleSummaryOfUtilityPlantAndAccumulatedProvisionsForDepreciationAmortizationAndDepletionAbstract" ns2:label="ferc_ScheduleSummaryOfUtilityPlantAndAccumulatedProvisionsForDepreciationAmortizationAndDepletionAbstract" ns2:type="locator" />
        <ns0:presentationArc order="4" preferredLabel="http://ferc.gov/form/2020-01-01/roles/label/F1FSubstitutePages" ns2:arcrole="http://www.xbrl.org/2003/arcrole/parent-child" ns2:from="ferc_SubstitutePagesForNonmajorRespondentsUsingAccountsDesignatedForMajorClassificationAbstract" ns2:to="ferc_ScheduleSummaryOfUtilityPlantAndAccumulatedProvisionsForDepreciationAmortizationAndDepletionAbstract" ns2:type="arc" />
        <ns0:loc ns2:href="../../ferc-core_2020-01-01.xsd#ferc_UtilityPlantDataMajorNonmajor" ns2:label="ferc_UtilityPlantDataMajorNonmajor" ns2:type="locator" />
        <ns0:presentationArc order="1" ns2:arcrole="http://www.xbrl.org/2003/arcrole/parent-child" ns2:from="ferc_ScheduleSummaryOfUtilityPlantAndAccumulatedProvisionsForDepreciationAmortizationAndDepletionAbstract" ns2:to="ferc_UtilityPlantDataMajorNonmajor" ns2:type="arc" />
        <ns0:loc ns2:href="../../ferc-core_2020-01-01.xsd#ferc_ScheduleAccumulatedProvisionForDepreciationOfElectricUtilityPlantAbstract" ns2:label="ferc_ScheduleAccumulatedProvisionForDepreciationOfElectricUtilityPlantAbstract" ns2:type="locator" />
        <ns0:presentationArc order="5" preferredLabel="http://ferc.gov/form/2020-01-01/roles/label/F1FSubstitutePages" ns2:arcrole="http://www.xbrl.org/2003/arcrole/parent-child" ns2:from="ferc_SubstitutePagesForNonmajorRespondentsUsingAccountsDesignatedForMajorClassificationAbstract" ns2:to="ferc_ScheduleAccumulatedProvisionForDepreciationOfElectricUtilityPlantAbstract" ns2:type="arc" />
        <ns0:loc ns2:href="../../ferc-core_2020-01-01.xsd#ferc_AccumulatedProvisionForDepreciationAndAmortizationOfUtilityPlantMajorNonmajor" ns2:label="ferc_AccumulatedProvisionForDepreciationAndAmortizationOfUtilityPlantMajorNonmajor" ns2:type="locator" />
        <ns0:presentationArc order="1" ns2:arcrole="http://www.xbrl.org/2003/arcrole/parent-child" ns2:from="ferc_ScheduleAccumulatedProvisionForDepreciationOfElectricUtilityPlantAbstract" ns2:to="ferc_AccumulatedProvisionForDepreciationAndAmortizationOfUtilityPlantMajorNonmajor" ns2:type="arc" />
        <ns0:loc ns2:href="../../ferc-core_2020-01-01.xsd#ferc_ScheduleElectricOperatingRevenuesAbstract" ns2:label="ferc_ScheduleElectricOperatingRevenuesAbstract" ns2:type="locator" />
        <ns0:presentationArc order="6" preferredLabel="http://ferc.gov/form/2020-01-01/roles/label/F1FSubstitutePages" ns2:arcrole="http://www.xbrl.org/2003/arcrole/parent-child" ns2:from="ferc_SubstitutePagesForNonmajorRespondentsUsingAccountsDesignatedForMajorClassificationAbstract" ns2:to="ferc_ScheduleElectricOperatingRevenuesAbstract" ns2:type="arc" />
        <ns0:loc ns2:href="../../ferc-core_2020-01-01.xsd#ferc_ElectricSalesDataMajorNonmajor" ns2:label="ferc_ElectricSalesDataMajorNonmajor" ns2:type="locator" />
        <ns0:presentationArc order="1" ns2:arcrole="http://www.xbrl.org/2003/arcrole/parent-child" ns2:from="ferc_ScheduleElectricOperatingRevenuesAbstract" ns2:to="ferc_ElectricSalesDataMajorNonmajor" ns2:type="arc" />
        <ns0:loc ns2:href="../../ferc-core_2020-01-01.xsd#ferc_ScheduleSalesForResaleAbstract" ns2:label="ferc_ScheduleSalesForResaleAbstract" ns2:type="locator" />
        <ns0:presentationArc order="7" preferredLabel="http://ferc.gov/form/2020-01-01/roles/label/F1FSubstitutePages" ns2:arcrole="http://www.xbrl.org/2003/arcrole/parent-child" ns2:from="ferc_SubstitutePagesForNonmajorRespondentsUsingAccountsDesignatedForMajorClassificationAbstract" ns2:to="ferc_ScheduleSalesForResaleAbstract" ns2:type="arc" />
        <ns0:loc ns2:href="../../ferc-core_2020-01-01.xsd#ferc_SalesForResaleMajorNonmajor" ns2:label="ferc_SalesForResaleMajorNonmajor" ns2:type="locator" />
        <ns0:presentationArc order="1" ns2:arcrole="http://www.xbrl.org/2003/arcrole/parent-child" ns2:from="ferc_ScheduleSalesForResaleAbstract" ns2:to="ferc_SalesForResaleMajorNonmajor" ns2:type="arc" />
        <ns0:loc ns2:href="../../ferc-core_2020-01-01.xsd#ferc_ScheduleElectricOperationsAndMaintenanceExpensesAbstract" ns2:label="ferc_ScheduleElectricOperationsAndMaintenanceExpensesAbstract" ns2:type="locator" />
        <ns0:presentationArc order="8" preferredLabel="http://ferc.gov/form/2020-01-01/roles/label/F1FSubstitutePages" ns2:arcrole="http://www.xbrl.org/2003/arcrole/parent-child" ns2:from="ferc_SubstitutePagesForNonmajorRespondentsUsingAccountsDesignatedForMajorClassificationAbstract" ns2:to="ferc_ScheduleElectricOperationsAndMaintenanceExpensesAbstract" ns2:type="arc" />
        <ns0:loc ns2:href="../../ferc-core_2020-01-01.xsd#ferc_ElectricOperationAndMaintanenanceExpensesMajorNonmajor" ns2:label="ferc_ElectricOperationAndMaintanenanceExpensesMajorNonmajor" ns2:type="locator" />
        <ns0:presentationArc order="1" ns2:arcrole="http://www.xbrl.org/2003/arcrole/parent-child" ns2:from="ferc_ScheduleElectricOperationsAndMaintenanceExpensesAbstract" ns2:to="ferc_ElectricOperationAndMaintanenanceExpensesMajorNonmajor" ns2:type="arc" />
        <ns0:loc ns2:href="../../ferc-core_2020-01-01.xsd#ferc_SchedulePurchasedPowerAbstract" ns2:label="ferc_SchedulePurchasedPowerAbstract" ns2:type="locator" />
        <ns0:presentationArc order="9" preferredLabel="http://ferc.gov/form/2020-01-01/roles/label/F1FSubstitutePages" ns2:arcrole="http://www.xbrl.org/2003/arcrole/parent-child" ns2:from="ferc_SubstitutePagesForNonmajorRespondentsUsingAccountsDesignatedForMajorClassificationAbstract" ns2:to="ferc_SchedulePurchasedPowerAbstract" ns2:type="arc" />
        <ns0:loc ns2:href="../../ferc-core_2020-01-01.xsd#ferc_PurchasedPowerMajorNonmajor" ns2:label="ferc_PurchasedPowerMajorNonmajor" ns2:type="locator" />
        <ns0:presentationArc order="1" ns2:arcrole="http://www.xbrl.org/2003/arcrole/parent-child" ns2:from="ferc_SchedulePurchasedPowerAbstract" ns2:to="ferc_PurchasedPowerMajorNonmajor" ns2:type="arc" />
    </ns0:presentationLink>
</ns0:linkbase>