<ns0:linkbase xmlns:ns0="http://www.xbrl.org/2003/linkbase" xmlns:ns2="http://www.w3.org/1999/xlink" xmlns:xsi="http://www.w3.org/2001/XMLSchema-instance" xsi:schemaLocation="http://www.xbrl.org/2003/linkbase http://www.xbrl.org/2003/xbrl-linkbase-2003-12-31.xsd">
    <ns0:roleRef roleURI="http://ferc.gov/form/2020-01-01/roles/Schedule/F1F/ElectricSalesDataForTheYear" ns2:href="form-1F-sched-ElectricSalesDataForTheYear_2020-01-01.xsd#roleType_ElectricSalesDataForTheYear" ns2:type="simple" />
    <ns0:calculationLink ns2:role="http://ferc.gov/form/2020-01-01/roles/Schedule/F1F/ElectricSalesDataForTheYear" ns2:type="extended">
        <ns0:loc ns2:href="../../ferc-core_2020-01-01.xsd#ferc_SalesToUltimateConsumers" ns2:label="ferc_SalesToUltimateConsumers" ns2:type="locator" />
        <ns0:loc ns2:href="../../ferc-core_2020-01-01.xsd#ferc_ResidentialSales" ns2:label="ferc_ResidentialSales" ns2:type="locator" />
        <ns0:calculationArc order="1" weight="1" ns2:arcrole="http://www.xbrl.org/2003/arcrole/summation-item" ns2:from="ferc_SalesToUltimateConsumers" ns2:to="ferc_ResidentialSales" ns2:type="arc" />
        <ns0:loc ns2:href="../../ferc-core_2020-01-01.xsd#ferc_CommercialAndIndustrialSalesRevenues" ns2:label="ferc_CommercialAndIndustrialSalesRevenues" ns2:type="locator" />
        <ns0:calculationArc order="1" weight="1" ns2:arcrole="http://www.xbrl.org/2003/arcrole/summation-item" ns2:from="ferc_SalesToUltimateConsumers" ns2:to="ferc_CommercialAndIndustrialSalesRevenues" ns2:type="arc" />
        <ns0:loc ns2:href="../../ferc-core_2020-01-01.xsd#ferc_PublicStreetAndHighwayLighting" ns2:label="ferc_PublicStreetAndHighwayLighting" ns2:type="locator" />
        <ns0:calculationArc order="1" weight="1" ns2:arcrole="http://www.xbrl.org/2003/arcrole/summation-item" ns2:from="ferc_SalesToUltimateConsumers" ns2:to="ferc_PublicStreetAndHighwayLighting" ns2:type="arc" />
        <ns0:loc ns2:href="../../ferc-core_2020-01-01.xsd#ferc_InterdepartmentalSales" ns2:label="ferc_InterdepartmentalSales" ns2:type="locator" />
        <ns0:calculationArc order="1" weight="1" ns2:arcrole="http://www.xbrl.org/2003/arcrole/summation-item" ns2:from="ferc_SalesToUltimateConsumers" ns2:to="ferc_InterdepartmentalSales" ns2:type="arc" />
        <ns0:loc ns2:href="../../ferc-core_2020-01-01.xsd#ferc_OtherSalesToPublicAuthorities" ns2:label="ferc_OtherSalesToPublicAuthorities" ns2:type="locator" />
        <ns0:calculationArc order="1" weight="1" ns2:arcrole="http://www.xbrl.org/2003/arcrole/summation-item" ns2:from="ferc_SalesToUltimateConsumers" ns2:to="ferc_OtherSalesToPublicAuthorities" ns2:type="arc" />
        <ns0:loc ns2:href="../../ferc-core_2020-01-01.xsd#ferc_SalesOfElectricity" ns2:label="ferc_SalesOfElectricity" ns2:type="locator" />
        <ns0:calculationArc order="1" weight="1" ns2:arcrole="http://www.xbrl.org/2003/arcrole/summation-item" ns2:from="ferc_SalesOfElectricity" ns2:to="ferc_SalesToUltimateConsumers" ns2:type="arc" />
        <ns0:loc ns2:href="../../ferc-core_2020-01-01.xsd#ferc_SalesForResale" ns2:label="ferc_SalesForResale" ns2:type="locator" />
        <ns0:calculationArc order="1" weight="1" ns2:arcrole="http://www.xbrl.org/2003/arcrole/summation-item" ns2:from="ferc_SalesOfElectricity" ns2:to="ferc_SalesForResale" ns2:type="arc" />
    </ns0:calculationLink>
</ns0:linkbase>