<ns0:linkbase xmlns:ns0="http://www.xbrl.org/2003/linkbase" xmlns:ns2="http://www.w3.org/1999/xlink" xmlns:xsi="http://www.w3.org/2001/XMLSchema-instance" xsi:schemaLocation="http://www.xbrl.org/2003/linkbase http://www.xbrl.org/2003/xbrl-linkbase-2003-12-31.xsd">
    <ns0:roleRef roleURI="http://ferc.gov/form/2020-01-01/roles/Schedule/F1F/ElectricSalesDataForTheYearOther" ns2:href="form-1F-sched-ElectricSalesDataForTheYear_2020-01-01.xsd#roleType_ElectricSalesDataForTheYearOther" ns2:type="simple" />
    <ns0:roleRef roleURI="http://ferc.gov/form/2020-01-01/roles/label/F1FElectricSalesDataForTheYear" ns2:href="../../ferc-core-lab-roles_2020-01-01.xsd#F1FElectricSalesDataForTheYear" ns2:type="simple" />
    <ns0:roleRef roleURI="http://ferc.gov/form/2020-01-01/roles/Schedule/F1F/ElectricSalesDataForTheYear" ns2:href="form-1F-sched-ElectricSalesDataForTheYear_2020-01-01.xsd#roleType_ElectricSalesDataForTheYear" ns2:type="simple" />
    <ns0:roleRef roleURI="http://ferc.gov/form/2020-01-01/roles/label/F1FRollforwardHeader" ns2:href="../../ferc-core-lab-roles_2020-01-01.xsd#F1FRollforwardHeader" ns2:type="simple" />
    <ns0:roleRef roleURI="http://ferc.gov/form/2020-01-01/roles/label/F1FTotal" ns2:href="../../ferc-core-lab-roles_2020-01-01.xsd#F1FTotal" ns2:type="simple" />
    <ns0:presentationLink ns2:role="http://ferc.gov/form/2020-01-01/roles/Schedule/F1F/ElectricSalesDataForTheYear" ns2:type="extended">
        <ns0:loc ns2:href="../../ferc-core_2020-01-01.xsd#ferc_ScheduleElectricSalesDataForTheYearAbstract" ns2:label="ferc_ScheduleElectricSalesDataForTheYearAbstract" ns2:type="locator" />
        <ns0:loc ns2:href="../../ferc-core_2020-01-01.xsd#ferc_ElectricSalesDataTable" ns2:label="ferc_ElectricSalesDataTable" ns2:type="locator" />
        <ns0:presentationArc order="1" ns2:arcrole="http://www.xbrl.org/2003/arcrole/parent-child" ns2:from="ferc_ScheduleElectricSalesDataForTheYearAbstract" ns2:to="ferc_ElectricSalesDataTable" ns2:type="arc" />
        <ns0:loc ns2:href="../../ferc-core_2020-01-01.xsd#ferc_ElectricSalesDataLineItems" ns2:label="ferc_ElectricSalesDataLineItems" ns2:type="locator" />
        <ns0:presentationArc order="1" ns2:arcrole="http://www.xbrl.org/2003/arcrole/parent-child" ns2:from="ferc_ElectricSalesDataTable" ns2:to="ferc_ElectricSalesDataLineItems" ns2:type="arc" />
        <ns0:loc ns2:href="../../ferc-core_2020-01-01.xsd#ferc_ResidentialSalesAbstract" ns2:label="ferc_ResidentialSalesAbstract" ns2:type="locator" />
        <ns0:presentationArc order="1" preferredLabel="http://ferc.gov/form/2020-01-01/roles/label/F1FRollforwardHeader" ns2:arcrole="http://www.xbrl.org/2003/arcrole/parent-child" ns2:from="ferc_ElectricSalesDataLineItems" ns2:to="ferc_ResidentialSalesAbstract" ns2:type="arc" />
        <ns0:loc ns2:href="../../ferc-core_2020-01-01.xsd#ferc_ResidentialSales" ns2:label="ferc_ResidentialSales" ns2:type="locator" />
        <ns0:presentationArc order="1" preferredLabel="http://ferc.gov/form/2020-01-01/roles/label/F1FElectricSalesDataForTheYear" ns2:arcrole="http://www.xbrl.org/2003/arcrole/parent-child" ns2:from="ferc_ResidentialSalesAbstract" ns2:to="ferc_ResidentialSales" ns2:type="arc" />
        <ns0:loc ns2:href="../../ferc-core_2020-01-01.xsd#ferc_ResidentialSalesKilowattHours" ns2:label="ferc_ResidentialSalesKilowattHours" ns2:type="locator" />
        <ns0:presentationArc order="2" preferredLabel="http://ferc.gov/form/2020-01-01/roles/label/F1FElectricSalesDataForTheYear" ns2:arcrole="http://www.xbrl.org/2003/arcrole/parent-child" ns2:from="ferc_ResidentialSalesAbstract" ns2:to="ferc_ResidentialSalesKilowattHours" ns2:type="arc" />
        <ns0:loc ns2:href="../../ferc-core_2020-01-01.xsd#ferc_AverageNumberOfCustomersPerMonthResidentialSales" ns2:label="ferc_AverageNumberOfCustomersPerMonthResidentialSales" ns2:type="locator" />
        <ns0:presentationArc order="3" preferredLabel="http://ferc.gov/form/2020-01-01/roles/label/F1FElectricSalesDataForTheYear" ns2:arcrole="http://www.xbrl.org/2003/arcrole/parent-child" ns2:from="ferc_ResidentialSalesAbstract" ns2:to="ferc_AverageNumberOfCustomersPerMonthResidentialSales" ns2:type="arc" />
        <ns0:loc ns2:href="../../ferc-core_2020-01-01.xsd#ferc_CommercialAndIndustrialSalesAbstract" ns2:label="ferc_CommercialAndIndustrialSalesAbstract" ns2:type="locator" />
        <ns0:presentationArc order="2" preferredLabel="http://ferc.gov/form/2020-01-01/roles/label/F1FRollforwardHeader" ns2:arcrole="http://www.xbrl.org/2003/arcrole/parent-child" ns2:from="ferc_ElectricSalesDataLineItems" ns2:to="ferc_CommercialAndIndustrialSalesAbstract" ns2:type="arc" />
        <ns0:loc ns2:href="../../ferc-core_2020-01-01.xsd#ferc_CommercialAndIndustrialSalesRevenues" ns2:label="ferc_CommercialAndIndustrialSalesRevenues" ns2:type="locator" />
        <ns0:presentationArc order="1" preferredLabel="http://ferc.gov/form/2020-01-01/roles/label/F1FElectricSalesDataForTheYear" ns2:arcrole="http://www.xbrl.org/2003/arcrole/parent-child" ns2:from="ferc_CommercialAndIndustrialSalesAbstract" ns2:to="ferc_CommercialAndIndustrialSalesRevenues" ns2:type="arc" />
        <ns0:loc ns2:href="../../ferc-core_2020-01-01.xsd#ferc_CommercialAndIndustrialSalesKilowattHours" ns2:label="ferc_CommercialAndIndustrialSalesKilowattHours" ns2:type="locator" />
        <ns0:presentationArc order="2" preferredLabel="http://ferc.gov/form/2020-01-01/roles/label/F1FElectricSalesDataForTheYear" ns2:arcrole="http://www.xbrl.org/2003/arcrole/parent-child" ns2:from="ferc_CommercialAndIndustrialSalesAbstract" ns2:to="ferc_CommercialAndIndustrialSalesKilowattHours" ns2:type="arc" />
        <ns0:loc ns2:href="../../ferc-core_2020-01-01.xsd#ferc_CommercialAndIndustrialSalesAverageNumberOfCustomers" ns2:label="ferc_CommercialAndIndustrialSalesAverageNumberOfCustomers" ns2:type="locator" />
        <ns0:presentationArc order="3" preferredLabel="http://ferc.gov/form/2020-01-01/roles/label/F1FElectricSalesDataForTheYear" ns2:arcrole="http://www.xbrl.org/2003/arcrole/parent-child" ns2:from="ferc_CommercialAndIndustrialSalesAbstract" ns2:to="ferc_CommercialAndIndustrialSalesAverageNumberOfCustomers" ns2:type="arc" />
        <ns0:loc ns2:href="../../ferc-core_2020-01-01.xsd#ferc_PublicStreetAndHighwayLightingAbstract" ns2:label="ferc_PublicStreetAndHighwayLightingAbstract" ns2:type="locator" />
        <ns0:presentationArc order="3" preferredLabel="http://ferc.gov/form/2020-01-01/roles/label/F1FRollforwardHeader" ns2:arcrole="http://www.xbrl.org/2003/arcrole/parent-child" ns2:from="ferc_ElectricSalesDataLineItems" ns2:to="ferc_PublicStreetAndHighwayLightingAbstract" ns2:type="arc" />
        <ns0:loc ns2:href="../../ferc-core_2020-01-01.xsd#ferc_PublicStreetAndHighwayLighting" ns2:label="ferc_PublicStreetAndHighwayLighting" ns2:type="locator" />
        <ns0:presentationArc order="1" preferredLabel="http://ferc.gov/form/2020-01-01/roles/label/F1FElectricSalesDataForTheYear" ns2:arcrole="http://www.xbrl.org/2003/arcrole/parent-child" ns2:from="ferc_PublicStreetAndHighwayLightingAbstract" ns2:to="ferc_PublicStreetAndHighwayLighting" ns2:type="arc" />
        <ns0:loc ns2:href="../../ferc-core_2020-01-01.xsd#ferc_PublicStreetAndHighwayLightingKilowattHours" ns2:label="ferc_PublicStreetAndHighwayLightingKilowattHours" ns2:type="locator" />
        <ns0:presentationArc order="2" preferredLabel="http://ferc.gov/form/2020-01-01/roles/label/F1FElectricSalesDataForTheYear" ns2:arcrole="http://www.xbrl.org/2003/arcrole/parent-child" ns2:from="ferc_PublicStreetAndHighwayLightingAbstract" ns2:to="ferc_PublicStreetAndHighwayLightingKilowattHours" ns2:type="arc" />
        <ns0:loc ns2:href="../../ferc-core_2020-01-01.xsd#ferc_AverageNumberOfCustomersPerMonthPublicStreetAndHighwayLighting" ns2:label="ferc_AverageNumberOfCustomersPerMonthPublicStreetAndHighwayLighting" ns2:type="locator" />
        <ns0:presentationArc order="3" preferredLabel="http://ferc.gov/form/2020-01-01/roles/label/F1FElectricSalesDataForTheYear" ns2:arcrole="http://www.xbrl.org/2003/arcrole/parent-child" ns2:from="ferc_PublicStreetAndHighwayLightingAbstract" ns2:to="ferc_AverageNumberOfCustomersPerMonthPublicStreetAndHighwayLighting" ns2:type="arc" />
        <ns0:loc ns2:href="../../ferc-core_2020-01-01.xsd#ferc_InterdepartmentalSalesAbstract" ns2:label="ferc_InterdepartmentalSalesAbstract" ns2:type="locator" />
        <ns0:presentationArc order="4" preferredLabel="http://ferc.gov/form/2020-01-01/roles/label/F1FRollforwardHeader" ns2:arcrole="http://www.xbrl.org/2003/arcrole/parent-child" ns2:from="ferc_ElectricSalesDataLineItems" ns2:to="ferc_InterdepartmentalSalesAbstract" ns2:type="arc" />
        <ns0:loc ns2:href="../../ferc-core_2020-01-01.xsd#ferc_InterdepartmentalSales" ns2:label="ferc_InterdepartmentalSales" ns2:type="locator" />
        <ns0:presentationArc order="1" preferredLabel="http://ferc.gov/form/2020-01-01/roles/label/F1FElectricSalesDataForTheYear" ns2:arcrole="http://www.xbrl.org/2003/arcrole/parent-child" ns2:from="ferc_InterdepartmentalSalesAbstract" ns2:to="ferc_InterdepartmentalSales" ns2:type="arc" />
        <ns0:loc ns2:href="../../ferc-core_2020-01-01.xsd#ferc_InterdepartmentalSalesKilowattHours" ns2:label="ferc_InterdepartmentalSalesKilowattHours" ns2:type="locator" />
        <ns0:presentationArc order="2" preferredLabel="http://ferc.gov/form/2020-01-01/roles/label/F1FElectricSalesDataForTheYear" ns2:arcrole="http://www.xbrl.org/2003/arcrole/parent-child" ns2:from="ferc_InterdepartmentalSalesAbstract" ns2:to="ferc_InterdepartmentalSalesKilowattHours" ns2:type="arc" />
        <ns0:loc ns2:href="../../ferc-core_2020-01-01.xsd#ferc_AverageNumberOfCustomersPerMonthInterdepartmentalSales" ns2:label="ferc_AverageNumberOfCustomersPerMonthInterdepartmentalSales" ns2:type="locator" />
        <ns0:presentationArc order="3" preferredLabel="http://ferc.gov/form/2020-01-01/roles/label/F1FElectricSalesDataForTheYear" ns2:arcrole="http://www.xbrl.org/2003/arcrole/parent-child" ns2:from="ferc_InterdepartmentalSalesAbstract" ns2:to="ferc_AverageNumberOfCustomersPerMonthInterdepartmentalSales" ns2:type="arc" />
        <ns0:loc ns2:href="../../ferc-core_2020-01-01.xsd#ferc_OtherSalesToPublicAuthoritiesAbstract" ns2:label="ferc_OtherSalesToPublicAuthoritiesAbstract" ns2:type="locator" />
        <ns0:presentationArc order="5" preferredLabel="http://ferc.gov/form/2020-01-01/roles/label/F1FRollforwardHeader" ns2:arcrole="http://www.xbrl.org/2003/arcrole/parent-child" ns2:from="ferc_ElectricSalesDataLineItems" ns2:to="ferc_OtherSalesToPublicAuthoritiesAbstract" ns2:type="arc" />
        <ns0:loc ns2:href="../../ferc-core_2020-01-01.xsd#ferc_OtherSalesToPublicAuthorities" ns2:label="ferc_OtherSalesToPublicAuthorities" ns2:type="locator" />
        <ns0:presentationArc order="1" preferredLabel="http://ferc.gov/form/2020-01-01/roles/label/F1FElectricSalesDataForTheYear" ns2:arcrole="http://www.xbrl.org/2003/arcrole/parent-child" ns2:from="ferc_OtherSalesToPublicAuthoritiesAbstract" ns2:to="ferc_OtherSalesToPublicAuthorities" ns2:type="arc" />
        <ns0:loc ns2:href="../../ferc-core_2020-01-01.xsd#ferc_OtherSalesKilowattHours" ns2:label="ferc_OtherSalesKilowattHours" ns2:type="locator" />
        <ns0:presentationArc order="2" preferredLabel="http://ferc.gov/form/2020-01-01/roles/label/F1FElectricSalesDataForTheYear" ns2:arcrole="http://www.xbrl.org/2003/arcrole/parent-child" ns2:from="ferc_OtherSalesToPublicAuthoritiesAbstract" ns2:to="ferc_OtherSalesKilowattHours" ns2:type="arc" />
        <ns0:loc ns2:href="../../ferc-core_2020-01-01.xsd#ferc_AverageNumberOfCustomersPerMonthOtherSalesToPublicAuthorities" ns2:label="ferc_AverageNumberOfCustomersPerMonthOtherSalesToPublicAuthorities" ns2:type="locator" />
        <ns0:presentationArc order="3" preferredLabel="http://ferc.gov/form/2020-01-01/roles/label/F1FElectricSalesDataForTheYear" ns2:arcrole="http://www.xbrl.org/2003/arcrole/parent-child" ns2:from="ferc_OtherSalesToPublicAuthoritiesAbstract" ns2:to="ferc_AverageNumberOfCustomersPerMonthOtherSalesToPublicAuthorities" ns2:type="arc" />
        <ns0:loc ns2:href="../../ferc-core_2020-01-01.xsd#ferc_SalesToUltimateConsumersAbstract" ns2:label="ferc_SalesToUltimateConsumersAbstract" ns2:type="locator" />
        <ns0:presentationArc order="6" preferredLabel="http://ferc.gov/form/2020-01-01/roles/label/F1FRollforwardHeader" ns2:arcrole="http://www.xbrl.org/2003/arcrole/parent-child" ns2:from="ferc_ElectricSalesDataLineItems" ns2:to="ferc_SalesToUltimateConsumersAbstract" ns2:type="arc" />
        <ns0:loc ns2:href="../../ferc-core_2020-01-01.xsd#ferc_SalesToUltimateConsumers" ns2:label="ferc_SalesToUltimateConsumers" ns2:type="locator" />
        <ns0:presentationArc order="1" preferredLabel="http://ferc.gov/form/2020-01-01/roles/label/F1FTotal" ns2:arcrole="http://www.xbrl.org/2003/arcrole/parent-child" ns2:from="ferc_SalesToUltimateConsumersAbstract" ns2:to="ferc_SalesToUltimateConsumers" ns2:type="arc" />
        <ns0:loc ns2:href="../../ferc-core_2020-01-01.xsd#ferc_KilowattHoursProvidedToUltimateCustomers" ns2:label="ferc_KilowattHoursProvidedToUltimateCustomers" ns2:type="locator" />
        <ns0:presentationArc order="2" preferredLabel="http://ferc.gov/form/2020-01-01/roles/label/F1FTotal" ns2:arcrole="http://www.xbrl.org/2003/arcrole/parent-child" ns2:from="ferc_SalesToUltimateConsumersAbstract" ns2:to="ferc_KilowattHoursProvidedToUltimateCustomers" ns2:type="arc" />
        <ns0:loc ns2:href="../../ferc-core_2020-01-01.xsd#ferc_AverageNumberOfCustomersPerMonthSalesToUltimateConsumers" ns2:label="ferc_AverageNumberOfCustomersPerMonthSalesToUltimateConsumers" ns2:type="locator" />
        <ns0:presentationArc order="3" preferredLabel="http://ferc.gov/form/2020-01-01/roles/label/F1FTotal" ns2:arcrole="http://www.xbrl.org/2003/arcrole/parent-child" ns2:from="ferc_SalesToUltimateConsumersAbstract" ns2:to="ferc_AverageNumberOfCustomersPerMonthSalesToUltimateConsumers" ns2:type="arc" />
        <ns0:loc ns2:href="../../ferc-core_2020-01-01.xsd#ferc_SalesForResaleAbstract" ns2:label="ferc_SalesForResaleAbstract" ns2:type="locator" />
        <ns0:presentationArc order="7" preferredLabel="http://ferc.gov/form/2020-01-01/roles/label/F1FRollforwardHeader" ns2:arcrole="http://www.xbrl.org/2003/arcrole/parent-child" ns2:from="ferc_ElectricSalesDataLineItems" ns2:to="ferc_SalesForResaleAbstract" ns2:type="arc" />
        <ns0:loc ns2:href="../../ferc-core_2020-01-01.xsd#ferc_SalesForResale" ns2:label="ferc_SalesForResale" ns2:type="locator" />
        <ns0:presentationArc order="1" preferredLabel="http://ferc.gov/form/2020-01-01/roles/label/F1FElectricSalesDataForTheYear" ns2:arcrole="http://www.xbrl.org/2003/arcrole/parent-child" ns2:from="ferc_SalesForResaleAbstract" ns2:to="ferc_SalesForResale" ns2:type="arc" />
        <ns0:loc ns2:href="../../ferc-core_2020-01-01.xsd#ferc_SalesForResaleKilowattHours" ns2:label="ferc_SalesForResaleKilowattHours" ns2:type="locator" />
        <ns0:presentationArc order="2" preferredLabel="http://ferc.gov/form/2020-01-01/roles/label/F1FElectricSalesDataForTheYear" ns2:arcrole="http://www.xbrl.org/2003/arcrole/parent-child" ns2:from="ferc_SalesForResaleAbstract" ns2:to="ferc_SalesForResaleKilowattHours" ns2:type="arc" />
        <ns0:loc ns2:href="../../ferc-core_2020-01-01.xsd#ferc_AverageNumberOfCustomersPerMonthSalesForResale" ns2:label="ferc_AverageNumberOfCustomersPerMonthSalesForResale" ns2:type="locator" />
        <ns0:presentationArc order="3" preferredLabel="http://ferc.gov/form/2020-01-01/roles/label/F1FElectricSalesDataForTheYear" ns2:arcrole="http://www.xbrl.org/2003/arcrole/parent-child" ns2:from="ferc_SalesForResaleAbstract" ns2:to="ferc_AverageNumberOfCustomersPerMonthSalesForResale" ns2:type="arc" />
        <ns0:loc ns2:href="../../ferc-core_2020-01-01.xsd#ferc_SalesOfElectricityAbstract" ns2:label="ferc_SalesOfElectricityAbstract" ns2:type="locator" />
        <ns0:presentationArc order="8" preferredLabel="http://ferc.gov/form/2020-01-01/roles/label/F1FRollforwardHeader" ns2:arcrole="http://www.xbrl.org/2003/arcrole/parent-child" ns2:from="ferc_ElectricSalesDataLineItems" ns2:to="ferc_SalesOfElectricityAbstract" ns2:type="arc" />
        <ns0:loc ns2:href="../../ferc-core_2020-01-01.xsd#ferc_SalesOfElectricity" ns2:label="ferc_SalesOfElectricity" ns2:type="locator" />
        <ns0:presentationArc order="1" preferredLabel="http://ferc.gov/form/2020-01-01/roles/label/F1FTotal" ns2:arcrole="http://www.xbrl.org/2003/arcrole/parent-child" ns2:from="ferc_SalesOfElectricityAbstract" ns2:to="ferc_SalesOfElectricity" ns2:type="arc" />
        <ns0:loc ns2:href="../../ferc-core_2020-01-01.xsd#ferc_SalesOfElectricityKilowattHours" ns2:label="ferc_SalesOfElectricityKilowattHours" ns2:type="locator" />
        <ns0:presentationArc order="2" preferredLabel="http://ferc.gov/form/2020-01-01/roles/label/F1FTotal" ns2:arcrole="http://www.xbrl.org/2003/arcrole/parent-child" ns2:from="ferc_SalesOfElectricityAbstract" ns2:to="ferc_SalesOfElectricityKilowattHours" ns2:type="arc" />
        <ns0:loc ns2:href="../../ferc-core_2020-01-01.xsd#ferc_AverageNumberOfCustomersPerMonthSalesOfElectricity" ns2:label="ferc_AverageNumberOfCustomersPerMonthSalesOfElectricity" ns2:type="locator" />
        <ns0:presentationArc order="3" preferredLabel="http://ferc.gov/form/2020-01-01/roles/label/F1FTotal" ns2:arcrole="http://www.xbrl.org/2003/arcrole/parent-child" ns2:from="ferc_SalesOfElectricityAbstract" ns2:to="ferc_AverageNumberOfCustomersPerMonthSalesOfElectricity" ns2:type="arc" />
        <ns0:loc ns2:href="../../ferc-core_2020-01-01.xsd#ferc_OtherOperatingRevenuesAbstract" ns2:label="ferc_OtherOperatingRevenuesAbstract" ns2:type="locator" />
        <ns0:presentationArc order="9" preferredLabel="http://ferc.gov/form/2020-01-01/roles/label/F1FElectricSalesDataForTheYear" ns2:arcrole="http://www.xbrl.org/2003/arcrole/parent-child" ns2:from="ferc_ElectricSalesDataLineItems" ns2:to="ferc_OtherOperatingRevenuesAbstract" ns2:type="arc" />
        <ns0:loc ns2:href="../../ferc-core_2020-01-01.xsd#ferc_ElectricOperatingRevenues" ns2:label="ferc_ElectricOperatingRevenues" ns2:type="locator" />
        <ns0:presentationArc order="10" preferredLabel="http://ferc.gov/form/2020-01-01/roles/label/F1FTotal" ns2:arcrole="http://www.xbrl.org/2003/arcrole/parent-child" ns2:from="ferc_ElectricSalesDataLineItems" ns2:to="ferc_ElectricOperatingRevenues" ns2:type="arc" />
    </ns0:presentationLink>
    <ns0:presentationLink ns2:role="http://ferc.gov/form/2020-01-01/roles/Schedule/F1F/ElectricSalesDataForTheYearOther" ns2:type="extended">
        <ns0:loc ns2:href="../../ferc-core_2020-01-01.xsd#ferc_ScheduleElectricSalesDataForTheYearAbstract" ns2:label="ferc_ScheduleElectricSalesDataForTheYearAbstract" ns2:type="locator" />
        <ns0:loc ns2:href="../../ferc-core_2020-01-01.xsd#ferc_OtherOperatingRevenuesTable" ns2:label="ferc_OtherOperatingRevenuesTable" ns2:type="locator" />
        <ns0:presentationArc order="1" ns2:arcrole="http://www.xbrl.org/2003/arcrole/parent-child" ns2:from="ferc_ScheduleElectricSalesDataForTheYearAbstract" ns2:to="ferc_OtherOperatingRevenuesTable" ns2:type="arc" />
        <ns0:loc ns2:href="../../ferc-core_2020-01-01.xsd#ferc_OtherOperatingRevenuesAxis" ns2:label="ferc_OtherOperatingRevenuesAxis" ns2:type="locator" />
        <ns0:presentationArc order="1" ns2:arcrole="http://www.xbrl.org/2003/arcrole/parent-child" ns2:from="ferc_OtherOperatingRevenuesTable" ns2:to="ferc_OtherOperatingRevenuesAxis" ns2:type="arc" />
        <ns0:loc ns2:href="../../ferc-core_2020-01-01.xsd#ferc_OtherOperatingRevenuesLineItems" ns2:label="ferc_OtherOperatingRevenuesLineItems" ns2:type="locator" />
        <ns0:presentationArc order="2" ns2:arcrole="http://www.xbrl.org/2003/arcrole/parent-child" ns2:from="ferc_OtherOperatingRevenuesTable" ns2:to="ferc_OtherOperatingRevenuesLineItems" ns2:type="arc" />
        <ns0:loc ns2:href="../../ferc-core_2020-01-01.xsd#ferc_OrderNumber" ns2:label="ferc_OrderNumber" ns2:type="locator" />
        <ns0:presentationArc order="1" ns2:arcrole="http://www.xbrl.org/2003/arcrole/parent-child" ns2:from="ferc_OtherOperatingRevenuesLineItems" ns2:to="ferc_OrderNumber" ns2:type="arc" />
        <ns0:loc ns2:href="../../ferc-core_2020-01-01.xsd#ferc_OtherOperatingRevenuesDescription" ns2:label="ferc_OtherOperatingRevenuesDescription" ns2:type="locator" />
        <ns0:presentationArc order="2" ns2:arcrole="http://www.xbrl.org/2003/arcrole/parent-child" ns2:from="ferc_OtherOperatingRevenuesLineItems" ns2:to="ferc_OtherOperatingRevenuesDescription" ns2:type="arc" />
        <ns0:loc ns2:href="../../ferc-core_2020-01-01.xsd#ferc_OtherOperatingRevenues" ns2:label="ferc_OtherOperatingRevenues" ns2:type="locator" />
        <ns0:presentationArc order="3" preferredLabel="http://ferc.gov/form/2020-01-01/roles/label/F1FElectricSalesDataForTheYear" ns2:arcrole="http://www.xbrl.org/2003/arcrole/parent-child" ns2:from="ferc_OtherOperatingRevenuesLineItems" ns2:to="ferc_OtherOperatingRevenues" ns2:type="arc" />
    </ns0:presentationLink>
</ns0:linkbase>