﻿<?xml version="1.0" encoding="utf-8"?>
<?taxonomy-version 2.9.0.1?> <?taxonomy-set-overall-version 2.9.0.1?>
<!--(C) EBA-->
<link:linkbase xmlns:xsi="http://www.w3.org/2001/XMLSchema-instance" xmlns:xlink="http://www.w3.org/1999/xlink" xmlns:link="http://www.xbrl.org/2003/linkbase" xmlns:xbrldt="http://xbrl.org/2005/xbrldt" xsi:schemaLocation="http://www.xbrl.org/2003/linkbase http://www.xbrl.org/2003/xbrl-linkbase-2003-12-31.xsd http://xbrl.org/2005/xbrldt http://www.xbrl.org/2005/xbrldt-2005.xsd">
  <link:arcroleRef arcroleURI="http://xbrl.org/int/dim/arcrole/domain-member" xlink:type="simple" xlink:href="http://www.xbrl.org/2005/xbrldt-2005.xsd#domain-member" />
  <link:definitionLink xlink:type="extended" xlink:role="http://www.xbrl.org/2003/role/link">
    <link:loc xlink:type="locator" xlink:href="../exp.xsd#eba_CG" xlink:label="loc_eba_CG" />
    <link:loc xlink:type="locator" xlink:href="mem.xsd#eba_x21" xlink:label="loc_eba_x21" />
    <link:definitionArc xlink:type="arc" xlink:arcrole="http://xbrl.org/int/dim/arcrole/domain-member" xlink:from="loc_eba_CG" xlink:to="loc_eba_x21" order="1" />
    <link:loc xlink:type="locator" xlink:href="mem.xsd#eba_x8" xlink:label="loc_eba_x8" />
    <link:definitionArc xlink:type="arc" xlink:arcrole="http://xbrl.org/int/dim/arcrole/domain-member" xlink:from="loc_eba_CG" xlink:to="loc_eba_x8" order="2" />
    <link:loc xlink:type="locator" xlink:href="mem.xsd#eba_x9" xlink:label="loc_eba_x9" />
    <link:definitionArc xlink:type="arc" xlink:arcrole="http://xbrl.org/int/dim/arcrole/domain-member" xlink:from="loc_eba_CG" xlink:to="loc_eba_x9" order="3" />
    <link:loc xlink:type="locator" xlink:href="mem.xsd#eba_x12" xlink:label="loc_eba_x12" />
    <link:definitionArc xlink:type="arc" xlink:arcrole="http://xbrl.org/int/dim/arcrole/domain-member" xlink:from="loc_eba_CG" xlink:to="loc_eba_x12" order="4" />
    <link:loc xlink:type="locator" xlink:href="mem.xsd#eba_x13" xlink:label="loc_eba_x13" />
    <link:definitionArc xlink:type="arc" xlink:arcrole="http://xbrl.org/int/dim/arcrole/domain-member" xlink:from="loc_eba_CG" xlink:to="loc_eba_x13" order="5" />
    <link:loc xlink:type="locator" xlink:href="mem.xsd#eba_x15" xlink:label="loc_eba_x15" />
    <link:definitionArc xlink:type="arc" xlink:arcrole="http://xbrl.org/int/dim/arcrole/domain-member" xlink:from="loc_eba_CG" xlink:to="loc_eba_x15" order="6" />
    <link:loc xlink:type="locator" xlink:href="mem.xsd#eba_x0" xlink:label="loc_eba_x0" />
    <link:definitionArc xlink:type="arc" xlink:arcrole="http://xbrl.org/int/dim/arcrole/domain-member" xlink:from="loc_eba_CG" xlink:to="loc_eba_x0" order="7" />
    <link:loc xlink:type="locator" xlink:href="mem.xsd#eba_x16" xlink:label="loc_eba_x16" />
    <link:definitionArc xlink:type="arc" xlink:arcrole="http://xbrl.org/int/dim/arcrole/domain-member" xlink:from="loc_eba_CG" xlink:to="loc_eba_x16" order="8" />
    <link:loc xlink:type="locator" xlink:href="mem.xsd#eba_x17" xlink:label="loc_eba_x17" />
    <link:definitionArc xlink:type="arc" xlink:arcrole="http://xbrl.org/int/dim/arcrole/domain-member" xlink:from="loc_eba_CG" xlink:to="loc_eba_x17" order="9" />
    <link:loc xlink:type="locator" xlink:href="mem.xsd#eba_x18" xlink:label="loc_eba_x18" />
    <link:definitionArc xlink:type="arc" xlink:arcrole="http://xbrl.org/int/dim/arcrole/domain-member" xlink:from="loc_eba_CG" xlink:to="loc_eba_x18" order="10" />
    <link:loc xlink:type="locator" xlink:href="mem.xsd#eba_x19" xlink:label="loc_eba_x19" />
    <link:definitionArc xlink:type="arc" xlink:arcrole="http://xbrl.org/int/dim/arcrole/domain-member" xlink:from="loc_eba_CG" xlink:to="loc_eba_x19" order="11" />
    <link:loc xlink:type="locator" xlink:href="mem.xsd#eba_x20" xlink:label="loc_eba_x20" />
    <link:definitionArc xlink:type="arc" xlink:arcrole="http://xbrl.org/int/dim/arcrole/domain-member" xlink:from="loc_eba_CG" xlink:to="loc_eba_x20" order="12" />
    <link:loc xlink:type="locator" xlink:href="mem.xsd#eba_x22" xlink:label="loc_eba_x22" />
    <link:definitionArc xlink:type="arc" xlink:arcrole="http://xbrl.org/int/dim/arcrole/domain-member" xlink:from="loc_eba_CG" xlink:to="loc_eba_x22" order="13" />
    <link:loc xlink:type="locator" xlink:href="mem.xsd#eba_x23" xlink:label="loc_eba_x23" />
    <link:definitionArc xlink:type="arc" xlink:arcrole="http://xbrl.org/int/dim/arcrole/domain-member" xlink:from="loc_eba_CG" xlink:to="loc_eba_x23" order="14" />
    <link:loc xlink:type="locator" xlink:href="mem.xsd#eba_x24" xlink:label="loc_eba_x24" />
    <link:definitionArc xlink:type="arc" xlink:arcrole="http://xbrl.org/int/dim/arcrole/domain-member" xlink:from="loc_eba_CG" xlink:to="loc_eba_x24" order="15" />
    <link:loc xlink:type="locator" xlink:href="mem.xsd#eba_x25" xlink:label="loc_eba_x25" />
    <link:definitionArc xlink:type="arc" xlink:arcrole="http://xbrl.org/int/dim/arcrole/domain-member" xlink:from="loc_eba_CG" xlink:to="loc_eba_x25" order="16" />
    <link:loc xlink:type="locator" xlink:href="mem.xsd#eba_x26" xlink:label="loc_eba_x26" />
    <link:definitionArc xlink:type="arc" xlink:arcrole="http://xbrl.org/int/dim/arcrole/domain-member" xlink:from="loc_eba_CG" xlink:to="loc_eba_x26" order="17" />
    <link:loc xlink:type="locator" xlink:href="mem.xsd#eba_x27" xlink:label="loc_eba_x27" />
    <link:definitionArc xlink:type="arc" xlink:arcrole="http://xbrl.org/int/dim/arcrole/domain-member" xlink:from="loc_eba_CG" xlink:to="loc_eba_x27" order="18" />
  </link:definitionLink>
</link:linkbase>