<ns0:linkbase xmlns:ns0="http://www.xbrl.org/2003/linkbase" xmlns:ns2="http://www.w3.org/1999/xlink" xmlns:xsi="http://www.w3.org/2001/XMLSchema-instance" xsi:schemaLocation="http://www.xbrl.org/2003/linkbase http://www.xbrl.org/2003/xbrl-linkbase-2003-12-31.xsd">
    <ns0:roleRef roleURI="http://ferc.gov/form/2020-01-01/roles/Schedule/F1/ScheduleTransmisionLinesAddedDuringYearTotal" ns2:href="form-1-sched-ScheduleTransmisionLinesAddedDuringYear_2020-01-01.xsd#roleType_ScheduleTransmisionLinesAddedDuringYearTotal" ns2:type="simple" />
    <ns0:roleRef roleURI="http://ferc.gov/form/2020-01-01/roles/label/F1TransmissionLinesAdded" ns2:href="../../ferc-core-lab-roles_2020-01-01.xsd#F1TransmissionLinesAdded" ns2:type="simple" />
    <ns0:roleRef roleURI="http://ferc.gov/form/2020-01-01/roles/label/F1Total" ns2:href="../../ferc-core-lab-roles_2020-01-01.xsd#F1Total" ns2:type="simple" />
    <ns0:roleRef roleURI="http://ferc.gov/form/2020-01-01/roles/Schedule/F1/ScheduleTransmisionLinesAddedDuringYear" ns2:href="form-1-sched-ScheduleTransmisionLinesAddedDuringYear_2020-01-01.xsd#roleType_ScheduleTransmisionLinesAddedDuringYear" ns2:type="simple" />
    <ns0:presentationLink ns2:role="http://ferc.gov/form/2020-01-01/roles/Schedule/F1/ScheduleTransmisionLinesAddedDuringYear" ns2:type="extended">
        <ns0:loc ns2:href="../../ferc-core_2020-01-01.xsd#ferc_ScheduleTransmissionLinesAddedAbstract" ns2:label="ferc_ScheduleTransmissionLinesAddedAbstract" ns2:type="locator" />
        <ns0:loc ns2:href="../../ferc-core_2020-01-01.xsd#ferc_TransmissionLinesAddedTable" ns2:label="ferc_TransmissionLinesAddedTable" ns2:type="locator" />
        <ns0:presentationArc order="1" ns2:arcrole="http://www.xbrl.org/2003/arcrole/parent-child" ns2:from="ferc_ScheduleTransmissionLinesAddedAbstract" ns2:to="ferc_TransmissionLinesAddedTable" ns2:type="arc" />
        <ns0:loc ns2:href="../../ferc-core_2020-01-01.xsd#ferc_TransmissionLinesAddedAxis" ns2:label="ferc_TransmissionLinesAddedAxis" ns2:type="locator" />
        <ns0:presentationArc order="1" ns2:arcrole="http://www.xbrl.org/2003/arcrole/parent-child" ns2:from="ferc_TransmissionLinesAddedTable" ns2:to="ferc_TransmissionLinesAddedAxis" ns2:type="arc" />
        <ns0:loc ns2:href="../../ferc-core_2020-01-01.xsd#ferc_TransmissionLinesAddedLineItems" ns2:label="ferc_TransmissionLinesAddedLineItems" ns2:type="locator" />
        <ns0:presentationArc order="2" ns2:arcrole="http://www.xbrl.org/2003/arcrole/parent-child" ns2:from="ferc_TransmissionLinesAddedTable" ns2:to="ferc_TransmissionLinesAddedLineItems" ns2:type="arc" />
        <ns0:loc ns2:href="../../ferc-core_2020-01-01.xsd#ferc_OrderNumber" ns2:label="ferc_OrderNumber" ns2:type="locator" />
        <ns0:presentationArc order="1" ns2:arcrole="http://www.xbrl.org/2003/arcrole/parent-child" ns2:from="ferc_TransmissionLinesAddedLineItems" ns2:to="ferc_OrderNumber" ns2:type="arc" />
        <ns0:loc ns2:href="../../ferc-core_2020-01-01.xsd#ferc_TransmissionLineDesignationAbstract" ns2:label="ferc_TransmissionLineDesignationAbstract" ns2:type="locator" />
        <ns0:presentationArc order="2" ns2:arcrole="http://www.xbrl.org/2003/arcrole/parent-child" ns2:from="ferc_TransmissionLinesAddedLineItems" ns2:to="ferc_TransmissionLineDesignationAbstract" ns2:type="arc" />
        <ns0:loc ns2:href="../../ferc-core_2020-01-01.xsd#ferc_TransmissionLineStartPoint" ns2:label="ferc_TransmissionLineStartPoint" ns2:type="locator" />
        <ns0:presentationArc order="1" preferredLabel="http://ferc.gov/form/2020-01-01/roles/label/F1TransmissionLinesAdded" ns2:arcrole="http://www.xbrl.org/2003/arcrole/parent-child" ns2:from="ferc_TransmissionLineDesignationAbstract" ns2:to="ferc_TransmissionLineStartPoint" ns2:type="arc" />
        <ns0:loc ns2:href="../../ferc-core_2020-01-01.xsd#ferc_TransmissionLineEndPoint" ns2:label="ferc_TransmissionLineEndPoint" ns2:type="locator" />
        <ns0:presentationArc order="2" preferredLabel="http://ferc.gov/form/2020-01-01/roles/label/F1TransmissionLinesAdded" ns2:arcrole="http://www.xbrl.org/2003/arcrole/parent-child" ns2:from="ferc_TransmissionLineDesignationAbstract" ns2:to="ferc_TransmissionLineEndPoint" ns2:type="arc" />
        <ns0:loc ns2:href="../../ferc-core_2020-01-01.xsd#ferc_LengthOfTransmissionLineAdded" ns2:label="ferc_LengthOfTransmissionLineAdded" ns2:type="locator" />
        <ns0:presentationArc order="3" preferredLabel="http://ferc.gov/form/2020-01-01/roles/label/F1TransmissionLinesAdded" ns2:arcrole="http://www.xbrl.org/2003/arcrole/parent-child" ns2:from="ferc_TransmissionLineDesignationAbstract" ns2:to="ferc_LengthOfTransmissionLineAdded" ns2:type="arc" />
        <ns0:loc ns2:href="../../ferc-core_2020-01-01.xsd#ferc_SupportingStructureAbstract" ns2:label="ferc_SupportingStructureAbstract" ns2:type="locator" />
        <ns0:presentationArc order="3" ns2:arcrole="http://www.xbrl.org/2003/arcrole/parent-child" ns2:from="ferc_TransmissionLinesAddedLineItems" ns2:to="ferc_SupportingStructureAbstract" ns2:type="arc" />
        <ns0:loc ns2:href="../../ferc-core_2020-01-01.xsd#ferc_SupportingStructureOfTransmissionLineType" ns2:label="ferc_SupportingStructureOfTransmissionLineType" ns2:type="locator" />
        <ns0:presentationArc order="1" preferredLabel="http://ferc.gov/form/2020-01-01/roles/label/F1TransmissionLinesAdded" ns2:arcrole="http://www.xbrl.org/2003/arcrole/parent-child" ns2:from="ferc_SupportingStructureAbstract" ns2:to="ferc_SupportingStructureOfTransmissionLineType" ns2:type="arc" />
        <ns0:loc ns2:href="../../ferc-core_2020-01-01.xsd#ferc_AverageNumberOfSupportingStructuresOfTransmissionLinePerMiles" ns2:label="ferc_AverageNumberOfSupportingStructuresOfTransmissionLinePerMiles" ns2:type="locator" />
        <ns0:presentationArc order="2" preferredLabel="http://ferc.gov/form/2020-01-01/roles/label/F1TransmissionLinesAdded" ns2:arcrole="http://www.xbrl.org/2003/arcrole/parent-child" ns2:from="ferc_SupportingStructureAbstract" ns2:to="ferc_AverageNumberOfSupportingStructuresOfTransmissionLinePerMiles" ns2:type="arc" />
        <ns0:loc ns2:href="../../ferc-core_2020-01-01.xsd#ferc_CircuitsPerStructureAbstract" ns2:label="ferc_CircuitsPerStructureAbstract" ns2:type="locator" />
        <ns0:presentationArc order="4" ns2:arcrole="http://www.xbrl.org/2003/arcrole/parent-child" ns2:from="ferc_TransmissionLinesAddedLineItems" ns2:to="ferc_CircuitsPerStructureAbstract" ns2:type="arc" />
        <ns0:loc ns2:href="../../ferc-core_2020-01-01.xsd#ferc_NumberOfTransmissionCircuitsPerStructurePresent" ns2:label="ferc_NumberOfTransmissionCircuitsPerStructurePresent" ns2:type="locator" />
        <ns0:presentationArc order="1" preferredLabel="http://ferc.gov/form/2020-01-01/roles/label/F1TransmissionLinesAdded" ns2:arcrole="http://www.xbrl.org/2003/arcrole/parent-child" ns2:from="ferc_CircuitsPerStructureAbstract" ns2:to="ferc_NumberOfTransmissionCircuitsPerStructurePresent" ns2:type="arc" />
        <ns0:loc ns2:href="../../ferc-core_2020-01-01.xsd#ferc_NumberOfTransmissionCircuitsPerStructureUltimate" ns2:label="ferc_NumberOfTransmissionCircuitsPerStructureUltimate" ns2:type="locator" />
        <ns0:presentationArc order="2" preferredLabel="http://ferc.gov/form/2020-01-01/roles/label/F1TransmissionLinesAdded" ns2:arcrole="http://www.xbrl.org/2003/arcrole/parent-child" ns2:from="ferc_CircuitsPerStructureAbstract" ns2:to="ferc_NumberOfTransmissionCircuitsPerStructureUltimate" ns2:type="arc" />
        <ns0:loc ns2:href="../../ferc-core_2020-01-01.xsd#ferc_ConductorsAbstract" ns2:label="ferc_ConductorsAbstract" ns2:type="locator" />
        <ns0:presentationArc order="5" ns2:arcrole="http://www.xbrl.org/2003/arcrole/parent-child" ns2:from="ferc_TransmissionLinesAddedLineItems" ns2:to="ferc_ConductorsAbstract" ns2:type="arc" />
        <ns0:loc ns2:href="../../ferc-core_2020-01-01.xsd#ferc_ConductorSize" ns2:label="ferc_ConductorSize" ns2:type="locator" />
        <ns0:presentationArc order="1" ns2:arcrole="http://www.xbrl.org/2003/arcrole/parent-child" ns2:from="ferc_ConductorsAbstract" ns2:to="ferc_ConductorSize" ns2:type="arc" />
        <ns0:loc ns2:href="../../ferc-core_2020-01-01.xsd#ferc_ConductorSpecification" ns2:label="ferc_ConductorSpecification" ns2:type="locator" />
        <ns0:presentationArc order="2" ns2:arcrole="http://www.xbrl.org/2003/arcrole/parent-child" ns2:from="ferc_ConductorsAbstract" ns2:to="ferc_ConductorSpecification" ns2:type="arc" />
        <ns0:loc ns2:href="../../ferc-core_2020-01-01.xsd#ferc_ConductorConfigurationAndSpacing" ns2:label="ferc_ConductorConfigurationAndSpacing" ns2:type="locator" />
        <ns0:presentationArc order="3" ns2:arcrole="http://www.xbrl.org/2003/arcrole/parent-child" ns2:from="ferc_ConductorsAbstract" ns2:to="ferc_ConductorConfigurationAndSpacing" ns2:type="arc" />
        <ns0:loc ns2:href="../../ferc-core_2020-01-01.xsd#ferc_OperatingVoltageOfTransmissionLine" ns2:label="ferc_OperatingVoltageOfTransmissionLine" ns2:type="locator" />
        <ns0:presentationArc order="4" preferredLabel="http://ferc.gov/form/2020-01-01/roles/label/F1TransmissionLinesAdded" ns2:arcrole="http://www.xbrl.org/2003/arcrole/parent-child" ns2:from="ferc_ConductorsAbstract" ns2:to="ferc_OperatingVoltageOfTransmissionLine" ns2:type="arc" />
        <ns0:loc ns2:href="../../ferc-core_2020-01-01.xsd#ferc_TransmissionLineCostAbstract" ns2:label="ferc_TransmissionLineCostAbstract" ns2:type="locator" />
        <ns0:presentationArc order="6" ns2:arcrole="http://www.xbrl.org/2003/arcrole/parent-child" ns2:from="ferc_TransmissionLinesAddedLineItems" ns2:to="ferc_TransmissionLineCostAbstract" ns2:type="arc" />
        <ns0:loc ns2:href="../../ferc-core_2020-01-01.xsd#ferc_CostOfLandAndLandRightsTransmissionLinesAdded" ns2:label="ferc_CostOfLandAndLandRightsTransmissionLinesAdded" ns2:type="locator" />
        <ns0:presentationArc order="1" preferredLabel="http://ferc.gov/form/2020-01-01/roles/label/F1TransmissionLinesAdded" ns2:arcrole="http://www.xbrl.org/2003/arcrole/parent-child" ns2:from="ferc_TransmissionLineCostAbstract" ns2:to="ferc_CostOfLandAndLandRightsTransmissionLinesAdded" ns2:type="arc" />
        <ns0:loc ns2:href="../../ferc-core_2020-01-01.xsd#ferc_CostOfPolesTowersAndFixturesTransmissionLinesAdded" ns2:label="ferc_CostOfPolesTowersAndFixturesTransmissionLinesAdded" ns2:type="locator" />
        <ns0:presentationArc order="2" preferredLabel="http://ferc.gov/form/2020-01-01/roles/label/F1TransmissionLinesAdded" ns2:arcrole="http://www.xbrl.org/2003/arcrole/parent-child" ns2:from="ferc_TransmissionLineCostAbstract" ns2:to="ferc_CostOfPolesTowersAndFixturesTransmissionLinesAdded" ns2:type="arc" />
        <ns0:loc ns2:href="../../ferc-core_2020-01-01.xsd#ferc_CostOfConductorsAndDevicesTransmissionLinesAdded" ns2:label="ferc_CostOfConductorsAndDevicesTransmissionLinesAdded" ns2:type="locator" />
        <ns0:presentationArc order="3" preferredLabel="http://ferc.gov/form/2020-01-01/roles/label/F1TransmissionLinesAdded" ns2:arcrole="http://www.xbrl.org/2003/arcrole/parent-child" ns2:from="ferc_TransmissionLineCostAbstract" ns2:to="ferc_CostOfConductorsAndDevicesTransmissionLinesAdded" ns2:type="arc" />
        <ns0:loc ns2:href="../../ferc-core_2020-01-01.xsd#ferc_AssetRetirementCostsTransmissionLinesAdded" ns2:label="ferc_AssetRetirementCostsTransmissionLinesAdded" ns2:type="locator" />
        <ns0:presentationArc order="4" preferredLabel="http://ferc.gov/form/2020-01-01/roles/label/F1TransmissionLinesAdded" ns2:arcrole="http://www.xbrl.org/2003/arcrole/parent-child" ns2:from="ferc_TransmissionLineCostAbstract" ns2:to="ferc_AssetRetirementCostsTransmissionLinesAdded" ns2:type="arc" />
        <ns0:loc ns2:href="../../ferc-core_2020-01-01.xsd#ferc_CostOfTransmissionLinesAdded" ns2:label="ferc_CostOfTransmissionLinesAdded" ns2:type="locator" />
        <ns0:presentationArc order="5" preferredLabel="http://ferc.gov/form/2020-01-01/roles/label/F1Total" ns2:arcrole="http://www.xbrl.org/2003/arcrole/parent-child" ns2:from="ferc_TransmissionLineCostAbstract" ns2:to="ferc_CostOfTransmissionLinesAdded" ns2:type="arc" />
    </ns0:presentationLink>
    <ns0:presentationLink ns2:role="http://ferc.gov/form/2020-01-01/roles/Schedule/F1/ScheduleTransmisionLinesAddedDuringYearTotal" ns2:type="extended">
        <ns0:loc ns2:href="../../ferc-core_2020-01-01.xsd#ferc_ScheduleTransmissionLinesAddedAbstract" ns2:label="ferc_ScheduleTransmissionLinesAddedAbstract" ns2:type="locator" />
        <ns0:loc ns2:href="../../ferc-core_2020-01-01.xsd#ferc_TransmissionLinesAddedTable" ns2:label="ferc_TransmissionLinesAddedTable" ns2:type="locator" />
        <ns0:presentationArc order="1" ns2:arcrole="http://www.xbrl.org/2003/arcrole/parent-child" ns2:from="ferc_ScheduleTransmissionLinesAddedAbstract" ns2:to="ferc_TransmissionLinesAddedTable" ns2:type="arc" />
        <ns0:loc ns2:href="../../ferc-core_2020-01-01.xsd#ferc_TransmissionLinesAddedLineItems" ns2:label="ferc_TransmissionLinesAddedLineItems" ns2:type="locator" />
        <ns0:presentationArc order="1" ns2:arcrole="http://www.xbrl.org/2003/arcrole/parent-child" ns2:from="ferc_TransmissionLinesAddedTable" ns2:to="ferc_TransmissionLinesAddedLineItems" ns2:type="arc" />
        <ns0:loc ns2:href="../../ferc-core_2020-01-01.xsd#ferc_LengthOfTransmissionLineAdded" ns2:label="ferc_LengthOfTransmissionLineAdded" ns2:type="locator" />
        <ns0:presentationArc order="1" preferredLabel="http://ferc.gov/form/2020-01-01/roles/label/F1Total" ns2:arcrole="http://www.xbrl.org/2003/arcrole/parent-child" ns2:from="ferc_TransmissionLinesAddedLineItems" ns2:to="ferc_LengthOfTransmissionLineAdded" ns2:type="arc" />
        <ns0:loc ns2:href="../../ferc-core_2020-01-01.xsd#ferc_AverageNumberOfSupportingStructuresOfTransmissionLinePerMiles" ns2:label="ferc_AverageNumberOfSupportingStructuresOfTransmissionLinePerMiles" ns2:type="locator" />
        <ns0:presentationArc order="2" preferredLabel="http://ferc.gov/form/2020-01-01/roles/label/F1Total" ns2:arcrole="http://www.xbrl.org/2003/arcrole/parent-child" ns2:from="ferc_TransmissionLinesAddedLineItems" ns2:to="ferc_AverageNumberOfSupportingStructuresOfTransmissionLinePerMiles" ns2:type="arc" />
        <ns0:loc ns2:href="../../ferc-core_2020-01-01.xsd#ferc_CircuitsPerStructureAbstract" ns2:label="ferc_CircuitsPerStructureAbstract" ns2:type="locator" />
        <ns0:presentationArc order="3" ns2:arcrole="http://www.xbrl.org/2003/arcrole/parent-child" ns2:from="ferc_TransmissionLinesAddedLineItems" ns2:to="ferc_CircuitsPerStructureAbstract" ns2:type="arc" />
        <ns0:loc ns2:href="../../ferc-core_2020-01-01.xsd#ferc_NumberOfTransmissionCircuitsPerStructurePresent" ns2:label="ferc_NumberOfTransmissionCircuitsPerStructurePresent" ns2:type="locator" />
        <ns0:presentationArc order="1" preferredLabel="http://ferc.gov/form/2020-01-01/roles/label/F1Total" ns2:arcrole="http://www.xbrl.org/2003/arcrole/parent-child" ns2:from="ferc_CircuitsPerStructureAbstract" ns2:to="ferc_NumberOfTransmissionCircuitsPerStructurePresent" ns2:type="arc" />
        <ns0:loc ns2:href="../../ferc-core_2020-01-01.xsd#ferc_NumberOfTransmissionCircuitsPerStructureUltimate" ns2:label="ferc_NumberOfTransmissionCircuitsPerStructureUltimate" ns2:type="locator" />
        <ns0:presentationArc order="2" preferredLabel="http://ferc.gov/form/2020-01-01/roles/label/F1Total" ns2:arcrole="http://www.xbrl.org/2003/arcrole/parent-child" ns2:from="ferc_CircuitsPerStructureAbstract" ns2:to="ferc_NumberOfTransmissionCircuitsPerStructureUltimate" ns2:type="arc" />
        <ns0:loc ns2:href="../../ferc-core_2020-01-01.xsd#ferc_TransmissionLineCostAbstract" ns2:label="ferc_TransmissionLineCostAbstract" ns2:type="locator" />
        <ns0:presentationArc order="4" ns2:arcrole="http://www.xbrl.org/2003/arcrole/parent-child" ns2:from="ferc_TransmissionLinesAddedLineItems" ns2:to="ferc_TransmissionLineCostAbstract" ns2:type="arc" />
        <ns0:loc ns2:href="../../ferc-core_2020-01-01.xsd#ferc_CostOfLandAndLandRightsTransmissionLinesAdded" ns2:label="ferc_CostOfLandAndLandRightsTransmissionLinesAdded" ns2:type="locator" />
        <ns0:presentationArc order="1" preferredLabel="http://ferc.gov/form/2020-01-01/roles/label/F1Total" ns2:arcrole="http://www.xbrl.org/2003/arcrole/parent-child" ns2:from="ferc_TransmissionLineCostAbstract" ns2:to="ferc_CostOfLandAndLandRightsTransmissionLinesAdded" ns2:type="arc" />
        <ns0:loc ns2:href="../../ferc-core_2020-01-01.xsd#ferc_CostOfPolesTowersAndFixturesTransmissionLinesAdded" ns2:label="ferc_CostOfPolesTowersAndFixturesTransmissionLinesAdded" ns2:type="locator" />
        <ns0:presentationArc order="2" preferredLabel="http://ferc.gov/form/2020-01-01/roles/label/F1Total" ns2:arcrole="http://www.xbrl.org/2003/arcrole/parent-child" ns2:from="ferc_TransmissionLineCostAbstract" ns2:to="ferc_CostOfPolesTowersAndFixturesTransmissionLinesAdded" ns2:type="arc" />
        <ns0:loc ns2:href="../../ferc-core_2020-01-01.xsd#ferc_CostOfConductorsAndDevicesTransmissionLinesAdded" ns2:label="ferc_CostOfConductorsAndDevicesTransmissionLinesAdded" ns2:type="locator" />
        <ns0:presentationArc order="3" preferredLabel="http://ferc.gov/form/2020-01-01/roles/label/F1Total" ns2:arcrole="http://www.xbrl.org/2003/arcrole/parent-child" ns2:from="ferc_TransmissionLineCostAbstract" ns2:to="ferc_CostOfConductorsAndDevicesTransmissionLinesAdded" ns2:type="arc" />
        <ns0:loc ns2:href="../../ferc-core_2020-01-01.xsd#ferc_AssetRetirementCostsTransmissionLinesAdded" ns2:label="ferc_AssetRetirementCostsTransmissionLinesAdded" ns2:type="locator" />
        <ns0:presentationArc order="4" preferredLabel="http://ferc.gov/form/2020-01-01/roles/label/F1Total" ns2:arcrole="http://www.xbrl.org/2003/arcrole/parent-child" ns2:from="ferc_TransmissionLineCostAbstract" ns2:to="ferc_AssetRetirementCostsTransmissionLinesAdded" ns2:type="arc" />
        <ns0:loc ns2:href="../../ferc-core_2020-01-01.xsd#ferc_CostOfTransmissionLinesAdded" ns2:label="ferc_CostOfTransmissionLinesAdded" ns2:type="locator" />
        <ns0:presentationArc order="5" preferredLabel="http://ferc.gov/form/2020-01-01/roles/label/F1Total" ns2:arcrole="http://www.xbrl.org/2003/arcrole/parent-child" ns2:from="ferc_TransmissionLineCostAbstract" ns2:to="ferc_CostOfTransmissionLinesAdded" ns2:type="arc" />
    </ns0:presentationLink>
</ns0:linkbase>