﻿<?xml version="1.0" encoding="utf-8"?>
<?taxonomy-version 2.9.0.0 ?> <?taxonomy-set-overall-version 2.9.0.0 ?>
<!--(C) EBA-->
<link:linkbase xmlns:xsi="http://www.w3.org/2001/XMLSchema-instance" xmlns:xlink="http://www.w3.org/1999/xlink" xmlns:link="http://www.xbrl.org/2003/linkbase" xsi:schemaLocation="http://www.xbrl.org/2003/linkbase http://www.xbrl.org/2003/xbrl-linkbase-2003-12-31.xsd">
  <link:arcroleRef arcroleURI="http://www.eurofiling.info/xbrl/arcrole/complete-breakdown" xlink:type="simple" xlink:href="http://www.eurofiling.info/eu/fr/xbrl/ext/model.xsd#complete-breakdown" />
  <link:arcroleRef arcroleURI="http://www.eurofiling.info/xbrl/arcrole/partial-breakdown" xlink:type="simple" xlink:href="http://www.eurofiling.info/eu/fr/xbrl/ext/model.xsd#partial-breakdown" />
  <link:roleRef roleURI="http://www.eba.europa.eu/xbrl/crr/role/dict/dom/GA/GA1" xlink:type="simple" xlink:href="hier.xsd#eba_GA1" />
  <link:roleRef roleURI="http://www.eba.europa.eu/xbrl/crr/role/dict/dom/GA/GA2" xlink:type="simple" xlink:href="hier.xsd#eba_GA2" />
  <link:roleRef roleURI="http://www.eba.europa.eu/xbrl/crr/role/dict/dom/GA/GA3" xlink:type="simple" xlink:href="hier.xsd#eba_GA3" />
  <link:roleRef roleURI="http://www.eba.europa.eu/xbrl/crr/role/dict/dom/GA/GA4" xlink:type="simple" xlink:href="hier.xsd#eba_GA4" />
  <link:roleRef roleURI="http://www.eba.europa.eu/xbrl/crr/role/dict/dom/GA/GA4_1" xlink:type="simple" xlink:href="hier.xsd#eba_GA4_1" />
  <link:roleRef roleURI="http://www.eba.europa.eu/xbrl/crr/role/dict/dom/GA/GA5" xlink:type="simple" xlink:href="hier.xsd#eba_GA5" />
  <link:roleRef roleURI="http://www.eba.europa.eu/xbrl/crr/role/dict/dom/GA/GA5_1" xlink:type="simple" xlink:href="hier.xsd#eba_GA5_1" />
  <link:roleRef roleURI="http://www.eba.europa.eu/xbrl/crr/role/dict/dom/GA/GA5_2" xlink:type="simple" xlink:href="hier.xsd#eba_GA5_2" />
  <link:roleRef roleURI="http://www.eba.europa.eu/xbrl/crr/role/dict/dom/GA/GA6" xlink:type="simple" xlink:href="hier.xsd#eba_GA6" />
  <link:roleRef roleURI="http://www.eba.europa.eu/xbrl/crr/role/dict/dom/GA/GA6_1" xlink:type="simple" xlink:href="hier.xsd#eba_GA6_1" />
  <link:roleRef roleURI="http://www.eba.europa.eu/xbrl/crr/role/dict/dom/GA/GA7" xlink:type="simple" xlink:href="hier.xsd#eba_GA7" />
  <link:roleRef roleURI="http://www.eba.europa.eu/xbrl/crr/role/dict/dom/GA/GA8" xlink:type="simple" xlink:href="hier.xsd#eba_GA8" />
  <link:calculationLink xlink:type="extended" xlink:role="http://www.eba.europa.eu/xbrl/crr/role/dict/dom/GA/GA1">
    <link:loc xlink:type="locator" xlink:href="mem.xsd#eba_x0" xlink:label="loc_eba_x0" />
    <link:loc xlink:type="locator" xlink:href="mem.xsd#eba_AT" xlink:label="loc_eba_AT" />
    <link:calculationArc xlink:type="arc" xlink:arcrole="http://www.eurofiling.info/xbrl/arcrole/complete-breakdown" xlink:from="loc_eba_x0" xlink:to="loc_eba_AT" weight="1" order="1" />
    <link:loc xlink:type="locator" xlink:href="mem.xsd#eba_BE" xlink:label="loc_eba_BE" />
    <link:calculationArc xlink:type="arc" xlink:arcrole="http://www.eurofiling.info/xbrl/arcrole/complete-breakdown" xlink:from="loc_eba_x0" xlink:to="loc_eba_BE" weight="1" order="2" />
    <link:loc xlink:type="locator" xlink:href="mem.xsd#eba_BG" xlink:label="loc_eba_BG" />
    <link:calculationArc xlink:type="arc" xlink:arcrole="http://www.eurofiling.info/xbrl/arcrole/complete-breakdown" xlink:from="loc_eba_x0" xlink:to="loc_eba_BG" weight="1" order="3" />
    <link:loc xlink:type="locator" xlink:href="mem.xsd#eba_CY" xlink:label="loc_eba_CY" />
    <link:calculationArc xlink:type="arc" xlink:arcrole="http://www.eurofiling.info/xbrl/arcrole/complete-breakdown" xlink:from="loc_eba_x0" xlink:to="loc_eba_CY" weight="1" order="4" />
    <link:loc xlink:type="locator" xlink:href="mem.xsd#eba_CZ" xlink:label="loc_eba_CZ" />
    <link:calculationArc xlink:type="arc" xlink:arcrole="http://www.eurofiling.info/xbrl/arcrole/complete-breakdown" xlink:from="loc_eba_x0" xlink:to="loc_eba_CZ" weight="1" order="5" />
    <link:loc xlink:type="locator" xlink:href="mem.xsd#eba_DK" xlink:label="loc_eba_DK" />
    <link:calculationArc xlink:type="arc" xlink:arcrole="http://www.eurofiling.info/xbrl/arcrole/complete-breakdown" xlink:from="loc_eba_x0" xlink:to="loc_eba_DK" weight="1" order="6" />
    <link:loc xlink:type="locator" xlink:href="mem.xsd#eba_EE" xlink:label="loc_eba_EE" />
    <link:calculationArc xlink:type="arc" xlink:arcrole="http://www.eurofiling.info/xbrl/arcrole/complete-breakdown" xlink:from="loc_eba_x0" xlink:to="loc_eba_EE" weight="1" order="7" />
    <link:loc xlink:type="locator" xlink:href="mem.xsd#eba_FI" xlink:label="loc_eba_FI" />
    <link:calculationArc xlink:type="arc" xlink:arcrole="http://www.eurofiling.info/xbrl/arcrole/complete-breakdown" xlink:from="loc_eba_x0" xlink:to="loc_eba_FI" weight="1" order="8" />
    <link:loc xlink:type="locator" xlink:href="mem.xsd#eba_FR" xlink:label="loc_eba_FR" />
    <link:calculationArc xlink:type="arc" xlink:arcrole="http://www.eurofiling.info/xbrl/arcrole/complete-breakdown" xlink:from="loc_eba_x0" xlink:to="loc_eba_FR" weight="1" order="9" />
    <link:loc xlink:type="locator" xlink:href="mem.xsd#eba_DE" xlink:label="loc_eba_DE" />
    <link:calculationArc xlink:type="arc" xlink:arcrole="http://www.eurofiling.info/xbrl/arcrole/complete-breakdown" xlink:from="loc_eba_x0" xlink:to="loc_eba_DE" weight="1" order="10" />
    <link:loc xlink:type="locator" xlink:href="mem.xsd#eba_GR" xlink:label="loc_eba_GR" />
    <link:calculationArc xlink:type="arc" xlink:arcrole="http://www.eurofiling.info/xbrl/arcrole/complete-breakdown" xlink:from="loc_eba_x0" xlink:to="loc_eba_GR" weight="1" order="11" />
    <link:loc xlink:type="locator" xlink:href="mem.xsd#eba_HU" xlink:label="loc_eba_HU" />
    <link:calculationArc xlink:type="arc" xlink:arcrole="http://www.eurofiling.info/xbrl/arcrole/complete-breakdown" xlink:from="loc_eba_x0" xlink:to="loc_eba_HU" weight="1" order="12" />
    <link:loc xlink:type="locator" xlink:href="mem.xsd#eba_IE" xlink:label="loc_eba_IE" />
    <link:calculationArc xlink:type="arc" xlink:arcrole="http://www.eurofiling.info/xbrl/arcrole/complete-breakdown" xlink:from="loc_eba_x0" xlink:to="loc_eba_IE" weight="1" order="13" />
    <link:loc xlink:type="locator" xlink:href="mem.xsd#eba_IT" xlink:label="loc_eba_IT" />
    <link:calculationArc xlink:type="arc" xlink:arcrole="http://www.eurofiling.info/xbrl/arcrole/complete-breakdown" xlink:from="loc_eba_x0" xlink:to="loc_eba_IT" weight="1" order="14" />
    <link:loc xlink:type="locator" xlink:href="mem.xsd#eba_LV" xlink:label="loc_eba_LV" />
    <link:calculationArc xlink:type="arc" xlink:arcrole="http://www.eurofiling.info/xbrl/arcrole/complete-breakdown" xlink:from="loc_eba_x0" xlink:to="loc_eba_LV" weight="1" order="15" />
    <link:loc xlink:type="locator" xlink:href="mem.xsd#eba_LT" xlink:label="loc_eba_LT" />
    <link:calculationArc xlink:type="arc" xlink:arcrole="http://www.eurofiling.info/xbrl/arcrole/complete-breakdown" xlink:from="loc_eba_x0" xlink:to="loc_eba_LT" weight="1" order="16" />
    <link:loc xlink:type="locator" xlink:href="mem.xsd#eba_LU" xlink:label="loc_eba_LU" />
    <link:calculationArc xlink:type="arc" xlink:arcrole="http://www.eurofiling.info/xbrl/arcrole/complete-breakdown" xlink:from="loc_eba_x0" xlink:to="loc_eba_LU" weight="1" order="17" />
    <link:loc xlink:type="locator" xlink:href="mem.xsd#eba_MT" xlink:label="loc_eba_MT" />
    <link:calculationArc xlink:type="arc" xlink:arcrole="http://www.eurofiling.info/xbrl/arcrole/complete-breakdown" xlink:from="loc_eba_x0" xlink:to="loc_eba_MT" weight="1" order="18" />
    <link:loc xlink:type="locator" xlink:href="mem.xsd#eba_NL" xlink:label="loc_eba_NL" />
    <link:calculationArc xlink:type="arc" xlink:arcrole="http://www.eurofiling.info/xbrl/arcrole/complete-breakdown" xlink:from="loc_eba_x0" xlink:to="loc_eba_NL" weight="1" order="19" />
    <link:loc xlink:type="locator" xlink:href="mem.xsd#eba_PL" xlink:label="loc_eba_PL" />
    <link:calculationArc xlink:type="arc" xlink:arcrole="http://www.eurofiling.info/xbrl/arcrole/complete-breakdown" xlink:from="loc_eba_x0" xlink:to="loc_eba_PL" weight="1" order="20" />
    <link:loc xlink:type="locator" xlink:href="mem.xsd#eba_PT" xlink:label="loc_eba_PT" />
    <link:calculationArc xlink:type="arc" xlink:arcrole="http://www.eurofiling.info/xbrl/arcrole/complete-breakdown" xlink:from="loc_eba_x0" xlink:to="loc_eba_PT" weight="1" order="21" />
    <link:loc xlink:type="locator" xlink:href="mem.xsd#eba_RO" xlink:label="loc_eba_RO" />
    <link:calculationArc xlink:type="arc" xlink:arcrole="http://www.eurofiling.info/xbrl/arcrole/complete-breakdown" xlink:from="loc_eba_x0" xlink:to="loc_eba_RO" weight="1" order="22" />
    <link:loc xlink:type="locator" xlink:href="mem.xsd#eba_SK" xlink:label="loc_eba_SK" />
    <link:calculationArc xlink:type="arc" xlink:arcrole="http://www.eurofiling.info/xbrl/arcrole/complete-breakdown" xlink:from="loc_eba_x0" xlink:to="loc_eba_SK" weight="1" order="23" />
    <link:loc xlink:type="locator" xlink:href="mem.xsd#eba_SI" xlink:label="loc_eba_SI" />
    <link:calculationArc xlink:type="arc" xlink:arcrole="http://www.eurofiling.info/xbrl/arcrole/complete-breakdown" xlink:from="loc_eba_x0" xlink:to="loc_eba_SI" weight="1" order="24" />
    <link:loc xlink:type="locator" xlink:href="mem.xsd#eba_ES" xlink:label="loc_eba_ES" />
    <link:calculationArc xlink:type="arc" xlink:arcrole="http://www.eurofiling.info/xbrl/arcrole/complete-breakdown" xlink:from="loc_eba_x0" xlink:to="loc_eba_ES" weight="1" order="25" />
    <link:loc xlink:type="locator" xlink:href="mem.xsd#eba_SE" xlink:label="loc_eba_SE" />
    <link:calculationArc xlink:type="arc" xlink:arcrole="http://www.eurofiling.info/xbrl/arcrole/complete-breakdown" xlink:from="loc_eba_x0" xlink:to="loc_eba_SE" weight="1" order="26" />
    <link:loc xlink:type="locator" xlink:href="mem.xsd#eba_GB" xlink:label="loc_eba_GB" />
    <link:calculationArc xlink:type="arc" xlink:arcrole="http://www.eurofiling.info/xbrl/arcrole/complete-breakdown" xlink:from="loc_eba_x0" xlink:to="loc_eba_GB" weight="1" order="27" />
    <link:loc xlink:type="locator" xlink:href="mem.xsd#eba_AL" xlink:label="loc_eba_AL" />
    <link:calculationArc xlink:type="arc" xlink:arcrole="http://www.eurofiling.info/xbrl/arcrole/complete-breakdown" xlink:from="loc_eba_x0" xlink:to="loc_eba_AL" weight="1" order="28" />
    <link:loc xlink:type="locator" xlink:href="mem.xsd#eba_JP" xlink:label="loc_eba_JP" />
    <link:calculationArc xlink:type="arc" xlink:arcrole="http://www.eurofiling.info/xbrl/arcrole/complete-breakdown" xlink:from="loc_eba_x0" xlink:to="loc_eba_JP" weight="1" order="29" />
    <link:loc xlink:type="locator" xlink:href="mem.xsd#eba_MK" xlink:label="loc_eba_MK" />
    <link:calculationArc xlink:type="arc" xlink:arcrole="http://www.eurofiling.info/xbrl/arcrole/complete-breakdown" xlink:from="loc_eba_x0" xlink:to="loc_eba_MK" weight="1" order="30" />
    <link:loc xlink:type="locator" xlink:href="mem.xsd#eba_RU" xlink:label="loc_eba_RU" />
    <link:calculationArc xlink:type="arc" xlink:arcrole="http://www.eurofiling.info/xbrl/arcrole/complete-breakdown" xlink:from="loc_eba_x0" xlink:to="loc_eba_RU" weight="1" order="31" />
    <link:loc xlink:type="locator" xlink:href="mem.xsd#eba_RS" xlink:label="loc_eba_RS" />
    <link:calculationArc xlink:type="arc" xlink:arcrole="http://www.eurofiling.info/xbrl/arcrole/complete-breakdown" xlink:from="loc_eba_x0" xlink:to="loc_eba_RS" weight="1" order="32" />
    <link:loc xlink:type="locator" xlink:href="mem.xsd#eba_CH" xlink:label="loc_eba_CH" />
    <link:calculationArc xlink:type="arc" xlink:arcrole="http://www.eurofiling.info/xbrl/arcrole/complete-breakdown" xlink:from="loc_eba_x0" xlink:to="loc_eba_CH" weight="1" order="33" />
    <link:loc xlink:type="locator" xlink:href="mem.xsd#eba_TR" xlink:label="loc_eba_TR" />
    <link:calculationArc xlink:type="arc" xlink:arcrole="http://www.eurofiling.info/xbrl/arcrole/complete-breakdown" xlink:from="loc_eba_x0" xlink:to="loc_eba_TR" weight="1" order="34" />
    <link:loc xlink:type="locator" xlink:href="mem.xsd#eba_UA" xlink:label="loc_eba_UA" />
    <link:calculationArc xlink:type="arc" xlink:arcrole="http://www.eurofiling.info/xbrl/arcrole/complete-breakdown" xlink:from="loc_eba_x0" xlink:to="loc_eba_UA" weight="1" order="35" />
    <link:loc xlink:type="locator" xlink:href="mem.xsd#eba_US" xlink:label="loc_eba_US" />
    <link:calculationArc xlink:type="arc" xlink:arcrole="http://www.eurofiling.info/xbrl/arcrole/complete-breakdown" xlink:from="loc_eba_x0" xlink:to="loc_eba_US" weight="1" order="36" />
    <link:loc xlink:type="locator" xlink:href="mem.xsd#eba_NO" xlink:label="loc_eba_NO" />
    <link:calculationArc xlink:type="arc" xlink:arcrole="http://www.eurofiling.info/xbrl/arcrole/complete-breakdown" xlink:from="loc_eba_x0" xlink:to="loc_eba_NO" weight="1" order="37" />
    <link:loc xlink:type="locator" xlink:href="mem.xsd#eba_EG" xlink:label="loc_eba_EG" />
    <link:calculationArc xlink:type="arc" xlink:arcrole="http://www.eurofiling.info/xbrl/arcrole/complete-breakdown" xlink:from="loc_eba_x0" xlink:to="loc_eba_EG" weight="1" order="38" />
    <link:loc xlink:type="locator" xlink:href="mem.xsd#eba_IS" xlink:label="loc_eba_IS" />
    <link:calculationArc xlink:type="arc" xlink:arcrole="http://www.eurofiling.info/xbrl/arcrole/complete-breakdown" xlink:from="loc_eba_x0" xlink:to="loc_eba_IS" weight="1" order="39" />
    <link:loc xlink:type="locator" xlink:href="mem.xsd#eba_LI" xlink:label="loc_eba_LI" />
    <link:calculationArc xlink:type="arc" xlink:arcrole="http://www.eurofiling.info/xbrl/arcrole/complete-breakdown" xlink:from="loc_eba_x0" xlink:to="loc_eba_LI" weight="1" order="40" />
    <link:loc xlink:type="locator" xlink:href="mem.xsd#eba_x5" xlink:label="loc_eba_x5" />
    <link:calculationArc xlink:type="arc" xlink:arcrole="http://www.eurofiling.info/xbrl/arcrole/complete-breakdown" xlink:from="loc_eba_x0" xlink:to="loc_eba_x5" weight="1" order="41" />
    <link:loc xlink:type="locator" xlink:href="mem.xsd#eba_HR" xlink:label="loc_eba_HR" />
    <link:calculationArc xlink:type="arc" xlink:arcrole="http://www.eurofiling.info/xbrl/arcrole/complete-breakdown" xlink:from="loc_eba_x0" xlink:to="loc_eba_HR" weight="1" order="42" />
    <link:loc xlink:type="locator" xlink:href="mem.xsd#eba_x31" xlink:label="loc_eba_x31" />
    <link:calculationArc xlink:type="arc" xlink:arcrole="http://www.eurofiling.info/xbrl/arcrole/complete-breakdown" xlink:from="loc_eba_x0" xlink:to="loc_eba_x31" weight="1" order="43" />
  </link:calculationLink>
  <link:calculationLink xlink:type="extended" xlink:role="http://www.eba.europa.eu/xbrl/crr/role/dict/dom/GA/GA2" />
  <link:calculationLink xlink:type="extended" xlink:role="http://www.eba.europa.eu/xbrl/crr/role/dict/dom/GA/GA3" />
  <link:calculationLink xlink:type="extended" xlink:role="http://www.eba.europa.eu/xbrl/crr/role/dict/dom/GA/GA4" />
  <link:calculationLink xlink:type="extended" xlink:role="http://www.eba.europa.eu/xbrl/crr/role/dict/dom/GA/GA5" />
  <link:calculationLink xlink:type="extended" xlink:role="http://www.eba.europa.eu/xbrl/crr/role/dict/dom/GA/GA5_1" />
  <link:calculationLink xlink:type="extended" xlink:role="http://www.eba.europa.eu/xbrl/crr/role/dict/dom/GA/GA6">
    <link:loc xlink:type="locator" xlink:href="mem.xsd#eba_x0" xlink:label="loc_eba_x0" />
    <link:loc xlink:type="locator" xlink:href="mem.xsd#eba_AT" xlink:label="loc_eba_AT" />
    <link:calculationArc xlink:type="arc" xlink:arcrole="http://www.eurofiling.info/xbrl/arcrole/partial-breakdown" xlink:from="loc_eba_x0" xlink:to="loc_eba_AT" weight="1" order="1" />
    <link:loc xlink:type="locator" xlink:href="mem.xsd#eba_BE" xlink:label="loc_eba_BE" />
    <link:calculationArc xlink:type="arc" xlink:arcrole="http://www.eurofiling.info/xbrl/arcrole/partial-breakdown" xlink:from="loc_eba_x0" xlink:to="loc_eba_BE" weight="1" order="2" />
    <link:loc xlink:type="locator" xlink:href="mem.xsd#eba_BG" xlink:label="loc_eba_BG" />
    <link:calculationArc xlink:type="arc" xlink:arcrole="http://www.eurofiling.info/xbrl/arcrole/partial-breakdown" xlink:from="loc_eba_x0" xlink:to="loc_eba_BG" weight="1" order="3" />
    <link:loc xlink:type="locator" xlink:href="mem.xsd#eba_HR" xlink:label="loc_eba_HR" />
    <link:calculationArc xlink:type="arc" xlink:arcrole="http://www.eurofiling.info/xbrl/arcrole/partial-breakdown" xlink:from="loc_eba_x0" xlink:to="loc_eba_HR" weight="1" order="4" />
    <link:loc xlink:type="locator" xlink:href="mem.xsd#eba_CY" xlink:label="loc_eba_CY" />
    <link:calculationArc xlink:type="arc" xlink:arcrole="http://www.eurofiling.info/xbrl/arcrole/partial-breakdown" xlink:from="loc_eba_x0" xlink:to="loc_eba_CY" weight="1" order="5" />
    <link:loc xlink:type="locator" xlink:href="mem.xsd#eba_CZ" xlink:label="loc_eba_CZ" />
    <link:calculationArc xlink:type="arc" xlink:arcrole="http://www.eurofiling.info/xbrl/arcrole/partial-breakdown" xlink:from="loc_eba_x0" xlink:to="loc_eba_CZ" weight="1" order="6" />
    <link:loc xlink:type="locator" xlink:href="mem.xsd#eba_DK" xlink:label="loc_eba_DK" />
    <link:calculationArc xlink:type="arc" xlink:arcrole="http://www.eurofiling.info/xbrl/arcrole/partial-breakdown" xlink:from="loc_eba_x0" xlink:to="loc_eba_DK" weight="1" order="7" />
    <link:loc xlink:type="locator" xlink:href="mem.xsd#eba_EE" xlink:label="loc_eba_EE" />
    <link:calculationArc xlink:type="arc" xlink:arcrole="http://www.eurofiling.info/xbrl/arcrole/partial-breakdown" xlink:from="loc_eba_x0" xlink:to="loc_eba_EE" weight="1" order="8" />
    <link:loc xlink:type="locator" xlink:href="mem.xsd#eba_FI" xlink:label="loc_eba_FI" />
    <link:calculationArc xlink:type="arc" xlink:arcrole="http://www.eurofiling.info/xbrl/arcrole/partial-breakdown" xlink:from="loc_eba_x0" xlink:to="loc_eba_FI" weight="1" order="9" />
    <link:loc xlink:type="locator" xlink:href="mem.xsd#eba_FR" xlink:label="loc_eba_FR" />
    <link:calculationArc xlink:type="arc" xlink:arcrole="http://www.eurofiling.info/xbrl/arcrole/partial-breakdown" xlink:from="loc_eba_x0" xlink:to="loc_eba_FR" weight="1" order="10" />
    <link:loc xlink:type="locator" xlink:href="mem.xsd#eba_DE" xlink:label="loc_eba_DE" />
    <link:calculationArc xlink:type="arc" xlink:arcrole="http://www.eurofiling.info/xbrl/arcrole/partial-breakdown" xlink:from="loc_eba_x0" xlink:to="loc_eba_DE" weight="1" order="11" />
    <link:loc xlink:type="locator" xlink:href="mem.xsd#eba_GR" xlink:label="loc_eba_GR" />
    <link:calculationArc xlink:type="arc" xlink:arcrole="http://www.eurofiling.info/xbrl/arcrole/partial-breakdown" xlink:from="loc_eba_x0" xlink:to="loc_eba_GR" weight="1" order="12" />
    <link:loc xlink:type="locator" xlink:href="mem.xsd#eba_HU" xlink:label="loc_eba_HU" />
    <link:calculationArc xlink:type="arc" xlink:arcrole="http://www.eurofiling.info/xbrl/arcrole/partial-breakdown" xlink:from="loc_eba_x0" xlink:to="loc_eba_HU" weight="1" order="13" />
    <link:loc xlink:type="locator" xlink:href="mem.xsd#eba_IE" xlink:label="loc_eba_IE" />
    <link:calculationArc xlink:type="arc" xlink:arcrole="http://www.eurofiling.info/xbrl/arcrole/partial-breakdown" xlink:from="loc_eba_x0" xlink:to="loc_eba_IE" weight="1" order="14" />
    <link:loc xlink:type="locator" xlink:href="mem.xsd#eba_IT" xlink:label="loc_eba_IT" />
    <link:calculationArc xlink:type="arc" xlink:arcrole="http://www.eurofiling.info/xbrl/arcrole/partial-breakdown" xlink:from="loc_eba_x0" xlink:to="loc_eba_IT" weight="1" order="15" />
    <link:loc xlink:type="locator" xlink:href="mem.xsd#eba_LV" xlink:label="loc_eba_LV" />
    <link:calculationArc xlink:type="arc" xlink:arcrole="http://www.eurofiling.info/xbrl/arcrole/partial-breakdown" xlink:from="loc_eba_x0" xlink:to="loc_eba_LV" weight="1" order="16" />
    <link:loc xlink:type="locator" xlink:href="mem.xsd#eba_LT" xlink:label="loc_eba_LT" />
    <link:calculationArc xlink:type="arc" xlink:arcrole="http://www.eurofiling.info/xbrl/arcrole/partial-breakdown" xlink:from="loc_eba_x0" xlink:to="loc_eba_LT" weight="1" order="17" />
    <link:loc xlink:type="locator" xlink:href="mem.xsd#eba_LU" xlink:label="loc_eba_LU" />
    <link:calculationArc xlink:type="arc" xlink:arcrole="http://www.eurofiling.info/xbrl/arcrole/partial-breakdown" xlink:from="loc_eba_x0" xlink:to="loc_eba_LU" weight="1" order="18" />
    <link:loc xlink:type="locator" xlink:href="mem.xsd#eba_MT" xlink:label="loc_eba_MT" />
    <link:calculationArc xlink:type="arc" xlink:arcrole="http://www.eurofiling.info/xbrl/arcrole/partial-breakdown" xlink:from="loc_eba_x0" xlink:to="loc_eba_MT" weight="1" order="19" />
    <link:loc xlink:type="locator" xlink:href="mem.xsd#eba_NL" xlink:label="loc_eba_NL" />
    <link:calculationArc xlink:type="arc" xlink:arcrole="http://www.eurofiling.info/xbrl/arcrole/partial-breakdown" xlink:from="loc_eba_x0" xlink:to="loc_eba_NL" weight="1" order="20" />
    <link:loc xlink:type="locator" xlink:href="mem.xsd#eba_PL" xlink:label="loc_eba_PL" />
    <link:calculationArc xlink:type="arc" xlink:arcrole="http://www.eurofiling.info/xbrl/arcrole/partial-breakdown" xlink:from="loc_eba_x0" xlink:to="loc_eba_PL" weight="1" order="21" />
    <link:loc xlink:type="locator" xlink:href="mem.xsd#eba_PT" xlink:label="loc_eba_PT" />
    <link:calculationArc xlink:type="arc" xlink:arcrole="http://www.eurofiling.info/xbrl/arcrole/partial-breakdown" xlink:from="loc_eba_x0" xlink:to="loc_eba_PT" weight="1" order="22" />
    <link:loc xlink:type="locator" xlink:href="mem.xsd#eba_RO" xlink:label="loc_eba_RO" />
    <link:calculationArc xlink:type="arc" xlink:arcrole="http://www.eurofiling.info/xbrl/arcrole/partial-breakdown" xlink:from="loc_eba_x0" xlink:to="loc_eba_RO" weight="1" order="23" />
    <link:loc xlink:type="locator" xlink:href="mem.xsd#eba_SK" xlink:label="loc_eba_SK" />
    <link:calculationArc xlink:type="arc" xlink:arcrole="http://www.eurofiling.info/xbrl/arcrole/partial-breakdown" xlink:from="loc_eba_x0" xlink:to="loc_eba_SK" weight="1" order="24" />
    <link:loc xlink:type="locator" xlink:href="mem.xsd#eba_SI" xlink:label="loc_eba_SI" />
    <link:calculationArc xlink:type="arc" xlink:arcrole="http://www.eurofiling.info/xbrl/arcrole/partial-breakdown" xlink:from="loc_eba_x0" xlink:to="loc_eba_SI" weight="1" order="25" />
    <link:loc xlink:type="locator" xlink:href="mem.xsd#eba_ES" xlink:label="loc_eba_ES" />
    <link:calculationArc xlink:type="arc" xlink:arcrole="http://www.eurofiling.info/xbrl/arcrole/partial-breakdown" xlink:from="loc_eba_x0" xlink:to="loc_eba_ES" weight="1" order="26" />
    <link:loc xlink:type="locator" xlink:href="mem.xsd#eba_SE" xlink:label="loc_eba_SE" />
    <link:calculationArc xlink:type="arc" xlink:arcrole="http://www.eurofiling.info/xbrl/arcrole/partial-breakdown" xlink:from="loc_eba_x0" xlink:to="loc_eba_SE" weight="1" order="27" />
    <link:loc xlink:type="locator" xlink:href="mem.xsd#eba_GB" xlink:label="loc_eba_GB" />
    <link:calculationArc xlink:type="arc" xlink:arcrole="http://www.eurofiling.info/xbrl/arcrole/partial-breakdown" xlink:from="loc_eba_x0" xlink:to="loc_eba_GB" weight="1" order="28" />
    <link:loc xlink:type="locator" xlink:href="mem.xsd#eba_IS" xlink:label="loc_eba_IS" />
    <link:calculationArc xlink:type="arc" xlink:arcrole="http://www.eurofiling.info/xbrl/arcrole/partial-breakdown" xlink:from="loc_eba_x0" xlink:to="loc_eba_IS" weight="1" order="29" />
    <link:loc xlink:type="locator" xlink:href="mem.xsd#eba_LI" xlink:label="loc_eba_LI" />
    <link:calculationArc xlink:type="arc" xlink:arcrole="http://www.eurofiling.info/xbrl/arcrole/partial-breakdown" xlink:from="loc_eba_x0" xlink:to="loc_eba_LI" weight="1" order="30" />
    <link:loc xlink:type="locator" xlink:href="mem.xsd#eba_NO" xlink:label="loc_eba_NO" />
    <link:calculationArc xlink:type="arc" xlink:arcrole="http://www.eurofiling.info/xbrl/arcrole/partial-breakdown" xlink:from="loc_eba_x0" xlink:to="loc_eba_NO" weight="1" order="31" />
    <link:loc xlink:type="locator" xlink:href="mem.xsd#eba_x30" xlink:label="loc_eba_x30" />
    <link:calculationArc xlink:type="arc" xlink:arcrole="http://www.eurofiling.info/xbrl/arcrole/partial-breakdown" xlink:from="loc_eba_x0" xlink:to="loc_eba_x30" weight="1" order="32" />
  </link:calculationLink>
  <link:calculationLink xlink:type="extended" xlink:role="http://www.eba.europa.eu/xbrl/crr/role/dict/dom/GA/GA5_2">
    <link:loc xlink:type="locator" xlink:href="mem.xsd#eba_x0" xlink:label="loc_eba_x0" />
    <link:loc xlink:type="locator" xlink:href="mem.xsd#eba_x1" xlink:label="loc_eba_x1" />
    <link:calculationArc xlink:type="arc" xlink:arcrole="http://www.eurofiling.info/xbrl/arcrole/complete-breakdown" xlink:from="loc_eba_x0" xlink:to="loc_eba_x1" weight="1" order="1" />
  </link:calculationLink>
  <link:calculationLink xlink:type="extended" xlink:role="http://www.eba.europa.eu/xbrl/crr/role/dict/dom/GA/GA6_1">
    <link:loc xlink:type="locator" xlink:href="mem.xsd#eba_x0" xlink:label="loc_eba_x0" />
    <link:loc xlink:type="locator" xlink:href="mem.xsd#eba_x1" xlink:label="loc_eba_x1" />
    <link:calculationArc xlink:type="arc" xlink:arcrole="http://www.eurofiling.info/xbrl/arcrole/partial-breakdown" xlink:from="loc_eba_x0" xlink:to="loc_eba_x1" weight="1" order="1" />
  </link:calculationLink>
  <link:calculationLink xlink:type="extended" xlink:role="http://www.eba.europa.eu/xbrl/crr/role/dict/dom/GA/GA7">
    <link:loc xlink:type="locator" xlink:href="mem.xsd#eba_x0" xlink:label="loc_eba_x0" />
    <link:loc xlink:type="locator" xlink:href="mem.xsd#eba_AT" xlink:label="loc_eba_AT" />
    <link:calculationArc xlink:type="arc" xlink:arcrole="http://www.eurofiling.info/xbrl/arcrole/partial-breakdown" xlink:from="loc_eba_x0" xlink:to="loc_eba_AT" weight="1" order="1" />
    <link:loc xlink:type="locator" xlink:href="mem.xsd#eba_BE" xlink:label="loc_eba_BE" />
    <link:calculationArc xlink:type="arc" xlink:arcrole="http://www.eurofiling.info/xbrl/arcrole/partial-breakdown" xlink:from="loc_eba_x0" xlink:to="loc_eba_BE" weight="1" order="2" />
    <link:loc xlink:type="locator" xlink:href="mem.xsd#eba_BG" xlink:label="loc_eba_BG" />
    <link:calculationArc xlink:type="arc" xlink:arcrole="http://www.eurofiling.info/xbrl/arcrole/partial-breakdown" xlink:from="loc_eba_x0" xlink:to="loc_eba_BG" weight="1" order="3" />
    <link:loc xlink:type="locator" xlink:href="mem.xsd#eba_HR" xlink:label="loc_eba_HR" />
    <link:calculationArc xlink:type="arc" xlink:arcrole="http://www.eurofiling.info/xbrl/arcrole/partial-breakdown" xlink:from="loc_eba_x0" xlink:to="loc_eba_HR" weight="1" order="4" />
    <link:loc xlink:type="locator" xlink:href="mem.xsd#eba_CY" xlink:label="loc_eba_CY" />
    <link:calculationArc xlink:type="arc" xlink:arcrole="http://www.eurofiling.info/xbrl/arcrole/partial-breakdown" xlink:from="loc_eba_x0" xlink:to="loc_eba_CY" weight="1" order="5" />
    <link:loc xlink:type="locator" xlink:href="mem.xsd#eba_CZ" xlink:label="loc_eba_CZ" />
    <link:calculationArc xlink:type="arc" xlink:arcrole="http://www.eurofiling.info/xbrl/arcrole/partial-breakdown" xlink:from="loc_eba_x0" xlink:to="loc_eba_CZ" weight="1" order="6" />
    <link:loc xlink:type="locator" xlink:href="mem.xsd#eba_DK" xlink:label="loc_eba_DK" />
    <link:calculationArc xlink:type="arc" xlink:arcrole="http://www.eurofiling.info/xbrl/arcrole/partial-breakdown" xlink:from="loc_eba_x0" xlink:to="loc_eba_DK" weight="1" order="7" />
    <link:loc xlink:type="locator" xlink:href="mem.xsd#eba_EE" xlink:label="loc_eba_EE" />
    <link:calculationArc xlink:type="arc" xlink:arcrole="http://www.eurofiling.info/xbrl/arcrole/partial-breakdown" xlink:from="loc_eba_x0" xlink:to="loc_eba_EE" weight="1" order="8" />
    <link:loc xlink:type="locator" xlink:href="mem.xsd#eba_FI" xlink:label="loc_eba_FI" />
    <link:calculationArc xlink:type="arc" xlink:arcrole="http://www.eurofiling.info/xbrl/arcrole/partial-breakdown" xlink:from="loc_eba_x0" xlink:to="loc_eba_FI" weight="1" order="9" />
    <link:loc xlink:type="locator" xlink:href="mem.xsd#eba_FR" xlink:label="loc_eba_FR" />
    <link:calculationArc xlink:type="arc" xlink:arcrole="http://www.eurofiling.info/xbrl/arcrole/partial-breakdown" xlink:from="loc_eba_x0" xlink:to="loc_eba_FR" weight="1" order="10" />
    <link:loc xlink:type="locator" xlink:href="mem.xsd#eba_DE" xlink:label="loc_eba_DE" />
    <link:calculationArc xlink:type="arc" xlink:arcrole="http://www.eurofiling.info/xbrl/arcrole/partial-breakdown" xlink:from="loc_eba_x0" xlink:to="loc_eba_DE" weight="1" order="11" />
    <link:loc xlink:type="locator" xlink:href="mem.xsd#eba_GR" xlink:label="loc_eba_GR" />
    <link:calculationArc xlink:type="arc" xlink:arcrole="http://www.eurofiling.info/xbrl/arcrole/partial-breakdown" xlink:from="loc_eba_x0" xlink:to="loc_eba_GR" weight="1" order="12" />
    <link:loc xlink:type="locator" xlink:href="mem.xsd#eba_HU" xlink:label="loc_eba_HU" />
    <link:calculationArc xlink:type="arc" xlink:arcrole="http://www.eurofiling.info/xbrl/arcrole/partial-breakdown" xlink:from="loc_eba_x0" xlink:to="loc_eba_HU" weight="1" order="13" />
    <link:loc xlink:type="locator" xlink:href="mem.xsd#eba_IE" xlink:label="loc_eba_IE" />
    <link:calculationArc xlink:type="arc" xlink:arcrole="http://www.eurofiling.info/xbrl/arcrole/partial-breakdown" xlink:from="loc_eba_x0" xlink:to="loc_eba_IE" weight="1" order="14" />
    <link:loc xlink:type="locator" xlink:href="mem.xsd#eba_IT" xlink:label="loc_eba_IT" />
    <link:calculationArc xlink:type="arc" xlink:arcrole="http://www.eurofiling.info/xbrl/arcrole/partial-breakdown" xlink:from="loc_eba_x0" xlink:to="loc_eba_IT" weight="1" order="15" />
    <link:loc xlink:type="locator" xlink:href="mem.xsd#eba_LV" xlink:label="loc_eba_LV" />
    <link:calculationArc xlink:type="arc" xlink:arcrole="http://www.eurofiling.info/xbrl/arcrole/partial-breakdown" xlink:from="loc_eba_x0" xlink:to="loc_eba_LV" weight="1" order="16" />
    <link:loc xlink:type="locator" xlink:href="mem.xsd#eba_LT" xlink:label="loc_eba_LT" />
    <link:calculationArc xlink:type="arc" xlink:arcrole="http://www.eurofiling.info/xbrl/arcrole/partial-breakdown" xlink:from="loc_eba_x0" xlink:to="loc_eba_LT" weight="1" order="17" />
    <link:loc xlink:type="locator" xlink:href="mem.xsd#eba_LU" xlink:label="loc_eba_LU" />
    <link:calculationArc xlink:type="arc" xlink:arcrole="http://www.eurofiling.info/xbrl/arcrole/partial-breakdown" xlink:from="loc_eba_x0" xlink:to="loc_eba_LU" weight="1" order="18" />
    <link:loc xlink:type="locator" xlink:href="mem.xsd#eba_MT" xlink:label="loc_eba_MT" />
    <link:calculationArc xlink:type="arc" xlink:arcrole="http://www.eurofiling.info/xbrl/arcrole/partial-breakdown" xlink:from="loc_eba_x0" xlink:to="loc_eba_MT" weight="1" order="19" />
    <link:loc xlink:type="locator" xlink:href="mem.xsd#eba_NL" xlink:label="loc_eba_NL" />
    <link:calculationArc xlink:type="arc" xlink:arcrole="http://www.eurofiling.info/xbrl/arcrole/partial-breakdown" xlink:from="loc_eba_x0" xlink:to="loc_eba_NL" weight="1" order="20" />
    <link:loc xlink:type="locator" xlink:href="mem.xsd#eba_PL" xlink:label="loc_eba_PL" />
    <link:calculationArc xlink:type="arc" xlink:arcrole="http://www.eurofiling.info/xbrl/arcrole/partial-breakdown" xlink:from="loc_eba_x0" xlink:to="loc_eba_PL" weight="1" order="21" />
    <link:loc xlink:type="locator" xlink:href="mem.xsd#eba_PT" xlink:label="loc_eba_PT" />
    <link:calculationArc xlink:type="arc" xlink:arcrole="http://www.eurofiling.info/xbrl/arcrole/partial-breakdown" xlink:from="loc_eba_x0" xlink:to="loc_eba_PT" weight="1" order="22" />
    <link:loc xlink:type="locator" xlink:href="mem.xsd#eba_RO" xlink:label="loc_eba_RO" />
    <link:calculationArc xlink:type="arc" xlink:arcrole="http://www.eurofiling.info/xbrl/arcrole/partial-breakdown" xlink:from="loc_eba_x0" xlink:to="loc_eba_RO" weight="1" order="23" />
    <link:loc xlink:type="locator" xlink:href="mem.xsd#eba_SK" xlink:label="loc_eba_SK" />
    <link:calculationArc xlink:type="arc" xlink:arcrole="http://www.eurofiling.info/xbrl/arcrole/partial-breakdown" xlink:from="loc_eba_x0" xlink:to="loc_eba_SK" weight="1" order="24" />
    <link:loc xlink:type="locator" xlink:href="mem.xsd#eba_SI" xlink:label="loc_eba_SI" />
    <link:calculationArc xlink:type="arc" xlink:arcrole="http://www.eurofiling.info/xbrl/arcrole/partial-breakdown" xlink:from="loc_eba_x0" xlink:to="loc_eba_SI" weight="1" order="25" />
    <link:loc xlink:type="locator" xlink:href="mem.xsd#eba_ES" xlink:label="loc_eba_ES" />
    <link:calculationArc xlink:type="arc" xlink:arcrole="http://www.eurofiling.info/xbrl/arcrole/partial-breakdown" xlink:from="loc_eba_x0" xlink:to="loc_eba_ES" weight="1" order="26" />
    <link:loc xlink:type="locator" xlink:href="mem.xsd#eba_SE" xlink:label="loc_eba_SE" />
    <link:calculationArc xlink:type="arc" xlink:arcrole="http://www.eurofiling.info/xbrl/arcrole/partial-breakdown" xlink:from="loc_eba_x0" xlink:to="loc_eba_SE" weight="1" order="27" />
    <link:loc xlink:type="locator" xlink:href="mem.xsd#eba_GB" xlink:label="loc_eba_GB" />
    <link:calculationArc xlink:type="arc" xlink:arcrole="http://www.eurofiling.info/xbrl/arcrole/partial-breakdown" xlink:from="loc_eba_x0" xlink:to="loc_eba_GB" weight="1" order="28" />
  </link:calculationLink>
  <link:calculationLink xlink:type="extended" xlink:role="http://www.eba.europa.eu/xbrl/crr/role/dict/dom/GA/GA4_1" />
  <link:calculationLink xlink:type="extended" xlink:role="http://www.eba.europa.eu/xbrl/crr/role/dict/dom/GA/GA8">
    <link:loc xlink:type="locator" xlink:href="mem.xsd#eba_x0" xlink:label="loc_eba_x0" />
    <link:loc xlink:type="locator" xlink:href="mem.xsd#eba_x1" xlink:label="loc_eba_x1" />
    <link:calculationArc xlink:type="arc" xlink:arcrole="http://www.eurofiling.info/xbrl/arcrole/complete-breakdown" xlink:from="loc_eba_x0" xlink:to="loc_eba_x1" weight="1" order="1" />
  </link:calculationLink>
</link:linkbase>