﻿<?xml version="1.0" encoding="utf-8"?>
<!--© DNB-->
<link:linkbase xmlns:xsi="http://www.w3.org/2001/XMLSchema-instance" xmlns:xlink="http://www.w3.org/1999/xlink" xmlns:link="http://www.xbrl.org/2003/linkbase" xsi:schemaLocation="http://www.xbrl.org/2003/linkbase http://www.xbrl.org/2003/xbrl-linkbase-2003-12-31.xsd">
  <link:labelLink xlink:type="extended" xlink:role="http://www.xbrl.org/2003/role/link">
    <link:loc xlink:type="locator" xlink:href="mem.xsd#dnb_mem000" xlink:label="loc_dnb_mem000" />
    <link:label xlink:type="resource" xlink:label="label_dnb_mem000" xml:lang="en" xlink:role="http://www.xbrl.org/2003/role/label">Not applicable / All or Total</link:label>
    <link:labelArc xlink:type="arc" xlink:arcrole="http://www.xbrl.org/2003/arcrole/concept-label" xlink:from="loc_dnb_mem000" xlink:to="label_dnb_mem000" />
    <link:label xlink:type="resource" xlink:label="label_dnb_mem000_2" xml:lang="en" xlink:role="http://www.xbrl.org/2003/role/documentation">NAP-ALL-TOT</link:label>
    <link:labelArc xlink:type="arc" xlink:arcrole="http://www.xbrl.org/2003/arcrole/concept-label" xlink:from="loc_dnb_mem000" xlink:to="label_dnb_mem000_2" />
    <link:loc xlink:type="locator" xlink:href="mem.xsd#dnb_mem001" xlink:label="loc_dnb_mem001" />
    <link:label xlink:type="resource" xlink:label="label_dnb_mem001" xml:lang="en" xlink:role="http://www.xbrl.org/2003/role/label">Benefits of funeral services provided by third parties</link:label>
    <link:labelArc xlink:type="arc" xlink:arcrole="http://www.xbrl.org/2003/arcrole/concept-label" xlink:from="loc_dnb_mem001" xlink:to="label_dnb_mem001" />
    <link:label xlink:type="resource" xlink:label="label_dnb_mem001_2" xml:lang="en" xlink:role="http://www.xbrl.org/2003/role/documentation">BEN-FUNSER-THRPTY</link:label>
    <link:labelArc xlink:type="arc" xlink:arcrole="http://www.xbrl.org/2003/arcrole/concept-label" xlink:from="loc_dnb_mem001" xlink:to="label_dnb_mem001_2" />
    <link:loc xlink:type="locator" xlink:href="mem.xsd#dnb_mem002" xlink:label="loc_dnb_mem002" />
    <link:label xlink:type="resource" xlink:label="label_dnb_mem002" xml:lang="en" xlink:role="http://www.xbrl.org/2003/role/label">Benefits of funeral services provided by own company</link:label>
    <link:labelArc xlink:type="arc" xlink:arcrole="http://www.xbrl.org/2003/arcrole/concept-label" xlink:from="loc_dnb_mem002" xlink:to="label_dnb_mem002" />
    <link:label xlink:type="resource" xlink:label="label_dnb_mem002_2" xml:lang="en" xlink:role="http://www.xbrl.org/2003/role/documentation">BEN-FUNSER-OWNCOMP</link:label>
    <link:labelArc xlink:type="arc" xlink:arcrole="http://www.xbrl.org/2003/arcrole/concept-label" xlink:from="loc_dnb_mem002" xlink:to="label_dnb_mem002_2" />
    <link:loc xlink:type="locator" xlink:href="mem.xsd#dnb_mem003" xlink:label="loc_dnb_mem003" />
    <link:label xlink:type="resource" xlink:label="label_dnb_mem003" xml:lang="en" xlink:role="http://www.xbrl.org/2003/role/label">Monetary benefits</link:label>
    <link:labelArc xlink:type="arc" xlink:arcrole="http://www.xbrl.org/2003/arcrole/concept-label" xlink:from="loc_dnb_mem003" xlink:to="label_dnb_mem003" />
    <link:label xlink:type="resource" xlink:label="label_dnb_mem003_2" xml:lang="en" xlink:role="http://www.xbrl.org/2003/role/documentation">MON-BEN</link:label>
    <link:labelArc xlink:type="arc" xlink:arcrole="http://www.xbrl.org/2003/arcrole/concept-label" xlink:from="loc_dnb_mem003" xlink:to="label_dnb_mem003_2" />
    <link:loc xlink:type="locator" xlink:href="mem.xsd#dnb_mem004" xlink:label="loc_dnb_mem004" />
    <link:label xlink:type="resource" xlink:label="label_dnb_mem004" xml:lang="en" xlink:role="http://www.xbrl.org/2003/role/label">Benefits of additional insurances</link:label>
    <link:labelArc xlink:type="arc" xlink:arcrole="http://www.xbrl.org/2003/arcrole/concept-label" xlink:from="loc_dnb_mem004" xlink:to="label_dnb_mem004" />
    <link:label xlink:type="resource" xlink:label="label_dnb_mem004_2" xml:lang="en" xlink:role="http://www.xbrl.org/2003/role/documentation">BEN-ADD-INS</link:label>
    <link:labelArc xlink:type="arc" xlink:arcrole="http://www.xbrl.org/2003/arcrole/concept-label" xlink:from="loc_dnb_mem004" xlink:to="label_dnb_mem004_2" />
    <link:loc xlink:type="locator" xlink:href="mem.xsd#dnb_mem005" xlink:label="loc_dnb_mem005" />
    <link:label xlink:type="resource" xlink:label="label_dnb_mem005" xml:lang="en" xlink:role="http://www.xbrl.org/2003/role/label">Reimbursements</link:label>
    <link:labelArc xlink:type="arc" xlink:arcrole="http://www.xbrl.org/2003/arcrole/concept-label" xlink:from="loc_dnb_mem005" xlink:to="label_dnb_mem005" />
    <link:label xlink:type="resource" xlink:label="label_dnb_mem005_2" xml:lang="en" xlink:role="http://www.xbrl.org/2003/role/documentation">REIMBURS</link:label>
    <link:labelArc xlink:type="arc" xlink:arcrole="http://www.xbrl.org/2003/arcrole/concept-label" xlink:from="loc_dnb_mem005" xlink:to="label_dnb_mem005_2" />
    <link:loc xlink:type="locator" xlink:href="mem.xsd#dnb_mem006" xlink:label="loc_dnb_mem006" />
    <link:label xlink:type="resource" xlink:label="label_dnb_mem006" xml:lang="en" xlink:role="http://www.xbrl.org/2003/role/label">Total benefits</link:label>
    <link:labelArc xlink:type="arc" xlink:arcrole="http://www.xbrl.org/2003/arcrole/concept-label" xlink:from="loc_dnb_mem006" xlink:to="label_dnb_mem006" />
    <link:label xlink:type="resource" xlink:label="label_dnb_mem006_2" xml:lang="en" xlink:role="http://www.xbrl.org/2003/role/documentation">TOT-BEN</link:label>
    <link:labelArc xlink:type="arc" xlink:arcrole="http://www.xbrl.org/2003/arcrole/concept-label" xlink:from="loc_dnb_mem006" xlink:to="label_dnb_mem006_2" />
  </link:labelLink>
</link:linkbase>