﻿<?xml version="1.0" encoding="utf-8"?>
<?taxonomy-version 2.2.0.0?>
<!--(C) EBA-->
<link:linkbase xmlns:xsi="http://www.w3.org/2001/XMLSchema-instance" xmlns:xlink="http://www.w3.org/1999/xlink" xmlns:link="http://www.xbrl.org/2003/linkbase" xsi:schemaLocation="http://www.xbrl.org/2003/linkbase http://www.xbrl.org/2003/xbrl-linkbase-2003-12-31.xsd">
  <link:roleRef roleURI="http://www.eba.europa.eu/xbrl/crr/role/dict/dom/BT/BT1" xlink:type="simple" xlink:href="hier.xsd#eba_BT1" />
  <link:roleRef roleURI="http://www.eba.europa.eu/xbrl/crr/role/dict/dom/BT/BT2" xlink:type="simple" xlink:href="hier.xsd#eba_BT2" />
  <link:presentationLink xlink:type="extended" xlink:role="http://www.eba.europa.eu/xbrl/crr/role/dict/dom/BT/BT1">
    <link:loc xlink:type="locator" xlink:href="../exp.xsd#eba_BT" xlink:label="loc_eba_BT" />
    <link:loc xlink:type="locator" xlink:href="mem.xsd#eba_x0" xlink:label="loc_eba_x0" />
    <link:presentationArc xlink:type="arc" xlink:arcrole="http://www.xbrl.org/2003/arcrole/parent-child" xlink:from="loc_eba_BT" xlink:to="loc_eba_x0" order="1" />
    <link:loc xlink:type="locator" xlink:href="mem.xsd#eba_x4" xlink:label="loc_eba_x4" />
    <link:presentationArc xlink:type="arc" xlink:arcrole="http://www.xbrl.org/2003/arcrole/parent-child" xlink:from="loc_eba_x0" xlink:to="loc_eba_x4" order="1" />
    <link:loc xlink:type="locator" xlink:href="mem.xsd#eba_x3" xlink:label="loc_eba_x3" />
    <link:presentationArc xlink:type="arc" xlink:arcrole="http://www.xbrl.org/2003/arcrole/parent-child" xlink:from="loc_eba_x0" xlink:to="loc_eba_x3" order="2" />
  </link:presentationLink>
  <link:presentationLink xlink:type="extended" xlink:role="http://www.eba.europa.eu/xbrl/crr/role/dict/dom/BT/BT2">
    <link:loc xlink:type="locator" xlink:href="../exp.xsd#eba_BT" xlink:label="loc_eba_BT" />
    <link:loc xlink:type="locator" xlink:href="mem.xsd#eba_x0" xlink:label="loc_eba_x0" />
    <link:presentationArc xlink:type="arc" xlink:arcrole="http://www.xbrl.org/2003/arcrole/parent-child" xlink:from="loc_eba_BT" xlink:to="loc_eba_x0" order="1" />
    <link:loc xlink:type="locator" xlink:href="mem.xsd#eba_x6" xlink:label="loc_eba_x6" />
    <link:presentationArc xlink:type="arc" xlink:arcrole="http://www.xbrl.org/2003/arcrole/parent-child" xlink:from="loc_eba_x0" xlink:to="loc_eba_x6" order="1" />
    <link:loc xlink:type="locator" xlink:href="mem.xsd#eba_x7" xlink:label="loc_eba_x7" />
    <link:presentationArc xlink:type="arc" xlink:arcrole="http://www.xbrl.org/2003/arcrole/parent-child" xlink:from="loc_eba_x0" xlink:to="loc_eba_x7" order="2" />
  </link:presentationLink>
</link:linkbase>