<ns0:linkbase xmlns:ns0="http://www.xbrl.org/2003/linkbase" xmlns:ns2="http://www.w3.org/1999/xlink" xmlns:xsi="http://www.w3.org/2001/XMLSchema-instance" xsi:schemaLocation="http://www.xbrl.org/2003/linkbase http://www.xbrl.org/2003/xbrl-linkbase-2003-12-31.xsd">
    <ns0:roleRef roleURI="http://ferc.gov/form/2020-01-01/roles/Schedule/F1/ScheduleTransactionsForAssociatedAffiliatedCompanies" ns2:href="form-1-sched-ScheduleTransactionsWithAssociatedAffiliatedCompanies_2020-01-01.xsd#roleType_ScheduleTransactionsForAssociatedAffiliatedCompanies" ns2:type="simple" />
    <ns0:roleRef roleURI="http://ferc.gov/form/2020-01-01/roles/Schedule/F1/ScheduleTransactionsByAssociatedAffiliatedCompanies" ns2:href="form-1-sched-ScheduleTransactionsWithAssociatedAffiliatedCompanies_2020-01-01.xsd#roleType_ScheduleTransactionsByAssociatedAffiliatedCompanies" ns2:type="simple" />
    <ns0:roleRef roleURI="http://ferc.gov/form/2020-01-01/roles/label/F1TransactionsWithAssociatedCompanies" ns2:href="../../ferc-core-lab-roles_2020-01-01.xsd#F1TransactionsWithAssociatedCompanies" ns2:type="simple" />
    <ns0:presentationLink ns2:role="http://ferc.gov/form/2020-01-01/roles/Schedule/F1/ScheduleTransactionsByAssociatedAffiliatedCompanies" ns2:type="extended">
        <ns0:loc ns2:href="../../ferc-core_2020-01-01.xsd#ferc_ScheduleTransactionsWithAssociatedAffiliatedCompaniesAbstract" ns2:label="ferc_ScheduleTransactionsWithAssociatedAffiliatedCompaniesAbstract" ns2:type="locator" />
        <ns0:loc ns2:href="../../ferc-core_2020-01-01.xsd#ferc_TransactionWithAssociatedAffiliatedCompaniesTable" ns2:label="ferc_TransactionWithAssociatedAffiliatedCompaniesTable" ns2:type="locator" />
        <ns0:presentationArc order="1" ns2:arcrole="http://www.xbrl.org/2003/arcrole/parent-child" ns2:from="ferc_ScheduleTransactionsWithAssociatedAffiliatedCompaniesAbstract" ns2:to="ferc_TransactionWithAssociatedAffiliatedCompaniesTable" ns2:type="arc" />
        <ns0:loc ns2:href="../../ferc-core_2020-01-01.xsd#ferc_NonPowerGoodsOrServicesProvidedByAffiliatedCompanyAxis" ns2:label="ferc_NonPowerGoodsOrServicesProvidedByAffiliatedCompanyAxis" ns2:type="locator" />
        <ns0:presentationArc order="1" ns2:arcrole="http://www.xbrl.org/2003/arcrole/parent-child" ns2:from="ferc_TransactionWithAssociatedAffiliatedCompaniesTable" ns2:to="ferc_NonPowerGoodsOrServicesProvidedByAffiliatedCompanyAxis" ns2:type="arc" />
        <ns0:loc ns2:href="../../ferc-core_2020-01-01.xsd#ferc_TransactionWithAssociatedAffiliatedCompaniesLineItems" ns2:label="ferc_TransactionWithAssociatedAffiliatedCompaniesLineItems" ns2:type="locator" />
        <ns0:presentationArc order="2" preferredLabel="http://ferc.gov/form/2020-01-01/roles/label/F1TransactionsWithAssociatedCompanies" ns2:arcrole="http://www.xbrl.org/2003/arcrole/parent-child" ns2:from="ferc_TransactionWithAssociatedAffiliatedCompaniesTable" ns2:to="ferc_TransactionWithAssociatedAffiliatedCompaniesLineItems" ns2:type="arc" />
        <ns0:loc ns2:href="../../ferc-core_2020-01-01.xsd#ferc_OrderNumber" ns2:label="ferc_OrderNumber" ns2:type="locator" />
        <ns0:presentationArc order="1" ns2:arcrole="http://www.xbrl.org/2003/arcrole/parent-child" ns2:from="ferc_TransactionWithAssociatedAffiliatedCompaniesLineItems" ns2:to="ferc_OrderNumber" ns2:type="arc" />
        <ns0:loc ns2:href="../../ferc-core_2020-01-01.xsd#ferc_DescriptionOfNonPowerGoodOrService" ns2:label="ferc_DescriptionOfNonPowerGoodOrService" ns2:type="locator" />
        <ns0:presentationArc order="2" preferredLabel="http://ferc.gov/form/2020-01-01/roles/label/F1TransactionsWithAssociatedCompanies" ns2:arcrole="http://www.xbrl.org/2003/arcrole/parent-child" ns2:from="ferc_TransactionWithAssociatedAffiliatedCompaniesLineItems" ns2:to="ferc_DescriptionOfNonPowerGoodOrService" ns2:type="arc" />
        <ns0:loc ns2:href="../../ferc-core_2020-01-01.xsd#ferc_NameOfAssociatedAffiliatedCompany" ns2:label="ferc_NameOfAssociatedAffiliatedCompany" ns2:type="locator" />
        <ns0:presentationArc order="3" preferredLabel="http://ferc.gov/form/2020-01-01/roles/label/F1TransactionsWithAssociatedCompanies" ns2:arcrole="http://www.xbrl.org/2003/arcrole/parent-child" ns2:from="ferc_TransactionWithAssociatedAffiliatedCompaniesLineItems" ns2:to="ferc_NameOfAssociatedAffiliatedCompany" ns2:type="arc" />
        <ns0:loc ns2:href="../../ferc-core_2020-01-01.xsd#ferc_AccountsChargedOrCreditedTransactionsWithAssociatedAffiliatedCompanies" ns2:label="ferc_AccountsChargedOrCreditedTransactionsWithAssociatedAffiliatedCompanies" ns2:type="locator" />
        <ns0:presentationArc order="4" preferredLabel="http://ferc.gov/form/2020-01-01/roles/label/F1TransactionsWithAssociatedCompanies" ns2:arcrole="http://www.xbrl.org/2003/arcrole/parent-child" ns2:from="ferc_TransactionWithAssociatedAffiliatedCompaniesLineItems" ns2:to="ferc_AccountsChargedOrCreditedTransactionsWithAssociatedAffiliatedCompanies" ns2:type="arc" />
        <ns0:loc ns2:href="../../ferc-core_2020-01-01.xsd#ferc_DueToOrChargedByTheTransactionsWithAssociatedAffiliatedCompanies" ns2:label="ferc_DueToOrChargedByTheTransactionsWithAssociatedAffiliatedCompanies" ns2:type="locator" />
        <ns0:presentationArc order="5" preferredLabel="http://ferc.gov/form/2020-01-01/roles/label/F1TransactionsWithAssociatedCompanies" ns2:arcrole="http://www.xbrl.org/2003/arcrole/parent-child" ns2:from="ferc_TransactionWithAssociatedAffiliatedCompaniesLineItems" ns2:to="ferc_DueToOrChargedByTheTransactionsWithAssociatedAffiliatedCompanies" ns2:type="arc" />
    </ns0:presentationLink>
    <ns0:presentationLink ns2:role="http://ferc.gov/form/2020-01-01/roles/Schedule/F1/ScheduleTransactionsForAssociatedAffiliatedCompanies" ns2:type="extended">
        <ns0:loc ns2:href="../../ferc-core_2020-01-01.xsd#ferc_ScheduleTransactionsWithAssociatedAffiliatedCompaniesAbstract" ns2:label="ferc_ScheduleTransactionsWithAssociatedAffiliatedCompaniesAbstract" ns2:type="locator" />
        <ns0:loc ns2:href="../../ferc-core_2020-01-01.xsd#ferc_TransactionWithAssociatedAffiliatedCompaniesTable" ns2:label="ferc_TransactionWithAssociatedAffiliatedCompaniesTable" ns2:type="locator" />
        <ns0:presentationArc order="1" ns2:arcrole="http://www.xbrl.org/2003/arcrole/parent-child" ns2:from="ferc_ScheduleTransactionsWithAssociatedAffiliatedCompaniesAbstract" ns2:to="ferc_TransactionWithAssociatedAffiliatedCompaniesTable" ns2:type="arc" />
        <ns0:loc ns2:href="../../ferc-core_2020-01-01.xsd#ferc_NonPowerGoodsOrServicesProvidedForAffiliatedCompanyAxis" ns2:label="ferc_NonPowerGoodsOrServicesProvidedForAffiliatedCompanyAxis" ns2:type="locator" />
        <ns0:presentationArc order="1" ns2:arcrole="http://www.xbrl.org/2003/arcrole/parent-child" ns2:from="ferc_TransactionWithAssociatedAffiliatedCompaniesTable" ns2:to="ferc_NonPowerGoodsOrServicesProvidedForAffiliatedCompanyAxis" ns2:type="arc" />
        <ns0:loc ns2:href="../../ferc-core_2020-01-01.xsd#ferc_TransactionsProvidedForAffiliatedCompaniesLineItems" ns2:label="ferc_TransactionsProvidedForAffiliatedCompaniesLineItems" ns2:type="locator" />
        <ns0:presentationArc order="2" preferredLabel="http://ferc.gov/form/2020-01-01/roles/label/F1TransactionsWithAssociatedCompanies" ns2:arcrole="http://www.xbrl.org/2003/arcrole/parent-child" ns2:from="ferc_TransactionWithAssociatedAffiliatedCompaniesTable" ns2:to="ferc_TransactionsProvidedForAffiliatedCompaniesLineItems" ns2:type="arc" />
        <ns0:loc ns2:href="../../ferc-core_2020-01-01.xsd#ferc_OrderNumber" ns2:label="ferc_OrderNumber" ns2:type="locator" />
        <ns0:presentationArc order="1" ns2:arcrole="http://www.xbrl.org/2003/arcrole/parent-child" ns2:from="ferc_TransactionsProvidedForAffiliatedCompaniesLineItems" ns2:to="ferc_OrderNumber" ns2:type="arc" />
        <ns0:loc ns2:href="../../ferc-core_2020-01-01.xsd#ferc_DescriptionOfNonPowerGoodOrService" ns2:label="ferc_DescriptionOfNonPowerGoodOrService" ns2:type="locator" />
        <ns0:presentationArc order="2" preferredLabel="http://ferc.gov/form/2020-01-01/roles/label/F1TransactionsWithAssociatedCompanies" ns2:arcrole="http://www.xbrl.org/2003/arcrole/parent-child" ns2:from="ferc_TransactionsProvidedForAffiliatedCompaniesLineItems" ns2:to="ferc_DescriptionOfNonPowerGoodOrService" ns2:type="arc" />
        <ns0:loc ns2:href="../../ferc-core_2020-01-01.xsd#ferc_NameOfAssociatedAffiliatedCompany" ns2:label="ferc_NameOfAssociatedAffiliatedCompany" ns2:type="locator" />
        <ns0:presentationArc order="3" preferredLabel="http://ferc.gov/form/2020-01-01/roles/label/F1TransactionsWithAssociatedCompanies" ns2:arcrole="http://www.xbrl.org/2003/arcrole/parent-child" ns2:from="ferc_TransactionsProvidedForAffiliatedCompaniesLineItems" ns2:to="ferc_NameOfAssociatedAffiliatedCompany" ns2:type="arc" />
        <ns0:loc ns2:href="../../ferc-core_2020-01-01.xsd#ferc_AccountsChargedOrCreditedTransactionsWithAssociatedAffiliatedCompanies" ns2:label="ferc_AccountsChargedOrCreditedTransactionsWithAssociatedAffiliatedCompanies" ns2:type="locator" />
        <ns0:presentationArc order="4" preferredLabel="http://ferc.gov/form/2020-01-01/roles/label/F1TransactionsWithAssociatedCompanies" ns2:arcrole="http://www.xbrl.org/2003/arcrole/parent-child" ns2:from="ferc_TransactionsProvidedForAffiliatedCompaniesLineItems" ns2:to="ferc_AccountsChargedOrCreditedTransactionsWithAssociatedAffiliatedCompanies" ns2:type="arc" />
        <ns0:loc ns2:href="../../ferc-core_2020-01-01.xsd#ferc_DueFromOrCreditedByTheTransactionsWithAssociatedAffiliatedCompanies" ns2:label="ferc_DueFromOrCreditedByTheTransactionsWithAssociatedAffiliatedCompanies" ns2:type="locator" />
        <ns0:presentationArc order="5" preferredLabel="http://ferc.gov/form/2020-01-01/roles/label/F1TransactionsWithAssociatedCompanies" ns2:arcrole="http://www.xbrl.org/2003/arcrole/parent-child" ns2:from="ferc_TransactionsProvidedForAffiliatedCompaniesLineItems" ns2:to="ferc_DueFromOrCreditedByTheTransactionsWithAssociatedAffiliatedCompanies" ns2:type="arc" />
    </ns0:presentationLink>
</ns0:linkbase>