﻿<?xml version="1.0" encoding="utf-8"?>
<!--© DNB-->
<link:linkbase xmlns:xsi="http://www.w3.org/2001/XMLSchema-instance" xmlns:xlink="http://www.w3.org/1999/xlink" xmlns:link="http://www.xbrl.org/2003/linkbase" xsi:schemaLocation="http://www.xbrl.org/2003/linkbase http://www.xbrl.org/2003/xbrl-linkbase-2003-12-31.xsd">
  <link:labelLink xlink:type="extended" xlink:role="http://www.xbrl.org/2003/role/link">
    <link:loc xlink:type="locator" xlink:href="exp.xsd#dnb_ppi_dom001" xlink:label="loc_dnb_ppi_dom001" />
    <link:label xlink:type="resource" xlink:label="label_dnb_ppi_dom001" xml:lang="en" xlink:role="http://www.xbrl.org/2003/role/label">Aandachtsgebied</link:label>
    <link:labelArc xlink:type="arc" xlink:arcrole="http://www.xbrl.org/2003/arcrole/concept-label" xlink:from="loc_dnb_ppi_dom001" xlink:to="label_dnb_ppi_dom001" />
    <link:label xlink:type="resource" xlink:label="label_dnb_ppi_dom001_2" xml:lang="en" xlink:role="http://www.xbrl.org/2003/role/documentation">PPI_DOM001</link:label>
    <link:labelArc xlink:type="arc" xlink:arcrole="http://www.xbrl.org/2003/arcrole/concept-label" xlink:from="loc_dnb_ppi_dom001" xlink:to="label_dnb_ppi_dom001_2" />
    <link:loc xlink:type="locator" xlink:href="exp.xsd#dnb_ppi_dom002" xlink:label="loc_dnb_ppi_dom002" />
    <link:label xlink:type="resource" xlink:label="label_dnb_ppi_dom002" xml:lang="en" xlink:role="http://www.xbrl.org/2003/role/label">Zetel van vestiging</link:label>
    <link:labelArc xlink:type="arc" xlink:arcrole="http://www.xbrl.org/2003/arcrole/concept-label" xlink:from="loc_dnb_ppi_dom002" xlink:to="label_dnb_ppi_dom002" />
    <link:label xlink:type="resource" xlink:label="label_dnb_ppi_dom002_2" xml:lang="en" xlink:role="http://www.xbrl.org/2003/role/documentation">PPI_DOM002</link:label>
    <link:labelArc xlink:type="arc" xlink:arcrole="http://www.xbrl.org/2003/arcrole/concept-label" xlink:from="loc_dnb_ppi_dom002" xlink:to="label_dnb_ppi_dom002_2" />
    <link:loc xlink:type="locator" xlink:href="exp.xsd#dnb_ppi_dom003" xlink:label="loc_dnb_ppi_dom003" />
    <link:label xlink:type="resource" xlink:label="label_dnb_ppi_dom003" xml:lang="en" xlink:role="http://www.xbrl.org/2003/role/label">Contact</link:label>
    <link:labelArc xlink:type="arc" xlink:arcrole="http://www.xbrl.org/2003/arcrole/concept-label" xlink:from="loc_dnb_ppi_dom003" xlink:to="label_dnb_ppi_dom003" />
    <link:label xlink:type="resource" xlink:label="label_dnb_ppi_dom003_2" xml:lang="en" xlink:role="http://www.xbrl.org/2003/role/documentation">PPI_DOM003</link:label>
    <link:labelArc xlink:type="arc" xlink:arcrole="http://www.xbrl.org/2003/arcrole/concept-label" xlink:from="loc_dnb_ppi_dom003" xlink:to="label_dnb_ppi_dom003_2" />
    <link:loc xlink:type="locator" xlink:href="exp.xsd#dnb_ppi_dom004" xlink:label="loc_dnb_ppi_dom004" />
    <link:label xlink:type="resource" xlink:label="label_dnb_ppi_dom004" xml:lang="en" xlink:role="http://www.xbrl.org/2003/role/label">Financiële groep</link:label>
    <link:labelArc xlink:type="arc" xlink:arcrole="http://www.xbrl.org/2003/arcrole/concept-label" xlink:from="loc_dnb_ppi_dom004" xlink:to="label_dnb_ppi_dom004" />
    <link:label xlink:type="resource" xlink:label="label_dnb_ppi_dom004_2" xml:lang="en" xlink:role="http://www.xbrl.org/2003/role/documentation">PPI_DOM004</link:label>
    <link:labelArc xlink:type="arc" xlink:arcrole="http://www.xbrl.org/2003/arcrole/concept-label" xlink:from="loc_dnb_ppi_dom004" xlink:to="label_dnb_ppi_dom004_2" />
    <link:loc xlink:type="locator" xlink:href="exp.xsd#dnb_ppi_dom005" xlink:label="loc_dnb_ppi_dom005" />
    <link:label xlink:type="resource" xlink:label="label_dnb_ppi_dom005" xml:lang="en" xlink:role="http://www.xbrl.org/2003/role/label">Postomschrijving</link:label>
    <link:labelArc xlink:type="arc" xlink:arcrole="http://www.xbrl.org/2003/arcrole/concept-label" xlink:from="loc_dnb_ppi_dom005" xlink:to="label_dnb_ppi_dom005" />
    <link:label xlink:type="resource" xlink:label="label_dnb_ppi_dom005_2" xml:lang="en" xlink:role="http://www.xbrl.org/2003/role/documentation">PPI_DOM005</link:label>
    <link:labelArc xlink:type="arc" xlink:arcrole="http://www.xbrl.org/2003/arcrole/concept-label" xlink:from="loc_dnb_ppi_dom005" xlink:to="label_dnb_ppi_dom005_2" />
    <link:loc xlink:type="locator" xlink:href="exp.xsd#dnb_ppi_dom006" xlink:label="loc_dnb_ppi_dom006" />
    <link:label xlink:type="resource" xlink:label="label_dnb_ppi_dom006" xml:lang="en" xlink:role="http://www.xbrl.org/2003/role/label">Tijdsinterval</link:label>
    <link:labelArc xlink:type="arc" xlink:arcrole="http://www.xbrl.org/2003/arcrole/concept-label" xlink:from="loc_dnb_ppi_dom006" xlink:to="label_dnb_ppi_dom006" />
    <link:label xlink:type="resource" xlink:label="label_dnb_ppi_dom006_2" xml:lang="en" xlink:role="http://www.xbrl.org/2003/role/documentation">PPI_DOM006</link:label>
    <link:labelArc xlink:type="arc" xlink:arcrole="http://www.xbrl.org/2003/arcrole/concept-label" xlink:from="loc_dnb_ppi_dom006" xlink:to="label_dnb_ppi_dom006_2" />
    <link:loc xlink:type="locator" xlink:href="exp.xsd#dnb_ppi_dom007" xlink:label="loc_dnb_ppi_dom007" />
    <link:label xlink:type="resource" xlink:label="label_dnb_ppi_dom007" xml:lang="en" xlink:role="http://www.xbrl.org/2003/role/label">Buiten de balans blijkend onderdeel</link:label>
    <link:labelArc xlink:type="arc" xlink:arcrole="http://www.xbrl.org/2003/arcrole/concept-label" xlink:from="loc_dnb_ppi_dom007" xlink:to="label_dnb_ppi_dom007" />
    <link:label xlink:type="resource" xlink:label="label_dnb_ppi_dom007_2" xml:lang="en" xlink:role="http://www.xbrl.org/2003/role/documentation">PPI_DOM007</link:label>
    <link:labelArc xlink:type="arc" xlink:arcrole="http://www.xbrl.org/2003/arcrole/concept-label" xlink:from="loc_dnb_ppi_dom007" xlink:to="label_dnb_ppi_dom007_2" />
    <link:loc xlink:type="locator" xlink:href="exp.xsd#dnb_ppi_dom008" xlink:label="loc_dnb_ppi_dom008" />
    <link:label xlink:type="resource" xlink:label="label_dnb_ppi_dom008" xml:lang="en" xlink:role="http://www.xbrl.org/2003/role/label">Beleggingen voor risico deelnemers</link:label>
    <link:labelArc xlink:type="arc" xlink:arcrole="http://www.xbrl.org/2003/arcrole/concept-label" xlink:from="loc_dnb_ppi_dom008" xlink:to="label_dnb_ppi_dom008" />
    <link:label xlink:type="resource" xlink:label="label_dnb_ppi_dom008_2" xml:lang="en" xlink:role="http://www.xbrl.org/2003/role/documentation">PPI_DOM008</link:label>
    <link:labelArc xlink:type="arc" xlink:arcrole="http://www.xbrl.org/2003/arcrole/concept-label" xlink:from="loc_dnb_ppi_dom008" xlink:to="label_dnb_ppi_dom008_2" />
    <link:loc xlink:type="locator" xlink:href="exp.xsd#dnb_ppi_dom009" xlink:label="loc_dnb_ppi_dom009" />
    <link:label xlink:type="resource" xlink:label="label_dnb_ppi_dom009" xml:lang="en" xlink:role="http://www.xbrl.org/2003/role/label">Deelnemer</link:label>
    <link:labelArc xlink:type="arc" xlink:arcrole="http://www.xbrl.org/2003/arcrole/concept-label" xlink:from="loc_dnb_ppi_dom009" xlink:to="label_dnb_ppi_dom009" />
    <link:label xlink:type="resource" xlink:label="label_dnb_ppi_dom009_2" xml:lang="en" xlink:role="http://www.xbrl.org/2003/role/documentation">PPI_DOM009</link:label>
    <link:labelArc xlink:type="arc" xlink:arcrole="http://www.xbrl.org/2003/arcrole/concept-label" xlink:from="loc_dnb_ppi_dom009" xlink:to="label_dnb_ppi_dom009_2" />
    <link:loc xlink:type="locator" xlink:href="exp.xsd#dnb_ppi_dom010" xlink:label="loc_dnb_ppi_dom010" />
    <link:label xlink:type="resource" xlink:label="label_dnb_ppi_dom010" xml:lang="en" xlink:role="http://www.xbrl.org/2003/role/label">Leeftijd</link:label>
    <link:labelArc xlink:type="arc" xlink:arcrole="http://www.xbrl.org/2003/arcrole/concept-label" xlink:from="loc_dnb_ppi_dom010" xlink:to="label_dnb_ppi_dom010" />
    <link:label xlink:type="resource" xlink:label="label_dnb_ppi_dom010_2" xml:lang="en" xlink:role="http://www.xbrl.org/2003/role/documentation">PPI_DOM010</link:label>
    <link:labelArc xlink:type="arc" xlink:arcrole="http://www.xbrl.org/2003/arcrole/concept-label" xlink:from="loc_dnb_ppi_dom010" xlink:to="label_dnb_ppi_dom010_2" />
    <link:loc xlink:type="locator" xlink:href="exp.xsd#dnb_ppi_dom011" xlink:label="loc_dnb_ppi_dom011" />
    <link:label xlink:type="resource" xlink:label="label_dnb_ppi_dom011" xml:lang="en" xlink:role="http://www.xbrl.org/2003/role/label">Kredietwaardigheid</link:label>
    <link:labelArc xlink:type="arc" xlink:arcrole="http://www.xbrl.org/2003/arcrole/concept-label" xlink:from="loc_dnb_ppi_dom011" xlink:to="label_dnb_ppi_dom011" />
    <link:label xlink:type="resource" xlink:label="label_dnb_ppi_dom011_2" xml:lang="en" xlink:role="http://www.xbrl.org/2003/role/documentation">PPI_DOM011</link:label>
    <link:labelArc xlink:type="arc" xlink:arcrole="http://www.xbrl.org/2003/arcrole/concept-label" xlink:from="loc_dnb_ppi_dom011" xlink:to="label_dnb_ppi_dom011_2" />
    <link:loc xlink:type="locator" xlink:href="exp.xsd#dnb_ppi_dom012" xlink:label="loc_dnb_ppi_dom012" />
    <link:label xlink:type="resource" xlink:label="label_dnb_ppi_dom012" xml:lang="en" xlink:role="http://www.xbrl.org/2003/role/label">Periode</link:label>
    <link:labelArc xlink:type="arc" xlink:arcrole="http://www.xbrl.org/2003/arcrole/concept-label" xlink:from="loc_dnb_ppi_dom012" xlink:to="label_dnb_ppi_dom012" />
    <link:label xlink:type="resource" xlink:label="label_dnb_ppi_dom012_2" xml:lang="en" xlink:role="http://www.xbrl.org/2003/role/documentation">PPI_DOM012</link:label>
    <link:labelArc xlink:type="arc" xlink:arcrole="http://www.xbrl.org/2003/arcrole/concept-label" xlink:from="loc_dnb_ppi_dom012" xlink:to="label_dnb_ppi_dom012_2" />
    <link:loc xlink:type="locator" xlink:href="exp.xsd#dnb_ppi_dom013" xlink:label="loc_dnb_ppi_dom013" />
    <link:label xlink:type="resource" xlink:label="label_dnb_ppi_dom013" xml:lang="en" xlink:role="http://www.xbrl.org/2003/role/label">Rendementtype</link:label>
    <link:labelArc xlink:type="arc" xlink:arcrole="http://www.xbrl.org/2003/arcrole/concept-label" xlink:from="loc_dnb_ppi_dom013" xlink:to="label_dnb_ppi_dom013" />
    <link:label xlink:type="resource" xlink:label="label_dnb_ppi_dom013_2" xml:lang="en" xlink:role="http://www.xbrl.org/2003/role/documentation">PPI_DOM013</link:label>
    <link:labelArc xlink:type="arc" xlink:arcrole="http://www.xbrl.org/2003/arcrole/concept-label" xlink:from="loc_dnb_ppi_dom013" xlink:to="label_dnb_ppi_dom013_2" />
    <link:loc xlink:type="locator" xlink:href="exp.xsd#dnb_ppi_dom014" xlink:label="loc_dnb_ppi_dom014" />
    <link:label xlink:type="resource" xlink:label="label_dnb_ppi_dom014" xml:lang="en" xlink:role="http://www.xbrl.org/2003/role/label">Regelingen en contracten</link:label>
    <link:labelArc xlink:type="arc" xlink:arcrole="http://www.xbrl.org/2003/arcrole/concept-label" xlink:from="loc_dnb_ppi_dom014" xlink:to="label_dnb_ppi_dom014" />
    <link:label xlink:type="resource" xlink:label="label_dnb_ppi_dom014_2" xml:lang="en" xlink:role="http://www.xbrl.org/2003/role/documentation">PPI_DOM014</link:label>
    <link:labelArc xlink:type="arc" xlink:arcrole="http://www.xbrl.org/2003/arcrole/concept-label" xlink:from="loc_dnb_ppi_dom014" xlink:to="label_dnb_ppi_dom014_2" />
    <link:loc xlink:type="locator" xlink:href="exp.xsd#dnb_ppi_dom015" xlink:label="loc_dnb_ppi_dom015" />
    <link:label xlink:type="resource" xlink:label="label_dnb_ppi_dom015" xml:lang="en" xlink:role="http://www.xbrl.org/2003/role/label">Boolean</link:label>
    <link:labelArc xlink:type="arc" xlink:arcrole="http://www.xbrl.org/2003/arcrole/concept-label" xlink:from="loc_dnb_ppi_dom015" xlink:to="label_dnb_ppi_dom015" />
    <link:label xlink:type="resource" xlink:label="label_dnb_ppi_dom015_2" xml:lang="en" xlink:role="http://www.xbrl.org/2003/role/documentation">PPI_DOM015</link:label>
    <link:labelArc xlink:type="arc" xlink:arcrole="http://www.xbrl.org/2003/arcrole/concept-label" xlink:from="loc_dnb_ppi_dom015" xlink:to="label_dnb_ppi_dom015_2" />
    <link:loc xlink:type="locator" xlink:href="exp.xsd#dnb_ppi_dom016" xlink:label="loc_dnb_ppi_dom016" />
    <link:label xlink:type="resource" xlink:label="label_dnb_ppi_dom016" xml:lang="en" xlink:role="http://www.xbrl.org/2003/role/label">Kosten</link:label>
    <link:labelArc xlink:type="arc" xlink:arcrole="http://www.xbrl.org/2003/arcrole/concept-label" xlink:from="loc_dnb_ppi_dom016" xlink:to="label_dnb_ppi_dom016" />
    <link:label xlink:type="resource" xlink:label="label_dnb_ppi_dom016_2" xml:lang="en" xlink:role="http://www.xbrl.org/2003/role/documentation">PPI_DOM016</link:label>
    <link:labelArc xlink:type="arc" xlink:arcrole="http://www.xbrl.org/2003/arcrole/concept-label" xlink:from="loc_dnb_ppi_dom016" xlink:to="label_dnb_ppi_dom016_2" />
    <link:loc xlink:type="locator" xlink:href="exp.xsd#dnb_ppi_dom017" xlink:label="loc_dnb_ppi_dom017" />
    <link:label xlink:type="resource" xlink:label="label_dnb_ppi_dom017" xml:lang="en" xlink:role="http://www.xbrl.org/2003/role/label">Aandeel</link:label>
    <link:labelArc xlink:type="arc" xlink:arcrole="http://www.xbrl.org/2003/arcrole/concept-label" xlink:from="loc_dnb_ppi_dom017" xlink:to="label_dnb_ppi_dom017" />
    <link:label xlink:type="resource" xlink:label="label_dnb_ppi_dom017_2" xml:lang="en" xlink:role="http://www.xbrl.org/2003/role/documentation">PPI_DOM017</link:label>
    <link:labelArc xlink:type="arc" xlink:arcrole="http://www.xbrl.org/2003/arcrole/concept-label" xlink:from="loc_dnb_ppi_dom017" xlink:to="label_dnb_ppi_dom017_2" />
    <link:loc xlink:type="locator" xlink:href="exp.xsd#dnb_ppi_dom018" xlink:label="loc_dnb_ppi_dom018" />
    <link:label xlink:type="resource" xlink:label="label_dnb_ppi_dom018" xml:lang="en" xlink:role="http://www.xbrl.org/2003/role/label">Achtergestelde lening</link:label>
    <link:labelArc xlink:type="arc" xlink:arcrole="http://www.xbrl.org/2003/arcrole/concept-label" xlink:from="loc_dnb_ppi_dom018" xlink:to="label_dnb_ppi_dom018" />
    <link:label xlink:type="resource" xlink:label="label_dnb_ppi_dom018_2" xml:lang="en" xlink:role="http://www.xbrl.org/2003/role/documentation">PPI_DOM018</link:label>
    <link:labelArc xlink:type="arc" xlink:arcrole="http://www.xbrl.org/2003/arcrole/concept-label" xlink:from="loc_dnb_ppi_dom018" xlink:to="label_dnb_ppi_dom018_2" />
    <link:loc xlink:type="locator" xlink:href="exp.xsd#dnb_ppi_dom019" xlink:label="loc_dnb_ppi_dom019" />
    <link:label xlink:type="resource" xlink:label="label_dnb_ppi_dom019" xml:lang="en" xlink:role="http://www.xbrl.org/2003/role/label">Geografisch gebied</link:label>
    <link:labelArc xlink:type="arc" xlink:arcrole="http://www.xbrl.org/2003/arcrole/concept-label" xlink:from="loc_dnb_ppi_dom019" xlink:to="label_dnb_ppi_dom019" />
    <link:label xlink:type="resource" xlink:label="label_dnb_ppi_dom019_2" xml:lang="en" xlink:role="http://www.xbrl.org/2003/role/documentation">PPI_DOM019</link:label>
    <link:labelArc xlink:type="arc" xlink:arcrole="http://www.xbrl.org/2003/arcrole/concept-label" xlink:from="loc_dnb_ppi_dom019" xlink:to="label_dnb_ppi_dom019_2" />
    <link:loc xlink:type="locator" xlink:href="exp.xsd#dnb_ppi_dom020" xlink:label="loc_dnb_ppi_dom020" />
    <link:label xlink:type="resource" xlink:label="label_dnb_ppi_dom020" xml:lang="en" xlink:role="http://www.xbrl.org/2003/role/label">Beloning</link:label>
    <link:labelArc xlink:type="arc" xlink:arcrole="http://www.xbrl.org/2003/arcrole/concept-label" xlink:from="loc_dnb_ppi_dom020" xlink:to="label_dnb_ppi_dom020" />
    <link:label xlink:type="resource" xlink:label="label_dnb_ppi_dom020_2" xml:lang="en" xlink:role="http://www.xbrl.org/2003/role/documentation">PPI_DOM020</link:label>
    <link:labelArc xlink:type="arc" xlink:arcrole="http://www.xbrl.org/2003/arcrole/concept-label" xlink:from="loc_dnb_ppi_dom020" xlink:to="label_dnb_ppi_dom020_2" />
    <link:loc xlink:type="locator" xlink:href="exp.xsd#dnb_ppi_dom021" xlink:label="loc_dnb_ppi_dom021" />
    <link:label xlink:type="resource" xlink:label="label_dnb_ppi_dom021" xml:lang="en" xlink:role="http://www.xbrl.org/2003/role/label">Rapportagejaar</link:label>
    <link:labelArc xlink:type="arc" xlink:arcrole="http://www.xbrl.org/2003/arcrole/concept-label" xlink:from="loc_dnb_ppi_dom021" xlink:to="label_dnb_ppi_dom021" />
    <link:label xlink:type="resource" xlink:label="label_dnb_ppi_dom021_2" xml:lang="en" xlink:role="http://www.xbrl.org/2003/role/documentation">PPI_DOM021</link:label>
    <link:labelArc xlink:type="arc" xlink:arcrole="http://www.xbrl.org/2003/arcrole/concept-label" xlink:from="loc_dnb_ppi_dom021" xlink:to="label_dnb_ppi_dom021_2" />
    <link:loc xlink:type="locator" xlink:href="exp.xsd#dnb_ppi_dom022" xlink:label="loc_dnb_ppi_dom022" />
    <link:label xlink:type="resource" xlink:label="label_dnb_ppi_dom022" xml:lang="en" xlink:role="http://www.xbrl.org/2003/role/label">PPI functielijst</link:label>
    <link:labelArc xlink:type="arc" xlink:arcrole="http://www.xbrl.org/2003/arcrole/concept-label" xlink:from="loc_dnb_ppi_dom022" xlink:to="label_dnb_ppi_dom022" />
    <link:label xlink:type="resource" xlink:label="label_dnb_ppi_dom022_2" xml:lang="en" xlink:role="http://www.xbrl.org/2003/role/documentation">PPI_DOM022</link:label>
    <link:labelArc xlink:type="arc" xlink:arcrole="http://www.xbrl.org/2003/arcrole/concept-label" xlink:from="loc_dnb_ppi_dom022" xlink:to="label_dnb_ppi_dom022_2" />
    <link:loc xlink:type="locator" xlink:href="exp.xsd#dnb_ppi_dom023" xlink:label="loc_dnb_ppi_dom023" />
    <link:label xlink:type="resource" xlink:label="label_dnb_ppi_dom023" xml:lang="en" xlink:role="http://www.xbrl.org/2003/role/label">Aanstelling</link:label>
    <link:labelArc xlink:type="arc" xlink:arcrole="http://www.xbrl.org/2003/arcrole/concept-label" xlink:from="loc_dnb_ppi_dom023" xlink:to="label_dnb_ppi_dom023" />
    <link:label xlink:type="resource" xlink:label="label_dnb_ppi_dom023_2" xml:lang="en" xlink:role="http://www.xbrl.org/2003/role/documentation">PPI_DOM023</link:label>
    <link:labelArc xlink:type="arc" xlink:arcrole="http://www.xbrl.org/2003/arcrole/concept-label" xlink:from="loc_dnb_ppi_dom023" xlink:to="label_dnb_ppi_dom023_2" />
    <link:loc xlink:type="locator" xlink:href="exp.xsd#dnb_ppi_dom024" xlink:label="loc_dnb_ppi_dom024" />
    <link:label xlink:type="resource" xlink:label="label_dnb_ppi_dom024" xml:lang="en" xlink:role="http://www.xbrl.org/2003/role/label">Nevenactiviteit</link:label>
    <link:labelArc xlink:type="arc" xlink:arcrole="http://www.xbrl.org/2003/arcrole/concept-label" xlink:from="loc_dnb_ppi_dom024" xlink:to="label_dnb_ppi_dom024" />
    <link:label xlink:type="resource" xlink:label="label_dnb_ppi_dom024_2" xml:lang="en" xlink:role="http://www.xbrl.org/2003/role/documentation">PPI_DOM024</link:label>
    <link:labelArc xlink:type="arc" xlink:arcrole="http://www.xbrl.org/2003/arcrole/concept-label" xlink:from="loc_dnb_ppi_dom024" xlink:to="label_dnb_ppi_dom024_2" />
    <link:loc xlink:type="locator" xlink:href="exp.xsd#dnb_ppi_dom025" xlink:label="loc_dnb_ppi_dom025" />
    <link:label xlink:type="resource" xlink:label="label_dnb_ppi_dom025" xml:lang="en" xlink:role="http://www.xbrl.org/2003/role/label">Buitenlandse activiteit</link:label>
    <link:labelArc xlink:type="arc" xlink:arcrole="http://www.xbrl.org/2003/arcrole/concept-label" xlink:from="loc_dnb_ppi_dom025" xlink:to="label_dnb_ppi_dom025" />
    <link:label xlink:type="resource" xlink:label="label_dnb_ppi_dom025_2" xml:lang="en" xlink:role="http://www.xbrl.org/2003/role/documentation">PPI_DOM025</link:label>
    <link:labelArc xlink:type="arc" xlink:arcrole="http://www.xbrl.org/2003/arcrole/concept-label" xlink:from="loc_dnb_ppi_dom025" xlink:to="label_dnb_ppi_dom025_2" />
    <link:loc xlink:type="locator" xlink:href="exp.xsd#dnb_ppi_dom026" xlink:label="loc_dnb_ppi_dom026" />
    <link:label xlink:type="resource" xlink:label="label_dnb_ppi_dom026" xml:lang="en" xlink:role="http://www.xbrl.org/2003/role/label">Deelnemers</link:label>
    <link:labelArc xlink:type="arc" xlink:arcrole="http://www.xbrl.org/2003/arcrole/concept-label" xlink:from="loc_dnb_ppi_dom026" xlink:to="label_dnb_ppi_dom026" />
    <link:label xlink:type="resource" xlink:label="label_dnb_ppi_dom026_2" xml:lang="en" xlink:role="http://www.xbrl.org/2003/role/documentation">PPI_DOM026</link:label>
    <link:labelArc xlink:type="arc" xlink:arcrole="http://www.xbrl.org/2003/arcrole/concept-label" xlink:from="loc_dnb_ppi_dom026" xlink:to="label_dnb_ppi_dom026_2" />
    <link:loc xlink:type="locator" xlink:href="exp.xsd#dnb_ppi_dom027" xlink:label="loc_dnb_ppi_dom027" />
    <link:label xlink:type="resource" xlink:label="label_dnb_ppi_dom027" xml:lang="en" xlink:role="http://www.xbrl.org/2003/role/label">Selectielijsten</link:label>
    <link:labelArc xlink:type="arc" xlink:arcrole="http://www.xbrl.org/2003/arcrole/concept-label" xlink:from="loc_dnb_ppi_dom027" xlink:to="label_dnb_ppi_dom027" />
    <link:label xlink:type="resource" xlink:label="label_dnb_ppi_dom027_2" xml:lang="en" xlink:role="http://www.xbrl.org/2003/role/documentation">PPI_DOM027</link:label>
    <link:labelArc xlink:type="arc" xlink:arcrole="http://www.xbrl.org/2003/arcrole/concept-label" xlink:from="loc_dnb_ppi_dom027" xlink:to="label_dnb_ppi_dom027_2" />
    <link:loc xlink:type="locator" xlink:href="exp.xsd#dnb_ppi_dom028" xlink:label="loc_dnb_ppi_dom028" />
    <link:label xlink:type="resource" xlink:label="label_dnb_ppi_dom028" xml:lang="en" xlink:role="http://www.xbrl.org/2003/role/label">Stand</link:label>
    <link:labelArc xlink:type="arc" xlink:arcrole="http://www.xbrl.org/2003/arcrole/concept-label" xlink:from="loc_dnb_ppi_dom028" xlink:to="label_dnb_ppi_dom028" />
    <link:label xlink:type="resource" xlink:label="label_dnb_ppi_dom028_2" xml:lang="en" xlink:role="http://www.xbrl.org/2003/role/documentation">PPI_DOM028</link:label>
    <link:labelArc xlink:type="arc" xlink:arcrole="http://www.xbrl.org/2003/arcrole/concept-label" xlink:from="loc_dnb_ppi_dom028" xlink:to="label_dnb_ppi_dom028_2" />
    <link:loc xlink:type="locator" xlink:href="exp.xsd#dnb_ppi_dom029" xlink:label="loc_dnb_ppi_dom029" />
    <link:label xlink:type="resource" xlink:label="label_dnb_ppi_dom029" xml:lang="en" xlink:role="http://www.xbrl.org/2003/role/label">Waarderingstype</link:label>
    <link:labelArc xlink:type="arc" xlink:arcrole="http://www.xbrl.org/2003/arcrole/concept-label" xlink:from="loc_dnb_ppi_dom029" xlink:to="label_dnb_ppi_dom029" />
    <link:label xlink:type="resource" xlink:label="label_dnb_ppi_dom029_2" xml:lang="en" xlink:role="http://www.xbrl.org/2003/role/documentation">PPI_DOM029</link:label>
    <link:labelArc xlink:type="arc" xlink:arcrole="http://www.xbrl.org/2003/arcrole/concept-label" xlink:from="loc_dnb_ppi_dom029" xlink:to="label_dnb_ppi_dom029_2" />
  </link:labelLink>
</link:linkbase>