﻿<?xml version="1.0" encoding="utf-8"?>
<!--© DNB-->
<link:linkbase xmlns:xsi="http://www.w3.org/2001/XMLSchema-instance" xmlns:xlink="http://www.w3.org/1999/xlink" xmlns:link="http://www.xbrl.org/2003/linkbase" xmlns:gen="http://xbrl.org/2008/generic" xmlns:label="http://xbrl.org/2008/label" xsi:schemaLocation="http://www.xbrl.org/2003/linkbase http://www.xbrl.org/2003/xbrl-linkbase-2003-12-31.xsd http://xbrl.org/2008/generic http://www.xbrl.org/2008/generic-link.xsd http://xbrl.org/2008/label http://www.xbrl.org/2008/generic-label.xsd">
  <link:arcroleRef arcroleURI="http://xbrl.org/arcrole/2008/element-label" xlink:type="simple" xlink:href="http://www.xbrl.org/2008/generic-label.xsd#element-label" />
  <link:roleRef roleURI="http://www.xbrl.org/2008/role/label" xlink:type="simple" xlink:href="http://www.xbrl.org/2008/generic-label.xsd#standard-label" />
  <link:roleRef roleURI="http://www.xbrl.org/2008/role/verboseLabel" xlink:type="simple" xlink:href="http://www.xbrl.org/2008/generic-label.xsd#verbose-label" />
  <link:roleRef roleURI="http://www.xbrl.org/2008/role/documentation" xlink:type="simple" xlink:href="http://www.xbrl.org/2008/generic-label.xsd#documentation" />
  <gen:link xlink:type="extended" xlink:role="http://www.xbrl.org/2003/role/link">
    <link:loc xlink:type="locator" xlink:href="typ.xsd#dnb_ppi_typ001" xlink:label="loc_dnb_ppi_typ001" />
    <label:label xlink:type="resource" xlink:label="label_dnb_ppi_typ001" xml:lang="nl" xlink:role="http://www.xbrl.org/2008/role/label">Buiten de balans blijkende onderdelen</label:label>
    <gen:arc xlink:type="arc" xlink:arcrole="http://xbrl.org/arcrole/2008/element-label" xlink:from="loc_dnb_ppi_typ001" xlink:to="label_dnb_ppi_typ001" />
    <label:label xlink:type="resource" xlink:label="label_dnb_ppi_typ001_2" xml:lang="nl" xlink:role="http://www.xbrl.org/2008/role/documentation">Buiten de balans blijkende onderdelen</label:label>
    <gen:arc xlink:type="arc" xlink:arcrole="http://xbrl.org/arcrole/2008/element-label" xlink:from="loc_dnb_ppi_typ001" xlink:to="label_dnb_ppi_typ001_2" />
    <link:loc xlink:type="locator" xlink:href="typ.xsd#dnb_ppi_typ002" xlink:label="loc_dnb_ppi_typ002" />
    <label:label xlink:type="resource" xlink:label="label_dnb_ppi_typ002" xml:lang="nl" xlink:role="http://www.xbrl.org/2008/role/label">Naam</label:label>
    <gen:arc xlink:type="arc" xlink:arcrole="http://xbrl.org/arcrole/2008/element-label" xlink:from="loc_dnb_ppi_typ002" xlink:to="label_dnb_ppi_typ002" />
    <label:label xlink:type="resource" xlink:label="label_dnb_ppi_typ002_2" xml:lang="nl" xlink:role="http://www.xbrl.org/2008/role/documentation">Naam</label:label>
    <gen:arc xlink:type="arc" xlink:arcrole="http://xbrl.org/arcrole/2008/element-label" xlink:from="loc_dnb_ppi_typ002" xlink:to="label_dnb_ppi_typ002_2" />
    <link:loc xlink:type="locator" xlink:href="typ.xsd#dnb_ppi_typ003" xlink:label="loc_dnb_ppi_typ003" />
    <label:label xlink:type="resource" xlink:label="label_dnb_ppi_typ003" xml:lang="nl" xlink:role="http://www.xbrl.org/2008/role/label">Identificatiecode</label:label>
    <gen:arc xlink:type="arc" xlink:arcrole="http://xbrl.org/arcrole/2008/element-label" xlink:from="loc_dnb_ppi_typ003" xlink:to="label_dnb_ppi_typ003" />
    <label:label xlink:type="resource" xlink:label="label_dnb_ppi_typ003_2" xml:lang="nl" xlink:role="http://www.xbrl.org/2008/role/documentation">Identificatiecode</label:label>
    <gen:arc xlink:type="arc" xlink:arcrole="http://xbrl.org/arcrole/2008/element-label" xlink:from="loc_dnb_ppi_typ003" xlink:to="label_dnb_ppi_typ003_2" />
    <link:loc xlink:type="locator" xlink:href="typ.xsd#dnb_ppi_typ004" xlink:label="loc_dnb_ppi_typ004" />
    <label:label xlink:type="resource" xlink:label="label_dnb_ppi_typ004" xml:lang="nl" xlink:role="http://www.xbrl.org/2008/role/label">Regelnummer</label:label>
    <gen:arc xlink:type="arc" xlink:arcrole="http://xbrl.org/arcrole/2008/element-label" xlink:from="loc_dnb_ppi_typ004" xlink:to="label_dnb_ppi_typ004" />
    <label:label xlink:type="resource" xlink:label="label_dnb_ppi_typ004_2" xml:lang="nl" xlink:role="http://www.xbrl.org/2008/role/documentation">Regelnummer</label:label>
    <gen:arc xlink:type="arc" xlink:arcrole="http://xbrl.org/arcrole/2008/element-label" xlink:from="loc_dnb_ppi_typ004" xlink:to="label_dnb_ppi_typ004_2" />
  </gen:link>
</link:linkbase>