<ns0:linkbase xmlns:ns0="http://www.xbrl.org/2003/linkbase" xmlns:ns2="http://www.w3.org/1999/xlink" xmlns:xsi="http://www.w3.org/2001/XMLSchema-instance" xsi:schemaLocation="http://www.xbrl.org/2003/linkbase http://www.xbrl.org/2003/xbrl-linkbase-2003-12-31.xsd">
    <ns0:roleRef roleURI="http://ferc.gov/form/2020-01-01/roles/Schedule/F1F/FootnoteData" ns2:href="form-1F-sched-FootnoteData_2020-01-01.xsd#roleType_FootnoteData" ns2:type="simple" />
    <ns0:roleRef roleURI="http://ferc.gov/form/2020-01-01/roles/label/F1FootnoteData" ns2:href="../../ferc-core-lab-roles_2020-01-01.xsd#F1FootnoteData" ns2:type="simple" />
    <ns0:presentationLink ns2:role="http://ferc.gov/form/2020-01-01/roles/Schedule/F1F/FootnoteData" ns2:type="extended">
        <ns0:loc ns2:href="../../ferc-core_2020-01-01.xsd#ferc_ScheduleFootnoteDataAbstract" ns2:label="ferc_ScheduleFootnoteDataAbstract" ns2:type="locator" />
        <ns0:loc ns2:href="../../ferc-core_2020-01-01.xsd#ferc_FootnoteDataTable" ns2:label="ferc_FootnoteDataTable" ns2:type="locator" />
        <ns0:presentationArc order="1" ns2:arcrole="http://www.xbrl.org/2003/arcrole/parent-child" ns2:from="ferc_ScheduleFootnoteDataAbstract" ns2:to="ferc_FootnoteDataTable" ns2:type="arc" />
        <ns0:loc ns2:href="../../ferc-core_2020-01-01.xsd#ferc_FootnoteDataAxis" ns2:label="ferc_FootnoteDataAxis" ns2:type="locator" />
        <ns0:presentationArc order="1" ns2:arcrole="http://www.xbrl.org/2003/arcrole/parent-child" ns2:from="ferc_FootnoteDataTable" ns2:to="ferc_FootnoteDataAxis" ns2:type="arc" />
        <ns0:loc ns2:href="../../ferc-core_2020-01-01.xsd#ferc_FootnoteDataLineItems" ns2:label="ferc_FootnoteDataLineItems" ns2:type="locator" />
        <ns0:presentationArc order="2" ns2:arcrole="http://www.xbrl.org/2003/arcrole/parent-child" ns2:from="ferc_FootnoteDataTable" ns2:to="ferc_FootnoteDataLineItems" ns2:type="arc" />
        <ns0:loc ns2:href="../../ferc-core_2020-01-01.xsd#ferc_OrderNumber" ns2:label="ferc_OrderNumber" ns2:type="locator" />
        <ns0:presentationArc order="1" ns2:arcrole="http://www.xbrl.org/2003/arcrole/parent-child" ns2:from="ferc_FootnoteDataLineItems" ns2:to="ferc_OrderNumber" ns2:type="arc" />
        <ns0:loc ns2:href="../../ferc-core_2020-01-01.xsd#ferc_ReferencePageNumber" ns2:label="ferc_ReferencePageNumber" ns2:type="locator" />
        <ns0:presentationArc order="2" preferredLabel="http://ferc.gov/form/2020-01-01/roles/label/F1FootnoteData" ns2:arcrole="http://www.xbrl.org/2003/arcrole/parent-child" ns2:from="ferc_FootnoteDataLineItems" ns2:to="ferc_ReferencePageNumber" ns2:type="arc" />
        <ns0:loc ns2:href="../../ferc-core_2020-01-01.xsd#ferc_ReferencePartNumber" ns2:label="ferc_ReferencePartNumber" ns2:type="locator" />
        <ns0:presentationArc order="3" preferredLabel="http://ferc.gov/form/2020-01-01/roles/label/F1FootnoteData" ns2:arcrole="http://www.xbrl.org/2003/arcrole/parent-child" ns2:from="ferc_FootnoteDataLineItems" ns2:to="ferc_ReferencePartNumber" ns2:type="arc" />
        <ns0:loc ns2:href="../../ferc-core_2020-01-01.xsd#ferc_ReferenceItemNumber" ns2:label="ferc_ReferenceItemNumber" ns2:type="locator" />
        <ns0:presentationArc order="4" preferredLabel="http://ferc.gov/form/2020-01-01/roles/label/F1FootnoteData" ns2:arcrole="http://www.xbrl.org/2003/arcrole/parent-child" ns2:from="ferc_FootnoteDataLineItems" ns2:to="ferc_ReferenceItemNumber" ns2:type="arc" />
        <ns0:loc ns2:href="../../ferc-core_2020-01-01.xsd#ferc_ReferenceColumnNumber" ns2:label="ferc_ReferenceColumnNumber" ns2:type="locator" />
        <ns0:presentationArc order="5" preferredLabel="http://ferc.gov/form/2020-01-01/roles/label/F1FootnoteData" ns2:arcrole="http://www.xbrl.org/2003/arcrole/parent-child" ns2:from="ferc_FootnoteDataLineItems" ns2:to="ferc_ReferenceColumnNumber" ns2:type="arc" />
        <ns0:loc ns2:href="../../ferc-core_2020-01-01.xsd#ferc_FootnoteComments" ns2:label="ferc_FootnoteComments" ns2:type="locator" />
        <ns0:presentationArc order="6" preferredLabel="http://ferc.gov/form/2020-01-01/roles/label/F1FootnoteData" ns2:arcrole="http://www.xbrl.org/2003/arcrole/parent-child" ns2:from="ferc_FootnoteDataLineItems" ns2:to="ferc_FootnoteComments" ns2:type="arc" />
    </ns0:presentationLink>
</ns0:linkbase>