﻿<?xml version="1.0" encoding="utf-8"?>
<!--© DNB-->
<link:linkbase xmlns:xsi="http://www.w3.org/2001/XMLSchema-instance" xmlns:xlink="http://www.w3.org/1999/xlink" xmlns:link="http://www.xbrl.org/2003/linkbase" xmlns:xbrldt="http://xbrl.org/2005/xbrldt" xsi:schemaLocation="http://www.xbrl.org/2003/linkbase http://www.xbrl.org/2003/xbrl-linkbase-2003-12-31.xsd http://xbrl.org/2005/xbrldt http://www.xbrl.org/2005/xbrldt-2005.xsd">
  <link:arcroleRef arcroleURI="http://xbrl.org/int/dim/arcrole/all" xlink:type="simple" xlink:href="http://www.xbrl.org/2005/xbrldt-2005.xsd#all" />
  <link:arcroleRef arcroleURI="http://xbrl.org/int/dim/arcrole/dimension-domain" xlink:type="simple" xlink:href="http://www.xbrl.org/2005/xbrldt-2005.xsd#dimension-domain" />
  <link:arcroleRef arcroleURI="http://xbrl.org/int/dim/arcrole/domain-member" xlink:type="simple" xlink:href="http://www.xbrl.org/2005/xbrldt-2005.xsd#domain-member" />
  <link:arcroleRef arcroleURI="http://xbrl.org/int/dim/arcrole/hypercube-dimension" xlink:type="simple" xlink:href="http://www.xbrl.org/2005/xbrldt-2005.xsd#hypercube-dimension" />
  <link:roleRef roleURI="http://www.dnb.nl/xbrl/role/fws/DNB-NR/ftk-2019-06/2019-12-31/tab/APF002/1" xlink:type="simple" xlink:href="apf002.xsd#role1" />
  <link:roleRef roleURI="http://www.dnb.nl/xbrl/role/fws/DNB-NR/ftk-2019-06/2019-12-31/tab/APF002/2" xlink:type="simple" xlink:href="apf002.xsd#role2" />
  <link:roleRef roleURI="http://www.dnb.nl/xbrl/role/fws/DNB-NR/ftk-2019-06/2019-12-31/tab/APF002/3" xlink:type="simple" xlink:href="apf002.xsd#role3" />
  <link:roleRef roleURI="http://www.dnb.nl/xbrl/role/fws/DNB-NR/ftk-2019-06/2019-12-31/tab/APF002/4" xlink:type="simple" xlink:href="apf002.xsd#role4" />
  <link:definitionLink xlink:type="extended" xlink:role="http://www.dnb.nl/xbrl/role/fws/DNB-NR/ftk-2019-06/2019-12-31/tab/APF002/1">
    <link:loc xlink:type="locator" xlink:href="../../../../../../dict/met/met.xsd#dnb_mi_ftk_004" xlink:label="loc_dnb_mi_ftk_004" />
    <link:loc xlink:type="locator" xlink:href="http://www.eurofiling.info/eu/fr/xbrl/ext/model.xsd#hyp" xlink:label="loc_hyp" />
    <link:definitionArc xlink:type="arc" xlink:arcrole="http://xbrl.org/int/dim/arcrole/all" xlink:from="loc_dnb_mi_ftk_004" xlink:to="loc_hyp" xbrldt:closed="true" xbrldt:contextElement="scenario" order="1" />
    <link:loc xlink:type="locator" xlink:href="../../../../../../dict/dim/dim.xsd#dnb_ftk_dim008" xlink:label="loc_dnb_ftk_dim008" />
    <link:definitionArc xlink:type="arc" xlink:arcrole="http://xbrl.org/int/dim/arcrole/hypercube-dimension" xlink:from="loc_hyp" xlink:to="loc_dnb_ftk_dim008" order="1" />
    <link:loc xlink:type="locator" xlink:href="../../../../../../dict/dom/exp.xsd#dnb_ftk_dom002" xlink:label="loc_dnb_ftk_dom002" />
    <link:definitionArc xlink:type="arc" xlink:arcrole="http://xbrl.org/int/dim/arcrole/dimension-domain" xlink:from="loc_dnb_ftk_dim008" xlink:to="loc_dnb_ftk_dom002" xbrldt:usable="false" order="1" />
    <link:loc xlink:type="locator" xlink:href="../../../../../../dict/dom/ftk_dom002/mem.xsd#dnb_mem043" xlink:label="loc_dnb_mem043" />
    <link:definitionArc xlink:type="arc" xlink:arcrole="http://xbrl.org/int/dim/arcrole/domain-member" xlink:from="loc_dnb_ftk_dom002" xlink:to="loc_dnb_mem043" order="1" />
    <link:loc xlink:type="locator" xlink:href="../../../../../../dict/dim/dim.xsd#dnb_ftk_dim107" xlink:label="loc_dnb_ftk_dim107" />
    <link:definitionArc xlink:type="arc" xlink:arcrole="http://xbrl.org/int/dim/arcrole/hypercube-dimension" xlink:from="loc_hyp" xlink:to="loc_dnb_ftk_dim107" order="2" />
    <link:loc xlink:type="locator" xlink:href="../../../../../../dict/dom/exp.xsd#dnb_ftk_dom039" xlink:label="loc_dnb_ftk_dom039" />
    <link:definitionArc xlink:type="arc" xlink:arcrole="http://xbrl.org/int/dim/arcrole/dimension-domain" xlink:from="loc_dnb_ftk_dim107" xlink:to="loc_dnb_ftk_dom039" xbrldt:usable="false" order="1" />
    <link:loc xlink:type="locator" xlink:href="../../../../../../dict/dom/ftk_dom039/mem.xsd#dnb_mem001" xlink:label="loc_dnb_mem001" />
    <link:definitionArc xlink:type="arc" xlink:arcrole="http://xbrl.org/int/dim/arcrole/domain-member" xlink:from="loc_dnb_ftk_dom039" xlink:to="loc_dnb_mem001" order="1" />
    <link:loc xlink:type="locator" xlink:href="../../../../../../dict/dim/dim.xsd#dnb_ftk_dim004" xlink:label="loc_dnb_ftk_dim004" />
    <link:definitionArc xlink:type="arc" xlink:arcrole="http://xbrl.org/int/dim/arcrole/hypercube-dimension" xlink:from="loc_hyp" xlink:to="loc_dnb_ftk_dim004" order="3" />
    <link:loc xlink:type="locator" xlink:href="../../../../../../dict/dom/exp.xsd#dnb_ftk_dom004" xlink:label="loc_dnb_ftk_dom004" />
    <link:definitionArc xlink:type="arc" xlink:arcrole="http://xbrl.org/int/dim/arcrole/dimension-domain" xlink:from="loc_dnb_ftk_dim004" xlink:to="loc_dnb_ftk_dom004" xbrldt:usable="false" order="1" />
    <link:loc xlink:type="locator" xlink:href="../../../../../../dict/dom/ftk_dom004/mem.xsd#dnb_mem193" xlink:label="loc_dnb_mem193" />
    <link:definitionArc xlink:type="arc" xlink:arcrole="http://xbrl.org/int/dim/arcrole/domain-member" xlink:from="loc_dnb_ftk_dom004" xlink:to="loc_dnb_mem193" order="1" />
    <link:loc xlink:type="locator" xlink:href="../../../../../../dict/dom/ftk_dom004/mem.xsd#dnb_mem135" xlink:label="loc_dnb_mem135" />
    <link:definitionArc xlink:type="arc" xlink:arcrole="http://xbrl.org/int/dim/arcrole/domain-member" xlink:from="loc_dnb_ftk_dom004" xlink:to="loc_dnb_mem135" order="2" />
    <link:loc xlink:type="locator" xlink:href="../../../../../../dict/dom/ftk_dom004/mem.xsd#dnb_mem136" xlink:label="loc_dnb_mem136" />
    <link:definitionArc xlink:type="arc" xlink:arcrole="http://xbrl.org/int/dim/arcrole/domain-member" xlink:from="loc_dnb_ftk_dom004" xlink:to="loc_dnb_mem136" order="3" />
    <link:loc xlink:type="locator" xlink:href="../../../../../../dict/dom/ftk_dom004/mem.xsd#dnb_mem137" xlink:label="loc_dnb_mem137" />
    <link:definitionArc xlink:type="arc" xlink:arcrole="http://xbrl.org/int/dim/arcrole/domain-member" xlink:from="loc_dnb_ftk_dom004" xlink:to="loc_dnb_mem137" order="4" />
    <link:loc xlink:type="locator" xlink:href="../../../../../../dict/dom/ftk_dom004/mem.xsd#dnb_mem139" xlink:label="loc_dnb_mem139" />
    <link:definitionArc xlink:type="arc" xlink:arcrole="http://xbrl.org/int/dim/arcrole/domain-member" xlink:from="loc_dnb_ftk_dom004" xlink:to="loc_dnb_mem139" order="5" />
    <link:loc xlink:type="locator" xlink:href="../../../../../../dict/dom/ftk_dom004/mem.xsd#dnb_mem138" xlink:label="loc_dnb_mem138" />
    <link:definitionArc xlink:type="arc" xlink:arcrole="http://xbrl.org/int/dim/arcrole/domain-member" xlink:from="loc_dnb_ftk_dom004" xlink:to="loc_dnb_mem138" order="6" />
    <link:loc xlink:type="locator" xlink:href="../../../../../../dict/dom/ftk_dom004/mem.xsd#dnb_mem140" xlink:label="loc_dnb_mem140" />
    <link:definitionArc xlink:type="arc" xlink:arcrole="http://xbrl.org/int/dim/arcrole/domain-member" xlink:from="loc_dnb_ftk_dom004" xlink:to="loc_dnb_mem140" order="7" />
    <link:loc xlink:type="locator" xlink:href="../../../../../../dict/dom/ftk_dom004/mem.xsd#dnb_mem064" xlink:label="loc_dnb_mem064" />
    <link:definitionArc xlink:type="arc" xlink:arcrole="http://xbrl.org/int/dim/arcrole/domain-member" xlink:from="loc_dnb_ftk_dom004" xlink:to="loc_dnb_mem064" order="8" />
    <link:loc xlink:type="locator" xlink:href="../../../../../../dict/dom/ftk_dom004/mem.xsd#dnb_mem141" xlink:label="loc_dnb_mem141" />
    <link:definitionArc xlink:type="arc" xlink:arcrole="http://xbrl.org/int/dim/arcrole/domain-member" xlink:from="loc_dnb_ftk_dom004" xlink:to="loc_dnb_mem141" order="9" />
    <link:loc xlink:type="locator" xlink:href="../../../../../../dict/dom/ftk_dom004/mem.xsd#dnb_mem142" xlink:label="loc_dnb_mem142" />
    <link:definitionArc xlink:type="arc" xlink:arcrole="http://xbrl.org/int/dim/arcrole/domain-member" xlink:from="loc_dnb_ftk_dom004" xlink:to="loc_dnb_mem142" order="10" />
    <link:loc xlink:type="locator" xlink:href="../../../../../../dict/dom/ftk_dom004/mem.xsd#dnb_mem143" xlink:label="loc_dnb_mem143" />
    <link:definitionArc xlink:type="arc" xlink:arcrole="http://xbrl.org/int/dim/arcrole/domain-member" xlink:from="loc_dnb_ftk_dom004" xlink:to="loc_dnb_mem143" order="11" />
    <link:loc xlink:type="locator" xlink:href="../../../../../../dict/dom/ftk_dom004/mem.xsd#dnb_mem068" xlink:label="loc_dnb_mem068" />
    <link:definitionArc xlink:type="arc" xlink:arcrole="http://xbrl.org/int/dim/arcrole/domain-member" xlink:from="loc_dnb_ftk_dom004" xlink:to="loc_dnb_mem068" order="12" />
    <link:loc xlink:type="locator" xlink:href="../../../../../../dict/dom/ftk_dom004/mem.xsd#dnb_mem144" xlink:label="loc_dnb_mem144" />
    <link:definitionArc xlink:type="arc" xlink:arcrole="http://xbrl.org/int/dim/arcrole/domain-member" xlink:from="loc_dnb_ftk_dom004" xlink:to="loc_dnb_mem144" order="13" />
    <link:loc xlink:type="locator" xlink:href="../../../../../../dict/dim/dim.xsd#dnb_ftk_dim108" xlink:label="loc_dnb_ftk_dim108" />
    <link:definitionArc xlink:type="arc" xlink:arcrole="http://xbrl.org/int/dim/arcrole/hypercube-dimension" xlink:from="loc_hyp" xlink:to="loc_dnb_ftk_dim108" order="4" />
    <link:loc xlink:type="locator" xlink:href="../../../../../../dict/dom/exp.xsd#dnb_ftk_dom040" xlink:label="loc_dnb_ftk_dom040" />
    <link:definitionArc xlink:type="arc" xlink:arcrole="http://xbrl.org/int/dim/arcrole/dimension-domain" xlink:from="loc_dnb_ftk_dim108" xlink:to="loc_dnb_ftk_dom040" xbrldt:usable="false" order="1" />
    <link:loc xlink:type="locator" xlink:href="../../../../../../dict/dom/ftk_dom040/mem.xsd#dnb_mem000" xlink:label="loc_dnb_mem000" />
    <link:definitionArc xlink:type="arc" xlink:arcrole="http://xbrl.org/int/dim/arcrole/domain-member" xlink:from="loc_dnb_ftk_dom040" xlink:to="loc_dnb_mem000" order="1" />
  </link:definitionLink>
  <link:definitionLink xlink:type="extended" xlink:role="http://www.dnb.nl/xbrl/role/fws/DNB-NR/ftk-2019-06/2019-12-31/tab/APF002/2">
    <link:loc xlink:type="locator" xlink:href="../../../../../../dict/met/met.xsd#dnb_mi_ftk_004" xlink:label="loc_dnb_mi_ftk_004" />
    <link:loc xlink:type="locator" xlink:href="http://www.eurofiling.info/eu/fr/xbrl/ext/model.xsd#hyp" xlink:label="loc_hyp" />
    <link:definitionArc xlink:type="arc" xlink:arcrole="http://xbrl.org/int/dim/arcrole/all" xlink:from="loc_dnb_mi_ftk_004" xlink:to="loc_hyp" xbrldt:closed="true" xbrldt:contextElement="scenario" order="1" />
    <link:loc xlink:type="locator" xlink:href="../../../../../../dict/dim/dim.xsd#dnb_ftk_dim008" xlink:label="loc_dnb_ftk_dim008" />
    <link:definitionArc xlink:type="arc" xlink:arcrole="http://xbrl.org/int/dim/arcrole/hypercube-dimension" xlink:from="loc_hyp" xlink:to="loc_dnb_ftk_dim008" order="1" />
    <link:loc xlink:type="locator" xlink:href="../../../../../../dict/dom/exp.xsd#dnb_ftk_dom002" xlink:label="loc_dnb_ftk_dom002" />
    <link:definitionArc xlink:type="arc" xlink:arcrole="http://xbrl.org/int/dim/arcrole/dimension-domain" xlink:from="loc_dnb_ftk_dim008" xlink:to="loc_dnb_ftk_dom002" xbrldt:usable="false" order="1" />
    <link:loc xlink:type="locator" xlink:href="../../../../../../dict/dom/ftk_dom002/mem.xsd#dnb_mem043" xlink:label="loc_dnb_mem043" />
    <link:definitionArc xlink:type="arc" xlink:arcrole="http://xbrl.org/int/dim/arcrole/domain-member" xlink:from="loc_dnb_ftk_dom002" xlink:to="loc_dnb_mem043" order="1" />
    <link:loc xlink:type="locator" xlink:href="../../../../../../dict/dim/dim.xsd#dnb_ftk_dim107" xlink:label="loc_dnb_ftk_dim107" />
    <link:definitionArc xlink:type="arc" xlink:arcrole="http://xbrl.org/int/dim/arcrole/hypercube-dimension" xlink:from="loc_hyp" xlink:to="loc_dnb_ftk_dim107" order="2" />
    <link:loc xlink:type="locator" xlink:href="../../../../../../dict/dom/exp.xsd#dnb_ftk_dom039" xlink:label="loc_dnb_ftk_dom039" />
    <link:definitionArc xlink:type="arc" xlink:arcrole="http://xbrl.org/int/dim/arcrole/dimension-domain" xlink:from="loc_dnb_ftk_dim107" xlink:to="loc_dnb_ftk_dom039" xbrldt:usable="false" order="1" />
    <link:loc xlink:type="locator" xlink:href="../../../../../../dict/dom/ftk_dom039/mem.xsd#dnb_mem001" xlink:label="loc_dnb_mem001" />
    <link:definitionArc xlink:type="arc" xlink:arcrole="http://xbrl.org/int/dim/arcrole/domain-member" xlink:from="loc_dnb_ftk_dom039" xlink:to="loc_dnb_mem001" order="1" />
    <link:loc xlink:type="locator" xlink:href="../../../../../../dict/dim/dim.xsd#dnb_ftk_dim004" xlink:label="loc_dnb_ftk_dim004" />
    <link:definitionArc xlink:type="arc" xlink:arcrole="http://xbrl.org/int/dim/arcrole/hypercube-dimension" xlink:from="loc_hyp" xlink:to="loc_dnb_ftk_dim004" order="3" />
    <link:loc xlink:type="locator" xlink:href="../../../../../../dict/dom/exp.xsd#dnb_ftk_dom004" xlink:label="loc_dnb_ftk_dom004" />
    <link:definitionArc xlink:type="arc" xlink:arcrole="http://xbrl.org/int/dim/arcrole/dimension-domain" xlink:from="loc_dnb_ftk_dim004" xlink:to="loc_dnb_ftk_dom004" xbrldt:usable="false" order="1" />
    <link:loc xlink:type="locator" xlink:href="../../../../../../dict/dom/ftk_dom004/mem.xsd#dnb_mem139" xlink:label="loc_dnb_mem139" />
    <link:definitionArc xlink:type="arc" xlink:arcrole="http://xbrl.org/int/dim/arcrole/domain-member" xlink:from="loc_dnb_ftk_dom004" xlink:to="loc_dnb_mem139" order="1" />
    <link:loc xlink:type="locator" xlink:href="../../../../../../dict/dim/dim.xsd#dnb_ftk_dim108" xlink:label="loc_dnb_ftk_dim108" />
    <link:definitionArc xlink:type="arc" xlink:arcrole="http://xbrl.org/int/dim/arcrole/hypercube-dimension" xlink:from="loc_hyp" xlink:to="loc_dnb_ftk_dim108" order="4" />
    <link:loc xlink:type="locator" xlink:href="../../../../../../dict/dom/exp.xsd#dnb_ftk_dom040" xlink:label="loc_dnb_ftk_dom040" />
    <link:definitionArc xlink:type="arc" xlink:arcrole="http://xbrl.org/int/dim/arcrole/dimension-domain" xlink:from="loc_dnb_ftk_dim108" xlink:to="loc_dnb_ftk_dom040" xbrldt:usable="false" order="1" />
    <link:loc xlink:type="locator" xlink:href="../../../../../../dict/dom/ftk_dom040/mem.xsd#dnb_mem001" xlink:label="loc_dnb_mem001_1" />
    <link:definitionArc xlink:type="arc" xlink:arcrole="http://xbrl.org/int/dim/arcrole/domain-member" xlink:from="loc_dnb_ftk_dom040" xlink:to="loc_dnb_mem001_1" order="1" />
    <link:loc xlink:type="locator" xlink:href="../../../../../../dict/dom/ftk_dom040/mem.xsd#dnb_mem002" xlink:label="loc_dnb_mem002" />
    <link:definitionArc xlink:type="arc" xlink:arcrole="http://xbrl.org/int/dim/arcrole/domain-member" xlink:from="loc_dnb_ftk_dom040" xlink:to="loc_dnb_mem002" order="2" />
  </link:definitionLink>
  <link:definitionLink xlink:type="extended" xlink:role="http://www.dnb.nl/xbrl/role/fws/DNB-NR/ftk-2019-06/2019-12-31/tab/APF002/3">
    <link:loc xlink:type="locator" xlink:href="../../../../../../dict/met/met.xsd#dnb_mi_ftk_004" xlink:label="loc_dnb_mi_ftk_004" />
    <link:loc xlink:type="locator" xlink:href="http://www.eurofiling.info/eu/fr/xbrl/ext/model.xsd#hyp" xlink:label="loc_hyp" />
    <link:definitionArc xlink:type="arc" xlink:arcrole="http://xbrl.org/int/dim/arcrole/all" xlink:from="loc_dnb_mi_ftk_004" xlink:to="loc_hyp" xbrldt:closed="true" xbrldt:contextElement="scenario" order="1" />
    <link:loc xlink:type="locator" xlink:href="../../../../../../dict/dim/dim.xsd#dnb_ftk_dim008" xlink:label="loc_dnb_ftk_dim008" />
    <link:definitionArc xlink:type="arc" xlink:arcrole="http://xbrl.org/int/dim/arcrole/hypercube-dimension" xlink:from="loc_hyp" xlink:to="loc_dnb_ftk_dim008" order="1" />
    <link:loc xlink:type="locator" xlink:href="../../../../../../dict/dom/exp.xsd#dnb_ftk_dom002" xlink:label="loc_dnb_ftk_dom002" />
    <link:definitionArc xlink:type="arc" xlink:arcrole="http://xbrl.org/int/dim/arcrole/dimension-domain" xlink:from="loc_dnb_ftk_dim008" xlink:to="loc_dnb_ftk_dom002" xbrldt:usable="false" order="1" />
    <link:loc xlink:type="locator" xlink:href="../../../../../../dict/dom/ftk_dom002/mem.xsd#dnb_mem043" xlink:label="loc_dnb_mem043" />
    <link:definitionArc xlink:type="arc" xlink:arcrole="http://xbrl.org/int/dim/arcrole/domain-member" xlink:from="loc_dnb_ftk_dom002" xlink:to="loc_dnb_mem043" order="1" />
    <link:loc xlink:type="locator" xlink:href="../../../../../../dict/dim/dim.xsd#dnb_ftk_dim107" xlink:label="loc_dnb_ftk_dim107" />
    <link:definitionArc xlink:type="arc" xlink:arcrole="http://xbrl.org/int/dim/arcrole/hypercube-dimension" xlink:from="loc_hyp" xlink:to="loc_dnb_ftk_dim107" order="2" />
    <link:loc xlink:type="locator" xlink:href="../../../../../../dict/dom/exp.xsd#dnb_ftk_dom039" xlink:label="loc_dnb_ftk_dom039" />
    <link:definitionArc xlink:type="arc" xlink:arcrole="http://xbrl.org/int/dim/arcrole/dimension-domain" xlink:from="loc_dnb_ftk_dim107" xlink:to="loc_dnb_ftk_dom039" xbrldt:usable="false" order="1" />
    <link:loc xlink:type="locator" xlink:href="../../../../../../dict/dom/ftk_dom039/mem.xsd#dnb_mem002" xlink:label="loc_dnb_mem002" />
    <link:definitionArc xlink:type="arc" xlink:arcrole="http://xbrl.org/int/dim/arcrole/domain-member" xlink:from="loc_dnb_ftk_dom039" xlink:to="loc_dnb_mem002" order="1" />
    <link:loc xlink:type="locator" xlink:href="../../../../../../dict/dim/dim.xsd#dnb_ftk_dim004" xlink:label="loc_dnb_ftk_dim004" />
    <link:definitionArc xlink:type="arc" xlink:arcrole="http://xbrl.org/int/dim/arcrole/hypercube-dimension" xlink:from="loc_hyp" xlink:to="loc_dnb_ftk_dim004" order="3" />
    <link:loc xlink:type="locator" xlink:href="../../../../../../dict/dom/exp.xsd#dnb_ftk_dom004" xlink:label="loc_dnb_ftk_dom004" />
    <link:definitionArc xlink:type="arc" xlink:arcrole="http://xbrl.org/int/dim/arcrole/dimension-domain" xlink:from="loc_dnb_ftk_dim004" xlink:to="loc_dnb_ftk_dom004" xbrldt:usable="false" order="1" />
    <link:loc xlink:type="locator" xlink:href="../../../../../../dict/dom/ftk_dom004/mem.xsd#dnb_mem194" xlink:label="loc_dnb_mem194" />
    <link:definitionArc xlink:type="arc" xlink:arcrole="http://xbrl.org/int/dim/arcrole/domain-member" xlink:from="loc_dnb_ftk_dom004" xlink:to="loc_dnb_mem194" order="1" />
    <link:loc xlink:type="locator" xlink:href="../../../../../../dict/dom/ftk_dom004/mem.xsd#dnb_mem145" xlink:label="loc_dnb_mem145" />
    <link:definitionArc xlink:type="arc" xlink:arcrole="http://xbrl.org/int/dim/arcrole/domain-member" xlink:from="loc_dnb_ftk_dom004" xlink:to="loc_dnb_mem145" order="2" />
    <link:loc xlink:type="locator" xlink:href="../../../../../../dict/dom/ftk_dom004/mem.xsd#dnb_mem195" xlink:label="loc_dnb_mem195" />
    <link:definitionArc xlink:type="arc" xlink:arcrole="http://xbrl.org/int/dim/arcrole/domain-member" xlink:from="loc_dnb_ftk_dom004" xlink:to="loc_dnb_mem195" order="3" />
    <link:loc xlink:type="locator" xlink:href="../../../../../../dict/dom/ftk_dom004/mem.xsd#dnb_mem146" xlink:label="loc_dnb_mem146" />
    <link:definitionArc xlink:type="arc" xlink:arcrole="http://xbrl.org/int/dim/arcrole/domain-member" xlink:from="loc_dnb_ftk_dom004" xlink:to="loc_dnb_mem146" order="4" />
    <link:loc xlink:type="locator" xlink:href="../../../../../../dict/dom/ftk_dom004/mem.xsd#dnb_mem147" xlink:label="loc_dnb_mem147" />
    <link:definitionArc xlink:type="arc" xlink:arcrole="http://xbrl.org/int/dim/arcrole/domain-member" xlink:from="loc_dnb_ftk_dom004" xlink:to="loc_dnb_mem147" order="5" />
    <link:loc xlink:type="locator" xlink:href="../../../../../../dict/dom/ftk_dom004/mem.xsd#dnb_mem148" xlink:label="loc_dnb_mem148" />
    <link:definitionArc xlink:type="arc" xlink:arcrole="http://xbrl.org/int/dim/arcrole/domain-member" xlink:from="loc_dnb_ftk_dom004" xlink:to="loc_dnb_mem148" order="6" />
    <link:loc xlink:type="locator" xlink:href="../../../../../../dict/dom/ftk_dom004/mem.xsd#dnb_mem149" xlink:label="loc_dnb_mem149" />
    <link:definitionArc xlink:type="arc" xlink:arcrole="http://xbrl.org/int/dim/arcrole/domain-member" xlink:from="loc_dnb_ftk_dom004" xlink:to="loc_dnb_mem149" order="7" />
    <link:loc xlink:type="locator" xlink:href="../../../../../../dict/dim/dim.xsd#dnb_ftk_dim108" xlink:label="loc_dnb_ftk_dim108" />
    <link:definitionArc xlink:type="arc" xlink:arcrole="http://xbrl.org/int/dim/arcrole/hypercube-dimension" xlink:from="loc_hyp" xlink:to="loc_dnb_ftk_dim108" order="4" />
    <link:loc xlink:type="locator" xlink:href="../../../../../../dict/dom/exp.xsd#dnb_ftk_dom040" xlink:label="loc_dnb_ftk_dom040" />
    <link:definitionArc xlink:type="arc" xlink:arcrole="http://xbrl.org/int/dim/arcrole/dimension-domain" xlink:from="loc_dnb_ftk_dim108" xlink:to="loc_dnb_ftk_dom040" xbrldt:usable="false" order="1" />
    <link:loc xlink:type="locator" xlink:href="../../../../../../dict/dom/ftk_dom040/mem.xsd#dnb_mem000" xlink:label="loc_dnb_mem000" />
    <link:definitionArc xlink:type="arc" xlink:arcrole="http://xbrl.org/int/dim/arcrole/domain-member" xlink:from="loc_dnb_ftk_dom040" xlink:to="loc_dnb_mem000" order="1" />
  </link:definitionLink>
  <link:definitionLink xlink:type="extended" xlink:role="http://www.dnb.nl/xbrl/role/fws/DNB-NR/ftk-2019-06/2019-12-31/tab/APF002/4">
    <link:loc xlink:type="locator" xlink:href="../../../../../../dict/met/met.xsd#dnb_mi_ftk_004" xlink:label="loc_dnb_mi_ftk_004" />
    <link:loc xlink:type="locator" xlink:href="http://www.eurofiling.info/eu/fr/xbrl/ext/model.xsd#hyp" xlink:label="loc_hyp" />
    <link:definitionArc xlink:type="arc" xlink:arcrole="http://xbrl.org/int/dim/arcrole/all" xlink:from="loc_dnb_mi_ftk_004" xlink:to="loc_hyp" xbrldt:closed="true" xbrldt:contextElement="scenario" order="1" />
    <link:loc xlink:type="locator" xlink:href="../../../../../../dict/dim/dim.xsd#dnb_ftk_dim008" xlink:label="loc_dnb_ftk_dim008" />
    <link:definitionArc xlink:type="arc" xlink:arcrole="http://xbrl.org/int/dim/arcrole/hypercube-dimension" xlink:from="loc_hyp" xlink:to="loc_dnb_ftk_dim008" order="1" />
    <link:loc xlink:type="locator" xlink:href="../../../../../../dict/dom/exp.xsd#dnb_ftk_dom002" xlink:label="loc_dnb_ftk_dom002" />
    <link:definitionArc xlink:type="arc" xlink:arcrole="http://xbrl.org/int/dim/arcrole/dimension-domain" xlink:from="loc_dnb_ftk_dim008" xlink:to="loc_dnb_ftk_dom002" xbrldt:usable="false" order="1" />
    <link:loc xlink:type="locator" xlink:href="../../../../../../dict/dom/ftk_dom002/mem.xsd#dnb_mem043" xlink:label="loc_dnb_mem043" />
    <link:definitionArc xlink:type="arc" xlink:arcrole="http://xbrl.org/int/dim/arcrole/domain-member" xlink:from="loc_dnb_ftk_dom002" xlink:to="loc_dnb_mem043" order="1" />
    <link:loc xlink:type="locator" xlink:href="../../../../../../dict/dim/dim.xsd#dnb_ftk_dim107" xlink:label="loc_dnb_ftk_dim107" />
    <link:definitionArc xlink:type="arc" xlink:arcrole="http://xbrl.org/int/dim/arcrole/hypercube-dimension" xlink:from="loc_hyp" xlink:to="loc_dnb_ftk_dim107" order="2" />
    <link:loc xlink:type="locator" xlink:href="../../../../../../dict/dom/exp.xsd#dnb_ftk_dom039" xlink:label="loc_dnb_ftk_dom039" />
    <link:definitionArc xlink:type="arc" xlink:arcrole="http://xbrl.org/int/dim/arcrole/dimension-domain" xlink:from="loc_dnb_ftk_dim107" xlink:to="loc_dnb_ftk_dom039" xbrldt:usable="false" order="1" />
    <link:loc xlink:type="locator" xlink:href="../../../../../../dict/dom/ftk_dom039/mem.xsd#dnb_mem003" xlink:label="loc_dnb_mem003" />
    <link:definitionArc xlink:type="arc" xlink:arcrole="http://xbrl.org/int/dim/arcrole/domain-member" xlink:from="loc_dnb_ftk_dom039" xlink:to="loc_dnb_mem003" order="1" />
    <link:loc xlink:type="locator" xlink:href="../../../../../../dict/dim/dim.xsd#dnb_ftk_dim004" xlink:label="loc_dnb_ftk_dim004" />
    <link:definitionArc xlink:type="arc" xlink:arcrole="http://xbrl.org/int/dim/arcrole/hypercube-dimension" xlink:from="loc_hyp" xlink:to="loc_dnb_ftk_dim004" order="3" />
    <link:loc xlink:type="locator" xlink:href="../../../../../../dict/dom/exp.xsd#dnb_ftk_dom004" xlink:label="loc_dnb_ftk_dom004" />
    <link:definitionArc xlink:type="arc" xlink:arcrole="http://xbrl.org/int/dim/arcrole/dimension-domain" xlink:from="loc_dnb_ftk_dim004" xlink:to="loc_dnb_ftk_dom004" xbrldt:usable="false" order="1" />
    <link:loc xlink:type="locator" xlink:href="../../../../../../dict/dom/ftk_dom004/mem.xsd#dnb_mem071" xlink:label="loc_dnb_mem071" />
    <link:definitionArc xlink:type="arc" xlink:arcrole="http://xbrl.org/int/dim/arcrole/domain-member" xlink:from="loc_dnb_ftk_dom004" xlink:to="loc_dnb_mem071" order="1" />
    <link:loc xlink:type="locator" xlink:href="../../../../../../dict/dom/ftk_dom004/mem.xsd#dnb_mem150" xlink:label="loc_dnb_mem150" />
    <link:definitionArc xlink:type="arc" xlink:arcrole="http://xbrl.org/int/dim/arcrole/domain-member" xlink:from="loc_dnb_ftk_dom004" xlink:to="loc_dnb_mem150" order="2" />
    <link:loc xlink:type="locator" xlink:href="../../../../../../dict/dom/ftk_dom004/mem.xsd#dnb_mem196" xlink:label="loc_dnb_mem196" />
    <link:definitionArc xlink:type="arc" xlink:arcrole="http://xbrl.org/int/dim/arcrole/domain-member" xlink:from="loc_dnb_ftk_dom004" xlink:to="loc_dnb_mem196" order="3" />
    <link:loc xlink:type="locator" xlink:href="../../../../../../dict/dom/ftk_dom004/mem.xsd#dnb_mem151" xlink:label="loc_dnb_mem151" />
    <link:definitionArc xlink:type="arc" xlink:arcrole="http://xbrl.org/int/dim/arcrole/domain-member" xlink:from="loc_dnb_ftk_dom004" xlink:to="loc_dnb_mem151" order="4" />
    <link:loc xlink:type="locator" xlink:href="../../../../../../dict/dom/ftk_dom004/mem.xsd#dnb_mem152" xlink:label="loc_dnb_mem152" />
    <link:definitionArc xlink:type="arc" xlink:arcrole="http://xbrl.org/int/dim/arcrole/domain-member" xlink:from="loc_dnb_ftk_dom004" xlink:to="loc_dnb_mem152" order="5" />
    <link:loc xlink:type="locator" xlink:href="../../../../../../dict/dom/ftk_dom004/mem.xsd#dnb_mem153" xlink:label="loc_dnb_mem153" />
    <link:definitionArc xlink:type="arc" xlink:arcrole="http://xbrl.org/int/dim/arcrole/domain-member" xlink:from="loc_dnb_ftk_dom004" xlink:to="loc_dnb_mem153" order="6" />
    <link:loc xlink:type="locator" xlink:href="../../../../../../dict/dom/ftk_dom004/mem.xsd#dnb_mem154" xlink:label="loc_dnb_mem154" />
    <link:definitionArc xlink:type="arc" xlink:arcrole="http://xbrl.org/int/dim/arcrole/domain-member" xlink:from="loc_dnb_ftk_dom004" xlink:to="loc_dnb_mem154" order="7" />
    <link:loc xlink:type="locator" xlink:href="../../../../../../dict/dom/ftk_dom004/mem.xsd#dnb_mem155" xlink:label="loc_dnb_mem155" />
    <link:definitionArc xlink:type="arc" xlink:arcrole="http://xbrl.org/int/dim/arcrole/domain-member" xlink:from="loc_dnb_ftk_dom004" xlink:to="loc_dnb_mem155" order="8" />
    <link:loc xlink:type="locator" xlink:href="../../../../../../dict/dim/dim.xsd#dnb_ftk_dim108" xlink:label="loc_dnb_ftk_dim108" />
    <link:definitionArc xlink:type="arc" xlink:arcrole="http://xbrl.org/int/dim/arcrole/hypercube-dimension" xlink:from="loc_hyp" xlink:to="loc_dnb_ftk_dim108" order="4" />
    <link:loc xlink:type="locator" xlink:href="../../../../../../dict/dom/exp.xsd#dnb_ftk_dom040" xlink:label="loc_dnb_ftk_dom040" />
    <link:definitionArc xlink:type="arc" xlink:arcrole="http://xbrl.org/int/dim/arcrole/dimension-domain" xlink:from="loc_dnb_ftk_dim108" xlink:to="loc_dnb_ftk_dom040" xbrldt:usable="false" order="1" />
    <link:loc xlink:type="locator" xlink:href="../../../../../../dict/dom/ftk_dom040/mem.xsd#dnb_mem000" xlink:label="loc_dnb_mem000" />
    <link:definitionArc xlink:type="arc" xlink:arcrole="http://xbrl.org/int/dim/arcrole/domain-member" xlink:from="loc_dnb_ftk_dom040" xlink:to="loc_dnb_mem000" order="1" />
  </link:definitionLink>
</link:linkbase>