﻿<?xml version="1.0" encoding="utf-8"?>
<!--© DNB-->
<link:linkbase xmlns:xsi="http://www.w3.org/2001/XMLSchema-instance" xmlns:xlink="http://www.w3.org/1999/xlink" xmlns:link="http://www.xbrl.org/2003/linkbase" xmlns:gen="http://xbrl.org/2008/generic" xmlns:label="http://xbrl.org/2008/label" xmlns:formula="http://xbrl.org/2008/formula" xmlns:df="http://xbrl.org/2008/filter/dimension" xmlns:table="http://xbrl.org/2014/table" xmlns:model="http://www.eurofiling.info/xbrl/ext/model" xmlns:dnb_dim="http://www.dnb.nl/xbrl/dict/dim" xmlns:dnb_dom041="http://www.dnb.nl/xbrl/dict/dom/dom041" xmlns:dnb_met="http://www.dnb.nl/xbrl/dict/met" xmlns:dnb_dom042="http://www.dnb.nl/xbrl/dict/dom/dom042" xmlns:dnb_dom031="http://www.dnb.nl/xbrl/dict/dom/dom031" xmlns:dnb_dom032="http://www.dnb.nl/xbrl/dict/dom/dom032" xmlns:dnb_dom001="http://www.dnb.nl/xbrl/dict/dom/dom001" xmlns:dnb_dom045="http://www.dnb.nl/xbrl/dict/dom/dom045" xsi:schemaLocation="http://www.xbrl.org/2003/linkbase http://www.xbrl.org/2003/xbrl-linkbase-2003-12-31.xsd http://xbrl.org/2008/generic http://www.xbrl.org/2008/generic-link.xsd http://xbrl.org/2008/label http://www.xbrl.org/2008/generic-label.xsd http://xbrl.org/2008/formula http://www.xbrl.org/2008/formula.xsd http://xbrl.org/2008/filter/dimension http://www.xbrl.org/2008/dimension-filter.xsd http://xbrl.org/2014/table http://www.xbrl.org/2014/table.xsd http://www.eurofiling.info/xbrl/ext/model http://www.eurofiling.info/eu/fr/xbrl/ext/model.xsd">
  <link:arcroleRef arcroleURI="http://xbrl.org/arcrole/2014/breakdown-tree" xlink:type="simple" xlink:href="http://www.xbrl.org/2014/table.xsd#breakdown-tree" />
  <link:arcroleRef arcroleURI="http://xbrl.org/arcrole/2014/definition-node-subtree" xlink:type="simple" xlink:href="http://www.xbrl.org/2014/table.xsd#definition-node-subtree" />
  <link:arcroleRef arcroleURI="http://xbrl.org/arcrole/2014/table-breakdown" xlink:type="simple" xlink:href="http://www.xbrl.org/2014/table.xsd#table-breakdown" />
  <link:roleRef roleURI="http://www.dnb.nl/xbrl/role/fws/DNB-NR/ppsp-2018-01/2018-04-30/tab/C_01.00" xlink:type="simple" xlink:href="c_01.00.xsd#role" />
  <gen:link xlink:type="extended" xlink:role="http://www.dnb.nl/xbrl/role/fws/DNB-NR/ppsp-2018-01/2018-04-30/tab/C_01.00">
    <table:table xlink:type="resource" xlink:label="dnb_tC_01.00" id="dnb_tC_01.00" />
    <table:breakdown xlink:type="resource" xlink:label="dnb_a1" parentChildOrder="parent-first" id="dnb_a1" />
    <table:ruleNode xlink:type="resource" xlink:label="dnb_a1.root" abstract="true" merge="true" id="dnb_a1.root" />
    <table:breakdownTreeArc xlink:type="arc" xlink:arcrole="http://xbrl.org/arcrole/2014/breakdown-tree" xlink:from="dnb_a1" xlink:to="dnb_a1.root" order="0" />
    <table:ruleNode xlink:type="resource" xlink:label="dnb_c1" id="dnb_c1">
      <formula:explicitDimension dimension="dnb_dim:dim068">
        <formula:member>
          <formula:qname>dnb_dom041:mem003</formula:qname>
        </formula:member>
      </formula:explicitDimension>
    </table:ruleNode>
    <table:definitionNodeSubtreeArc xlink:type="arc" xlink:arcrole="http://xbrl.org/arcrole/2014/definition-node-subtree" xlink:from="dnb_a1.root" xlink:to="dnb_c1" order="1" />
    <table:tableBreakdownArc xlink:type="arc" xlink:arcrole="http://xbrl.org/arcrole/2014/table-breakdown" xlink:from="dnb_tC_01.00" xlink:to="dnb_a1" axis="x" order="1" />
    <table:breakdown xlink:type="resource" xlink:label="dnb_a2" parentChildOrder="parent-first" id="dnb_a2" />
    <table:ruleNode xlink:type="resource" xlink:label="dnb_a2.root" abstract="true" merge="true" id="dnb_a2.root" />
    <table:breakdownTreeArc xlink:type="arc" xlink:arcrole="http://xbrl.org/arcrole/2014/breakdown-tree" xlink:from="dnb_a2" xlink:to="dnb_a2.root" order="0" />
    <table:ruleNode xlink:type="resource" xlink:label="dnb_c2" abstract="true" id="dnb_c2" />
    <table:ruleNode xlink:type="resource" xlink:label="dnb_c3" id="dnb_c3">
      <formula:concept>
        <formula:qname>dnb_met:ii003</formula:qname>
      </formula:concept>
      <formula:explicitDimension dimension="dnb_dim:dim069">
        <formula:member>
          <formula:qname>dnb_dom042:mem005</formula:qname>
        </formula:member>
      </formula:explicitDimension>
      <formula:explicitDimension dimension="dnb_dim:dim046">
        <formula:member>
          <formula:qname>dnb_dom031:mem027</formula:qname>
        </formula:member>
      </formula:explicitDimension>
      <formula:explicitDimension dimension="dnb_dim:dim047">
        <formula:member>
          <formula:qname>dnb_dom032:mem001</formula:qname>
        </formula:member>
      </formula:explicitDimension>
    </table:ruleNode>
    <table:ruleNode xlink:type="resource" xlink:label="dnb_c4" id="dnb_c4">
      <formula:concept>
        <formula:qname>dnb_met:ii003</formula:qname>
      </formula:concept>
      <formula:explicitDimension dimension="dnb_dim:dim069">
        <formula:member>
          <formula:qname>dnb_dom042:mem005</formula:qname>
        </formula:member>
      </formula:explicitDimension>
      <formula:explicitDimension dimension="dnb_dim:dim074">
        <formula:member>
          <formula:qname>dnb_dom001:mem007</formula:qname>
        </formula:member>
      </formula:explicitDimension>
      <formula:explicitDimension dimension="dnb_dim:dim046">
        <formula:member>
          <formula:qname>dnb_dom031:mem027</formula:qname>
        </formula:member>
      </formula:explicitDimension>
      <formula:explicitDimension dimension="dnb_dim:dim047">
        <formula:member>
          <formula:qname>dnb_dom032:mem001</formula:qname>
        </formula:member>
      </formula:explicitDimension>
    </table:ruleNode>
    <table:definitionNodeSubtreeArc xlink:type="arc" xlink:arcrole="http://xbrl.org/arcrole/2014/definition-node-subtree" xlink:from="dnb_c3" xlink:to="dnb_c4" order="1" />
    <table:definitionNodeSubtreeArc xlink:type="arc" xlink:arcrole="http://xbrl.org/arcrole/2014/definition-node-subtree" xlink:from="dnb_c2" xlink:to="dnb_c3" order="1" />
    <table:definitionNodeSubtreeArc xlink:type="arc" xlink:arcrole="http://xbrl.org/arcrole/2014/definition-node-subtree" xlink:from="dnb_a2.root" xlink:to="dnb_c2" order="1" />
    <table:ruleNode xlink:type="resource" xlink:label="dnb_c5" abstract="true" id="dnb_c5" />
    <table:ruleNode xlink:type="resource" xlink:label="dnb_c6" id="dnb_c6">
      <formula:concept>
        <formula:qname>dnb_met:ii003</formula:qname>
      </formula:concept>
      <formula:explicitDimension dimension="dnb_dim:dim069">
        <formula:member>
          <formula:qname>dnb_dom042:mem006</formula:qname>
        </formula:member>
      </formula:explicitDimension>
      <formula:explicitDimension dimension="dnb_dim:dim046">
        <formula:member>
          <formula:qname>dnb_dom031:mem028</formula:qname>
        </formula:member>
      </formula:explicitDimension>
      <formula:explicitDimension dimension="dnb_dim:dim047">
        <formula:member>
          <formula:qname>dnb_dom032:mem001</formula:qname>
        </formula:member>
      </formula:explicitDimension>
    </table:ruleNode>
    <table:definitionNodeSubtreeArc xlink:type="arc" xlink:arcrole="http://xbrl.org/arcrole/2014/definition-node-subtree" xlink:from="dnb_c5" xlink:to="dnb_c6" order="1" />
    <table:definitionNodeSubtreeArc xlink:type="arc" xlink:arcrole="http://xbrl.org/arcrole/2014/definition-node-subtree" xlink:from="dnb_a2.root" xlink:to="dnb_c5" order="2" />
    <table:ruleNode xlink:type="resource" xlink:label="dnb_c7" abstract="true" id="dnb_c7" />
    <table:ruleNode xlink:type="resource" xlink:label="dnb_c8" id="dnb_c8">
      <formula:concept>
        <formula:qname>dnb_met:ii003</formula:qname>
      </formula:concept>
      <formula:explicitDimension dimension="dnb_dim:dim069">
        <formula:member>
          <formula:qname>dnb_dom042:mem002</formula:qname>
        </formula:member>
      </formula:explicitDimension>
      <formula:explicitDimension dimension="dnb_dim:dim046">
        <formula:member>
          <formula:qname>dnb_dom031:mem029</formula:qname>
        </formula:member>
      </formula:explicitDimension>
      <formula:explicitDimension dimension="dnb_dim:dim047">
        <formula:member>
          <formula:qname>dnb_dom032:mem004</formula:qname>
        </formula:member>
      </formula:explicitDimension>
    </table:ruleNode>
    <table:definitionNodeSubtreeArc xlink:type="arc" xlink:arcrole="http://xbrl.org/arcrole/2014/definition-node-subtree" xlink:from="dnb_c7" xlink:to="dnb_c8" order="1" />
    <table:definitionNodeSubtreeArc xlink:type="arc" xlink:arcrole="http://xbrl.org/arcrole/2014/definition-node-subtree" xlink:from="dnb_a2.root" xlink:to="dnb_c7" order="3" />
    <table:ruleNode xlink:type="resource" xlink:label="dnb_c9" abstract="true" id="dnb_c9" />
    <table:ruleNode xlink:type="resource" xlink:label="dnb_c10" id="dnb_c10">
      <formula:concept>
        <formula:qname>dnb_met:ii003</formula:qname>
      </formula:concept>
      <formula:explicitDimension dimension="dnb_dim:dim069">
        <formula:member>
          <formula:qname>dnb_dom042:mem003</formula:qname>
        </formula:member>
      </formula:explicitDimension>
      <formula:explicitDimension dimension="dnb_dim:dim046">
        <formula:member>
          <formula:qname>dnb_dom031:mem030</formula:qname>
        </formula:member>
      </formula:explicitDimension>
      <formula:explicitDimension dimension="dnb_dim:dim047">
        <formula:member>
          <formula:qname>dnb_dom032:mem004</formula:qname>
        </formula:member>
      </formula:explicitDimension>
    </table:ruleNode>
    <table:ruleNode xlink:type="resource" xlink:label="dnb_c11" id="dnb_c11">
      <formula:concept>
        <formula:qname>dnb_met:ii003</formula:qname>
      </formula:concept>
      <formula:explicitDimension dimension="dnb_dim:dim069">
        <formula:member>
          <formula:qname>dnb_dom042:mem003</formula:qname>
        </formula:member>
      </formula:explicitDimension>
      <formula:explicitDimension dimension="dnb_dim:dim073">
        <formula:member>
          <formula:qname>dnb_dom045:mem001</formula:qname>
        </formula:member>
      </formula:explicitDimension>
      <formula:explicitDimension dimension="dnb_dim:dim046">
        <formula:member>
          <formula:qname>dnb_dom031:mem030</formula:qname>
        </formula:member>
      </formula:explicitDimension>
      <formula:explicitDimension dimension="dnb_dim:dim047">
        <formula:member>
          <formula:qname>dnb_dom032:mem004</formula:qname>
        </formula:member>
      </formula:explicitDimension>
    </table:ruleNode>
    <table:definitionNodeSubtreeArc xlink:type="arc" xlink:arcrole="http://xbrl.org/arcrole/2014/definition-node-subtree" xlink:from="dnb_c10" xlink:to="dnb_c11" order="1" />
    <table:ruleNode xlink:type="resource" xlink:label="dnb_c12" id="dnb_c12">
      <formula:concept>
        <formula:qname>dnb_met:ii003</formula:qname>
      </formula:concept>
      <formula:explicitDimension dimension="dnb_dim:dim069">
        <formula:member>
          <formula:qname>dnb_dom042:mem003</formula:qname>
        </formula:member>
      </formula:explicitDimension>
      <formula:explicitDimension dimension="dnb_dim:dim073">
        <formula:member>
          <formula:qname>dnb_dom045:mem002</formula:qname>
        </formula:member>
      </formula:explicitDimension>
      <formula:explicitDimension dimension="dnb_dim:dim046">
        <formula:member>
          <formula:qname>dnb_dom031:mem030</formula:qname>
        </formula:member>
      </formula:explicitDimension>
      <formula:explicitDimension dimension="dnb_dim:dim047">
        <formula:member>
          <formula:qname>dnb_dom032:mem004</formula:qname>
        </formula:member>
      </formula:explicitDimension>
    </table:ruleNode>
    <table:definitionNodeSubtreeArc xlink:type="arc" xlink:arcrole="http://xbrl.org/arcrole/2014/definition-node-subtree" xlink:from="dnb_c10" xlink:to="dnb_c12" order="2" />
    <table:ruleNode xlink:type="resource" xlink:label="dnb_c13" id="dnb_c13">
      <formula:concept>
        <formula:qname>dnb_met:ii003</formula:qname>
      </formula:concept>
      <formula:explicitDimension dimension="dnb_dim:dim069">
        <formula:member>
          <formula:qname>dnb_dom042:mem003</formula:qname>
        </formula:member>
      </formula:explicitDimension>
      <formula:explicitDimension dimension="dnb_dim:dim073">
        <formula:member>
          <formula:qname>dnb_dom045:mem003</formula:qname>
        </formula:member>
      </formula:explicitDimension>
      <formula:explicitDimension dimension="dnb_dim:dim046">
        <formula:member>
          <formula:qname>dnb_dom031:mem030</formula:qname>
        </formula:member>
      </formula:explicitDimension>
      <formula:explicitDimension dimension="dnb_dim:dim047">
        <formula:member>
          <formula:qname>dnb_dom032:mem004</formula:qname>
        </formula:member>
      </formula:explicitDimension>
    </table:ruleNode>
    <table:definitionNodeSubtreeArc xlink:type="arc" xlink:arcrole="http://xbrl.org/arcrole/2014/definition-node-subtree" xlink:from="dnb_c10" xlink:to="dnb_c13" order="3" />
    <table:definitionNodeSubtreeArc xlink:type="arc" xlink:arcrole="http://xbrl.org/arcrole/2014/definition-node-subtree" xlink:from="dnb_c9" xlink:to="dnb_c10" order="1" />
    <table:ruleNode xlink:type="resource" xlink:label="dnb_c14" id="dnb_c14">
      <formula:concept>
        <formula:qname>dnb_met:mi004</formula:qname>
      </formula:concept>
      <formula:explicitDimension dimension="dnb_dim:dim069">
        <formula:member>
          <formula:qname>dnb_dom042:mem003</formula:qname>
        </formula:member>
      </formula:explicitDimension>
      <formula:explicitDimension dimension="dnb_dim:dim046">
        <formula:member>
          <formula:qname>dnb_dom031:mem031</formula:qname>
        </formula:member>
      </formula:explicitDimension>
      <formula:explicitDimension dimension="dnb_dim:dim047">
        <formula:member>
          <formula:qname>dnb_dom032:mem004</formula:qname>
        </formula:member>
      </formula:explicitDimension>
    </table:ruleNode>
    <table:ruleNode xlink:type="resource" xlink:label="dnb_c15" id="dnb_c15">
      <formula:concept>
        <formula:qname>dnb_met:mi004</formula:qname>
      </formula:concept>
      <formula:explicitDimension dimension="dnb_dim:dim069">
        <formula:member>
          <formula:qname>dnb_dom042:mem003</formula:qname>
        </formula:member>
      </formula:explicitDimension>
      <formula:explicitDimension dimension="dnb_dim:dim073">
        <formula:member>
          <formula:qname>dnb_dom045:mem001</formula:qname>
        </formula:member>
      </formula:explicitDimension>
      <formula:explicitDimension dimension="dnb_dim:dim046">
        <formula:member>
          <formula:qname>dnb_dom031:mem031</formula:qname>
        </formula:member>
      </formula:explicitDimension>
      <formula:explicitDimension dimension="dnb_dim:dim047">
        <formula:member>
          <formula:qname>dnb_dom032:mem004</formula:qname>
        </formula:member>
      </formula:explicitDimension>
    </table:ruleNode>
    <table:definitionNodeSubtreeArc xlink:type="arc" xlink:arcrole="http://xbrl.org/arcrole/2014/definition-node-subtree" xlink:from="dnb_c14" xlink:to="dnb_c15" order="1" />
    <table:ruleNode xlink:type="resource" xlink:label="dnb_c16" id="dnb_c16">
      <formula:concept>
        <formula:qname>dnb_met:mi004</formula:qname>
      </formula:concept>
      <formula:explicitDimension dimension="dnb_dim:dim069">
        <formula:member>
          <formula:qname>dnb_dom042:mem003</formula:qname>
        </formula:member>
      </formula:explicitDimension>
      <formula:explicitDimension dimension="dnb_dim:dim073">
        <formula:member>
          <formula:qname>dnb_dom045:mem002</formula:qname>
        </formula:member>
      </formula:explicitDimension>
      <formula:explicitDimension dimension="dnb_dim:dim046">
        <formula:member>
          <formula:qname>dnb_dom031:mem031</formula:qname>
        </formula:member>
      </formula:explicitDimension>
      <formula:explicitDimension dimension="dnb_dim:dim047">
        <formula:member>
          <formula:qname>dnb_dom032:mem004</formula:qname>
        </formula:member>
      </formula:explicitDimension>
    </table:ruleNode>
    <table:definitionNodeSubtreeArc xlink:type="arc" xlink:arcrole="http://xbrl.org/arcrole/2014/definition-node-subtree" xlink:from="dnb_c14" xlink:to="dnb_c16" order="2" />
    <table:ruleNode xlink:type="resource" xlink:label="dnb_c17" id="dnb_c17">
      <formula:concept>
        <formula:qname>dnb_met:mi004</formula:qname>
      </formula:concept>
      <formula:explicitDimension dimension="dnb_dim:dim069">
        <formula:member>
          <formula:qname>dnb_dom042:mem003</formula:qname>
        </formula:member>
      </formula:explicitDimension>
      <formula:explicitDimension dimension="dnb_dim:dim073">
        <formula:member>
          <formula:qname>dnb_dom045:mem003</formula:qname>
        </formula:member>
      </formula:explicitDimension>
      <formula:explicitDimension dimension="dnb_dim:dim046">
        <formula:member>
          <formula:qname>dnb_dom031:mem031</formula:qname>
        </formula:member>
      </formula:explicitDimension>
      <formula:explicitDimension dimension="dnb_dim:dim047">
        <formula:member>
          <formula:qname>dnb_dom032:mem004</formula:qname>
        </formula:member>
      </formula:explicitDimension>
    </table:ruleNode>
    <table:definitionNodeSubtreeArc xlink:type="arc" xlink:arcrole="http://xbrl.org/arcrole/2014/definition-node-subtree" xlink:from="dnb_c14" xlink:to="dnb_c17" order="3" />
    <table:definitionNodeSubtreeArc xlink:type="arc" xlink:arcrole="http://xbrl.org/arcrole/2014/definition-node-subtree" xlink:from="dnb_c9" xlink:to="dnb_c14" order="2" />
    <table:ruleNode xlink:type="resource" xlink:label="dnb_c18" id="dnb_c18">
      <formula:concept>
        <formula:qname>dnb_met:mi004</formula:qname>
      </formula:concept>
      <formula:explicitDimension dimension="dnb_dim:dim069">
        <formula:member>
          <formula:qname>dnb_dom042:mem003</formula:qname>
        </formula:member>
      </formula:explicitDimension>
      <formula:explicitDimension dimension="dnb_dim:dim046">
        <formula:member>
          <formula:qname>dnb_dom031:mem032</formula:qname>
        </formula:member>
      </formula:explicitDimension>
      <formula:explicitDimension dimension="dnb_dim:dim047">
        <formula:member>
          <formula:qname>dnb_dom032:mem004</formula:qname>
        </formula:member>
      </formula:explicitDimension>
    </table:ruleNode>
    <table:definitionNodeSubtreeArc xlink:type="arc" xlink:arcrole="http://xbrl.org/arcrole/2014/definition-node-subtree" xlink:from="dnb_c9" xlink:to="dnb_c18" order="3" />
    <table:definitionNodeSubtreeArc xlink:type="arc" xlink:arcrole="http://xbrl.org/arcrole/2014/definition-node-subtree" xlink:from="dnb_a2.root" xlink:to="dnb_c9" order="4" />
    <table:ruleNode xlink:type="resource" xlink:label="dnb_c19" abstract="true" id="dnb_c19" />
    <table:ruleNode xlink:type="resource" xlink:label="dnb_c20" id="dnb_c20">
      <formula:concept>
        <formula:qname>dnb_met:ii003</formula:qname>
      </formula:concept>
      <formula:explicitDimension dimension="dnb_dim:dim069">
        <formula:member>
          <formula:qname>dnb_dom042:mem007</formula:qname>
        </formula:member>
      </formula:explicitDimension>
      <formula:explicitDimension dimension="dnb_dim:dim046">
        <formula:member>
          <formula:qname>dnb_dom031:mem033</formula:qname>
        </formula:member>
      </formula:explicitDimension>
      <formula:explicitDimension dimension="dnb_dim:dim047">
        <formula:member>
          <formula:qname>dnb_dom032:mem004</formula:qname>
        </formula:member>
      </formula:explicitDimension>
    </table:ruleNode>
    <table:definitionNodeSubtreeArc xlink:type="arc" xlink:arcrole="http://xbrl.org/arcrole/2014/definition-node-subtree" xlink:from="dnb_c19" xlink:to="dnb_c20" order="1" />
    <table:ruleNode xlink:type="resource" xlink:label="dnb_c21" id="dnb_c21">
      <formula:concept>
        <formula:qname>dnb_met:ii003</formula:qname>
      </formula:concept>
      <formula:explicitDimension dimension="dnb_dim:dim069">
        <formula:member>
          <formula:qname>dnb_dom042:mem007</formula:qname>
        </formula:member>
      </formula:explicitDimension>
      <formula:explicitDimension dimension="dnb_dim:dim046">
        <formula:member>
          <formula:qname>dnb_dom031:mem034</formula:qname>
        </formula:member>
      </formula:explicitDimension>
      <formula:explicitDimension dimension="dnb_dim:dim047">
        <formula:member>
          <formula:qname>dnb_dom032:mem004</formula:qname>
        </formula:member>
      </formula:explicitDimension>
    </table:ruleNode>
    <table:definitionNodeSubtreeArc xlink:type="arc" xlink:arcrole="http://xbrl.org/arcrole/2014/definition-node-subtree" xlink:from="dnb_c19" xlink:to="dnb_c21" order="2" />
    <table:ruleNode xlink:type="resource" xlink:label="dnb_c22" id="dnb_c22">
      <formula:concept>
        <formula:qname>dnb_met:mi004</formula:qname>
      </formula:concept>
      <formula:explicitDimension dimension="dnb_dim:dim069">
        <formula:member>
          <formula:qname>dnb_dom042:mem007</formula:qname>
        </formula:member>
      </formula:explicitDimension>
      <formula:explicitDimension dimension="dnb_dim:dim046">
        <formula:member>
          <formula:qname>dnb_dom031:mem035</formula:qname>
        </formula:member>
      </formula:explicitDimension>
      <formula:explicitDimension dimension="dnb_dim:dim047">
        <formula:member>
          <formula:qname>dnb_dom032:mem004</formula:qname>
        </formula:member>
      </formula:explicitDimension>
    </table:ruleNode>
    <table:definitionNodeSubtreeArc xlink:type="arc" xlink:arcrole="http://xbrl.org/arcrole/2014/definition-node-subtree" xlink:from="dnb_c19" xlink:to="dnb_c22" order="3" />
    <table:definitionNodeSubtreeArc xlink:type="arc" xlink:arcrole="http://xbrl.org/arcrole/2014/definition-node-subtree" xlink:from="dnb_a2.root" xlink:to="dnb_c19" order="5" />
    <table:ruleNode xlink:type="resource" xlink:label="dnb_c23" abstract="true" id="dnb_c23" />
    <table:ruleNode xlink:type="resource" xlink:label="dnb_c24" id="dnb_c24">
      <formula:concept>
        <formula:qname>dnb_met:ii003</formula:qname>
      </formula:concept>
      <formula:explicitDimension dimension="dnb_dim:dim069">
        <formula:member>
          <formula:qname>dnb_dom042:mem004</formula:qname>
        </formula:member>
      </formula:explicitDimension>
      <formula:explicitDimension dimension="dnb_dim:dim046">
        <formula:member>
          <formula:qname>dnb_dom031:mem024</formula:qname>
        </formula:member>
      </formula:explicitDimension>
      <formula:explicitDimension dimension="dnb_dim:dim047">
        <formula:member>
          <formula:qname>dnb_dom032:mem004</formula:qname>
        </formula:member>
      </formula:explicitDimension>
    </table:ruleNode>
    <table:definitionNodeSubtreeArc xlink:type="arc" xlink:arcrole="http://xbrl.org/arcrole/2014/definition-node-subtree" xlink:from="dnb_c23" xlink:to="dnb_c24" order="1" />
    <table:definitionNodeSubtreeArc xlink:type="arc" xlink:arcrole="http://xbrl.org/arcrole/2014/definition-node-subtree" xlink:from="dnb_a2.root" xlink:to="dnb_c23" order="6" />
    <table:tableBreakdownArc xlink:type="arc" xlink:arcrole="http://xbrl.org/arcrole/2014/table-breakdown" xlink:from="dnb_tC_01.00" xlink:to="dnb_a2" axis="y" order="2" />
  </gen:link>
</link:linkbase>