<ns0:linkbase xmlns:ns0="http://www.xbrl.org/2003/linkbase" xmlns:ns2="http://www.w3.org/1999/xlink" xmlns:xsi="http://www.w3.org/2001/XMLSchema-instance" xsi:schemaLocation="http://www.xbrl.org/2003/linkbase http://www.xbrl.org/2003/xbrl-linkbase-2003-12-31.xsd">
    <ns0:roleRef roleURI="http://ferc.gov/form/2020-01-01/roles/label/F1FLongTermDebt" ns2:href="../../ferc-core-lab-roles_2020-01-01.xsd#F1FLongTermDebt" ns2:type="simple" />
    <ns0:roleRef roleURI="http://ferc.gov/form/2020-01-01/roles/Schedule/F1F/LongTermDebtData" ns2:href="form-1F-sched-LongTermDebtData_2020-01-01.xsd#roleType_LongTermDebtData" ns2:type="simple" />
    <ns0:roleRef roleURI="http://ferc.gov/form/2020-01-01/roles/label/F1FTotal" ns2:href="../../ferc-core-lab-roles_2020-01-01.xsd#F1FTotal" ns2:type="simple" />
    <ns0:presentationLink ns2:role="http://ferc.gov/form/2020-01-01/roles/Schedule/F1F/LongTermDebtData" ns2:type="extended">
        <ns0:loc ns2:href="../../ferc-core_2020-01-01.xsd#ferc_ScheduleLongTermDebtAbstract" ns2:label="ferc_ScheduleLongTermDebtAbstract" ns2:type="locator" />
        <ns0:loc ns2:href="../../ferc-core_2020-01-01.xsd#ferc_LongTermDebtTable" ns2:label="ferc_LongTermDebtTable" ns2:type="locator" />
        <ns0:presentationArc order="1" ns2:arcrole="http://www.xbrl.org/2003/arcrole/parent-child" ns2:from="ferc_ScheduleLongTermDebtAbstract" ns2:to="ferc_LongTermDebtTable" ns2:type="arc" />
        <ns0:loc ns2:href="../../ferc-core_2020-01-01.xsd#ferc_ClassOrSeriesOfObligationAndNameOfStockExchangeAxis" ns2:label="ferc_ClassOrSeriesOfObligationAndNameOfStockExchangeAxis" ns2:type="locator" />
        <ns0:presentationArc order="1" ns2:arcrole="http://www.xbrl.org/2003/arcrole/parent-child" ns2:from="ferc_LongTermDebtTable" ns2:to="ferc_ClassOrSeriesOfObligationAndNameOfStockExchangeAxis" ns2:type="arc" />
        <ns0:loc ns2:href="../../ferc-core_2020-01-01.xsd#ferc_LongTermDebtLineItems" ns2:label="ferc_LongTermDebtLineItems" ns2:type="locator" />
        <ns0:presentationArc order="2" ns2:arcrole="http://www.xbrl.org/2003/arcrole/parent-child" ns2:from="ferc_LongTermDebtTable" ns2:to="ferc_LongTermDebtLineItems" ns2:type="arc" />
        <ns0:loc ns2:href="../../ferc-core_2020-01-01.xsd#ferc_OrderNumber" ns2:label="ferc_OrderNumber" ns2:type="locator" />
        <ns0:presentationArc order="1" ns2:arcrole="http://www.xbrl.org/2003/arcrole/parent-child" ns2:from="ferc_LongTermDebtLineItems" ns2:to="ferc_OrderNumber" ns2:type="arc" />
        <ns0:loc ns2:href="../../ferc-core_2020-01-01.xsd#ferc_ClassAndSeriesOfObligationCouponRateDescription" ns2:label="ferc_ClassAndSeriesOfObligationCouponRateDescription" ns2:type="locator" />
        <ns0:presentationArc order="2" preferredLabel="http://ferc.gov/form/2020-01-01/roles/label/F1FLongTermDebt" ns2:arcrole="http://www.xbrl.org/2003/arcrole/parent-child" ns2:from="ferc_LongTermDebtLineItems" ns2:to="ferc_ClassAndSeriesOfObligationCouponRateDescription" ns2:type="arc" />
        <ns0:loc ns2:href="../../ferc-core_2020-01-01.xsd#ferc_NominalDateOfIssue" ns2:label="ferc_NominalDateOfIssue" ns2:type="locator" />
        <ns0:presentationArc order="3" preferredLabel="http://ferc.gov/form/2020-01-01/roles/label/F1FLongTermDebt" ns2:arcrole="http://www.xbrl.org/2003/arcrole/parent-child" ns2:from="ferc_LongTermDebtLineItems" ns2:to="ferc_NominalDateOfIssue" ns2:type="arc" />
        <ns0:loc ns2:href="../../ferc-core_2020-01-01.xsd#ferc_DateOfMaturity" ns2:label="ferc_DateOfMaturity" ns2:type="locator" />
        <ns0:presentationArc order="4" preferredLabel="http://ferc.gov/form/2020-01-01/roles/label/F1FLongTermDebt" ns2:arcrole="http://www.xbrl.org/2003/arcrole/parent-child" ns2:from="ferc_LongTermDebtLineItems" ns2:to="ferc_DateOfMaturity" ns2:type="arc" />
        <ns0:loc ns2:href="../../ferc-core_2020-01-01.xsd#ferc_LongTermDebtOutstanding" ns2:label="ferc_LongTermDebtOutstanding" ns2:type="locator" />
        <ns0:presentationArc order="5" preferredLabel="http://ferc.gov/form/2020-01-01/roles/label/F1FLongTermDebt" ns2:arcrole="http://www.xbrl.org/2003/arcrole/parent-child" ns2:from="ferc_LongTermDebtLineItems" ns2:to="ferc_LongTermDebtOutstanding" ns2:type="arc" />
        <ns0:loc ns2:href="../../ferc-core_2020-01-01.xsd#ferc_LongTermDebtInterestRate" ns2:label="ferc_LongTermDebtInterestRate" ns2:type="locator" />
        <ns0:presentationArc order="6" preferredLabel="http://ferc.gov/form/2020-01-01/roles/label/F1FLongTermDebt" ns2:arcrole="http://www.xbrl.org/2003/arcrole/parent-child" ns2:from="ferc_LongTermDebtLineItems" ns2:to="ferc_LongTermDebtInterestRate" ns2:type="arc" />
        <ns0:loc ns2:href="../../ferc-core_2020-01-01.xsd#ferc_InterestExpenseOnLongTermDebtIssued" ns2:label="ferc_InterestExpenseOnLongTermDebtIssued" ns2:type="locator" />
        <ns0:presentationArc order="7" preferredLabel="http://ferc.gov/form/2020-01-01/roles/label/F1FLongTermDebt" ns2:arcrole="http://www.xbrl.org/2003/arcrole/parent-child" ns2:from="ferc_LongTermDebtLineItems" ns2:to="ferc_InterestExpenseOnLongTermDebtIssued" ns2:type="arc" />
        <ns0:presentationArc order="2" preferredLabel="http://ferc.gov/form/2020-01-01/roles/label/F1FLongTermDebt" ns2:arcrole="http://www.xbrl.org/2003/arcrole/parent-child" ns2:from="ferc_ScheduleLongTermDebtAbstract" ns2:to="ferc_LongTermDebtOutstanding" ns2:type="arc" />
        <ns0:presentationArc order="3" preferredLabel="http://ferc.gov/form/2020-01-01/roles/label/F1FTotal" ns2:arcrole="http://www.xbrl.org/2003/arcrole/parent-child" ns2:from="ferc_ScheduleLongTermDebtAbstract" ns2:to="ferc_InterestExpenseOnLongTermDebtIssued" ns2:type="arc" />
    </ns0:presentationLink>
</ns0:linkbase>