<ns0:linkbase xmlns:ns0="http://www.xbrl.org/2003/linkbase" xmlns:ns2="http://www.w3.org/1999/xlink" xmlns:xsi="http://www.w3.org/2001/XMLSchema-instance" xsi:schemaLocation="http://www.xbrl.org/2003/linkbase http://www.xbrl.org/2003/xbrl-linkbase-2003-12-31.xsd">
    <ns0:roleRef roleURI="http://ferc.gov/form/2020-01-01/roles/label/F1Total" ns2:href="../../ferc-core-lab-roles_2020-01-01.xsd#F1Total" ns2:type="simple" />
    <ns0:roleRef roleURI="http://ferc.gov/form/2020-01-01/roles/Schedule/F1/ScheduleRegionalTransmissionServiceRevenues" ns2:href="form-1-sched-RegionalTransmissionServiceRevenues_2020-01-01.xsd#roleType_ScheduleRegionalTransmissionServiceRevenues" ns2:type="simple" />
    <ns0:roleRef roleURI="http://ferc.gov/form/2020-01-01/roles/label/F1RegionalTransmissionServiceRevenues" ns2:href="../../ferc-core-lab-roles_2020-01-01.xsd#F1RegionalTransmissionServiceRevenues" ns2:type="simple" />
    <ns0:presentationLink ns2:role="http://ferc.gov/form/2020-01-01/roles/Schedule/F1/ScheduleRegionalTransmissionServiceRevenues" ns2:type="extended">
        <ns0:loc ns2:href="../../ferc-core_2020-01-01.xsd#ferc_ScheduleRegionalTransmissionServiceRevenuesAbstract" ns2:label="ferc_ScheduleRegionalTransmissionServiceRevenuesAbstract" ns2:type="locator" />
        <ns0:loc ns2:href="../../ferc-core_2020-01-01.xsd#ferc_RegionalTransmissionServiceRevenuesTable" ns2:label="ferc_RegionalTransmissionServiceRevenuesTable" ns2:type="locator" />
        <ns0:presentationArc order="1" ns2:arcrole="http://www.xbrl.org/2003/arcrole/parent-child" ns2:from="ferc_ScheduleRegionalTransmissionServiceRevenuesAbstract" ns2:to="ferc_RegionalTransmissionServiceRevenuesTable" ns2:type="arc" />
        <ns0:loc ns2:href="../../ferc-core_2020-01-01.xsd#ferc_RegionalTransmissionServiceRevenuesAxis" ns2:label="ferc_RegionalTransmissionServiceRevenuesAxis" ns2:type="locator" />
        <ns0:presentationArc order="1" ns2:arcrole="http://www.xbrl.org/2003/arcrole/parent-child" ns2:from="ferc_RegionalTransmissionServiceRevenuesTable" ns2:to="ferc_RegionalTransmissionServiceRevenuesAxis" ns2:type="arc" />
        <ns0:loc ns2:href="../../ferc-core_2020-01-01.xsd#ferc_RegionalTransmissionServiceRevenuesLineItems" ns2:label="ferc_RegionalTransmissionServiceRevenuesLineItems" ns2:type="locator" />
        <ns0:presentationArc order="2" ns2:arcrole="http://www.xbrl.org/2003/arcrole/parent-child" ns2:from="ferc_RegionalTransmissionServiceRevenuesTable" ns2:to="ferc_RegionalTransmissionServiceRevenuesLineItems" ns2:type="arc" />
        <ns0:loc ns2:href="../../ferc-core_2020-01-01.xsd#ferc_OrderNumber" ns2:label="ferc_OrderNumber" ns2:type="locator" />
        <ns0:presentationArc order="1" ns2:arcrole="http://www.xbrl.org/2003/arcrole/parent-child" ns2:from="ferc_RegionalTransmissionServiceRevenuesLineItems" ns2:to="ferc_OrderNumber" ns2:type="arc" />
        <ns0:loc ns2:href="../../ferc-core_2020-01-01.xsd#ferc_RegionalTransmissionServiceRevenuesDescriptionOfService" ns2:label="ferc_RegionalTransmissionServiceRevenuesDescriptionOfService" ns2:type="locator" />
        <ns0:presentationArc order="2" preferredLabel="http://ferc.gov/form/2020-01-01/roles/label/F1RegionalTransmissionServiceRevenues" ns2:arcrole="http://www.xbrl.org/2003/arcrole/parent-child" ns2:from="ferc_RegionalTransmissionServiceRevenuesLineItems" ns2:to="ferc_RegionalTransmissionServiceRevenuesDescriptionOfService" ns2:type="arc" />
        <ns0:loc ns2:href="../../ferc-core_2020-01-01.xsd#ferc_RegionalTransmissionServiceRevenues" ns2:label="ferc_RegionalTransmissionServiceRevenues" ns2:type="locator" />
        <ns0:presentationArc order="3" ns2:arcrole="http://www.xbrl.org/2003/arcrole/parent-child" ns2:from="ferc_RegionalTransmissionServiceRevenuesLineItems" ns2:to="ferc_RegionalTransmissionServiceRevenues" ns2:type="arc" />
        <ns0:presentationArc order="2" preferredLabel="http://ferc.gov/form/2020-01-01/roles/label/F1Total" ns2:arcrole="http://www.xbrl.org/2003/arcrole/parent-child" ns2:from="ferc_ScheduleRegionalTransmissionServiceRevenuesAbstract" ns2:to="ferc_RegionalTransmissionServiceRevenues" ns2:type="arc" />
    </ns0:presentationLink>
</ns0:linkbase>