﻿<?xml version="1.0" encoding="utf-8"?>
<!--© DNB-->
<link:linkbase xmlns:xsi="http://www.w3.org/2001/XMLSchema-instance" xmlns:xlink="http://www.w3.org/1999/xlink" xmlns:link="http://www.xbrl.org/2003/linkbase" xsi:schemaLocation="http://www.xbrl.org/2003/linkbase http://www.xbrl.org/2003/xbrl-linkbase-2003-12-31.xsd">
  <link:labelLink xlink:type="extended" xlink:role="http://www.xbrl.org/2003/role/link">
    <link:loc xlink:type="locator" xlink:href="mem.xsd#dnb_mem000" xlink:label="loc_dnb_mem000" />
    <link:label xlink:type="resource" xlink:label="label_dnb_mem000" xml:lang="en" xlink:role="http://www.xbrl.org/2003/role/label">Not applicable / All or Total</link:label>
    <link:labelArc xlink:type="arc" xlink:arcrole="http://www.xbrl.org/2003/arcrole/concept-label" xlink:from="loc_dnb_mem000" xlink:to="label_dnb_mem000" />
    <link:label xlink:type="resource" xlink:label="label_dnb_mem000_2" xml:lang="en" xlink:role="http://www.xbrl.org/2003/role/documentation">MEM000</link:label>
    <link:labelArc xlink:type="arc" xlink:arcrole="http://www.xbrl.org/2003/arcrole/concept-label" xlink:from="loc_dnb_mem000" xlink:to="label_dnb_mem000_2" />
    <link:loc xlink:type="locator" xlink:href="mem.xsd#dnb_mem001" xlink:label="loc_dnb_mem001" />
    <link:label xlink:type="resource" xlink:label="label_dnb_mem001" xml:lang="en" xlink:role="http://www.xbrl.org/2003/role/label">Opbouwpercentage OP in eindloonregeling</link:label>
    <link:labelArc xlink:type="arc" xlink:arcrole="http://www.xbrl.org/2003/arcrole/concept-label" xlink:from="loc_dnb_mem001" xlink:to="label_dnb_mem001" />
    <link:label xlink:type="resource" xlink:label="label_dnb_mem001_2" xml:lang="en" xlink:role="http://www.xbrl.org/2003/role/documentation">MEM001</link:label>
    <link:labelArc xlink:type="arc" xlink:arcrole="http://www.xbrl.org/2003/arcrole/concept-label" xlink:from="loc_dnb_mem001" xlink:to="label_dnb_mem001_2" />
    <link:loc xlink:type="locator" xlink:href="mem.xsd#dnb_mem002" xlink:label="loc_dnb_mem002" />
    <link:label xlink:type="resource" xlink:label="label_dnb_mem002" xml:lang="en" xlink:role="http://www.xbrl.org/2003/role/label">Opbouwpercentage OP in middelloonregeling</link:label>
    <link:labelArc xlink:type="arc" xlink:arcrole="http://www.xbrl.org/2003/arcrole/concept-label" xlink:from="loc_dnb_mem002" xlink:to="label_dnb_mem002" />
    <link:label xlink:type="resource" xlink:label="label_dnb_mem002_2" xml:lang="en" xlink:role="http://www.xbrl.org/2003/role/documentation">MEM002</link:label>
    <link:labelArc xlink:type="arc" xlink:arcrole="http://www.xbrl.org/2003/arcrole/concept-label" xlink:from="loc_dnb_mem002" xlink:to="label_dnb_mem002_2" />
    <link:loc xlink:type="locator" xlink:href="mem.xsd#dnb_mem003" xlink:label="loc_dnb_mem003" />
    <link:label xlink:type="resource" xlink:label="label_dnb_mem003" xml:lang="en" xlink:role="http://www.xbrl.org/2003/role/label">Opbouwpercentage tijdelijk ouderdomspensioen</link:label>
    <link:labelArc xlink:type="arc" xlink:arcrole="http://www.xbrl.org/2003/arcrole/concept-label" xlink:from="loc_dnb_mem003" xlink:to="label_dnb_mem003" />
    <link:label xlink:type="resource" xlink:label="label_dnb_mem003_2" xml:lang="en" xlink:role="http://www.xbrl.org/2003/role/documentation">MEM003</link:label>
    <link:labelArc xlink:type="arc" xlink:arcrole="http://www.xbrl.org/2003/arcrole/concept-label" xlink:from="loc_dnb_mem003" xlink:to="label_dnb_mem003_2" />
    <link:loc xlink:type="locator" xlink:href="mem.xsd#dnb_mem004" xlink:label="loc_dnb_mem004" />
    <link:label xlink:type="resource" xlink:label="label_dnb_mem004" xml:lang="en" xlink:role="http://www.xbrl.org/2003/role/label">Opbouwpercentage overbruggingspensioen</link:label>
    <link:labelArc xlink:type="arc" xlink:arcrole="http://www.xbrl.org/2003/arcrole/concept-label" xlink:from="loc_dnb_mem004" xlink:to="label_dnb_mem004" />
    <link:label xlink:type="resource" xlink:label="label_dnb_mem004_2" xml:lang="en" xlink:role="http://www.xbrl.org/2003/role/documentation">MEM004</link:label>
    <link:labelArc xlink:type="arc" xlink:arcrole="http://www.xbrl.org/2003/arcrole/concept-label" xlink:from="loc_dnb_mem004" xlink:to="label_dnb_mem004_2" />
    <link:loc xlink:type="locator" xlink:href="mem.xsd#dnb_mem005" xlink:label="loc_dnb_mem005" />
    <link:label xlink:type="resource" xlink:label="label_dnb_mem005" xml:lang="en" xlink:role="http://www.xbrl.org/2003/role/label">Hoogte deelnemersbijdrage ouderdomspensioen (%)</link:label>
    <link:labelArc xlink:type="arc" xlink:arcrole="http://www.xbrl.org/2003/arcrole/concept-label" xlink:from="loc_dnb_mem005" xlink:to="label_dnb_mem005" />
    <link:label xlink:type="resource" xlink:label="label_dnb_mem005_2" xml:lang="en" xlink:role="http://www.xbrl.org/2003/role/documentation">MEM005</link:label>
    <link:labelArc xlink:type="arc" xlink:arcrole="http://www.xbrl.org/2003/arcrole/concept-label" xlink:from="loc_dnb_mem005" xlink:to="label_dnb_mem005_2" />
    <link:loc xlink:type="locator" xlink:href="mem.xsd#dnb_mem006" xlink:label="loc_dnb_mem006" />
    <link:label xlink:type="resource" xlink:label="label_dnb_mem006" xml:lang="en" xlink:role="http://www.xbrl.org/2003/role/label">Maximale premiebijdrage in procenten</link:label>
    <link:labelArc xlink:type="arc" xlink:arcrole="http://www.xbrl.org/2003/arcrole/concept-label" xlink:from="loc_dnb_mem006" xlink:to="label_dnb_mem006" />
    <link:label xlink:type="resource" xlink:label="label_dnb_mem006_2" xml:lang="en" xlink:role="http://www.xbrl.org/2003/role/documentation">MEM006</link:label>
    <link:labelArc xlink:type="arc" xlink:arcrole="http://www.xbrl.org/2003/arcrole/concept-label" xlink:from="loc_dnb_mem006" xlink:to="label_dnb_mem006_2" />
    <link:loc xlink:type="locator" xlink:href="mem.xsd#dnb_mem007" xlink:label="loc_dnb_mem007" />
    <link:label xlink:type="resource" xlink:label="label_dnb_mem007" xml:lang="en" xlink:role="http://www.xbrl.org/2003/role/label">Normale toetredingsleeftijd</link:label>
    <link:labelArc xlink:type="arc" xlink:arcrole="http://www.xbrl.org/2003/arcrole/concept-label" xlink:from="loc_dnb_mem007" xlink:to="label_dnb_mem007" />
    <link:label xlink:type="resource" xlink:label="label_dnb_mem007_2" xml:lang="en" xlink:role="http://www.xbrl.org/2003/role/documentation">MEM007</link:label>
    <link:labelArc xlink:type="arc" xlink:arcrole="http://www.xbrl.org/2003/arcrole/concept-label" xlink:from="loc_dnb_mem007" xlink:to="label_dnb_mem007_2" />
    <link:loc xlink:type="locator" xlink:href="mem.xsd#dnb_mem008" xlink:label="loc_dnb_mem008" />
    <link:label xlink:type="resource" xlink:label="label_dnb_mem008" xml:lang="en" xlink:role="http://www.xbrl.org/2003/role/label">Wachttijd</link:label>
    <link:labelArc xlink:type="arc" xlink:arcrole="http://www.xbrl.org/2003/arcrole/concept-label" xlink:from="loc_dnb_mem008" xlink:to="label_dnb_mem008" />
    <link:label xlink:type="resource" xlink:label="label_dnb_mem008_2" xml:lang="en" xlink:role="http://www.xbrl.org/2003/role/documentation">MEM008</link:label>
    <link:labelArc xlink:type="arc" xlink:arcrole="http://www.xbrl.org/2003/arcrole/concept-label" xlink:from="loc_dnb_mem008" xlink:to="label_dnb_mem008_2" />
    <link:loc xlink:type="locator" xlink:href="mem.xsd#dnb_mem009" xlink:label="loc_dnb_mem009" />
    <link:label xlink:type="resource" xlink:label="label_dnb_mem009" xml:lang="en" xlink:role="http://www.xbrl.org/2003/role/label">Drempeltijd</link:label>
    <link:labelArc xlink:type="arc" xlink:arcrole="http://www.xbrl.org/2003/arcrole/concept-label" xlink:from="loc_dnb_mem009" xlink:to="label_dnb_mem009" />
    <link:label xlink:type="resource" xlink:label="label_dnb_mem009_2" xml:lang="en" xlink:role="http://www.xbrl.org/2003/role/documentation">MEM009</link:label>
    <link:labelArc xlink:type="arc" xlink:arcrole="http://www.xbrl.org/2003/arcrole/concept-label" xlink:from="loc_dnb_mem009" xlink:to="label_dnb_mem009_2" />
    <link:loc xlink:type="locator" xlink:href="mem.xsd#dnb_mem010" xlink:label="loc_dnb_mem010" />
    <link:label xlink:type="resource" xlink:label="label_dnb_mem010" xml:lang="en" xlink:role="http://www.xbrl.org/2003/role/label">Pensioenrichtleeftijd</link:label>
    <link:labelArc xlink:type="arc" xlink:arcrole="http://www.xbrl.org/2003/arcrole/concept-label" xlink:from="loc_dnb_mem010" xlink:to="label_dnb_mem010" />
    <link:label xlink:type="resource" xlink:label="label_dnb_mem010_2" xml:lang="en" xlink:role="http://www.xbrl.org/2003/role/documentation">MEM010</link:label>
    <link:labelArc xlink:type="arc" xlink:arcrole="http://www.xbrl.org/2003/arcrole/concept-label" xlink:from="loc_dnb_mem010" xlink:to="label_dnb_mem010_2" />
    <link:loc xlink:type="locator" xlink:href="mem.xsd#dnb_mem011" xlink:label="loc_dnb_mem011" />
    <link:label xlink:type="resource" xlink:label="label_dnb_mem011" xml:lang="en" xlink:role="http://www.xbrl.org/2003/role/label">Minimum pensioenleeftijd</link:label>
    <link:labelArc xlink:type="arc" xlink:arcrole="http://www.xbrl.org/2003/arcrole/concept-label" xlink:from="loc_dnb_mem011" xlink:to="label_dnb_mem011" />
    <link:label xlink:type="resource" xlink:label="label_dnb_mem011_2" xml:lang="en" xlink:role="http://www.xbrl.org/2003/role/documentation">MEM011</link:label>
    <link:labelArc xlink:type="arc" xlink:arcrole="http://www.xbrl.org/2003/arcrole/concept-label" xlink:from="loc_dnb_mem011" xlink:to="label_dnb_mem011_2" />
    <link:loc xlink:type="locator" xlink:href="mem.xsd#dnb_mem012" xlink:label="loc_dnb_mem012" />
    <link:label xlink:type="resource" xlink:label="label_dnb_mem012" xml:lang="en" xlink:role="http://www.xbrl.org/2003/role/label">Maximum pensioenleeftijd</link:label>
    <link:labelArc xlink:type="arc" xlink:arcrole="http://www.xbrl.org/2003/arcrole/concept-label" xlink:from="loc_dnb_mem012" xlink:to="label_dnb_mem012" />
    <link:label xlink:type="resource" xlink:label="label_dnb_mem012_2" xml:lang="en" xlink:role="http://www.xbrl.org/2003/role/documentation">MEM012</link:label>
    <link:labelArc xlink:type="arc" xlink:arcrole="http://www.xbrl.org/2003/arcrole/concept-label" xlink:from="loc_dnb_mem012" xlink:to="label_dnb_mem012_2" />
    <link:loc xlink:type="locator" xlink:href="mem.xsd#dnb_mem013" xlink:label="loc_dnb_mem013" />
    <link:label xlink:type="resource" xlink:label="label_dnb_mem013" xml:lang="en" xlink:role="http://www.xbrl.org/2003/role/label">Maximaal pensioengevend salaris</link:label>
    <link:labelArc xlink:type="arc" xlink:arcrole="http://www.xbrl.org/2003/arcrole/concept-label" xlink:from="loc_dnb_mem013" xlink:to="label_dnb_mem013" />
    <link:label xlink:type="resource" xlink:label="label_dnb_mem013_2" xml:lang="en" xlink:role="http://www.xbrl.org/2003/role/documentation">MEM013</link:label>
    <link:labelArc xlink:type="arc" xlink:arcrole="http://www.xbrl.org/2003/arcrole/concept-label" xlink:from="loc_dnb_mem013" xlink:to="label_dnb_mem013_2" />
    <link:loc xlink:type="locator" xlink:href="mem.xsd#dnb_mem014" xlink:label="loc_dnb_mem014" />
    <link:label xlink:type="resource" xlink:label="label_dnb_mem014" xml:lang="en" xlink:role="http://www.xbrl.org/2003/role/label">Maximale pensioengrondslag</link:label>
    <link:labelArc xlink:type="arc" xlink:arcrole="http://www.xbrl.org/2003/arcrole/concept-label" xlink:from="loc_dnb_mem014" xlink:to="label_dnb_mem014" />
    <link:label xlink:type="resource" xlink:label="label_dnb_mem014_2" xml:lang="en" xlink:role="http://www.xbrl.org/2003/role/documentation">MEM014</link:label>
    <link:labelArc xlink:type="arc" xlink:arcrole="http://www.xbrl.org/2003/arcrole/concept-label" xlink:from="loc_dnb_mem014" xlink:to="label_dnb_mem014_2" />
    <link:loc xlink:type="locator" xlink:href="mem.xsd#dnb_mem015" xlink:label="loc_dnb_mem015" />
    <link:label xlink:type="resource" xlink:label="label_dnb_mem015" xml:lang="en" xlink:role="http://www.xbrl.org/2003/role/label">Individuele franchise</link:label>
    <link:labelArc xlink:type="arc" xlink:arcrole="http://www.xbrl.org/2003/arcrole/concept-label" xlink:from="loc_dnb_mem015" xlink:to="label_dnb_mem015" />
    <link:label xlink:type="resource" xlink:label="label_dnb_mem015_2" xml:lang="en" xlink:role="http://www.xbrl.org/2003/role/documentation">MEM015</link:label>
    <link:labelArc xlink:type="arc" xlink:arcrole="http://www.xbrl.org/2003/arcrole/concept-label" xlink:from="loc_dnb_mem015" xlink:to="label_dnb_mem015_2" />
    <link:loc xlink:type="locator" xlink:href="mem.xsd#dnb_mem016" xlink:label="loc_dnb_mem016" />
    <link:label xlink:type="resource" xlink:label="label_dnb_mem016" xml:lang="en" xlink:role="http://www.xbrl.org/2003/role/label">Uitruilfactor OP in NP</link:label>
    <link:labelArc xlink:type="arc" xlink:arcrole="http://www.xbrl.org/2003/arcrole/concept-label" xlink:from="loc_dnb_mem016" xlink:to="label_dnb_mem016" />
    <link:label xlink:type="resource" xlink:label="label_dnb_mem016_2" xml:lang="en" xlink:role="http://www.xbrl.org/2003/role/documentation">MEM016</link:label>
    <link:labelArc xlink:type="arc" xlink:arcrole="http://www.xbrl.org/2003/arcrole/concept-label" xlink:from="loc_dnb_mem016" xlink:to="label_dnb_mem016_2" />
    <link:loc xlink:type="locator" xlink:href="mem.xsd#dnb_mem017" xlink:label="loc_dnb_mem017" />
    <link:label xlink:type="resource" xlink:label="label_dnb_mem017" xml:lang="en" xlink:role="http://www.xbrl.org/2003/role/label">Uitruilfactor NP in OP</link:label>
    <link:labelArc xlink:type="arc" xlink:arcrole="http://www.xbrl.org/2003/arcrole/concept-label" xlink:from="loc_dnb_mem017" xlink:to="label_dnb_mem017" />
    <link:label xlink:type="resource" xlink:label="label_dnb_mem017_2" xml:lang="en" xlink:role="http://www.xbrl.org/2003/role/documentation">MEM017</link:label>
    <link:labelArc xlink:type="arc" xlink:arcrole="http://www.xbrl.org/2003/arcrole/concept-label" xlink:from="loc_dnb_mem017" xlink:to="label_dnb_mem017_2" />
    <link:loc xlink:type="locator" xlink:href="mem.xsd#dnb_mem018" xlink:label="loc_dnb_mem018" />
    <link:label xlink:type="resource" xlink:label="label_dnb_mem018" xml:lang="en" xlink:role="http://www.xbrl.org/2003/role/label">Partnerpensioen in procenten t.o.v. het OP</link:label>
    <link:labelArc xlink:type="arc" xlink:arcrole="http://www.xbrl.org/2003/arcrole/concept-label" xlink:from="loc_dnb_mem018" xlink:to="label_dnb_mem018" />
    <link:label xlink:type="resource" xlink:label="label_dnb_mem018_2" xml:lang="en" xlink:role="http://www.xbrl.org/2003/role/documentation">MEM018</link:label>
    <link:labelArc xlink:type="arc" xlink:arcrole="http://www.xbrl.org/2003/arcrole/concept-label" xlink:from="loc_dnb_mem018" xlink:to="label_dnb_mem018_2" />
    <link:loc xlink:type="locator" xlink:href="mem.xsd#dnb_mem019" xlink:label="loc_dnb_mem019" />
    <link:label xlink:type="resource" xlink:label="label_dnb_mem019" xml:lang="en" xlink:role="http://www.xbrl.org/2003/role/label">Wezenpensioen in procenten t.o.v. het OP/NP</link:label>
    <link:labelArc xlink:type="arc" xlink:arcrole="http://www.xbrl.org/2003/arcrole/concept-label" xlink:from="loc_dnb_mem019" xlink:to="label_dnb_mem019" />
    <link:label xlink:type="resource" xlink:label="label_dnb_mem019_2" xml:lang="en" xlink:role="http://www.xbrl.org/2003/role/documentation">MEM019</link:label>
    <link:labelArc xlink:type="arc" xlink:arcrole="http://www.xbrl.org/2003/arcrole/concept-label" xlink:from="loc_dnb_mem019" xlink:to="label_dnb_mem019_2" />
    <link:loc xlink:type="locator" xlink:href="mem.xsd#dnb_mem020" xlink:label="loc_dnb_mem020" />
    <link:label xlink:type="resource" xlink:label="label_dnb_mem020" xml:lang="en" xlink:role="http://www.xbrl.org/2003/role/label">Uitkeringspercentage AOP boven/beneden maximum SV-loon</link:label>
    <link:labelArc xlink:type="arc" xlink:arcrole="http://www.xbrl.org/2003/arcrole/concept-label" xlink:from="loc_dnb_mem020" xlink:to="label_dnb_mem020" />
    <link:label xlink:type="resource" xlink:label="label_dnb_mem020_2" xml:lang="en" xlink:role="http://www.xbrl.org/2003/role/documentation">MEM020</link:label>
    <link:labelArc xlink:type="arc" xlink:arcrole="http://www.xbrl.org/2003/arcrole/concept-label" xlink:from="loc_dnb_mem020" xlink:to="label_dnb_mem020_2" />
  </link:labelLink>
</link:linkbase>