<ns0:linkbase xmlns:ns0="http://www.xbrl.org/2003/linkbase" xmlns:ns2="http://www.w3.org/1999/xlink" xmlns:xsi="http://www.w3.org/2001/XMLSchema-instance" xsi:schemaLocation="http://www.xbrl.org/2003/linkbase http://www.xbrl.org/2003/xbrl-linkbase-2003-12-31.xsd">
    <ns0:roleRef roleURI="http://ferc.gov/form/2020-01-01/roles/Schedule/F1/ScheduleUtilityPlantAndAccumulatedProvisionsForDepreciation" ns2:href="form-1-sched-ScheduleUtilityPlantAndAccumulatedProvisionsForDepreciation_2020-01-01.xsd#roleType_ScheduleUtilityPlantAndAccumulatedProvisionsForDepreciation" ns2:type="simple" />
    <ns0:calculationLink ns2:role="http://ferc.gov/form/2020-01-01/roles/Schedule/F1/ScheduleUtilityPlantAndAccumulatedProvisionsForDepreciation" ns2:type="extended">
        <ns0:loc ns2:href="../../ferc-core_2020-01-01.xsd#ferc_UtilityPlantInServiceClassifiedAndUnclassified" ns2:label="ferc_UtilityPlantInServiceClassifiedAndUnclassified" ns2:type="locator" />
        <ns0:loc ns2:href="../../ferc-core_2020-01-01.xsd#ferc_UtilityPlantInServiceClassified" ns2:label="ferc_UtilityPlantInServiceClassified" ns2:type="locator" />
        <ns0:calculationArc order="1" weight="1" ns2:arcrole="http://www.xbrl.org/2003/arcrole/summation-item" ns2:from="ferc_UtilityPlantInServiceClassifiedAndUnclassified" ns2:to="ferc_UtilityPlantInServiceClassified" ns2:type="arc" />
        <ns0:loc ns2:href="../../ferc-core_2020-01-01.xsd#ferc_UtilityPlantInServicePropertyUnderCapitalLeases" ns2:label="ferc_UtilityPlantInServicePropertyUnderCapitalLeases" ns2:type="locator" />
        <ns0:calculationArc order="1" weight="1" ns2:arcrole="http://www.xbrl.org/2003/arcrole/summation-item" ns2:from="ferc_UtilityPlantInServiceClassifiedAndUnclassified" ns2:to="ferc_UtilityPlantInServicePropertyUnderCapitalLeases" ns2:type="arc" />
        <ns0:loc ns2:href="../../ferc-core_2020-01-01.xsd#ferc_UtilityPlantInServicePlantPurchasedOrSold" ns2:label="ferc_UtilityPlantInServicePlantPurchasedOrSold" ns2:type="locator" />
        <ns0:calculationArc order="1" weight="1" ns2:arcrole="http://www.xbrl.org/2003/arcrole/summation-item" ns2:from="ferc_UtilityPlantInServiceClassifiedAndUnclassified" ns2:to="ferc_UtilityPlantInServicePlantPurchasedOrSold" ns2:type="arc" />
        <ns0:loc ns2:href="../../ferc-core_2020-01-01.xsd#ferc_UtilityPlantInServiceCompletedConstructionNotClassified" ns2:label="ferc_UtilityPlantInServiceCompletedConstructionNotClassified" ns2:type="locator" />
        <ns0:calculationArc order="1" weight="1" ns2:arcrole="http://www.xbrl.org/2003/arcrole/summation-item" ns2:from="ferc_UtilityPlantInServiceClassifiedAndUnclassified" ns2:to="ferc_UtilityPlantInServiceCompletedConstructionNotClassified" ns2:type="arc" />
        <ns0:loc ns2:href="../../ferc-core_2020-01-01.xsd#ferc_UtilityPlantInServiceExperimentalPlantUnclassified" ns2:label="ferc_UtilityPlantInServiceExperimentalPlantUnclassified" ns2:type="locator" />
        <ns0:calculationArc order="1" weight="1" ns2:arcrole="http://www.xbrl.org/2003/arcrole/summation-item" ns2:from="ferc_UtilityPlantInServiceClassifiedAndUnclassified" ns2:to="ferc_UtilityPlantInServiceExperimentalPlantUnclassified" ns2:type="arc" />
        <ns0:loc ns2:href="../../ferc-core_2020-01-01.xsd#ferc_UtilityPlantAndConstructionWorkInProgress" ns2:label="ferc_UtilityPlantAndConstructionWorkInProgress" ns2:type="locator" />
        <ns0:calculationArc order="1" weight="1" ns2:arcrole="http://www.xbrl.org/2003/arcrole/summation-item" ns2:from="ferc_UtilityPlantAndConstructionWorkInProgress" ns2:to="ferc_UtilityPlantInServiceClassifiedAndUnclassified" ns2:type="arc" />
        <ns0:loc ns2:href="../../ferc-core_2020-01-01.xsd#ferc_UtilityPlantLeasedToOthers" ns2:label="ferc_UtilityPlantLeasedToOthers" ns2:type="locator" />
        <ns0:calculationArc order="1" weight="1" ns2:arcrole="http://www.xbrl.org/2003/arcrole/summation-item" ns2:from="ferc_UtilityPlantAndConstructionWorkInProgress" ns2:to="ferc_UtilityPlantLeasedToOthers" ns2:type="arc" />
        <ns0:loc ns2:href="../../ferc-core_2020-01-01.xsd#ferc_UtilityPlantHeldForFutureUse" ns2:label="ferc_UtilityPlantHeldForFutureUse" ns2:type="locator" />
        <ns0:calculationArc order="1" weight="1" ns2:arcrole="http://www.xbrl.org/2003/arcrole/summation-item" ns2:from="ferc_UtilityPlantAndConstructionWorkInProgress" ns2:to="ferc_UtilityPlantHeldForFutureUse" ns2:type="arc" />
        <ns0:loc ns2:href="../../ferc-core_2020-01-01.xsd#ferc_ConstructionWorkInProgress" ns2:label="ferc_ConstructionWorkInProgress" ns2:type="locator" />
        <ns0:calculationArc order="1" weight="1" ns2:arcrole="http://www.xbrl.org/2003/arcrole/summation-item" ns2:from="ferc_UtilityPlantAndConstructionWorkInProgress" ns2:to="ferc_ConstructionWorkInProgress" ns2:type="arc" />
        <ns0:loc ns2:href="../../ferc-core_2020-01-01.xsd#ferc_UtilityPlantAcquisitionAdjustment" ns2:label="ferc_UtilityPlantAcquisitionAdjustment" ns2:type="locator" />
        <ns0:calculationArc order="1" weight="1" ns2:arcrole="http://www.xbrl.org/2003/arcrole/summation-item" ns2:from="ferc_UtilityPlantAndConstructionWorkInProgress" ns2:to="ferc_UtilityPlantAcquisitionAdjustment" ns2:type="arc" />
        <ns0:loc ns2:href="../../ferc-core_2020-01-01.xsd#ferc_UtilityPlantNet" ns2:label="ferc_UtilityPlantNet" ns2:type="locator" />
        <ns0:calculationArc order="1" weight="1" ns2:arcrole="http://www.xbrl.org/2003/arcrole/summation-item" ns2:from="ferc_UtilityPlantNet" ns2:to="ferc_UtilityPlantAndConstructionWorkInProgress" ns2:type="arc" />
        <ns0:loc ns2:href="../../ferc-core_2020-01-01.xsd#ferc_AccumulatedProvisionForDepreciationAmortizationAndDepletionOfPlantUtility" ns2:label="ferc_AccumulatedProvisionForDepreciationAmortizationAndDepletionOfPlantUtility" ns2:type="locator" />
        <ns0:calculationArc order="1" weight="-1" ns2:arcrole="http://www.xbrl.org/2003/arcrole/summation-item" ns2:from="ferc_UtilityPlantNet" ns2:to="ferc_AccumulatedProvisionForDepreciationAmortizationAndDepletionOfPlantUtility" ns2:type="arc" />
        <ns0:loc ns2:href="../../ferc-core_2020-01-01.xsd#ferc_DepreciationUtilityPlantInService" ns2:label="ferc_DepreciationUtilityPlantInService" ns2:type="locator" />
        <ns0:calculationArc order="1" weight="1" ns2:arcrole="http://www.xbrl.org/2003/arcrole/summation-item" ns2:from="ferc_AccumulatedProvisionForDepreciationAmortizationAndDepletionOfPlantUtility" ns2:to="ferc_DepreciationUtilityPlantInService" ns2:type="arc" />
        <ns0:loc ns2:href="../../ferc-core_2020-01-01.xsd#ferc_AmortizationAndDepletionOfProducingNaturalGasLandAndLandRightsutilityPlantInService" ns2:label="ferc_AmortizationAndDepletionOfProducingNaturalGasLandAndLandRightsutilityPlantInService" ns2:type="locator" />
        <ns0:calculationArc order="1" weight="1" ns2:arcrole="http://www.xbrl.org/2003/arcrole/summation-item" ns2:from="ferc_AccumulatedProvisionForDepreciationAmortizationAndDepletionOfPlantUtility" ns2:to="ferc_AmortizationAndDepletionOfProducingNaturalGasLandAndLandRightsutilityPlantInService" ns2:type="arc" />
        <ns0:loc ns2:href="../../ferc-core_2020-01-01.xsd#ferc_AmortizationOfUndergroundStorageLandAndLandRightsutilityPlantInService" ns2:label="ferc_AmortizationOfUndergroundStorageLandAndLandRightsutilityPlantInService" ns2:type="locator" />
        <ns0:calculationArc order="1" weight="1" ns2:arcrole="http://www.xbrl.org/2003/arcrole/summation-item" ns2:from="ferc_AccumulatedProvisionForDepreciationAmortizationAndDepletionOfPlantUtility" ns2:to="ferc_AmortizationOfUndergroundStorageLandAndLandRightsutilityPlantInService" ns2:type="arc" />
        <ns0:loc ns2:href="../../ferc-core_2020-01-01.xsd#ferc_AmortizationOfOtherUtilityPlantUtilityPlantInService" ns2:label="ferc_AmortizationOfOtherUtilityPlantUtilityPlantInService" ns2:type="locator" />
        <ns0:calculationArc order="1" weight="1" ns2:arcrole="http://www.xbrl.org/2003/arcrole/summation-item" ns2:from="ferc_AccumulatedProvisionForDepreciationAmortizationAndDepletionOfPlantUtility" ns2:to="ferc_AmortizationOfOtherUtilityPlantUtilityPlantInService" ns2:type="arc" />
        <ns0:loc ns2:href="../../ferc-core_2020-01-01.xsd#ferc_DepreciationAmortizationAndDepletionUtilityPlantInService" ns2:label="ferc_DepreciationAmortizationAndDepletionUtilityPlantInService" ns2:type="locator" />
        <ns0:calculationArc order="1" weight="1" ns2:arcrole="http://www.xbrl.org/2003/arcrole/summation-item" ns2:from="ferc_AccumulatedProvisionForDepreciationAmortizationAndDepletionOfPlantUtility" ns2:to="ferc_DepreciationAmortizationAndDepletionUtilityPlantInService" ns2:type="arc" />
        <ns0:loc ns2:href="../../ferc-core_2020-01-01.xsd#ferc_DepreciationAmortizationAndDepletionUtilityPlantLeasedToOthers" ns2:label="ferc_DepreciationAmortizationAndDepletionUtilityPlantLeasedToOthers" ns2:type="locator" />
        <ns0:loc ns2:href="../../ferc-core_2020-01-01.xsd#ferc_DepreciationUtilityPlantLeasedToOthers" ns2:label="ferc_DepreciationUtilityPlantLeasedToOthers" ns2:type="locator" />
        <ns0:calculationArc order="1" weight="1" ns2:arcrole="http://www.xbrl.org/2003/arcrole/summation-item" ns2:from="ferc_DepreciationAmortizationAndDepletionUtilityPlantLeasedToOthers" ns2:to="ferc_DepreciationUtilityPlantLeasedToOthers" ns2:type="arc" />
        <ns0:loc ns2:href="../../ferc-core_2020-01-01.xsd#ferc_AmortizationAndDepletionUtilityPlantLeasedToOthers" ns2:label="ferc_AmortizationAndDepletionUtilityPlantLeasedToOthers" ns2:type="locator" />
        <ns0:calculationArc order="1" weight="1" ns2:arcrole="http://www.xbrl.org/2003/arcrole/summation-item" ns2:from="ferc_DepreciationAmortizationAndDepletionUtilityPlantLeasedToOthers" ns2:to="ferc_AmortizationAndDepletionUtilityPlantLeasedToOthers" ns2:type="arc" />
        <ns0:calculationArc order="1" weight="1" ns2:arcrole="http://www.xbrl.org/2003/arcrole/summation-item" ns2:from="ferc_AccumulatedProvisionForDepreciationAmortizationAndDepletionOfPlantUtility" ns2:to="ferc_DepreciationAmortizationAndDepletionUtilityPlantLeasedToOthers" ns2:type="arc" />
        <ns0:loc ns2:href="../../ferc-core_2020-01-01.xsd#ferc_DepreciationAndAmortizationUtilityPlantHeldForFutureUse" ns2:label="ferc_DepreciationAndAmortizationUtilityPlantHeldForFutureUse" ns2:type="locator" />
        <ns0:loc ns2:href="../../ferc-core_2020-01-01.xsd#ferc_DepreciationUtilityPlantHeldForFutureUse" ns2:label="ferc_DepreciationUtilityPlantHeldForFutureUse" ns2:type="locator" />
        <ns0:calculationArc order="1" weight="1" ns2:arcrole="http://www.xbrl.org/2003/arcrole/summation-item" ns2:from="ferc_DepreciationAndAmortizationUtilityPlantHeldForFutureUse" ns2:to="ferc_DepreciationUtilityPlantHeldForFutureUse" ns2:type="arc" />
        <ns0:loc ns2:href="../../ferc-core_2020-01-01.xsd#ferc_AmortizationUtilityPlantHeldForFutureUse" ns2:label="ferc_AmortizationUtilityPlantHeldForFutureUse" ns2:type="locator" />
        <ns0:calculationArc order="1" weight="1" ns2:arcrole="http://www.xbrl.org/2003/arcrole/summation-item" ns2:from="ferc_DepreciationAndAmortizationUtilityPlantHeldForFutureUse" ns2:to="ferc_AmortizationUtilityPlantHeldForFutureUse" ns2:type="arc" />
        <ns0:calculationArc order="1" weight="1" ns2:arcrole="http://www.xbrl.org/2003/arcrole/summation-item" ns2:from="ferc_AccumulatedProvisionForDepreciationAmortizationAndDepletionOfPlantUtility" ns2:to="ferc_DepreciationAndAmortizationUtilityPlantHeldForFutureUse" ns2:type="arc" />
        <ns0:loc ns2:href="../../ferc-core_2020-01-01.xsd#ferc_AbandonmentOfLeases" ns2:label="ferc_AbandonmentOfLeases" ns2:type="locator" />
        <ns0:calculationArc order="1" weight="1" ns2:arcrole="http://www.xbrl.org/2003/arcrole/summation-item" ns2:from="ferc_AccumulatedProvisionForDepreciationAmortizationAndDepletionOfPlantUtility" ns2:to="ferc_AbandonmentOfLeases" ns2:type="arc" />
        <ns0:loc ns2:href="../../ferc-core_2020-01-01.xsd#ferc_AmortizationOfPlantAcquisitionAdjustment" ns2:label="ferc_AmortizationOfPlantAcquisitionAdjustment" ns2:type="locator" />
        <ns0:calculationArc order="1" weight="1" ns2:arcrole="http://www.xbrl.org/2003/arcrole/summation-item" ns2:from="ferc_AccumulatedProvisionForDepreciationAmortizationAndDepletionOfPlantUtility" ns2:to="ferc_AmortizationOfPlantAcquisitionAdjustment" ns2:type="arc" />
    </ns0:calculationLink>
</ns0:linkbase>