<ns0:linkbase xmlns:ns0="http://www.xbrl.org/2003/linkbase" xmlns:ns2="http://www.w3.org/1999/xlink" xmlns:ns3="http://xbrl.org/2005/xbrldt" xmlns:xsi="http://www.w3.org/2001/XMLSchema-instance" xsi:schemaLocation="http://www.xbrl.org/2003/linkbase http://www.xbrl.org/2003/xbrl-linkbase-2003-12-31.xsd">
    <ns0:arcroleRef arcroleURI="http://xbrl.org/int/dim/arcrole/dimension-domain" ns2:href="http://www.xbrl.org/2005/xbrldt-2005.xsd#dimension-domain" ns2:type="simple" />
    <ns0:arcroleRef arcroleURI="http://xbrl.org/int/dim/arcrole/dimension-default" ns2:href="http://www.xbrl.org/2005/xbrldt-2005.xsd#dimension-default" ns2:type="simple" />
    <ns0:arcroleRef arcroleURI="http://xbrl.org/int/dim/arcrole/hypercube-dimension" ns2:href="http://www.xbrl.org/2005/xbrldt-2005.xsd#hypercube-dimension" ns2:type="simple" />
    <ns0:roleRef roleURI="http://ferc.gov/form/2020-01-01/roles/Schedule/F1/ScheduleUtilityPlantAndAccumulatedProvisionsForDepreciation" ns2:href="form-1-sched-ScheduleUtilityPlantAndAccumulatedProvisionsForDepreciation_2020-01-01.xsd#roleType_ScheduleUtilityPlantAndAccumulatedProvisionsForDepreciation" ns2:type="simple" />
    <ns0:arcroleRef arcroleURI="http://xbrl.org/int/dim/arcrole/all" ns2:href="http://www.xbrl.org/2005/xbrldt-2005.xsd#all" ns2:type="simple" />
    <ns0:arcroleRef arcroleURI="http://xbrl.org/int/dim/arcrole/domain-member" ns2:href="http://www.xbrl.org/2005/xbrldt-2005.xsd#domain-member" ns2:type="simple" />
    <ns0:definitionLink ns2:role="http://ferc.gov/form/2020-01-01/roles/Schedule/F1/ScheduleUtilityPlantAndAccumulatedProvisionsForDepreciation" ns2:type="extended">
        <ns0:loc ns2:href="../../ferc-core_2020-01-01.xsd#ferc_ScheduleSummaryOfUtilityPlantAndAccumulatedProvisionsForDepreciationAmortizationAndDepletionAbstract" ns2:label="ferc_ScheduleSummaryOfUtilityPlantAndAccumulatedProvisionsForDepreciationAmortizationAndDepletionAbstract" ns2:type="locator" />
        <ns0:loc ns2:href="../../ferc-core_2020-01-01.xsd#ferc_AccumulatedProvisionsForDepreciationAmortizationAndDepletionLineItems" ns2:label="ferc_AccumulatedProvisionsForDepreciationAmortizationAndDepletionLineItems" ns2:type="locator" />
        <ns0:definitionArc order="1" ns2:arcrole="http://xbrl.org/int/dim/arcrole/domain-member" ns2:from="ferc_ScheduleSummaryOfUtilityPlantAndAccumulatedProvisionsForDepreciationAmortizationAndDepletionAbstract" ns2:to="ferc_AccumulatedProvisionsForDepreciationAmortizationAndDepletionLineItems" ns2:type="arc" />
        <ns0:loc ns2:href="../../ferc-core_2020-01-01.xsd#ferc_AccumulatedProvisionsForDepreciationAmortizationAndDepletionTable" ns2:label="ferc_AccumulatedProvisionsForDepreciationAmortizationAndDepletionTable" ns2:type="locator" />
        <ns0:definitionArc order="1" ns2:arcrole="http://xbrl.org/int/dim/arcrole/all" ns2:from="ferc_AccumulatedProvisionsForDepreciationAmortizationAndDepletionLineItems" ns2:to="ferc_AccumulatedProvisionsForDepreciationAmortizationAndDepletionTable" ns2:type="arc" ns3:closed="true" ns3:contextElement="segment" />
        <ns0:loc ns2:href="../../ferc-core_2020-01-01.xsd#ferc_UtilityTypeAxis" ns2:label="ferc_UtilityTypeAxis" ns2:type="locator" />
        <ns0:definitionArc order="1" ns2:arcrole="http://xbrl.org/int/dim/arcrole/hypercube-dimension" ns2:from="ferc_AccumulatedProvisionsForDepreciationAmortizationAndDepletionTable" ns2:to="ferc_UtilityTypeAxis" ns2:type="arc" />
        <ns0:loc ns2:href="../../ferc-core_2020-01-01.xsd#ferc_UtilityTypeDomain" ns2:label="ferc_UtilityTypeDomain" ns2:type="locator" />
        <ns0:definitionArc order="1" ns2:arcrole="http://xbrl.org/int/dim/arcrole/dimension-domain" ns2:from="ferc_UtilityTypeAxis" ns2:to="ferc_UtilityTypeDomain" ns2:type="arc" />
        <ns0:loc ns2:href="../../ferc-core_2020-01-01.xsd#ferc_ElectricUtilityMember" ns2:label="ferc_ElectricUtilityMember" ns2:type="locator" />
        <ns0:definitionArc order="1" ns2:arcrole="http://xbrl.org/int/dim/arcrole/domain-member" ns2:from="ferc_UtilityTypeDomain" ns2:to="ferc_ElectricUtilityMember" ns2:type="arc" />
        <ns0:loc ns2:href="../../ferc-core_2020-01-01.xsd#ferc_GasUtilityMember" ns2:label="ferc_GasUtilityMember" ns2:type="locator" />
        <ns0:definitionArc order="2" ns2:arcrole="http://xbrl.org/int/dim/arcrole/domain-member" ns2:from="ferc_UtilityTypeDomain" ns2:to="ferc_GasUtilityMember" ns2:type="arc" />
        <ns0:loc ns2:href="../../ferc-core_2020-01-01.xsd#ferc_OtherUtilityMember" ns2:label="ferc_OtherUtilityMember" ns2:type="locator" />
        <ns0:definitionArc order="3" ns2:arcrole="http://xbrl.org/int/dim/arcrole/domain-member" ns2:from="ferc_UtilityTypeDomain" ns2:to="ferc_OtherUtilityMember" ns2:type="arc" />
        <ns0:loc ns2:href="../../ferc-core_2020-01-01.xsd#ferc_OtherUtility2Member" ns2:label="ferc_OtherUtility2Member" ns2:type="locator" />
        <ns0:definitionArc order="4" ns2:arcrole="http://xbrl.org/int/dim/arcrole/domain-member" ns2:from="ferc_UtilityTypeDomain" ns2:to="ferc_OtherUtility2Member" ns2:type="arc" />
        <ns0:loc ns2:href="../../ferc-core_2020-01-01.xsd#ferc_OtherUtility3Member" ns2:label="ferc_OtherUtility3Member" ns2:type="locator" />
        <ns0:definitionArc order="5" ns2:arcrole="http://xbrl.org/int/dim/arcrole/domain-member" ns2:from="ferc_UtilityTypeDomain" ns2:to="ferc_OtherUtility3Member" ns2:type="arc" />
        <ns0:loc ns2:href="../../ferc-core_2020-01-01.xsd#ferc_CommonUtilityMember" ns2:label="ferc_CommonUtilityMember" ns2:type="locator" />
        <ns0:definitionArc order="6" ns2:arcrole="http://xbrl.org/int/dim/arcrole/domain-member" ns2:from="ferc_UtilityTypeDomain" ns2:to="ferc_CommonUtilityMember" ns2:type="arc" />
        <ns0:loc ns2:href="../../ferc-core_2020-01-01.xsd#ferc_UtilityPlantAbstract" ns2:label="ferc_UtilityPlantAbstract" ns2:type="locator" />
        <ns0:definitionArc order="2" ns2:arcrole="http://xbrl.org/int/dim/arcrole/domain-member" ns2:from="ferc_AccumulatedProvisionsForDepreciationAmortizationAndDepletionLineItems" ns2:to="ferc_UtilityPlantAbstract" ns2:type="arc" />
        <ns0:loc ns2:href="../../ferc-core_2020-01-01.xsd#ferc_UtilityPlantInServiceAbstract" ns2:label="ferc_UtilityPlantInServiceAbstract" ns2:type="locator" />
        <ns0:definitionArc order="1" ns2:arcrole="http://xbrl.org/int/dim/arcrole/domain-member" ns2:from="ferc_UtilityPlantAbstract" ns2:to="ferc_UtilityPlantInServiceAbstract" ns2:type="arc" />
        <ns0:loc ns2:href="../../ferc-core_2020-01-01.xsd#ferc_UtilityPlantInServiceClassified" ns2:label="ferc_UtilityPlantInServiceClassified" ns2:type="locator" />
        <ns0:definitionArc order="1" ns2:arcrole="http://xbrl.org/int/dim/arcrole/domain-member" ns2:from="ferc_UtilityPlantInServiceAbstract" ns2:to="ferc_UtilityPlantInServiceClassified" ns2:type="arc" />
        <ns0:loc ns2:href="../../ferc-core_2020-01-01.xsd#ferc_UtilityPlantInServicePropertyUnderCapitalLeases" ns2:label="ferc_UtilityPlantInServicePropertyUnderCapitalLeases" ns2:type="locator" />
        <ns0:definitionArc order="2" ns2:arcrole="http://xbrl.org/int/dim/arcrole/domain-member" ns2:from="ferc_UtilityPlantInServiceAbstract" ns2:to="ferc_UtilityPlantInServicePropertyUnderCapitalLeases" ns2:type="arc" />
        <ns0:loc ns2:href="../../ferc-core_2020-01-01.xsd#ferc_UtilityPlantInServicePlantPurchasedOrSold" ns2:label="ferc_UtilityPlantInServicePlantPurchasedOrSold" ns2:type="locator" />
        <ns0:definitionArc order="3" ns2:arcrole="http://xbrl.org/int/dim/arcrole/domain-member" ns2:from="ferc_UtilityPlantInServiceAbstract" ns2:to="ferc_UtilityPlantInServicePlantPurchasedOrSold" ns2:type="arc" />
        <ns0:loc ns2:href="../../ferc-core_2020-01-01.xsd#ferc_UtilityPlantInServiceCompletedConstructionNotClassified" ns2:label="ferc_UtilityPlantInServiceCompletedConstructionNotClassified" ns2:type="locator" />
        <ns0:definitionArc order="4" ns2:arcrole="http://xbrl.org/int/dim/arcrole/domain-member" ns2:from="ferc_UtilityPlantInServiceAbstract" ns2:to="ferc_UtilityPlantInServiceCompletedConstructionNotClassified" ns2:type="arc" />
        <ns0:loc ns2:href="../../ferc-core_2020-01-01.xsd#ferc_UtilityPlantInServiceExperimentalPlantUnclassified" ns2:label="ferc_UtilityPlantInServiceExperimentalPlantUnclassified" ns2:type="locator" />
        <ns0:definitionArc order="5" ns2:arcrole="http://xbrl.org/int/dim/arcrole/domain-member" ns2:from="ferc_UtilityPlantInServiceAbstract" ns2:to="ferc_UtilityPlantInServiceExperimentalPlantUnclassified" ns2:type="arc" />
        <ns0:loc ns2:href="../../ferc-core_2020-01-01.xsd#ferc_UtilityPlantInServiceClassifiedAndUnclassified" ns2:label="ferc_UtilityPlantInServiceClassifiedAndUnclassified" ns2:type="locator" />
        <ns0:definitionArc order="6" ns2:arcrole="http://xbrl.org/int/dim/arcrole/domain-member" ns2:from="ferc_UtilityPlantInServiceAbstract" ns2:to="ferc_UtilityPlantInServiceClassifiedAndUnclassified" ns2:type="arc" />
        <ns0:loc ns2:href="../../ferc-core_2020-01-01.xsd#ferc_UtilityPlantLeasedToOthers" ns2:label="ferc_UtilityPlantLeasedToOthers" ns2:type="locator" />
        <ns0:definitionArc order="2" ns2:arcrole="http://xbrl.org/int/dim/arcrole/domain-member" ns2:from="ferc_UtilityPlantAbstract" ns2:to="ferc_UtilityPlantLeasedToOthers" ns2:type="arc" />
        <ns0:loc ns2:href="../../ferc-core_2020-01-01.xsd#ferc_UtilityPlantHeldForFutureUse" ns2:label="ferc_UtilityPlantHeldForFutureUse" ns2:type="locator" />
        <ns0:definitionArc order="3" ns2:arcrole="http://xbrl.org/int/dim/arcrole/domain-member" ns2:from="ferc_UtilityPlantAbstract" ns2:to="ferc_UtilityPlantHeldForFutureUse" ns2:type="arc" />
        <ns0:loc ns2:href="../../ferc-core_2020-01-01.xsd#ferc_ConstructionWorkInProgress" ns2:label="ferc_ConstructionWorkInProgress" ns2:type="locator" />
        <ns0:definitionArc order="4" ns2:arcrole="http://xbrl.org/int/dim/arcrole/domain-member" ns2:from="ferc_UtilityPlantAbstract" ns2:to="ferc_ConstructionWorkInProgress" ns2:type="arc" />
        <ns0:loc ns2:href="../../ferc-core_2020-01-01.xsd#ferc_UtilityPlantAcquisitionAdjustment" ns2:label="ferc_UtilityPlantAcquisitionAdjustment" ns2:type="locator" />
        <ns0:definitionArc order="5" ns2:arcrole="http://xbrl.org/int/dim/arcrole/domain-member" ns2:from="ferc_UtilityPlantAbstract" ns2:to="ferc_UtilityPlantAcquisitionAdjustment" ns2:type="arc" />
        <ns0:loc ns2:href="../../ferc-core_2020-01-01.xsd#ferc_UtilityPlantAndConstructionWorkInProgress" ns2:label="ferc_UtilityPlantAndConstructionWorkInProgress" ns2:type="locator" />
        <ns0:definitionArc order="6" ns2:arcrole="http://xbrl.org/int/dim/arcrole/domain-member" ns2:from="ferc_UtilityPlantAbstract" ns2:to="ferc_UtilityPlantAndConstructionWorkInProgress" ns2:type="arc" />
        <ns0:loc ns2:href="../../ferc-core_2020-01-01.xsd#ferc_AccumulatedProvisionForDepreciationAmortizationAndDepletionOfPlantUtility" ns2:label="ferc_AccumulatedProvisionForDepreciationAmortizationAndDepletionOfPlantUtility" ns2:type="locator" />
        <ns0:definitionArc order="7" ns2:arcrole="http://xbrl.org/int/dim/arcrole/domain-member" ns2:from="ferc_UtilityPlantAbstract" ns2:to="ferc_AccumulatedProvisionForDepreciationAmortizationAndDepletionOfPlantUtility" ns2:type="arc" />
        <ns0:loc ns2:href="../../ferc-core_2020-01-01.xsd#ferc_UtilityPlantNet" ns2:label="ferc_UtilityPlantNet" ns2:type="locator" />
        <ns0:definitionArc order="8" ns2:arcrole="http://xbrl.org/int/dim/arcrole/domain-member" ns2:from="ferc_UtilityPlantAbstract" ns2:to="ferc_UtilityPlantNet" ns2:type="arc" />
        <ns0:loc ns2:href="../../ferc-core_2020-01-01.xsd#ferc_DetailOfAccumulatedProvisionsForDepreciationAmortizationAndDepletionAbstract" ns2:label="ferc_DetailOfAccumulatedProvisionsForDepreciationAmortizationAndDepletionAbstract" ns2:type="locator" />
        <ns0:definitionArc order="3" ns2:arcrole="http://xbrl.org/int/dim/arcrole/domain-member" ns2:from="ferc_AccumulatedProvisionsForDepreciationAmortizationAndDepletionLineItems" ns2:to="ferc_DetailOfAccumulatedProvisionsForDepreciationAmortizationAndDepletionAbstract" ns2:type="arc" />
        <ns0:loc ns2:href="../../ferc-core_2020-01-01.xsd#ferc_AccumulatedProvisionForDepreciationAmortizationAndDepletionUtilityPlantInServiceAbstract" ns2:label="ferc_AccumulatedProvisionForDepreciationAmortizationAndDepletionUtilityPlantInServiceAbstract" ns2:type="locator" />
        <ns0:definitionArc order="1" ns2:arcrole="http://xbrl.org/int/dim/arcrole/domain-member" ns2:from="ferc_DetailOfAccumulatedProvisionsForDepreciationAmortizationAndDepletionAbstract" ns2:to="ferc_AccumulatedProvisionForDepreciationAmortizationAndDepletionUtilityPlantInServiceAbstract" ns2:type="arc" />
        <ns0:loc ns2:href="../../ferc-core_2020-01-01.xsd#ferc_DepreciationUtilityPlantInService" ns2:label="ferc_DepreciationUtilityPlantInService" ns2:type="locator" />
        <ns0:definitionArc order="1" ns2:arcrole="http://xbrl.org/int/dim/arcrole/domain-member" ns2:from="ferc_AccumulatedProvisionForDepreciationAmortizationAndDepletionUtilityPlantInServiceAbstract" ns2:to="ferc_DepreciationUtilityPlantInService" ns2:type="arc" />
        <ns0:loc ns2:href="../../ferc-core_2020-01-01.xsd#ferc_AmortizationAndDepletionOfProducingNaturalGasLandAndLandRightsutilityPlantInService" ns2:label="ferc_AmortizationAndDepletionOfProducingNaturalGasLandAndLandRightsutilityPlantInService" ns2:type="locator" />
        <ns0:definitionArc order="2" ns2:arcrole="http://xbrl.org/int/dim/arcrole/domain-member" ns2:from="ferc_AccumulatedProvisionForDepreciationAmortizationAndDepletionUtilityPlantInServiceAbstract" ns2:to="ferc_AmortizationAndDepletionOfProducingNaturalGasLandAndLandRightsutilityPlantInService" ns2:type="arc" />
        <ns0:loc ns2:href="../../ferc-core_2020-01-01.xsd#ferc_AmortizationOfUndergroundStorageLandAndLandRightsutilityPlantInService" ns2:label="ferc_AmortizationOfUndergroundStorageLandAndLandRightsutilityPlantInService" ns2:type="locator" />
        <ns0:definitionArc order="3" ns2:arcrole="http://xbrl.org/int/dim/arcrole/domain-member" ns2:from="ferc_AccumulatedProvisionForDepreciationAmortizationAndDepletionUtilityPlantInServiceAbstract" ns2:to="ferc_AmortizationOfUndergroundStorageLandAndLandRightsutilityPlantInService" ns2:type="arc" />
        <ns0:loc ns2:href="../../ferc-core_2020-01-01.xsd#ferc_AmortizationOfOtherUtilityPlantUtilityPlantInService" ns2:label="ferc_AmortizationOfOtherUtilityPlantUtilityPlantInService" ns2:type="locator" />
        <ns0:definitionArc order="4" ns2:arcrole="http://xbrl.org/int/dim/arcrole/domain-member" ns2:from="ferc_AccumulatedProvisionForDepreciationAmortizationAndDepletionUtilityPlantInServiceAbstract" ns2:to="ferc_AmortizationOfOtherUtilityPlantUtilityPlantInService" ns2:type="arc" />
        <ns0:loc ns2:href="../../ferc-core_2020-01-01.xsd#ferc_DepreciationAmortizationAndDepletionUtilityPlantInService" ns2:label="ferc_DepreciationAmortizationAndDepletionUtilityPlantInService" ns2:type="locator" />
        <ns0:definitionArc order="5" ns2:arcrole="http://xbrl.org/int/dim/arcrole/domain-member" ns2:from="ferc_AccumulatedProvisionForDepreciationAmortizationAndDepletionUtilityPlantInServiceAbstract" ns2:to="ferc_DepreciationAmortizationAndDepletionUtilityPlantInService" ns2:type="arc" />
        <ns0:loc ns2:href="../../ferc-core_2020-01-01.xsd#ferc_DepreciationAmortizationAndDepletionUtilityPlantLeasedToOthersAbstract" ns2:label="ferc_DepreciationAmortizationAndDepletionUtilityPlantLeasedToOthersAbstract" ns2:type="locator" />
        <ns0:definitionArc order="2" ns2:arcrole="http://xbrl.org/int/dim/arcrole/domain-member" ns2:from="ferc_DetailOfAccumulatedProvisionsForDepreciationAmortizationAndDepletionAbstract" ns2:to="ferc_DepreciationAmortizationAndDepletionUtilityPlantLeasedToOthersAbstract" ns2:type="arc" />
        <ns0:loc ns2:href="../../ferc-core_2020-01-01.xsd#ferc_DepreciationUtilityPlantLeasedToOthers" ns2:label="ferc_DepreciationUtilityPlantLeasedToOthers" ns2:type="locator" />
        <ns0:definitionArc order="1" ns2:arcrole="http://xbrl.org/int/dim/arcrole/domain-member" ns2:from="ferc_DepreciationAmortizationAndDepletionUtilityPlantLeasedToOthersAbstract" ns2:to="ferc_DepreciationUtilityPlantLeasedToOthers" ns2:type="arc" />
        <ns0:loc ns2:href="../../ferc-core_2020-01-01.xsd#ferc_AmortizationAndDepletionUtilityPlantLeasedToOthers" ns2:label="ferc_AmortizationAndDepletionUtilityPlantLeasedToOthers" ns2:type="locator" />
        <ns0:definitionArc order="2" ns2:arcrole="http://xbrl.org/int/dim/arcrole/domain-member" ns2:from="ferc_DepreciationAmortizationAndDepletionUtilityPlantLeasedToOthersAbstract" ns2:to="ferc_AmortizationAndDepletionUtilityPlantLeasedToOthers" ns2:type="arc" />
        <ns0:loc ns2:href="../../ferc-core_2020-01-01.xsd#ferc_DepreciationAmortizationAndDepletionUtilityPlantLeasedToOthers" ns2:label="ferc_DepreciationAmortizationAndDepletionUtilityPlantLeasedToOthers" ns2:type="locator" />
        <ns0:definitionArc order="3" ns2:arcrole="http://xbrl.org/int/dim/arcrole/domain-member" ns2:from="ferc_DepreciationAmortizationAndDepletionUtilityPlantLeasedToOthersAbstract" ns2:to="ferc_DepreciationAmortizationAndDepletionUtilityPlantLeasedToOthers" ns2:type="arc" />
        <ns0:loc ns2:href="../../ferc-core_2020-01-01.xsd#ferc_DepreciationAndAmortizationUtilityPlantHeldForFutureUseAbstract" ns2:label="ferc_DepreciationAndAmortizationUtilityPlantHeldForFutureUseAbstract" ns2:type="locator" />
        <ns0:definitionArc order="3" ns2:arcrole="http://xbrl.org/int/dim/arcrole/domain-member" ns2:from="ferc_DetailOfAccumulatedProvisionsForDepreciationAmortizationAndDepletionAbstract" ns2:to="ferc_DepreciationAndAmortizationUtilityPlantHeldForFutureUseAbstract" ns2:type="arc" />
        <ns0:loc ns2:href="../../ferc-core_2020-01-01.xsd#ferc_DepreciationUtilityPlantHeldForFutureUse" ns2:label="ferc_DepreciationUtilityPlantHeldForFutureUse" ns2:type="locator" />
        <ns0:definitionArc order="1" ns2:arcrole="http://xbrl.org/int/dim/arcrole/domain-member" ns2:from="ferc_DepreciationAndAmortizationUtilityPlantHeldForFutureUseAbstract" ns2:to="ferc_DepreciationUtilityPlantHeldForFutureUse" ns2:type="arc" />
        <ns0:loc ns2:href="../../ferc-core_2020-01-01.xsd#ferc_AmortizationUtilityPlantHeldForFutureUse" ns2:label="ferc_AmortizationUtilityPlantHeldForFutureUse" ns2:type="locator" />
        <ns0:definitionArc order="2" ns2:arcrole="http://xbrl.org/int/dim/arcrole/domain-member" ns2:from="ferc_DepreciationAndAmortizationUtilityPlantHeldForFutureUseAbstract" ns2:to="ferc_AmortizationUtilityPlantHeldForFutureUse" ns2:type="arc" />
        <ns0:loc ns2:href="../../ferc-core_2020-01-01.xsd#ferc_DepreciationAndAmortizationUtilityPlantHeldForFutureUse" ns2:label="ferc_DepreciationAndAmortizationUtilityPlantHeldForFutureUse" ns2:type="locator" />
        <ns0:definitionArc order="3" ns2:arcrole="http://xbrl.org/int/dim/arcrole/domain-member" ns2:from="ferc_DepreciationAndAmortizationUtilityPlantHeldForFutureUseAbstract" ns2:to="ferc_DepreciationAndAmortizationUtilityPlantHeldForFutureUse" ns2:type="arc" />
        <ns0:loc ns2:href="../../ferc-core_2020-01-01.xsd#ferc_AbandonmentOfLeases" ns2:label="ferc_AbandonmentOfLeases" ns2:type="locator" />
        <ns0:definitionArc order="4" ns2:arcrole="http://xbrl.org/int/dim/arcrole/domain-member" ns2:from="ferc_DetailOfAccumulatedProvisionsForDepreciationAmortizationAndDepletionAbstract" ns2:to="ferc_AbandonmentOfLeases" ns2:type="arc" />
        <ns0:loc ns2:href="../../ferc-core_2020-01-01.xsd#ferc_AmortizationOfPlantAcquisitionAdjustment" ns2:label="ferc_AmortizationOfPlantAcquisitionAdjustment" ns2:type="locator" />
        <ns0:definitionArc order="5" ns2:arcrole="http://xbrl.org/int/dim/arcrole/domain-member" ns2:from="ferc_DetailOfAccumulatedProvisionsForDepreciationAmortizationAndDepletionAbstract" ns2:to="ferc_AmortizationOfPlantAcquisitionAdjustment" ns2:type="arc" />
        <ns0:definitionArc order="6" ns2:arcrole="http://xbrl.org/int/dim/arcrole/domain-member" ns2:from="ferc_DetailOfAccumulatedProvisionsForDepreciationAmortizationAndDepletionAbstract" ns2:to="ferc_AccumulatedProvisionForDepreciationAmortizationAndDepletionOfPlantUtility" ns2:type="arc" />
    </ns0:definitionLink>
    <ns0:definitionLink ns2:role="http://ferc.gov/form/2020-01-01/roles/Schedule/F1/ScheduleUtilityPlantAndAccumulatedProvisionsForDepreciation" ns2:type="extended">
        <ns0:loc ns2:href="../../ferc-core_2020-01-01.xsd#ferc_UtilityTypeAxis" ns2:label="ferc_UtilityTypeAxis" ns2:type="locator" />
        <ns0:loc ns2:href="../../ferc-core_2020-01-01.xsd#ferc_UtilityTypeDomain" ns2:label="ferc_UtilityTypeDomain" ns2:type="locator" />
        <ns0:definitionArc order="1" ns2:arcrole="http://xbrl.org/int/dim/arcrole/dimension-default" ns2:from="ferc_UtilityTypeAxis" ns2:to="ferc_UtilityTypeDomain" ns2:type="arc" />
    </ns0:definitionLink>
</ns0:linkbase>