<ns0:linkbase xmlns:ns0="http://www.xbrl.org/2003/linkbase" xmlns:ns2="http://www.w3.org/1999/xlink" xmlns:xsi="http://www.w3.org/2001/XMLSchema-instance" xsi:schemaLocation="http://www.xbrl.org/2003/linkbase http://www.xbrl.org/2003/xbrl-linkbase-2003-12-31.xsd">
    <ns0:roleRef roleURI="http://ferc.gov/form/2020-01-01/roles/Schedule/F1/Identification" ns2:href="form-1-sched-Identification_2020-01-01.xsd#roleType_Identification" ns2:type="simple" />
    <ns0:roleRef roleURI="http://ferc.gov/form/2020-01-01/roles/Schedule/F1/Certification" ns2:href="form-1-sched-Identification_2020-01-01.xsd#roleType_Certification" ns2:type="simple" />
    <ns0:roleRef roleURI="http://ferc.gov/form/2020-01-01/roles/label/F1Identification" ns2:href="../../ferc-core-lab-roles_2020-01-01.xsd#F1Identification" ns2:type="simple" />
    <ns0:presentationLink ns2:role="http://ferc.gov/form/2020-01-01/roles/Schedule/F1/Identification" ns2:type="extended">
        <ns0:loc ns2:href="../../ferc-core_2020-01-01.xsd#ferc_ScheduleIdentificationAbstract" ns2:label="ferc_ScheduleIdentificationAbstract" ns2:type="locator" />
        <ns0:loc ns2:href="../../ferc-core_2020-01-01.xsd#ferc_IdentificationTable" ns2:label="ferc_IdentificationTable" ns2:type="locator" />
        <ns0:presentationArc order="1" ns2:arcrole="http://www.xbrl.org/2003/arcrole/parent-child" ns2:from="ferc_ScheduleIdentificationAbstract" ns2:to="ferc_IdentificationTable" ns2:type="arc" />
        <ns0:loc ns2:href="../../ferc-core_2020-01-01.xsd#ferc_IdentificationLineItems" ns2:label="ferc_IdentificationLineItems" ns2:type="locator" />
        <ns0:presentationArc order="1" ns2:arcrole="http://www.xbrl.org/2003/arcrole/parent-child" ns2:from="ferc_IdentificationTable" ns2:to="ferc_IdentificationLineItems" ns2:type="arc" />
        <ns0:loc ns2:href="../../ferc-core_2020-01-01.xsd#ferc_FormType" ns2:label="ferc_FormType" ns2:type="locator" />
        <ns0:presentationArc order="1" preferredLabel="http://ferc.gov/form/2020-01-01/roles/label/F1Identification" ns2:arcrole="http://www.xbrl.org/2003/arcrole/parent-child" ns2:from="ferc_IdentificationLineItems" ns2:to="ferc_FormType" ns2:type="arc" />
        <ns0:loc ns2:href="../../ferc-core_2020-01-01.xsd#ferc_RespondentLegalName" ns2:label="ferc_RespondentLegalName" ns2:type="locator" />
        <ns0:presentationArc order="2" preferredLabel="http://ferc.gov/form/2020-01-01/roles/label/F1Identification" ns2:arcrole="http://www.xbrl.org/2003/arcrole/parent-child" ns2:from="ferc_IdentificationLineItems" ns2:to="ferc_RespondentLegalName" ns2:type="arc" />
        <ns0:loc ns2:href="../../ferc-core_2020-01-01.xsd#ferc_CompanyIdentifier" ns2:label="ferc_CompanyIdentifier" ns2:type="locator" />
        <ns0:presentationArc order="3" preferredLabel="http://ferc.gov/form/2020-01-01/roles/label/F1Identification" ns2:arcrole="http://www.xbrl.org/2003/arcrole/parent-child" ns2:from="ferc_IdentificationLineItems" ns2:to="ferc_CompanyIdentifier" ns2:type="arc" />
        <ns0:loc ns2:href="../../ferc-core_2020-01-01.xsd#ferc_LegalEntityIdentifier" ns2:label="ferc_LegalEntityIdentifier" ns2:type="locator" />
        <ns0:presentationArc order="4" preferredLabel="http://ferc.gov/form/2020-01-01/roles/label/F1Identification" ns2:arcrole="http://www.xbrl.org/2003/arcrole/parent-child" ns2:from="ferc_IdentificationLineItems" ns2:to="ferc_LegalEntityIdentifier" ns2:type="arc" />
        <ns0:loc ns2:href="../../ferc-core_2020-01-01.xsd#ferc_ReportYearPeriod" ns2:label="ferc_ReportYearPeriod" ns2:type="locator" />
        <ns0:presentationArc order="5" preferredLabel="http://ferc.gov/form/2020-01-01/roles/label/F1Identification" ns2:arcrole="http://www.xbrl.org/2003/arcrole/parent-child" ns2:from="ferc_IdentificationLineItems" ns2:to="ferc_ReportYearPeriod" ns2:type="arc" />
        <ns0:loc ns2:href="../../ferc-core_2020-01-01.xsd#ferc_ReportYear" ns2:label="ferc_ReportYear" ns2:type="locator" />
        <ns0:presentationArc order="1" preferredLabel="http://ferc.gov/form/2020-01-01/roles/label/F1Identification" ns2:arcrole="http://www.xbrl.org/2003/arcrole/parent-child" ns2:from="ferc_ReportYearPeriod" ns2:to="ferc_ReportYear" ns2:type="arc" />
        <ns0:loc ns2:href="../../ferc-core_2020-01-01.xsd#ferc_ReportPeriod" ns2:label="ferc_ReportPeriod" ns2:type="locator" />
        <ns0:presentationArc order="2" preferredLabel="http://ferc.gov/form/2020-01-01/roles/label/F1Identification" ns2:arcrole="http://www.xbrl.org/2003/arcrole/parent-child" ns2:from="ferc_ReportYearPeriod" ns2:to="ferc_ReportPeriod" ns2:type="arc" />
        <ns0:loc ns2:href="../../ferc-core_2020-01-01.xsd#ferc_PreviousNameAndDateOfChangeAbstract" ns2:label="ferc_PreviousNameAndDateOfChangeAbstract" ns2:type="locator" />
        <ns0:presentationArc order="6" preferredLabel="http://ferc.gov/form/2020-01-01/roles/label/F1Identification" ns2:arcrole="http://www.xbrl.org/2003/arcrole/parent-child" ns2:from="ferc_IdentificationLineItems" ns2:to="ferc_PreviousNameAndDateOfChangeAbstract" ns2:type="arc" />
        <ns0:loc ns2:href="../../ferc-core_2020-01-01.xsd#ferc_PreviousName" ns2:label="ferc_PreviousName" ns2:type="locator" />
        <ns0:presentationArc order="1" preferredLabel="http://ferc.gov/form/2020-01-01/roles/label/F1Identification" ns2:arcrole="http://www.xbrl.org/2003/arcrole/parent-child" ns2:from="ferc_PreviousNameAndDateOfChangeAbstract" ns2:to="ferc_PreviousName" ns2:type="arc" />
        <ns0:loc ns2:href="../../ferc-core_2020-01-01.xsd#ferc_NameChangeDate" ns2:label="ferc_NameChangeDate" ns2:type="locator" />
        <ns0:presentationArc order="2" preferredLabel="http://ferc.gov/form/2020-01-01/roles/label/F1Identification" ns2:arcrole="http://www.xbrl.org/2003/arcrole/parent-child" ns2:from="ferc_PreviousNameAndDateOfChangeAbstract" ns2:to="ferc_NameChangeDate" ns2:type="arc" />
        <ns0:loc ns2:href="../../ferc-core_2020-01-01.xsd#ferc_AddressOfPrincipalOfficeAtEndOfPeriod" ns2:label="ferc_AddressOfPrincipalOfficeAtEndOfPeriod" ns2:type="locator" />
        <ns0:presentationArc order="7" preferredLabel="http://ferc.gov/form/2020-01-01/roles/label/F1Identification" ns2:arcrole="http://www.xbrl.org/2003/arcrole/parent-child" ns2:from="ferc_IdentificationLineItems" ns2:to="ferc_AddressOfPrincipalOfficeAtEndOfPeriod" ns2:type="arc" />
        <ns0:loc ns2:href="../../ferc-core_2020-01-01.xsd#ferc_NameOfContactPerson" ns2:label="ferc_NameOfContactPerson" ns2:type="locator" />
        <ns0:presentationArc order="8" preferredLabel="http://ferc.gov/form/2020-01-01/roles/label/F1Identification" ns2:arcrole="http://www.xbrl.org/2003/arcrole/parent-child" ns2:from="ferc_IdentificationLineItems" ns2:to="ferc_NameOfContactPerson" ns2:type="arc" />
        <ns0:loc ns2:href="../../ferc-core_2020-01-01.xsd#ferc_TitleOfContactPerson" ns2:label="ferc_TitleOfContactPerson" ns2:type="locator" />
        <ns0:presentationArc order="9" preferredLabel="http://ferc.gov/form/2020-01-01/roles/label/F1Identification" ns2:arcrole="http://www.xbrl.org/2003/arcrole/parent-child" ns2:from="ferc_IdentificationLineItems" ns2:to="ferc_TitleOfContactPerson" ns2:type="arc" />
        <ns0:loc ns2:href="../../ferc-core_2020-01-01.xsd#ferc_AddressOfContactPerson" ns2:label="ferc_AddressOfContactPerson" ns2:type="locator" />
        <ns0:presentationArc order="10" preferredLabel="http://ferc.gov/form/2020-01-01/roles/label/F1Identification" ns2:arcrole="http://www.xbrl.org/2003/arcrole/parent-child" ns2:from="ferc_IdentificationLineItems" ns2:to="ferc_AddressOfContactPerson" ns2:type="arc" />
        <ns0:loc ns2:href="../../ferc-core_2020-01-01.xsd#ferc_TelephoneOfContactPerson" ns2:label="ferc_TelephoneOfContactPerson" ns2:type="locator" />
        <ns0:presentationArc order="11" preferredLabel="http://ferc.gov/form/2020-01-01/roles/label/F1Identification" ns2:arcrole="http://www.xbrl.org/2003/arcrole/parent-child" ns2:from="ferc_IdentificationLineItems" ns2:to="ferc_TelephoneOfContactPerson" ns2:type="arc" />
        <ns0:loc ns2:href="../../ferc-core_2020-01-01.xsd#ferc_SubmissionType" ns2:label="ferc_SubmissionType" ns2:type="locator" />
        <ns0:presentationArc order="12" preferredLabel="http://ferc.gov/form/2020-01-01/roles/label/F1Identification" ns2:arcrole="http://www.xbrl.org/2003/arcrole/parent-child" ns2:from="ferc_IdentificationLineItems" ns2:to="ferc_SubmissionType" ns2:type="arc" />
        <ns0:loc ns2:href="../../ferc-core_2020-01-01.xsd#ferc_ReportDate" ns2:label="ferc_ReportDate" ns2:type="locator" />
        <ns0:presentationArc order="13" preferredLabel="http://ferc.gov/form/2020-01-01/roles/label/F1Identification" ns2:arcrole="http://www.xbrl.org/2003/arcrole/parent-child" ns2:from="ferc_IdentificationLineItems" ns2:to="ferc_ReportDate" ns2:type="arc" />
        <ns0:loc ns2:href="../../ferc-core_2020-01-01.xsd#ferc_MigratedData" ns2:label="ferc_MigratedData" ns2:type="locator" />
        <ns0:presentationArc order="14" preferredLabel="http://ferc.gov/form/2020-01-01/roles/label/F1Identification" ns2:arcrole="http://www.xbrl.org/2003/arcrole/parent-child" ns2:from="ferc_IdentificationLineItems" ns2:to="ferc_MigratedData" ns2:type="arc" />
    </ns0:presentationLink>
    <ns0:presentationLink ns2:role="http://ferc.gov/form/2020-01-01/roles/Schedule/F1/Certification" ns2:type="extended">
        <ns0:loc ns2:href="../../ferc-core_2020-01-01.xsd#ferc_ScheduleIdentificationAbstract" ns2:label="ferc_ScheduleIdentificationAbstract" ns2:type="locator" />
        <ns0:loc ns2:href="../../ferc-core_2020-01-01.xsd#ferc_IdentificationTable" ns2:label="ferc_IdentificationTable" ns2:type="locator" />
        <ns0:presentationArc order="1" ns2:arcrole="http://www.xbrl.org/2003/arcrole/parent-child" ns2:from="ferc_ScheduleIdentificationAbstract" ns2:to="ferc_IdentificationTable" ns2:type="arc" />
        <ns0:loc ns2:href="../../ferc-core_2020-01-01.xsd#ferc_IdentificationLineItems" ns2:label="ferc_IdentificationLineItems" ns2:type="locator" />
        <ns0:presentationArc order="1" ns2:arcrole="http://www.xbrl.org/2003/arcrole/parent-child" ns2:from="ferc_IdentificationTable" ns2:to="ferc_IdentificationLineItems" ns2:type="arc" />
        <ns0:loc ns2:href="../../ferc-core_2020-01-01.xsd#ferc_CorporateOfficerCertificationAbstract" ns2:label="ferc_CorporateOfficerCertificationAbstract" ns2:type="locator" />
        <ns0:presentationArc order="1" ns2:arcrole="http://www.xbrl.org/2003/arcrole/parent-child" ns2:from="ferc_IdentificationLineItems" ns2:to="ferc_CorporateOfficerCertificationAbstract" ns2:type="arc" />
        <ns0:loc ns2:href="../../ferc-core_2020-01-01.xsd#ferc_AttestationName" ns2:label="ferc_AttestationName" ns2:type="locator" />
        <ns0:presentationArc order="1" preferredLabel="http://ferc.gov/form/2020-01-01/roles/label/F1Identification" ns2:arcrole="http://www.xbrl.org/2003/arcrole/parent-child" ns2:from="ferc_CorporateOfficerCertificationAbstract" ns2:to="ferc_AttestationName" ns2:type="arc" />
        <ns0:loc ns2:href="../../ferc-core_2020-01-01.xsd#ferc_AttestationTitle" ns2:label="ferc_AttestationTitle" ns2:type="locator" />
        <ns0:presentationArc order="2" preferredLabel="http://ferc.gov/form/2020-01-01/roles/label/F1Identification" ns2:arcrole="http://www.xbrl.org/2003/arcrole/parent-child" ns2:from="ferc_CorporateOfficerCertificationAbstract" ns2:to="ferc_AttestationTitle" ns2:type="arc" />
        <ns0:loc ns2:href="../../ferc-core_2020-01-01.xsd#ferc_CorporateOfficerCertificationSignature" ns2:label="ferc_CorporateOfficerCertificationSignature" ns2:type="locator" />
        <ns0:presentationArc order="3" preferredLabel="http://ferc.gov/form/2020-01-01/roles/label/F1Identification" ns2:arcrole="http://www.xbrl.org/2003/arcrole/parent-child" ns2:from="ferc_CorporateOfficerCertificationAbstract" ns2:to="ferc_CorporateOfficerCertificationSignature" ns2:type="arc" />
        <ns0:loc ns2:href="../../ferc-core_2020-01-01.xsd#ferc_AttestationDate" ns2:label="ferc_AttestationDate" ns2:type="locator" />
        <ns0:presentationArc order="4" preferredLabel="http://ferc.gov/form/2020-01-01/roles/label/F1Identification" ns2:arcrole="http://www.xbrl.org/2003/arcrole/parent-child" ns2:from="ferc_CorporateOfficerCertificationAbstract" ns2:to="ferc_AttestationDate" ns2:type="arc" />
    </ns0:presentationLink>
</ns0:linkbase>