﻿<?xml version="1.0" encoding="utf-8"?>
<?taxonomy-version 2.4.0.0?>
<!--(C) EBA-->
<link:linkbase xmlns:xsi="http://www.w3.org/2001/XMLSchema-instance" xmlns:xlink="http://www.w3.org/1999/xlink" xmlns:link="http://www.xbrl.org/2003/linkbase" xsi:schemaLocation="http://www.xbrl.org/2003/linkbase http://www.xbrl.org/2003/xbrl-linkbase-2003-12-31.xsd">
  <link:roleRef roleURI="http://www.eba.europa.eu/xbrl/crr/role/dict/dom/PC/PC1" xlink:type="simple" xlink:href="hier.xsd#eba_PC1" />
  <link:presentationLink xlink:type="extended" xlink:role="http://www.eba.europa.eu/xbrl/crr/role/dict/dom/PC/PC1">
    <link:loc xlink:type="locator" xlink:href="../exp.xsd#eba_PC" xlink:label="loc_eba_PC" />
    <link:loc xlink:type="locator" xlink:href="mem.xsd#eba_x0" xlink:label="loc_eba_x0" />
    <link:presentationArc xlink:type="arc" xlink:arcrole="http://www.xbrl.org/2003/arcrole/parent-child" xlink:from="loc_eba_PC" xlink:to="loc_eba_x0" order="1" />
    <link:loc xlink:type="locator" xlink:href="mem.xsd#eba_x1" xlink:label="loc_eba_x1" />
    <link:presentationArc xlink:type="arc" xlink:arcrole="http://www.xbrl.org/2003/arcrole/parent-child" xlink:from="loc_eba_x0" xlink:to="loc_eba_x1" order="1" />
    <link:loc xlink:type="locator" xlink:href="mem.xsd#eba_x57" xlink:label="loc_eba_x57" />
    <link:presentationArc xlink:type="arc" xlink:arcrole="http://www.xbrl.org/2003/arcrole/parent-child" xlink:from="loc_eba_x0" xlink:to="loc_eba_x57" order="2" />
    <link:loc xlink:type="locator" xlink:href="mem.xsd#eba_x59" xlink:label="loc_eba_x59" />
    <link:presentationArc xlink:type="arc" xlink:arcrole="http://www.xbrl.org/2003/arcrole/parent-child" xlink:from="loc_eba_x0" xlink:to="loc_eba_x59" order="3" />
    <link:loc xlink:type="locator" xlink:href="mem.xsd#eba_x60" xlink:label="loc_eba_x60" />
    <link:presentationArc xlink:type="arc" xlink:arcrole="http://www.xbrl.org/2003/arcrole/parent-child" xlink:from="loc_eba_x0" xlink:to="loc_eba_x60" order="4" />
    <link:loc xlink:type="locator" xlink:href="mem.xsd#eba_x32" xlink:label="loc_eba_x32" />
    <link:presentationArc xlink:type="arc" xlink:arcrole="http://www.xbrl.org/2003/arcrole/parent-child" xlink:from="loc_eba_x0" xlink:to="loc_eba_x32" order="5" />
    <link:loc xlink:type="locator" xlink:href="mem.xsd#eba_x62" xlink:label="loc_eba_x62" />
    <link:presentationArc xlink:type="arc" xlink:arcrole="http://www.xbrl.org/2003/arcrole/parent-child" xlink:from="loc_eba_x0" xlink:to="loc_eba_x62" order="6" />
    <link:loc xlink:type="locator" xlink:href="mem.xsd#eba_x63" xlink:label="loc_eba_x63" />
    <link:presentationArc xlink:type="arc" xlink:arcrole="http://www.xbrl.org/2003/arcrole/parent-child" xlink:from="loc_eba_x0" xlink:to="loc_eba_x63" order="7" />
    <link:loc xlink:type="locator" xlink:href="mem.xsd#eba_x58" xlink:label="loc_eba_x58" />
    <link:presentationArc xlink:type="arc" xlink:arcrole="http://www.xbrl.org/2003/arcrole/parent-child" xlink:from="loc_eba_x0" xlink:to="loc_eba_x58" order="8" />
    <link:loc xlink:type="locator" xlink:href="mem.xsd#eba_x61" xlink:label="loc_eba_x61" />
    <link:presentationArc xlink:type="arc" xlink:arcrole="http://www.xbrl.org/2003/arcrole/parent-child" xlink:from="loc_eba_x0" xlink:to="loc_eba_x61" order="9" />
  </link:presentationLink>
</link:linkbase>