﻿<?xml version="1.0" encoding="utf-8"?>
<?taxonomy-version 2.9.0.0 ?> <?taxonomy-set-overall-version 2.9.0.0 ?>
<!--(C) EBA-->
<link:linkbase xmlns:xsi="http://www.w3.org/2001/XMLSchema-instance" xmlns:xlink="http://www.w3.org/1999/xlink" xmlns:link="http://www.xbrl.org/2003/linkbase" xsi:schemaLocation="http://www.xbrl.org/2003/linkbase http://www.xbrl.org/2003/xbrl-linkbase-2003-12-31.xsd">
  <link:roleRef roleURI="http://www.eba.europa.eu/xbrl/role/dpm-db-id" xlink:type="simple" xlink:href="http://www.eba.europa.eu/eu/fr/xbrl/ext/model.xsd#dpm-db-id" />
  <link:labelLink xlink:type="extended" xlink:role="http://www.xbrl.org/2003/role/link">
    <link:loc xlink:type="locator" xlink:href="mem.xsd#eba_x1" xlink:label="loc_eba_x1" />
    <link:label xlink:type="resource" xlink:label="label_eba_x1" xml:lang="en" xlink:role="http://www.eba.europa.eu/xbrl/role/dpm-db-id">2477</link:label>
    <link:labelArc xlink:type="arc" xlink:arcrole="http://www.xbrl.org/2003/arcrole/concept-label" xlink:from="loc_eba_x1" xlink:to="label_eba_x1" />
    <link:loc xlink:type="locator" xlink:href="mem.xsd#eba_x2" xlink:label="loc_eba_x2" />
    <link:label xlink:type="resource" xlink:label="label_eba_x2" xml:lang="en" xlink:role="http://www.eba.europa.eu/xbrl/role/dpm-db-id">2478</link:label>
    <link:labelArc xlink:type="arc" xlink:arcrole="http://www.xbrl.org/2003/arcrole/concept-label" xlink:from="loc_eba_x2" xlink:to="label_eba_x2" />
    <link:loc xlink:type="locator" xlink:href="mem.xsd#eba_x3" xlink:label="loc_eba_x3" />
    <link:label xlink:type="resource" xlink:label="label_eba_x3" xml:lang="en" xlink:role="http://www.eba.europa.eu/xbrl/role/dpm-db-id">2479</link:label>
    <link:labelArc xlink:type="arc" xlink:arcrole="http://www.xbrl.org/2003/arcrole/concept-label" xlink:from="loc_eba_x3" xlink:to="label_eba_x3" />
    <link:loc xlink:type="locator" xlink:href="mem.xsd#eba_x4" xlink:label="loc_eba_x4" />
    <link:label xlink:type="resource" xlink:label="label_eba_x4" xml:lang="en" xlink:role="http://www.eba.europa.eu/xbrl/role/dpm-db-id">2480</link:label>
    <link:labelArc xlink:type="arc" xlink:arcrole="http://www.xbrl.org/2003/arcrole/concept-label" xlink:from="loc_eba_x4" xlink:to="label_eba_x4" />
    <link:loc xlink:type="locator" xlink:href="mem.xsd#eba_x5" xlink:label="loc_eba_x5" />
    <link:label xlink:type="resource" xlink:label="label_eba_x5" xml:lang="en" xlink:role="http://www.eba.europa.eu/xbrl/role/dpm-db-id">2481</link:label>
    <link:labelArc xlink:type="arc" xlink:arcrole="http://www.xbrl.org/2003/arcrole/concept-label" xlink:from="loc_eba_x5" xlink:to="label_eba_x5" />
    <link:loc xlink:type="locator" xlink:href="mem.xsd#eba_x6" xlink:label="loc_eba_x6" />
    <link:label xlink:type="resource" xlink:label="label_eba_x6" xml:lang="en" xlink:role="http://www.eba.europa.eu/xbrl/role/dpm-db-id">2482</link:label>
    <link:labelArc xlink:type="arc" xlink:arcrole="http://www.xbrl.org/2003/arcrole/concept-label" xlink:from="loc_eba_x6" xlink:to="label_eba_x6" />
    <link:loc xlink:type="locator" xlink:href="mem.xsd#eba_x7" xlink:label="loc_eba_x7" />
    <link:label xlink:type="resource" xlink:label="label_eba_x7" xml:lang="en" xlink:role="http://www.eba.europa.eu/xbrl/role/dpm-db-id">2483</link:label>
    <link:labelArc xlink:type="arc" xlink:arcrole="http://www.xbrl.org/2003/arcrole/concept-label" xlink:from="loc_eba_x7" xlink:to="label_eba_x7" />
    <link:loc xlink:type="locator" xlink:href="mem.xsd#eba_x8" xlink:label="loc_eba_x8" />
    <link:label xlink:type="resource" xlink:label="label_eba_x8" xml:lang="en" xlink:role="http://www.eba.europa.eu/xbrl/role/dpm-db-id">2484</link:label>
    <link:labelArc xlink:type="arc" xlink:arcrole="http://www.xbrl.org/2003/arcrole/concept-label" xlink:from="loc_eba_x8" xlink:to="label_eba_x8" />
    <link:loc xlink:type="locator" xlink:href="mem.xsd#eba_x9" xlink:label="loc_eba_x9" />
    <link:label xlink:type="resource" xlink:label="label_eba_x9" xml:lang="en" xlink:role="http://www.eba.europa.eu/xbrl/role/dpm-db-id">2485</link:label>
    <link:labelArc xlink:type="arc" xlink:arcrole="http://www.xbrl.org/2003/arcrole/concept-label" xlink:from="loc_eba_x9" xlink:to="label_eba_x9" />
    <link:loc xlink:type="locator" xlink:href="mem.xsd#eba_x10" xlink:label="loc_eba_x10" />
    <link:label xlink:type="resource" xlink:label="label_eba_x10" xml:lang="en" xlink:role="http://www.eba.europa.eu/xbrl/role/dpm-db-id">2486</link:label>
    <link:labelArc xlink:type="arc" xlink:arcrole="http://www.xbrl.org/2003/arcrole/concept-label" xlink:from="loc_eba_x10" xlink:to="label_eba_x10" />
    <link:loc xlink:type="locator" xlink:href="mem.xsd#eba_x11" xlink:label="loc_eba_x11" />
    <link:label xlink:type="resource" xlink:label="label_eba_x11" xml:lang="en" xlink:role="http://www.eba.europa.eu/xbrl/role/dpm-db-id">2487</link:label>
    <link:labelArc xlink:type="arc" xlink:arcrole="http://www.xbrl.org/2003/arcrole/concept-label" xlink:from="loc_eba_x11" xlink:to="label_eba_x11" />
    <link:loc xlink:type="locator" xlink:href="mem.xsd#eba_x12" xlink:label="loc_eba_x12" />
    <link:label xlink:type="resource" xlink:label="label_eba_x12" xml:lang="en" xlink:role="http://www.eba.europa.eu/xbrl/role/dpm-db-id">2488</link:label>
    <link:labelArc xlink:type="arc" xlink:arcrole="http://www.xbrl.org/2003/arcrole/concept-label" xlink:from="loc_eba_x12" xlink:to="label_eba_x12" />
    <link:loc xlink:type="locator" xlink:href="mem.xsd#eba_x13" xlink:label="loc_eba_x13" />
    <link:label xlink:type="resource" xlink:label="label_eba_x13" xml:lang="en" xlink:role="http://www.eba.europa.eu/xbrl/role/dpm-db-id">2489</link:label>
    <link:labelArc xlink:type="arc" xlink:arcrole="http://www.xbrl.org/2003/arcrole/concept-label" xlink:from="loc_eba_x13" xlink:to="label_eba_x13" />
    <link:loc xlink:type="locator" xlink:href="mem.xsd#eba_x14" xlink:label="loc_eba_x14" />
    <link:label xlink:type="resource" xlink:label="label_eba_x14" xml:lang="en" xlink:role="http://www.eba.europa.eu/xbrl/role/dpm-db-id">2490</link:label>
    <link:labelArc xlink:type="arc" xlink:arcrole="http://www.xbrl.org/2003/arcrole/concept-label" xlink:from="loc_eba_x14" xlink:to="label_eba_x14" />
    <link:loc xlink:type="locator" xlink:href="mem.xsd#eba_x15" xlink:label="loc_eba_x15" />
    <link:label xlink:type="resource" xlink:label="label_eba_x15" xml:lang="en" xlink:role="http://www.eba.europa.eu/xbrl/role/dpm-db-id">2491</link:label>
    <link:labelArc xlink:type="arc" xlink:arcrole="http://www.xbrl.org/2003/arcrole/concept-label" xlink:from="loc_eba_x15" xlink:to="label_eba_x15" />
    <link:loc xlink:type="locator" xlink:href="mem.xsd#eba_x16" xlink:label="loc_eba_x16" />
    <link:label xlink:type="resource" xlink:label="label_eba_x16" xml:lang="en" xlink:role="http://www.eba.europa.eu/xbrl/role/dpm-db-id">2492</link:label>
    <link:labelArc xlink:type="arc" xlink:arcrole="http://www.xbrl.org/2003/arcrole/concept-label" xlink:from="loc_eba_x16" xlink:to="label_eba_x16" />
    <link:loc xlink:type="locator" xlink:href="mem.xsd#eba_x17" xlink:label="loc_eba_x17" />
    <link:label xlink:type="resource" xlink:label="label_eba_x17" xml:lang="en" xlink:role="http://www.eba.europa.eu/xbrl/role/dpm-db-id">2493</link:label>
    <link:labelArc xlink:type="arc" xlink:arcrole="http://www.xbrl.org/2003/arcrole/concept-label" xlink:from="loc_eba_x17" xlink:to="label_eba_x17" />
    <link:loc xlink:type="locator" xlink:href="mem.xsd#eba_x18" xlink:label="loc_eba_x18" />
    <link:label xlink:type="resource" xlink:label="label_eba_x18" xml:lang="en" xlink:role="http://www.eba.europa.eu/xbrl/role/dpm-db-id">2494</link:label>
    <link:labelArc xlink:type="arc" xlink:arcrole="http://www.xbrl.org/2003/arcrole/concept-label" xlink:from="loc_eba_x18" xlink:to="label_eba_x18" />
    <link:loc xlink:type="locator" xlink:href="mem.xsd#eba_x19" xlink:label="loc_eba_x19" />
    <link:label xlink:type="resource" xlink:label="label_eba_x19" xml:lang="en" xlink:role="http://www.eba.europa.eu/xbrl/role/dpm-db-id">2495</link:label>
    <link:labelArc xlink:type="arc" xlink:arcrole="http://www.xbrl.org/2003/arcrole/concept-label" xlink:from="loc_eba_x19" xlink:to="label_eba_x19" />
    <link:loc xlink:type="locator" xlink:href="mem.xsd#eba_x20" xlink:label="loc_eba_x20" />
    <link:label xlink:type="resource" xlink:label="label_eba_x20" xml:lang="en" xlink:role="http://www.eba.europa.eu/xbrl/role/dpm-db-id">2496</link:label>
    <link:labelArc xlink:type="arc" xlink:arcrole="http://www.xbrl.org/2003/arcrole/concept-label" xlink:from="loc_eba_x20" xlink:to="label_eba_x20" />
    <link:loc xlink:type="locator" xlink:href="mem.xsd#eba_x21" xlink:label="loc_eba_x21" />
    <link:label xlink:type="resource" xlink:label="label_eba_x21" xml:lang="en" xlink:role="http://www.eba.europa.eu/xbrl/role/dpm-db-id">2497</link:label>
    <link:labelArc xlink:type="arc" xlink:arcrole="http://www.xbrl.org/2003/arcrole/concept-label" xlink:from="loc_eba_x21" xlink:to="label_eba_x21" />
    <link:loc xlink:type="locator" xlink:href="mem.xsd#eba_x22" xlink:label="loc_eba_x22" />
    <link:label xlink:type="resource" xlink:label="label_eba_x22" xml:lang="en" xlink:role="http://www.eba.europa.eu/xbrl/role/dpm-db-id">2498</link:label>
    <link:labelArc xlink:type="arc" xlink:arcrole="http://www.xbrl.org/2003/arcrole/concept-label" xlink:from="loc_eba_x22" xlink:to="label_eba_x22" />
    <link:loc xlink:type="locator" xlink:href="mem.xsd#eba_x23" xlink:label="loc_eba_x23" />
    <link:label xlink:type="resource" xlink:label="label_eba_x23" xml:lang="en" xlink:role="http://www.eba.europa.eu/xbrl/role/dpm-db-id">2499</link:label>
    <link:labelArc xlink:type="arc" xlink:arcrole="http://www.xbrl.org/2003/arcrole/concept-label" xlink:from="loc_eba_x23" xlink:to="label_eba_x23" />
    <link:loc xlink:type="locator" xlink:href="mem.xsd#eba_x24" xlink:label="loc_eba_x24" />
    <link:label xlink:type="resource" xlink:label="label_eba_x24" xml:lang="en" xlink:role="http://www.eba.europa.eu/xbrl/role/dpm-db-id">2500</link:label>
    <link:labelArc xlink:type="arc" xlink:arcrole="http://www.xbrl.org/2003/arcrole/concept-label" xlink:from="loc_eba_x24" xlink:to="label_eba_x24" />
    <link:loc xlink:type="locator" xlink:href="mem.xsd#eba_x25" xlink:label="loc_eba_x25" />
    <link:label xlink:type="resource" xlink:label="label_eba_x25" xml:lang="en" xlink:role="http://www.eba.europa.eu/xbrl/role/dpm-db-id">2501</link:label>
    <link:labelArc xlink:type="arc" xlink:arcrole="http://www.xbrl.org/2003/arcrole/concept-label" xlink:from="loc_eba_x25" xlink:to="label_eba_x25" />
    <link:loc xlink:type="locator" xlink:href="mem.xsd#eba_x26" xlink:label="loc_eba_x26" />
    <link:label xlink:type="resource" xlink:label="label_eba_x26" xml:lang="en" xlink:role="http://www.eba.europa.eu/xbrl/role/dpm-db-id">2502</link:label>
    <link:labelArc xlink:type="arc" xlink:arcrole="http://www.xbrl.org/2003/arcrole/concept-label" xlink:from="loc_eba_x26" xlink:to="label_eba_x26" />
    <link:loc xlink:type="locator" xlink:href="mem.xsd#eba_x27" xlink:label="loc_eba_x27" />
    <link:label xlink:type="resource" xlink:label="label_eba_x27" xml:lang="en" xlink:role="http://www.eba.europa.eu/xbrl/role/dpm-db-id">2503</link:label>
    <link:labelArc xlink:type="arc" xlink:arcrole="http://www.xbrl.org/2003/arcrole/concept-label" xlink:from="loc_eba_x27" xlink:to="label_eba_x27" />
    <link:loc xlink:type="locator" xlink:href="mem.xsd#eba_x28" xlink:label="loc_eba_x28" />
    <link:label xlink:type="resource" xlink:label="label_eba_x28" xml:lang="en" xlink:role="http://www.eba.europa.eu/xbrl/role/dpm-db-id">2504</link:label>
    <link:labelArc xlink:type="arc" xlink:arcrole="http://www.xbrl.org/2003/arcrole/concept-label" xlink:from="loc_eba_x28" xlink:to="label_eba_x28" />
    <link:loc xlink:type="locator" xlink:href="mem.xsd#eba_x29" xlink:label="loc_eba_x29" />
    <link:label xlink:type="resource" xlink:label="label_eba_x29" xml:lang="en" xlink:role="http://www.eba.europa.eu/xbrl/role/dpm-db-id">2505</link:label>
    <link:labelArc xlink:type="arc" xlink:arcrole="http://www.xbrl.org/2003/arcrole/concept-label" xlink:from="loc_eba_x29" xlink:to="label_eba_x29" />
    <link:loc xlink:type="locator" xlink:href="mem.xsd#eba_x30" xlink:label="loc_eba_x30" />
    <link:label xlink:type="resource" xlink:label="label_eba_x30" xml:lang="en" xlink:role="http://www.eba.europa.eu/xbrl/role/dpm-db-id">2506</link:label>
    <link:labelArc xlink:type="arc" xlink:arcrole="http://www.xbrl.org/2003/arcrole/concept-label" xlink:from="loc_eba_x30" xlink:to="label_eba_x30" />
    <link:loc xlink:type="locator" xlink:href="mem.xsd#eba_x31" xlink:label="loc_eba_x31" />
    <link:label xlink:type="resource" xlink:label="label_eba_x31" xml:lang="en" xlink:role="http://www.eba.europa.eu/xbrl/role/dpm-db-id">2507</link:label>
    <link:labelArc xlink:type="arc" xlink:arcrole="http://www.xbrl.org/2003/arcrole/concept-label" xlink:from="loc_eba_x31" xlink:to="label_eba_x31" />
    <link:loc xlink:type="locator" xlink:href="mem.xsd#eba_x32" xlink:label="loc_eba_x32" />
    <link:label xlink:type="resource" xlink:label="label_eba_x32" xml:lang="en" xlink:role="http://www.eba.europa.eu/xbrl/role/dpm-db-id">2508</link:label>
    <link:labelArc xlink:type="arc" xlink:arcrole="http://www.xbrl.org/2003/arcrole/concept-label" xlink:from="loc_eba_x32" xlink:to="label_eba_x32" />
    <link:loc xlink:type="locator" xlink:href="mem.xsd#eba_x33" xlink:label="loc_eba_x33" />
    <link:label xlink:type="resource" xlink:label="label_eba_x33" xml:lang="en" xlink:role="http://www.eba.europa.eu/xbrl/role/dpm-db-id">2509</link:label>
    <link:labelArc xlink:type="arc" xlink:arcrole="http://www.xbrl.org/2003/arcrole/concept-label" xlink:from="loc_eba_x33" xlink:to="label_eba_x33" />
    <link:loc xlink:type="locator" xlink:href="mem.xsd#eba_x34" xlink:label="loc_eba_x34" />
    <link:label xlink:type="resource" xlink:label="label_eba_x34" xml:lang="en" xlink:role="http://www.eba.europa.eu/xbrl/role/dpm-db-id">2510</link:label>
    <link:labelArc xlink:type="arc" xlink:arcrole="http://www.xbrl.org/2003/arcrole/concept-label" xlink:from="loc_eba_x34" xlink:to="label_eba_x34" />
    <link:loc xlink:type="locator" xlink:href="mem.xsd#eba_x35" xlink:label="loc_eba_x35" />
    <link:label xlink:type="resource" xlink:label="label_eba_x35" xml:lang="en" xlink:role="http://www.eba.europa.eu/xbrl/role/dpm-db-id">2511</link:label>
    <link:labelArc xlink:type="arc" xlink:arcrole="http://www.xbrl.org/2003/arcrole/concept-label" xlink:from="loc_eba_x35" xlink:to="label_eba_x35" />
    <link:loc xlink:type="locator" xlink:href="mem.xsd#eba_x36" xlink:label="loc_eba_x36" />
    <link:label xlink:type="resource" xlink:label="label_eba_x36" xml:lang="en" xlink:role="http://www.eba.europa.eu/xbrl/role/dpm-db-id">2512</link:label>
    <link:labelArc xlink:type="arc" xlink:arcrole="http://www.xbrl.org/2003/arcrole/concept-label" xlink:from="loc_eba_x36" xlink:to="label_eba_x36" />
    <link:loc xlink:type="locator" xlink:href="mem.xsd#eba_x37" xlink:label="loc_eba_x37" />
    <link:label xlink:type="resource" xlink:label="label_eba_x37" xml:lang="en" xlink:role="http://www.eba.europa.eu/xbrl/role/dpm-db-id">2513</link:label>
    <link:labelArc xlink:type="arc" xlink:arcrole="http://www.xbrl.org/2003/arcrole/concept-label" xlink:from="loc_eba_x37" xlink:to="label_eba_x37" />
    <link:loc xlink:type="locator" xlink:href="mem.xsd#eba_x38" xlink:label="loc_eba_x38" />
    <link:label xlink:type="resource" xlink:label="label_eba_x38" xml:lang="en" xlink:role="http://www.eba.europa.eu/xbrl/role/dpm-db-id">2514</link:label>
    <link:labelArc xlink:type="arc" xlink:arcrole="http://www.xbrl.org/2003/arcrole/concept-label" xlink:from="loc_eba_x38" xlink:to="label_eba_x38" />
    <link:loc xlink:type="locator" xlink:href="mem.xsd#eba_x39" xlink:label="loc_eba_x39" />
    <link:label xlink:type="resource" xlink:label="label_eba_x39" xml:lang="en" xlink:role="http://www.eba.europa.eu/xbrl/role/dpm-db-id">2515</link:label>
    <link:labelArc xlink:type="arc" xlink:arcrole="http://www.xbrl.org/2003/arcrole/concept-label" xlink:from="loc_eba_x39" xlink:to="label_eba_x39" />
    <link:loc xlink:type="locator" xlink:href="mem.xsd#eba_x40" xlink:label="loc_eba_x40" />
    <link:label xlink:type="resource" xlink:label="label_eba_x40" xml:lang="en" xlink:role="http://www.eba.europa.eu/xbrl/role/dpm-db-id">2516</link:label>
    <link:labelArc xlink:type="arc" xlink:arcrole="http://www.xbrl.org/2003/arcrole/concept-label" xlink:from="loc_eba_x40" xlink:to="label_eba_x40" />
    <link:loc xlink:type="locator" xlink:href="mem.xsd#eba_x41" xlink:label="loc_eba_x41" />
    <link:label xlink:type="resource" xlink:label="label_eba_x41" xml:lang="en" xlink:role="http://www.eba.europa.eu/xbrl/role/dpm-db-id">2517</link:label>
    <link:labelArc xlink:type="arc" xlink:arcrole="http://www.xbrl.org/2003/arcrole/concept-label" xlink:from="loc_eba_x41" xlink:to="label_eba_x41" />
    <link:loc xlink:type="locator" xlink:href="mem.xsd#eba_x42" xlink:label="loc_eba_x42" />
    <link:label xlink:type="resource" xlink:label="label_eba_x42" xml:lang="en" xlink:role="http://www.eba.europa.eu/xbrl/role/dpm-db-id">2518</link:label>
    <link:labelArc xlink:type="arc" xlink:arcrole="http://www.xbrl.org/2003/arcrole/concept-label" xlink:from="loc_eba_x42" xlink:to="label_eba_x42" />
    <link:loc xlink:type="locator" xlink:href="mem.xsd#eba_x43" xlink:label="loc_eba_x43" />
    <link:label xlink:type="resource" xlink:label="label_eba_x43" xml:lang="en" xlink:role="http://www.eba.europa.eu/xbrl/role/dpm-db-id">2519</link:label>
    <link:labelArc xlink:type="arc" xlink:arcrole="http://www.xbrl.org/2003/arcrole/concept-label" xlink:from="loc_eba_x43" xlink:to="label_eba_x43" />
    <link:loc xlink:type="locator" xlink:href="mem.xsd#eba_x44" xlink:label="loc_eba_x44" />
    <link:label xlink:type="resource" xlink:label="label_eba_x44" xml:lang="en" xlink:role="http://www.eba.europa.eu/xbrl/role/dpm-db-id">2520</link:label>
    <link:labelArc xlink:type="arc" xlink:arcrole="http://www.xbrl.org/2003/arcrole/concept-label" xlink:from="loc_eba_x44" xlink:to="label_eba_x44" />
    <link:loc xlink:type="locator" xlink:href="mem.xsd#eba_x45" xlink:label="loc_eba_x45" />
    <link:label xlink:type="resource" xlink:label="label_eba_x45" xml:lang="en" xlink:role="http://www.eba.europa.eu/xbrl/role/dpm-db-id">2521</link:label>
    <link:labelArc xlink:type="arc" xlink:arcrole="http://www.xbrl.org/2003/arcrole/concept-label" xlink:from="loc_eba_x45" xlink:to="label_eba_x45" />
    <link:loc xlink:type="locator" xlink:href="mem.xsd#eba_x46" xlink:label="loc_eba_x46" />
    <link:label xlink:type="resource" xlink:label="label_eba_x46" xml:lang="en" xlink:role="http://www.eba.europa.eu/xbrl/role/dpm-db-id">2522</link:label>
    <link:labelArc xlink:type="arc" xlink:arcrole="http://www.xbrl.org/2003/arcrole/concept-label" xlink:from="loc_eba_x46" xlink:to="label_eba_x46" />
    <link:loc xlink:type="locator" xlink:href="mem.xsd#eba_x47" xlink:label="loc_eba_x47" />
    <link:label xlink:type="resource" xlink:label="label_eba_x47" xml:lang="en" xlink:role="http://www.eba.europa.eu/xbrl/role/dpm-db-id">2523</link:label>
    <link:labelArc xlink:type="arc" xlink:arcrole="http://www.xbrl.org/2003/arcrole/concept-label" xlink:from="loc_eba_x47" xlink:to="label_eba_x47" />
    <link:loc xlink:type="locator" xlink:href="mem.xsd#eba_x48" xlink:label="loc_eba_x48" />
    <link:label xlink:type="resource" xlink:label="label_eba_x48" xml:lang="en" xlink:role="http://www.eba.europa.eu/xbrl/role/dpm-db-id">2524</link:label>
    <link:labelArc xlink:type="arc" xlink:arcrole="http://www.xbrl.org/2003/arcrole/concept-label" xlink:from="loc_eba_x48" xlink:to="label_eba_x48" />
    <link:loc xlink:type="locator" xlink:href="mem.xsd#eba_x49" xlink:label="loc_eba_x49" />
    <link:label xlink:type="resource" xlink:label="label_eba_x49" xml:lang="en" xlink:role="http://www.eba.europa.eu/xbrl/role/dpm-db-id">2525</link:label>
    <link:labelArc xlink:type="arc" xlink:arcrole="http://www.xbrl.org/2003/arcrole/concept-label" xlink:from="loc_eba_x49" xlink:to="label_eba_x49" />
    <link:loc xlink:type="locator" xlink:href="mem.xsd#eba_x50" xlink:label="loc_eba_x50" />
    <link:label xlink:type="resource" xlink:label="label_eba_x50" xml:lang="en" xlink:role="http://www.eba.europa.eu/xbrl/role/dpm-db-id">2526</link:label>
    <link:labelArc xlink:type="arc" xlink:arcrole="http://www.xbrl.org/2003/arcrole/concept-label" xlink:from="loc_eba_x50" xlink:to="label_eba_x50" />
    <link:loc xlink:type="locator" xlink:href="mem.xsd#eba_x51" xlink:label="loc_eba_x51" />
    <link:label xlink:type="resource" xlink:label="label_eba_x51" xml:lang="en" xlink:role="http://www.eba.europa.eu/xbrl/role/dpm-db-id">2527</link:label>
    <link:labelArc xlink:type="arc" xlink:arcrole="http://www.xbrl.org/2003/arcrole/concept-label" xlink:from="loc_eba_x51" xlink:to="label_eba_x51" />
    <link:loc xlink:type="locator" xlink:href="mem.xsd#eba_x52" xlink:label="loc_eba_x52" />
    <link:label xlink:type="resource" xlink:label="label_eba_x52" xml:lang="en" xlink:role="http://www.eba.europa.eu/xbrl/role/dpm-db-id">2528</link:label>
    <link:labelArc xlink:type="arc" xlink:arcrole="http://www.xbrl.org/2003/arcrole/concept-label" xlink:from="loc_eba_x52" xlink:to="label_eba_x52" />
    <link:loc xlink:type="locator" xlink:href="mem.xsd#eba_x0" xlink:label="loc_eba_x0" />
    <link:label xlink:type="resource" xlink:label="label_eba_x0" xml:lang="en" xlink:role="http://www.eba.europa.eu/xbrl/role/dpm-db-id">2529</link:label>
    <link:labelArc xlink:type="arc" xlink:arcrole="http://www.xbrl.org/2003/arcrole/concept-label" xlink:from="loc_eba_x0" xlink:to="label_eba_x0" />
    <link:loc xlink:type="locator" xlink:href="mem.xsd#eba_x54" xlink:label="loc_eba_x54" />
    <link:label xlink:type="resource" xlink:label="label_eba_x54" xml:lang="en" xlink:role="http://www.eba.europa.eu/xbrl/role/dpm-db-id">2532</link:label>
    <link:labelArc xlink:type="arc" xlink:arcrole="http://www.xbrl.org/2003/arcrole/concept-label" xlink:from="loc_eba_x54" xlink:to="label_eba_x54" />
    <link:loc xlink:type="locator" xlink:href="mem.xsd#eba_x55" xlink:label="loc_eba_x55" />
    <link:label xlink:type="resource" xlink:label="label_eba_x55" xml:lang="en" xlink:role="http://www.eba.europa.eu/xbrl/role/dpm-db-id">2533</link:label>
    <link:labelArc xlink:type="arc" xlink:arcrole="http://www.xbrl.org/2003/arcrole/concept-label" xlink:from="loc_eba_x55" xlink:to="label_eba_x55" />
    <link:loc xlink:type="locator" xlink:href="mem.xsd#eba_x56" xlink:label="loc_eba_x56" />
    <link:label xlink:type="resource" xlink:label="label_eba_x56" xml:lang="en" xlink:role="http://www.eba.europa.eu/xbrl/role/dpm-db-id">2534</link:label>
    <link:labelArc xlink:type="arc" xlink:arcrole="http://www.xbrl.org/2003/arcrole/concept-label" xlink:from="loc_eba_x56" xlink:to="label_eba_x56" />
    <link:loc xlink:type="locator" xlink:href="mem.xsd#eba_x57" xlink:label="loc_eba_x57" />
    <link:label xlink:type="resource" xlink:label="label_eba_x57" xml:lang="en" xlink:role="http://www.eba.europa.eu/xbrl/role/dpm-db-id">2535</link:label>
    <link:labelArc xlink:type="arc" xlink:arcrole="http://www.xbrl.org/2003/arcrole/concept-label" xlink:from="loc_eba_x57" xlink:to="label_eba_x57" />
    <link:loc xlink:type="locator" xlink:href="mem.xsd#eba_x58" xlink:label="loc_eba_x58" />
    <link:label xlink:type="resource" xlink:label="label_eba_x58" xml:lang="en" xlink:role="http://www.eba.europa.eu/xbrl/role/dpm-db-id">2536</link:label>
    <link:labelArc xlink:type="arc" xlink:arcrole="http://www.xbrl.org/2003/arcrole/concept-label" xlink:from="loc_eba_x58" xlink:to="label_eba_x58" />
    <link:loc xlink:type="locator" xlink:href="mem.xsd#eba_x59" xlink:label="loc_eba_x59" />
    <link:label xlink:type="resource" xlink:label="label_eba_x59" xml:lang="en" xlink:role="http://www.eba.europa.eu/xbrl/role/dpm-db-id">2537</link:label>
    <link:labelArc xlink:type="arc" xlink:arcrole="http://www.xbrl.org/2003/arcrole/concept-label" xlink:from="loc_eba_x59" xlink:to="label_eba_x59" />
    <link:loc xlink:type="locator" xlink:href="mem.xsd#eba_x60" xlink:label="loc_eba_x60" />
    <link:label xlink:type="resource" xlink:label="label_eba_x60" xml:lang="en" xlink:role="http://www.eba.europa.eu/xbrl/role/dpm-db-id">2538</link:label>
    <link:labelArc xlink:type="arc" xlink:arcrole="http://www.xbrl.org/2003/arcrole/concept-label" xlink:from="loc_eba_x60" xlink:to="label_eba_x60" />
    <link:loc xlink:type="locator" xlink:href="mem.xsd#eba_x61" xlink:label="loc_eba_x61" />
    <link:label xlink:type="resource" xlink:label="label_eba_x61" xml:lang="en" xlink:role="http://www.eba.europa.eu/xbrl/role/dpm-db-id">2539</link:label>
    <link:labelArc xlink:type="arc" xlink:arcrole="http://www.xbrl.org/2003/arcrole/concept-label" xlink:from="loc_eba_x61" xlink:to="label_eba_x61" />
    <link:loc xlink:type="locator" xlink:href="mem.xsd#eba_x62" xlink:label="loc_eba_x62" />
    <link:label xlink:type="resource" xlink:label="label_eba_x62" xml:lang="en" xlink:role="http://www.eba.europa.eu/xbrl/role/dpm-db-id">2540</link:label>
    <link:labelArc xlink:type="arc" xlink:arcrole="http://www.xbrl.org/2003/arcrole/concept-label" xlink:from="loc_eba_x62" xlink:to="label_eba_x62" />
    <link:loc xlink:type="locator" xlink:href="mem.xsd#eba_x63" xlink:label="loc_eba_x63" />
    <link:label xlink:type="resource" xlink:label="label_eba_x63" xml:lang="en" xlink:role="http://www.eba.europa.eu/xbrl/role/dpm-db-id">2541</link:label>
    <link:labelArc xlink:type="arc" xlink:arcrole="http://www.xbrl.org/2003/arcrole/concept-label" xlink:from="loc_eba_x63" xlink:to="label_eba_x63" />
    <link:loc xlink:type="locator" xlink:href="mem.xsd#eba_x64" xlink:label="loc_eba_x64" />
    <link:label xlink:type="resource" xlink:label="label_eba_x64" xml:lang="en" xlink:role="http://www.eba.europa.eu/xbrl/role/dpm-db-id">2542</link:label>
    <link:labelArc xlink:type="arc" xlink:arcrole="http://www.xbrl.org/2003/arcrole/concept-label" xlink:from="loc_eba_x64" xlink:to="label_eba_x64" />
    <link:loc xlink:type="locator" xlink:href="mem.xsd#eba_x65" xlink:label="loc_eba_x65" />
    <link:label xlink:type="resource" xlink:label="label_eba_x65" xml:lang="en" xlink:role="http://www.eba.europa.eu/xbrl/role/dpm-db-id">2544</link:label>
    <link:labelArc xlink:type="arc" xlink:arcrole="http://www.xbrl.org/2003/arcrole/concept-label" xlink:from="loc_eba_x65" xlink:to="label_eba_x65" />
    <link:loc xlink:type="locator" xlink:href="mem.xsd#eba_x66" xlink:label="loc_eba_x66" />
    <link:label xlink:type="resource" xlink:label="label_eba_x66" xml:lang="en" xlink:role="http://www.eba.europa.eu/xbrl/role/dpm-db-id">2545</link:label>
    <link:labelArc xlink:type="arc" xlink:arcrole="http://www.xbrl.org/2003/arcrole/concept-label" xlink:from="loc_eba_x66" xlink:to="label_eba_x66" />
    <link:loc xlink:type="locator" xlink:href="mem.xsd#eba_x67" xlink:label="loc_eba_x67" />
    <link:label xlink:type="resource" xlink:label="label_eba_x67" xml:lang="en" xlink:role="http://www.eba.europa.eu/xbrl/role/dpm-db-id">2546</link:label>
    <link:labelArc xlink:type="arc" xlink:arcrole="http://www.xbrl.org/2003/arcrole/concept-label" xlink:from="loc_eba_x67" xlink:to="label_eba_x67" />
    <link:loc xlink:type="locator" xlink:href="mem.xsd#eba_x68" xlink:label="loc_eba_x68" />
    <link:label xlink:type="resource" xlink:label="label_eba_x68" xml:lang="en" xlink:role="http://www.eba.europa.eu/xbrl/role/dpm-db-id">2547</link:label>
    <link:labelArc xlink:type="arc" xlink:arcrole="http://www.xbrl.org/2003/arcrole/concept-label" xlink:from="loc_eba_x68" xlink:to="label_eba_x68" />
    <link:loc xlink:type="locator" xlink:href="mem.xsd#eba_x69" xlink:label="loc_eba_x69" />
    <link:label xlink:type="resource" xlink:label="label_eba_x69" xml:lang="en" xlink:role="http://www.eba.europa.eu/xbrl/role/dpm-db-id">3186</link:label>
    <link:labelArc xlink:type="arc" xlink:arcrole="http://www.xbrl.org/2003/arcrole/concept-label" xlink:from="loc_eba_x69" xlink:to="label_eba_x69" />
    <link:loc xlink:type="locator" xlink:href="mem.xsd#eba_x70" xlink:label="loc_eba_x70" />
    <link:label xlink:type="resource" xlink:label="label_eba_x70" xml:lang="en" xlink:role="http://www.eba.europa.eu/xbrl/role/dpm-db-id">3402</link:label>
    <link:labelArc xlink:type="arc" xlink:arcrole="http://www.xbrl.org/2003/arcrole/concept-label" xlink:from="loc_eba_x70" xlink:to="label_eba_x70" />
    <link:loc xlink:type="locator" xlink:href="mem.xsd#eba_x72" xlink:label="loc_eba_x72" />
    <link:label xlink:type="resource" xlink:label="label_eba_x72" xml:lang="en" xlink:role="http://www.eba.europa.eu/xbrl/role/dpm-db-id">3687</link:label>
    <link:labelArc xlink:type="arc" xlink:arcrole="http://www.xbrl.org/2003/arcrole/concept-label" xlink:from="loc_eba_x72" xlink:to="label_eba_x72" />
    <link:loc xlink:type="locator" xlink:href="mem.xsd#eba_x73" xlink:label="loc_eba_x73" />
    <link:label xlink:type="resource" xlink:label="label_eba_x73" xml:lang="en" xlink:role="http://www.eba.europa.eu/xbrl/role/dpm-db-id">3688</link:label>
    <link:labelArc xlink:type="arc" xlink:arcrole="http://www.xbrl.org/2003/arcrole/concept-label" xlink:from="loc_eba_x73" xlink:to="label_eba_x73" />
    <link:loc xlink:type="locator" xlink:href="mem.xsd#eba_x74" xlink:label="loc_eba_x74" />
    <link:label xlink:type="resource" xlink:label="label_eba_x74" xml:lang="en" xlink:role="http://www.eba.europa.eu/xbrl/role/dpm-db-id">3690</link:label>
    <link:labelArc xlink:type="arc" xlink:arcrole="http://www.xbrl.org/2003/arcrole/concept-label" xlink:from="loc_eba_x74" xlink:to="label_eba_x74" />
    <link:loc xlink:type="locator" xlink:href="mem.xsd#eba_x75" xlink:label="loc_eba_x75" />
    <link:label xlink:type="resource" xlink:label="label_eba_x75" xml:lang="en" xlink:role="http://www.eba.europa.eu/xbrl/role/dpm-db-id">6791</link:label>
    <link:labelArc xlink:type="arc" xlink:arcrole="http://www.xbrl.org/2003/arcrole/concept-label" xlink:from="loc_eba_x75" xlink:to="label_eba_x75" />
    <link:loc xlink:type="locator" xlink:href="mem.xsd#eba_x76" xlink:label="loc_eba_x76" />
    <link:label xlink:type="resource" xlink:label="label_eba_x76" xml:lang="en" xlink:role="http://www.eba.europa.eu/xbrl/role/dpm-db-id">6792</link:label>
    <link:labelArc xlink:type="arc" xlink:arcrole="http://www.xbrl.org/2003/arcrole/concept-label" xlink:from="loc_eba_x76" xlink:to="label_eba_x76" />
    <link:loc xlink:type="locator" xlink:href="mem.xsd#eba_x77" xlink:label="loc_eba_x77" />
    <link:label xlink:type="resource" xlink:label="label_eba_x77" xml:lang="en" xlink:role="http://www.eba.europa.eu/xbrl/role/dpm-db-id">6807</link:label>
    <link:labelArc xlink:type="arc" xlink:arcrole="http://www.xbrl.org/2003/arcrole/concept-label" xlink:from="loc_eba_x77" xlink:to="label_eba_x77" />
    <link:loc xlink:type="locator" xlink:href="mem.xsd#eba_x78" xlink:label="loc_eba_x78" />
    <link:label xlink:type="resource" xlink:label="label_eba_x78" xml:lang="en" xlink:role="http://www.eba.europa.eu/xbrl/role/dpm-db-id">6808</link:label>
    <link:labelArc xlink:type="arc" xlink:arcrole="http://www.xbrl.org/2003/arcrole/concept-label" xlink:from="loc_eba_x78" xlink:to="label_eba_x78" />
    <link:loc xlink:type="locator" xlink:href="mem.xsd#eba_x79" xlink:label="loc_eba_x79" />
    <link:label xlink:type="resource" xlink:label="label_eba_x79" xml:lang="en" xlink:role="http://www.eba.europa.eu/xbrl/role/dpm-db-id">6809</link:label>
    <link:labelArc xlink:type="arc" xlink:arcrole="http://www.xbrl.org/2003/arcrole/concept-label" xlink:from="loc_eba_x79" xlink:to="label_eba_x79" />
    <link:loc xlink:type="locator" xlink:href="mem.xsd#eba_x80" xlink:label="loc_eba_x80" />
    <link:label xlink:type="resource" xlink:label="label_eba_x80" xml:lang="en" xlink:role="http://www.eba.europa.eu/xbrl/role/dpm-db-id">6810</link:label>
    <link:labelArc xlink:type="arc" xlink:arcrole="http://www.xbrl.org/2003/arcrole/concept-label" xlink:from="loc_eba_x80" xlink:to="label_eba_x80" />
    <link:loc xlink:type="locator" xlink:href="mem.xsd#eba_x81" xlink:label="loc_eba_x81" />
    <link:label xlink:type="resource" xlink:label="label_eba_x81" xml:lang="en" xlink:role="http://www.eba.europa.eu/xbrl/role/dpm-db-id">6811</link:label>
    <link:labelArc xlink:type="arc" xlink:arcrole="http://www.xbrl.org/2003/arcrole/concept-label" xlink:from="loc_eba_x81" xlink:to="label_eba_x81" />
    <link:loc xlink:type="locator" xlink:href="mem.xsd#eba_x82" xlink:label="loc_eba_x82" />
    <link:label xlink:type="resource" xlink:label="label_eba_x82" xml:lang="en" xlink:role="http://www.eba.europa.eu/xbrl/role/dpm-db-id">6812</link:label>
    <link:labelArc xlink:type="arc" xlink:arcrole="http://www.xbrl.org/2003/arcrole/concept-label" xlink:from="loc_eba_x82" xlink:to="label_eba_x82" />
    <link:loc xlink:type="locator" xlink:href="mem.xsd#eba_x83" xlink:label="loc_eba_x83" />
    <link:label xlink:type="resource" xlink:label="label_eba_x83" xml:lang="en" xlink:role="http://www.eba.europa.eu/xbrl/role/dpm-db-id">6813</link:label>
    <link:labelArc xlink:type="arc" xlink:arcrole="http://www.xbrl.org/2003/arcrole/concept-label" xlink:from="loc_eba_x83" xlink:to="label_eba_x83" />
    <link:loc xlink:type="locator" xlink:href="mem.xsd#eba_x84" xlink:label="loc_eba_x84" />
    <link:label xlink:type="resource" xlink:label="label_eba_x84" xml:lang="en" xlink:role="http://www.eba.europa.eu/xbrl/role/dpm-db-id">6814</link:label>
    <link:labelArc xlink:type="arc" xlink:arcrole="http://www.xbrl.org/2003/arcrole/concept-label" xlink:from="loc_eba_x84" xlink:to="label_eba_x84" />
    <link:loc xlink:type="locator" xlink:href="mem.xsd#eba_x85" xlink:label="loc_eba_x85" />
    <link:label xlink:type="resource" xlink:label="label_eba_x85" xml:lang="en" xlink:role="http://www.eba.europa.eu/xbrl/role/dpm-db-id">6815</link:label>
    <link:labelArc xlink:type="arc" xlink:arcrole="http://www.xbrl.org/2003/arcrole/concept-label" xlink:from="loc_eba_x85" xlink:to="label_eba_x85" />
    <link:loc xlink:type="locator" xlink:href="mem.xsd#eba_x86" xlink:label="loc_eba_x86" />
    <link:label xlink:type="resource" xlink:label="label_eba_x86" xml:lang="en" xlink:role="http://www.eba.europa.eu/xbrl/role/dpm-db-id">6816</link:label>
    <link:labelArc xlink:type="arc" xlink:arcrole="http://www.xbrl.org/2003/arcrole/concept-label" xlink:from="loc_eba_x86" xlink:to="label_eba_x86" />
    <link:loc xlink:type="locator" xlink:href="mem.xsd#eba_x87" xlink:label="loc_eba_x87" />
    <link:label xlink:type="resource" xlink:label="label_eba_x87" xml:lang="en" xlink:role="http://www.eba.europa.eu/xbrl/role/dpm-db-id">6817</link:label>
    <link:labelArc xlink:type="arc" xlink:arcrole="http://www.xbrl.org/2003/arcrole/concept-label" xlink:from="loc_eba_x87" xlink:to="label_eba_x87" />
    <link:loc xlink:type="locator" xlink:href="mem.xsd#eba_x88" xlink:label="loc_eba_x88" />
    <link:label xlink:type="resource" xlink:label="label_eba_x88" xml:lang="en" xlink:role="http://www.eba.europa.eu/xbrl/role/dpm-db-id">6818</link:label>
    <link:labelArc xlink:type="arc" xlink:arcrole="http://www.xbrl.org/2003/arcrole/concept-label" xlink:from="loc_eba_x88" xlink:to="label_eba_x88" />
    <link:loc xlink:type="locator" xlink:href="mem.xsd#eba_x89" xlink:label="loc_eba_x89" />
    <link:label xlink:type="resource" xlink:label="label_eba_x89" xml:lang="en" xlink:role="http://www.eba.europa.eu/xbrl/role/dpm-db-id">6819</link:label>
    <link:labelArc xlink:type="arc" xlink:arcrole="http://www.xbrl.org/2003/arcrole/concept-label" xlink:from="loc_eba_x89" xlink:to="label_eba_x89" />
    <link:loc xlink:type="locator" xlink:href="mem.xsd#eba_x90" xlink:label="loc_eba_x90" />
    <link:label xlink:type="resource" xlink:label="label_eba_x90" xml:lang="en" xlink:role="http://www.eba.europa.eu/xbrl/role/dpm-db-id">6820</link:label>
    <link:labelArc xlink:type="arc" xlink:arcrole="http://www.xbrl.org/2003/arcrole/concept-label" xlink:from="loc_eba_x90" xlink:to="label_eba_x90" />
    <link:loc xlink:type="locator" xlink:href="mem.xsd#eba_x91" xlink:label="loc_eba_x91" />
    <link:label xlink:type="resource" xlink:label="label_eba_x91" xml:lang="en" xlink:role="http://www.eba.europa.eu/xbrl/role/dpm-db-id">6821</link:label>
    <link:labelArc xlink:type="arc" xlink:arcrole="http://www.xbrl.org/2003/arcrole/concept-label" xlink:from="loc_eba_x91" xlink:to="label_eba_x91" />
    <link:loc xlink:type="locator" xlink:href="mem.xsd#eba_x92" xlink:label="loc_eba_x92" />
    <link:label xlink:type="resource" xlink:label="label_eba_x92" xml:lang="en" xlink:role="http://www.eba.europa.eu/xbrl/role/dpm-db-id">6822</link:label>
    <link:labelArc xlink:type="arc" xlink:arcrole="http://www.xbrl.org/2003/arcrole/concept-label" xlink:from="loc_eba_x92" xlink:to="label_eba_x92" />
    <link:loc xlink:type="locator" xlink:href="mem.xsd#eba_x93" xlink:label="loc_eba_x93" />
    <link:label xlink:type="resource" xlink:label="label_eba_x93" xml:lang="en" xlink:role="http://www.eba.europa.eu/xbrl/role/dpm-db-id">6823</link:label>
    <link:labelArc xlink:type="arc" xlink:arcrole="http://www.xbrl.org/2003/arcrole/concept-label" xlink:from="loc_eba_x93" xlink:to="label_eba_x93" />
    <link:loc xlink:type="locator" xlink:href="mem.xsd#eba_x94" xlink:label="loc_eba_x94" />
    <link:label xlink:type="resource" xlink:label="label_eba_x94" xml:lang="en" xlink:role="http://www.eba.europa.eu/xbrl/role/dpm-db-id">6824</link:label>
    <link:labelArc xlink:type="arc" xlink:arcrole="http://www.xbrl.org/2003/arcrole/concept-label" xlink:from="loc_eba_x94" xlink:to="label_eba_x94" />
    <link:loc xlink:type="locator" xlink:href="mem.xsd#eba_x95" xlink:label="loc_eba_x95" />
    <link:label xlink:type="resource" xlink:label="label_eba_x95" xml:lang="en" xlink:role="http://www.eba.europa.eu/xbrl/role/dpm-db-id">6825</link:label>
    <link:labelArc xlink:type="arc" xlink:arcrole="http://www.xbrl.org/2003/arcrole/concept-label" xlink:from="loc_eba_x95" xlink:to="label_eba_x95" />
    <link:loc xlink:type="locator" xlink:href="mem.xsd#eba_x96" xlink:label="loc_eba_x96" />
    <link:label xlink:type="resource" xlink:label="label_eba_x96" xml:lang="en" xlink:role="http://www.eba.europa.eu/xbrl/role/dpm-db-id">6826</link:label>
    <link:labelArc xlink:type="arc" xlink:arcrole="http://www.xbrl.org/2003/arcrole/concept-label" xlink:from="loc_eba_x96" xlink:to="label_eba_x96" />
    <link:loc xlink:type="locator" xlink:href="mem.xsd#eba_x97" xlink:label="loc_eba_x97" />
    <link:label xlink:type="resource" xlink:label="label_eba_x97" xml:lang="en" xlink:role="http://www.eba.europa.eu/xbrl/role/dpm-db-id">6827</link:label>
    <link:labelArc xlink:type="arc" xlink:arcrole="http://www.xbrl.org/2003/arcrole/concept-label" xlink:from="loc_eba_x97" xlink:to="label_eba_x97" />
    <link:loc xlink:type="locator" xlink:href="mem.xsd#eba_x530" xlink:label="loc_eba_x530" />
    <link:label xlink:type="resource" xlink:label="label_eba_x530" xml:lang="en" xlink:role="http://www.eba.europa.eu/xbrl/role/dpm-db-id">6907</link:label>
    <link:labelArc xlink:type="arc" xlink:arcrole="http://www.xbrl.org/2003/arcrole/concept-label" xlink:from="loc_eba_x530" xlink:to="label_eba_x530" />
    <link:loc xlink:type="locator" xlink:href="mem.xsd#eba_x531" xlink:label="loc_eba_x531" />
    <link:label xlink:type="resource" xlink:label="label_eba_x531" xml:lang="en" xlink:role="http://www.eba.europa.eu/xbrl/role/dpm-db-id">6908</link:label>
    <link:labelArc xlink:type="arc" xlink:arcrole="http://www.xbrl.org/2003/arcrole/concept-label" xlink:from="loc_eba_x531" xlink:to="label_eba_x531" />
    <link:loc xlink:type="locator" xlink:href="mem.xsd#eba_x532" xlink:label="loc_eba_x532" />
    <link:label xlink:type="resource" xlink:label="label_eba_x532" xml:lang="en" xlink:role="http://www.eba.europa.eu/xbrl/role/dpm-db-id">6909</link:label>
    <link:labelArc xlink:type="arc" xlink:arcrole="http://www.xbrl.org/2003/arcrole/concept-label" xlink:from="loc_eba_x532" xlink:to="label_eba_x532" />
    <link:loc xlink:type="locator" xlink:href="mem.xsd#eba_x533" xlink:label="loc_eba_x533" />
    <link:label xlink:type="resource" xlink:label="label_eba_x533" xml:lang="en" xlink:role="http://www.eba.europa.eu/xbrl/role/dpm-db-id">6910</link:label>
    <link:labelArc xlink:type="arc" xlink:arcrole="http://www.xbrl.org/2003/arcrole/concept-label" xlink:from="loc_eba_x533" xlink:to="label_eba_x533" />
    <link:loc xlink:type="locator" xlink:href="mem.xsd#eba_x534" xlink:label="loc_eba_x534" />
    <link:label xlink:type="resource" xlink:label="label_eba_x534" xml:lang="en" xlink:role="http://www.eba.europa.eu/xbrl/role/dpm-db-id">6911</link:label>
    <link:labelArc xlink:type="arc" xlink:arcrole="http://www.xbrl.org/2003/arcrole/concept-label" xlink:from="loc_eba_x534" xlink:to="label_eba_x534" />
    <link:loc xlink:type="locator" xlink:href="mem.xsd#eba_x301" xlink:label="loc_eba_x301" />
    <link:label xlink:type="resource" xlink:label="label_eba_x301" xml:lang="en" xlink:role="http://www.eba.europa.eu/xbrl/role/dpm-db-id">6946</link:label>
    <link:labelArc xlink:type="arc" xlink:arcrole="http://www.xbrl.org/2003/arcrole/concept-label" xlink:from="loc_eba_x301" xlink:to="label_eba_x301" />
    <link:loc xlink:type="locator" xlink:href="mem.xsd#eba_x302" xlink:label="loc_eba_x302" />
    <link:label xlink:type="resource" xlink:label="label_eba_x302" xml:lang="en" xlink:role="http://www.eba.europa.eu/xbrl/role/dpm-db-id">6947</link:label>
    <link:labelArc xlink:type="arc" xlink:arcrole="http://www.xbrl.org/2003/arcrole/concept-label" xlink:from="loc_eba_x302" xlink:to="label_eba_x302" />
    <link:loc xlink:type="locator" xlink:href="mem.xsd#eba_x303" xlink:label="loc_eba_x303" />
    <link:label xlink:type="resource" xlink:label="label_eba_x303" xml:lang="en" xlink:role="http://www.eba.europa.eu/xbrl/role/dpm-db-id">7883</link:label>
    <link:labelArc xlink:type="arc" xlink:arcrole="http://www.xbrl.org/2003/arcrole/concept-label" xlink:from="loc_eba_x303" xlink:to="label_eba_x303" />
    <link:loc xlink:type="locator" xlink:href="mem.xsd#eba_x304" xlink:label="loc_eba_x304" />
    <link:label xlink:type="resource" xlink:label="label_eba_x304" xml:lang="en" xlink:role="http://www.eba.europa.eu/xbrl/role/dpm-db-id">7884</link:label>
    <link:labelArc xlink:type="arc" xlink:arcrole="http://www.xbrl.org/2003/arcrole/concept-label" xlink:from="loc_eba_x304" xlink:to="label_eba_x304" />
  </link:labelLink>
</link:linkbase>