﻿<?xml version="1.0" encoding="utf-8"?>
<!--© DNB-->
<link:linkbase xmlns:xsi="http://www.w3.org/2001/XMLSchema-instance" xmlns:xlink="http://www.w3.org/1999/xlink" xmlns:link="http://www.xbrl.org/2003/linkbase" xmlns:xbrldt="http://xbrl.org/2005/xbrldt" xsi:schemaLocation="http://www.xbrl.org/2003/linkbase http://www.xbrl.org/2003/xbrl-linkbase-2003-12-31.xsd http://xbrl.org/2005/xbrldt http://www.xbrl.org/2005/xbrldt-2005.xsd">
  <link:arcroleRef arcroleURI="http://xbrl.org/int/dim/arcrole/domain-member" xlink:type="simple" xlink:href="http://www.xbrl.org/2005/xbrldt-2005.xsd#domain-member" />
  <link:definitionLink xlink:type="extended" xlink:role="http://www.xbrl.org/2003/role/link">
    <link:loc xlink:type="locator" xlink:href="../exp.xsd#dnb_dom003" xlink:label="loc_dnb_dom003" />
    <link:loc xlink:type="locator" xlink:href="mem.xsd#dnb_AUD" xlink:label="loc_dnb_AUD" />
    <link:definitionArc xlink:type="arc" xlink:arcrole="http://xbrl.org/int/dim/arcrole/domain-member" xlink:from="loc_dnb_dom003" xlink:to="loc_dnb_AUD" order="1" />
    <link:loc xlink:type="locator" xlink:href="mem.xsd#dnb_CAD" xlink:label="loc_dnb_CAD" />
    <link:definitionArc xlink:type="arc" xlink:arcrole="http://xbrl.org/int/dim/arcrole/domain-member" xlink:from="loc_dnb_dom003" xlink:to="loc_dnb_CAD" order="2" />
    <link:loc xlink:type="locator" xlink:href="mem.xsd#dnb_CHF" xlink:label="loc_dnb_CHF" />
    <link:definitionArc xlink:type="arc" xlink:arcrole="http://xbrl.org/int/dim/arcrole/domain-member" xlink:from="loc_dnb_dom003" xlink:to="loc_dnb_CHF" order="3" />
    <link:loc xlink:type="locator" xlink:href="mem.xsd#dnb_EUR" xlink:label="loc_dnb_EUR" />
    <link:definitionArc xlink:type="arc" xlink:arcrole="http://xbrl.org/int/dim/arcrole/domain-member" xlink:from="loc_dnb_dom003" xlink:to="loc_dnb_EUR" order="4" />
    <link:loc xlink:type="locator" xlink:href="mem.xsd#dnb_GBP" xlink:label="loc_dnb_GBP" />
    <link:definitionArc xlink:type="arc" xlink:arcrole="http://xbrl.org/int/dim/arcrole/domain-member" xlink:from="loc_dnb_dom003" xlink:to="loc_dnb_GBP" order="5" />
    <link:loc xlink:type="locator" xlink:href="mem.xsd#dnb_JPY" xlink:label="loc_dnb_JPY" />
    <link:definitionArc xlink:type="arc" xlink:arcrole="http://xbrl.org/int/dim/arcrole/domain-member" xlink:from="loc_dnb_dom003" xlink:to="loc_dnb_JPY" order="6" />
    <link:loc xlink:type="locator" xlink:href="mem.xsd#dnb_mem000" xlink:label="loc_dnb_mem000" />
    <link:definitionArc xlink:type="arc" xlink:arcrole="http://xbrl.org/int/dim/arcrole/domain-member" xlink:from="loc_dnb_dom003" xlink:to="loc_dnb_mem000" order="7" />
    <link:loc xlink:type="locator" xlink:href="mem.xsd#dnb_mem001" xlink:label="loc_dnb_mem001" />
    <link:definitionArc xlink:type="arc" xlink:arcrole="http://xbrl.org/int/dim/arcrole/domain-member" xlink:from="loc_dnb_dom003" xlink:to="loc_dnb_mem001" order="8" />
    <link:loc xlink:type="locator" xlink:href="mem.xsd#dnb_mem002" xlink:label="loc_dnb_mem002" />
    <link:definitionArc xlink:type="arc" xlink:arcrole="http://xbrl.org/int/dim/arcrole/domain-member" xlink:from="loc_dnb_dom003" xlink:to="loc_dnb_mem002" order="9" />
    <link:loc xlink:type="locator" xlink:href="mem.xsd#dnb_mem003" xlink:label="loc_dnb_mem003" />
    <link:definitionArc xlink:type="arc" xlink:arcrole="http://xbrl.org/int/dim/arcrole/domain-member" xlink:from="loc_dnb_dom003" xlink:to="loc_dnb_mem003" order="10" />
    <link:loc xlink:type="locator" xlink:href="mem.xsd#dnb_mem004" xlink:label="loc_dnb_mem004" />
    <link:definitionArc xlink:type="arc" xlink:arcrole="http://xbrl.org/int/dim/arcrole/domain-member" xlink:from="loc_dnb_dom003" xlink:to="loc_dnb_mem004" order="11" />
    <link:loc xlink:type="locator" xlink:href="mem.xsd#dnb_SEK" xlink:label="loc_dnb_SEK" />
    <link:definitionArc xlink:type="arc" xlink:arcrole="http://xbrl.org/int/dim/arcrole/domain-member" xlink:from="loc_dnb_dom003" xlink:to="loc_dnb_SEK" order="12" />
    <link:loc xlink:type="locator" xlink:href="mem.xsd#dnb_USD" xlink:label="loc_dnb_USD" />
    <link:definitionArc xlink:type="arc" xlink:arcrole="http://xbrl.org/int/dim/arcrole/domain-member" xlink:from="loc_dnb_dom003" xlink:to="loc_dnb_USD" order="13" />
  </link:definitionLink>
</link:linkbase>