﻿<?xml version="1.0" encoding="utf-8"?>
<!--© DNB-->
<link:linkbase xmlns:xsi="http://www.w3.org/2001/XMLSchema-instance" xmlns:xlink="http://www.w3.org/1999/xlink" xmlns:link="http://www.xbrl.org/2003/linkbase" xsi:schemaLocation="http://www.xbrl.org/2003/linkbase http://www.xbrl.org/2003/xbrl-linkbase-2003-12-31.xsd">
  <link:labelLink xlink:type="extended" xlink:role="http://www.xbrl.org/2003/role/link">
    <link:loc xlink:type="locator" xlink:href="mem.xsd#dnb_AUD" xlink:label="loc_dnb_AUD" />
    <link:label xlink:type="resource" xlink:label="label_dnb_AUD" xml:lang="en" xlink:role="http://www.xbrl.org/2003/role/label">Australian Dollar</link:label>
    <link:labelArc xlink:type="arc" xlink:arcrole="http://www.xbrl.org/2003/arcrole/concept-label" xlink:from="loc_dnb_AUD" xlink:to="label_dnb_AUD" />
    <link:label xlink:type="resource" xlink:label="label_dnb_AUD_2" xml:lang="en" xlink:role="http://www.xbrl.org/2003/role/documentation">AUD</link:label>
    <link:labelArc xlink:type="arc" xlink:arcrole="http://www.xbrl.org/2003/arcrole/concept-label" xlink:from="loc_dnb_AUD" xlink:to="label_dnb_AUD_2" />
    <link:loc xlink:type="locator" xlink:href="mem.xsd#dnb_CAD" xlink:label="loc_dnb_CAD" />
    <link:label xlink:type="resource" xlink:label="label_dnb_CAD" xml:lang="en" xlink:role="http://www.xbrl.org/2003/role/label">Canadian Dollar</link:label>
    <link:labelArc xlink:type="arc" xlink:arcrole="http://www.xbrl.org/2003/arcrole/concept-label" xlink:from="loc_dnb_CAD" xlink:to="label_dnb_CAD" />
    <link:label xlink:type="resource" xlink:label="label_dnb_CAD_2" xml:lang="en" xlink:role="http://www.xbrl.org/2003/role/documentation">CAD</link:label>
    <link:labelArc xlink:type="arc" xlink:arcrole="http://www.xbrl.org/2003/arcrole/concept-label" xlink:from="loc_dnb_CAD" xlink:to="label_dnb_CAD_2" />
    <link:loc xlink:type="locator" xlink:href="mem.xsd#dnb_CHF" xlink:label="loc_dnb_CHF" />
    <link:label xlink:type="resource" xlink:label="label_dnb_CHF" xml:lang="en" xlink:role="http://www.xbrl.org/2003/role/label">Swiss Franc</link:label>
    <link:labelArc xlink:type="arc" xlink:arcrole="http://www.xbrl.org/2003/arcrole/concept-label" xlink:from="loc_dnb_CHF" xlink:to="label_dnb_CHF" />
    <link:label xlink:type="resource" xlink:label="label_dnb_CHF_2" xml:lang="en" xlink:role="http://www.xbrl.org/2003/role/documentation">CHF</link:label>
    <link:labelArc xlink:type="arc" xlink:arcrole="http://www.xbrl.org/2003/arcrole/concept-label" xlink:from="loc_dnb_CHF" xlink:to="label_dnb_CHF_2" />
    <link:loc xlink:type="locator" xlink:href="mem.xsd#dnb_EUR" xlink:label="loc_dnb_EUR" />
    <link:label xlink:type="resource" xlink:label="label_dnb_EUR" xml:lang="en" xlink:role="http://www.xbrl.org/2003/role/label">Euro</link:label>
    <link:labelArc xlink:type="arc" xlink:arcrole="http://www.xbrl.org/2003/arcrole/concept-label" xlink:from="loc_dnb_EUR" xlink:to="label_dnb_EUR" />
    <link:label xlink:type="resource" xlink:label="label_dnb_EUR_2" xml:lang="en" xlink:role="http://www.xbrl.org/2003/role/documentation">EUR</link:label>
    <link:labelArc xlink:type="arc" xlink:arcrole="http://www.xbrl.org/2003/arcrole/concept-label" xlink:from="loc_dnb_EUR" xlink:to="label_dnb_EUR_2" />
    <link:loc xlink:type="locator" xlink:href="mem.xsd#dnb_GBP" xlink:label="loc_dnb_GBP" />
    <link:label xlink:type="resource" xlink:label="label_dnb_GBP" xml:lang="en" xlink:role="http://www.xbrl.org/2003/role/label">Pound Sterling</link:label>
    <link:labelArc xlink:type="arc" xlink:arcrole="http://www.xbrl.org/2003/arcrole/concept-label" xlink:from="loc_dnb_GBP" xlink:to="label_dnb_GBP" />
    <link:label xlink:type="resource" xlink:label="label_dnb_GBP_2" xml:lang="en" xlink:role="http://www.xbrl.org/2003/role/documentation">GBP</link:label>
    <link:labelArc xlink:type="arc" xlink:arcrole="http://www.xbrl.org/2003/arcrole/concept-label" xlink:from="loc_dnb_GBP" xlink:to="label_dnb_GBP_2" />
    <link:loc xlink:type="locator" xlink:href="mem.xsd#dnb_JPY" xlink:label="loc_dnb_JPY" />
    <link:label xlink:type="resource" xlink:label="label_dnb_JPY" xml:lang="en" xlink:role="http://www.xbrl.org/2003/role/label">Japanese Yen</link:label>
    <link:labelArc xlink:type="arc" xlink:arcrole="http://www.xbrl.org/2003/arcrole/concept-label" xlink:from="loc_dnb_JPY" xlink:to="label_dnb_JPY" />
    <link:label xlink:type="resource" xlink:label="label_dnb_JPY_2" xml:lang="en" xlink:role="http://www.xbrl.org/2003/role/documentation">JPY</link:label>
    <link:labelArc xlink:type="arc" xlink:arcrole="http://www.xbrl.org/2003/arcrole/concept-label" xlink:from="loc_dnb_JPY" xlink:to="label_dnb_JPY_2" />
    <link:loc xlink:type="locator" xlink:href="mem.xsd#dnb_mem000" xlink:label="loc_dnb_mem000" />
    <link:label xlink:type="resource" xlink:label="label_dnb_mem000" xml:lang="en" xlink:role="http://www.xbrl.org/2003/role/label">Not applicable / All or Total</link:label>
    <link:labelArc xlink:type="arc" xlink:arcrole="http://www.xbrl.org/2003/arcrole/concept-label" xlink:from="loc_dnb_mem000" xlink:to="label_dnb_mem000" />
    <link:label xlink:type="resource" xlink:label="label_dnb_mem000_2" xml:lang="en" xlink:role="http://www.xbrl.org/2003/role/documentation">NAP-ALL-TOT</link:label>
    <link:labelArc xlink:type="arc" xlink:arcrole="http://www.xbrl.org/2003/arcrole/concept-label" xlink:from="loc_dnb_mem000" xlink:to="label_dnb_mem000_2" />
    <link:loc xlink:type="locator" xlink:href="mem.xsd#dnb_mem001" xlink:label="loc_dnb_mem001" />
    <link:label xlink:type="resource" xlink:label="label_dnb_mem001" xml:lang="en" xlink:role="http://www.xbrl.org/2003/role/label">Residual currencies</link:label>
    <link:labelArc xlink:type="arc" xlink:arcrole="http://www.xbrl.org/2003/arcrole/concept-label" xlink:from="loc_dnb_mem001" xlink:to="label_dnb_mem001" />
    <link:label xlink:type="resource" xlink:label="label_dnb_mem001_1" xml:lang="en" xlink:role="http://www.xbrl.org/2003/role/verboseLabel">Residual currencies</link:label>
    <link:labelArc xlink:type="arc" xlink:arcrole="http://www.xbrl.org/2003/arcrole/concept-label" xlink:from="loc_dnb_mem001" xlink:to="label_dnb_mem001_1" />
    <link:label xlink:type="resource" xlink:label="label_dnb_mem001_2" xml:lang="en" xlink:role="http://www.xbrl.org/2003/role/documentation">RESDL-CUR</link:label>
    <link:labelArc xlink:type="arc" xlink:arcrole="http://www.xbrl.org/2003/arcrole/concept-label" xlink:from="loc_dnb_mem001" xlink:to="label_dnb_mem001_2" />
    <link:loc xlink:type="locator" xlink:href="mem.xsd#dnb_mem002" xlink:label="loc_dnb_mem002" />
    <link:label xlink:type="resource" xlink:label="label_dnb_mem002" xml:lang="en" xlink:role="http://www.xbrl.org/2003/role/label">Other EU currencies</link:label>
    <link:labelArc xlink:type="arc" xlink:arcrole="http://www.xbrl.org/2003/arcrole/concept-label" xlink:from="loc_dnb_mem002" xlink:to="label_dnb_mem002" />
    <link:label xlink:type="resource" xlink:label="label_dnb_mem002_1" xml:lang="en" xlink:role="http://www.xbrl.org/2003/role/verboseLabel">Other currencies in the European Union</link:label>
    <link:labelArc xlink:type="arc" xlink:arcrole="http://www.xbrl.org/2003/arcrole/concept-label" xlink:from="loc_dnb_mem002" xlink:to="label_dnb_mem002_1" />
    <link:label xlink:type="resource" xlink:label="label_dnb_mem002_2" xml:lang="en" xlink:role="http://www.xbrl.org/2003/role/documentation">OTH-EU-CUR</link:label>
    <link:labelArc xlink:type="arc" xlink:arcrole="http://www.xbrl.org/2003/arcrole/concept-label" xlink:from="loc_dnb_mem002" xlink:to="label_dnb_mem002_2" />
    <link:loc xlink:type="locator" xlink:href="mem.xsd#dnb_mem003" xlink:label="loc_dnb_mem003" />
    <link:label xlink:type="resource" xlink:label="label_dnb_mem003" xml:lang="en" xlink:role="http://www.xbrl.org/2003/role/label">Total other currencies</link:label>
    <link:labelArc xlink:type="arc" xlink:arcrole="http://www.xbrl.org/2003/arcrole/concept-label" xlink:from="loc_dnb_mem003" xlink:to="label_dnb_mem003" />
    <link:label xlink:type="resource" xlink:label="label_dnb_mem003_1" xml:lang="en" xlink:role="http://www.xbrl.org/2003/role/verboseLabel">Total other currencies outside the EU and excluding GBP, USD, CHF, JPY</link:label>
    <link:labelArc xlink:type="arc" xlink:arcrole="http://www.xbrl.org/2003/arcrole/concept-label" xlink:from="loc_dnb_mem003" xlink:to="label_dnb_mem003_1" />
    <link:label xlink:type="resource" xlink:label="label_dnb_mem003_2" xml:lang="en" xlink:role="http://www.xbrl.org/2003/role/documentation">TOT-OTH-CUR</link:label>
    <link:labelArc xlink:type="arc" xlink:arcrole="http://www.xbrl.org/2003/arcrole/concept-label" xlink:from="loc_dnb_mem003" xlink:to="label_dnb_mem003_2" />
    <link:loc xlink:type="locator" xlink:href="mem.xsd#dnb_mem004" xlink:label="loc_dnb_mem004" />
    <link:label xlink:type="resource" xlink:label="label_dnb_mem004" xml:lang="en" xlink:role="http://www.xbrl.org/2003/role/label">Non-euro currencies</link:label>
    <link:labelArc xlink:type="arc" xlink:arcrole="http://www.xbrl.org/2003/arcrole/concept-label" xlink:from="loc_dnb_mem004" xlink:to="label_dnb_mem004" />
    <link:label xlink:type="resource" xlink:label="label_dnb_mem004_1" xml:lang="en" xlink:role="http://www.xbrl.org/2003/role/verboseLabel">Non-euro currencies</link:label>
    <link:labelArc xlink:type="arc" xlink:arcrole="http://www.xbrl.org/2003/arcrole/concept-label" xlink:from="loc_dnb_mem004" xlink:to="label_dnb_mem004_1" />
    <link:label xlink:type="resource" xlink:label="label_dnb_mem004_2" xml:lang="en" xlink:role="http://www.xbrl.org/2003/role/documentation">NON-EUR-CUR</link:label>
    <link:labelArc xlink:type="arc" xlink:arcrole="http://www.xbrl.org/2003/arcrole/concept-label" xlink:from="loc_dnb_mem004" xlink:to="label_dnb_mem004_2" />
    <link:loc xlink:type="locator" xlink:href="mem.xsd#dnb_SEK" xlink:label="loc_dnb_SEK" />
    <link:label xlink:type="resource" xlink:label="label_dnb_SEK" xml:lang="en" xlink:role="http://www.xbrl.org/2003/role/label">Swedish Krona</link:label>
    <link:labelArc xlink:type="arc" xlink:arcrole="http://www.xbrl.org/2003/arcrole/concept-label" xlink:from="loc_dnb_SEK" xlink:to="label_dnb_SEK" />
    <link:label xlink:type="resource" xlink:label="label_dnb_SEK_2" xml:lang="en" xlink:role="http://www.xbrl.org/2003/role/documentation">SEK</link:label>
    <link:labelArc xlink:type="arc" xlink:arcrole="http://www.xbrl.org/2003/arcrole/concept-label" xlink:from="loc_dnb_SEK" xlink:to="label_dnb_SEK_2" />
    <link:loc xlink:type="locator" xlink:href="mem.xsd#dnb_USD" xlink:label="loc_dnb_USD" />
    <link:label xlink:type="resource" xlink:label="label_dnb_USD" xml:lang="en" xlink:role="http://www.xbrl.org/2003/role/label">US Dollar</link:label>
    <link:labelArc xlink:type="arc" xlink:arcrole="http://www.xbrl.org/2003/arcrole/concept-label" xlink:from="loc_dnb_USD" xlink:to="label_dnb_USD" />
    <link:label xlink:type="resource" xlink:label="label_dnb_USD_2" xml:lang="en" xlink:role="http://www.xbrl.org/2003/role/documentation">USD</link:label>
    <link:labelArc xlink:type="arc" xlink:arcrole="http://www.xbrl.org/2003/arcrole/concept-label" xlink:from="loc_dnb_USD" xlink:to="label_dnb_USD_2" />
  </link:labelLink>
</link:linkbase>