<ns0:linkbase xmlns:ns0="http://www.xbrl.org/2003/linkbase" xmlns:ns2="http://www.w3.org/1999/xlink" xmlns:xsi="http://www.w3.org/2001/XMLSchema-instance" xsi:schemaLocation="http://www.xbrl.org/2003/linkbase http://www.xbrl.org/2003/xbrl-linkbase-2003-12-31.xsd">
    <ns0:roleRef roleURI="http://ferc.gov/form/2020-01-01/roles/Schedule/F1/Directors" ns2:href="form-1-sched-Directors_2020-01-01.xsd#roleType_Directors" ns2:type="simple" />
    <ns0:roleRef roleURI="http://ferc.gov/form/2020-01-01/roles/label/F1Director" ns2:href="../../ferc-core-lab-roles_2020-01-01.xsd#F1Director" ns2:type="simple" />
    <ns0:presentationLink ns2:role="http://ferc.gov/form/2020-01-01/roles/Schedule/F1/Directors" ns2:type="extended">
        <ns0:loc ns2:href="../../ferc-core_2020-01-01.xsd#ferc_ScheduleDirectorsAbstract" ns2:label="ferc_ScheduleDirectorsAbstract" ns2:type="locator" />
        <ns0:loc ns2:href="../../ferc-core_2020-01-01.xsd#ferc_DirectorTable" ns2:label="ferc_DirectorTable" ns2:type="locator" />
        <ns0:presentationArc order="1" ns2:arcrole="http://www.xbrl.org/2003/arcrole/parent-child" ns2:from="ferc_ScheduleDirectorsAbstract" ns2:to="ferc_DirectorTable" ns2:type="arc" />
        <ns0:loc ns2:href="../../ferc-core_2020-01-01.xsd#ferc_DirectorAxis" ns2:label="ferc_DirectorAxis" ns2:type="locator" />
        <ns0:presentationArc order="1" ns2:arcrole="http://www.xbrl.org/2003/arcrole/parent-child" ns2:from="ferc_DirectorTable" ns2:to="ferc_DirectorAxis" ns2:type="arc" />
        <ns0:loc ns2:href="../../ferc-core_2020-01-01.xsd#ferc_DirectorLineItems" ns2:label="ferc_DirectorLineItems" ns2:type="locator" />
        <ns0:presentationArc order="2" ns2:arcrole="http://www.xbrl.org/2003/arcrole/parent-child" ns2:from="ferc_DirectorTable" ns2:to="ferc_DirectorLineItems" ns2:type="arc" />
        <ns0:loc ns2:href="../../ferc-core_2020-01-01.xsd#ferc_OrderNumber" ns2:label="ferc_OrderNumber" ns2:type="locator" />
        <ns0:presentationArc order="1" ns2:arcrole="http://www.xbrl.org/2003/arcrole/parent-child" ns2:from="ferc_DirectorLineItems" ns2:to="ferc_OrderNumber" ns2:type="arc" />
        <ns0:loc ns2:href="../../ferc-core_2020-01-01.xsd#ferc_NameAndTitleOfDirector" ns2:label="ferc_NameAndTitleOfDirector" ns2:type="locator" />
        <ns0:presentationArc order="2" preferredLabel="http://ferc.gov/form/2020-01-01/roles/label/F1Director" ns2:arcrole="http://www.xbrl.org/2003/arcrole/parent-child" ns2:from="ferc_DirectorLineItems" ns2:to="ferc_NameAndTitleOfDirector" ns2:type="arc" />
        <ns0:loc ns2:href="../../ferc-core_2020-01-01.xsd#ferc_PrincipalBusinessAddress" ns2:label="ferc_PrincipalBusinessAddress" ns2:type="locator" />
        <ns0:presentationArc order="3" preferredLabel="http://ferc.gov/form/2020-01-01/roles/label/F1Director" ns2:arcrole="http://www.xbrl.org/2003/arcrole/parent-child" ns2:from="ferc_DirectorLineItems" ns2:to="ferc_PrincipalBusinessAddress" ns2:type="arc" />
        <ns0:loc ns2:href="../../ferc-core_2020-01-01.xsd#ferc_ChairmanOfTheExecutiveCommittee" ns2:label="ferc_ChairmanOfTheExecutiveCommittee" ns2:type="locator" />
        <ns0:presentationArc order="4" preferredLabel="http://ferc.gov/form/2020-01-01/roles/label/F1Director" ns2:arcrole="http://www.xbrl.org/2003/arcrole/parent-child" ns2:from="ferc_DirectorLineItems" ns2:to="ferc_ChairmanOfTheExecutiveCommittee" ns2:type="arc" />
        <ns0:loc ns2:href="../../ferc-core_2020-01-01.xsd#ferc_MemberOfTheExecutiveCommittee" ns2:label="ferc_MemberOfTheExecutiveCommittee" ns2:type="locator" />
        <ns0:presentationArc order="5" preferredLabel="http://ferc.gov/form/2020-01-01/roles/label/F1Director" ns2:arcrole="http://www.xbrl.org/2003/arcrole/parent-child" ns2:from="ferc_DirectorLineItems" ns2:to="ferc_MemberOfTheExecutiveCommittee" ns2:type="arc" />
    </ns0:presentationLink>
</ns0:linkbase>