<ns0:linkbase xmlns:ns0="http://www.xbrl.org/2003/linkbase" xmlns:ns2="http://www.w3.org/1999/xlink" xmlns:xsi="http://www.w3.org/2001/XMLSchema-instance" xsi:schemaLocation="http://www.xbrl.org/2003/linkbase http://www.xbrl.org/2003/xbrl-linkbase-2003-12-31.xsd">
    <ns0:roleRef roleURI="http://ferc.gov/form/2020-01-01/roles/label/F1OtherRegulatoryLiabilities" ns2:href="../../ferc-core-lab-roles_2020-01-01.xsd#F1OtherRegulatoryLiabilities" ns2:type="simple" />
    <ns0:roleRef roleURI="http://ferc.gov/form/2020-01-01/roles/label/F1EndingBalance" ns2:href="../../ferc-core-lab-roles_2020-01-01.xsd#F1EndingBalance" ns2:type="simple" />
    <ns0:roleRef roleURI="http://ferc.gov/form/2020-01-01/roles/Schedule/F1/ScheduleOtherRegulatoryLiabilities" ns2:href="form-1-sched-OtherRegulatoryLiabilities_2020-01-01.xsd#roleType_ScheduleOtherRegulatoryLiabilities" ns2:type="simple" />
    <ns0:roleRef roleURI="http://ferc.gov/form/2020-01-01/roles/label/F1Total2" ns2:href="../../ferc-core-lab-roles_2020-01-01.xsd#F1Total2" ns2:type="simple" />
    <ns0:roleRef roleURI="http://ferc.gov/form/2020-01-01/roles/label/F1BeginningBalance" ns2:href="../../ferc-core-lab-roles_2020-01-01.xsd#F1BeginningBalance" ns2:type="simple" />
    <ns0:roleRef roleURI="http://ferc.gov/form/2020-01-01/roles/label/F1Total" ns2:href="../../ferc-core-lab-roles_2020-01-01.xsd#F1Total" ns2:type="simple" />
    <ns0:presentationLink ns2:role="http://ferc.gov/form/2020-01-01/roles/Schedule/F1/ScheduleOtherRegulatoryLiabilities" ns2:type="extended">
        <ns0:loc ns2:href="../../ferc-core_2020-01-01.xsd#ferc_ScheduleOtherRegulatoryLiabilitiesAbstract" ns2:label="ferc_ScheduleOtherRegulatoryLiabilitiesAbstract" ns2:type="locator" />
        <ns0:loc ns2:href="../../ferc-core_2020-01-01.xsd#ferc_OtherRegulatoryLiabilityTable" ns2:label="ferc_OtherRegulatoryLiabilityTable" ns2:type="locator" />
        <ns0:presentationArc order="1" ns2:arcrole="http://www.xbrl.org/2003/arcrole/parent-child" ns2:from="ferc_ScheduleOtherRegulatoryLiabilitiesAbstract" ns2:to="ferc_OtherRegulatoryLiabilityTable" ns2:type="arc" />
        <ns0:loc ns2:href="../../ferc-core_2020-01-01.xsd#ferc_OtherRegulatoryLiabilityAxis" ns2:label="ferc_OtherRegulatoryLiabilityAxis" ns2:type="locator" />
        <ns0:presentationArc order="1" ns2:arcrole="http://www.xbrl.org/2003/arcrole/parent-child" ns2:from="ferc_OtherRegulatoryLiabilityTable" ns2:to="ferc_OtherRegulatoryLiabilityAxis" ns2:type="arc" />
        <ns0:loc ns2:href="../../ferc-core_2020-01-01.xsd#ferc_OtherRegulatoryLiabilityLineItems" ns2:label="ferc_OtherRegulatoryLiabilityLineItems" ns2:type="locator" />
        <ns0:presentationArc order="2" ns2:arcrole="http://www.xbrl.org/2003/arcrole/parent-child" ns2:from="ferc_OtherRegulatoryLiabilityTable" ns2:to="ferc_OtherRegulatoryLiabilityLineItems" ns2:type="arc" />
        <ns0:loc ns2:href="../../ferc-core_2020-01-01.xsd#ferc_OrderNumber" ns2:label="ferc_OrderNumber" ns2:type="locator" />
        <ns0:presentationArc order="1" ns2:arcrole="http://www.xbrl.org/2003/arcrole/parent-child" ns2:from="ferc_OtherRegulatoryLiabilityLineItems" ns2:to="ferc_OrderNumber" ns2:type="arc" />
        <ns0:loc ns2:href="../../ferc-core_2020-01-01.xsd#ferc_DescriptionAndPurposeOfOtherRegulatoryLiabilities" ns2:label="ferc_DescriptionAndPurposeOfOtherRegulatoryLiabilities" ns2:type="locator" />
        <ns0:presentationArc order="2" preferredLabel="http://ferc.gov/form/2020-01-01/roles/label/F1OtherRegulatoryLiabilities" ns2:arcrole="http://www.xbrl.org/2003/arcrole/parent-child" ns2:from="ferc_OtherRegulatoryLiabilityLineItems" ns2:to="ferc_DescriptionAndPurposeOfOtherRegulatoryLiabilities" ns2:type="arc" />
        <ns0:loc ns2:href="../../ferc-core_2020-01-01.xsd#ferc_OtherRegulatoryLiabilities" ns2:label="ferc_OtherRegulatoryLiabilities" ns2:type="locator" />
        <ns0:presentationArc order="3" preferredLabel="http://ferc.gov/form/2020-01-01/roles/label/F1BeginningBalance" ns2:arcrole="http://www.xbrl.org/2003/arcrole/parent-child" ns2:from="ferc_OtherRegulatoryLiabilityLineItems" ns2:to="ferc_OtherRegulatoryLiabilities" ns2:type="arc" />
        <ns0:loc ns2:href="../../ferc-core_2020-01-01.xsd#ferc_OtherRegulatoryLiabilitiesDescriptionOfCreditedAccountNumberForDebitAdjustment" ns2:label="ferc_OtherRegulatoryLiabilitiesDescriptionOfCreditedAccountNumberForDebitAdjustment" ns2:type="locator" />
        <ns0:presentationArc order="4" ns2:arcrole="http://www.xbrl.org/2003/arcrole/parent-child" ns2:from="ferc_OtherRegulatoryLiabilityLineItems" ns2:to="ferc_OtherRegulatoryLiabilitiesDescriptionOfCreditedAccountNumberForDebitAdjustment" ns2:type="arc" />
        <ns0:loc ns2:href="../../ferc-core_2020-01-01.xsd#ferc_DecreaseInOtherRegulatoryLiabilities" ns2:label="ferc_DecreaseInOtherRegulatoryLiabilities" ns2:type="locator" />
        <ns0:presentationArc order="5" ns2:arcrole="http://www.xbrl.org/2003/arcrole/parent-child" ns2:from="ferc_OtherRegulatoryLiabilityLineItems" ns2:to="ferc_DecreaseInOtherRegulatoryLiabilities" ns2:type="arc" />
        <ns0:loc ns2:href="../../ferc-core_2020-01-01.xsd#ferc_IncreaseInOtherRegulatoryLiabilities" ns2:label="ferc_IncreaseInOtherRegulatoryLiabilities" ns2:type="locator" />
        <ns0:presentationArc order="6" ns2:arcrole="http://www.xbrl.org/2003/arcrole/parent-child" ns2:from="ferc_OtherRegulatoryLiabilityLineItems" ns2:to="ferc_IncreaseInOtherRegulatoryLiabilities" ns2:type="arc" />
        <ns0:loc ns2:href="../../ferc-core_2020-01-01.xsd#ferc_OtherRegulatoryLiabilities" ns2:label="ferc_OtherRegulatoryLiabilities_1" ns2:type="locator" />
        <ns0:presentationArc order="7" preferredLabel="http://ferc.gov/form/2020-01-01/roles/label/F1EndingBalance" ns2:arcrole="http://www.xbrl.org/2003/arcrole/parent-child" ns2:from="ferc_OtherRegulatoryLiabilityLineItems" ns2:to="ferc_OtherRegulatoryLiabilities_1" ns2:type="arc" />
        <ns0:presentationArc order="2" preferredLabel="http://ferc.gov/form/2020-01-01/roles/label/F1Total2" ns2:arcrole="http://www.xbrl.org/2003/arcrole/parent-child" ns2:from="ferc_ScheduleOtherRegulatoryLiabilitiesAbstract" ns2:to="ferc_OtherRegulatoryLiabilities" ns2:type="arc" />
        <ns0:presentationArc order="3" preferredLabel="http://ferc.gov/form/2020-01-01/roles/label/F1Total" ns2:arcrole="http://www.xbrl.org/2003/arcrole/parent-child" ns2:from="ferc_ScheduleOtherRegulatoryLiabilitiesAbstract" ns2:to="ferc_DecreaseInOtherRegulatoryLiabilities" ns2:type="arc" />
        <ns0:presentationArc order="4" preferredLabel="http://ferc.gov/form/2020-01-01/roles/label/F1Total" ns2:arcrole="http://www.xbrl.org/2003/arcrole/parent-child" ns2:from="ferc_ScheduleOtherRegulatoryLiabilitiesAbstract" ns2:to="ferc_IncreaseInOtherRegulatoryLiabilities" ns2:type="arc" />
        <ns0:loc ns2:href="../../ferc-core_2020-01-01.xsd#ferc_OtherRegulatoryLiabilities" ns2:label="ferc_OtherRegulatoryLiabilities_1" ns2:type="locator" />
        <ns0:presentationArc order="5" preferredLabel="http://ferc.gov/form/2020-01-01/roles/label/F1Total2" ns2:arcrole="http://www.xbrl.org/2003/arcrole/parent-child" ns2:from="ferc_ScheduleOtherRegulatoryLiabilitiesAbstract" ns2:to="ferc_OtherRegulatoryLiabilities_1" ns2:type="arc" />
    </ns0:presentationLink>
</ns0:linkbase>