<ns0:linkbase xmlns:ns0="http://www.xbrl.org/2003/linkbase" xmlns:ns2="http://www.w3.org/1999/xlink" xmlns:xsi="http://www.w3.org/2001/XMLSchema-instance" xsi:schemaLocation="http://www.xbrl.org/2003/linkbase http://www.xbrl.org/2003/xbrl-linkbase-2003-12-31.xsd">
    <ns0:roleRef roleURI="http://ferc.gov/form/2020-01-01/roles/Schedule/F1Q/ListOfSchedules" ns2:href="form-1Q-sched-ListOfSchedules_2020-01-01.xsd#roleType_ListOfSchedules" ns2:type="simple" />
    <ns0:roleRef roleURI="http://ferc.gov/form/2020-01-01/roles/label/F1QSchedule" ns2:href="../../ferc-core-lab-roles_2020-01-01.xsd#F1QSchedule" ns2:type="simple" />
    <ns0:presentationLink ns2:role="http://ferc.gov/form/2020-01-01/roles/Schedule/F1Q/ListOfSchedules" ns2:type="extended">
        <ns0:loc ns2:href="../../ferc-core_2020-01-01.xsd#ferc_Form1QAbstract" ns2:label="ferc_Form1QAbstract" ns2:type="locator" />
        <ns0:loc ns2:href="../../ferc-core_2020-01-01.xsd#ferc_ScheduleIdentificationAbstract" ns2:label="ferc_ScheduleIdentificationAbstract" ns2:type="locator" />
        <ns0:presentationArc order="1" preferredLabel="http://ferc.gov/form/2020-01-01/roles/label/F1QSchedule" ns2:arcrole="http://www.xbrl.org/2003/arcrole/parent-child" ns2:from="ferc_Form1QAbstract" ns2:to="ferc_ScheduleIdentificationAbstract" ns2:type="arc" />
        <ns0:loc ns2:href="../../ferc-core_2020-01-01.xsd#ferc_ScheduleListOfSchedulesAbstract" ns2:label="ferc_ScheduleListOfSchedulesAbstract" ns2:type="locator" />
        <ns0:presentationArc order="2" preferredLabel="http://ferc.gov/form/2020-01-01/roles/label/F1QSchedule" ns2:arcrole="http://www.xbrl.org/2003/arcrole/parent-child" ns2:from="ferc_Form1QAbstract" ns2:to="ferc_ScheduleListOfSchedulesAbstract" ns2:type="arc" />
        <ns0:loc ns2:href="../../ferc-core_2020-01-01.xsd#ferc_ScheduleRemarksTable" ns2:label="ferc_ScheduleRemarksTable" ns2:type="locator" />
        <ns0:presentationArc order="1" preferredLabel="http://ferc.gov/form/2020-01-01/roles/label/F1QSchedule" ns2:arcrole="http://www.xbrl.org/2003/arcrole/parent-child" ns2:from="ferc_ScheduleListOfSchedulesAbstract" ns2:to="ferc_ScheduleRemarksTable" ns2:type="arc" />
        <ns0:loc ns2:href="../../ferc-core_2020-01-01.xsd#ferc_ScheduleRemarksAxis" ns2:label="ferc_ScheduleRemarksAxis" ns2:type="locator" />
        <ns0:presentationArc order="1" preferredLabel="http://ferc.gov/form/2020-01-01/roles/label/F1QSchedule" ns2:arcrole="http://www.xbrl.org/2003/arcrole/parent-child" ns2:from="ferc_ScheduleRemarksTable" ns2:to="ferc_ScheduleRemarksAxis" ns2:type="arc" />
        <ns0:loc ns2:href="../../ferc-core_2020-01-01.xsd#ferc_RemarksLineItems" ns2:label="ferc_RemarksLineItems" ns2:type="locator" />
        <ns0:presentationArc order="2" preferredLabel="http://ferc.gov/form/2020-01-01/roles/label/F1QSchedule" ns2:arcrole="http://www.xbrl.org/2003/arcrole/parent-child" ns2:from="ferc_ScheduleRemarksTable" ns2:to="ferc_RemarksLineItems" ns2:type="arc" />
        <ns0:loc ns2:href="../../ferc-core_2020-01-01.xsd#ferc_Remarks" ns2:label="ferc_Remarks" ns2:type="locator" />
        <ns0:presentationArc order="1" preferredLabel="http://ferc.gov/form/2020-01-01/roles/label/F1QSchedule" ns2:arcrole="http://www.xbrl.org/2003/arcrole/parent-child" ns2:from="ferc_RemarksLineItems" ns2:to="ferc_Remarks" ns2:type="arc" />
        <ns0:loc ns2:href="../../ferc-core_2020-01-01.xsd#ferc_ScheduleImportantChangesDuringTheQuarterYearAbstract" ns2:label="ferc_ScheduleImportantChangesDuringTheQuarterYearAbstract" ns2:type="locator" />
        <ns0:presentationArc order="3" preferredLabel="http://ferc.gov/form/2020-01-01/roles/label/F1QSchedule" ns2:arcrole="http://www.xbrl.org/2003/arcrole/parent-child" ns2:from="ferc_Form1QAbstract" ns2:to="ferc_ScheduleImportantChangesDuringTheQuarterYearAbstract" ns2:type="arc" />
        <ns0:loc ns2:href="../../ferc-core_2020-01-01.xsd#ferc_ScheduleComparativeBalanceSheetAbstract" ns2:label="ferc_ScheduleComparativeBalanceSheetAbstract" ns2:type="locator" />
        <ns0:presentationArc order="4" preferredLabel="http://ferc.gov/form/2020-01-01/roles/label/F1QSchedule" ns2:arcrole="http://www.xbrl.org/2003/arcrole/parent-child" ns2:from="ferc_Form1QAbstract" ns2:to="ferc_ScheduleComparativeBalanceSheetAbstract" ns2:type="arc" />
        <ns0:loc ns2:href="../../ferc-core_2020-01-01.xsd#ferc_ScheduleStatementOfIncomeAbstract" ns2:label="ferc_ScheduleStatementOfIncomeAbstract" ns2:type="locator" />
        <ns0:presentationArc order="5" preferredLabel="http://ferc.gov/form/2020-01-01/roles/label/F1QSchedule" ns2:arcrole="http://www.xbrl.org/2003/arcrole/parent-child" ns2:from="ferc_Form1QAbstract" ns2:to="ferc_ScheduleStatementOfIncomeAbstract" ns2:type="arc" />
        <ns0:loc ns2:href="../../ferc-core_2020-01-01.xsd#ferc_ScheduleRetainedEarningsAbstract" ns2:label="ferc_ScheduleRetainedEarningsAbstract" ns2:type="locator" />
        <ns0:presentationArc order="6" preferredLabel="http://ferc.gov/form/2020-01-01/roles/label/F1QSchedule" ns2:arcrole="http://www.xbrl.org/2003/arcrole/parent-child" ns2:from="ferc_Form1QAbstract" ns2:to="ferc_ScheduleRetainedEarningsAbstract" ns2:type="arc" />
        <ns0:loc ns2:href="../../ferc-core_2020-01-01.xsd#ferc_ScheduleStatementOfCashFlowsAbstract" ns2:label="ferc_ScheduleStatementOfCashFlowsAbstract" ns2:type="locator" />
        <ns0:presentationArc order="7" preferredLabel="http://ferc.gov/form/2020-01-01/roles/label/F1QSchedule" ns2:arcrole="http://www.xbrl.org/2003/arcrole/parent-child" ns2:from="ferc_Form1QAbstract" ns2:to="ferc_ScheduleStatementOfCashFlowsAbstract" ns2:type="arc" />
        <ns0:loc ns2:href="../../ferc-core_2020-01-01.xsd#ferc_ScheduleNotesToFinancialStatementsAbstract" ns2:label="ferc_ScheduleNotesToFinancialStatementsAbstract" ns2:type="locator" />
        <ns0:presentationArc order="8" preferredLabel="http://ferc.gov/form/2020-01-01/roles/label/F1QSchedule" ns2:arcrole="http://www.xbrl.org/2003/arcrole/parent-child" ns2:from="ferc_Form1QAbstract" ns2:to="ferc_ScheduleNotesToFinancialStatementsAbstract" ns2:type="arc" />
        <ns0:loc ns2:href="../../ferc-core_2020-01-01.xsd#ferc_ScheduleStatementOfAccumulatedOtherComprehensiveIncomeAndHedgingActivitiesAbstract" ns2:label="ferc_ScheduleStatementOfAccumulatedOtherComprehensiveIncomeAndHedgingActivitiesAbstract" ns2:type="locator" />
        <ns0:presentationArc order="9" preferredLabel="http://ferc.gov/form/2020-01-01/roles/label/F1QSchedule" ns2:arcrole="http://www.xbrl.org/2003/arcrole/parent-child" ns2:from="ferc_Form1QAbstract" ns2:to="ferc_ScheduleStatementOfAccumulatedOtherComprehensiveIncomeAndHedgingActivitiesAbstract" ns2:type="arc" />
        <ns0:loc ns2:href="../../ferc-core_2020-01-01.xsd#ferc_ScheduleSummaryOfUtilityPlantAndAccumulatedProvisionsForDepreciationAmortizationAndDepletionAbstract" ns2:label="ferc_ScheduleSummaryOfUtilityPlantAndAccumulatedProvisionsForDepreciationAmortizationAndDepletionAbstract" ns2:type="locator" />
        <ns0:presentationArc order="10" preferredLabel="http://ferc.gov/form/2020-01-01/roles/label/F1QSchedule" ns2:arcrole="http://www.xbrl.org/2003/arcrole/parent-child" ns2:from="ferc_Form1QAbstract" ns2:to="ferc_ScheduleSummaryOfUtilityPlantAndAccumulatedProvisionsForDepreciationAmortizationAndDepletionAbstract" ns2:type="arc" />
        <ns0:loc ns2:href="../../ferc-core_2020-01-01.xsd#ferc_ScheduleElectricPlantInServiceAndAccumulatedProvisionForDepreciationByFunctionAbstract" ns2:label="ferc_ScheduleElectricPlantInServiceAndAccumulatedProvisionForDepreciationByFunctionAbstract" ns2:type="locator" />
        <ns0:presentationArc order="11" preferredLabel="http://ferc.gov/form/2020-01-01/roles/label/F1QSchedule" ns2:arcrole="http://www.xbrl.org/2003/arcrole/parent-child" ns2:from="ferc_Form1QAbstract" ns2:to="ferc_ScheduleElectricPlantInServiceAndAccumulatedProvisionForDepreciationByFunctionAbstract" ns2:type="arc" />
        <ns0:loc ns2:href="../../ferc-core_2020-01-01.xsd#ferc_ScheduleTransmissionServiceAndGenerationInterconnectionStudyCostsAbstract" ns2:label="ferc_ScheduleTransmissionServiceAndGenerationInterconnectionStudyCostsAbstract" ns2:type="locator" />
        <ns0:presentationArc order="12" preferredLabel="http://ferc.gov/form/2020-01-01/roles/label/F1QSchedule" ns2:arcrole="http://www.xbrl.org/2003/arcrole/parent-child" ns2:from="ferc_Form1QAbstract" ns2:to="ferc_ScheduleTransmissionServiceAndGenerationInterconnectionStudyCostsAbstract" ns2:type="arc" />
        <ns0:loc ns2:href="../../ferc-core_2020-01-01.xsd#ferc_ScheduleOtherRegulatoryAssetsAbstract" ns2:label="ferc_ScheduleOtherRegulatoryAssetsAbstract" ns2:type="locator" />
        <ns0:presentationArc order="13" preferredLabel="http://ferc.gov/form/2020-01-01/roles/label/F1QSchedule" ns2:arcrole="http://www.xbrl.org/2003/arcrole/parent-child" ns2:from="ferc_Form1QAbstract" ns2:to="ferc_ScheduleOtherRegulatoryAssetsAbstract" ns2:type="arc" />
        <ns0:loc ns2:href="../../ferc-core_2020-01-01.xsd#ferc_ScheduleOtherRegulatoryLiabilitiesAbstract" ns2:label="ferc_ScheduleOtherRegulatoryLiabilitiesAbstract" ns2:type="locator" />
        <ns0:presentationArc order="14" preferredLabel="http://ferc.gov/form/2020-01-01/roles/label/F1QSchedule" ns2:arcrole="http://www.xbrl.org/2003/arcrole/parent-child" ns2:from="ferc_Form1QAbstract" ns2:to="ferc_ScheduleOtherRegulatoryLiabilitiesAbstract" ns2:type="arc" />
        <ns0:loc ns2:href="../../ferc-core_2020-01-01.xsd#ferc_ScheduleElectricOperatingRevenuesAbstract" ns2:label="ferc_ScheduleElectricOperatingRevenuesAbstract" ns2:type="locator" />
        <ns0:presentationArc order="15" preferredLabel="http://ferc.gov/form/2020-01-01/roles/label/F1QSchedule" ns2:arcrole="http://www.xbrl.org/2003/arcrole/parent-child" ns2:from="ferc_Form1QAbstract" ns2:to="ferc_ScheduleElectricOperatingRevenuesAbstract" ns2:type="arc" />
        <ns0:loc ns2:href="../../ferc-core_2020-01-01.xsd#ferc_ScheduleRegionalTransmissionServiceRevenuesAbstract" ns2:label="ferc_ScheduleRegionalTransmissionServiceRevenuesAbstract" ns2:type="locator" />
        <ns0:presentationArc order="16" preferredLabel="http://ferc.gov/form/2020-01-01/roles/label/F1QSchedule" ns2:arcrole="http://www.xbrl.org/2003/arcrole/parent-child" ns2:from="ferc_Form1QAbstract" ns2:to="ferc_ScheduleRegionalTransmissionServiceRevenuesAbstract" ns2:type="arc" />
        <ns0:loc ns2:href="../../ferc-core_2020-01-01.xsd#ferc_ScheduleElectricProductionOtherPowerTransmissionRegionalExpensesAbstract" ns2:label="ferc_ScheduleElectricProductionOtherPowerTransmissionRegionalExpensesAbstract" ns2:type="locator" />
        <ns0:presentationArc order="17" preferredLabel="http://ferc.gov/form/2020-01-01/roles/label/F1QSchedule" ns2:arcrole="http://www.xbrl.org/2003/arcrole/parent-child" ns2:from="ferc_Form1QAbstract" ns2:to="ferc_ScheduleElectricProductionOtherPowerTransmissionRegionalExpensesAbstract" ns2:type="arc" />
        <ns0:loc ns2:href="../../ferc-core_2020-01-01.xsd#ferc_ScheduleElectricCustomerAccountServiceSalesAdministrativeAndGeneralExpensesAbstract" ns2:label="ferc_ScheduleElectricCustomerAccountServiceSalesAdministrativeAndGeneralExpensesAbstract" ns2:type="locator" />
        <ns0:presentationArc order="18" preferredLabel="http://ferc.gov/form/2020-01-01/roles/label/F1QSchedule" ns2:arcrole="http://www.xbrl.org/2003/arcrole/parent-child" ns2:from="ferc_Form1QAbstract" ns2:to="ferc_ScheduleElectricCustomerAccountServiceSalesAdministrativeAndGeneralExpensesAbstract" ns2:type="arc" />
        <ns0:loc ns2:href="../../ferc-core_2020-01-01.xsd#ferc_ScheduleTransmissionOfElectricityForOthersAbstract" ns2:label="ferc_ScheduleTransmissionOfElectricityForOthersAbstract" ns2:type="locator" />
        <ns0:presentationArc order="19" preferredLabel="http://ferc.gov/form/2020-01-01/roles/label/F1QSchedule" ns2:arcrole="http://www.xbrl.org/2003/arcrole/parent-child" ns2:from="ferc_Form1QAbstract" ns2:to="ferc_ScheduleTransmissionOfElectricityForOthersAbstract" ns2:type="arc" />
        <ns0:loc ns2:href="../../ferc-core_2020-01-01.xsd#ferc_ScheduleTransmissionOfElectricityByIsoOrRtoAbstract" ns2:label="ferc_ScheduleTransmissionOfElectricityByIsoOrRtoAbstract" ns2:type="locator" />
        <ns0:presentationArc order="20" preferredLabel="http://ferc.gov/form/2020-01-01/roles/label/F1QSchedule" ns2:arcrole="http://www.xbrl.org/2003/arcrole/parent-child" ns2:from="ferc_Form1QAbstract" ns2:to="ferc_ScheduleTransmissionOfElectricityByIsoOrRtoAbstract" ns2:type="arc" />
        <ns0:loc ns2:href="../../ferc-core_2020-01-01.xsd#ferc_ScheduleTransmissionOfElectricityByOthersAbstract" ns2:label="ferc_ScheduleTransmissionOfElectricityByOthersAbstract" ns2:type="locator" />
        <ns0:presentationArc order="21" preferredLabel="http://ferc.gov/form/2020-01-01/roles/label/F1QSchedule" ns2:arcrole="http://www.xbrl.org/2003/arcrole/parent-child" ns2:from="ferc_Form1QAbstract" ns2:to="ferc_ScheduleTransmissionOfElectricityByOthersAbstract" ns2:type="arc" />
        <ns0:loc ns2:href="../../ferc-core_2020-01-01.xsd#ferc_ScheduleDepreciationDepletionAndAmortizationsAbstract" ns2:label="ferc_ScheduleDepreciationDepletionAndAmortizationsAbstract" ns2:type="locator" />
        <ns0:presentationArc order="22" preferredLabel="http://ferc.gov/form/2020-01-01/roles/label/F1QSchedule" ns2:arcrole="http://www.xbrl.org/2003/arcrole/parent-child" ns2:from="ferc_Form1QAbstract" ns2:to="ferc_ScheduleDepreciationDepletionAndAmortizationsAbstract" ns2:type="arc" />
        <ns0:loc ns2:href="../../ferc-core_2020-01-01.xsd#ferc_ScheduleAmountsIncludedInIsoOrRtoSettlementAbstract" ns2:label="ferc_ScheduleAmountsIncludedInIsoOrRtoSettlementAbstract" ns2:type="locator" />
        <ns0:presentationArc order="23" preferredLabel="http://ferc.gov/form/2020-01-01/roles/label/F1QSchedule" ns2:arcrole="http://www.xbrl.org/2003/arcrole/parent-child" ns2:from="ferc_Form1QAbstract" ns2:to="ferc_ScheduleAmountsIncludedInIsoOrRtoSettlementAbstract" ns2:type="arc" />
        <ns0:loc ns2:href="../../ferc-core_2020-01-01.xsd#ferc_ScheduleMonthlyPeaksAndOutputAbstract" ns2:label="ferc_ScheduleMonthlyPeaksAndOutputAbstract" ns2:type="locator" />
        <ns0:presentationArc order="24" preferredLabel="http://ferc.gov/form/2020-01-01/roles/label/F1QSchedule" ns2:arcrole="http://www.xbrl.org/2003/arcrole/parent-child" ns2:from="ferc_Form1QAbstract" ns2:to="ferc_ScheduleMonthlyPeaksAndOutputAbstract" ns2:type="arc" />
        <ns0:loc ns2:href="../../ferc-core_2020-01-01.xsd#ferc_ScheduleMonthlyTransmissionSystemPeakLoadAbstract" ns2:label="ferc_ScheduleMonthlyTransmissionSystemPeakLoadAbstract" ns2:type="locator" />
        <ns0:presentationArc order="25" preferredLabel="http://ferc.gov/form/2020-01-01/roles/label/F1QSchedule" ns2:arcrole="http://www.xbrl.org/2003/arcrole/parent-child" ns2:from="ferc_Form1QAbstract" ns2:to="ferc_ScheduleMonthlyTransmissionSystemPeakLoadAbstract" ns2:type="arc" />
        <ns0:loc ns2:href="../../ferc-core_2020-01-01.xsd#ferc_ScheduleMonthlyIsoOrRtoTransmissionSystemPeakLoadAbstract" ns2:label="ferc_ScheduleMonthlyIsoOrRtoTransmissionSystemPeakLoadAbstract" ns2:type="locator" />
        <ns0:presentationArc order="26" preferredLabel="http://ferc.gov/form/2020-01-01/roles/label/F1QSchedule" ns2:arcrole="http://www.xbrl.org/2003/arcrole/parent-child" ns2:from="ferc_Form1QAbstract" ns2:to="ferc_ScheduleMonthlyIsoOrRtoTransmissionSystemPeakLoadAbstract" ns2:type="arc" />
    </ns0:presentationLink>
</ns0:linkbase>