﻿<?xml version="1.0" encoding="utf-8"?>
<!--© DNB-->
<link:linkbase xmlns:xsi="http://www.w3.org/2001/XMLSchema-instance" xmlns:xlink="http://www.w3.org/1999/xlink" xmlns:link="http://www.xbrl.org/2003/linkbase" xsi:schemaLocation="http://www.xbrl.org/2003/linkbase http://www.xbrl.org/2003/xbrl-linkbase-2003-12-31.xsd">
  <link:labelLink xlink:type="extended" xlink:role="http://www.xbrl.org/2003/role/link">
    <link:loc xlink:type="locator" xlink:href="mem.xsd#dnb_mem000" xlink:label="loc_dnb_mem000" />
    <link:label xlink:type="resource" xlink:label="label_dnb_mem000" xml:lang="en" xlink:role="http://www.xbrl.org/2003/role/label">Not applicable / All or Total</link:label>
    <link:labelArc xlink:type="arc" xlink:arcrole="http://www.xbrl.org/2003/arcrole/concept-label" xlink:from="loc_dnb_mem000" xlink:to="label_dnb_mem000" />
    <link:label xlink:type="resource" xlink:label="label_dnb_mem000_2" xml:lang="en" xlink:role="http://www.xbrl.org/2003/role/documentation">MEM000</link:label>
    <link:labelArc xlink:type="arc" xlink:arcrole="http://www.xbrl.org/2003/arcrole/concept-label" xlink:from="loc_dnb_mem000" xlink:to="label_dnb_mem000_2" />
    <link:loc xlink:type="locator" xlink:href="mem.xsd#dnb_mem001" xlink:label="loc_dnb_mem001" />
    <link:label xlink:type="resource" xlink:label="label_dnb_mem001" xml:lang="en" xlink:role="http://www.xbrl.org/2003/role/label">Datum toeslagbesluit</link:label>
    <link:labelArc xlink:type="arc" xlink:arcrole="http://www.xbrl.org/2003/arcrole/concept-label" xlink:from="loc_dnb_mem001" xlink:to="label_dnb_mem001" />
    <link:label xlink:type="resource" xlink:label="label_dnb_mem001_2" xml:lang="en" xlink:role="http://www.xbrl.org/2003/role/documentation">MEM001</link:label>
    <link:labelArc xlink:type="arc" xlink:arcrole="http://www.xbrl.org/2003/arcrole/concept-label" xlink:from="loc_dnb_mem001" xlink:to="label_dnb_mem001_2" />
    <link:loc xlink:type="locator" xlink:href="mem.xsd#dnb_mem002" xlink:label="loc_dnb_mem002" />
    <link:label xlink:type="resource" xlink:label="label_dnb_mem002" xml:lang="en" xlink:role="http://www.xbrl.org/2003/role/label">Toegekend toeslagpercentage</link:label>
    <link:labelArc xlink:type="arc" xlink:arcrole="http://www.xbrl.org/2003/arcrole/concept-label" xlink:from="loc_dnb_mem002" xlink:to="label_dnb_mem002" />
    <link:label xlink:type="resource" xlink:label="label_dnb_mem002_2" xml:lang="en" xlink:role="http://www.xbrl.org/2003/role/documentation">MEM002</link:label>
    <link:labelArc xlink:type="arc" xlink:arcrole="http://www.xbrl.org/2003/arcrole/concept-label" xlink:from="loc_dnb_mem002" xlink:to="label_dnb_mem002_2" />
    <link:loc xlink:type="locator" xlink:href="mem.xsd#dnb_mem003" xlink:label="loc_dnb_mem003" />
    <link:label xlink:type="resource" xlink:label="label_dnb_mem003" xml:lang="en" xlink:role="http://www.xbrl.org/2003/role/label">Realisatie voorwaardelijke maatstaf</link:label>
    <link:labelArc xlink:type="arc" xlink:arcrole="http://www.xbrl.org/2003/arcrole/concept-label" xlink:from="loc_dnb_mem003" xlink:to="label_dnb_mem003" />
    <link:label xlink:type="resource" xlink:label="label_dnb_mem003_2" xml:lang="en" xlink:role="http://www.xbrl.org/2003/role/documentation">MEM003</link:label>
    <link:labelArc xlink:type="arc" xlink:arcrole="http://www.xbrl.org/2003/arcrole/concept-label" xlink:from="loc_dnb_mem003" xlink:to="label_dnb_mem003_2" />
    <link:loc xlink:type="locator" xlink:href="mem.xsd#dnb_mem004" xlink:label="loc_dnb_mem004" />
    <link:label xlink:type="resource" xlink:label="label_dnb_mem004" xml:lang="en" xlink:role="http://www.xbrl.org/2003/role/label">Percentage t.o.v. voorwaardelijke maatstaf</link:label>
    <link:labelArc xlink:type="arc" xlink:arcrole="http://www.xbrl.org/2003/arcrole/concept-label" xlink:from="loc_dnb_mem004" xlink:to="label_dnb_mem004" />
    <link:label xlink:type="resource" xlink:label="label_dnb_mem004_2" xml:lang="en" xlink:role="http://www.xbrl.org/2003/role/documentation">MEM004</link:label>
    <link:labelArc xlink:type="arc" xlink:arcrole="http://www.xbrl.org/2003/arcrole/concept-label" xlink:from="loc_dnb_mem004" xlink:to="label_dnb_mem004_2" />
    <link:loc xlink:type="locator" xlink:href="mem.xsd#dnb_mem005" xlink:label="loc_dnb_mem005" />
    <link:label xlink:type="resource" xlink:label="label_dnb_mem005" xml:lang="en" xlink:role="http://www.xbrl.org/2003/role/label">Ingangsdatum toeslagverlening</link:label>
    <link:labelArc xlink:type="arc" xlink:arcrole="http://www.xbrl.org/2003/arcrole/concept-label" xlink:from="loc_dnb_mem005" xlink:to="label_dnb_mem005" />
    <link:label xlink:type="resource" xlink:label="label_dnb_mem005_2" xml:lang="en" xlink:role="http://www.xbrl.org/2003/role/documentation">MEM005</link:label>
    <link:labelArc xlink:type="arc" xlink:arcrole="http://www.xbrl.org/2003/arcrole/concept-label" xlink:from="loc_dnb_mem005" xlink:to="label_dnb_mem005_2" />
    <link:loc xlink:type="locator" xlink:href="mem.xsd#dnb_mem006" xlink:label="loc_dnb_mem006" />
    <link:label xlink:type="resource" xlink:label="label_dnb_mem006" xml:lang="en" xlink:role="http://www.xbrl.org/2003/role/label">Benodigd vermogen toeslag voor toekomstbestendige indexatie</link:label>
    <link:labelArc xlink:type="arc" xlink:arcrole="http://www.xbrl.org/2003/arcrole/concept-label" xlink:from="loc_dnb_mem006" xlink:to="label_dnb_mem006" />
    <link:label xlink:type="resource" xlink:label="label_dnb_mem006_2" xml:lang="en" xlink:role="http://www.xbrl.org/2003/role/documentation">MEM006</link:label>
    <link:labelArc xlink:type="arc" xlink:arcrole="http://www.xbrl.org/2003/arcrole/concept-label" xlink:from="loc_dnb_mem006" xlink:to="label_dnb_mem006_2" />
    <link:loc xlink:type="locator" xlink:href="mem.xsd#dnb_mem007" xlink:label="loc_dnb_mem007" />
    <link:label xlink:type="resource" xlink:label="label_dnb_mem007" xml:lang="en" xlink:role="http://www.xbrl.org/2003/role/label">Datum kortingsbesluit</link:label>
    <link:labelArc xlink:type="arc" xlink:arcrole="http://www.xbrl.org/2003/arcrole/concept-label" xlink:from="loc_dnb_mem007" xlink:to="label_dnb_mem007" />
    <link:label xlink:type="resource" xlink:label="label_dnb_mem007_2" xml:lang="en" xlink:role="http://www.xbrl.org/2003/role/documentation">MEM007</link:label>
    <link:labelArc xlink:type="arc" xlink:arcrole="http://www.xbrl.org/2003/arcrole/concept-label" xlink:from="loc_dnb_mem007" xlink:to="label_dnb_mem007_2" />
    <link:loc xlink:type="locator" xlink:href="mem.xsd#dnb_mem008" xlink:label="loc_dnb_mem008" />
    <link:label xlink:type="resource" xlink:label="label_dnb_mem008" xml:lang="en" xlink:role="http://www.xbrl.org/2003/role/label">Kortingspercentage</link:label>
    <link:labelArc xlink:type="arc" xlink:arcrole="http://www.xbrl.org/2003/arcrole/concept-label" xlink:from="loc_dnb_mem008" xlink:to="label_dnb_mem008" />
    <link:label xlink:type="resource" xlink:label="label_dnb_mem008_2" xml:lang="en" xlink:role="http://www.xbrl.org/2003/role/documentation">MEM008</link:label>
    <link:labelArc xlink:type="arc" xlink:arcrole="http://www.xbrl.org/2003/arcrole/concept-label" xlink:from="loc_dnb_mem008" xlink:to="label_dnb_mem008_2" />
    <link:loc xlink:type="locator" xlink:href="mem.xsd#dnb_mem009" xlink:label="loc_dnb_mem009" />
    <link:label xlink:type="resource" xlink:label="label_dnb_mem009" xml:lang="en" xlink:role="http://www.xbrl.org/2003/role/label">Ingangsdatum korting</link:label>
    <link:labelArc xlink:type="arc" xlink:arcrole="http://www.xbrl.org/2003/arcrole/concept-label" xlink:from="loc_dnb_mem009" xlink:to="label_dnb_mem009" />
    <link:label xlink:type="resource" xlink:label="label_dnb_mem009_2" xml:lang="en" xlink:role="http://www.xbrl.org/2003/role/documentation">MEM009</link:label>
    <link:labelArc xlink:type="arc" xlink:arcrole="http://www.xbrl.org/2003/arcrole/concept-label" xlink:from="loc_dnb_mem009" xlink:to="label_dnb_mem009_2" />
    <link:loc xlink:type="locator" xlink:href="mem.xsd#dnb_mem010" xlink:label="loc_dnb_mem010" />
    <link:label xlink:type="resource" xlink:label="label_dnb_mem010" xml:lang="en" xlink:role="http://www.xbrl.org/2003/role/label">Datum besluit toekenning eenmalige toeslag</link:label>
    <link:labelArc xlink:type="arc" xlink:arcrole="http://www.xbrl.org/2003/arcrole/concept-label" xlink:from="loc_dnb_mem010" xlink:to="label_dnb_mem010" />
    <link:label xlink:type="resource" xlink:label="label_dnb_mem010_2" xml:lang="en" xlink:role="http://www.xbrl.org/2003/role/documentation">MEM010</link:label>
    <link:labelArc xlink:type="arc" xlink:arcrole="http://www.xbrl.org/2003/arcrole/concept-label" xlink:from="loc_dnb_mem010" xlink:to="label_dnb_mem010_2" />
    <link:loc xlink:type="locator" xlink:href="mem.xsd#dnb_mem011" xlink:label="loc_dnb_mem011" />
    <link:label xlink:type="resource" xlink:label="label_dnb_mem011" xml:lang="en" xlink:role="http://www.xbrl.org/2003/role/label">Toegekende eenmalige toeslag</link:label>
    <link:labelArc xlink:type="arc" xlink:arcrole="http://www.xbrl.org/2003/arcrole/concept-label" xlink:from="loc_dnb_mem011" xlink:to="label_dnb_mem011" />
    <link:label xlink:type="resource" xlink:label="label_dnb_mem011_2" xml:lang="en" xlink:role="http://www.xbrl.org/2003/role/documentation">MEM011</link:label>
    <link:labelArc xlink:type="arc" xlink:arcrole="http://www.xbrl.org/2003/arcrole/concept-label" xlink:from="loc_dnb_mem011" xlink:to="label_dnb_mem011_2" />
    <link:loc xlink:type="locator" xlink:href="mem.xsd#dnb_mem012" xlink:label="loc_dnb_mem012" />
    <link:label xlink:type="resource" xlink:label="label_dnb_mem012" xml:lang="en" xlink:role="http://www.xbrl.org/2003/role/label">Datum toekenning eenmalige toeslag</link:label>
    <link:labelArc xlink:type="arc" xlink:arcrole="http://www.xbrl.org/2003/arcrole/concept-label" xlink:from="loc_dnb_mem012" xlink:to="label_dnb_mem012" />
    <link:label xlink:type="resource" xlink:label="label_dnb_mem012_2" xml:lang="en" xlink:role="http://www.xbrl.org/2003/role/documentation">MEM012</link:label>
    <link:labelArc xlink:type="arc" xlink:arcrole="http://www.xbrl.org/2003/arcrole/concept-label" xlink:from="loc_dnb_mem012" xlink:to="label_dnb_mem012_2" />
    <link:loc xlink:type="locator" xlink:href="mem.xsd#dnb_mem013" xlink:label="loc_dnb_mem013" />
    <link:label xlink:type="resource" xlink:label="label_dnb_mem013" xml:lang="en" xlink:role="http://www.xbrl.org/2003/role/label">Benodigd vermogen eenmalige toeslag voor toekomstbestendige indexatie</link:label>
    <link:labelArc xlink:type="arc" xlink:arcrole="http://www.xbrl.org/2003/arcrole/concept-label" xlink:from="loc_dnb_mem013" xlink:to="label_dnb_mem013" />
    <link:label xlink:type="resource" xlink:label="label_dnb_mem013_2" xml:lang="en" xlink:role="http://www.xbrl.org/2003/role/documentation">MEM013</link:label>
    <link:labelArc xlink:type="arc" xlink:arcrole="http://www.xbrl.org/2003/arcrole/concept-label" xlink:from="loc_dnb_mem013" xlink:to="label_dnb_mem013_2" />
    <link:loc xlink:type="locator" xlink:href="mem.xsd#dnb_mem014" xlink:label="loc_dnb_mem014" />
    <link:label xlink:type="resource" xlink:label="label_dnb_mem014" xml:lang="en" xlink:role="http://www.xbrl.org/2003/role/label">Datum besluit tot verlening inhaaltoeslag</link:label>
    <link:labelArc xlink:type="arc" xlink:arcrole="http://www.xbrl.org/2003/arcrole/concept-label" xlink:from="loc_dnb_mem014" xlink:to="label_dnb_mem014" />
    <link:label xlink:type="resource" xlink:label="label_dnb_mem014_2" xml:lang="en" xlink:role="http://www.xbrl.org/2003/role/documentation">MEM014</link:label>
    <link:labelArc xlink:type="arc" xlink:arcrole="http://www.xbrl.org/2003/arcrole/concept-label" xlink:from="loc_dnb_mem014" xlink:to="label_dnb_mem014_2" />
    <link:loc xlink:type="locator" xlink:href="mem.xsd#dnb_mem015" xlink:label="loc_dnb_mem015" />
    <link:label xlink:type="resource" xlink:label="label_dnb_mem015" xml:lang="en" xlink:role="http://www.xbrl.org/2003/role/label">Verleende inhaaltoeslag</link:label>
    <link:labelArc xlink:type="arc" xlink:arcrole="http://www.xbrl.org/2003/arcrole/concept-label" xlink:from="loc_dnb_mem015" xlink:to="label_dnb_mem015" />
    <link:label xlink:type="resource" xlink:label="label_dnb_mem015_2" xml:lang="en" xlink:role="http://www.xbrl.org/2003/role/documentation">MEM015</link:label>
    <link:labelArc xlink:type="arc" xlink:arcrole="http://www.xbrl.org/2003/arcrole/concept-label" xlink:from="loc_dnb_mem015" xlink:to="label_dnb_mem015_2" />
    <link:loc xlink:type="locator" xlink:href="mem.xsd#dnb_mem016" xlink:label="loc_dnb_mem016" />
    <link:label xlink:type="resource" xlink:label="label_dnb_mem016" xml:lang="en" xlink:role="http://www.xbrl.org/2003/role/label">Datum toekenning inhaaltoeslag</link:label>
    <link:labelArc xlink:type="arc" xlink:arcrole="http://www.xbrl.org/2003/arcrole/concept-label" xlink:from="loc_dnb_mem016" xlink:to="label_dnb_mem016" />
    <link:label xlink:type="resource" xlink:label="label_dnb_mem016_2" xml:lang="en" xlink:role="http://www.xbrl.org/2003/role/documentation">MEM016</link:label>
    <link:labelArc xlink:type="arc" xlink:arcrole="http://www.xbrl.org/2003/arcrole/concept-label" xlink:from="loc_dnb_mem016" xlink:to="label_dnb_mem016_2" />
    <link:loc xlink:type="locator" xlink:href="mem.xsd#dnb_mem017" xlink:label="loc_dnb_mem017" />
    <link:label xlink:type="resource" xlink:label="label_dnb_mem017" xml:lang="en" xlink:role="http://www.xbrl.org/2003/role/label">Benodigd vermogen inhaaltoeslag voor toekomstbestendige indexatie</link:label>
    <link:labelArc xlink:type="arc" xlink:arcrole="http://www.xbrl.org/2003/arcrole/concept-label" xlink:from="loc_dnb_mem017" xlink:to="label_dnb_mem017" />
    <link:label xlink:type="resource" xlink:label="label_dnb_mem017_2" xml:lang="en" xlink:role="http://www.xbrl.org/2003/role/documentation">MEM017</link:label>
    <link:labelArc xlink:type="arc" xlink:arcrole="http://www.xbrl.org/2003/arcrole/concept-label" xlink:from="loc_dnb_mem017" xlink:to="label_dnb_mem017_2" />
    <link:loc xlink:type="locator" xlink:href="mem.xsd#dnb_mem018" xlink:label="loc_dnb_mem018" />
    <link:label xlink:type="resource" xlink:label="label_dnb_mem018" xml:lang="en" xlink:role="http://www.xbrl.org/2003/role/label">Indexatie achterstand primo</link:label>
    <link:labelArc xlink:type="arc" xlink:arcrole="http://www.xbrl.org/2003/arcrole/concept-label" xlink:from="loc_dnb_mem018" xlink:to="label_dnb_mem018" />
    <link:label xlink:type="resource" xlink:label="label_dnb_mem018_2" xml:lang="en" xlink:role="http://www.xbrl.org/2003/role/documentation">MEM018</link:label>
    <link:labelArc xlink:type="arc" xlink:arcrole="http://www.xbrl.org/2003/arcrole/concept-label" xlink:from="loc_dnb_mem018" xlink:to="label_dnb_mem018_2" />
    <link:loc xlink:type="locator" xlink:href="mem.xsd#dnb_mem019" xlink:label="loc_dnb_mem019" />
    <link:label xlink:type="resource" xlink:label="label_dnb_mem019" xml:lang="en" xlink:role="http://www.xbrl.org/2003/role/label">Beoogde indexatie volgens maatstaf/ambitie</link:label>
    <link:labelArc xlink:type="arc" xlink:arcrole="http://www.xbrl.org/2003/arcrole/concept-label" xlink:from="loc_dnb_mem019" xlink:to="label_dnb_mem019" />
    <link:label xlink:type="resource" xlink:label="label_dnb_mem019_2" xml:lang="en" xlink:role="http://www.xbrl.org/2003/role/documentation">MEM019</link:label>
    <link:labelArc xlink:type="arc" xlink:arcrole="http://www.xbrl.org/2003/arcrole/concept-label" xlink:from="loc_dnb_mem019" xlink:to="label_dnb_mem019_2" />
    <link:loc xlink:type="locator" xlink:href="mem.xsd#dnb_mem020" xlink:label="loc_dnb_mem020" />
    <link:label xlink:type="resource" xlink:label="label_dnb_mem020" xml:lang="en" xlink:role="http://www.xbrl.org/2003/role/label">Toegekende totale toeslag (reguliere toeslag + inhaaltoeslag)</link:label>
    <link:labelArc xlink:type="arc" xlink:arcrole="http://www.xbrl.org/2003/arcrole/concept-label" xlink:from="loc_dnb_mem020" xlink:to="label_dnb_mem020" />
    <link:label xlink:type="resource" xlink:label="label_dnb_mem020_2" xml:lang="en" xlink:role="http://www.xbrl.org/2003/role/documentation">MEM020</link:label>
    <link:labelArc xlink:type="arc" xlink:arcrole="http://www.xbrl.org/2003/arcrole/concept-label" xlink:from="loc_dnb_mem020" xlink:to="label_dnb_mem020_2" />
    <link:loc xlink:type="locator" xlink:href="mem.xsd#dnb_mem021" xlink:label="loc_dnb_mem021" />
    <link:label xlink:type="resource" xlink:label="label_dnb_mem021" xml:lang="en" xlink:role="http://www.xbrl.org/2003/role/label">Overige mutatie indexatie achterstand</link:label>
    <link:labelArc xlink:type="arc" xlink:arcrole="http://www.xbrl.org/2003/arcrole/concept-label" xlink:from="loc_dnb_mem021" xlink:to="label_dnb_mem021" />
    <link:label xlink:type="resource" xlink:label="label_dnb_mem021_2" xml:lang="en" xlink:role="http://www.xbrl.org/2003/role/documentation">MEM021</link:label>
    <link:labelArc xlink:type="arc" xlink:arcrole="http://www.xbrl.org/2003/arcrole/concept-label" xlink:from="loc_dnb_mem021" xlink:to="label_dnb_mem021_2" />
    <link:loc xlink:type="locator" xlink:href="mem.xsd#dnb_mem022" xlink:label="loc_dnb_mem022" />
    <link:label xlink:type="resource" xlink:label="label_dnb_mem022" xml:lang="en" xlink:role="http://www.xbrl.org/2003/role/label">Indexatie achterstand ultimo</link:label>
    <link:labelArc xlink:type="arc" xlink:arcrole="http://www.xbrl.org/2003/arcrole/concept-label" xlink:from="loc_dnb_mem022" xlink:to="label_dnb_mem022" />
    <link:label xlink:type="resource" xlink:label="label_dnb_mem022_2" xml:lang="en" xlink:role="http://www.xbrl.org/2003/role/documentation">MEM022</link:label>
    <link:labelArc xlink:type="arc" xlink:arcrole="http://www.xbrl.org/2003/arcrole/concept-label" xlink:from="loc_dnb_mem022" xlink:to="label_dnb_mem022_2" />
    <link:loc xlink:type="locator" xlink:href="mem.xsd#dnb_mem023" xlink:label="loc_dnb_mem023" />
    <link:label xlink:type="resource" xlink:label="label_dnb_mem023" xml:lang="en" xlink:role="http://www.xbrl.org/2003/role/label">Besluit 1</link:label>
    <link:labelArc xlink:type="arc" xlink:arcrole="http://www.xbrl.org/2003/arcrole/concept-label" xlink:from="loc_dnb_mem023" xlink:to="label_dnb_mem023" />
    <link:label xlink:type="resource" xlink:label="label_dnb_mem023_2" xml:lang="en" xlink:role="http://www.xbrl.org/2003/role/documentation">MEM023</link:label>
    <link:labelArc xlink:type="arc" xlink:arcrole="http://www.xbrl.org/2003/arcrole/concept-label" xlink:from="loc_dnb_mem023" xlink:to="label_dnb_mem023_2" />
    <link:loc xlink:type="locator" xlink:href="mem.xsd#dnb_mem024" xlink:label="loc_dnb_mem024" />
    <link:label xlink:type="resource" xlink:label="label_dnb_mem024" xml:lang="en" xlink:role="http://www.xbrl.org/2003/role/label">Besluit 2</link:label>
    <link:labelArc xlink:type="arc" xlink:arcrole="http://www.xbrl.org/2003/arcrole/concept-label" xlink:from="loc_dnb_mem024" xlink:to="label_dnb_mem024" />
    <link:label xlink:type="resource" xlink:label="label_dnb_mem024_2" xml:lang="en" xlink:role="http://www.xbrl.org/2003/role/documentation">MEM024</link:label>
    <link:labelArc xlink:type="arc" xlink:arcrole="http://www.xbrl.org/2003/arcrole/concept-label" xlink:from="loc_dnb_mem024" xlink:to="label_dnb_mem024_2" />
    <link:loc xlink:type="locator" xlink:href="mem.xsd#dnb_mem025" xlink:label="loc_dnb_mem025" />
    <link:label xlink:type="resource" xlink:label="label_dnb_mem025" xml:lang="en" xlink:role="http://www.xbrl.org/2003/role/label">Vermogen voor toeslag</link:label>
    <link:labelArc xlink:type="arc" xlink:arcrole="http://www.xbrl.org/2003/arcrole/concept-label" xlink:from="loc_dnb_mem025" xlink:to="label_dnb_mem025" />
    <link:label xlink:type="resource" xlink:label="label_dnb_mem025_2" xml:lang="en" xlink:role="http://www.xbrl.org/2003/role/documentation">MEM025</link:label>
    <link:labelArc xlink:type="arc" xlink:arcrole="http://www.xbrl.org/2003/arcrole/concept-label" xlink:from="loc_dnb_mem025" xlink:to="label_dnb_mem025_2" />
    <link:loc xlink:type="locator" xlink:href="mem.xsd#dnb_mem026" xlink:label="loc_dnb_mem026" />
    <link:label xlink:type="resource" xlink:label="label_dnb_mem026" xml:lang="en" xlink:role="http://www.xbrl.org/2003/role/label">Inhaaltoeslag</link:label>
    <link:labelArc xlink:type="arc" xlink:arcrole="http://www.xbrl.org/2003/arcrole/concept-label" xlink:from="loc_dnb_mem026" xlink:to="label_dnb_mem026" />
    <link:label xlink:type="resource" xlink:label="label_dnb_mem026_2" xml:lang="en" xlink:role="http://www.xbrl.org/2003/role/documentation">MEM026</link:label>
    <link:labelArc xlink:type="arc" xlink:arcrole="http://www.xbrl.org/2003/arcrole/concept-label" xlink:from="loc_dnb_mem026" xlink:to="label_dnb_mem026_2" />
    <link:loc xlink:type="locator" xlink:href="mem.xsd#dnb_mem027" xlink:label="loc_dnb_mem027" />
    <link:label xlink:type="resource" xlink:label="label_dnb_mem027" xml:lang="en" xlink:role="http://www.xbrl.org/2003/role/label">Toeslagendepot</link:label>
    <link:labelArc xlink:type="arc" xlink:arcrole="http://www.xbrl.org/2003/arcrole/concept-label" xlink:from="loc_dnb_mem027" xlink:to="label_dnb_mem027" />
    <link:label xlink:type="resource" xlink:label="label_dnb_mem027_2" xml:lang="en" xlink:role="http://www.xbrl.org/2003/role/documentation">MEM027</link:label>
    <link:labelArc xlink:type="arc" xlink:arcrole="http://www.xbrl.org/2003/arcrole/concept-label" xlink:from="loc_dnb_mem027" xlink:to="label_dnb_mem027_2" />
    <link:loc xlink:type="locator" xlink:href="mem.xsd#dnb_mem028" xlink:label="loc_dnb_mem028" />
    <link:label xlink:type="resource" xlink:label="label_dnb_mem028" xml:lang="en" xlink:role="http://www.xbrl.org/2003/role/label">Bestemmingsreserve</link:label>
    <link:labelArc xlink:type="arc" xlink:arcrole="http://www.xbrl.org/2003/arcrole/concept-label" xlink:from="loc_dnb_mem028" xlink:to="label_dnb_mem028" />
    <link:label xlink:type="resource" xlink:label="label_dnb_mem028_2" xml:lang="en" xlink:role="http://www.xbrl.org/2003/role/documentation">MEM028</link:label>
    <link:labelArc xlink:type="arc" xlink:arcrole="http://www.xbrl.org/2003/arcrole/concept-label" xlink:from="loc_dnb_mem028" xlink:to="label_dnb_mem028_2" />
    <link:loc xlink:type="locator" xlink:href="mem.xsd#dnb_mem029" xlink:label="loc_dnb_mem029" />
    <link:label xlink:type="resource" xlink:label="label_dnb_mem029" xml:lang="en" xlink:role="http://www.xbrl.org/2003/role/label">Datum ijkmoment voor toetsing aan indexatieregel</link:label>
    <link:labelArc xlink:type="arc" xlink:arcrole="http://www.xbrl.org/2003/arcrole/concept-label" xlink:from="loc_dnb_mem029" xlink:to="label_dnb_mem029" />
    <link:label xlink:type="resource" xlink:label="label_dnb_mem029_2" xml:lang="en" xlink:role="http://www.xbrl.org/2003/role/documentation">MEM029</link:label>
    <link:labelArc xlink:type="arc" xlink:arcrole="http://www.xbrl.org/2003/arcrole/concept-label" xlink:from="loc_dnb_mem029" xlink:to="label_dnb_mem029_2" />
    <link:loc xlink:type="locator" xlink:href="mem.xsd#dnb_mem030" xlink:label="loc_dnb_mem030" />
    <link:label xlink:type="resource" xlink:label="label_dnb_mem030" xml:lang="en" xlink:role="http://www.xbrl.org/2003/role/label">Stand beleidsdekkingsgraad op ijkmoment indexatieregel</link:label>
    <link:labelArc xlink:type="arc" xlink:arcrole="http://www.xbrl.org/2003/arcrole/concept-label" xlink:from="loc_dnb_mem030" xlink:to="label_dnb_mem030" />
    <link:label xlink:type="resource" xlink:label="label_dnb_mem030_2" xml:lang="en" xlink:role="http://www.xbrl.org/2003/role/documentation">MEM030</link:label>
    <link:labelArc xlink:type="arc" xlink:arcrole="http://www.xbrl.org/2003/arcrole/concept-label" xlink:from="loc_dnb_mem030" xlink:to="label_dnb_mem030_2" />
    <link:loc xlink:type="locator" xlink:href="mem.xsd#dnb_mem031" xlink:label="loc_dnb_mem031" />
    <link:label xlink:type="resource" xlink:label="label_dnb_mem031" xml:lang="en" xlink:role="http://www.xbrl.org/2003/role/label">Toeslagdrempel</link:label>
    <link:labelArc xlink:type="arc" xlink:arcrole="http://www.xbrl.org/2003/arcrole/concept-label" xlink:from="loc_dnb_mem031" xlink:to="label_dnb_mem031" />
    <link:label xlink:type="resource" xlink:label="label_dnb_mem031_2" xml:lang="en" xlink:role="http://www.xbrl.org/2003/role/documentation">MEM031</link:label>
    <link:labelArc xlink:type="arc" xlink:arcrole="http://www.xbrl.org/2003/arcrole/concept-label" xlink:from="loc_dnb_mem031" xlink:to="label_dnb_mem031_2" />
    <link:loc xlink:type="locator" xlink:href="mem.xsd#dnb_mem032" xlink:label="loc_dnb_mem032" />
    <link:label xlink:type="resource" xlink:label="label_dnb_mem032" xml:lang="en" xlink:role="http://www.xbrl.org/2003/role/label">Beleidsdekkingsgraad - Toeslagdrempel</link:label>
    <link:labelArc xlink:type="arc" xlink:arcrole="http://www.xbrl.org/2003/arcrole/concept-label" xlink:from="loc_dnb_mem032" xlink:to="label_dnb_mem032" />
    <link:label xlink:type="resource" xlink:label="label_dnb_mem032_2" xml:lang="en" xlink:role="http://www.xbrl.org/2003/role/documentation">MEM032</link:label>
    <link:labelArc xlink:type="arc" xlink:arcrole="http://www.xbrl.org/2003/arcrole/concept-label" xlink:from="loc_dnb_mem032" xlink:to="label_dnb_mem032_2" />
    <link:loc xlink:type="locator" xlink:href="mem.xsd#dnb_mem033" xlink:label="loc_dnb_mem033" />
    <link:label xlink:type="resource" xlink:label="label_dnb_mem033" xml:lang="en" xlink:role="http://www.xbrl.org/2003/role/label">Aanwezige technische voorziening</link:label>
    <link:labelArc xlink:type="arc" xlink:arcrole="http://www.xbrl.org/2003/arcrole/concept-label" xlink:from="loc_dnb_mem033" xlink:to="label_dnb_mem033" />
    <link:label xlink:type="resource" xlink:label="label_dnb_mem033_2" xml:lang="en" xlink:role="http://www.xbrl.org/2003/role/documentation">MEM033</link:label>
    <link:labelArc xlink:type="arc" xlink:arcrole="http://www.xbrl.org/2003/arcrole/concept-label" xlink:from="loc_dnb_mem033" xlink:to="label_dnb_mem033_2" />
    <link:loc xlink:type="locator" xlink:href="mem.xsd#dnb_mem034" xlink:label="loc_dnb_mem034" />
    <link:label xlink:type="resource" xlink:label="label_dnb_mem034" xml:lang="en" xlink:role="http://www.xbrl.org/2003/role/label">Beschikbaar vermogen voor toeslag vanuit beleidsdekkingsgraad</link:label>
    <link:labelArc xlink:type="arc" xlink:arcrole="http://www.xbrl.org/2003/arcrole/concept-label" xlink:from="loc_dnb_mem034" xlink:to="label_dnb_mem034" />
    <link:label xlink:type="resource" xlink:label="label_dnb_mem034_2" xml:lang="en" xlink:role="http://www.xbrl.org/2003/role/documentation">MEM034</link:label>
    <link:labelArc xlink:type="arc" xlink:arcrole="http://www.xbrl.org/2003/arcrole/concept-label" xlink:from="loc_dnb_mem034" xlink:to="label_dnb_mem034_2" />
    <link:loc xlink:type="locator" xlink:href="mem.xsd#dnb_mem035" xlink:label="loc_dnb_mem035" />
    <link:label xlink:type="resource" xlink:label="label_dnb_mem035" xml:lang="en" xlink:role="http://www.xbrl.org/2003/role/label">Overige middelen tbv toeslag</link:label>
    <link:labelArc xlink:type="arc" xlink:arcrole="http://www.xbrl.org/2003/arcrole/concept-label" xlink:from="loc_dnb_mem035" xlink:to="label_dnb_mem035" />
    <link:label xlink:type="resource" xlink:label="label_dnb_mem035_2" xml:lang="en" xlink:role="http://www.xbrl.org/2003/role/documentation">MEM035</link:label>
    <link:labelArc xlink:type="arc" xlink:arcrole="http://www.xbrl.org/2003/arcrole/concept-label" xlink:from="loc_dnb_mem035" xlink:to="label_dnb_mem035_2" />
    <link:loc xlink:type="locator" xlink:href="mem.xsd#dnb_mem036" xlink:label="loc_dnb_mem036" />
    <link:label xlink:type="resource" xlink:label="label_dnb_mem036" xml:lang="en" xlink:role="http://www.xbrl.org/2003/role/label">Totaal beschikbaar vermogen voor toeslag</link:label>
    <link:labelArc xlink:type="arc" xlink:arcrole="http://www.xbrl.org/2003/arcrole/concept-label" xlink:from="loc_dnb_mem036" xlink:to="label_dnb_mem036" />
    <link:label xlink:type="resource" xlink:label="label_dnb_mem036_2" xml:lang="en" xlink:role="http://www.xbrl.org/2003/role/documentation">MEM036</link:label>
    <link:labelArc xlink:type="arc" xlink:arcrole="http://www.xbrl.org/2003/arcrole/concept-label" xlink:from="loc_dnb_mem036" xlink:to="label_dnb_mem036_2" />
    <link:loc xlink:type="locator" xlink:href="mem.xsd#dnb_mem037" xlink:label="loc_dnb_mem037" />
    <link:label xlink:type="resource" xlink:label="label_dnb_mem037" xml:lang="en" xlink:role="http://www.xbrl.org/2003/role/label">Benodigd vermogen voor toekomstbestendige indexatie</link:label>
    <link:labelArc xlink:type="arc" xlink:arcrole="http://www.xbrl.org/2003/arcrole/concept-label" xlink:from="loc_dnb_mem037" xlink:to="label_dnb_mem037" />
    <link:label xlink:type="resource" xlink:label="label_dnb_mem037_2" xml:lang="en" xlink:role="http://www.xbrl.org/2003/role/documentation">MEM037</link:label>
    <link:labelArc xlink:type="arc" xlink:arcrole="http://www.xbrl.org/2003/arcrole/concept-label" xlink:from="loc_dnb_mem037" xlink:to="label_dnb_mem037_2" />
    <link:loc xlink:type="locator" xlink:href="mem.xsd#dnb_mem038" xlink:label="loc_dnb_mem038" />
    <link:label xlink:type="resource" xlink:label="label_dnb_mem038" xml:lang="en" xlink:role="http://www.xbrl.org/2003/role/label">Beschikbaar -/- benodigd vermogen toekomstbestendige indexatie</link:label>
    <link:labelArc xlink:type="arc" xlink:arcrole="http://www.xbrl.org/2003/arcrole/concept-label" xlink:from="loc_dnb_mem038" xlink:to="label_dnb_mem038" />
    <link:label xlink:type="resource" xlink:label="label_dnb_mem038_2" xml:lang="en" xlink:role="http://www.xbrl.org/2003/role/documentation">MEM038</link:label>
    <link:labelArc xlink:type="arc" xlink:arcrole="http://www.xbrl.org/2003/arcrole/concept-label" xlink:from="loc_dnb_mem038" xlink:to="label_dnb_mem038_2" />
    <link:loc xlink:type="locator" xlink:href="mem.xsd#dnb_mem039" xlink:label="loc_dnb_mem039" />
    <link:label xlink:type="resource" xlink:label="label_dnb_mem039" xml:lang="en" xlink:role="http://www.xbrl.org/2003/role/label">Benodigd vermogen voor volledige reguliere toeslag</link:label>
    <link:labelArc xlink:type="arc" xlink:arcrole="http://www.xbrl.org/2003/arcrole/concept-label" xlink:from="loc_dnb_mem039" xlink:to="label_dnb_mem039" />
    <link:label xlink:type="resource" xlink:label="label_dnb_mem039_2" xml:lang="en" xlink:role="http://www.xbrl.org/2003/role/documentation">MEM039</link:label>
    <link:labelArc xlink:type="arc" xlink:arcrole="http://www.xbrl.org/2003/arcrole/concept-label" xlink:from="loc_dnb_mem039" xlink:to="label_dnb_mem039_2" />
    <link:loc xlink:type="locator" xlink:href="mem.xsd#dnb_mem040" xlink:label="loc_dnb_mem040" />
    <link:label xlink:type="resource" xlink:label="label_dnb_mem040" xml:lang="en" xlink:role="http://www.xbrl.org/2003/role/label">Vereist eigen vermogen</link:label>
    <link:labelArc xlink:type="arc" xlink:arcrole="http://www.xbrl.org/2003/arcrole/concept-label" xlink:from="loc_dnb_mem040" xlink:to="label_dnb_mem040" />
    <link:label xlink:type="resource" xlink:label="label_dnb_mem040_2" xml:lang="en" xlink:role="http://www.xbrl.org/2003/role/documentation">MEM040</link:label>
    <link:labelArc xlink:type="arc" xlink:arcrole="http://www.xbrl.org/2003/arcrole/concept-label" xlink:from="loc_dnb_mem040" xlink:to="label_dnb_mem040_2" />
    <link:loc xlink:type="locator" xlink:href="mem.xsd#dnb_mem041" xlink:label="loc_dnb_mem041" />
    <link:label xlink:type="resource" xlink:label="label_dnb_mem041" xml:lang="en" xlink:role="http://www.xbrl.org/2003/role/label">Totaal beschikbaar vermogen voor inhaaltoeslag</link:label>
    <link:labelArc xlink:type="arc" xlink:arcrole="http://www.xbrl.org/2003/arcrole/concept-label" xlink:from="loc_dnb_mem041" xlink:to="label_dnb_mem041" />
    <link:label xlink:type="resource" xlink:label="label_dnb_mem041_2" xml:lang="en" xlink:role="http://www.xbrl.org/2003/role/documentation">MEM041</link:label>
    <link:labelArc xlink:type="arc" xlink:arcrole="http://www.xbrl.org/2003/arcrole/concept-label" xlink:from="loc_dnb_mem041" xlink:to="label_dnb_mem041_2" />
    <link:loc xlink:type="locator" xlink:href="mem.xsd#dnb_mem042" xlink:label="loc_dnb_mem042" />
    <link:label xlink:type="resource" xlink:label="label_dnb_mem042" xml:lang="en" xlink:role="http://www.xbrl.org/2003/role/label">Beschikbaar voor aanwending inhaaltoeslag (1/5e deel)</link:label>
    <link:labelArc xlink:type="arc" xlink:arcrole="http://www.xbrl.org/2003/arcrole/concept-label" xlink:from="loc_dnb_mem042" xlink:to="label_dnb_mem042" />
    <link:label xlink:type="resource" xlink:label="label_dnb_mem042_2" xml:lang="en" xlink:role="http://www.xbrl.org/2003/role/documentation">MEM042</link:label>
    <link:labelArc xlink:type="arc" xlink:arcrole="http://www.xbrl.org/2003/arcrole/concept-label" xlink:from="loc_dnb_mem042" xlink:to="label_dnb_mem042_2" />
    <link:loc xlink:type="locator" xlink:href="mem.xsd#dnb_mem043" xlink:label="loc_dnb_mem043" />
    <link:label xlink:type="resource" xlink:label="label_dnb_mem043" xml:lang="en" xlink:role="http://www.xbrl.org/2003/role/label">Benodigd vermogen voor inhaaltoeslag</link:label>
    <link:labelArc xlink:type="arc" xlink:arcrole="http://www.xbrl.org/2003/arcrole/concept-label" xlink:from="loc_dnb_mem043" xlink:to="label_dnb_mem043" />
    <link:label xlink:type="resource" xlink:label="label_dnb_mem043_2" xml:lang="en" xlink:role="http://www.xbrl.org/2003/role/documentation">MEM043</link:label>
    <link:labelArc xlink:type="arc" xlink:arcrole="http://www.xbrl.org/2003/arcrole/concept-label" xlink:from="loc_dnb_mem043" xlink:to="label_dnb_mem043_2" />
    <link:loc xlink:type="locator" xlink:href="mem.xsd#dnb_mem044" xlink:label="loc_dnb_mem044" />
    <link:label xlink:type="resource" xlink:label="label_dnb_mem044" xml:lang="en" xlink:role="http://www.xbrl.org/2003/role/label">Maximaal aan te wenden -/- benodigd vermogen inhaaltoeslag</link:label>
    <link:labelArc xlink:type="arc" xlink:arcrole="http://www.xbrl.org/2003/arcrole/concept-label" xlink:from="loc_dnb_mem044" xlink:to="label_dnb_mem044" />
    <link:label xlink:type="resource" xlink:label="label_dnb_mem044_2" xml:lang="en" xlink:role="http://www.xbrl.org/2003/role/documentation">MEM044</link:label>
    <link:labelArc xlink:type="arc" xlink:arcrole="http://www.xbrl.org/2003/arcrole/concept-label" xlink:from="loc_dnb_mem044" xlink:to="label_dnb_mem044_2" />
    <link:loc xlink:type="locator" xlink:href="mem.xsd#dnb_mem045" xlink:label="loc_dnb_mem045" />
    <link:label xlink:type="resource" xlink:label="label_dnb_mem045" xml:lang="en" xlink:role="http://www.xbrl.org/2003/role/label">Waarde toeslagendepot primo</link:label>
    <link:labelArc xlink:type="arc" xlink:arcrole="http://www.xbrl.org/2003/arcrole/concept-label" xlink:from="loc_dnb_mem045" xlink:to="label_dnb_mem045" />
    <link:label xlink:type="resource" xlink:label="label_dnb_mem045_2" xml:lang="en" xlink:role="http://www.xbrl.org/2003/role/documentation">MEM045</link:label>
    <link:labelArc xlink:type="arc" xlink:arcrole="http://www.xbrl.org/2003/arcrole/concept-label" xlink:from="loc_dnb_mem045" xlink:to="label_dnb_mem045_2" />
    <link:loc xlink:type="locator" xlink:href="mem.xsd#dnb_mem046" xlink:label="loc_dnb_mem046" />
    <link:label xlink:type="resource" xlink:label="label_dnb_mem046" xml:lang="en" xlink:role="http://www.xbrl.org/2003/role/label">Onttrekkingen toeslagendepot voor toekenning toeslagverlening</link:label>
    <link:labelArc xlink:type="arc" xlink:arcrole="http://www.xbrl.org/2003/arcrole/concept-label" xlink:from="loc_dnb_mem046" xlink:to="label_dnb_mem046" />
    <link:label xlink:type="resource" xlink:label="label_dnb_mem046_2" xml:lang="en" xlink:role="http://www.xbrl.org/2003/role/documentation">MEM046</link:label>
    <link:labelArc xlink:type="arc" xlink:arcrole="http://www.xbrl.org/2003/arcrole/concept-label" xlink:from="loc_dnb_mem046" xlink:to="label_dnb_mem046_2" />
    <link:loc xlink:type="locator" xlink:href="mem.xsd#dnb_mem047" xlink:label="loc_dnb_mem047" />
    <link:label xlink:type="resource" xlink:label="label_dnb_mem047" xml:lang="en" xlink:role="http://www.xbrl.org/2003/role/label">Dotatie premie of eenmalige storting toeslagendepot</link:label>
    <link:labelArc xlink:type="arc" xlink:arcrole="http://www.xbrl.org/2003/arcrole/concept-label" xlink:from="loc_dnb_mem047" xlink:to="label_dnb_mem047" />
    <link:label xlink:type="resource" xlink:label="label_dnb_mem047_2" xml:lang="en" xlink:role="http://www.xbrl.org/2003/role/documentation">MEM047</link:label>
    <link:labelArc xlink:type="arc" xlink:arcrole="http://www.xbrl.org/2003/arcrole/concept-label" xlink:from="loc_dnb_mem047" xlink:to="label_dnb_mem047_2" />
    <link:loc xlink:type="locator" xlink:href="mem.xsd#dnb_mem048" xlink:label="loc_dnb_mem048" />
    <link:label xlink:type="resource" xlink:label="label_dnb_mem048" xml:lang="en" xlink:role="http://www.xbrl.org/2003/role/label">Overige mutaties toeslagendepot</link:label>
    <link:labelArc xlink:type="arc" xlink:arcrole="http://www.xbrl.org/2003/arcrole/concept-label" xlink:from="loc_dnb_mem048" xlink:to="label_dnb_mem048" />
    <link:label xlink:type="resource" xlink:label="label_dnb_mem048_2" xml:lang="en" xlink:role="http://www.xbrl.org/2003/role/documentation">MEM048</link:label>
    <link:labelArc xlink:type="arc" xlink:arcrole="http://www.xbrl.org/2003/arcrole/concept-label" xlink:from="loc_dnb_mem048" xlink:to="label_dnb_mem048_2" />
    <link:loc xlink:type="locator" xlink:href="mem.xsd#dnb_mem049" xlink:label="loc_dnb_mem049" />
    <link:label xlink:type="resource" xlink:label="label_dnb_mem049" xml:lang="en" xlink:role="http://www.xbrl.org/2003/role/label">Waarde toeslagendepot ultimo</link:label>
    <link:labelArc xlink:type="arc" xlink:arcrole="http://www.xbrl.org/2003/arcrole/concept-label" xlink:from="loc_dnb_mem049" xlink:to="label_dnb_mem049" />
    <link:label xlink:type="resource" xlink:label="label_dnb_mem049_2" xml:lang="en" xlink:role="http://www.xbrl.org/2003/role/documentation">MEM049</link:label>
    <link:labelArc xlink:type="arc" xlink:arcrole="http://www.xbrl.org/2003/arcrole/concept-label" xlink:from="loc_dnb_mem049" xlink:to="label_dnb_mem049_2" />
    <link:loc xlink:type="locator" xlink:href="mem.xsd#dnb_mem050" xlink:label="loc_dnb_mem050" />
    <link:label xlink:type="resource" xlink:label="label_dnb_mem050" xml:lang="en" xlink:role="http://www.xbrl.org/2003/role/label">Waarde bestemmingsreserve primo</link:label>
    <link:labelArc xlink:type="arc" xlink:arcrole="http://www.xbrl.org/2003/arcrole/concept-label" xlink:from="loc_dnb_mem050" xlink:to="label_dnb_mem050" />
    <link:label xlink:type="resource" xlink:label="label_dnb_mem050_2" xml:lang="en" xlink:role="http://www.xbrl.org/2003/role/documentation">MEM050</link:label>
    <link:labelArc xlink:type="arc" xlink:arcrole="http://www.xbrl.org/2003/arcrole/concept-label" xlink:from="loc_dnb_mem050" xlink:to="label_dnb_mem050_2" />
    <link:loc xlink:type="locator" xlink:href="mem.xsd#dnb_mem051" xlink:label="loc_dnb_mem051" />
    <link:label xlink:type="resource" xlink:label="label_dnb_mem051" xml:lang="en" xlink:role="http://www.xbrl.org/2003/role/label">Onttrekkingen bestemmingsreserve voor toekenning toeslagverlening</link:label>
    <link:labelArc xlink:type="arc" xlink:arcrole="http://www.xbrl.org/2003/arcrole/concept-label" xlink:from="loc_dnb_mem051" xlink:to="label_dnb_mem051" />
    <link:label xlink:type="resource" xlink:label="label_dnb_mem051_2" xml:lang="en" xlink:role="http://www.xbrl.org/2003/role/documentation">MEM051</link:label>
    <link:labelArc xlink:type="arc" xlink:arcrole="http://www.xbrl.org/2003/arcrole/concept-label" xlink:from="loc_dnb_mem051" xlink:to="label_dnb_mem051_2" />
    <link:loc xlink:type="locator" xlink:href="mem.xsd#dnb_mem052" xlink:label="loc_dnb_mem052" />
    <link:label xlink:type="resource" xlink:label="label_dnb_mem052" xml:lang="en" xlink:role="http://www.xbrl.org/2003/role/label">Dotatie premie of eenmalige storting bestemmingsreserve</link:label>
    <link:labelArc xlink:type="arc" xlink:arcrole="http://www.xbrl.org/2003/arcrole/concept-label" xlink:from="loc_dnb_mem052" xlink:to="label_dnb_mem052" />
    <link:label xlink:type="resource" xlink:label="label_dnb_mem052_2" xml:lang="en" xlink:role="http://www.xbrl.org/2003/role/documentation">MEM052</link:label>
    <link:labelArc xlink:type="arc" xlink:arcrole="http://www.xbrl.org/2003/arcrole/concept-label" xlink:from="loc_dnb_mem052" xlink:to="label_dnb_mem052_2" />
    <link:loc xlink:type="locator" xlink:href="mem.xsd#dnb_mem053" xlink:label="loc_dnb_mem053" />
    <link:label xlink:type="resource" xlink:label="label_dnb_mem053" xml:lang="en" xlink:role="http://www.xbrl.org/2003/role/label">Overige mutaties bestemmingsreserve</link:label>
    <link:labelArc xlink:type="arc" xlink:arcrole="http://www.xbrl.org/2003/arcrole/concept-label" xlink:from="loc_dnb_mem053" xlink:to="label_dnb_mem053" />
    <link:label xlink:type="resource" xlink:label="label_dnb_mem053_2" xml:lang="en" xlink:role="http://www.xbrl.org/2003/role/documentation">MEM053</link:label>
    <link:labelArc xlink:type="arc" xlink:arcrole="http://www.xbrl.org/2003/arcrole/concept-label" xlink:from="loc_dnb_mem053" xlink:to="label_dnb_mem053_2" />
    <link:loc xlink:type="locator" xlink:href="mem.xsd#dnb_mem054" xlink:label="loc_dnb_mem054" />
    <link:label xlink:type="resource" xlink:label="label_dnb_mem054" xml:lang="en" xlink:role="http://www.xbrl.org/2003/role/label">Waarde bestemmingsreserve ultimo</link:label>
    <link:labelArc xlink:type="arc" xlink:arcrole="http://www.xbrl.org/2003/arcrole/concept-label" xlink:from="loc_dnb_mem054" xlink:to="label_dnb_mem054" />
    <link:label xlink:type="resource" xlink:label="label_dnb_mem054_2" xml:lang="en" xlink:role="http://www.xbrl.org/2003/role/documentation">MEM054</link:label>
    <link:labelArc xlink:type="arc" xlink:arcrole="http://www.xbrl.org/2003/arcrole/concept-label" xlink:from="loc_dnb_mem054" xlink:to="label_dnb_mem054_2" />
  </link:labelLink>
</link:linkbase>