<ns0:linkbase xmlns:ns0="http://www.xbrl.org/2003/linkbase" xmlns:ns2="http://www.w3.org/1999/xlink" xmlns:ns3="http://xbrl.org/2005/xbrldt" xmlns:xsi="http://www.w3.org/2001/XMLSchema-instance" xsi:schemaLocation="http://www.xbrl.org/2003/linkbase http://www.xbrl.org/2003/xbrl-linkbase-2003-12-31.xsd">
    <ns0:arcroleRef arcroleURI="http://xbrl.org/int/dim/arcrole/dimension-domain" ns2:href="http://www.xbrl.org/2005/xbrldt-2005.xsd#dimension-domain" ns2:type="simple" />
    <ns0:arcroleRef arcroleURI="http://xbrl.org/int/dim/arcrole/dimension-default" ns2:href="http://www.xbrl.org/2005/xbrldt-2005.xsd#dimension-default" ns2:type="simple" />
    <ns0:arcroleRef arcroleURI="http://xbrl.org/int/dim/arcrole/hypercube-dimension" ns2:href="http://www.xbrl.org/2005/xbrldt-2005.xsd#hypercube-dimension" ns2:type="simple" />
    <ns0:roleRef roleURI="http://ferc.gov/form/2020-01-01/roles/Schedule/F1/ListOfSchedules" ns2:href="form-1-sched-ListOfSchedules_2020-01-01.xsd#roleType_ListOfSchedules" ns2:type="simple" />
    <ns0:arcroleRef arcroleURI="http://xbrl.org/int/dim/arcrole/all" ns2:href="http://www.xbrl.org/2005/xbrldt-2005.xsd#all" ns2:type="simple" />
    <ns0:arcroleRef arcroleURI="http://xbrl.org/int/dim/arcrole/domain-member" ns2:href="http://www.xbrl.org/2005/xbrldt-2005.xsd#domain-member" ns2:type="simple" />
    <ns0:definitionLink ns2:role="http://ferc.gov/form/2020-01-01/roles/Schedule/F1/ListOfSchedules" ns2:type="extended">
        <ns0:loc ns2:href="../../ferc-core_2020-01-01.xsd#ferc_Form1Abstract" ns2:label="ferc_Form1Abstract" ns2:type="locator" />
        <ns0:loc ns2:href="../../ferc-core_2020-01-01.xsd#ferc_ScheduleIdentificationAbstract" ns2:label="ferc_ScheduleIdentificationAbstract" ns2:type="locator" />
        <ns0:definitionArc order="1" ns2:arcrole="http://xbrl.org/int/dim/arcrole/domain-member" ns2:from="ferc_Form1Abstract" ns2:to="ferc_ScheduleIdentificationAbstract" ns2:type="arc" />
        <ns0:loc ns2:href="../../ferc-core_2020-01-01.xsd#ferc_ScheduleListOfSchedulesAbstract" ns2:label="ferc_ScheduleListOfSchedulesAbstract" ns2:type="locator" />
        <ns0:definitionArc order="2" ns2:arcrole="http://xbrl.org/int/dim/arcrole/domain-member" ns2:from="ferc_Form1Abstract" ns2:to="ferc_ScheduleListOfSchedulesAbstract" ns2:type="arc" />
        <ns0:loc ns2:href="../../ferc-core_2020-01-01.xsd#ferc_RemarksLineItems" ns2:label="ferc_RemarksLineItems" ns2:type="locator" />
        <ns0:definitionArc order="1" ns2:arcrole="http://xbrl.org/int/dim/arcrole/domain-member" ns2:from="ferc_ScheduleListOfSchedulesAbstract" ns2:to="ferc_RemarksLineItems" ns2:type="arc" />
        <ns0:loc ns2:href="../../ferc-core_2020-01-01.xsd#ferc_ScheduleRemarksTable" ns2:label="ferc_ScheduleRemarksTable" ns2:type="locator" />
        <ns0:definitionArc order="1" ns2:arcrole="http://xbrl.org/int/dim/arcrole/all" ns2:from="ferc_RemarksLineItems" ns2:to="ferc_ScheduleRemarksTable" ns2:type="arc" ns3:closed="true" ns3:contextElement="segment" />
        <ns0:loc ns2:href="../../ferc-core_2020-01-01.xsd#ferc_ScheduleRemarksAxis" ns2:label="ferc_ScheduleRemarksAxis" ns2:type="locator" />
        <ns0:definitionArc order="1" ns2:arcrole="http://xbrl.org/int/dim/arcrole/hypercube-dimension" ns2:from="ferc_ScheduleRemarksTable" ns2:to="ferc_ScheduleRemarksAxis" ns2:type="arc" />
        <ns0:loc ns2:href="../../ferc-core_2020-01-01.xsd#ferc_Remarks" ns2:label="ferc_Remarks" ns2:type="locator" />
        <ns0:definitionArc order="2" ns2:arcrole="http://xbrl.org/int/dim/arcrole/domain-member" ns2:from="ferc_RemarksLineItems" ns2:to="ferc_Remarks" ns2:type="arc" />
        <ns0:loc ns2:href="../../ferc-core_2020-01-01.xsd#ferc_ScheduleGeneralInformationAbstract" ns2:label="ferc_ScheduleGeneralInformationAbstract" ns2:type="locator" />
        <ns0:definitionArc order="3" ns2:arcrole="http://xbrl.org/int/dim/arcrole/domain-member" ns2:from="ferc_Form1Abstract" ns2:to="ferc_ScheduleGeneralInformationAbstract" ns2:type="arc" />
        <ns0:loc ns2:href="../../ferc-core_2020-01-01.xsd#ferc_ScheduleControlOverRespondentAbstract" ns2:label="ferc_ScheduleControlOverRespondentAbstract" ns2:type="locator" />
        <ns0:definitionArc order="4" ns2:arcrole="http://xbrl.org/int/dim/arcrole/domain-member" ns2:from="ferc_Form1Abstract" ns2:to="ferc_ScheduleControlOverRespondentAbstract" ns2:type="arc" />
        <ns0:loc ns2:href="../../ferc-core_2020-01-01.xsd#ferc_ScheduleCorporationsControlledByRespondentAbstract" ns2:label="ferc_ScheduleCorporationsControlledByRespondentAbstract" ns2:type="locator" />
        <ns0:definitionArc order="5" ns2:arcrole="http://xbrl.org/int/dim/arcrole/domain-member" ns2:from="ferc_Form1Abstract" ns2:to="ferc_ScheduleCorporationsControlledByRespondentAbstract" ns2:type="arc" />
        <ns0:loc ns2:href="../../ferc-core_2020-01-01.xsd#ferc_ScheduleOfficersAbstract" ns2:label="ferc_ScheduleOfficersAbstract" ns2:type="locator" />
        <ns0:definitionArc order="6" ns2:arcrole="http://xbrl.org/int/dim/arcrole/domain-member" ns2:from="ferc_Form1Abstract" ns2:to="ferc_ScheduleOfficersAbstract" ns2:type="arc" />
        <ns0:loc ns2:href="../../ferc-core_2020-01-01.xsd#ferc_ScheduleDirectorsAbstract" ns2:label="ferc_ScheduleDirectorsAbstract" ns2:type="locator" />
        <ns0:definitionArc order="7" ns2:arcrole="http://xbrl.org/int/dim/arcrole/domain-member" ns2:from="ferc_Form1Abstract" ns2:to="ferc_ScheduleDirectorsAbstract" ns2:type="arc" />
        <ns0:loc ns2:href="../../ferc-core_2020-01-01.xsd#ferc_ScheduleInformationOnFormulaRatesAbstract" ns2:label="ferc_ScheduleInformationOnFormulaRatesAbstract" ns2:type="locator" />
        <ns0:definitionArc order="8" ns2:arcrole="http://xbrl.org/int/dim/arcrole/domain-member" ns2:from="ferc_Form1Abstract" ns2:to="ferc_ScheduleInformationOnFormulaRatesAbstract" ns2:type="arc" />
        <ns0:loc ns2:href="../../ferc-core_2020-01-01.xsd#ferc_ScheduleImportantChangesDuringTheQuarterYearAbstract" ns2:label="ferc_ScheduleImportantChangesDuringTheQuarterYearAbstract" ns2:type="locator" />
        <ns0:definitionArc order="9" ns2:arcrole="http://xbrl.org/int/dim/arcrole/domain-member" ns2:from="ferc_Form1Abstract" ns2:to="ferc_ScheduleImportantChangesDuringTheQuarterYearAbstract" ns2:type="arc" />
        <ns0:loc ns2:href="../../ferc-core_2020-01-01.xsd#ferc_ScheduleComparativeBalanceSheetAbstract" ns2:label="ferc_ScheduleComparativeBalanceSheetAbstract" ns2:type="locator" />
        <ns0:definitionArc order="10" ns2:arcrole="http://xbrl.org/int/dim/arcrole/domain-member" ns2:from="ferc_Form1Abstract" ns2:to="ferc_ScheduleComparativeBalanceSheetAbstract" ns2:type="arc" />
        <ns0:loc ns2:href="../../ferc-core_2020-01-01.xsd#ferc_ScheduleStatementOfIncomeAbstract" ns2:label="ferc_ScheduleStatementOfIncomeAbstract" ns2:type="locator" />
        <ns0:definitionArc order="11" ns2:arcrole="http://xbrl.org/int/dim/arcrole/domain-member" ns2:from="ferc_Form1Abstract" ns2:to="ferc_ScheduleStatementOfIncomeAbstract" ns2:type="arc" />
        <ns0:loc ns2:href="../../ferc-core_2020-01-01.xsd#ferc_ScheduleRetainedEarningsAbstract" ns2:label="ferc_ScheduleRetainedEarningsAbstract" ns2:type="locator" />
        <ns0:definitionArc order="12" ns2:arcrole="http://xbrl.org/int/dim/arcrole/domain-member" ns2:from="ferc_Form1Abstract" ns2:to="ferc_ScheduleRetainedEarningsAbstract" ns2:type="arc" />
        <ns0:loc ns2:href="../../ferc-core_2020-01-01.xsd#ferc_ScheduleStatementOfCashFlowsAbstract" ns2:label="ferc_ScheduleStatementOfCashFlowsAbstract" ns2:type="locator" />
        <ns0:definitionArc order="13" ns2:arcrole="http://xbrl.org/int/dim/arcrole/domain-member" ns2:from="ferc_Form1Abstract" ns2:to="ferc_ScheduleStatementOfCashFlowsAbstract" ns2:type="arc" />
        <ns0:loc ns2:href="../../ferc-core_2020-01-01.xsd#ferc_ScheduleNotesToFinancialStatementsAbstract" ns2:label="ferc_ScheduleNotesToFinancialStatementsAbstract" ns2:type="locator" />
        <ns0:definitionArc order="14" ns2:arcrole="http://xbrl.org/int/dim/arcrole/domain-member" ns2:from="ferc_Form1Abstract" ns2:to="ferc_ScheduleNotesToFinancialStatementsAbstract" ns2:type="arc" />
        <ns0:loc ns2:href="../../ferc-core_2020-01-01.xsd#ferc_ScheduleStatementOfAccumulatedOtherComprehensiveIncomeAndHedgingActivitiesAbstract" ns2:label="ferc_ScheduleStatementOfAccumulatedOtherComprehensiveIncomeAndHedgingActivitiesAbstract" ns2:type="locator" />
        <ns0:definitionArc order="15" ns2:arcrole="http://xbrl.org/int/dim/arcrole/domain-member" ns2:from="ferc_Form1Abstract" ns2:to="ferc_ScheduleStatementOfAccumulatedOtherComprehensiveIncomeAndHedgingActivitiesAbstract" ns2:type="arc" />
        <ns0:loc ns2:href="../../ferc-core_2020-01-01.xsd#ferc_ScheduleSummaryOfUtilityPlantAndAccumulatedProvisionsForDepreciationAmortizationAndDepletionAbstract" ns2:label="ferc_ScheduleSummaryOfUtilityPlantAndAccumulatedProvisionsForDepreciationAmortizationAndDepletionAbstract" ns2:type="locator" />
        <ns0:definitionArc order="16" ns2:arcrole="http://xbrl.org/int/dim/arcrole/domain-member" ns2:from="ferc_Form1Abstract" ns2:to="ferc_ScheduleSummaryOfUtilityPlantAndAccumulatedProvisionsForDepreciationAmortizationAndDepletionAbstract" ns2:type="arc" />
        <ns0:loc ns2:href="../../ferc-core_2020-01-01.xsd#ferc_ScheduleNuclearFuelMaterialsAbstract" ns2:label="ferc_ScheduleNuclearFuelMaterialsAbstract" ns2:type="locator" />
        <ns0:definitionArc order="17" ns2:arcrole="http://xbrl.org/int/dim/arcrole/domain-member" ns2:from="ferc_Form1Abstract" ns2:to="ferc_ScheduleNuclearFuelMaterialsAbstract" ns2:type="arc" />
        <ns0:loc ns2:href="../../ferc-core_2020-01-01.xsd#ferc_ScheduleElectricPlantInServiceAbstract" ns2:label="ferc_ScheduleElectricPlantInServiceAbstract" ns2:type="locator" />
        <ns0:definitionArc order="18" ns2:arcrole="http://xbrl.org/int/dim/arcrole/domain-member" ns2:from="ferc_Form1Abstract" ns2:to="ferc_ScheduleElectricPlantInServiceAbstract" ns2:type="arc" />
        <ns0:loc ns2:href="../../ferc-core_2020-01-01.xsd#ferc_ScheduleElectricPropertyLeasedToOthersAbstract" ns2:label="ferc_ScheduleElectricPropertyLeasedToOthersAbstract" ns2:type="locator" />
        <ns0:definitionArc order="19" ns2:arcrole="http://xbrl.org/int/dim/arcrole/domain-member" ns2:from="ferc_Form1Abstract" ns2:to="ferc_ScheduleElectricPropertyLeasedToOthersAbstract" ns2:type="arc" />
        <ns0:loc ns2:href="../../ferc-core_2020-01-01.xsd#ferc_ScheduleElectricPlantHeldForFutureUseAbstract" ns2:label="ferc_ScheduleElectricPlantHeldForFutureUseAbstract" ns2:type="locator" />
        <ns0:definitionArc order="20" ns2:arcrole="http://xbrl.org/int/dim/arcrole/domain-member" ns2:from="ferc_Form1Abstract" ns2:to="ferc_ScheduleElectricPlantHeldForFutureUseAbstract" ns2:type="arc" />
        <ns0:loc ns2:href="../../ferc-core_2020-01-01.xsd#ferc_ScheduleConstructionWorkInProgressElectricAbstract" ns2:label="ferc_ScheduleConstructionWorkInProgressElectricAbstract" ns2:type="locator" />
        <ns0:definitionArc order="21" ns2:arcrole="http://xbrl.org/int/dim/arcrole/domain-member" ns2:from="ferc_Form1Abstract" ns2:to="ferc_ScheduleConstructionWorkInProgressElectricAbstract" ns2:type="arc" />
        <ns0:loc ns2:href="../../ferc-core_2020-01-01.xsd#ferc_ScheduleAccumulatedProvisionForDepreciationOfElectricUtilityPlantAbstract" ns2:label="ferc_ScheduleAccumulatedProvisionForDepreciationOfElectricUtilityPlantAbstract" ns2:type="locator" />
        <ns0:definitionArc order="22" ns2:arcrole="http://xbrl.org/int/dim/arcrole/domain-member" ns2:from="ferc_Form1Abstract" ns2:to="ferc_ScheduleAccumulatedProvisionForDepreciationOfElectricUtilityPlantAbstract" ns2:type="arc" />
        <ns0:loc ns2:href="../../ferc-core_2020-01-01.xsd#ferc_ScheduleInvestmentsInSubsidiaryCompaniesAbstract" ns2:label="ferc_ScheduleInvestmentsInSubsidiaryCompaniesAbstract" ns2:type="locator" />
        <ns0:definitionArc order="23" ns2:arcrole="http://xbrl.org/int/dim/arcrole/domain-member" ns2:from="ferc_Form1Abstract" ns2:to="ferc_ScheduleInvestmentsInSubsidiaryCompaniesAbstract" ns2:type="arc" />
        <ns0:loc ns2:href="../../ferc-core_2020-01-01.xsd#ferc_ScheduleMaterialsAndSuppliesAbstract" ns2:label="ferc_ScheduleMaterialsAndSuppliesAbstract" ns2:type="locator" />
        <ns0:definitionArc order="24" ns2:arcrole="http://xbrl.org/int/dim/arcrole/domain-member" ns2:from="ferc_Form1Abstract" ns2:to="ferc_ScheduleMaterialsAndSuppliesAbstract" ns2:type="arc" />
        <ns0:loc ns2:href="../../ferc-core_2020-01-01.xsd#ferc_ScheduleAllowanceInventoryAbstract" ns2:label="ferc_ScheduleAllowanceInventoryAbstract" ns2:type="locator" />
        <ns0:definitionArc order="25" ns2:arcrole="http://xbrl.org/int/dim/arcrole/domain-member" ns2:from="ferc_Form1Abstract" ns2:to="ferc_ScheduleAllowanceInventoryAbstract" ns2:type="arc" />
        <ns0:loc ns2:href="../../ferc-core_2020-01-01.xsd#ferc_ScheduleExtraordinaryPropertyLossesAbstract" ns2:label="ferc_ScheduleExtraordinaryPropertyLossesAbstract" ns2:type="locator" />
        <ns0:definitionArc order="26" ns2:arcrole="http://xbrl.org/int/dim/arcrole/domain-member" ns2:from="ferc_Form1Abstract" ns2:to="ferc_ScheduleExtraordinaryPropertyLossesAbstract" ns2:type="arc" />
        <ns0:loc ns2:href="../../ferc-core_2020-01-01.xsd#ferc_ScheduleUnrecoveredPlantAndRegulatoryStudyCostsAbstract" ns2:label="ferc_ScheduleUnrecoveredPlantAndRegulatoryStudyCostsAbstract" ns2:type="locator" />
        <ns0:definitionArc order="27" ns2:arcrole="http://xbrl.org/int/dim/arcrole/domain-member" ns2:from="ferc_Form1Abstract" ns2:to="ferc_ScheduleUnrecoveredPlantAndRegulatoryStudyCostsAbstract" ns2:type="arc" />
        <ns0:loc ns2:href="../../ferc-core_2020-01-01.xsd#ferc_ScheduleTransmissionServiceAndGenerationInterconnectionStudyCostsAbstract" ns2:label="ferc_ScheduleTransmissionServiceAndGenerationInterconnectionStudyCostsAbstract" ns2:type="locator" />
        <ns0:definitionArc order="28" ns2:arcrole="http://xbrl.org/int/dim/arcrole/domain-member" ns2:from="ferc_Form1Abstract" ns2:to="ferc_ScheduleTransmissionServiceAndGenerationInterconnectionStudyCostsAbstract" ns2:type="arc" />
        <ns0:loc ns2:href="../../ferc-core_2020-01-01.xsd#ferc_ScheduleOtherRegulatoryAssetsAbstract" ns2:label="ferc_ScheduleOtherRegulatoryAssetsAbstract" ns2:type="locator" />
        <ns0:definitionArc order="29" ns2:arcrole="http://xbrl.org/int/dim/arcrole/domain-member" ns2:from="ferc_Form1Abstract" ns2:to="ferc_ScheduleOtherRegulatoryAssetsAbstract" ns2:type="arc" />
        <ns0:loc ns2:href="../../ferc-core_2020-01-01.xsd#ferc_ScheduleMiscellaneousDeferredDebitsAbstract" ns2:label="ferc_ScheduleMiscellaneousDeferredDebitsAbstract" ns2:type="locator" />
        <ns0:definitionArc order="30" ns2:arcrole="http://xbrl.org/int/dim/arcrole/domain-member" ns2:from="ferc_Form1Abstract" ns2:to="ferc_ScheduleMiscellaneousDeferredDebitsAbstract" ns2:type="arc" />
        <ns0:loc ns2:href="../../ferc-core_2020-01-01.xsd#ferc_ScheduleAccumulatedDeferredIncomeTaxesAbstract" ns2:label="ferc_ScheduleAccumulatedDeferredIncomeTaxesAbstract" ns2:type="locator" />
        <ns0:definitionArc order="31" ns2:arcrole="http://xbrl.org/int/dim/arcrole/domain-member" ns2:from="ferc_Form1Abstract" ns2:to="ferc_ScheduleAccumulatedDeferredIncomeTaxesAbstract" ns2:type="arc" />
        <ns0:loc ns2:href="../../ferc-core_2020-01-01.xsd#ferc_ScheduleCapitalStockAbstract" ns2:label="ferc_ScheduleCapitalStockAbstract" ns2:type="locator" />
        <ns0:definitionArc order="32" ns2:arcrole="http://xbrl.org/int/dim/arcrole/domain-member" ns2:from="ferc_Form1Abstract" ns2:to="ferc_ScheduleCapitalStockAbstract" ns2:type="arc" />
        <ns0:loc ns2:href="../../ferc-core_2020-01-01.xsd#ferc_ScheduleOtherPaidInCapitalAbstract" ns2:label="ferc_ScheduleOtherPaidInCapitalAbstract" ns2:type="locator" />
        <ns0:definitionArc order="33" ns2:arcrole="http://xbrl.org/int/dim/arcrole/domain-member" ns2:from="ferc_Form1Abstract" ns2:to="ferc_ScheduleOtherPaidInCapitalAbstract" ns2:type="arc" />
        <ns0:loc ns2:href="../../ferc-core_2020-01-01.xsd#ferc_ScheduleCapitalStockExpenseAbstract" ns2:label="ferc_ScheduleCapitalStockExpenseAbstract" ns2:type="locator" />
        <ns0:definitionArc order="34" ns2:arcrole="http://xbrl.org/int/dim/arcrole/domain-member" ns2:from="ferc_Form1Abstract" ns2:to="ferc_ScheduleCapitalStockExpenseAbstract" ns2:type="arc" />
        <ns0:loc ns2:href="../../ferc-core_2020-01-01.xsd#ferc_ScheduleLongTermDebtAbstract" ns2:label="ferc_ScheduleLongTermDebtAbstract" ns2:type="locator" />
        <ns0:definitionArc order="35" ns2:arcrole="http://xbrl.org/int/dim/arcrole/domain-member" ns2:from="ferc_Form1Abstract" ns2:to="ferc_ScheduleLongTermDebtAbstract" ns2:type="arc" />
        <ns0:loc ns2:href="../../ferc-core_2020-01-01.xsd#ferc_ScheduleReconciliationOfReportedNetIncomeWithTaxableIncomeForFederalIncomeTaxesAbstract" ns2:label="ferc_ScheduleReconciliationOfReportedNetIncomeWithTaxableIncomeForFederalIncomeTaxesAbstract" ns2:type="locator" />
        <ns0:definitionArc order="36" ns2:arcrole="http://xbrl.org/int/dim/arcrole/domain-member" ns2:from="ferc_Form1Abstract" ns2:to="ferc_ScheduleReconciliationOfReportedNetIncomeWithTaxableIncomeForFederalIncomeTaxesAbstract" ns2:type="arc" />
        <ns0:loc ns2:href="../../ferc-core_2020-01-01.xsd#ferc_ScheduleTaxesAccruedPrepaidAndChargedDuringYearDistributionOfTaxesChargedAbstract" ns2:label="ferc_ScheduleTaxesAccruedPrepaidAndChargedDuringYearDistributionOfTaxesChargedAbstract" ns2:type="locator" />
        <ns0:definitionArc order="37" ns2:arcrole="http://xbrl.org/int/dim/arcrole/domain-member" ns2:from="ferc_Form1Abstract" ns2:to="ferc_ScheduleTaxesAccruedPrepaidAndChargedDuringYearDistributionOfTaxesChargedAbstract" ns2:type="arc" />
        <ns0:loc ns2:href="../../ferc-core_2020-01-01.xsd#ferc_ScheduleAccumulatedDeferredInvestmentTaxCreditsAbstract" ns2:label="ferc_ScheduleAccumulatedDeferredInvestmentTaxCreditsAbstract" ns2:type="locator" />
        <ns0:definitionArc order="38" ns2:arcrole="http://xbrl.org/int/dim/arcrole/domain-member" ns2:from="ferc_Form1Abstract" ns2:to="ferc_ScheduleAccumulatedDeferredInvestmentTaxCreditsAbstract" ns2:type="arc" />
        <ns0:loc ns2:href="../../ferc-core_2020-01-01.xsd#ferc_ScheduleOtherDeferredCreditsAbstract" ns2:label="ferc_ScheduleOtherDeferredCreditsAbstract" ns2:type="locator" />
        <ns0:definitionArc order="39" ns2:arcrole="http://xbrl.org/int/dim/arcrole/domain-member" ns2:from="ferc_Form1Abstract" ns2:to="ferc_ScheduleOtherDeferredCreditsAbstract" ns2:type="arc" />
        <ns0:loc ns2:href="../../ferc-core_2020-01-01.xsd#ferc_ScheduleAccumulatedDeferredIncomeTaxesAcceleratedAmortizationPropertyAbstract" ns2:label="ferc_ScheduleAccumulatedDeferredIncomeTaxesAcceleratedAmortizationPropertyAbstract" ns2:type="locator" />
        <ns0:definitionArc order="40" ns2:arcrole="http://xbrl.org/int/dim/arcrole/domain-member" ns2:from="ferc_Form1Abstract" ns2:to="ferc_ScheduleAccumulatedDeferredIncomeTaxesAcceleratedAmortizationPropertyAbstract" ns2:type="arc" />
        <ns0:loc ns2:href="../../ferc-core_2020-01-01.xsd#ferc_ScheduleAccumulatedDeferredIncomeTaxesOtherPropertyAbstract" ns2:label="ferc_ScheduleAccumulatedDeferredIncomeTaxesOtherPropertyAbstract" ns2:type="locator" />
        <ns0:definitionArc order="41" ns2:arcrole="http://xbrl.org/int/dim/arcrole/domain-member" ns2:from="ferc_Form1Abstract" ns2:to="ferc_ScheduleAccumulatedDeferredIncomeTaxesOtherPropertyAbstract" ns2:type="arc" />
        <ns0:loc ns2:href="../../ferc-core_2020-01-01.xsd#ferc_ScheduleAccumulatedDeferredIncomeTaxesOtherAbstract" ns2:label="ferc_ScheduleAccumulatedDeferredIncomeTaxesOtherAbstract" ns2:type="locator" />
        <ns0:definitionArc order="42" ns2:arcrole="http://xbrl.org/int/dim/arcrole/domain-member" ns2:from="ferc_Form1Abstract" ns2:to="ferc_ScheduleAccumulatedDeferredIncomeTaxesOtherAbstract" ns2:type="arc" />
        <ns0:loc ns2:href="../../ferc-core_2020-01-01.xsd#ferc_ScheduleOtherRegulatoryLiabilitiesAbstract" ns2:label="ferc_ScheduleOtherRegulatoryLiabilitiesAbstract" ns2:type="locator" />
        <ns0:definitionArc order="43" ns2:arcrole="http://xbrl.org/int/dim/arcrole/domain-member" ns2:from="ferc_Form1Abstract" ns2:to="ferc_ScheduleOtherRegulatoryLiabilitiesAbstract" ns2:type="arc" />
        <ns0:loc ns2:href="../../ferc-core_2020-01-01.xsd#ferc_ScheduleElectricOperatingRevenuesAbstract" ns2:label="ferc_ScheduleElectricOperatingRevenuesAbstract" ns2:type="locator" />
        <ns0:definitionArc order="44" ns2:arcrole="http://xbrl.org/int/dim/arcrole/domain-member" ns2:from="ferc_Form1Abstract" ns2:to="ferc_ScheduleElectricOperatingRevenuesAbstract" ns2:type="arc" />
        <ns0:loc ns2:href="../../ferc-core_2020-01-01.xsd#ferc_ScheduleRegionalTransmissionServiceRevenuesAbstract" ns2:label="ferc_ScheduleRegionalTransmissionServiceRevenuesAbstract" ns2:type="locator" />
        <ns0:definitionArc order="45" ns2:arcrole="http://xbrl.org/int/dim/arcrole/domain-member" ns2:from="ferc_Form1Abstract" ns2:to="ferc_ScheduleRegionalTransmissionServiceRevenuesAbstract" ns2:type="arc" />
        <ns0:loc ns2:href="../../ferc-core_2020-01-01.xsd#ferc_ScheduleSalesOfElectricityByRateSchedulesAbstract" ns2:label="ferc_ScheduleSalesOfElectricityByRateSchedulesAbstract" ns2:type="locator" />
        <ns0:definitionArc order="46" ns2:arcrole="http://xbrl.org/int/dim/arcrole/domain-member" ns2:from="ferc_Form1Abstract" ns2:to="ferc_ScheduleSalesOfElectricityByRateSchedulesAbstract" ns2:type="arc" />
        <ns0:loc ns2:href="../../ferc-core_2020-01-01.xsd#ferc_ScheduleSalesForResaleAbstract" ns2:label="ferc_ScheduleSalesForResaleAbstract" ns2:type="locator" />
        <ns0:definitionArc order="47" ns2:arcrole="http://xbrl.org/int/dim/arcrole/domain-member" ns2:from="ferc_Form1Abstract" ns2:to="ferc_ScheduleSalesForResaleAbstract" ns2:type="arc" />
        <ns0:loc ns2:href="../../ferc-core_2020-01-01.xsd#ferc_ScheduleElectricOperationsAndMaintenanceExpensesAbstract" ns2:label="ferc_ScheduleElectricOperationsAndMaintenanceExpensesAbstract" ns2:type="locator" />
        <ns0:definitionArc order="48" ns2:arcrole="http://xbrl.org/int/dim/arcrole/domain-member" ns2:from="ferc_Form1Abstract" ns2:to="ferc_ScheduleElectricOperationsAndMaintenanceExpensesAbstract" ns2:type="arc" />
        <ns0:loc ns2:href="../../ferc-core_2020-01-01.xsd#ferc_SchedulePurchasedPowerAbstract" ns2:label="ferc_SchedulePurchasedPowerAbstract" ns2:type="locator" />
        <ns0:definitionArc order="49" ns2:arcrole="http://xbrl.org/int/dim/arcrole/domain-member" ns2:from="ferc_Form1Abstract" ns2:to="ferc_SchedulePurchasedPowerAbstract" ns2:type="arc" />
        <ns0:loc ns2:href="../../ferc-core_2020-01-01.xsd#ferc_ScheduleTransmissionOfElectricityForOthersAbstract" ns2:label="ferc_ScheduleTransmissionOfElectricityForOthersAbstract" ns2:type="locator" />
        <ns0:definitionArc order="50" ns2:arcrole="http://xbrl.org/int/dim/arcrole/domain-member" ns2:from="ferc_Form1Abstract" ns2:to="ferc_ScheduleTransmissionOfElectricityForOthersAbstract" ns2:type="arc" />
        <ns0:loc ns2:href="../../ferc-core_2020-01-01.xsd#ferc_ScheduleTransmissionOfElectricityByIsoOrRtoAbstract" ns2:label="ferc_ScheduleTransmissionOfElectricityByIsoOrRtoAbstract" ns2:type="locator" />
        <ns0:definitionArc order="51" ns2:arcrole="http://xbrl.org/int/dim/arcrole/domain-member" ns2:from="ferc_Form1Abstract" ns2:to="ferc_ScheduleTransmissionOfElectricityByIsoOrRtoAbstract" ns2:type="arc" />
        <ns0:loc ns2:href="../../ferc-core_2020-01-01.xsd#ferc_ScheduleTransmissionOfElectricityByOthersAbstract" ns2:label="ferc_ScheduleTransmissionOfElectricityByOthersAbstract" ns2:type="locator" />
        <ns0:definitionArc order="52" ns2:arcrole="http://xbrl.org/int/dim/arcrole/domain-member" ns2:from="ferc_Form1Abstract" ns2:to="ferc_ScheduleTransmissionOfElectricityByOthersAbstract" ns2:type="arc" />
        <ns0:loc ns2:href="../../ferc-core_2020-01-01.xsd#ferc_ScheduleMiscellaneousGeneralExpensesAbstract" ns2:label="ferc_ScheduleMiscellaneousGeneralExpensesAbstract" ns2:type="locator" />
        <ns0:definitionArc order="53" ns2:arcrole="http://xbrl.org/int/dim/arcrole/domain-member" ns2:from="ferc_Form1Abstract" ns2:to="ferc_ScheduleMiscellaneousGeneralExpensesAbstract" ns2:type="arc" />
        <ns0:loc ns2:href="../../ferc-core_2020-01-01.xsd#ferc_ScheduleDepreciationDepletionAndAmortizationAbstract" ns2:label="ferc_ScheduleDepreciationDepletionAndAmortizationAbstract" ns2:type="locator" />
        <ns0:definitionArc order="54" ns2:arcrole="http://xbrl.org/int/dim/arcrole/domain-member" ns2:from="ferc_Form1Abstract" ns2:to="ferc_ScheduleDepreciationDepletionAndAmortizationAbstract" ns2:type="arc" />
        <ns0:loc ns2:href="../../ferc-core_2020-01-01.xsd#ferc_ScheduleRegulatoryCommissionExpensesAbstract" ns2:label="ferc_ScheduleRegulatoryCommissionExpensesAbstract" ns2:type="locator" />
        <ns0:definitionArc order="55" ns2:arcrole="http://xbrl.org/int/dim/arcrole/domain-member" ns2:from="ferc_Form1Abstract" ns2:to="ferc_ScheduleRegulatoryCommissionExpensesAbstract" ns2:type="arc" />
        <ns0:loc ns2:href="../../ferc-core_2020-01-01.xsd#ferc_ScheduleResearchDevelopmentOrDemonstrationExpendituresAbstract" ns2:label="ferc_ScheduleResearchDevelopmentOrDemonstrationExpendituresAbstract" ns2:type="locator" />
        <ns0:definitionArc order="56" ns2:arcrole="http://xbrl.org/int/dim/arcrole/domain-member" ns2:from="ferc_Form1Abstract" ns2:to="ferc_ScheduleResearchDevelopmentOrDemonstrationExpendituresAbstract" ns2:type="arc" />
        <ns0:loc ns2:href="../../ferc-core_2020-01-01.xsd#ferc_ScheduleDistributionOfSalariesAndWagesAbstract" ns2:label="ferc_ScheduleDistributionOfSalariesAndWagesAbstract" ns2:type="locator" />
        <ns0:definitionArc order="57" ns2:arcrole="http://xbrl.org/int/dim/arcrole/domain-member" ns2:from="ferc_Form1Abstract" ns2:to="ferc_ScheduleDistributionOfSalariesAndWagesAbstract" ns2:type="arc" />
        <ns0:loc ns2:href="../../ferc-core_2020-01-01.xsd#ferc_ScheduleCommonUtilityPlantAndExpensesAbstract" ns2:label="ferc_ScheduleCommonUtilityPlantAndExpensesAbstract" ns2:type="locator" />
        <ns0:definitionArc order="58" ns2:arcrole="http://xbrl.org/int/dim/arcrole/domain-member" ns2:from="ferc_Form1Abstract" ns2:to="ferc_ScheduleCommonUtilityPlantAndExpensesAbstract" ns2:type="arc" />
        <ns0:loc ns2:href="../../ferc-core_2020-01-01.xsd#ferc_ScheduleAmountsIncludedInIsoOrRtoSettlementAbstract" ns2:label="ferc_ScheduleAmountsIncludedInIsoOrRtoSettlementAbstract" ns2:type="locator" />
        <ns0:definitionArc order="59" ns2:arcrole="http://xbrl.org/int/dim/arcrole/domain-member" ns2:from="ferc_Form1Abstract" ns2:to="ferc_ScheduleAmountsIncludedInIsoOrRtoSettlementAbstract" ns2:type="arc" />
        <ns0:loc ns2:href="../../ferc-core_2020-01-01.xsd#ferc_SchedulePurchasesSalesOfAncillaryServicesAbstract" ns2:label="ferc_SchedulePurchasesSalesOfAncillaryServicesAbstract" ns2:type="locator" />
        <ns0:definitionArc order="60" ns2:arcrole="http://xbrl.org/int/dim/arcrole/domain-member" ns2:from="ferc_Form1Abstract" ns2:to="ferc_SchedulePurchasesSalesOfAncillaryServicesAbstract" ns2:type="arc" />
        <ns0:loc ns2:href="../../ferc-core_2020-01-01.xsd#ferc_ScheduleMonthlyTransmissionSystemPeakLoadAbstract" ns2:label="ferc_ScheduleMonthlyTransmissionSystemPeakLoadAbstract" ns2:type="locator" />
        <ns0:definitionArc order="61" ns2:arcrole="http://xbrl.org/int/dim/arcrole/domain-member" ns2:from="ferc_Form1Abstract" ns2:to="ferc_ScheduleMonthlyTransmissionSystemPeakLoadAbstract" ns2:type="arc" />
        <ns0:loc ns2:href="../../ferc-core_2020-01-01.xsd#ferc_ScheduleMonthlyIsoOrRtoTransmissionSystemPeakLoadAbstract" ns2:label="ferc_ScheduleMonthlyIsoOrRtoTransmissionSystemPeakLoadAbstract" ns2:type="locator" />
        <ns0:definitionArc order="62" ns2:arcrole="http://xbrl.org/int/dim/arcrole/domain-member" ns2:from="ferc_Form1Abstract" ns2:to="ferc_ScheduleMonthlyIsoOrRtoTransmissionSystemPeakLoadAbstract" ns2:type="arc" />
        <ns0:loc ns2:href="../../ferc-core_2020-01-01.xsd#ferc_ScheduleElectricEnergyAccountAbstract" ns2:label="ferc_ScheduleElectricEnergyAccountAbstract" ns2:type="locator" />
        <ns0:definitionArc order="63" ns2:arcrole="http://xbrl.org/int/dim/arcrole/domain-member" ns2:from="ferc_Form1Abstract" ns2:to="ferc_ScheduleElectricEnergyAccountAbstract" ns2:type="arc" />
        <ns0:loc ns2:href="../../ferc-core_2020-01-01.xsd#ferc_ScheduleMonthlyPeakAndOutputAbstract" ns2:label="ferc_ScheduleMonthlyPeakAndOutputAbstract" ns2:type="locator" />
        <ns0:definitionArc order="64" ns2:arcrole="http://xbrl.org/int/dim/arcrole/domain-member" ns2:from="ferc_Form1Abstract" ns2:to="ferc_ScheduleMonthlyPeakAndOutputAbstract" ns2:type="arc" />
        <ns0:loc ns2:href="../../ferc-core_2020-01-01.xsd#ferc_ScheduleSteamElectricGeneratingPlantStatisticsAbstract" ns2:label="ferc_ScheduleSteamElectricGeneratingPlantStatisticsAbstract" ns2:type="locator" />
        <ns0:definitionArc order="65" ns2:arcrole="http://xbrl.org/int/dim/arcrole/domain-member" ns2:from="ferc_Form1Abstract" ns2:to="ferc_ScheduleSteamElectricGeneratingPlantStatisticsAbstract" ns2:type="arc" />
        <ns0:loc ns2:href="../../ferc-core_2020-01-01.xsd#ferc_ScheduleHydroelectricGeneratingPlantStatisticsAbstract" ns2:label="ferc_ScheduleHydroelectricGeneratingPlantStatisticsAbstract" ns2:type="locator" />
        <ns0:definitionArc order="66" ns2:arcrole="http://xbrl.org/int/dim/arcrole/domain-member" ns2:from="ferc_Form1Abstract" ns2:to="ferc_ScheduleHydroelectricGeneratingPlantStatisticsAbstract" ns2:type="arc" />
        <ns0:loc ns2:href="../../ferc-core_2020-01-01.xsd#ferc_SchedulePumpedStorageGeneratingPlantStatisticsAbstract" ns2:label="ferc_SchedulePumpedStorageGeneratingPlantStatisticsAbstract" ns2:type="locator" />
        <ns0:definitionArc order="67" ns2:arcrole="http://xbrl.org/int/dim/arcrole/domain-member" ns2:from="ferc_Form1Abstract" ns2:to="ferc_SchedulePumpedStorageGeneratingPlantStatisticsAbstract" ns2:type="arc" />
        <ns0:loc ns2:href="../../ferc-core_2020-01-01.xsd#ferc_ScheduleGeneratingPlantStatisticsAbstract" ns2:label="ferc_ScheduleGeneratingPlantStatisticsAbstract" ns2:type="locator" />
        <ns0:definitionArc order="68" ns2:arcrole="http://xbrl.org/int/dim/arcrole/domain-member" ns2:from="ferc_Form1Abstract" ns2:to="ferc_ScheduleGeneratingPlantStatisticsAbstract" ns2:type="arc" />
        <ns0:loc ns2:href="../../ferc-core_2020-01-01.xsd#ferc_ScheduleEnergyStorageOperationsLargePlantsAbstract" ns2:label="ferc_ScheduleEnergyStorageOperationsLargePlantsAbstract" ns2:type="locator" />
        <ns0:definitionArc order="69" ns2:arcrole="http://xbrl.org/int/dim/arcrole/domain-member" ns2:from="ferc_Form1Abstract" ns2:to="ferc_ScheduleEnergyStorageOperationsLargePlantsAbstract" ns2:type="arc" />
        <ns0:loc ns2:href="../../ferc-core_2020-01-01.xsd#ferc_ScheduleTransmissionLineStatisticsAbstract" ns2:label="ferc_ScheduleTransmissionLineStatisticsAbstract" ns2:type="locator" />
        <ns0:definitionArc order="70" ns2:arcrole="http://xbrl.org/int/dim/arcrole/domain-member" ns2:from="ferc_Form1Abstract" ns2:to="ferc_ScheduleTransmissionLineStatisticsAbstract" ns2:type="arc" />
        <ns0:loc ns2:href="../../ferc-core_2020-01-01.xsd#ferc_ScheduleTransmissionLinesAddedAbstract" ns2:label="ferc_ScheduleTransmissionLinesAddedAbstract" ns2:type="locator" />
        <ns0:definitionArc order="71" ns2:arcrole="http://xbrl.org/int/dim/arcrole/domain-member" ns2:from="ferc_Form1Abstract" ns2:to="ferc_ScheduleTransmissionLinesAddedAbstract" ns2:type="arc" />
        <ns0:loc ns2:href="../../ferc-core_2020-01-01.xsd#ferc_ScheduleSubstationsAbstract" ns2:label="ferc_ScheduleSubstationsAbstract" ns2:type="locator" />
        <ns0:definitionArc order="72" ns2:arcrole="http://xbrl.org/int/dim/arcrole/domain-member" ns2:from="ferc_Form1Abstract" ns2:to="ferc_ScheduleSubstationsAbstract" ns2:type="arc" />
        <ns0:loc ns2:href="../../ferc-core_2020-01-01.xsd#ferc_ScheduleTransactionsWithAssociatedAffiliatedCompaniesAbstract" ns2:label="ferc_ScheduleTransactionsWithAssociatedAffiliatedCompaniesAbstract" ns2:type="locator" />
        <ns0:definitionArc order="73" ns2:arcrole="http://xbrl.org/int/dim/arcrole/domain-member" ns2:from="ferc_Form1Abstract" ns2:to="ferc_ScheduleTransactionsWithAssociatedAffiliatedCompaniesAbstract" ns2:type="arc" />
        <ns0:loc ns2:href="../../ferc-core_2020-01-01.xsd#ferc_FootnoteDataAbstract" ns2:label="ferc_FootnoteDataAbstract" ns2:type="locator" />
        <ns0:definitionArc order="74" ns2:arcrole="http://xbrl.org/int/dim/arcrole/domain-member" ns2:from="ferc_Form1Abstract" ns2:to="ferc_FootnoteDataAbstract" ns2:type="arc" />
        <ns0:loc ns2:href="../../ferc-core_2020-01-01.xsd#ferc_StockholdersReportsAbstract" ns2:label="ferc_StockholdersReportsAbstract" ns2:type="locator" />
        <ns0:definitionArc order="75" ns2:arcrole="http://xbrl.org/int/dim/arcrole/domain-member" ns2:from="ferc_Form1Abstract" ns2:to="ferc_StockholdersReportsAbstract" ns2:type="arc" />
    </ns0:definitionLink>
    <ns0:definitionLink ns2:role="http://ferc.gov/form/2020-01-01/roles/Schedule/F1/ListOfSchedules" ns2:type="extended" />
</ns0:linkbase>