﻿<?xml version="1.0" encoding="utf-8"?>
<!--© DNB-->
<link:linkbase xmlns:xsi="http://www.w3.org/2001/XMLSchema-instance" xmlns:xlink="http://www.w3.org/1999/xlink" xmlns:link="http://www.xbrl.org/2003/linkbase" xmlns:xbrldt="http://xbrl.org/2005/xbrldt" xsi:schemaLocation="http://www.xbrl.org/2003/linkbase http://www.xbrl.org/2003/xbrl-linkbase-2003-12-31.xsd http://xbrl.org/2005/xbrldt http://www.xbrl.org/2005/xbrldt-2005.xsd">
  <link:arcroleRef arcroleURI="http://xbrl.org/int/dim/arcrole/all" xlink:type="simple" xlink:href="http://www.xbrl.org/2005/xbrldt-2005.xsd#all" />
  <link:arcroleRef arcroleURI="http://xbrl.org/int/dim/arcrole/dimension-domain" xlink:type="simple" xlink:href="http://www.xbrl.org/2005/xbrldt-2005.xsd#dimension-domain" />
  <link:arcroleRef arcroleURI="http://xbrl.org/int/dim/arcrole/domain-member" xlink:type="simple" xlink:href="http://www.xbrl.org/2005/xbrldt-2005.xsd#domain-member" />
  <link:arcroleRef arcroleURI="http://xbrl.org/int/dim/arcrole/hypercube-dimension" xlink:type="simple" xlink:href="http://www.xbrl.org/2005/xbrldt-2005.xsd#hypercube-dimension" />
  <link:roleRef roleURI="http://www.dnb.nl/xbrl/role/fws/DNB-NR/ppi-2019-06/2019-12-31/tab/T24A/1" xlink:type="simple" xlink:href="t24a.xsd#role1" />
  <link:roleRef roleURI="http://www.dnb.nl/xbrl/role/fws/DNB-NR/ppi-2019-06/2019-12-31/tab/T24A/2" xlink:type="simple" xlink:href="t24a.xsd#role2" />
  <link:roleRef roleURI="http://www.dnb.nl/xbrl/role/fws/DNB-NR/ppi-2019-06/2019-12-31/tab/T24A/3" xlink:type="simple" xlink:href="t24a.xsd#role3" />
  <link:roleRef roleURI="http://www.dnb.nl/xbrl/role/fws/DNB-NR/ppi-2019-06/2019-12-31/tab/T24A/4" xlink:type="simple" xlink:href="t24a.xsd#role4" />
  <link:definitionLink xlink:type="extended" xlink:role="http://www.dnb.nl/xbrl/role/fws/DNB-NR/ppi-2019-06/2019-12-31/tab/T24A/1">
    <link:loc xlink:type="locator" xlink:href="../../../../../../dict/met/met.xsd#dnb_ei_ppi_121" xlink:label="loc_dnb_ei_ppi_121" />
    <link:loc xlink:type="locator" xlink:href="../../../../../../dict/met/met.xsd#dnb_ei_ppi_112" xlink:label="loc_dnb_ei_ppi_112" />
    <link:definitionArc xlink:type="arc" xlink:arcrole="http://xbrl.org/int/dim/arcrole/domain-member" xlink:from="loc_dnb_ei_ppi_121" xlink:to="loc_dnb_ei_ppi_112" order="1" />
    <link:loc xlink:type="locator" xlink:href="../../../../../../dict/met/met.xsd#dnb_si_ppi_099" xlink:label="loc_dnb_si_ppi_099" />
    <link:definitionArc xlink:type="arc" xlink:arcrole="http://xbrl.org/int/dim/arcrole/domain-member" xlink:from="loc_dnb_ei_ppi_121" xlink:to="loc_dnb_si_ppi_099" order="2" />
    <link:loc xlink:type="locator" xlink:href="../../../../../../dict/met/met.xsd#dnb_ri_ppi_094" xlink:label="loc_dnb_ri_ppi_094" />
    <link:definitionArc xlink:type="arc" xlink:arcrole="http://xbrl.org/int/dim/arcrole/domain-member" xlink:from="loc_dnb_ei_ppi_121" xlink:to="loc_dnb_ri_ppi_094" order="3" />
    <link:loc xlink:type="locator" xlink:href="../../../../../../dict/met/met.xsd#dnb_ei_ppi_131" xlink:label="loc_dnb_ei_ppi_131" />
    <link:definitionArc xlink:type="arc" xlink:arcrole="http://xbrl.org/int/dim/arcrole/domain-member" xlink:from="loc_dnb_ei_ppi_121" xlink:to="loc_dnb_ei_ppi_131" order="4" />
    <link:loc xlink:type="locator" xlink:href="../../../../../../dict/met/met.xsd#dnb_ei_ppi_096" xlink:label="loc_dnb_ei_ppi_096" />
    <link:definitionArc xlink:type="arc" xlink:arcrole="http://xbrl.org/int/dim/arcrole/domain-member" xlink:from="loc_dnb_ei_ppi_121" xlink:to="loc_dnb_ei_ppi_096" order="5" />
    <link:loc xlink:type="locator" xlink:href="http://www.eurofiling.info/eu/fr/xbrl/ext/model.xsd#hyp" xlink:label="loc_hyp" />
    <link:definitionArc xlink:type="arc" xlink:arcrole="http://xbrl.org/int/dim/arcrole/all" xlink:from="loc_dnb_ei_ppi_121" xlink:to="loc_hyp" xbrldt:closed="true" xbrldt:contextElement="scenario" order="6" />
    <link:loc xlink:type="locator" xlink:href="../../../../../../dict/dim/dim.xsd#dnb_ppi_dim041" xlink:label="loc_dnb_ppi_dim041" />
    <link:definitionArc xlink:type="arc" xlink:arcrole="http://xbrl.org/int/dim/arcrole/hypercube-dimension" xlink:from="loc_hyp" xlink:to="loc_dnb_ppi_dim041" order="1" />
    <link:loc xlink:type="locator" xlink:href="../../../../../../dict/dim/dim.xsd#dnb_ppi_dim038" xlink:label="loc_dnb_ppi_dim038" />
    <link:definitionArc xlink:type="arc" xlink:arcrole="http://xbrl.org/int/dim/arcrole/hypercube-dimension" xlink:from="loc_hyp" xlink:to="loc_dnb_ppi_dim038" order="2" />
    <link:loc xlink:type="locator" xlink:href="../../../../../../dict/dim/dim.xsd#dnb_ppi_dim001" xlink:label="loc_dnb_ppi_dim001" />
    <link:definitionArc xlink:type="arc" xlink:arcrole="http://xbrl.org/int/dim/arcrole/hypercube-dimension" xlink:from="loc_hyp" xlink:to="loc_dnb_ppi_dim001" order="3" />
    <link:loc xlink:type="locator" xlink:href="../../../../../../dict/dom/exp.xsd#dnb_ppi_dom001" xlink:label="loc_dnb_ppi_dom001" />
    <link:definitionArc xlink:type="arc" xlink:arcrole="http://xbrl.org/int/dim/arcrole/dimension-domain" xlink:from="loc_dnb_ppi_dim001" xlink:to="loc_dnb_ppi_dom001" xbrldt:usable="false" order="1" />
    <link:loc xlink:type="locator" xlink:href="../../../../../../dict/dom/ppi_dom001/mem.xsd#dnb_mem015" xlink:label="loc_dnb_mem015" />
    <link:definitionArc xlink:type="arc" xlink:arcrole="http://xbrl.org/int/dim/arcrole/domain-member" xlink:from="loc_dnb_ppi_dom001" xlink:to="loc_dnb_mem015" order="1" />
    <link:loc xlink:type="locator" xlink:href="../../../../../../dict/dim/dim.xsd#dnb_ppi_dim036" xlink:label="loc_dnb_ppi_dim036" />
    <link:definitionArc xlink:type="arc" xlink:arcrole="http://xbrl.org/int/dim/arcrole/hypercube-dimension" xlink:from="loc_hyp" xlink:to="loc_dnb_ppi_dim036" xbrldt:targetRole="http://www.dnb.nl/xbrl/role/fws/DNB-NR/ppi-2019-06/2019-12-31/tab/T24A/2" order="4" />
    <link:loc xlink:type="locator" xlink:href="../../../../../../dict/dim/dim.xsd#dnb_ppi_dim044" xlink:label="loc_dnb_ppi_dim044" />
    <link:definitionArc xlink:type="arc" xlink:arcrole="http://xbrl.org/int/dim/arcrole/hypercube-dimension" xlink:from="loc_hyp" xlink:to="loc_dnb_ppi_dim044" order="5" />
    <link:loc xlink:type="locator" xlink:href="../../../../../../dict/dom/exp.xsd#dnb_ppi_dom029" xlink:label="loc_dnb_ppi_dom029" />
    <link:definitionArc xlink:type="arc" xlink:arcrole="http://xbrl.org/int/dim/arcrole/dimension-domain" xlink:from="loc_dnb_ppi_dim044" xlink:to="loc_dnb_ppi_dom029" xbrldt:usable="false" order="1" />
    <link:loc xlink:type="locator" xlink:href="../../../../../../dict/dom/ppi_dom029/mem.xsd#dnb_mem000" xlink:label="loc_dnb_mem000" />
    <link:definitionArc xlink:type="arc" xlink:arcrole="http://xbrl.org/int/dim/arcrole/domain-member" xlink:from="loc_dnb_ppi_dom029" xlink:to="loc_dnb_mem000" order="1" />
  </link:definitionLink>
  <link:definitionLink xlink:type="extended" xlink:role="http://www.dnb.nl/xbrl/role/fws/DNB-NR/ppi-2019-06/2019-12-31/tab/T24A/2">
    <link:loc xlink:type="locator" xlink:href="../../../../../../dict/dim/dim.xsd#dnb_ppi_dim036" xlink:label="loc_dnb_ppi_dim036" />
    <link:loc xlink:type="locator" xlink:href="../../../../../../dict/dom/exp.xsd#dnb_ppi_dom001" xlink:label="loc_dnb_ppi_dom001" />
    <link:definitionArc xlink:type="arc" xlink:arcrole="http://xbrl.org/int/dim/arcrole/dimension-domain" xlink:from="loc_dnb_ppi_dim036" xlink:to="loc_dnb_ppi_dom001" xbrldt:usable="false" order="1" />
    <link:loc xlink:type="locator" xlink:href="../../../../../../dict/dom/ppi_dom001/mem.xsd#dnb_mem013" xlink:label="loc_dnb_mem013" />
    <link:definitionArc xlink:type="arc" xlink:arcrole="http://xbrl.org/int/dim/arcrole/domain-member" xlink:from="loc_dnb_ppi_dom001" xlink:to="loc_dnb_mem013" order="1" />
  </link:definitionLink>
  <link:definitionLink xlink:type="extended" xlink:role="http://www.dnb.nl/xbrl/role/fws/DNB-NR/ppi-2019-06/2019-12-31/tab/T24A/3">
    <link:loc xlink:type="locator" xlink:href="../../../../../../dict/met/met.xsd#dnb_mi_ppi_005" xlink:label="loc_dnb_mi_ppi_005" />
    <link:loc xlink:type="locator" xlink:href="http://www.eurofiling.info/eu/fr/xbrl/ext/model.xsd#hyp" xlink:label="loc_hyp" />
    <link:definitionArc xlink:type="arc" xlink:arcrole="http://xbrl.org/int/dim/arcrole/all" xlink:from="loc_dnb_mi_ppi_005" xlink:to="loc_hyp" xbrldt:closed="true" xbrldt:contextElement="scenario" order="1" />
    <link:loc xlink:type="locator" xlink:href="../../../../../../dict/dim/dim.xsd#dnb_ppi_dim041" xlink:label="loc_dnb_ppi_dim041" />
    <link:definitionArc xlink:type="arc" xlink:arcrole="http://xbrl.org/int/dim/arcrole/hypercube-dimension" xlink:from="loc_hyp" xlink:to="loc_dnb_ppi_dim041" order="1" />
    <link:loc xlink:type="locator" xlink:href="../../../../../../dict/dim/dim.xsd#dnb_ppi_dim038" xlink:label="loc_dnb_ppi_dim038" />
    <link:definitionArc xlink:type="arc" xlink:arcrole="http://xbrl.org/int/dim/arcrole/hypercube-dimension" xlink:from="loc_hyp" xlink:to="loc_dnb_ppi_dim038" order="2" />
    <link:loc xlink:type="locator" xlink:href="../../../../../../dict/dim/dim.xsd#dnb_ppi_dim001" xlink:label="loc_dnb_ppi_dim001" />
    <link:definitionArc xlink:type="arc" xlink:arcrole="http://xbrl.org/int/dim/arcrole/hypercube-dimension" xlink:from="loc_hyp" xlink:to="loc_dnb_ppi_dim001" order="3" />
    <link:loc xlink:type="locator" xlink:href="../../../../../../dict/dom/exp.xsd#dnb_ppi_dom001" xlink:label="loc_dnb_ppi_dom001" />
    <link:definitionArc xlink:type="arc" xlink:arcrole="http://xbrl.org/int/dim/arcrole/dimension-domain" xlink:from="loc_dnb_ppi_dim001" xlink:to="loc_dnb_ppi_dom001" xbrldt:usable="false" order="1" />
    <link:loc xlink:type="locator" xlink:href="../../../../../../dict/dom/ppi_dom001/mem.xsd#dnb_mem015" xlink:label="loc_dnb_mem015" />
    <link:definitionArc xlink:type="arc" xlink:arcrole="http://xbrl.org/int/dim/arcrole/domain-member" xlink:from="loc_dnb_ppi_dom001" xlink:to="loc_dnb_mem015" order="1" />
    <link:loc xlink:type="locator" xlink:href="../../../../../../dict/dim/dim.xsd#dnb_ppi_dim036" xlink:label="loc_dnb_ppi_dim036" />
    <link:definitionArc xlink:type="arc" xlink:arcrole="http://xbrl.org/int/dim/arcrole/hypercube-dimension" xlink:from="loc_hyp" xlink:to="loc_dnb_ppi_dim036" xbrldt:targetRole="http://www.dnb.nl/xbrl/role/fws/DNB-NR/ppi-2019-06/2019-12-31/tab/T24A/4" order="4" />
    <link:loc xlink:type="locator" xlink:href="../../../../../../dict/dim/dim.xsd#dnb_ppi_dim044" xlink:label="loc_dnb_ppi_dim044" />
    <link:definitionArc xlink:type="arc" xlink:arcrole="http://xbrl.org/int/dim/arcrole/hypercube-dimension" xlink:from="loc_hyp" xlink:to="loc_dnb_ppi_dim044" order="5" />
    <link:loc xlink:type="locator" xlink:href="../../../../../../dict/dom/exp.xsd#dnb_ppi_dom029" xlink:label="loc_dnb_ppi_dom029" />
    <link:definitionArc xlink:type="arc" xlink:arcrole="http://xbrl.org/int/dim/arcrole/dimension-domain" xlink:from="loc_dnb_ppi_dim044" xlink:to="loc_dnb_ppi_dom029" xbrldt:usable="false" order="1" />
    <link:loc xlink:type="locator" xlink:href="../../../../../../dict/dom/ppi_dom029/mem.xsd#dnb_mem007" xlink:label="loc_dnb_mem007" />
    <link:definitionArc xlink:type="arc" xlink:arcrole="http://xbrl.org/int/dim/arcrole/domain-member" xlink:from="loc_dnb_ppi_dom029" xlink:to="loc_dnb_mem007" order="1" />
    <link:loc xlink:type="locator" xlink:href="../../../../../../dict/dom/ppi_dom029/mem.xsd#dnb_mem002" xlink:label="loc_dnb_mem002" />
    <link:definitionArc xlink:type="arc" xlink:arcrole="http://xbrl.org/int/dim/arcrole/domain-member" xlink:from="loc_dnb_ppi_dom029" xlink:to="loc_dnb_mem002" order="2" />
    <link:loc xlink:type="locator" xlink:href="../../../../../../dict/dom/ppi_dom029/mem.xsd#dnb_mem001" xlink:label="loc_dnb_mem001" />
    <link:definitionArc xlink:type="arc" xlink:arcrole="http://xbrl.org/int/dim/arcrole/domain-member" xlink:from="loc_dnb_ppi_dom029" xlink:to="loc_dnb_mem001" order="3" />
    <link:loc xlink:type="locator" xlink:href="../../../../../../dict/dom/ppi_dom029/mem.xsd#dnb_mem005" xlink:label="loc_dnb_mem005" />
    <link:definitionArc xlink:type="arc" xlink:arcrole="http://xbrl.org/int/dim/arcrole/domain-member" xlink:from="loc_dnb_ppi_dom029" xlink:to="loc_dnb_mem005" order="4" />
  </link:definitionLink>
  <link:definitionLink xlink:type="extended" xlink:role="http://www.dnb.nl/xbrl/role/fws/DNB-NR/ppi-2019-06/2019-12-31/tab/T24A/4">
    <link:loc xlink:type="locator" xlink:href="../../../../../../dict/dim/dim.xsd#dnb_ppi_dim036" xlink:label="loc_dnb_ppi_dim036" />
    <link:loc xlink:type="locator" xlink:href="../../../../../../dict/dom/exp.xsd#dnb_ppi_dom001" xlink:label="loc_dnb_ppi_dom001" />
    <link:definitionArc xlink:type="arc" xlink:arcrole="http://xbrl.org/int/dim/arcrole/dimension-domain" xlink:from="loc_dnb_ppi_dim036" xlink:to="loc_dnb_ppi_dom001" xbrldt:usable="false" order="1" />
    <link:loc xlink:type="locator" xlink:href="../../../../../../dict/dom/ppi_dom001/mem.xsd#dnb_mem013" xlink:label="loc_dnb_mem013" />
    <link:definitionArc xlink:type="arc" xlink:arcrole="http://xbrl.org/int/dim/arcrole/domain-member" xlink:from="loc_dnb_ppi_dom001" xlink:to="loc_dnb_mem013" order="1" />
  </link:definitionLink>
</link:linkbase>