﻿<?xml version="1.0" encoding="utf-8"?>
<!--© DNB-->
<link:linkbase xmlns:xsi="http://www.w3.org/2001/XMLSchema-instance" xmlns:xlink="http://www.w3.org/1999/xlink" xmlns:link="http://www.xbrl.org/2003/linkbase" xmlns:xbrldt="http://xbrl.org/2005/xbrldt" xsi:schemaLocation="http://www.xbrl.org/2003/linkbase http://www.xbrl.org/2003/xbrl-linkbase-2003-12-31.xsd http://xbrl.org/2005/xbrldt http://www.xbrl.org/2005/xbrldt-2005.xsd">
  <link:arcroleRef arcroleURI="http://xbrl.org/int/dim/arcrole/dimension-default" xlink:type="simple" xlink:href="http://www.xbrl.org/2005/xbrldt-2005.xsd#dimension-default" />
  <link:arcroleRef arcroleURI="http://xbrl.org/int/dim/arcrole/dimension-domain" xlink:type="simple" xlink:href="http://www.xbrl.org/2005/xbrldt-2005.xsd#dimension-domain" />
  <link:definitionLink xlink:type="extended" xlink:role="http://www.xbrl.org/2003/role/link">
    <link:loc xlink:type="locator" xlink:href="../dom/exp.xsd#dnb_ppi_dom001" xlink:label="loc_dnb_ppi_dom001" />
    <link:loc xlink:type="locator" xlink:href="../dom/ppi_dom001/mem.xsd#dnb_mem000" xlink:label="loc_dnb_ppi_dom001_mem000" />
    <link:loc xlink:type="locator" xlink:href="dim.xsd#dnb_ppi_dim001" xlink:label="loc_dnb_ppi_dim001" />
    <link:definitionArc xlink:type="arc" xlink:arcrole="http://xbrl.org/int/dim/arcrole/dimension-domain" xlink:from="loc_dnb_ppi_dim001" xlink:to="loc_dnb_ppi_dom001" xbrldt:usable="false" />
    <link:definitionArc xlink:type="arc" xlink:arcrole="http://xbrl.org/int/dim/arcrole/dimension-default" xlink:from="loc_dnb_ppi_dim001" xlink:to="loc_dnb_ppi_dom001_mem000" />
    <link:loc xlink:type="locator" xlink:href="dim.xsd#dnb_ppi_dim036" xlink:label="loc_dnb_ppi_dim036" />
    <link:definitionArc xlink:type="arc" xlink:arcrole="http://xbrl.org/int/dim/arcrole/dimension-domain" xlink:from="loc_dnb_ppi_dim036" xlink:to="loc_dnb_ppi_dom001" xbrldt:usable="false" />
    <link:definitionArc xlink:type="arc" xlink:arcrole="http://xbrl.org/int/dim/arcrole/dimension-default" xlink:from="loc_dnb_ppi_dim036" xlink:to="loc_dnb_ppi_dom001_mem000" />
    <link:loc xlink:type="locator" xlink:href="../dom/exp.xsd#dnb_ppi_dom003" xlink:label="loc_dnb_ppi_dom003" />
    <link:loc xlink:type="locator" xlink:href="../dom/ppi_dom003/mem.xsd#dnb_mem000" xlink:label="loc_dnb_ppi_dom003_mem000" />
    <link:loc xlink:type="locator" xlink:href="dim.xsd#dnb_ppi_dim002" xlink:label="loc_dnb_ppi_dim002" />
    <link:definitionArc xlink:type="arc" xlink:arcrole="http://xbrl.org/int/dim/arcrole/dimension-domain" xlink:from="loc_dnb_ppi_dim002" xlink:to="loc_dnb_ppi_dom003" xbrldt:usable="false" />
    <link:definitionArc xlink:type="arc" xlink:arcrole="http://xbrl.org/int/dim/arcrole/dimension-default" xlink:from="loc_dnb_ppi_dim002" xlink:to="loc_dnb_ppi_dom003_mem000" />
    <link:loc xlink:type="locator" xlink:href="../dom/exp.xsd#dnb_ppi_dom004" xlink:label="loc_dnb_ppi_dom004" />
    <link:loc xlink:type="locator" xlink:href="../dom/ppi_dom004/mem.xsd#dnb_mem000" xlink:label="loc_dnb_ppi_dom004_mem000" />
    <link:loc xlink:type="locator" xlink:href="dim.xsd#dnb_ppi_dim003" xlink:label="loc_dnb_ppi_dim003" />
    <link:definitionArc xlink:type="arc" xlink:arcrole="http://xbrl.org/int/dim/arcrole/dimension-domain" xlink:from="loc_dnb_ppi_dim003" xlink:to="loc_dnb_ppi_dom004" xbrldt:usable="false" />
    <link:definitionArc xlink:type="arc" xlink:arcrole="http://xbrl.org/int/dim/arcrole/dimension-default" xlink:from="loc_dnb_ppi_dim003" xlink:to="loc_dnb_ppi_dom004_mem000" />
    <link:loc xlink:type="locator" xlink:href="../dom/exp.xsd#dnb_ppi_dom005" xlink:label="loc_dnb_ppi_dom005" />
    <link:loc xlink:type="locator" xlink:href="../dom/ppi_dom005/mem.xsd#dnb_mem000" xlink:label="loc_dnb_ppi_dom005_mem000" />
    <link:loc xlink:type="locator" xlink:href="dim.xsd#dnb_ppi_dim004" xlink:label="loc_dnb_ppi_dim004" />
    <link:definitionArc xlink:type="arc" xlink:arcrole="http://xbrl.org/int/dim/arcrole/dimension-domain" xlink:from="loc_dnb_ppi_dim004" xlink:to="loc_dnb_ppi_dom005" xbrldt:usable="false" />
    <link:definitionArc xlink:type="arc" xlink:arcrole="http://xbrl.org/int/dim/arcrole/dimension-default" xlink:from="loc_dnb_ppi_dim004" xlink:to="loc_dnb_ppi_dom005_mem000" />
    <link:loc xlink:type="locator" xlink:href="dim.xsd#dnb_ppi_dim006" xlink:label="loc_dnb_ppi_dim006" />
    <link:definitionArc xlink:type="arc" xlink:arcrole="http://xbrl.org/int/dim/arcrole/dimension-domain" xlink:from="loc_dnb_ppi_dim006" xlink:to="loc_dnb_ppi_dom005" xbrldt:usable="false" />
    <link:definitionArc xlink:type="arc" xlink:arcrole="http://xbrl.org/int/dim/arcrole/dimension-default" xlink:from="loc_dnb_ppi_dim006" xlink:to="loc_dnb_ppi_dom005_mem000" />
    <link:loc xlink:type="locator" xlink:href="../dom/exp.xsd#dnb_ppi_dom006" xlink:label="loc_dnb_ppi_dom006" />
    <link:loc xlink:type="locator" xlink:href="../dom/ppi_dom006/mem.xsd#dnb_mem000" xlink:label="loc_dnb_ppi_dom006_mem000" />
    <link:loc xlink:type="locator" xlink:href="dim.xsd#dnb_ppi_dim005" xlink:label="loc_dnb_ppi_dim005" />
    <link:definitionArc xlink:type="arc" xlink:arcrole="http://xbrl.org/int/dim/arcrole/dimension-domain" xlink:from="loc_dnb_ppi_dim005" xlink:to="loc_dnb_ppi_dom006" xbrldt:usable="false" />
    <link:definitionArc xlink:type="arc" xlink:arcrole="http://xbrl.org/int/dim/arcrole/dimension-default" xlink:from="loc_dnb_ppi_dim005" xlink:to="loc_dnb_ppi_dom006_mem000" />
    <link:loc xlink:type="locator" xlink:href="../dom/exp.xsd#dnb_ppi_dom008" xlink:label="loc_dnb_ppi_dom008" />
    <link:loc xlink:type="locator" xlink:href="../dom/ppi_dom008/mem.xsd#dnb_mem000" xlink:label="loc_dnb_ppi_dom008_mem000" />
    <link:loc xlink:type="locator" xlink:href="dim.xsd#dnb_ppi_dim008" xlink:label="loc_dnb_ppi_dim008" />
    <link:definitionArc xlink:type="arc" xlink:arcrole="http://xbrl.org/int/dim/arcrole/dimension-domain" xlink:from="loc_dnb_ppi_dim008" xlink:to="loc_dnb_ppi_dom008" xbrldt:usable="false" />
    <link:definitionArc xlink:type="arc" xlink:arcrole="http://xbrl.org/int/dim/arcrole/dimension-default" xlink:from="loc_dnb_ppi_dim008" xlink:to="loc_dnb_ppi_dom008_mem000" />
    <link:loc xlink:type="locator" xlink:href="dim.xsd#dnb_ppi_dim011" xlink:label="loc_dnb_ppi_dim011" />
    <link:definitionArc xlink:type="arc" xlink:arcrole="http://xbrl.org/int/dim/arcrole/dimension-domain" xlink:from="loc_dnb_ppi_dim011" xlink:to="loc_dnb_ppi_dom008" xbrldt:usable="false" />
    <link:definitionArc xlink:type="arc" xlink:arcrole="http://xbrl.org/int/dim/arcrole/dimension-default" xlink:from="loc_dnb_ppi_dim011" xlink:to="loc_dnb_ppi_dom008_mem000" />
    <link:loc xlink:type="locator" xlink:href="dim.xsd#dnb_ppi_dim012" xlink:label="loc_dnb_ppi_dim012" />
    <link:definitionArc xlink:type="arc" xlink:arcrole="http://xbrl.org/int/dim/arcrole/dimension-domain" xlink:from="loc_dnb_ppi_dim012" xlink:to="loc_dnb_ppi_dom008" xbrldt:usable="false" />
    <link:definitionArc xlink:type="arc" xlink:arcrole="http://xbrl.org/int/dim/arcrole/dimension-default" xlink:from="loc_dnb_ppi_dim012" xlink:to="loc_dnb_ppi_dom008_mem000" />
    <link:loc xlink:type="locator" xlink:href="dim.xsd#dnb_ppi_dim014" xlink:label="loc_dnb_ppi_dim014" />
    <link:definitionArc xlink:type="arc" xlink:arcrole="http://xbrl.org/int/dim/arcrole/dimension-domain" xlink:from="loc_dnb_ppi_dim014" xlink:to="loc_dnb_ppi_dom008" xbrldt:usable="false" />
    <link:definitionArc xlink:type="arc" xlink:arcrole="http://xbrl.org/int/dim/arcrole/dimension-default" xlink:from="loc_dnb_ppi_dim014" xlink:to="loc_dnb_ppi_dom008_mem000" />
    <link:loc xlink:type="locator" xlink:href="dim.xsd#dnb_ppi_dim015" xlink:label="loc_dnb_ppi_dim015" />
    <link:definitionArc xlink:type="arc" xlink:arcrole="http://xbrl.org/int/dim/arcrole/dimension-domain" xlink:from="loc_dnb_ppi_dim015" xlink:to="loc_dnb_ppi_dom008" xbrldt:usable="false" />
    <link:definitionArc xlink:type="arc" xlink:arcrole="http://xbrl.org/int/dim/arcrole/dimension-default" xlink:from="loc_dnb_ppi_dim015" xlink:to="loc_dnb_ppi_dom008_mem000" />
    <link:loc xlink:type="locator" xlink:href="../dom/exp.xsd#dnb_ppi_dom009" xlink:label="loc_dnb_ppi_dom009" />
    <link:loc xlink:type="locator" xlink:href="../dom/ppi_dom009/mem.xsd#dnb_mem000" xlink:label="loc_dnb_ppi_dom009_mem000" />
    <link:loc xlink:type="locator" xlink:href="dim.xsd#dnb_ppi_dim009" xlink:label="loc_dnb_ppi_dim009" />
    <link:definitionArc xlink:type="arc" xlink:arcrole="http://xbrl.org/int/dim/arcrole/dimension-domain" xlink:from="loc_dnb_ppi_dim009" xlink:to="loc_dnb_ppi_dom009" xbrldt:usable="false" />
    <link:definitionArc xlink:type="arc" xlink:arcrole="http://xbrl.org/int/dim/arcrole/dimension-default" xlink:from="loc_dnb_ppi_dim009" xlink:to="loc_dnb_ppi_dom009_mem000" />
    <link:loc xlink:type="locator" xlink:href="../dom/exp.xsd#dnb_ppi_dom010" xlink:label="loc_dnb_ppi_dom010" />
    <link:loc xlink:type="locator" xlink:href="../dom/ppi_dom010/mem.xsd#dnb_mem000" xlink:label="loc_dnb_ppi_dom010_mem000" />
    <link:loc xlink:type="locator" xlink:href="dim.xsd#dnb_ppi_dim010" xlink:label="loc_dnb_ppi_dim010" />
    <link:definitionArc xlink:type="arc" xlink:arcrole="http://xbrl.org/int/dim/arcrole/dimension-domain" xlink:from="loc_dnb_ppi_dim010" xlink:to="loc_dnb_ppi_dom010" xbrldt:usable="false" />
    <link:definitionArc xlink:type="arc" xlink:arcrole="http://xbrl.org/int/dim/arcrole/dimension-default" xlink:from="loc_dnb_ppi_dim010" xlink:to="loc_dnb_ppi_dom010_mem000" />
    <link:loc xlink:type="locator" xlink:href="../dom/exp.xsd#dnb_ppi_dom011" xlink:label="loc_dnb_ppi_dom011" />
    <link:loc xlink:type="locator" xlink:href="../dom/ppi_dom011/mem.xsd#dnb_mem000" xlink:label="loc_dnb_ppi_dom011_mem000" />
    <link:loc xlink:type="locator" xlink:href="dim.xsd#dnb_ppi_dim013" xlink:label="loc_dnb_ppi_dim013" />
    <link:definitionArc xlink:type="arc" xlink:arcrole="http://xbrl.org/int/dim/arcrole/dimension-domain" xlink:from="loc_dnb_ppi_dim013" xlink:to="loc_dnb_ppi_dom011" xbrldt:usable="false" />
    <link:definitionArc xlink:type="arc" xlink:arcrole="http://xbrl.org/int/dim/arcrole/dimension-default" xlink:from="loc_dnb_ppi_dim013" xlink:to="loc_dnb_ppi_dom011_mem000" />
    <link:loc xlink:type="locator" xlink:href="../dom/exp.xsd#dnb_ppi_dom012" xlink:label="loc_dnb_ppi_dom012" />
    <link:loc xlink:type="locator" xlink:href="../dom/ppi_dom012/mem.xsd#dnb_mem000" xlink:label="loc_dnb_ppi_dom012_mem000" />
    <link:loc xlink:type="locator" xlink:href="dim.xsd#dnb_ppi_dim016" xlink:label="loc_dnb_ppi_dim016" />
    <link:definitionArc xlink:type="arc" xlink:arcrole="http://xbrl.org/int/dim/arcrole/dimension-domain" xlink:from="loc_dnb_ppi_dim016" xlink:to="loc_dnb_ppi_dom012" xbrldt:usable="false" />
    <link:definitionArc xlink:type="arc" xlink:arcrole="http://xbrl.org/int/dim/arcrole/dimension-default" xlink:from="loc_dnb_ppi_dim016" xlink:to="loc_dnb_ppi_dom012_mem000" />
    <link:loc xlink:type="locator" xlink:href="../dom/exp.xsd#dnb_ppi_dom013" xlink:label="loc_dnb_ppi_dom013" />
    <link:loc xlink:type="locator" xlink:href="../dom/ppi_dom013/mem.xsd#dnb_mem000" xlink:label="loc_dnb_ppi_dom013_mem000" />
    <link:loc xlink:type="locator" xlink:href="dim.xsd#dnb_ppi_dim017" xlink:label="loc_dnb_ppi_dim017" />
    <link:definitionArc xlink:type="arc" xlink:arcrole="http://xbrl.org/int/dim/arcrole/dimension-domain" xlink:from="loc_dnb_ppi_dim017" xlink:to="loc_dnb_ppi_dom013" xbrldt:usable="false" />
    <link:definitionArc xlink:type="arc" xlink:arcrole="http://xbrl.org/int/dim/arcrole/dimension-default" xlink:from="loc_dnb_ppi_dim017" xlink:to="loc_dnb_ppi_dom013_mem000" />
    <link:loc xlink:type="locator" xlink:href="../dom/exp.xsd#dnb_ppi_dom014" xlink:label="loc_dnb_ppi_dom014" />
    <link:loc xlink:type="locator" xlink:href="../dom/ppi_dom014/mem.xsd#dnb_mem000" xlink:label="loc_dnb_ppi_dom014_mem000" />
    <link:loc xlink:type="locator" xlink:href="dim.xsd#dnb_ppi_dim018" xlink:label="loc_dnb_ppi_dim018" />
    <link:definitionArc xlink:type="arc" xlink:arcrole="http://xbrl.org/int/dim/arcrole/dimension-domain" xlink:from="loc_dnb_ppi_dim018" xlink:to="loc_dnb_ppi_dom014" xbrldt:usable="false" />
    <link:definitionArc xlink:type="arc" xlink:arcrole="http://xbrl.org/int/dim/arcrole/dimension-default" xlink:from="loc_dnb_ppi_dim018" xlink:to="loc_dnb_ppi_dom014_mem000" />
    <link:loc xlink:type="locator" xlink:href="../dom/exp.xsd#dnb_ppi_dom016" xlink:label="loc_dnb_ppi_dom016" />
    <link:loc xlink:type="locator" xlink:href="../dom/ppi_dom016/mem.xsd#dnb_mem000" xlink:label="loc_dnb_ppi_dom016_mem000" />
    <link:loc xlink:type="locator" xlink:href="dim.xsd#dnb_ppi_dim019" xlink:label="loc_dnb_ppi_dim019" />
    <link:definitionArc xlink:type="arc" xlink:arcrole="http://xbrl.org/int/dim/arcrole/dimension-domain" xlink:from="loc_dnb_ppi_dim019" xlink:to="loc_dnb_ppi_dom016" xbrldt:usable="false" />
    <link:definitionArc xlink:type="arc" xlink:arcrole="http://xbrl.org/int/dim/arcrole/dimension-default" xlink:from="loc_dnb_ppi_dim019" xlink:to="loc_dnb_ppi_dom016_mem000" />
    <link:loc xlink:type="locator" xlink:href="dim.xsd#dnb_ppi_dim020" xlink:label="loc_dnb_ppi_dim020" />
    <link:definitionArc xlink:type="arc" xlink:arcrole="http://xbrl.org/int/dim/arcrole/dimension-domain" xlink:from="loc_dnb_ppi_dim020" xlink:to="loc_dnb_ppi_dom016" xbrldt:usable="false" />
    <link:definitionArc xlink:type="arc" xlink:arcrole="http://xbrl.org/int/dim/arcrole/dimension-default" xlink:from="loc_dnb_ppi_dim020" xlink:to="loc_dnb_ppi_dom016_mem000" />
    <link:loc xlink:type="locator" xlink:href="dim.xsd#dnb_ppi_dim021" xlink:label="loc_dnb_ppi_dim021" />
    <link:definitionArc xlink:type="arc" xlink:arcrole="http://xbrl.org/int/dim/arcrole/dimension-domain" xlink:from="loc_dnb_ppi_dim021" xlink:to="loc_dnb_ppi_dom016" xbrldt:usable="false" />
    <link:definitionArc xlink:type="arc" xlink:arcrole="http://xbrl.org/int/dim/arcrole/dimension-default" xlink:from="loc_dnb_ppi_dim021" xlink:to="loc_dnb_ppi_dom016_mem000" />
    <link:loc xlink:type="locator" xlink:href="../dom/exp.xsd#dnb_ppi_dom017" xlink:label="loc_dnb_ppi_dom017" />
    <link:loc xlink:type="locator" xlink:href="../dom/ppi_dom017/mem.xsd#dnb_mem000" xlink:label="loc_dnb_ppi_dom017_mem000" />
    <link:loc xlink:type="locator" xlink:href="dim.xsd#dnb_ppi_dim023" xlink:label="loc_dnb_ppi_dim023" />
    <link:definitionArc xlink:type="arc" xlink:arcrole="http://xbrl.org/int/dim/arcrole/dimension-domain" xlink:from="loc_dnb_ppi_dim023" xlink:to="loc_dnb_ppi_dom017" xbrldt:usable="false" />
    <link:definitionArc xlink:type="arc" xlink:arcrole="http://xbrl.org/int/dim/arcrole/dimension-default" xlink:from="loc_dnb_ppi_dim023" xlink:to="loc_dnb_ppi_dom017_mem000" />
    <link:loc xlink:type="locator" xlink:href="../dom/exp.xsd#dnb_ppi_dom018" xlink:label="loc_dnb_ppi_dom018" />
    <link:loc xlink:type="locator" xlink:href="../dom/ppi_dom018/mem.xsd#dnb_mem000" xlink:label="loc_dnb_ppi_dom018_mem000" />
    <link:loc xlink:type="locator" xlink:href="dim.xsd#dnb_ppi_dim025" xlink:label="loc_dnb_ppi_dim025" />
    <link:definitionArc xlink:type="arc" xlink:arcrole="http://xbrl.org/int/dim/arcrole/dimension-domain" xlink:from="loc_dnb_ppi_dim025" xlink:to="loc_dnb_ppi_dom018" xbrldt:usable="false" />
    <link:definitionArc xlink:type="arc" xlink:arcrole="http://xbrl.org/int/dim/arcrole/dimension-default" xlink:from="loc_dnb_ppi_dim025" xlink:to="loc_dnb_ppi_dom018_mem000" />
    <link:loc xlink:type="locator" xlink:href="../dom/exp.xsd#dnb_ppi_dom019" xlink:label="loc_dnb_ppi_dom019" />
    <link:loc xlink:type="locator" xlink:href="../dom/ppi_dom019/mem.xsd#dnb_mem000" xlink:label="loc_dnb_ppi_dom019_mem000" />
    <link:loc xlink:type="locator" xlink:href="dim.xsd#dnb_ppi_dim026" xlink:label="loc_dnb_ppi_dim026" />
    <link:definitionArc xlink:type="arc" xlink:arcrole="http://xbrl.org/int/dim/arcrole/dimension-domain" xlink:from="loc_dnb_ppi_dim026" xlink:to="loc_dnb_ppi_dom019" xbrldt:usable="false" />
    <link:definitionArc xlink:type="arc" xlink:arcrole="http://xbrl.org/int/dim/arcrole/dimension-default" xlink:from="loc_dnb_ppi_dim026" xlink:to="loc_dnb_ppi_dom019_mem000" />
    <link:loc xlink:type="locator" xlink:href="../dom/exp.xsd#dnb_ppi_dom020" xlink:label="loc_dnb_ppi_dom020" />
    <link:loc xlink:type="locator" xlink:href="../dom/ppi_dom020/mem.xsd#dnb_mem000" xlink:label="loc_dnb_ppi_dom020_mem000" />
    <link:loc xlink:type="locator" xlink:href="dim.xsd#dnb_ppi_dim027" xlink:label="loc_dnb_ppi_dim027" />
    <link:definitionArc xlink:type="arc" xlink:arcrole="http://xbrl.org/int/dim/arcrole/dimension-domain" xlink:from="loc_dnb_ppi_dim027" xlink:to="loc_dnb_ppi_dom020" xbrldt:usable="false" />
    <link:definitionArc xlink:type="arc" xlink:arcrole="http://xbrl.org/int/dim/arcrole/dimension-default" xlink:from="loc_dnb_ppi_dim027" xlink:to="loc_dnb_ppi_dom020_mem000" />
    <link:loc xlink:type="locator" xlink:href="dim.xsd#dnb_ppi_dim029" xlink:label="loc_dnb_ppi_dim029" />
    <link:definitionArc xlink:type="arc" xlink:arcrole="http://xbrl.org/int/dim/arcrole/dimension-domain" xlink:from="loc_dnb_ppi_dim029" xlink:to="loc_dnb_ppi_dom020" xbrldt:usable="false" />
    <link:definitionArc xlink:type="arc" xlink:arcrole="http://xbrl.org/int/dim/arcrole/dimension-default" xlink:from="loc_dnb_ppi_dim029" xlink:to="loc_dnb_ppi_dom020_mem000" />
    <link:loc xlink:type="locator" xlink:href="../dom/exp.xsd#dnb_ppi_dom021" xlink:label="loc_dnb_ppi_dom021" />
    <link:loc xlink:type="locator" xlink:href="../dom/ppi_dom021/mem.xsd#dnb_mem000" xlink:label="loc_dnb_ppi_dom021_mem000" />
    <link:loc xlink:type="locator" xlink:href="dim.xsd#dnb_ppi_dim028" xlink:label="loc_dnb_ppi_dim028" />
    <link:definitionArc xlink:type="arc" xlink:arcrole="http://xbrl.org/int/dim/arcrole/dimension-domain" xlink:from="loc_dnb_ppi_dim028" xlink:to="loc_dnb_ppi_dom021" xbrldt:usable="false" />
    <link:definitionArc xlink:type="arc" xlink:arcrole="http://xbrl.org/int/dim/arcrole/dimension-default" xlink:from="loc_dnb_ppi_dim028" xlink:to="loc_dnb_ppi_dom021_mem000" />
    <link:loc xlink:type="locator" xlink:href="../dom/exp.xsd#dnb_ppi_dom023" xlink:label="loc_dnb_ppi_dom023" />
    <link:loc xlink:type="locator" xlink:href="../dom/ppi_dom023/mem.xsd#dnb_mem000" xlink:label="loc_dnb_ppi_dom023_mem000" />
    <link:loc xlink:type="locator" xlink:href="dim.xsd#dnb_ppi_dim031" xlink:label="loc_dnb_ppi_dim031" />
    <link:definitionArc xlink:type="arc" xlink:arcrole="http://xbrl.org/int/dim/arcrole/dimension-domain" xlink:from="loc_dnb_ppi_dim031" xlink:to="loc_dnb_ppi_dom023" xbrldt:usable="false" />
    <link:definitionArc xlink:type="arc" xlink:arcrole="http://xbrl.org/int/dim/arcrole/dimension-default" xlink:from="loc_dnb_ppi_dim031" xlink:to="loc_dnb_ppi_dom023_mem000" />
    <link:loc xlink:type="locator" xlink:href="../dom/exp.xsd#dnb_ppi_dom024" xlink:label="loc_dnb_ppi_dom024" />
    <link:loc xlink:type="locator" xlink:href="../dom/ppi_dom024/mem.xsd#dnb_mem000" xlink:label="loc_dnb_ppi_dom024_mem000" />
    <link:loc xlink:type="locator" xlink:href="dim.xsd#dnb_ppi_dim032" xlink:label="loc_dnb_ppi_dim032" />
    <link:definitionArc xlink:type="arc" xlink:arcrole="http://xbrl.org/int/dim/arcrole/dimension-domain" xlink:from="loc_dnb_ppi_dim032" xlink:to="loc_dnb_ppi_dom024" xbrldt:usable="false" />
    <link:definitionArc xlink:type="arc" xlink:arcrole="http://xbrl.org/int/dim/arcrole/dimension-default" xlink:from="loc_dnb_ppi_dim032" xlink:to="loc_dnb_ppi_dom024_mem000" />
    <link:loc xlink:type="locator" xlink:href="dim.xsd#dnb_ppi_dim033" xlink:label="loc_dnb_ppi_dim033" />
    <link:definitionArc xlink:type="arc" xlink:arcrole="http://xbrl.org/int/dim/arcrole/dimension-domain" xlink:from="loc_dnb_ppi_dim033" xlink:to="loc_dnb_ppi_dom024" xbrldt:usable="false" />
    <link:definitionArc xlink:type="arc" xlink:arcrole="http://xbrl.org/int/dim/arcrole/dimension-default" xlink:from="loc_dnb_ppi_dim033" xlink:to="loc_dnb_ppi_dom024_mem000" />
    <link:loc xlink:type="locator" xlink:href="../dom/exp.xsd#dnb_ppi_dom025" xlink:label="loc_dnb_ppi_dom025" />
    <link:loc xlink:type="locator" xlink:href="../dom/ppi_dom025/mem.xsd#dnb_mem000" xlink:label="loc_dnb_ppi_dom025_mem000" />
    <link:loc xlink:type="locator" xlink:href="dim.xsd#dnb_ppi_dim035" xlink:label="loc_dnb_ppi_dim035" />
    <link:definitionArc xlink:type="arc" xlink:arcrole="http://xbrl.org/int/dim/arcrole/dimension-domain" xlink:from="loc_dnb_ppi_dim035" xlink:to="loc_dnb_ppi_dom025" xbrldt:usable="false" />
    <link:definitionArc xlink:type="arc" xlink:arcrole="http://xbrl.org/int/dim/arcrole/dimension-default" xlink:from="loc_dnb_ppi_dim035" xlink:to="loc_dnb_ppi_dom025_mem000" />
    <link:loc xlink:type="locator" xlink:href="../dom/exp.xsd#dnb_ppi_dom026" xlink:label="loc_dnb_ppi_dom026" />
    <link:loc xlink:type="locator" xlink:href="../dom/ppi_dom026/mem.xsd#dnb_mem000" xlink:label="loc_dnb_ppi_dom026_mem000" />
    <link:loc xlink:type="locator" xlink:href="dim.xsd#dnb_ppi_dim037" xlink:label="loc_dnb_ppi_dim037" />
    <link:definitionArc xlink:type="arc" xlink:arcrole="http://xbrl.org/int/dim/arcrole/dimension-domain" xlink:from="loc_dnb_ppi_dim037" xlink:to="loc_dnb_ppi_dom026" xbrldt:usable="false" />
    <link:definitionArc xlink:type="arc" xlink:arcrole="http://xbrl.org/int/dim/arcrole/dimension-default" xlink:from="loc_dnb_ppi_dim037" xlink:to="loc_dnb_ppi_dom026_mem000" />
    <link:loc xlink:type="locator" xlink:href="../dom/exp.xsd#dnb_ppi_dom028" xlink:label="loc_dnb_ppi_dom028" />
    <link:loc xlink:type="locator" xlink:href="../dom/ppi_dom028/mem.xsd#dnb_mem000" xlink:label="loc_dnb_ppi_dom028_mem000" />
    <link:loc xlink:type="locator" xlink:href="dim.xsd#dnb_ppi_dim043" xlink:label="loc_dnb_ppi_dim043" />
    <link:definitionArc xlink:type="arc" xlink:arcrole="http://xbrl.org/int/dim/arcrole/dimension-domain" xlink:from="loc_dnb_ppi_dim043" xlink:to="loc_dnb_ppi_dom028" xbrldt:usable="false" />
    <link:definitionArc xlink:type="arc" xlink:arcrole="http://xbrl.org/int/dim/arcrole/dimension-default" xlink:from="loc_dnb_ppi_dim043" xlink:to="loc_dnb_ppi_dom028_mem000" />
    <link:loc xlink:type="locator" xlink:href="../dom/exp.xsd#dnb_ppi_dom029" xlink:label="loc_dnb_ppi_dom029" />
    <link:loc xlink:type="locator" xlink:href="../dom/ppi_dom029/mem.xsd#dnb_mem000" xlink:label="loc_dnb_ppi_dom029_mem000" />
    <link:loc xlink:type="locator" xlink:href="dim.xsd#dnb_ppi_dim044" xlink:label="loc_dnb_ppi_dim044" />
    <link:definitionArc xlink:type="arc" xlink:arcrole="http://xbrl.org/int/dim/arcrole/dimension-domain" xlink:from="loc_dnb_ppi_dim044" xlink:to="loc_dnb_ppi_dom029" xbrldt:usable="false" />
    <link:definitionArc xlink:type="arc" xlink:arcrole="http://xbrl.org/int/dim/arcrole/dimension-default" xlink:from="loc_dnb_ppi_dim044" xlink:to="loc_dnb_ppi_dom029_mem000" />
  </link:definitionLink>
</link:linkbase>