﻿<?xml version="1.0" encoding="utf-8"?>
<!--© DNB-->
<link:linkbase xmlns:xsi="http://www.w3.org/2001/XMLSchema-instance" xmlns:xlink="http://www.w3.org/1999/xlink" xmlns:link="http://www.xbrl.org/2003/linkbase" xsi:schemaLocation="http://www.xbrl.org/2003/linkbase http://www.xbrl.org/2003/xbrl-linkbase-2003-12-31.xsd">
  <link:labelLink xlink:type="extended" xlink:role="http://www.xbrl.org/2003/role/link">
    <link:loc xlink:type="locator" xlink:href="dim.xsd#dnb_ppi_dim001" xlink:label="loc_dnb_ppi_dim001" />
    <link:label xlink:type="resource" xlink:label="label_dnb_ppi_dim001" xml:lang="nl" xlink:role="http://www.xbrl.org/2003/role/label">Aandachtsgebied</link:label>
    <link:labelArc xlink:type="arc" xlink:arcrole="http://www.xbrl.org/2003/arcrole/concept-label" xlink:from="loc_dnb_ppi_dim001" xlink:to="label_dnb_ppi_dim001" />
    <link:label xlink:type="resource" xlink:label="label_dnb_ppi_dim001_2" xml:lang="nl" xlink:role="http://www.xbrl.org/2003/role/documentation">Aandachtsgebied</link:label>
    <link:labelArc xlink:type="arc" xlink:arcrole="http://www.xbrl.org/2003/arcrole/concept-label" xlink:from="loc_dnb_ppi_dim001" xlink:to="label_dnb_ppi_dim001_2" />
    <link:loc xlink:type="locator" xlink:href="dim.xsd#dnb_ppi_dim002" xlink:label="loc_dnb_ppi_dim002" />
    <link:label xlink:type="resource" xlink:label="label_dnb_ppi_dim002" xml:lang="nl" xlink:role="http://www.xbrl.org/2003/role/label">Type contact</link:label>
    <link:labelArc xlink:type="arc" xlink:arcrole="http://www.xbrl.org/2003/arcrole/concept-label" xlink:from="loc_dnb_ppi_dim002" xlink:to="label_dnb_ppi_dim002" />
    <link:label xlink:type="resource" xlink:label="label_dnb_ppi_dim002_2" xml:lang="nl" xlink:role="http://www.xbrl.org/2003/role/documentation">Type contact</link:label>
    <link:labelArc xlink:type="arc" xlink:arcrole="http://www.xbrl.org/2003/arcrole/concept-label" xlink:from="loc_dnb_ppi_dim002" xlink:to="label_dnb_ppi_dim002_2" />
    <link:loc xlink:type="locator" xlink:href="dim.xsd#dnb_ppi_dim003" xlink:label="loc_dnb_ppi_dim003" />
    <link:label xlink:type="resource" xlink:label="label_dnb_ppi_dim003" xml:lang="nl" xlink:role="http://www.xbrl.org/2003/role/label">Financiële groep</link:label>
    <link:labelArc xlink:type="arc" xlink:arcrole="http://www.xbrl.org/2003/arcrole/concept-label" xlink:from="loc_dnb_ppi_dim003" xlink:to="label_dnb_ppi_dim003" />
    <link:label xlink:type="resource" xlink:label="label_dnb_ppi_dim003_2" xml:lang="nl" xlink:role="http://www.xbrl.org/2003/role/documentation">Financiële groep</link:label>
    <link:labelArc xlink:type="arc" xlink:arcrole="http://www.xbrl.org/2003/arcrole/concept-label" xlink:from="loc_dnb_ppi_dim003" xlink:to="label_dnb_ppi_dim003_2" />
    <link:loc xlink:type="locator" xlink:href="dim.xsd#dnb_ppi_dim004" xlink:label="loc_dnb_ppi_dim004" />
    <link:label xlink:type="resource" xlink:label="label_dnb_ppi_dim004" xml:lang="nl" xlink:role="http://www.xbrl.org/2003/role/label">Hoofdpost</link:label>
    <link:labelArc xlink:type="arc" xlink:arcrole="http://www.xbrl.org/2003/arcrole/concept-label" xlink:from="loc_dnb_ppi_dim004" xlink:to="label_dnb_ppi_dim004" />
    <link:label xlink:type="resource" xlink:label="label_dnb_ppi_dim004_2" xml:lang="nl" xlink:role="http://www.xbrl.org/2003/role/documentation">Hoofdpost</link:label>
    <link:labelArc xlink:type="arc" xlink:arcrole="http://www.xbrl.org/2003/arcrole/concept-label" xlink:from="loc_dnb_ppi_dim004" xlink:to="label_dnb_ppi_dim004_2" />
    <link:loc xlink:type="locator" xlink:href="dim.xsd#dnb_ppi_dim005" xlink:label="loc_dnb_ppi_dim005" />
    <link:label xlink:type="resource" xlink:label="label_dnb_ppi_dim005" xml:lang="nl" xlink:role="http://www.xbrl.org/2003/role/label">Resterende looptijd</link:label>
    <link:labelArc xlink:type="arc" xlink:arcrole="http://www.xbrl.org/2003/arcrole/concept-label" xlink:from="loc_dnb_ppi_dim005" xlink:to="label_dnb_ppi_dim005" />
    <link:label xlink:type="resource" xlink:label="label_dnb_ppi_dim005_2" xml:lang="nl" xlink:role="http://www.xbrl.org/2003/role/documentation">Resterende looptijd</link:label>
    <link:labelArc xlink:type="arc" xlink:arcrole="http://www.xbrl.org/2003/arcrole/concept-label" xlink:from="loc_dnb_ppi_dim005" xlink:to="label_dnb_ppi_dim005_2" />
    <link:loc xlink:type="locator" xlink:href="dim.xsd#dnb_ppi_dim006" xlink:label="loc_dnb_ppi_dim006" />
    <link:label xlink:type="resource" xlink:label="label_dnb_ppi_dim006" xml:lang="nl" xlink:role="http://www.xbrl.org/2003/role/label">Mutatieoverzicht post</link:label>
    <link:labelArc xlink:type="arc" xlink:arcrole="http://www.xbrl.org/2003/arcrole/concept-label" xlink:from="loc_dnb_ppi_dim006" xlink:to="label_dnb_ppi_dim006" />
    <link:label xlink:type="resource" xlink:label="label_dnb_ppi_dim006_2" xml:lang="nl" xlink:role="http://www.xbrl.org/2003/role/documentation">Mutatieoverzicht post</link:label>
    <link:labelArc xlink:type="arc" xlink:arcrole="http://www.xbrl.org/2003/arcrole/concept-label" xlink:from="loc_dnb_ppi_dim006" xlink:to="label_dnb_ppi_dim006_2" />
    <link:loc xlink:type="locator" xlink:href="dim.xsd#dnb_ppi_dim007" xlink:label="loc_dnb_ppi_dim007" />
    <link:label xlink:type="resource" xlink:label="label_dnb_ppi_dim007" xml:lang="nl" xlink:role="http://www.xbrl.org/2003/role/label">Buiten de balans blijkende onderdelen</link:label>
    <link:labelArc xlink:type="arc" xlink:arcrole="http://www.xbrl.org/2003/arcrole/concept-label" xlink:from="loc_dnb_ppi_dim007" xlink:to="label_dnb_ppi_dim007" />
    <link:label xlink:type="resource" xlink:label="label_dnb_ppi_dim007_2" xml:lang="nl" xlink:role="http://www.xbrl.org/2003/role/documentation">Buiten de balans blijkende onderdelen</link:label>
    <link:labelArc xlink:type="arc" xlink:arcrole="http://www.xbrl.org/2003/arcrole/concept-label" xlink:from="loc_dnb_ppi_dim007" xlink:to="label_dnb_ppi_dim007_2" />
    <link:loc xlink:type="locator" xlink:href="dim.xsd#dnb_ppi_dim008" xlink:label="loc_dnb_ppi_dim008" />
    <link:label xlink:type="resource" xlink:label="label_dnb_ppi_dim008" xml:lang="nl" xlink:role="http://www.xbrl.org/2003/role/label">Type belegging voor risico deelnemers</link:label>
    <link:labelArc xlink:type="arc" xlink:arcrole="http://www.xbrl.org/2003/arcrole/concept-label" xlink:from="loc_dnb_ppi_dim008" xlink:to="label_dnb_ppi_dim008" />
    <link:label xlink:type="resource" xlink:label="label_dnb_ppi_dim008_2" xml:lang="nl" xlink:role="http://www.xbrl.org/2003/role/documentation">Type belegging voor risico deelnemers</link:label>
    <link:labelArc xlink:type="arc" xlink:arcrole="http://www.xbrl.org/2003/arcrole/concept-label" xlink:from="loc_dnb_ppi_dim008" xlink:to="label_dnb_ppi_dim008_2" />
    <link:loc xlink:type="locator" xlink:href="dim.xsd#dnb_ppi_dim009" xlink:label="loc_dnb_ppi_dim009" />
    <link:label xlink:type="resource" xlink:label="label_dnb_ppi_dim009" xml:lang="nl" xlink:role="http://www.xbrl.org/2003/role/label">Deelnemertype</link:label>
    <link:labelArc xlink:type="arc" xlink:arcrole="http://www.xbrl.org/2003/arcrole/concept-label" xlink:from="loc_dnb_ppi_dim009" xlink:to="label_dnb_ppi_dim009" />
    <link:label xlink:type="resource" xlink:label="label_dnb_ppi_dim009_2" xml:lang="nl" xlink:role="http://www.xbrl.org/2003/role/documentation">Deelnemertype</link:label>
    <link:labelArc xlink:type="arc" xlink:arcrole="http://www.xbrl.org/2003/arcrole/concept-label" xlink:from="loc_dnb_ppi_dim009" xlink:to="label_dnb_ppi_dim009_2" />
    <link:loc xlink:type="locator" xlink:href="dim.xsd#dnb_ppi_dim010" xlink:label="loc_dnb_ppi_dim010" />
    <link:label xlink:type="resource" xlink:label="label_dnb_ppi_dim010" xml:lang="nl" xlink:role="http://www.xbrl.org/2003/role/label">Leeftijdscohort</link:label>
    <link:labelArc xlink:type="arc" xlink:arcrole="http://www.xbrl.org/2003/arcrole/concept-label" xlink:from="loc_dnb_ppi_dim010" xlink:to="label_dnb_ppi_dim010" />
    <link:label xlink:type="resource" xlink:label="label_dnb_ppi_dim010_2" xml:lang="nl" xlink:role="http://www.xbrl.org/2003/role/documentation">Leeftijdscohort</link:label>
    <link:labelArc xlink:type="arc" xlink:arcrole="http://www.xbrl.org/2003/arcrole/concept-label" xlink:from="loc_dnb_ppi_dim010" xlink:to="label_dnb_ppi_dim010_2" />
    <link:loc xlink:type="locator" xlink:href="dim.xsd#dnb_ppi_dim011" xlink:label="loc_dnb_ppi_dim011" />
    <link:label xlink:type="resource" xlink:label="label_dnb_ppi_dim011" xml:lang="nl" xlink:role="http://www.xbrl.org/2003/role/label">Beleggingscategorie</link:label>
    <link:labelArc xlink:type="arc" xlink:arcrole="http://www.xbrl.org/2003/arcrole/concept-label" xlink:from="loc_dnb_ppi_dim011" xlink:to="label_dnb_ppi_dim011" />
    <link:label xlink:type="resource" xlink:label="label_dnb_ppi_dim011_2" xml:lang="nl" xlink:role="http://www.xbrl.org/2003/role/documentation">Beleggingscategorie</link:label>
    <link:labelArc xlink:type="arc" xlink:arcrole="http://www.xbrl.org/2003/arcrole/concept-label" xlink:from="loc_dnb_ppi_dim011" xlink:to="label_dnb_ppi_dim011_2" />
    <link:loc xlink:type="locator" xlink:href="dim.xsd#dnb_ppi_dim012" xlink:label="loc_dnb_ppi_dim012" />
    <link:label xlink:type="resource" xlink:label="label_dnb_ppi_dim012" xml:lang="nl" xlink:role="http://www.xbrl.org/2003/role/label">Type life cycle</link:label>
    <link:labelArc xlink:type="arc" xlink:arcrole="http://www.xbrl.org/2003/arcrole/concept-label" xlink:from="loc_dnb_ppi_dim012" xlink:to="label_dnb_ppi_dim012" />
    <link:label xlink:type="resource" xlink:label="label_dnb_ppi_dim012_2" xml:lang="nl" xlink:role="http://www.xbrl.org/2003/role/documentation">Type life cycle</link:label>
    <link:labelArc xlink:type="arc" xlink:arcrole="http://www.xbrl.org/2003/arcrole/concept-label" xlink:from="loc_dnb_ppi_dim012" xlink:to="label_dnb_ppi_dim012_2" />
    <link:loc xlink:type="locator" xlink:href="dim.xsd#dnb_ppi_dim013" xlink:label="loc_dnb_ppi_dim013" />
    <link:label xlink:type="resource" xlink:label="label_dnb_ppi_dim013" xml:lang="nl" xlink:role="http://www.xbrl.org/2003/role/label">Kredietwaardigheidsklasse</link:label>
    <link:labelArc xlink:type="arc" xlink:arcrole="http://www.xbrl.org/2003/arcrole/concept-label" xlink:from="loc_dnb_ppi_dim013" xlink:to="label_dnb_ppi_dim013" />
    <link:label xlink:type="resource" xlink:label="label_dnb_ppi_dim013_2" xml:lang="nl" xlink:role="http://www.xbrl.org/2003/role/documentation">Kredietwaardigheidsklasse</link:label>
    <link:labelArc xlink:type="arc" xlink:arcrole="http://www.xbrl.org/2003/arcrole/concept-label" xlink:from="loc_dnb_ppi_dim013" xlink:to="label_dnb_ppi_dim013_2" />
    <link:loc xlink:type="locator" xlink:href="dim.xsd#dnb_ppi_dim014" xlink:label="loc_dnb_ppi_dim014" />
    <link:label xlink:type="resource" xlink:label="label_dnb_ppi_dim014" xml:lang="nl" xlink:role="http://www.xbrl.org/2003/role/label">Type life cycle, vastrentende waarden</link:label>
    <link:labelArc xlink:type="arc" xlink:arcrole="http://www.xbrl.org/2003/arcrole/concept-label" xlink:from="loc_dnb_ppi_dim014" xlink:to="label_dnb_ppi_dim014" />
    <link:label xlink:type="resource" xlink:label="label_dnb_ppi_dim014_2" xml:lang="nl" xlink:role="http://www.xbrl.org/2003/role/documentation">Type life cycle, vastrentende waarden</link:label>
    <link:labelArc xlink:type="arc" xlink:arcrole="http://www.xbrl.org/2003/arcrole/concept-label" xlink:from="loc_dnb_ppi_dim014" xlink:to="label_dnb_ppi_dim014_2" />
    <link:loc xlink:type="locator" xlink:href="dim.xsd#dnb_ppi_dim015" xlink:label="loc_dnb_ppi_dim015" />
    <link:label xlink:type="resource" xlink:label="label_dnb_ppi_dim015" xml:lang="nl" xlink:role="http://www.xbrl.org/2003/role/label">Modified duration groep</link:label>
    <link:labelArc xlink:type="arc" xlink:arcrole="http://www.xbrl.org/2003/arcrole/concept-label" xlink:from="loc_dnb_ppi_dim015" xlink:to="label_dnb_ppi_dim015" />
    <link:label xlink:type="resource" xlink:label="label_dnb_ppi_dim015_2" xml:lang="nl" xlink:role="http://www.xbrl.org/2003/role/documentation">Modified duration groep</link:label>
    <link:labelArc xlink:type="arc" xlink:arcrole="http://www.xbrl.org/2003/arcrole/concept-label" xlink:from="loc_dnb_ppi_dim015" xlink:to="label_dnb_ppi_dim015_2" />
    <link:loc xlink:type="locator" xlink:href="dim.xsd#dnb_ppi_dim016" xlink:label="loc_dnb_ppi_dim016" />
    <link:label xlink:type="resource" xlink:label="label_dnb_ppi_dim016" xml:lang="nl" xlink:role="http://www.xbrl.org/2003/role/label">Rendementsperiode</link:label>
    <link:labelArc xlink:type="arc" xlink:arcrole="http://www.xbrl.org/2003/arcrole/concept-label" xlink:from="loc_dnb_ppi_dim016" xlink:to="label_dnb_ppi_dim016" />
    <link:label xlink:type="resource" xlink:label="label_dnb_ppi_dim016_2" xml:lang="nl" xlink:role="http://www.xbrl.org/2003/role/documentation">Rendementsperiode</link:label>
    <link:labelArc xlink:type="arc" xlink:arcrole="http://www.xbrl.org/2003/arcrole/concept-label" xlink:from="loc_dnb_ppi_dim016" xlink:to="label_dnb_ppi_dim016_2" />
    <link:loc xlink:type="locator" xlink:href="dim.xsd#dnb_ppi_dim017" xlink:label="loc_dnb_ppi_dim017" />
    <link:label xlink:type="resource" xlink:label="label_dnb_ppi_dim017" xml:lang="nl" xlink:role="http://www.xbrl.org/2003/role/label">Rendementtype</link:label>
    <link:labelArc xlink:type="arc" xlink:arcrole="http://www.xbrl.org/2003/arcrole/concept-label" xlink:from="loc_dnb_ppi_dim017" xlink:to="label_dnb_ppi_dim017" />
    <link:label xlink:type="resource" xlink:label="label_dnb_ppi_dim017_2" xml:lang="nl" xlink:role="http://www.xbrl.org/2003/role/documentation">Rendementtype</link:label>
    <link:labelArc xlink:type="arc" xlink:arcrole="http://www.xbrl.org/2003/arcrole/concept-label" xlink:from="loc_dnb_ppi_dim017" xlink:to="label_dnb_ppi_dim017_2" />
    <link:loc xlink:type="locator" xlink:href="dim.xsd#dnb_ppi_dim018" xlink:label="loc_dnb_ppi_dim018" />
    <link:label xlink:type="resource" xlink:label="label_dnb_ppi_dim018" xml:lang="nl" xlink:role="http://www.xbrl.org/2003/role/label">Type contract</link:label>
    <link:labelArc xlink:type="arc" xlink:arcrole="http://www.xbrl.org/2003/arcrole/concept-label" xlink:from="loc_dnb_ppi_dim018" xlink:to="label_dnb_ppi_dim018" />
    <link:label xlink:type="resource" xlink:label="label_dnb_ppi_dim018_2" xml:lang="nl" xlink:role="http://www.xbrl.org/2003/role/documentation">Type contract</link:label>
    <link:labelArc xlink:type="arc" xlink:arcrole="http://www.xbrl.org/2003/arcrole/concept-label" xlink:from="loc_dnb_ppi_dim018" xlink:to="label_dnb_ppi_dim018_2" />
    <link:loc xlink:type="locator" xlink:href="dim.xsd#dnb_ppi_dim019" xlink:label="loc_dnb_ppi_dim019" />
    <link:label xlink:type="resource" xlink:label="label_dnb_ppi_dim019" xml:lang="nl" xlink:role="http://www.xbrl.org/2003/role/label">Type uitvoeringskosten</link:label>
    <link:labelArc xlink:type="arc" xlink:arcrole="http://www.xbrl.org/2003/arcrole/concept-label" xlink:from="loc_dnb_ppi_dim019" xlink:to="label_dnb_ppi_dim019" />
    <link:label xlink:type="resource" xlink:label="label_dnb_ppi_dim019_2" xml:lang="nl" xlink:role="http://www.xbrl.org/2003/role/documentation">Type uitvoeringskosten</link:label>
    <link:labelArc xlink:type="arc" xlink:arcrole="http://www.xbrl.org/2003/arcrole/concept-label" xlink:from="loc_dnb_ppi_dim019" xlink:to="label_dnb_ppi_dim019_2" />
    <link:loc xlink:type="locator" xlink:href="dim.xsd#dnb_ppi_dim020" xlink:label="loc_dnb_ppi_dim020" />
    <link:label xlink:type="resource" xlink:label="label_dnb_ppi_dim020" xml:lang="nl" xlink:role="http://www.xbrl.org/2003/role/label">Type vermogensbeheerkosten</link:label>
    <link:labelArc xlink:type="arc" xlink:arcrole="http://www.xbrl.org/2003/arcrole/concept-label" xlink:from="loc_dnb_ppi_dim020" xlink:to="label_dnb_ppi_dim020" />
    <link:label xlink:type="resource" xlink:label="label_dnb_ppi_dim020_2" xml:lang="nl" xlink:role="http://www.xbrl.org/2003/role/documentation">Type vermogensbeheerkosten</link:label>
    <link:labelArc xlink:type="arc" xlink:arcrole="http://www.xbrl.org/2003/arcrole/concept-label" xlink:from="loc_dnb_ppi_dim020" xlink:to="label_dnb_ppi_dim020_2" />
    <link:loc xlink:type="locator" xlink:href="dim.xsd#dnb_ppi_dim021" xlink:label="loc_dnb_ppi_dim021" />
    <link:label xlink:type="resource" xlink:label="label_dnb_ppi_dim021" xml:lang="nl" xlink:role="http://www.xbrl.org/2003/role/label">Vermogensbeheerkosten onderdeel</link:label>
    <link:labelArc xlink:type="arc" xlink:arcrole="http://www.xbrl.org/2003/arcrole/concept-label" xlink:from="loc_dnb_ppi_dim021" xlink:to="label_dnb_ppi_dim021" />
    <link:label xlink:type="resource" xlink:label="label_dnb_ppi_dim021_2" xml:lang="nl" xlink:role="http://www.xbrl.org/2003/role/documentation">Vermogensbeheerkosten onderdeel</link:label>
    <link:labelArc xlink:type="arc" xlink:arcrole="http://www.xbrl.org/2003/arcrole/concept-label" xlink:from="loc_dnb_ppi_dim021" xlink:to="label_dnb_ppi_dim021_2" />
    <link:loc xlink:type="locator" xlink:href="dim.xsd#dnb_ppi_dim022" xlink:label="loc_dnb_ppi_dim022" />
    <link:label xlink:type="resource" xlink:label="label_dnb_ppi_dim022" xml:lang="nl" xlink:role="http://www.xbrl.org/2003/role/label">Naam aandeel</link:label>
    <link:labelArc xlink:type="arc" xlink:arcrole="http://www.xbrl.org/2003/arcrole/concept-label" xlink:from="loc_dnb_ppi_dim022" xlink:to="label_dnb_ppi_dim022" />
    <link:label xlink:type="resource" xlink:label="label_dnb_ppi_dim022_2" xml:lang="nl" xlink:role="http://www.xbrl.org/2003/role/documentation">Naam aandeel</link:label>
    <link:labelArc xlink:type="arc" xlink:arcrole="http://www.xbrl.org/2003/arcrole/concept-label" xlink:from="loc_dnb_ppi_dim022" xlink:to="label_dnb_ppi_dim022_2" />
    <link:loc xlink:type="locator" xlink:href="dim.xsd#dnb_ppi_dim023" xlink:label="loc_dnb_ppi_dim023" />
    <link:label xlink:type="resource" xlink:label="label_dnb_ppi_dim023" xml:lang="nl" xlink:role="http://www.xbrl.org/2003/role/label">Aandeel onderdeel</link:label>
    <link:labelArc xlink:type="arc" xlink:arcrole="http://www.xbrl.org/2003/arcrole/concept-label" xlink:from="loc_dnb_ppi_dim023" xlink:to="label_dnb_ppi_dim023" />
    <link:label xlink:type="resource" xlink:label="label_dnb_ppi_dim023_2" xml:lang="nl" xlink:role="http://www.xbrl.org/2003/role/documentation">Aandeel onderdeel</link:label>
    <link:labelArc xlink:type="arc" xlink:arcrole="http://www.xbrl.org/2003/arcrole/concept-label" xlink:from="loc_dnb_ppi_dim023" xlink:to="label_dnb_ppi_dim023_2" />
    <link:loc xlink:type="locator" xlink:href="dim.xsd#dnb_ppi_dim024" xlink:label="loc_dnb_ppi_dim024" />
    <link:label xlink:type="resource" xlink:label="label_dnb_ppi_dim024" xml:lang="nl" xlink:role="http://www.xbrl.org/2003/role/label">Naam achtergestelde lening</link:label>
    <link:labelArc xlink:type="arc" xlink:arcrole="http://www.xbrl.org/2003/arcrole/concept-label" xlink:from="loc_dnb_ppi_dim024" xlink:to="label_dnb_ppi_dim024" />
    <link:label xlink:type="resource" xlink:label="label_dnb_ppi_dim024_2" xml:lang="nl" xlink:role="http://www.xbrl.org/2003/role/documentation">Naam achtergestelde lening</link:label>
    <link:labelArc xlink:type="arc" xlink:arcrole="http://www.xbrl.org/2003/arcrole/concept-label" xlink:from="loc_dnb_ppi_dim024" xlink:to="label_dnb_ppi_dim024_2" />
    <link:loc xlink:type="locator" xlink:href="dim.xsd#dnb_ppi_dim025" xlink:label="loc_dnb_ppi_dim025" />
    <link:label xlink:type="resource" xlink:label="label_dnb_ppi_dim025" xml:lang="nl" xlink:role="http://www.xbrl.org/2003/role/label">Achtergestelde lening onderdeel</link:label>
    <link:labelArc xlink:type="arc" xlink:arcrole="http://www.xbrl.org/2003/arcrole/concept-label" xlink:from="loc_dnb_ppi_dim025" xlink:to="label_dnb_ppi_dim025" />
    <link:label xlink:type="resource" xlink:label="label_dnb_ppi_dim025_2" xml:lang="nl" xlink:role="http://www.xbrl.org/2003/role/documentation">Achtergestelde lening onderdeel</link:label>
    <link:labelArc xlink:type="arc" xlink:arcrole="http://www.xbrl.org/2003/arcrole/concept-label" xlink:from="loc_dnb_ppi_dim025" xlink:to="label_dnb_ppi_dim025_2" />
    <link:loc xlink:type="locator" xlink:href="dim.xsd#dnb_ppi_dim026" xlink:label="loc_dnb_ppi_dim026" />
    <link:label xlink:type="resource" xlink:label="label_dnb_ppi_dim026" xml:lang="nl" xlink:role="http://www.xbrl.org/2003/role/label">Landengroep</link:label>
    <link:labelArc xlink:type="arc" xlink:arcrole="http://www.xbrl.org/2003/arcrole/concept-label" xlink:from="loc_dnb_ppi_dim026" xlink:to="label_dnb_ppi_dim026" />
    <link:label xlink:type="resource" xlink:label="label_dnb_ppi_dim026_2" xml:lang="nl" xlink:role="http://www.xbrl.org/2003/role/documentation">Landengroep</link:label>
    <link:labelArc xlink:type="arc" xlink:arcrole="http://www.xbrl.org/2003/arcrole/concept-label" xlink:from="loc_dnb_ppi_dim026" xlink:to="label_dnb_ppi_dim026_2" />
    <link:loc xlink:type="locator" xlink:href="dim.xsd#dnb_ppi_dim027" xlink:label="loc_dnb_ppi_dim027" />
    <link:label xlink:type="resource" xlink:label="label_dnb_ppi_dim027" xml:lang="nl" xlink:role="http://www.xbrl.org/2003/role/label">Beloningsgroep</link:label>
    <link:labelArc xlink:type="arc" xlink:arcrole="http://www.xbrl.org/2003/arcrole/concept-label" xlink:from="loc_dnb_ppi_dim027" xlink:to="label_dnb_ppi_dim027" />
    <link:label xlink:type="resource" xlink:label="label_dnb_ppi_dim027_2" xml:lang="nl" xlink:role="http://www.xbrl.org/2003/role/documentation">Beloningsgroep</link:label>
    <link:labelArc xlink:type="arc" xlink:arcrole="http://www.xbrl.org/2003/arcrole/concept-label" xlink:from="loc_dnb_ppi_dim027" xlink:to="label_dnb_ppi_dim027_2" />
    <link:loc xlink:type="locator" xlink:href="dim.xsd#dnb_ppi_dim028" xlink:label="loc_dnb_ppi_dim028" />
    <link:label xlink:type="resource" xlink:label="label_dnb_ppi_dim028" xml:lang="nl" xlink:role="http://www.xbrl.org/2003/role/label">Rapportagejaar</link:label>
    <link:labelArc xlink:type="arc" xlink:arcrole="http://www.xbrl.org/2003/arcrole/concept-label" xlink:from="loc_dnb_ppi_dim028" xlink:to="label_dnb_ppi_dim028" />
    <link:label xlink:type="resource" xlink:label="label_dnb_ppi_dim028_2" xml:lang="nl" xlink:role="http://www.xbrl.org/2003/role/documentation">Rapportagejaar</link:label>
    <link:labelArc xlink:type="arc" xlink:arcrole="http://www.xbrl.org/2003/arcrole/concept-label" xlink:from="loc_dnb_ppi_dim028" xlink:to="label_dnb_ppi_dim028_2" />
    <link:loc xlink:type="locator" xlink:href="dim.xsd#dnb_ppi_dim029" xlink:label="loc_dnb_ppi_dim029" />
    <link:label xlink:type="resource" xlink:label="label_dnb_ppi_dim029" xml:lang="nl" xlink:role="http://www.xbrl.org/2003/role/label">Type beloning</link:label>
    <link:labelArc xlink:type="arc" xlink:arcrole="http://www.xbrl.org/2003/arcrole/concept-label" xlink:from="loc_dnb_ppi_dim029" xlink:to="label_dnb_ppi_dim029" />
    <link:label xlink:type="resource" xlink:label="label_dnb_ppi_dim029_2" xml:lang="nl" xlink:role="http://www.xbrl.org/2003/role/documentation">Type beloning</link:label>
    <link:labelArc xlink:type="arc" xlink:arcrole="http://www.xbrl.org/2003/arcrole/concept-label" xlink:from="loc_dnb_ppi_dim029" xlink:to="label_dnb_ppi_dim029_2" />
    <link:loc xlink:type="locator" xlink:href="dim.xsd#dnb_ppi_dim030" xlink:label="loc_dnb_ppi_dim030" />
    <link:label xlink:type="resource" xlink:label="label_dnb_ppi_dim030" xml:lang="nl" xlink:role="http://www.xbrl.org/2003/role/label">Naam</link:label>
    <link:labelArc xlink:type="arc" xlink:arcrole="http://www.xbrl.org/2003/arcrole/concept-label" xlink:from="loc_dnb_ppi_dim030" xlink:to="label_dnb_ppi_dim030" />
    <link:label xlink:type="resource" xlink:label="label_dnb_ppi_dim030_2" xml:lang="nl" xlink:role="http://www.xbrl.org/2003/role/documentation">Naam</link:label>
    <link:labelArc xlink:type="arc" xlink:arcrole="http://www.xbrl.org/2003/arcrole/concept-label" xlink:from="loc_dnb_ppi_dim030" xlink:to="label_dnb_ppi_dim030_2" />
    <link:loc xlink:type="locator" xlink:href="dim.xsd#dnb_ppi_dim031" xlink:label="loc_dnb_ppi_dim031" />
    <link:label xlink:type="resource" xlink:label="label_dnb_ppi_dim031" xml:lang="nl" xlink:role="http://www.xbrl.org/2003/role/label">Benoemingstermijn</link:label>
    <link:labelArc xlink:type="arc" xlink:arcrole="http://www.xbrl.org/2003/arcrole/concept-label" xlink:from="loc_dnb_ppi_dim031" xlink:to="label_dnb_ppi_dim031" />
    <link:label xlink:type="resource" xlink:label="label_dnb_ppi_dim031_2" xml:lang="nl" xlink:role="http://www.xbrl.org/2003/role/documentation">Benoemingstermijn</link:label>
    <link:labelArc xlink:type="arc" xlink:arcrole="http://www.xbrl.org/2003/arcrole/concept-label" xlink:from="loc_dnb_ppi_dim031" xlink:to="label_dnb_ppi_dim031_2" />
    <link:loc xlink:type="locator" xlink:href="dim.xsd#dnb_ppi_dim032" xlink:label="loc_dnb_ppi_dim032" />
    <link:label xlink:type="resource" xlink:label="label_dnb_ppi_dim032" xml:lang="nl" xlink:role="http://www.xbrl.org/2003/role/label">Nevenactiviteit onderdeel</link:label>
    <link:labelArc xlink:type="arc" xlink:arcrole="http://www.xbrl.org/2003/arcrole/concept-label" xlink:from="loc_dnb_ppi_dim032" xlink:to="label_dnb_ppi_dim032" />
    <link:label xlink:type="resource" xlink:label="label_dnb_ppi_dim032_2" xml:lang="nl" xlink:role="http://www.xbrl.org/2003/role/documentation">Nevenactiviteit onderdeel</link:label>
    <link:labelArc xlink:type="arc" xlink:arcrole="http://www.xbrl.org/2003/arcrole/concept-label" xlink:from="loc_dnb_ppi_dim032" xlink:to="label_dnb_ppi_dim032_2" />
    <link:loc xlink:type="locator" xlink:href="dim.xsd#dnb_ppi_dim033" xlink:label="loc_dnb_ppi_dim033" />
    <link:label xlink:type="resource" xlink:label="label_dnb_ppi_dim033" xml:lang="nl" xlink:role="http://www.xbrl.org/2003/role/label">Type nevenactiviteit</link:label>
    <link:labelArc xlink:type="arc" xlink:arcrole="http://www.xbrl.org/2003/arcrole/concept-label" xlink:from="loc_dnb_ppi_dim033" xlink:to="label_dnb_ppi_dim033" />
    <link:label xlink:type="resource" xlink:label="label_dnb_ppi_dim033_2" xml:lang="nl" xlink:role="http://www.xbrl.org/2003/role/documentation">Type nevenactiviteit</link:label>
    <link:labelArc xlink:type="arc" xlink:arcrole="http://www.xbrl.org/2003/arcrole/concept-label" xlink:from="loc_dnb_ppi_dim033" xlink:to="label_dnb_ppi_dim033_2" />
    <link:loc xlink:type="locator" xlink:href="dim.xsd#dnb_ppi_dim034" xlink:label="loc_dnb_ppi_dim034" />
    <link:label xlink:type="resource" xlink:label="label_dnb_ppi_dim034" xml:lang="nl" xlink:role="http://www.xbrl.org/2003/role/label">Naam land</link:label>
    <link:labelArc xlink:type="arc" xlink:arcrole="http://www.xbrl.org/2003/arcrole/concept-label" xlink:from="loc_dnb_ppi_dim034" xlink:to="label_dnb_ppi_dim034" />
    <link:label xlink:type="resource" xlink:label="label_dnb_ppi_dim034_2" xml:lang="nl" xlink:role="http://www.xbrl.org/2003/role/documentation">Naam land</link:label>
    <link:labelArc xlink:type="arc" xlink:arcrole="http://www.xbrl.org/2003/arcrole/concept-label" xlink:from="loc_dnb_ppi_dim034" xlink:to="label_dnb_ppi_dim034_2" />
    <link:loc xlink:type="locator" xlink:href="dim.xsd#dnb_ppi_dim035" xlink:label="loc_dnb_ppi_dim035" />
    <link:label xlink:type="resource" xlink:label="label_dnb_ppi_dim035" xml:lang="nl" xlink:role="http://www.xbrl.org/2003/role/label">Type buitenlandse activiteit</link:label>
    <link:labelArc xlink:type="arc" xlink:arcrole="http://www.xbrl.org/2003/arcrole/concept-label" xlink:from="loc_dnb_ppi_dim035" xlink:to="label_dnb_ppi_dim035" />
    <link:label xlink:type="resource" xlink:label="label_dnb_ppi_dim035_2" xml:lang="nl" xlink:role="http://www.xbrl.org/2003/role/documentation">Type buitenlandse activiteit</link:label>
    <link:labelArc xlink:type="arc" xlink:arcrole="http://www.xbrl.org/2003/arcrole/concept-label" xlink:from="loc_dnb_ppi_dim035" xlink:to="label_dnb_ppi_dim035_2" />
    <link:loc xlink:type="locator" xlink:href="dim.xsd#dnb_ppi_dim036" xlink:label="loc_dnb_ppi_dim036" />
    <link:label xlink:type="resource" xlink:label="label_dnb_ppi_dim036" xml:lang="nl" xlink:role="http://www.xbrl.org/2003/role/label">Deelgebied</link:label>
    <link:labelArc xlink:type="arc" xlink:arcrole="http://www.xbrl.org/2003/arcrole/concept-label" xlink:from="loc_dnb_ppi_dim036" xlink:to="label_dnb_ppi_dim036" />
    <link:label xlink:type="resource" xlink:label="label_dnb_ppi_dim036_2" xml:lang="nl" xlink:role="http://www.xbrl.org/2003/role/documentation">Deelgebied</link:label>
    <link:labelArc xlink:type="arc" xlink:arcrole="http://www.xbrl.org/2003/arcrole/concept-label" xlink:from="loc_dnb_ppi_dim036" xlink:to="label_dnb_ppi_dim036_2" />
    <link:loc xlink:type="locator" xlink:href="dim.xsd#dnb_ppi_dim037" xlink:label="loc_dnb_ppi_dim037" />
    <link:label xlink:type="resource" xlink:label="label_dnb_ppi_dim037" xml:lang="nl" xlink:role="http://www.xbrl.org/2003/role/label">Deelnemersmutatie</link:label>
    <link:labelArc xlink:type="arc" xlink:arcrole="http://www.xbrl.org/2003/arcrole/concept-label" xlink:from="loc_dnb_ppi_dim037" xlink:to="label_dnb_ppi_dim037" />
    <link:label xlink:type="resource" xlink:label="label_dnb_ppi_dim037_2" xml:lang="nl" xlink:role="http://www.xbrl.org/2003/role/documentation">Deelnemersmutatie</link:label>
    <link:labelArc xlink:type="arc" xlink:arcrole="http://www.xbrl.org/2003/arcrole/concept-label" xlink:from="loc_dnb_ppi_dim037" xlink:to="label_dnb_ppi_dim037_2" />
    <link:loc xlink:type="locator" xlink:href="dim.xsd#dnb_ppi_dim038" xlink:label="loc_dnb_ppi_dim038" />
    <link:label xlink:type="resource" xlink:label="label_dnb_ppi_dim038" xml:lang="nl" xlink:role="http://www.xbrl.org/2003/role/label">Identificatie aangehouden beleggingen</link:label>
    <link:labelArc xlink:type="arc" xlink:arcrole="http://www.xbrl.org/2003/arcrole/concept-label" xlink:from="loc_dnb_ppi_dim038" xlink:to="label_dnb_ppi_dim038" />
    <link:label xlink:type="resource" xlink:label="label_dnb_ppi_dim038_2" xml:lang="nl" xlink:role="http://www.xbrl.org/2003/role/documentation">Identificatie aangehouden beleggingen</link:label>
    <link:labelArc xlink:type="arc" xlink:arcrole="http://www.xbrl.org/2003/arcrole/concept-label" xlink:from="loc_dnb_ppi_dim038" xlink:to="label_dnb_ppi_dim038_2" />
    <link:loc xlink:type="locator" xlink:href="dim.xsd#dnb_ppi_dim039" xlink:label="loc_dnb_ppi_dim039" />
    <link:label xlink:type="resource" xlink:label="label_dnb_ppi_dim039" xml:lang="nl" xlink:role="http://www.xbrl.org/2003/role/label">Identificatie aangehouden derivaten</link:label>
    <link:labelArc xlink:type="arc" xlink:arcrole="http://www.xbrl.org/2003/arcrole/concept-label" xlink:from="loc_dnb_ppi_dim039" xlink:to="label_dnb_ppi_dim039" />
    <link:label xlink:type="resource" xlink:label="label_dnb_ppi_dim039_2" xml:lang="nl" xlink:role="http://www.xbrl.org/2003/role/documentation">Identificatie aangehouden derivaten</link:label>
    <link:labelArc xlink:type="arc" xlink:arcrole="http://www.xbrl.org/2003/arcrole/concept-label" xlink:from="loc_dnb_ppi_dim039" xlink:to="label_dnb_ppi_dim039_2" />
    <link:loc xlink:type="locator" xlink:href="dim.xsd#dnb_ppi_dim040" xlink:label="loc_dnb_ppi_dim040" />
    <link:label xlink:type="resource" xlink:label="label_dnb_ppi_dim040" xml:lang="nl" xlink:role="http://www.xbrl.org/2003/role/label">Identificatie beleggingsfonds</link:label>
    <link:labelArc xlink:type="arc" xlink:arcrole="http://www.xbrl.org/2003/arcrole/concept-label" xlink:from="loc_dnb_ppi_dim040" xlink:to="label_dnb_ppi_dim040" />
    <link:label xlink:type="resource" xlink:label="label_dnb_ppi_dim040_2" xml:lang="nl" xlink:role="http://www.xbrl.org/2003/role/documentation">Identificatie beleggingsfonds</link:label>
    <link:labelArc xlink:type="arc" xlink:arcrole="http://www.xbrl.org/2003/arcrole/concept-label" xlink:from="loc_dnb_ppi_dim040" xlink:to="label_dnb_ppi_dim040_2" />
    <link:loc xlink:type="locator" xlink:href="dim.xsd#dnb_ppi_dim041" xlink:label="loc_dnb_ppi_dim041" />
    <link:label xlink:type="resource" xlink:label="label_dnb_ppi_dim041" xml:lang="nl" xlink:role="http://www.xbrl.org/2003/role/label">Regelnummer aangehouden beleggingen</link:label>
    <link:labelArc xlink:type="arc" xlink:arcrole="http://www.xbrl.org/2003/arcrole/concept-label" xlink:from="loc_dnb_ppi_dim041" xlink:to="label_dnb_ppi_dim041" />
    <link:label xlink:type="resource" xlink:label="label_dnb_ppi_dim041_2" xml:lang="nl" xlink:role="http://www.xbrl.org/2003/role/documentation">Regelnummer aangehouden beleggingen</link:label>
    <link:labelArc xlink:type="arc" xlink:arcrole="http://www.xbrl.org/2003/arcrole/concept-label" xlink:from="loc_dnb_ppi_dim041" xlink:to="label_dnb_ppi_dim041_2" />
    <link:loc xlink:type="locator" xlink:href="dim.xsd#dnb_ppi_dim042" xlink:label="loc_dnb_ppi_dim042" />
    <link:label xlink:type="resource" xlink:label="label_dnb_ppi_dim042" xml:lang="nl" xlink:role="http://www.xbrl.org/2003/role/label">Regelnummer aangehouden derivaten</link:label>
    <link:labelArc xlink:type="arc" xlink:arcrole="http://www.xbrl.org/2003/arcrole/concept-label" xlink:from="loc_dnb_ppi_dim042" xlink:to="label_dnb_ppi_dim042" />
    <link:label xlink:type="resource" xlink:label="label_dnb_ppi_dim042_2" xml:lang="nl" xlink:role="http://www.xbrl.org/2003/role/documentation">Regelnummer aangehouden derivaten</link:label>
    <link:labelArc xlink:type="arc" xlink:arcrole="http://www.xbrl.org/2003/arcrole/concept-label" xlink:from="loc_dnb_ppi_dim042" xlink:to="label_dnb_ppi_dim042_2" />
    <link:loc xlink:type="locator" xlink:href="dim.xsd#dnb_ppi_dim043" xlink:label="loc_dnb_ppi_dim043" />
    <link:label xlink:type="resource" xlink:label="label_dnb_ppi_dim043" xml:lang="nl" xlink:role="http://www.xbrl.org/2003/role/label">Stand</link:label>
    <link:labelArc xlink:type="arc" xlink:arcrole="http://www.xbrl.org/2003/arcrole/concept-label" xlink:from="loc_dnb_ppi_dim043" xlink:to="label_dnb_ppi_dim043" />
    <link:label xlink:type="resource" xlink:label="label_dnb_ppi_dim043_2" xml:lang="nl" xlink:role="http://www.xbrl.org/2003/role/documentation">Stand</link:label>
    <link:labelArc xlink:type="arc" xlink:arcrole="http://www.xbrl.org/2003/arcrole/concept-label" xlink:from="loc_dnb_ppi_dim043" xlink:to="label_dnb_ppi_dim043_2" />
    <link:loc xlink:type="locator" xlink:href="dim.xsd#dnb_ppi_dim044" xlink:label="loc_dnb_ppi_dim044" />
    <link:label xlink:type="resource" xlink:label="label_dnb_ppi_dim044" xml:lang="nl" xlink:role="http://www.xbrl.org/2003/role/label">Waarderingstype</link:label>
    <link:labelArc xlink:type="arc" xlink:arcrole="http://www.xbrl.org/2003/arcrole/concept-label" xlink:from="loc_dnb_ppi_dim044" xlink:to="label_dnb_ppi_dim044" />
    <link:label xlink:type="resource" xlink:label="label_dnb_ppi_dim044_2" xml:lang="nl" xlink:role="http://www.xbrl.org/2003/role/documentation">Waarderingstype</link:label>
    <link:labelArc xlink:type="arc" xlink:arcrole="http://www.xbrl.org/2003/arcrole/concept-label" xlink:from="loc_dnb_ppi_dim044" xlink:to="label_dnb_ppi_dim044_2" />
  </link:labelLink>
</link:linkbase>