<ns0:linkbase xmlns:ns0="http://www.xbrl.org/2003/linkbase" xmlns:ns2="http://www.w3.org/1999/xlink" xmlns:ns3="http://xbrl.org/2005/xbrldt" xmlns:xsi="http://www.w3.org/2001/XMLSchema-instance" xsi:schemaLocation="http://www.xbrl.org/2003/linkbase http://www.xbrl.org/2003/xbrl-linkbase-2003-12-31.xsd">
    <ns0:roleRef roleURI="http://ferc.gov/form/2020-01-01/roles/Schedule/F1F/RetainedEarningsDebit" ns2:href="form-1F-sched-RetainedEarnings_2020-01-01.xsd#roleType_RetainedEarningsDebit" ns2:type="simple" />
    <ns0:roleRef roleURI="http://ferc.gov/form/2020-01-01/roles/Schedule/F1F/RetainedEarningsAppropriations" ns2:href="form-1F-sched-RetainedEarnings_2020-01-01.xsd#roleType_RetainedEarningsAppropriations" ns2:type="simple" />
    <ns0:arcroleRef arcroleURI="http://xbrl.org/int/dim/arcrole/dimension-domain" ns2:href="http://www.xbrl.org/2005/xbrldt-2005.xsd#dimension-domain" ns2:type="simple" />
    <ns0:arcroleRef arcroleURI="http://xbrl.org/int/dim/arcrole/dimension-default" ns2:href="http://www.xbrl.org/2005/xbrldt-2005.xsd#dimension-default" ns2:type="simple" />
    <ns0:arcroleRef arcroleURI="http://xbrl.org/int/dim/arcrole/hypercube-dimension" ns2:href="http://www.xbrl.org/2005/xbrldt-2005.xsd#hypercube-dimension" ns2:type="simple" />
    <ns0:roleRef roleURI="http://ferc.gov/form/2020-01-01/roles/Schedule/F1F/RetainedEarningsCommonStock" ns2:href="form-1F-sched-RetainedEarnings_2020-01-01.xsd#roleType_RetainedEarningsCommonStock" ns2:type="simple" />
    <ns0:roleRef roleURI="http://ferc.gov/form/2020-01-01/roles/Schedule/F1F/RetainedEarningsCredit" ns2:href="form-1F-sched-RetainedEarnings_2020-01-01.xsd#roleType_RetainedEarningsCredit" ns2:type="simple" />
    <ns0:roleRef roleURI="http://ferc.gov/form/2020-01-01/roles/Schedule/F1F/RetainedEarningsAppropriated" ns2:href="form-1F-sched-RetainedEarnings_2020-01-01.xsd#roleType_RetainedEarningsAppropriated" ns2:type="simple" />
    <ns0:roleRef roleURI="http://ferc.gov/form/2020-01-01/roles/Schedule/F1F/RetainedEarningsPreferredStock" ns2:href="form-1F-sched-RetainedEarnings_2020-01-01.xsd#roleType_RetainedEarningsPreferredStock" ns2:type="simple" />
    <ns0:arcroleRef arcroleURI="http://xbrl.org/int/dim/arcrole/all" ns2:href="http://www.xbrl.org/2005/xbrldt-2005.xsd#all" ns2:type="simple" />
    <ns0:roleRef roleURI="http://ferc.gov/form/2020-01-01/roles/Schedule/F1F/RetainedEarnings" ns2:href="form-1F-sched-RetainedEarnings_2020-01-01.xsd#roleType_RetainedEarnings" ns2:type="simple" />
    <ns0:arcroleRef arcroleURI="http://xbrl.org/int/dim/arcrole/domain-member" ns2:href="http://www.xbrl.org/2005/xbrldt-2005.xsd#domain-member" ns2:type="simple" />
    <ns0:definitionLink ns2:role="http://ferc.gov/form/2020-01-01/roles/Schedule/F1F/RetainedEarnings" ns2:type="extended">
        <ns0:loc ns2:href="../../ferc-core_2020-01-01.xsd#ferc_ScheduleRetainedEarningsAbstract" ns2:label="ferc_ScheduleRetainedEarningsAbstract" ns2:type="locator" />
        <ns0:loc ns2:href="../../ferc-core_2020-01-01.xsd#ferc_RetainedEarningsLineItems" ns2:label="ferc_RetainedEarningsLineItems" ns2:type="locator" />
        <ns0:definitionArc order="1" ns2:arcrole="http://xbrl.org/int/dim/arcrole/domain-member" ns2:from="ferc_ScheduleRetainedEarningsAbstract" ns2:to="ferc_RetainedEarningsLineItems" ns2:type="arc" />
        <ns0:loc ns2:href="../../ferc-core_2020-01-01.xsd#ferc_RetainedEarningsTable" ns2:label="ferc_RetainedEarningsTable" ns2:type="locator" />
        <ns0:definitionArc order="1" ns2:arcrole="http://xbrl.org/int/dim/arcrole/all" ns2:from="ferc_RetainedEarningsLineItems" ns2:to="ferc_RetainedEarningsTable" ns2:type="arc" ns3:closed="true" ns3:contextElement="segment" />
        <ns0:loc ns2:href="../../ferc-core_2020-01-01.xsd#ferc_UnappropriatedRetainedEarningsAbstract" ns2:label="ferc_UnappropriatedRetainedEarningsAbstract" ns2:type="locator" />
        <ns0:definitionArc order="2" ns2:arcrole="http://xbrl.org/int/dim/arcrole/domain-member" ns2:from="ferc_RetainedEarningsLineItems" ns2:to="ferc_UnappropriatedRetainedEarningsAbstract" ns2:type="arc" />
        <ns0:loc ns2:href="../../ferc-core_2020-01-01.xsd#ferc_UnappropriatedRetainedEarnings" ns2:label="ferc_UnappropriatedRetainedEarnings" ns2:type="locator" />
        <ns0:definitionArc order="1" ns2:arcrole="http://xbrl.org/int/dim/arcrole/domain-member" ns2:from="ferc_UnappropriatedRetainedEarningsAbstract" ns2:to="ferc_UnappropriatedRetainedEarnings" ns2:type="arc" />
        <ns0:loc ns2:href="../../ferc-core_2020-01-01.xsd#ferc_AdjustmentsToRetainedEarningsAbstract" ns2:label="ferc_AdjustmentsToRetainedEarningsAbstract" ns2:type="locator" />
        <ns0:definitionArc order="2" ns2:arcrole="http://xbrl.org/int/dim/arcrole/domain-member" ns2:from="ferc_UnappropriatedRetainedEarningsAbstract" ns2:to="ferc_AdjustmentsToRetainedEarningsAbstract" ns2:type="arc" />
        <ns0:loc ns2:href="../../ferc-core_2020-01-01.xsd#ferc_AdjustmentsToRetainedEarningsCreditAbstract" ns2:label="ferc_AdjustmentsToRetainedEarningsCreditAbstract" ns2:type="locator" />
        <ns0:definitionArc order="1" ns2:arcrole="http://xbrl.org/int/dim/arcrole/domain-member" ns2:from="ferc_AdjustmentsToRetainedEarningsAbstract" ns2:to="ferc_AdjustmentsToRetainedEarningsCreditAbstract" ns2:type="arc" />
        <ns0:loc ns2:href="../../ferc-core_2020-01-01.xsd#ferc_AdjustmentsToRetainedEarningsCredit" ns2:label="ferc_AdjustmentsToRetainedEarningsCredit" ns2:type="locator" />
        <ns0:definitionArc order="1" ns2:arcrole="http://xbrl.org/int/dim/arcrole/domain-member" ns2:from="ferc_AdjustmentsToRetainedEarningsCreditAbstract" ns2:to="ferc_AdjustmentsToRetainedEarningsCredit" ns2:type="arc" />
        <ns0:loc ns2:href="../../ferc-core_2020-01-01.xsd#ferc_AdjustmentsToRetainedEarningsDebitAbstract" ns2:label="ferc_AdjustmentsToRetainedEarningsDebitAbstract" ns2:type="locator" />
        <ns0:definitionArc order="2" ns2:arcrole="http://xbrl.org/int/dim/arcrole/domain-member" ns2:from="ferc_AdjustmentsToRetainedEarningsAbstract" ns2:to="ferc_AdjustmentsToRetainedEarningsDebitAbstract" ns2:type="arc" />
        <ns0:loc ns2:href="../../ferc-core_2020-01-01.xsd#ferc_AdjustmentsToRetainedEarningsDebit" ns2:label="ferc_AdjustmentsToRetainedEarningsDebit" ns2:type="locator" />
        <ns0:definitionArc order="1" ns2:arcrole="http://xbrl.org/int/dim/arcrole/domain-member" ns2:from="ferc_AdjustmentsToRetainedEarningsDebitAbstract" ns2:to="ferc_AdjustmentsToRetainedEarningsDebit" ns2:type="arc" />
        <ns0:loc ns2:href="../../ferc-core_2020-01-01.xsd#ferc_BalanceTransferredFromIncome" ns2:label="ferc_BalanceTransferredFromIncome" ns2:type="locator" />
        <ns0:definitionArc order="3" ns2:arcrole="http://xbrl.org/int/dim/arcrole/domain-member" ns2:from="ferc_UnappropriatedRetainedEarningsAbstract" ns2:to="ferc_BalanceTransferredFromIncome" ns2:type="arc" />
        <ns0:loc ns2:href="../../ferc-core_2020-01-01.xsd#ferc_BalanceTransferredFromIncomeContraPrimaryAccountAffected" ns2:label="ferc_BalanceTransferredFromIncomeContraPrimaryAccountAffected" ns2:type="locator" />
        <ns0:definitionArc order="1" ns2:arcrole="http://xbrl.org/int/dim/arcrole/domain-member" ns2:from="ferc_BalanceTransferredFromIncome" ns2:to="ferc_BalanceTransferredFromIncomeContraPrimaryAccountAffected" ns2:type="arc" />
        <ns0:loc ns2:href="../../ferc-core_2020-01-01.xsd#ferc_AppropriationsOfRetainedEarningsAbstract" ns2:label="ferc_AppropriationsOfRetainedEarningsAbstract" ns2:type="locator" />
        <ns0:definitionArc order="4" ns2:arcrole="http://xbrl.org/int/dim/arcrole/domain-member" ns2:from="ferc_UnappropriatedRetainedEarningsAbstract" ns2:to="ferc_AppropriationsOfRetainedEarningsAbstract" ns2:type="arc" />
        <ns0:loc ns2:href="../../ferc-core_2020-01-01.xsd#ferc_AppropriationsOfRetainedEarnings" ns2:label="ferc_AppropriationsOfRetainedEarnings" ns2:type="locator" />
        <ns0:definitionArc order="5" ns2:arcrole="http://xbrl.org/int/dim/arcrole/domain-member" ns2:from="ferc_UnappropriatedRetainedEarningsAbstract" ns2:to="ferc_AppropriationsOfRetainedEarnings" ns2:type="arc" />
        <ns0:loc ns2:href="../../ferc-core_2020-01-01.xsd#ferc_DividendsDeclaredPreferredStockAbstract" ns2:label="ferc_DividendsDeclaredPreferredStockAbstract" ns2:type="locator" />
        <ns0:definitionArc order="6" ns2:arcrole="http://xbrl.org/int/dim/arcrole/domain-member" ns2:from="ferc_UnappropriatedRetainedEarningsAbstract" ns2:to="ferc_DividendsDeclaredPreferredStockAbstract" ns2:type="arc" />
        <ns0:loc ns2:href="../../ferc-core_2020-01-01.xsd#ferc_DividendsDeclaredPreferredStock" ns2:label="ferc_DividendsDeclaredPreferredStock" ns2:type="locator" />
        <ns0:definitionArc order="7" ns2:arcrole="http://xbrl.org/int/dim/arcrole/domain-member" ns2:from="ferc_UnappropriatedRetainedEarningsAbstract" ns2:to="ferc_DividendsDeclaredPreferredStock" ns2:type="arc" />
        <ns0:loc ns2:href="../../ferc-core_2020-01-01.xsd#ferc_DividendsDeclaredCommonStockAbstract" ns2:label="ferc_DividendsDeclaredCommonStockAbstract" ns2:type="locator" />
        <ns0:definitionArc order="8" ns2:arcrole="http://xbrl.org/int/dim/arcrole/domain-member" ns2:from="ferc_UnappropriatedRetainedEarningsAbstract" ns2:to="ferc_DividendsDeclaredCommonStockAbstract" ns2:type="arc" />
        <ns0:loc ns2:href="../../ferc-core_2020-01-01.xsd#ferc_DividendsDeclaredCommonStock" ns2:label="ferc_DividendsDeclaredCommonStock" ns2:type="locator" />
        <ns0:definitionArc order="9" ns2:arcrole="http://xbrl.org/int/dim/arcrole/domain-member" ns2:from="ferc_UnappropriatedRetainedEarningsAbstract" ns2:to="ferc_DividendsDeclaredCommonStock" ns2:type="arc" />
        <ns0:loc ns2:href="../../ferc-core_2020-01-01.xsd#ferc_UnappropriatedRetainedEarningsContraPrimaryAccountAffected" ns2:label="ferc_UnappropriatedRetainedEarningsContraPrimaryAccountAffected" ns2:type="locator" />
        <ns0:definitionArc order="1" ns2:arcrole="http://xbrl.org/int/dim/arcrole/domain-member" ns2:from="ferc_DividendsDeclaredCommonStock" ns2:to="ferc_UnappropriatedRetainedEarningsContraPrimaryAccountAffected" ns2:type="arc" />
        <ns0:loc ns2:href="../../ferc-core_2020-01-01.xsd#ferc_AppropriatedRetainedEarningsAbstract" ns2:label="ferc_AppropriatedRetainedEarningsAbstract" ns2:type="locator" />
        <ns0:definitionArc order="3" ns2:arcrole="http://xbrl.org/int/dim/arcrole/domain-member" ns2:from="ferc_RetainedEarningsLineItems" ns2:to="ferc_AppropriatedRetainedEarningsAbstract" ns2:type="arc" />
        <ns0:loc ns2:href="../../ferc-core_2020-01-01.xsd#ferc_AppropriatedRetainedEarnings" ns2:label="ferc_AppropriatedRetainedEarnings" ns2:type="locator" />
        <ns0:definitionArc order="1" ns2:arcrole="http://xbrl.org/int/dim/arcrole/domain-member" ns2:from="ferc_AppropriatedRetainedEarningsAbstract" ns2:to="ferc_AppropriatedRetainedEarnings" ns2:type="arc" />
        <ns0:loc ns2:href="../../ferc-core_2020-01-01.xsd#ferc_AppropriatedRetainedEarningsAmortizationReserveFederal" ns2:label="ferc_AppropriatedRetainedEarningsAmortizationReserveFederal" ns2:type="locator" />
        <ns0:definitionArc order="2" ns2:arcrole="http://xbrl.org/int/dim/arcrole/domain-member" ns2:from="ferc_AppropriatedRetainedEarningsAbstract" ns2:to="ferc_AppropriatedRetainedEarningsAmortizationReserveFederal" ns2:type="arc" />
        <ns0:loc ns2:href="../../ferc-core_2020-01-01.xsd#ferc_AppropriatedRetainedEarningsIncludingReserveAmortization" ns2:label="ferc_AppropriatedRetainedEarningsIncludingReserveAmortization" ns2:type="locator" />
        <ns0:definitionArc order="3" ns2:arcrole="http://xbrl.org/int/dim/arcrole/domain-member" ns2:from="ferc_AppropriatedRetainedEarningsAbstract" ns2:to="ferc_AppropriatedRetainedEarningsIncludingReserveAmortization" ns2:type="arc" />
        <ns0:loc ns2:href="../../ferc-core_2020-01-01.xsd#ferc_RetainedEarnings" ns2:label="ferc_RetainedEarnings" ns2:type="locator" />
        <ns0:definitionArc order="4" ns2:arcrole="http://xbrl.org/int/dim/arcrole/domain-member" ns2:from="ferc_RetainedEarningsLineItems" ns2:to="ferc_RetainedEarnings" ns2:type="arc" />
    </ns0:definitionLink>
    <ns0:definitionLink ns2:role="http://ferc.gov/form/2020-01-01/roles/Schedule/F1F/RetainedEarningsCredit" ns2:type="extended">
        <ns0:loc ns2:href="../../ferc-core_2020-01-01.xsd#ferc_ScheduleRetainedEarningsAbstract" ns2:label="ferc_ScheduleRetainedEarningsAbstract" ns2:type="locator" />
        <ns0:loc ns2:href="../../ferc-core_2020-01-01.xsd#ferc_RetainedEarningsLineItems" ns2:label="ferc_RetainedEarningsLineItems" ns2:type="locator" />
        <ns0:definitionArc order="1" ns2:arcrole="http://xbrl.org/int/dim/arcrole/domain-member" ns2:from="ferc_ScheduleRetainedEarningsAbstract" ns2:to="ferc_RetainedEarningsLineItems" ns2:type="arc" />
        <ns0:loc ns2:href="../../ferc-core_2020-01-01.xsd#ferc_RetainedEarningsTable" ns2:label="ferc_RetainedEarningsTable" ns2:type="locator" />
        <ns0:definitionArc order="1" ns2:arcrole="http://xbrl.org/int/dim/arcrole/all" ns2:from="ferc_RetainedEarningsLineItems" ns2:to="ferc_RetainedEarningsTable" ns2:type="arc" ns3:closed="true" ns3:contextElement="segment" />
        <ns0:loc ns2:href="../../ferc-core_2020-01-01.xsd#ferc_RetainedEarningsAdjustmentsAxis" ns2:label="ferc_RetainedEarningsAdjustmentsAxis" ns2:type="locator" />
        <ns0:definitionArc order="1" ns2:arcrole="http://xbrl.org/int/dim/arcrole/hypercube-dimension" ns2:from="ferc_RetainedEarningsTable" ns2:to="ferc_RetainedEarningsAdjustmentsAxis" ns2:type="arc" />
        <ns0:loc ns2:href="../../ferc-core_2020-01-01.xsd#ferc_OrderNumber" ns2:label="ferc_OrderNumber" ns2:type="locator" />
        <ns0:definitionArc order="2" ns2:arcrole="http://xbrl.org/int/dim/arcrole/domain-member" ns2:from="ferc_RetainedEarningsLineItems" ns2:to="ferc_OrderNumber" ns2:type="arc" />
        <ns0:loc ns2:href="../../ferc-core_2020-01-01.xsd#ferc_AdjustmentsToRetainedEarningsCreditDescription" ns2:label="ferc_AdjustmentsToRetainedEarningsCreditDescription" ns2:type="locator" />
        <ns0:definitionArc order="3" ns2:arcrole="http://xbrl.org/int/dim/arcrole/domain-member" ns2:from="ferc_RetainedEarningsLineItems" ns2:to="ferc_AdjustmentsToRetainedEarningsCreditDescription" ns2:type="arc" />
        <ns0:loc ns2:href="../../ferc-core_2020-01-01.xsd#ferc_AdjustmentsToRetainedEarningsCreditContraPrimaryAccountAffected" ns2:label="ferc_AdjustmentsToRetainedEarningsCreditContraPrimaryAccountAffected" ns2:type="locator" />
        <ns0:definitionArc order="4" ns2:arcrole="http://xbrl.org/int/dim/arcrole/domain-member" ns2:from="ferc_RetainedEarningsLineItems" ns2:to="ferc_AdjustmentsToRetainedEarningsCreditContraPrimaryAccountAffected" ns2:type="arc" />
        <ns0:loc ns2:href="../../ferc-core_2020-01-01.xsd#ferc_AdjustmentsToRetainedEarningsCredit" ns2:label="ferc_AdjustmentsToRetainedEarningsCredit" ns2:type="locator" />
        <ns0:definitionArc order="5" ns2:arcrole="http://xbrl.org/int/dim/arcrole/domain-member" ns2:from="ferc_RetainedEarningsLineItems" ns2:to="ferc_AdjustmentsToRetainedEarningsCredit" ns2:type="arc" />
    </ns0:definitionLink>
    <ns0:definitionLink ns2:role="http://ferc.gov/form/2020-01-01/roles/Schedule/F1F/RetainedEarningsDebit" ns2:type="extended">
        <ns0:loc ns2:href="../../ferc-core_2020-01-01.xsd#ferc_ScheduleRetainedEarningsAbstract" ns2:label="ferc_ScheduleRetainedEarningsAbstract" ns2:type="locator" />
        <ns0:loc ns2:href="../../ferc-core_2020-01-01.xsd#ferc_RetainedEarningsLineItems" ns2:label="ferc_RetainedEarningsLineItems" ns2:type="locator" />
        <ns0:definitionArc order="1" ns2:arcrole="http://xbrl.org/int/dim/arcrole/domain-member" ns2:from="ferc_ScheduleRetainedEarningsAbstract" ns2:to="ferc_RetainedEarningsLineItems" ns2:type="arc" />
        <ns0:loc ns2:href="../../ferc-core_2020-01-01.xsd#ferc_RetainedEarningsTable" ns2:label="ferc_RetainedEarningsTable" ns2:type="locator" />
        <ns0:definitionArc order="1" ns2:arcrole="http://xbrl.org/int/dim/arcrole/all" ns2:from="ferc_RetainedEarningsLineItems" ns2:to="ferc_RetainedEarningsTable" ns2:type="arc" ns3:closed="true" ns3:contextElement="segment" />
        <ns0:loc ns2:href="../../ferc-core_2020-01-01.xsd#ferc_RetainedEarningsAdjustmentsAxis" ns2:label="ferc_RetainedEarningsAdjustmentsAxis" ns2:type="locator" />
        <ns0:definitionArc order="1" ns2:arcrole="http://xbrl.org/int/dim/arcrole/hypercube-dimension" ns2:from="ferc_RetainedEarningsTable" ns2:to="ferc_RetainedEarningsAdjustmentsAxis" ns2:type="arc" />
        <ns0:loc ns2:href="../../ferc-core_2020-01-01.xsd#ferc_OrderNumber" ns2:label="ferc_OrderNumber" ns2:type="locator" />
        <ns0:definitionArc order="2" ns2:arcrole="http://xbrl.org/int/dim/arcrole/domain-member" ns2:from="ferc_RetainedEarningsLineItems" ns2:to="ferc_OrderNumber" ns2:type="arc" />
        <ns0:loc ns2:href="../../ferc-core_2020-01-01.xsd#ferc_AdjustmentsToRetainedEarningsDebitDescription" ns2:label="ferc_AdjustmentsToRetainedEarningsDebitDescription" ns2:type="locator" />
        <ns0:definitionArc order="3" ns2:arcrole="http://xbrl.org/int/dim/arcrole/domain-member" ns2:from="ferc_RetainedEarningsLineItems" ns2:to="ferc_AdjustmentsToRetainedEarningsDebitDescription" ns2:type="arc" />
        <ns0:loc ns2:href="../../ferc-core_2020-01-01.xsd#ferc_AdjustmentsToRetainedEarningsDebitContraPrimaryAccountAffected" ns2:label="ferc_AdjustmentsToRetainedEarningsDebitContraPrimaryAccountAffected" ns2:type="locator" />
        <ns0:definitionArc order="4" ns2:arcrole="http://xbrl.org/int/dim/arcrole/domain-member" ns2:from="ferc_RetainedEarningsLineItems" ns2:to="ferc_AdjustmentsToRetainedEarningsDebitContraPrimaryAccountAffected" ns2:type="arc" />
        <ns0:loc ns2:href="../../ferc-core_2020-01-01.xsd#ferc_AdjustmentsToRetainedEarningsDebit" ns2:label="ferc_AdjustmentsToRetainedEarningsDebit" ns2:type="locator" />
        <ns0:definitionArc order="5" ns2:arcrole="http://xbrl.org/int/dim/arcrole/domain-member" ns2:from="ferc_RetainedEarningsLineItems" ns2:to="ferc_AdjustmentsToRetainedEarningsDebit" ns2:type="arc" />
    </ns0:definitionLink>
    <ns0:definitionLink ns2:role="http://ferc.gov/form/2020-01-01/roles/Schedule/F1F/RetainedEarningsAppropriations" ns2:type="extended">
        <ns0:loc ns2:href="../../ferc-core_2020-01-01.xsd#ferc_ScheduleRetainedEarningsAbstract" ns2:label="ferc_ScheduleRetainedEarningsAbstract" ns2:type="locator" />
        <ns0:loc ns2:href="../../ferc-core_2020-01-01.xsd#ferc_RetainedEarningsLineItems" ns2:label="ferc_RetainedEarningsLineItems" ns2:type="locator" />
        <ns0:definitionArc order="1" ns2:arcrole="http://xbrl.org/int/dim/arcrole/domain-member" ns2:from="ferc_ScheduleRetainedEarningsAbstract" ns2:to="ferc_RetainedEarningsLineItems" ns2:type="arc" />
        <ns0:loc ns2:href="../../ferc-core_2020-01-01.xsd#ferc_RetainedEarningsTable" ns2:label="ferc_RetainedEarningsTable" ns2:type="locator" />
        <ns0:definitionArc order="1" ns2:arcrole="http://xbrl.org/int/dim/arcrole/all" ns2:from="ferc_RetainedEarningsLineItems" ns2:to="ferc_RetainedEarningsTable" ns2:type="arc" ns3:closed="true" ns3:contextElement="segment" />
        <ns0:loc ns2:href="../../ferc-core_2020-01-01.xsd#ferc_AppropriatedRetainedEarningsAxis" ns2:label="ferc_AppropriatedRetainedEarningsAxis" ns2:type="locator" />
        <ns0:definitionArc order="1" ns2:arcrole="http://xbrl.org/int/dim/arcrole/hypercube-dimension" ns2:from="ferc_RetainedEarningsTable" ns2:to="ferc_AppropriatedRetainedEarningsAxis" ns2:type="arc" />
        <ns0:loc ns2:href="../../ferc-core_2020-01-01.xsd#ferc_OrderNumber" ns2:label="ferc_OrderNumber" ns2:type="locator" />
        <ns0:definitionArc order="2" ns2:arcrole="http://xbrl.org/int/dim/arcrole/domain-member" ns2:from="ferc_RetainedEarningsLineItems" ns2:to="ferc_OrderNumber" ns2:type="arc" />
        <ns0:loc ns2:href="../../ferc-core_2020-01-01.xsd#ferc_AppropriationsOfRetainedEarningsDescription" ns2:label="ferc_AppropriationsOfRetainedEarningsDescription" ns2:type="locator" />
        <ns0:definitionArc order="3" ns2:arcrole="http://xbrl.org/int/dim/arcrole/domain-member" ns2:from="ferc_RetainedEarningsLineItems" ns2:to="ferc_AppropriationsOfRetainedEarningsDescription" ns2:type="arc" />
        <ns0:loc ns2:href="../../ferc-core_2020-01-01.xsd#ferc_AppropriationsOfRetainedEarningsContraPrimaryAccountAffected" ns2:label="ferc_AppropriationsOfRetainedEarningsContraPrimaryAccountAffected" ns2:type="locator" />
        <ns0:definitionArc order="4" ns2:arcrole="http://xbrl.org/int/dim/arcrole/domain-member" ns2:from="ferc_RetainedEarningsLineItems" ns2:to="ferc_AppropriationsOfRetainedEarningsContraPrimaryAccountAffected" ns2:type="arc" />
        <ns0:loc ns2:href="../../ferc-core_2020-01-01.xsd#ferc_AppropriationsOfRetainedEarnings" ns2:label="ferc_AppropriationsOfRetainedEarnings" ns2:type="locator" />
        <ns0:definitionArc order="5" ns2:arcrole="http://xbrl.org/int/dim/arcrole/domain-member" ns2:from="ferc_RetainedEarningsLineItems" ns2:to="ferc_AppropriationsOfRetainedEarnings" ns2:type="arc" />
    </ns0:definitionLink>
    <ns0:definitionLink ns2:role="http://ferc.gov/form/2020-01-01/roles/Schedule/F1F/RetainedEarningsPreferredStock" ns2:type="extended">
        <ns0:loc ns2:href="../../ferc-core_2020-01-01.xsd#ferc_ScheduleRetainedEarningsAbstract" ns2:label="ferc_ScheduleRetainedEarningsAbstract" ns2:type="locator" />
        <ns0:loc ns2:href="../../ferc-core_2020-01-01.xsd#ferc_RetainedEarningsLineItems" ns2:label="ferc_RetainedEarningsLineItems" ns2:type="locator" />
        <ns0:definitionArc order="1" ns2:arcrole="http://xbrl.org/int/dim/arcrole/domain-member" ns2:from="ferc_ScheduleRetainedEarningsAbstract" ns2:to="ferc_RetainedEarningsLineItems" ns2:type="arc" />
        <ns0:loc ns2:href="../../ferc-core_2020-01-01.xsd#ferc_RetainedEarningsTable" ns2:label="ferc_RetainedEarningsTable" ns2:type="locator" />
        <ns0:definitionArc order="1" ns2:arcrole="http://xbrl.org/int/dim/arcrole/all" ns2:from="ferc_RetainedEarningsLineItems" ns2:to="ferc_RetainedEarningsTable" ns2:type="arc" ns3:closed="true" ns3:contextElement="segment" />
        <ns0:loc ns2:href="../../ferc-core_2020-01-01.xsd#ferc_RetainedEarningsPreferredStockAxis" ns2:label="ferc_RetainedEarningsPreferredStockAxis" ns2:type="locator" />
        <ns0:definitionArc order="1" ns2:arcrole="http://xbrl.org/int/dim/arcrole/hypercube-dimension" ns2:from="ferc_RetainedEarningsTable" ns2:to="ferc_RetainedEarningsPreferredStockAxis" ns2:type="arc" />
        <ns0:loc ns2:href="../../ferc-core_2020-01-01.xsd#ferc_OrderNumber" ns2:label="ferc_OrderNumber" ns2:type="locator" />
        <ns0:definitionArc order="2" ns2:arcrole="http://xbrl.org/int/dim/arcrole/domain-member" ns2:from="ferc_RetainedEarningsLineItems" ns2:to="ferc_OrderNumber" ns2:type="arc" />
        <ns0:loc ns2:href="../../ferc-core_2020-01-01.xsd#ferc_DividendsDeclaredPreferredStockDescription" ns2:label="ferc_DividendsDeclaredPreferredStockDescription" ns2:type="locator" />
        <ns0:definitionArc order="3" ns2:arcrole="http://xbrl.org/int/dim/arcrole/domain-member" ns2:from="ferc_RetainedEarningsLineItems" ns2:to="ferc_DividendsDeclaredPreferredStockDescription" ns2:type="arc" />
        <ns0:loc ns2:href="../../ferc-core_2020-01-01.xsd#ferc_DividendsDeclaredPreferredStockContraPrimaryAccountAffected" ns2:label="ferc_DividendsDeclaredPreferredStockContraPrimaryAccountAffected" ns2:type="locator" />
        <ns0:definitionArc order="4" ns2:arcrole="http://xbrl.org/int/dim/arcrole/domain-member" ns2:from="ferc_RetainedEarningsLineItems" ns2:to="ferc_DividendsDeclaredPreferredStockContraPrimaryAccountAffected" ns2:type="arc" />
        <ns0:loc ns2:href="../../ferc-core_2020-01-01.xsd#ferc_DividendsDeclaredPreferredStock" ns2:label="ferc_DividendsDeclaredPreferredStock" ns2:type="locator" />
        <ns0:definitionArc order="5" ns2:arcrole="http://xbrl.org/int/dim/arcrole/domain-member" ns2:from="ferc_RetainedEarningsLineItems" ns2:to="ferc_DividendsDeclaredPreferredStock" ns2:type="arc" />
    </ns0:definitionLink>
    <ns0:definitionLink ns2:role="http://ferc.gov/form/2020-01-01/roles/Schedule/F1F/RetainedEarningsCommonStock" ns2:type="extended">
        <ns0:loc ns2:href="../../ferc-core_2020-01-01.xsd#ferc_ScheduleRetainedEarningsAbstract" ns2:label="ferc_ScheduleRetainedEarningsAbstract" ns2:type="locator" />
        <ns0:loc ns2:href="../../ferc-core_2020-01-01.xsd#ferc_RetainedEarningsLineItems" ns2:label="ferc_RetainedEarningsLineItems" ns2:type="locator" />
        <ns0:definitionArc order="1" ns2:arcrole="http://xbrl.org/int/dim/arcrole/domain-member" ns2:from="ferc_ScheduleRetainedEarningsAbstract" ns2:to="ferc_RetainedEarningsLineItems" ns2:type="arc" />
        <ns0:loc ns2:href="../../ferc-core_2020-01-01.xsd#ferc_RetainedEarningsTable" ns2:label="ferc_RetainedEarningsTable" ns2:type="locator" />
        <ns0:definitionArc order="1" ns2:arcrole="http://xbrl.org/int/dim/arcrole/all" ns2:from="ferc_RetainedEarningsLineItems" ns2:to="ferc_RetainedEarningsTable" ns2:type="arc" ns3:closed="true" ns3:contextElement="segment" />
        <ns0:loc ns2:href="../../ferc-core_2020-01-01.xsd#ferc_RetainedEarningsCommonStockAxis" ns2:label="ferc_RetainedEarningsCommonStockAxis" ns2:type="locator" />
        <ns0:definitionArc order="1" ns2:arcrole="http://xbrl.org/int/dim/arcrole/hypercube-dimension" ns2:from="ferc_RetainedEarningsTable" ns2:to="ferc_RetainedEarningsCommonStockAxis" ns2:type="arc" />
        <ns0:loc ns2:href="../../ferc-core_2020-01-01.xsd#ferc_OrderNumber" ns2:label="ferc_OrderNumber" ns2:type="locator" />
        <ns0:definitionArc order="2" ns2:arcrole="http://xbrl.org/int/dim/arcrole/domain-member" ns2:from="ferc_RetainedEarningsLineItems" ns2:to="ferc_OrderNumber" ns2:type="arc" />
        <ns0:loc ns2:href="../../ferc-core_2020-01-01.xsd#ferc_DividendsDeclaredCommonStockDescription" ns2:label="ferc_DividendsDeclaredCommonStockDescription" ns2:type="locator" />
        <ns0:definitionArc order="3" ns2:arcrole="http://xbrl.org/int/dim/arcrole/domain-member" ns2:from="ferc_RetainedEarningsLineItems" ns2:to="ferc_DividendsDeclaredCommonStockDescription" ns2:type="arc" />
        <ns0:loc ns2:href="../../ferc-core_2020-01-01.xsd#ferc_DividendsDeclaredCommonStockContraPrimaryAccountAffected" ns2:label="ferc_DividendsDeclaredCommonStockContraPrimaryAccountAffected" ns2:type="locator" />
        <ns0:definitionArc order="4" ns2:arcrole="http://xbrl.org/int/dim/arcrole/domain-member" ns2:from="ferc_RetainedEarningsLineItems" ns2:to="ferc_DividendsDeclaredCommonStockContraPrimaryAccountAffected" ns2:type="arc" />
        <ns0:loc ns2:href="../../ferc-core_2020-01-01.xsd#ferc_DividendsDeclaredCommonStock" ns2:label="ferc_DividendsDeclaredCommonStock" ns2:type="locator" />
        <ns0:definitionArc order="5" ns2:arcrole="http://xbrl.org/int/dim/arcrole/domain-member" ns2:from="ferc_RetainedEarningsLineItems" ns2:to="ferc_DividendsDeclaredCommonStock" ns2:type="arc" />
    </ns0:definitionLink>
    <ns0:definitionLink ns2:role="http://ferc.gov/form/2020-01-01/roles/Schedule/F1F/RetainedEarningsAppropriated" ns2:type="extended">
        <ns0:loc ns2:href="../../ferc-core_2020-01-01.xsd#ferc_ScheduleRetainedEarningsAbstract" ns2:label="ferc_ScheduleRetainedEarningsAbstract" ns2:type="locator" />
        <ns0:loc ns2:href="../../ferc-core_2020-01-01.xsd#ferc_RetainedEarningsLineItems" ns2:label="ferc_RetainedEarningsLineItems" ns2:type="locator" />
        <ns0:definitionArc order="1" ns2:arcrole="http://xbrl.org/int/dim/arcrole/domain-member" ns2:from="ferc_ScheduleRetainedEarningsAbstract" ns2:to="ferc_RetainedEarningsLineItems" ns2:type="arc" />
        <ns0:loc ns2:href="../../ferc-core_2020-01-01.xsd#ferc_RetainedEarningsTable" ns2:label="ferc_RetainedEarningsTable" ns2:type="locator" />
        <ns0:definitionArc order="1" ns2:arcrole="http://xbrl.org/int/dim/arcrole/all" ns2:from="ferc_RetainedEarningsLineItems" ns2:to="ferc_RetainedEarningsTable" ns2:type="arc" ns3:closed="true" ns3:contextElement="segment" />
        <ns0:loc ns2:href="../../ferc-core_2020-01-01.xsd#ferc_RetainedEarningsAxis" ns2:label="ferc_RetainedEarningsAxis" ns2:type="locator" />
        <ns0:definitionArc order="1" ns2:arcrole="http://xbrl.org/int/dim/arcrole/hypercube-dimension" ns2:from="ferc_RetainedEarningsTable" ns2:to="ferc_RetainedEarningsAxis" ns2:type="arc" />
        <ns0:loc ns2:href="../../ferc-core_2020-01-01.xsd#ferc_OrderNumber" ns2:label="ferc_OrderNumber" ns2:type="locator" />
        <ns0:definitionArc order="2" ns2:arcrole="http://xbrl.org/int/dim/arcrole/domain-member" ns2:from="ferc_RetainedEarningsLineItems" ns2:to="ferc_OrderNumber" ns2:type="arc" />
        <ns0:loc ns2:href="../../ferc-core_2020-01-01.xsd#ferc_AppropriatedRetainedEarningsDescription" ns2:label="ferc_AppropriatedRetainedEarningsDescription" ns2:type="locator" />
        <ns0:definitionArc order="3" ns2:arcrole="http://xbrl.org/int/dim/arcrole/domain-member" ns2:from="ferc_RetainedEarningsLineItems" ns2:to="ferc_AppropriatedRetainedEarningsDescription" ns2:type="arc" />
        <ns0:loc ns2:href="../../ferc-core_2020-01-01.xsd#ferc_AppropriatedRetainedEarningsContraPrimaryAccountAffected" ns2:label="ferc_AppropriatedRetainedEarningsContraPrimaryAccountAffected" ns2:type="locator" />
        <ns0:definitionArc order="4" ns2:arcrole="http://xbrl.org/int/dim/arcrole/domain-member" ns2:from="ferc_RetainedEarningsLineItems" ns2:to="ferc_AppropriatedRetainedEarningsContraPrimaryAccountAffected" ns2:type="arc" />
        <ns0:loc ns2:href="../../ferc-core_2020-01-01.xsd#ferc_AppropriatedRetainedEarnings" ns2:label="ferc_AppropriatedRetainedEarnings" ns2:type="locator" />
        <ns0:definitionArc order="5" ns2:arcrole="http://xbrl.org/int/dim/arcrole/domain-member" ns2:from="ferc_RetainedEarningsLineItems" ns2:to="ferc_AppropriatedRetainedEarnings" ns2:type="arc" />
    </ns0:definitionLink>
    <ns0:definitionLink ns2:role="http://ferc.gov/form/2020-01-01/roles/Schedule/F1F/RetainedEarnings" ns2:type="extended" />
    <ns0:definitionLink ns2:role="http://ferc.gov/form/2020-01-01/roles/Schedule/F1F/RetainedEarningsCredit" ns2:type="extended" />
    <ns0:definitionLink ns2:role="http://ferc.gov/form/2020-01-01/roles/Schedule/F1F/RetainedEarningsDebit" ns2:type="extended" />
    <ns0:definitionLink ns2:role="http://ferc.gov/form/2020-01-01/roles/Schedule/F1F/RetainedEarningsAppropriations" ns2:type="extended" />
    <ns0:definitionLink ns2:role="http://ferc.gov/form/2020-01-01/roles/Schedule/F1F/RetainedEarningsPreferredStock" ns2:type="extended" />
    <ns0:definitionLink ns2:role="http://ferc.gov/form/2020-01-01/roles/Schedule/F1F/RetainedEarningsCommonStock" ns2:type="extended" />
    <ns0:definitionLink ns2:role="http://ferc.gov/form/2020-01-01/roles/Schedule/F1F/RetainedEarningsAppropriated" ns2:type="extended" />
</ns0:linkbase>