<ns0:linkbase xmlns:ns0="http://www.xbrl.org/2003/linkbase" xmlns:ns2="http://www.w3.org/1999/xlink" xmlns:xsi="http://www.w3.org/2001/XMLSchema-instance" xsi:schemaLocation="http://www.xbrl.org/2003/linkbase http://www.xbrl.org/2003/xbrl-linkbase-2003-12-31.xsd">
    <ns0:roleRef roleURI="http://ferc.gov/form/2020-01-01/roles/Schedule/F1/ScheduleElectricOperatingRevenues" ns2:href="form-1-sched-ElectricOperatingRevenues_2020-01-01.xsd#roleType_ScheduleElectricOperatingRevenues" ns2:type="simple" />
    <ns0:roleRef roleURI="http://ferc.gov/form/2020-01-01/roles/Schedule/F1/ScheduleElectricOperatingRevenuesUnbilledRevenues" ns2:href="form-1-sched-ElectricOperatingRevenues_2020-01-01.xsd#roleType_ScheduleElectricOperatingRevenuesUnbilledRevenues" ns2:type="simple" />
    <ns0:roleRef roleURI="http://ferc.gov/form/2020-01-01/roles/Schedule/F1/ScheduleElectricOperatingRevenuesOther" ns2:href="form-1-sched-ElectricOperatingRevenues_2020-01-01.xsd#roleType_ScheduleElectricOperatingRevenuesOther" ns2:type="simple" />
    <ns0:roleRef roleURI="http://ferc.gov/form/2020-01-01/roles/label/F1ElectricOperatingRevenues" ns2:href="../../ferc-core-lab-roles_2020-01-01.xsd#F1ElectricOperatingRevenues" ns2:type="simple" />
    <ns0:roleRef roleURI="http://ferc.gov/form/2020-01-01/roles/label/F1Total" ns2:href="../../ferc-core-lab-roles_2020-01-01.xsd#F1Total" ns2:type="simple" />
    <ns0:roleRef roleURI="http://ferc.gov/form/2020-01-01/roles/label/F1RollforwardHeader" ns2:href="../../ferc-core-lab-roles_2020-01-01.xsd#F1RollforwardHeader" ns2:type="simple" />
    <ns0:presentationLink ns2:role="http://ferc.gov/form/2020-01-01/roles/Schedule/F1/ScheduleElectricOperatingRevenues" ns2:type="extended">
        <ns0:loc ns2:href="../../ferc-core_2020-01-01.xsd#ferc_ScheduleElectricOperatingRevenuesAbstract" ns2:label="ferc_ScheduleElectricOperatingRevenuesAbstract" ns2:type="locator" />
        <ns0:loc ns2:href="../../ferc-core_2020-01-01.xsd#ferc_ElectricOperatingRevenuesTable" ns2:label="ferc_ElectricOperatingRevenuesTable" ns2:type="locator" />
        <ns0:presentationArc order="1" ns2:arcrole="http://www.xbrl.org/2003/arcrole/parent-child" ns2:from="ferc_ScheduleElectricOperatingRevenuesAbstract" ns2:to="ferc_ElectricOperatingRevenuesTable" ns2:type="arc" />
        <ns0:loc ns2:href="../../ferc-core_2020-01-01.xsd#ferc_ElectricOperatingRevenuesLineItems" ns2:label="ferc_ElectricOperatingRevenuesLineItems" ns2:type="locator" />
        <ns0:presentationArc order="1" ns2:arcrole="http://www.xbrl.org/2003/arcrole/parent-child" ns2:from="ferc_ElectricOperatingRevenuesTable" ns2:to="ferc_ElectricOperatingRevenuesLineItems" ns2:type="arc" />
        <ns0:loc ns2:href="../../ferc-core_2020-01-01.xsd#ferc_SalesOfElectricityHeadingAbstract" ns2:label="ferc_SalesOfElectricityHeadingAbstract" ns2:type="locator" />
        <ns0:presentationArc order="1" preferredLabel="http://ferc.gov/form/2020-01-01/roles/label/F1ElectricOperatingRevenues" ns2:arcrole="http://www.xbrl.org/2003/arcrole/parent-child" ns2:from="ferc_ElectricOperatingRevenuesLineItems" ns2:to="ferc_SalesOfElectricityHeadingAbstract" ns2:type="arc" />
        <ns0:loc ns2:href="../../ferc-core_2020-01-01.xsd#ferc_ResidentialSalesAbstract" ns2:label="ferc_ResidentialSalesAbstract" ns2:type="locator" />
        <ns0:presentationArc order="1" preferredLabel="http://ferc.gov/form/2020-01-01/roles/label/F1RollforwardHeader" ns2:arcrole="http://www.xbrl.org/2003/arcrole/parent-child" ns2:from="ferc_SalesOfElectricityHeadingAbstract" ns2:to="ferc_ResidentialSalesAbstract" ns2:type="arc" />
        <ns0:loc ns2:href="../../ferc-core_2020-01-01.xsd#ferc_ResidentialSales" ns2:label="ferc_ResidentialSales" ns2:type="locator" />
        <ns0:presentationArc order="1" ns2:arcrole="http://www.xbrl.org/2003/arcrole/parent-child" ns2:from="ferc_ResidentialSalesAbstract" ns2:to="ferc_ResidentialSales" ns2:type="arc" />
        <ns0:loc ns2:href="../../ferc-core_2020-01-01.xsd#ferc_MegawattHoursSoldResidentialSales" ns2:label="ferc_MegawattHoursSoldResidentialSales" ns2:type="locator" />
        <ns0:presentationArc order="2" ns2:arcrole="http://www.xbrl.org/2003/arcrole/parent-child" ns2:from="ferc_ResidentialSalesAbstract" ns2:to="ferc_MegawattHoursSoldResidentialSales" ns2:type="arc" />
        <ns0:loc ns2:href="../../ferc-core_2020-01-01.xsd#ferc_AverageNumberOfCustomersPerMonthResidentialSales" ns2:label="ferc_AverageNumberOfCustomersPerMonthResidentialSales" ns2:type="locator" />
        <ns0:presentationArc order="3" ns2:arcrole="http://www.xbrl.org/2003/arcrole/parent-child" ns2:from="ferc_ResidentialSalesAbstract" ns2:to="ferc_AverageNumberOfCustomersPerMonthResidentialSales" ns2:type="arc" />
        <ns0:loc ns2:href="../../ferc-core_2020-01-01.xsd#ferc_CommercialAndIndustrialSalesAbstract" ns2:label="ferc_CommercialAndIndustrialSalesAbstract" ns2:type="locator" />
        <ns0:presentationArc order="2" preferredLabel="http://ferc.gov/form/2020-01-01/roles/label/F1ElectricOperatingRevenues" ns2:arcrole="http://www.xbrl.org/2003/arcrole/parent-child" ns2:from="ferc_SalesOfElectricityHeadingAbstract" ns2:to="ferc_CommercialAndIndustrialSalesAbstract" ns2:type="arc" />
        <ns0:loc ns2:href="../../ferc-core_2020-01-01.xsd#ferc_CommercialSalesAbstract" ns2:label="ferc_CommercialSalesAbstract" ns2:type="locator" />
        <ns0:presentationArc order="1" preferredLabel="http://ferc.gov/form/2020-01-01/roles/label/F1RollforwardHeader" ns2:arcrole="http://www.xbrl.org/2003/arcrole/parent-child" ns2:from="ferc_CommercialAndIndustrialSalesAbstract" ns2:to="ferc_CommercialSalesAbstract" ns2:type="arc" />
        <ns0:loc ns2:href="../../ferc-core_2020-01-01.xsd#ferc_SmallOrCommercialSalesElectricOperatingRevenue" ns2:label="ferc_SmallOrCommercialSalesElectricOperatingRevenue" ns2:type="locator" />
        <ns0:presentationArc order="1" ns2:arcrole="http://www.xbrl.org/2003/arcrole/parent-child" ns2:from="ferc_CommercialSalesAbstract" ns2:to="ferc_SmallOrCommercialSalesElectricOperatingRevenue" ns2:type="arc" />
        <ns0:loc ns2:href="../../ferc-core_2020-01-01.xsd#ferc_MegawattHoursSoldSmallOrCommercial" ns2:label="ferc_MegawattHoursSoldSmallOrCommercial" ns2:type="locator" />
        <ns0:presentationArc order="2" ns2:arcrole="http://www.xbrl.org/2003/arcrole/parent-child" ns2:from="ferc_CommercialSalesAbstract" ns2:to="ferc_MegawattHoursSoldSmallOrCommercial" ns2:type="arc" />
        <ns0:loc ns2:href="../../ferc-core_2020-01-01.xsd#ferc_AverageNumberOfCustomersPerMonthSmallOrCommercial" ns2:label="ferc_AverageNumberOfCustomersPerMonthSmallOrCommercial" ns2:type="locator" />
        <ns0:presentationArc order="3" ns2:arcrole="http://www.xbrl.org/2003/arcrole/parent-child" ns2:from="ferc_CommercialSalesAbstract" ns2:to="ferc_AverageNumberOfCustomersPerMonthSmallOrCommercial" ns2:type="arc" />
        <ns0:loc ns2:href="../../ferc-core_2020-01-01.xsd#ferc_IndustrialSalesAbstract" ns2:label="ferc_IndustrialSalesAbstract" ns2:type="locator" />
        <ns0:presentationArc order="3" preferredLabel="http://ferc.gov/form/2020-01-01/roles/label/F1RollforwardHeader" ns2:arcrole="http://www.xbrl.org/2003/arcrole/parent-child" ns2:from="ferc_SalesOfElectricityHeadingAbstract" ns2:to="ferc_IndustrialSalesAbstract" ns2:type="arc" />
        <ns0:loc ns2:href="../../ferc-core_2020-01-01.xsd#ferc_LargeOrIndustrialSalesElectricOperatingRevenue" ns2:label="ferc_LargeOrIndustrialSalesElectricOperatingRevenue" ns2:type="locator" />
        <ns0:presentationArc order="1" ns2:arcrole="http://www.xbrl.org/2003/arcrole/parent-child" ns2:from="ferc_IndustrialSalesAbstract" ns2:to="ferc_LargeOrIndustrialSalesElectricOperatingRevenue" ns2:type="arc" />
        <ns0:loc ns2:href="../../ferc-core_2020-01-01.xsd#ferc_MegawattHoursSoldLargeOrIndustrial" ns2:label="ferc_MegawattHoursSoldLargeOrIndustrial" ns2:type="locator" />
        <ns0:presentationArc order="2" ns2:arcrole="http://www.xbrl.org/2003/arcrole/parent-child" ns2:from="ferc_IndustrialSalesAbstract" ns2:to="ferc_MegawattHoursSoldLargeOrIndustrial" ns2:type="arc" />
        <ns0:loc ns2:href="../../ferc-core_2020-01-01.xsd#ferc_AverageNumberOfCustomersPerMonthLargeOrIndustrial" ns2:label="ferc_AverageNumberOfCustomersPerMonthLargeOrIndustrial" ns2:type="locator" />
        <ns0:presentationArc order="3" ns2:arcrole="http://www.xbrl.org/2003/arcrole/parent-child" ns2:from="ferc_IndustrialSalesAbstract" ns2:to="ferc_AverageNumberOfCustomersPerMonthLargeOrIndustrial" ns2:type="arc" />
        <ns0:loc ns2:href="../../ferc-core_2020-01-01.xsd#ferc_PublicStreetAndHighwayLightingAbstract" ns2:label="ferc_PublicStreetAndHighwayLightingAbstract" ns2:type="locator" />
        <ns0:presentationArc order="4" preferredLabel="http://ferc.gov/form/2020-01-01/roles/label/F1RollforwardHeader" ns2:arcrole="http://www.xbrl.org/2003/arcrole/parent-child" ns2:from="ferc_SalesOfElectricityHeadingAbstract" ns2:to="ferc_PublicStreetAndHighwayLightingAbstract" ns2:type="arc" />
        <ns0:loc ns2:href="../../ferc-core_2020-01-01.xsd#ferc_PublicStreetAndHighwayLighting" ns2:label="ferc_PublicStreetAndHighwayLighting" ns2:type="locator" />
        <ns0:presentationArc order="1" ns2:arcrole="http://www.xbrl.org/2003/arcrole/parent-child" ns2:from="ferc_PublicStreetAndHighwayLightingAbstract" ns2:to="ferc_PublicStreetAndHighwayLighting" ns2:type="arc" />
        <ns0:loc ns2:href="../../ferc-core_2020-01-01.xsd#ferc_MegawattHoursSoldPublicStreetAndHighwayLighting" ns2:label="ferc_MegawattHoursSoldPublicStreetAndHighwayLighting" ns2:type="locator" />
        <ns0:presentationArc order="2" ns2:arcrole="http://www.xbrl.org/2003/arcrole/parent-child" ns2:from="ferc_PublicStreetAndHighwayLightingAbstract" ns2:to="ferc_MegawattHoursSoldPublicStreetAndHighwayLighting" ns2:type="arc" />
        <ns0:loc ns2:href="../../ferc-core_2020-01-01.xsd#ferc_AverageNumberOfCustomersPerMonthPublicStreetAndHighwayLighting" ns2:label="ferc_AverageNumberOfCustomersPerMonthPublicStreetAndHighwayLighting" ns2:type="locator" />
        <ns0:presentationArc order="3" ns2:arcrole="http://www.xbrl.org/2003/arcrole/parent-child" ns2:from="ferc_PublicStreetAndHighwayLightingAbstract" ns2:to="ferc_AverageNumberOfCustomersPerMonthPublicStreetAndHighwayLighting" ns2:type="arc" />
        <ns0:loc ns2:href="../../ferc-core_2020-01-01.xsd#ferc_OtherSalesToPublicAuthoritiesAbstract" ns2:label="ferc_OtherSalesToPublicAuthoritiesAbstract" ns2:type="locator" />
        <ns0:presentationArc order="5" preferredLabel="http://ferc.gov/form/2020-01-01/roles/label/F1RollforwardHeader" ns2:arcrole="http://www.xbrl.org/2003/arcrole/parent-child" ns2:from="ferc_SalesOfElectricityHeadingAbstract" ns2:to="ferc_OtherSalesToPublicAuthoritiesAbstract" ns2:type="arc" />
        <ns0:loc ns2:href="../../ferc-core_2020-01-01.xsd#ferc_OtherSalesToPublicAuthorities" ns2:label="ferc_OtherSalesToPublicAuthorities" ns2:type="locator" />
        <ns0:presentationArc order="1" ns2:arcrole="http://www.xbrl.org/2003/arcrole/parent-child" ns2:from="ferc_OtherSalesToPublicAuthoritiesAbstract" ns2:to="ferc_OtherSalesToPublicAuthorities" ns2:type="arc" />
        <ns0:loc ns2:href="../../ferc-core_2020-01-01.xsd#ferc_MegawattHoursSoldOtherSalesToPublicAuthorities" ns2:label="ferc_MegawattHoursSoldOtherSalesToPublicAuthorities" ns2:type="locator" />
        <ns0:presentationArc order="2" ns2:arcrole="http://www.xbrl.org/2003/arcrole/parent-child" ns2:from="ferc_OtherSalesToPublicAuthoritiesAbstract" ns2:to="ferc_MegawattHoursSoldOtherSalesToPublicAuthorities" ns2:type="arc" />
        <ns0:loc ns2:href="../../ferc-core_2020-01-01.xsd#ferc_AverageNumberOfCustomersPerMonthOtherSalesToPublicAuthorities" ns2:label="ferc_AverageNumberOfCustomersPerMonthOtherSalesToPublicAuthorities" ns2:type="locator" />
        <ns0:presentationArc order="3" ns2:arcrole="http://www.xbrl.org/2003/arcrole/parent-child" ns2:from="ferc_OtherSalesToPublicAuthoritiesAbstract" ns2:to="ferc_AverageNumberOfCustomersPerMonthOtherSalesToPublicAuthorities" ns2:type="arc" />
        <ns0:loc ns2:href="../../ferc-core_2020-01-01.xsd#ferc_SalesToRailroadsAndRailwaysAbstract" ns2:label="ferc_SalesToRailroadsAndRailwaysAbstract" ns2:type="locator" />
        <ns0:presentationArc order="6" preferredLabel="http://ferc.gov/form/2020-01-01/roles/label/F1RollforwardHeader" ns2:arcrole="http://www.xbrl.org/2003/arcrole/parent-child" ns2:from="ferc_SalesOfElectricityHeadingAbstract" ns2:to="ferc_SalesToRailroadsAndRailwaysAbstract" ns2:type="arc" />
        <ns0:loc ns2:href="../../ferc-core_2020-01-01.xsd#ferc_SalesToRailroadsAndRailways" ns2:label="ferc_SalesToRailroadsAndRailways" ns2:type="locator" />
        <ns0:presentationArc order="1" ns2:arcrole="http://www.xbrl.org/2003/arcrole/parent-child" ns2:from="ferc_SalesToRailroadsAndRailwaysAbstract" ns2:to="ferc_SalesToRailroadsAndRailways" ns2:type="arc" />
        <ns0:loc ns2:href="../../ferc-core_2020-01-01.xsd#ferc_MegawattHoursSoldSalesToRailroadsAndRailways" ns2:label="ferc_MegawattHoursSoldSalesToRailroadsAndRailways" ns2:type="locator" />
        <ns0:presentationArc order="2" ns2:arcrole="http://www.xbrl.org/2003/arcrole/parent-child" ns2:from="ferc_SalesToRailroadsAndRailwaysAbstract" ns2:to="ferc_MegawattHoursSoldSalesToRailroadsAndRailways" ns2:type="arc" />
        <ns0:loc ns2:href="../../ferc-core_2020-01-01.xsd#ferc_AverageNumberOfCustomersPerMonthSalesToRailroadsAndRailways" ns2:label="ferc_AverageNumberOfCustomersPerMonthSalesToRailroadsAndRailways" ns2:type="locator" />
        <ns0:presentationArc order="3" ns2:arcrole="http://www.xbrl.org/2003/arcrole/parent-child" ns2:from="ferc_SalesToRailroadsAndRailwaysAbstract" ns2:to="ferc_AverageNumberOfCustomersPerMonthSalesToRailroadsAndRailways" ns2:type="arc" />
        <ns0:loc ns2:href="../../ferc-core_2020-01-01.xsd#ferc_InterdepartmentalSalesAbstract" ns2:label="ferc_InterdepartmentalSalesAbstract" ns2:type="locator" />
        <ns0:presentationArc order="7" preferredLabel="http://ferc.gov/form/2020-01-01/roles/label/F1RollforwardHeader" ns2:arcrole="http://www.xbrl.org/2003/arcrole/parent-child" ns2:from="ferc_SalesOfElectricityHeadingAbstract" ns2:to="ferc_InterdepartmentalSalesAbstract" ns2:type="arc" />
        <ns0:loc ns2:href="../../ferc-core_2020-01-01.xsd#ferc_InterdepartmentalSales" ns2:label="ferc_InterdepartmentalSales" ns2:type="locator" />
        <ns0:presentationArc order="1" ns2:arcrole="http://www.xbrl.org/2003/arcrole/parent-child" ns2:from="ferc_InterdepartmentalSalesAbstract" ns2:to="ferc_InterdepartmentalSales" ns2:type="arc" />
        <ns0:loc ns2:href="../../ferc-core_2020-01-01.xsd#ferc_MegawattHoursSoldInterdepartmentalSales" ns2:label="ferc_MegawattHoursSoldInterdepartmentalSales" ns2:type="locator" />
        <ns0:presentationArc order="2" ns2:arcrole="http://www.xbrl.org/2003/arcrole/parent-child" ns2:from="ferc_InterdepartmentalSalesAbstract" ns2:to="ferc_MegawattHoursSoldInterdepartmentalSales" ns2:type="arc" />
        <ns0:loc ns2:href="../../ferc-core_2020-01-01.xsd#ferc_AverageNumberOfCustomersPerMonthInterdepartmentalSales" ns2:label="ferc_AverageNumberOfCustomersPerMonthInterdepartmentalSales" ns2:type="locator" />
        <ns0:presentationArc order="3" ns2:arcrole="http://www.xbrl.org/2003/arcrole/parent-child" ns2:from="ferc_InterdepartmentalSalesAbstract" ns2:to="ferc_AverageNumberOfCustomersPerMonthInterdepartmentalSales" ns2:type="arc" />
        <ns0:loc ns2:href="../../ferc-core_2020-01-01.xsd#ferc_SalesToUltimateConsumersAbstract" ns2:label="ferc_SalesToUltimateConsumersAbstract" ns2:type="locator" />
        <ns0:presentationArc order="8" preferredLabel="http://ferc.gov/form/2020-01-01/roles/label/F1RollforwardHeader" ns2:arcrole="http://www.xbrl.org/2003/arcrole/parent-child" ns2:from="ferc_SalesOfElectricityHeadingAbstract" ns2:to="ferc_SalesToUltimateConsumersAbstract" ns2:type="arc" />
        <ns0:loc ns2:href="../../ferc-core_2020-01-01.xsd#ferc_SalesToUltimateConsumers" ns2:label="ferc_SalesToUltimateConsumers" ns2:type="locator" />
        <ns0:presentationArc order="1" preferredLabel="http://ferc.gov/form/2020-01-01/roles/label/F1Total" ns2:arcrole="http://www.xbrl.org/2003/arcrole/parent-child" ns2:from="ferc_SalesToUltimateConsumersAbstract" ns2:to="ferc_SalesToUltimateConsumers" ns2:type="arc" />
        <ns0:loc ns2:href="../../ferc-core_2020-01-01.xsd#ferc_MegawattHoursSoldSalesToUltimateConsumers" ns2:label="ferc_MegawattHoursSoldSalesToUltimateConsumers" ns2:type="locator" />
        <ns0:presentationArc order="2" preferredLabel="http://ferc.gov/form/2020-01-01/roles/label/F1Total" ns2:arcrole="http://www.xbrl.org/2003/arcrole/parent-child" ns2:from="ferc_SalesToUltimateConsumersAbstract" ns2:to="ferc_MegawattHoursSoldSalesToUltimateConsumers" ns2:type="arc" />
        <ns0:loc ns2:href="../../ferc-core_2020-01-01.xsd#ferc_AverageNumberOfCustomersPerMonthSalesToUltimateConsumers" ns2:label="ferc_AverageNumberOfCustomersPerMonthSalesToUltimateConsumers" ns2:type="locator" />
        <ns0:presentationArc order="3" preferredLabel="http://ferc.gov/form/2020-01-01/roles/label/F1Total" ns2:arcrole="http://www.xbrl.org/2003/arcrole/parent-child" ns2:from="ferc_SalesToUltimateConsumersAbstract" ns2:to="ferc_AverageNumberOfCustomersPerMonthSalesToUltimateConsumers" ns2:type="arc" />
        <ns0:loc ns2:href="../../ferc-core_2020-01-01.xsd#ferc_SalesForResaleAbstract" ns2:label="ferc_SalesForResaleAbstract" ns2:type="locator" />
        <ns0:presentationArc order="9" preferredLabel="http://ferc.gov/form/2020-01-01/roles/label/F1RollforwardHeader" ns2:arcrole="http://www.xbrl.org/2003/arcrole/parent-child" ns2:from="ferc_SalesOfElectricityHeadingAbstract" ns2:to="ferc_SalesForResaleAbstract" ns2:type="arc" />
        <ns0:loc ns2:href="../../ferc-core_2020-01-01.xsd#ferc_SalesForResale" ns2:label="ferc_SalesForResale" ns2:type="locator" />
        <ns0:presentationArc order="1" ns2:arcrole="http://www.xbrl.org/2003/arcrole/parent-child" ns2:from="ferc_SalesForResaleAbstract" ns2:to="ferc_SalesForResale" ns2:type="arc" />
        <ns0:loc ns2:href="../../ferc-core_2020-01-01.xsd#ferc_MegawattHoursSoldSalesForResale" ns2:label="ferc_MegawattHoursSoldSalesForResale" ns2:type="locator" />
        <ns0:presentationArc order="2" ns2:arcrole="http://www.xbrl.org/2003/arcrole/parent-child" ns2:from="ferc_SalesForResaleAbstract" ns2:to="ferc_MegawattHoursSoldSalesForResale" ns2:type="arc" />
        <ns0:loc ns2:href="../../ferc-core_2020-01-01.xsd#ferc_AverageNumberOfCustomersPerMonthSalesForResale" ns2:label="ferc_AverageNumberOfCustomersPerMonthSalesForResale" ns2:type="locator" />
        <ns0:presentationArc order="3" ns2:arcrole="http://www.xbrl.org/2003/arcrole/parent-child" ns2:from="ferc_SalesForResaleAbstract" ns2:to="ferc_AverageNumberOfCustomersPerMonthSalesForResale" ns2:type="arc" />
        <ns0:loc ns2:href="../../ferc-core_2020-01-01.xsd#ferc_SalesOfElectricityAbstract" ns2:label="ferc_SalesOfElectricityAbstract" ns2:type="locator" />
        <ns0:presentationArc order="10" preferredLabel="http://ferc.gov/form/2020-01-01/roles/label/F1RollforwardHeader" ns2:arcrole="http://www.xbrl.org/2003/arcrole/parent-child" ns2:from="ferc_SalesOfElectricityHeadingAbstract" ns2:to="ferc_SalesOfElectricityAbstract" ns2:type="arc" />
        <ns0:loc ns2:href="../../ferc-core_2020-01-01.xsd#ferc_SalesOfElectricity" ns2:label="ferc_SalesOfElectricity" ns2:type="locator" />
        <ns0:presentationArc order="1" preferredLabel="http://ferc.gov/form/2020-01-01/roles/label/F1Total" ns2:arcrole="http://www.xbrl.org/2003/arcrole/parent-child" ns2:from="ferc_SalesOfElectricityAbstract" ns2:to="ferc_SalesOfElectricity" ns2:type="arc" />
        <ns0:loc ns2:href="../../ferc-core_2020-01-01.xsd#ferc_MegawattHoursSoldSalesOfElectricity" ns2:label="ferc_MegawattHoursSoldSalesOfElectricity" ns2:type="locator" />
        <ns0:presentationArc order="2" preferredLabel="http://ferc.gov/form/2020-01-01/roles/label/F1Total" ns2:arcrole="http://www.xbrl.org/2003/arcrole/parent-child" ns2:from="ferc_SalesOfElectricityAbstract" ns2:to="ferc_MegawattHoursSoldSalesOfElectricity" ns2:type="arc" />
        <ns0:loc ns2:href="../../ferc-core_2020-01-01.xsd#ferc_AverageNumberOfCustomersPerMonthSalesOfElectricity" ns2:label="ferc_AverageNumberOfCustomersPerMonthSalesOfElectricity" ns2:type="locator" />
        <ns0:presentationArc order="3" preferredLabel="http://ferc.gov/form/2020-01-01/roles/label/F1Total" ns2:arcrole="http://www.xbrl.org/2003/arcrole/parent-child" ns2:from="ferc_SalesOfElectricityAbstract" ns2:to="ferc_AverageNumberOfCustomersPerMonthSalesOfElectricity" ns2:type="arc" />
        <ns0:loc ns2:href="../../ferc-core_2020-01-01.xsd#ferc_ProvisionForRateRefundsAbstract" ns2:label="ferc_ProvisionForRateRefundsAbstract" ns2:type="locator" />
        <ns0:presentationArc order="11" preferredLabel="http://ferc.gov/form/2020-01-01/roles/label/F1RollforwardHeader" ns2:arcrole="http://www.xbrl.org/2003/arcrole/parent-child" ns2:from="ferc_SalesOfElectricityHeadingAbstract" ns2:to="ferc_ProvisionForRateRefundsAbstract" ns2:type="arc" />
        <ns0:loc ns2:href="../../ferc-core_2020-01-01.xsd#ferc_ProvisionForRateRefunds" ns2:label="ferc_ProvisionForRateRefunds" ns2:type="locator" />
        <ns0:presentationArc order="1" ns2:arcrole="http://www.xbrl.org/2003/arcrole/parent-child" ns2:from="ferc_ProvisionForRateRefundsAbstract" ns2:to="ferc_ProvisionForRateRefunds" ns2:type="arc" />
        <ns0:loc ns2:href="../../ferc-core_2020-01-01.xsd#ferc_MegawattHoursSoldProvisionForRateRefunds" ns2:label="ferc_MegawattHoursSoldProvisionForRateRefunds" ns2:type="locator" />
        <ns0:presentationArc order="2" ns2:arcrole="http://www.xbrl.org/2003/arcrole/parent-child" ns2:from="ferc_ProvisionForRateRefundsAbstract" ns2:to="ferc_MegawattHoursSoldProvisionForRateRefunds" ns2:type="arc" />
        <ns0:loc ns2:href="../../ferc-core_2020-01-01.xsd#ferc_AverageNumberOfCustomersPerMonthProvisionForRateRefunds" ns2:label="ferc_AverageNumberOfCustomersPerMonthProvisionForRateRefunds" ns2:type="locator" />
        <ns0:presentationArc order="3" ns2:arcrole="http://www.xbrl.org/2003/arcrole/parent-child" ns2:from="ferc_ProvisionForRateRefundsAbstract" ns2:to="ferc_AverageNumberOfCustomersPerMonthProvisionForRateRefunds" ns2:type="arc" />
        <ns0:loc ns2:href="../../ferc-core_2020-01-01.xsd#ferc_RevenuesNetOfProvisionForRefundsAbstract" ns2:label="ferc_RevenuesNetOfProvisionForRefundsAbstract" ns2:type="locator" />
        <ns0:presentationArc order="12" preferredLabel="http://ferc.gov/form/2020-01-01/roles/label/F1RollforwardHeader" ns2:arcrole="http://www.xbrl.org/2003/arcrole/parent-child" ns2:from="ferc_SalesOfElectricityHeadingAbstract" ns2:to="ferc_RevenuesNetOfProvisionForRefundsAbstract" ns2:type="arc" />
        <ns0:loc ns2:href="../../ferc-core_2020-01-01.xsd#ferc_RevenuesNetOfProvisionForRefunds" ns2:label="ferc_RevenuesNetOfProvisionForRefunds" ns2:type="locator" />
        <ns0:presentationArc order="1" preferredLabel="http://ferc.gov/form/2020-01-01/roles/label/F1Total" ns2:arcrole="http://www.xbrl.org/2003/arcrole/parent-child" ns2:from="ferc_RevenuesNetOfProvisionForRefundsAbstract" ns2:to="ferc_RevenuesNetOfProvisionForRefunds" ns2:type="arc" />
        <ns0:loc ns2:href="../../ferc-core_2020-01-01.xsd#ferc_MegawattHoursSoldRevenuesNetOfProvisionForRefunds" ns2:label="ferc_MegawattHoursSoldRevenuesNetOfProvisionForRefunds" ns2:type="locator" />
        <ns0:presentationArc order="2" preferredLabel="http://ferc.gov/form/2020-01-01/roles/label/F1Total" ns2:arcrole="http://www.xbrl.org/2003/arcrole/parent-child" ns2:from="ferc_RevenuesNetOfProvisionForRefundsAbstract" ns2:to="ferc_MegawattHoursSoldRevenuesNetOfProvisionForRefunds" ns2:type="arc" />
        <ns0:loc ns2:href="../../ferc-core_2020-01-01.xsd#ferc_AverageNumberOfCustomersPerMonthRevenuesNetOfProvisionForRefunds" ns2:label="ferc_AverageNumberOfCustomersPerMonthRevenuesNetOfProvisionForRefunds" ns2:type="locator" />
        <ns0:presentationArc order="3" preferredLabel="http://ferc.gov/form/2020-01-01/roles/label/F1Total" ns2:arcrole="http://www.xbrl.org/2003/arcrole/parent-child" ns2:from="ferc_RevenuesNetOfProvisionForRefundsAbstract" ns2:to="ferc_AverageNumberOfCustomersPerMonthRevenuesNetOfProvisionForRefunds" ns2:type="arc" />
        <ns0:loc ns2:href="../../ferc-core_2020-01-01.xsd#ferc_OtherOperatingRevenuesAbstract" ns2:label="ferc_OtherOperatingRevenuesAbstract" ns2:type="locator" />
        <ns0:presentationArc order="2" preferredLabel="http://ferc.gov/form/2020-01-01/roles/label/F1ElectricOperatingRevenues" ns2:arcrole="http://www.xbrl.org/2003/arcrole/parent-child" ns2:from="ferc_ElectricOperatingRevenuesLineItems" ns2:to="ferc_OtherOperatingRevenuesAbstract" ns2:type="arc" />
        <ns0:loc ns2:href="../../ferc-core_2020-01-01.xsd#ferc_ForfeitedDiscounts" ns2:label="ferc_ForfeitedDiscounts" ns2:type="locator" />
        <ns0:presentationArc order="1" preferredLabel="http://ferc.gov/form/2020-01-01/roles/label/F1ElectricOperatingRevenues" ns2:arcrole="http://www.xbrl.org/2003/arcrole/parent-child" ns2:from="ferc_OtherOperatingRevenuesAbstract" ns2:to="ferc_ForfeitedDiscounts" ns2:type="arc" />
        <ns0:loc ns2:href="../../ferc-core_2020-01-01.xsd#ferc_MiscellaneousServiceRevenues" ns2:label="ferc_MiscellaneousServiceRevenues" ns2:type="locator" />
        <ns0:presentationArc order="2" preferredLabel="http://ferc.gov/form/2020-01-01/roles/label/F1ElectricOperatingRevenues" ns2:arcrole="http://www.xbrl.org/2003/arcrole/parent-child" ns2:from="ferc_OtherOperatingRevenuesAbstract" ns2:to="ferc_MiscellaneousServiceRevenues" ns2:type="arc" />
        <ns0:loc ns2:href="../../ferc-core_2020-01-01.xsd#ferc_SalesOfWaterAndWaterPower" ns2:label="ferc_SalesOfWaterAndWaterPower" ns2:type="locator" />
        <ns0:presentationArc order="3" preferredLabel="http://ferc.gov/form/2020-01-01/roles/label/F1ElectricOperatingRevenues" ns2:arcrole="http://www.xbrl.org/2003/arcrole/parent-child" ns2:from="ferc_OtherOperatingRevenuesAbstract" ns2:to="ferc_SalesOfWaterAndWaterPower" ns2:type="arc" />
        <ns0:loc ns2:href="../../ferc-core_2020-01-01.xsd#ferc_RentFromElectricProperty" ns2:label="ferc_RentFromElectricProperty" ns2:type="locator" />
        <ns0:presentationArc order="4" preferredLabel="http://ferc.gov/form/2020-01-01/roles/label/F1ElectricOperatingRevenues" ns2:arcrole="http://www.xbrl.org/2003/arcrole/parent-child" ns2:from="ferc_OtherOperatingRevenuesAbstract" ns2:to="ferc_RentFromElectricProperty" ns2:type="arc" />
        <ns0:loc ns2:href="../../ferc-core_2020-01-01.xsd#ferc_InterdepartmentalRents" ns2:label="ferc_InterdepartmentalRents" ns2:type="locator" />
        <ns0:presentationArc order="5" preferredLabel="http://ferc.gov/form/2020-01-01/roles/label/F1ElectricOperatingRevenues" ns2:arcrole="http://www.xbrl.org/2003/arcrole/parent-child" ns2:from="ferc_OtherOperatingRevenuesAbstract" ns2:to="ferc_InterdepartmentalRents" ns2:type="arc" />
        <ns0:loc ns2:href="../../ferc-core_2020-01-01.xsd#ferc_OtherElectricRevenue" ns2:label="ferc_OtherElectricRevenue" ns2:type="locator" />
        <ns0:presentationArc order="6" preferredLabel="http://ferc.gov/form/2020-01-01/roles/label/F1ElectricOperatingRevenues" ns2:arcrole="http://www.xbrl.org/2003/arcrole/parent-child" ns2:from="ferc_OtherOperatingRevenuesAbstract" ns2:to="ferc_OtherElectricRevenue" ns2:type="arc" />
        <ns0:loc ns2:href="../../ferc-core_2020-01-01.xsd#ferc_RevenuesFromTransmissionOfElectricityOfOthers" ns2:label="ferc_RevenuesFromTransmissionOfElectricityOfOthers" ns2:type="locator" />
        <ns0:presentationArc order="7" preferredLabel="http://ferc.gov/form/2020-01-01/roles/label/F1ElectricOperatingRevenues" ns2:arcrole="http://www.xbrl.org/2003/arcrole/parent-child" ns2:from="ferc_OtherOperatingRevenuesAbstract" ns2:to="ferc_RevenuesFromTransmissionOfElectricityOfOthers" ns2:type="arc" />
        <ns0:loc ns2:href="../../ferc-core_2020-01-01.xsd#ferc_RegionalTransmissionServiceRevenues" ns2:label="ferc_RegionalTransmissionServiceRevenues" ns2:type="locator" />
        <ns0:presentationArc order="8" preferredLabel="http://ferc.gov/form/2020-01-01/roles/label/F1ElectricOperatingRevenues" ns2:arcrole="http://www.xbrl.org/2003/arcrole/parent-child" ns2:from="ferc_OtherOperatingRevenuesAbstract" ns2:to="ferc_RegionalTransmissionServiceRevenues" ns2:type="arc" />
        <ns0:loc ns2:href="../../ferc-core_2020-01-01.xsd#ferc_MiscellaneousRevenue" ns2:label="ferc_MiscellaneousRevenue" ns2:type="locator" />
        <ns0:presentationArc order="9" preferredLabel="http://ferc.gov/form/2020-01-01/roles/label/F1ElectricOperatingRevenues" ns2:arcrole="http://www.xbrl.org/2003/arcrole/parent-child" ns2:from="ferc_OtherOperatingRevenuesAbstract" ns2:to="ferc_MiscellaneousRevenue" ns2:type="arc" />
        <ns0:loc ns2:href="../../ferc-core_2020-01-01.xsd#ferc_OtherMiscellaneousOperatingRevenues" ns2:label="ferc_OtherMiscellaneousOperatingRevenues" ns2:type="locator" />
        <ns0:presentationArc order="10" preferredLabel="http://ferc.gov/form/2020-01-01/roles/label/F1ElectricOperatingRevenues" ns2:arcrole="http://www.xbrl.org/2003/arcrole/parent-child" ns2:from="ferc_OtherOperatingRevenuesAbstract" ns2:to="ferc_OtherMiscellaneousOperatingRevenues" ns2:type="arc" />
        <ns0:loc ns2:href="../../ferc-core_2020-01-01.xsd#ferc_OtherOperatingRevenues" ns2:label="ferc_OtherOperatingRevenues" ns2:type="locator" />
        <ns0:presentationArc order="11" preferredLabel="http://ferc.gov/form/2020-01-01/roles/label/F1Total" ns2:arcrole="http://www.xbrl.org/2003/arcrole/parent-child" ns2:from="ferc_OtherOperatingRevenuesAbstract" ns2:to="ferc_OtherOperatingRevenues" ns2:type="arc" />
        <ns0:loc ns2:href="../../ferc-core_2020-01-01.xsd#ferc_ElectricOperatingRevenues" ns2:label="ferc_ElectricOperatingRevenues" ns2:type="locator" />
        <ns0:presentationArc order="3" preferredLabel="http://ferc.gov/form/2020-01-01/roles/label/F1Total" ns2:arcrole="http://www.xbrl.org/2003/arcrole/parent-child" ns2:from="ferc_ElectricOperatingRevenuesLineItems" ns2:to="ferc_ElectricOperatingRevenues" ns2:type="arc" />
    </ns0:presentationLink>
    <ns0:presentationLink ns2:role="http://ferc.gov/form/2020-01-01/roles/Schedule/F1/ScheduleElectricOperatingRevenuesOther" ns2:type="extended">
        <ns0:loc ns2:href="../../ferc-core_2020-01-01.xsd#ferc_ScheduleElectricOperatingRevenuesAbstract" ns2:label="ferc_ScheduleElectricOperatingRevenuesAbstract" ns2:type="locator" />
        <ns0:loc ns2:href="../../ferc-core_2020-01-01.xsd#ferc_OtherMiscellaneousOperatingRevenuesTable" ns2:label="ferc_OtherMiscellaneousOperatingRevenuesTable" ns2:type="locator" />
        <ns0:presentationArc order="1" ns2:arcrole="http://www.xbrl.org/2003/arcrole/parent-child" ns2:from="ferc_ScheduleElectricOperatingRevenuesAbstract" ns2:to="ferc_OtherMiscellaneousOperatingRevenuesTable" ns2:type="arc" />
        <ns0:loc ns2:href="../../ferc-core_2020-01-01.xsd#ferc_OtherMiscellaneousOperatingRevenuesAxis" ns2:label="ferc_OtherMiscellaneousOperatingRevenuesAxis" ns2:type="locator" />
        <ns0:presentationArc order="1" ns2:arcrole="http://www.xbrl.org/2003/arcrole/parent-child" ns2:from="ferc_OtherMiscellaneousOperatingRevenuesTable" ns2:to="ferc_OtherMiscellaneousOperatingRevenuesAxis" ns2:type="arc" />
        <ns0:loc ns2:href="../../ferc-core_2020-01-01.xsd#ferc_OtherMiscellaneousOperatingRevenuesLineItems" ns2:label="ferc_OtherMiscellaneousOperatingRevenuesLineItems" ns2:type="locator" />
        <ns0:presentationArc order="2" ns2:arcrole="http://www.xbrl.org/2003/arcrole/parent-child" ns2:from="ferc_OtherMiscellaneousOperatingRevenuesTable" ns2:to="ferc_OtherMiscellaneousOperatingRevenuesLineItems" ns2:type="arc" />
        <ns0:loc ns2:href="../../ferc-core_2020-01-01.xsd#ferc_OrderNumber" ns2:label="ferc_OrderNumber" ns2:type="locator" />
        <ns0:presentationArc order="1" ns2:arcrole="http://www.xbrl.org/2003/arcrole/parent-child" ns2:from="ferc_OtherMiscellaneousOperatingRevenuesLineItems" ns2:to="ferc_OrderNumber" ns2:type="arc" />
        <ns0:loc ns2:href="../../ferc-core_2020-01-01.xsd#ferc_DescriptionOfOtherMiscellaneousOperatingRevenues" ns2:label="ferc_DescriptionOfOtherMiscellaneousOperatingRevenues" ns2:type="locator" />
        <ns0:presentationArc order="2" ns2:arcrole="http://www.xbrl.org/2003/arcrole/parent-child" ns2:from="ferc_OtherMiscellaneousOperatingRevenuesLineItems" ns2:to="ferc_DescriptionOfOtherMiscellaneousOperatingRevenues" ns2:type="arc" />
        <ns0:loc ns2:href="../../ferc-core_2020-01-01.xsd#ferc_OtherMiscellaneousOperatingRevenues" ns2:label="ferc_OtherMiscellaneousOperatingRevenues" ns2:type="locator" />
        <ns0:presentationArc order="3" ns2:arcrole="http://www.xbrl.org/2003/arcrole/parent-child" ns2:from="ferc_OtherMiscellaneousOperatingRevenuesLineItems" ns2:to="ferc_OtherMiscellaneousOperatingRevenues" ns2:type="arc" />
    </ns0:presentationLink>
    <ns0:presentationLink ns2:role="http://ferc.gov/form/2020-01-01/roles/Schedule/F1/ScheduleElectricOperatingRevenuesUnbilledRevenues" ns2:type="extended">
        <ns0:loc ns2:href="../../ferc-core_2020-01-01.xsd#ferc_ScheduleElectricOperatingRevenuesAbstract" ns2:label="ferc_ScheduleElectricOperatingRevenuesAbstract" ns2:type="locator" />
        <ns0:loc ns2:href="../../ferc-core_2020-01-01.xsd#ferc_ElectricOperatingRevenuesTable" ns2:label="ferc_ElectricOperatingRevenuesTable" ns2:type="locator" />
        <ns0:presentationArc order="1" ns2:arcrole="http://www.xbrl.org/2003/arcrole/parent-child" ns2:from="ferc_ScheduleElectricOperatingRevenuesAbstract" ns2:to="ferc_ElectricOperatingRevenuesTable" ns2:type="arc" />
        <ns0:loc ns2:href="../../ferc-core_2020-01-01.xsd#ferc_ElectricOperatingRevenuesLineItems" ns2:label="ferc_ElectricOperatingRevenuesLineItems" ns2:type="locator" />
        <ns0:presentationArc order="1" ns2:arcrole="http://www.xbrl.org/2003/arcrole/parent-child" ns2:from="ferc_ElectricOperatingRevenuesTable" ns2:to="ferc_ElectricOperatingRevenuesLineItems" ns2:type="arc" />
        <ns0:loc ns2:href="../../ferc-core_2020-01-01.xsd#ferc_RevenueFromSalesOfElectricityByRateSchedulesUnbilled" ns2:label="ferc_RevenueFromSalesOfElectricityByRateSchedulesUnbilled" ns2:type="locator" />
        <ns0:presentationArc order="1" preferredLabel="http://ferc.gov/form/2020-01-01/roles/label/F1ElectricOperatingRevenues" ns2:arcrole="http://www.xbrl.org/2003/arcrole/parent-child" ns2:from="ferc_ElectricOperatingRevenuesLineItems" ns2:to="ferc_RevenueFromSalesOfElectricityByRateSchedulesUnbilled" ns2:type="arc" />
        <ns0:loc ns2:href="../../ferc-core_2020-01-01.xsd#ferc_MegawattHoursOfElectricitySoldByRateSchedulesUnbilled" ns2:label="ferc_MegawattHoursOfElectricitySoldByRateSchedulesUnbilled" ns2:type="locator" />
        <ns0:presentationArc order="2" preferredLabel="http://ferc.gov/form/2020-01-01/roles/label/F1ElectricOperatingRevenues" ns2:arcrole="http://www.xbrl.org/2003/arcrole/parent-child" ns2:from="ferc_ElectricOperatingRevenuesLineItems" ns2:to="ferc_MegawattHoursOfElectricitySoldByRateSchedulesUnbilled" ns2:type="arc" />
    </ns0:presentationLink>
</ns0:linkbase>