<ns0:linkbase xmlns:ns0="http://www.xbrl.org/2003/linkbase" xmlns:ns2="http://www.w3.org/1999/xlink" xmlns:xsi="http://www.w3.org/2001/XMLSchema-instance" xsi:schemaLocation="http://www.xbrl.org/2003/linkbase http://www.xbrl.org/2003/xbrl-linkbase-2003-12-31.xsd">
    <ns0:roleRef roleURI="http://ferc.gov/form/2020-01-01/roles/Schedule/F1/ScheduleElectricOperatingRevenues" ns2:href="form-1-sched-ElectricOperatingRevenues_2020-01-01.xsd#roleType_ScheduleElectricOperatingRevenues" ns2:type="simple" />
    <ns0:calculationLink ns2:role="http://ferc.gov/form/2020-01-01/roles/Schedule/F1/ScheduleElectricOperatingRevenues" ns2:type="extended">
        <ns0:loc ns2:href="../../ferc-core_2020-01-01.xsd#ferc_SalesToUltimateConsumers" ns2:label="ferc_SalesToUltimateConsumers" ns2:type="locator" />
        <ns0:loc ns2:href="../../ferc-core_2020-01-01.xsd#ferc_ResidentialSales" ns2:label="ferc_ResidentialSales" ns2:type="locator" />
        <ns0:calculationArc order="1" weight="1" ns2:arcrole="http://www.xbrl.org/2003/arcrole/summation-item" ns2:from="ferc_SalesToUltimateConsumers" ns2:to="ferc_ResidentialSales" ns2:type="arc" />
        <ns0:loc ns2:href="../../ferc-core_2020-01-01.xsd#ferc_MegawattHoursSoldSalesToUltimateConsumers" ns2:label="ferc_MegawattHoursSoldSalesToUltimateConsumers" ns2:type="locator" />
        <ns0:loc ns2:href="../../ferc-core_2020-01-01.xsd#ferc_MegawattHoursSoldResidentialSales" ns2:label="ferc_MegawattHoursSoldResidentialSales" ns2:type="locator" />
        <ns0:calculationArc order="1" weight="1" ns2:arcrole="http://www.xbrl.org/2003/arcrole/summation-item" ns2:from="ferc_MegawattHoursSoldSalesToUltimateConsumers" ns2:to="ferc_MegawattHoursSoldResidentialSales" ns2:type="arc" />
        <ns0:loc ns2:href="../../ferc-core_2020-01-01.xsd#ferc_AverageNumberOfCustomersPerMonthSalesToUltimateConsumers" ns2:label="ferc_AverageNumberOfCustomersPerMonthSalesToUltimateConsumers" ns2:type="locator" />
        <ns0:loc ns2:href="../../ferc-core_2020-01-01.xsd#ferc_AverageNumberOfCustomersPerMonthResidentialSales" ns2:label="ferc_AverageNumberOfCustomersPerMonthResidentialSales" ns2:type="locator" />
        <ns0:calculationArc order="1" weight="1" ns2:arcrole="http://www.xbrl.org/2003/arcrole/summation-item" ns2:from="ferc_AverageNumberOfCustomersPerMonthSalesToUltimateConsumers" ns2:to="ferc_AverageNumberOfCustomersPerMonthResidentialSales" ns2:type="arc" />
        <ns0:loc ns2:href="../../ferc-core_2020-01-01.xsd#ferc_SmallOrCommercialSalesElectricOperatingRevenue" ns2:label="ferc_SmallOrCommercialSalesElectricOperatingRevenue" ns2:type="locator" />
        <ns0:calculationArc order="1" weight="1" ns2:arcrole="http://www.xbrl.org/2003/arcrole/summation-item" ns2:from="ferc_SalesToUltimateConsumers" ns2:to="ferc_SmallOrCommercialSalesElectricOperatingRevenue" ns2:type="arc" />
        <ns0:loc ns2:href="../../ferc-core_2020-01-01.xsd#ferc_MegawattHoursSoldSmallOrCommercial" ns2:label="ferc_MegawattHoursSoldSmallOrCommercial" ns2:type="locator" />
        <ns0:calculationArc order="1" weight="1" ns2:arcrole="http://www.xbrl.org/2003/arcrole/summation-item" ns2:from="ferc_MegawattHoursSoldSalesToUltimateConsumers" ns2:to="ferc_MegawattHoursSoldSmallOrCommercial" ns2:type="arc" />
        <ns0:loc ns2:href="../../ferc-core_2020-01-01.xsd#ferc_AverageNumberOfCustomersPerMonthSmallOrCommercial" ns2:label="ferc_AverageNumberOfCustomersPerMonthSmallOrCommercial" ns2:type="locator" />
        <ns0:calculationArc order="1" weight="1" ns2:arcrole="http://www.xbrl.org/2003/arcrole/summation-item" ns2:from="ferc_AverageNumberOfCustomersPerMonthSalesToUltimateConsumers" ns2:to="ferc_AverageNumberOfCustomersPerMonthSmallOrCommercial" ns2:type="arc" />
        <ns0:loc ns2:href="../../ferc-core_2020-01-01.xsd#ferc_LargeOrIndustrialSalesElectricOperatingRevenue" ns2:label="ferc_LargeOrIndustrialSalesElectricOperatingRevenue" ns2:type="locator" />
        <ns0:calculationArc order="1" weight="1" ns2:arcrole="http://www.xbrl.org/2003/arcrole/summation-item" ns2:from="ferc_SalesToUltimateConsumers" ns2:to="ferc_LargeOrIndustrialSalesElectricOperatingRevenue" ns2:type="arc" />
        <ns0:loc ns2:href="../../ferc-core_2020-01-01.xsd#ferc_MegawattHoursSoldLargeOrIndustrial" ns2:label="ferc_MegawattHoursSoldLargeOrIndustrial" ns2:type="locator" />
        <ns0:calculationArc order="1" weight="1" ns2:arcrole="http://www.xbrl.org/2003/arcrole/summation-item" ns2:from="ferc_MegawattHoursSoldSalesToUltimateConsumers" ns2:to="ferc_MegawattHoursSoldLargeOrIndustrial" ns2:type="arc" />
        <ns0:loc ns2:href="../../ferc-core_2020-01-01.xsd#ferc_AverageNumberOfCustomersPerMonthLargeOrIndustrial" ns2:label="ferc_AverageNumberOfCustomersPerMonthLargeOrIndustrial" ns2:type="locator" />
        <ns0:calculationArc order="1" weight="1" ns2:arcrole="http://www.xbrl.org/2003/arcrole/summation-item" ns2:from="ferc_AverageNumberOfCustomersPerMonthSalesToUltimateConsumers" ns2:to="ferc_AverageNumberOfCustomersPerMonthLargeOrIndustrial" ns2:type="arc" />
        <ns0:loc ns2:href="../../ferc-core_2020-01-01.xsd#ferc_PublicStreetAndHighwayLighting" ns2:label="ferc_PublicStreetAndHighwayLighting" ns2:type="locator" />
        <ns0:calculationArc order="1" weight="1" ns2:arcrole="http://www.xbrl.org/2003/arcrole/summation-item" ns2:from="ferc_SalesToUltimateConsumers" ns2:to="ferc_PublicStreetAndHighwayLighting" ns2:type="arc" />
        <ns0:loc ns2:href="../../ferc-core_2020-01-01.xsd#ferc_MegawattHoursSoldPublicStreetAndHighwayLighting" ns2:label="ferc_MegawattHoursSoldPublicStreetAndHighwayLighting" ns2:type="locator" />
        <ns0:calculationArc order="1" weight="1" ns2:arcrole="http://www.xbrl.org/2003/arcrole/summation-item" ns2:from="ferc_MegawattHoursSoldSalesToUltimateConsumers" ns2:to="ferc_MegawattHoursSoldPublicStreetAndHighwayLighting" ns2:type="arc" />
        <ns0:loc ns2:href="../../ferc-core_2020-01-01.xsd#ferc_AverageNumberOfCustomersPerMonthPublicStreetAndHighwayLighting" ns2:label="ferc_AverageNumberOfCustomersPerMonthPublicStreetAndHighwayLighting" ns2:type="locator" />
        <ns0:calculationArc order="1" weight="1" ns2:arcrole="http://www.xbrl.org/2003/arcrole/summation-item" ns2:from="ferc_AverageNumberOfCustomersPerMonthSalesToUltimateConsumers" ns2:to="ferc_AverageNumberOfCustomersPerMonthPublicStreetAndHighwayLighting" ns2:type="arc" />
        <ns0:loc ns2:href="../../ferc-core_2020-01-01.xsd#ferc_OtherSalesToPublicAuthorities" ns2:label="ferc_OtherSalesToPublicAuthorities" ns2:type="locator" />
        <ns0:calculationArc order="1" weight="1" ns2:arcrole="http://www.xbrl.org/2003/arcrole/summation-item" ns2:from="ferc_SalesToUltimateConsumers" ns2:to="ferc_OtherSalesToPublicAuthorities" ns2:type="arc" />
        <ns0:loc ns2:href="../../ferc-core_2020-01-01.xsd#ferc_MegawattHoursSoldOtherSalesToPublicAuthorities" ns2:label="ferc_MegawattHoursSoldOtherSalesToPublicAuthorities" ns2:type="locator" />
        <ns0:calculationArc order="1" weight="1" ns2:arcrole="http://www.xbrl.org/2003/arcrole/summation-item" ns2:from="ferc_MegawattHoursSoldSalesToUltimateConsumers" ns2:to="ferc_MegawattHoursSoldOtherSalesToPublicAuthorities" ns2:type="arc" />
        <ns0:loc ns2:href="../../ferc-core_2020-01-01.xsd#ferc_AverageNumberOfCustomersPerMonthOtherSalesToPublicAuthorities" ns2:label="ferc_AverageNumberOfCustomersPerMonthOtherSalesToPublicAuthorities" ns2:type="locator" />
        <ns0:calculationArc order="1" weight="1" ns2:arcrole="http://www.xbrl.org/2003/arcrole/summation-item" ns2:from="ferc_AverageNumberOfCustomersPerMonthSalesToUltimateConsumers" ns2:to="ferc_AverageNumberOfCustomersPerMonthOtherSalesToPublicAuthorities" ns2:type="arc" />
        <ns0:loc ns2:href="../../ferc-core_2020-01-01.xsd#ferc_SalesToRailroadsAndRailways" ns2:label="ferc_SalesToRailroadsAndRailways" ns2:type="locator" />
        <ns0:calculationArc order="1" weight="1" ns2:arcrole="http://www.xbrl.org/2003/arcrole/summation-item" ns2:from="ferc_SalesToUltimateConsumers" ns2:to="ferc_SalesToRailroadsAndRailways" ns2:type="arc" />
        <ns0:loc ns2:href="../../ferc-core_2020-01-01.xsd#ferc_MegawattHoursSoldSalesToRailroadsAndRailways" ns2:label="ferc_MegawattHoursSoldSalesToRailroadsAndRailways" ns2:type="locator" />
        <ns0:calculationArc order="1" weight="1" ns2:arcrole="http://www.xbrl.org/2003/arcrole/summation-item" ns2:from="ferc_MegawattHoursSoldSalesToUltimateConsumers" ns2:to="ferc_MegawattHoursSoldSalesToRailroadsAndRailways" ns2:type="arc" />
        <ns0:loc ns2:href="../../ferc-core_2020-01-01.xsd#ferc_AverageNumberOfCustomersPerMonthSalesToRailroadsAndRailways" ns2:label="ferc_AverageNumberOfCustomersPerMonthSalesToRailroadsAndRailways" ns2:type="locator" />
        <ns0:calculationArc order="1" weight="1" ns2:arcrole="http://www.xbrl.org/2003/arcrole/summation-item" ns2:from="ferc_AverageNumberOfCustomersPerMonthSalesToUltimateConsumers" ns2:to="ferc_AverageNumberOfCustomersPerMonthSalesToRailroadsAndRailways" ns2:type="arc" />
        <ns0:loc ns2:href="../../ferc-core_2020-01-01.xsd#ferc_InterdepartmentalSales" ns2:label="ferc_InterdepartmentalSales" ns2:type="locator" />
        <ns0:calculationArc order="1" weight="1" ns2:arcrole="http://www.xbrl.org/2003/arcrole/summation-item" ns2:from="ferc_SalesToUltimateConsumers" ns2:to="ferc_InterdepartmentalSales" ns2:type="arc" />
        <ns0:loc ns2:href="../../ferc-core_2020-01-01.xsd#ferc_MegawattHoursSoldInterdepartmentalSales" ns2:label="ferc_MegawattHoursSoldInterdepartmentalSales" ns2:type="locator" />
        <ns0:calculationArc order="1" weight="1" ns2:arcrole="http://www.xbrl.org/2003/arcrole/summation-item" ns2:from="ferc_MegawattHoursSoldSalesToUltimateConsumers" ns2:to="ferc_MegawattHoursSoldInterdepartmentalSales" ns2:type="arc" />
        <ns0:loc ns2:href="../../ferc-core_2020-01-01.xsd#ferc_AverageNumberOfCustomersPerMonthInterdepartmentalSales" ns2:label="ferc_AverageNumberOfCustomersPerMonthInterdepartmentalSales" ns2:type="locator" />
        <ns0:calculationArc order="1" weight="1" ns2:arcrole="http://www.xbrl.org/2003/arcrole/summation-item" ns2:from="ferc_AverageNumberOfCustomersPerMonthSalesToUltimateConsumers" ns2:to="ferc_AverageNumberOfCustomersPerMonthInterdepartmentalSales" ns2:type="arc" />
        <ns0:loc ns2:href="../../ferc-core_2020-01-01.xsd#ferc_SalesOfElectricity" ns2:label="ferc_SalesOfElectricity" ns2:type="locator" />
        <ns0:calculationArc order="1" weight="1" ns2:arcrole="http://www.xbrl.org/2003/arcrole/summation-item" ns2:from="ferc_SalesOfElectricity" ns2:to="ferc_SalesToUltimateConsumers" ns2:type="arc" />
        <ns0:loc ns2:href="../../ferc-core_2020-01-01.xsd#ferc_MegawattHoursSoldSalesOfElectricity" ns2:label="ferc_MegawattHoursSoldSalesOfElectricity" ns2:type="locator" />
        <ns0:calculationArc order="1" weight="1" ns2:arcrole="http://www.xbrl.org/2003/arcrole/summation-item" ns2:from="ferc_MegawattHoursSoldSalesOfElectricity" ns2:to="ferc_MegawattHoursSoldSalesToUltimateConsumers" ns2:type="arc" />
        <ns0:loc ns2:href="../../ferc-core_2020-01-01.xsd#ferc_AverageNumberOfCustomersPerMonthSalesOfElectricity" ns2:label="ferc_AverageNumberOfCustomersPerMonthSalesOfElectricity" ns2:type="locator" />
        <ns0:calculationArc order="1" weight="1" ns2:arcrole="http://www.xbrl.org/2003/arcrole/summation-item" ns2:from="ferc_AverageNumberOfCustomersPerMonthSalesOfElectricity" ns2:to="ferc_AverageNumberOfCustomersPerMonthSalesToUltimateConsumers" ns2:type="arc" />
        <ns0:loc ns2:href="../../ferc-core_2020-01-01.xsd#ferc_SalesForResale" ns2:label="ferc_SalesForResale" ns2:type="locator" />
        <ns0:calculationArc order="1" weight="1" ns2:arcrole="http://www.xbrl.org/2003/arcrole/summation-item" ns2:from="ferc_SalesOfElectricity" ns2:to="ferc_SalesForResale" ns2:type="arc" />
        <ns0:loc ns2:href="../../ferc-core_2020-01-01.xsd#ferc_MegawattHoursSoldSalesForResale" ns2:label="ferc_MegawattHoursSoldSalesForResale" ns2:type="locator" />
        <ns0:calculationArc order="1" weight="1" ns2:arcrole="http://www.xbrl.org/2003/arcrole/summation-item" ns2:from="ferc_MegawattHoursSoldSalesOfElectricity" ns2:to="ferc_MegawattHoursSoldSalesForResale" ns2:type="arc" />
        <ns0:loc ns2:href="../../ferc-core_2020-01-01.xsd#ferc_AverageNumberOfCustomersPerMonthSalesForResale" ns2:label="ferc_AverageNumberOfCustomersPerMonthSalesForResale" ns2:type="locator" />
        <ns0:calculationArc order="1" weight="1" ns2:arcrole="http://www.xbrl.org/2003/arcrole/summation-item" ns2:from="ferc_AverageNumberOfCustomersPerMonthSalesOfElectricity" ns2:to="ferc_AverageNumberOfCustomersPerMonthSalesForResale" ns2:type="arc" />
        <ns0:loc ns2:href="../../ferc-core_2020-01-01.xsd#ferc_RevenuesNetOfProvisionForRefunds" ns2:label="ferc_RevenuesNetOfProvisionForRefunds" ns2:type="locator" />
        <ns0:calculationArc order="1" weight="1" ns2:arcrole="http://www.xbrl.org/2003/arcrole/summation-item" ns2:from="ferc_RevenuesNetOfProvisionForRefunds" ns2:to="ferc_SalesOfElectricity" ns2:type="arc" />
        <ns0:loc ns2:href="../../ferc-core_2020-01-01.xsd#ferc_MegawattHoursSoldRevenuesNetOfProvisionForRefunds" ns2:label="ferc_MegawattHoursSoldRevenuesNetOfProvisionForRefunds" ns2:type="locator" />
        <ns0:calculationArc order="1" weight="1" ns2:arcrole="http://www.xbrl.org/2003/arcrole/summation-item" ns2:from="ferc_MegawattHoursSoldRevenuesNetOfProvisionForRefunds" ns2:to="ferc_MegawattHoursSoldSalesOfElectricity" ns2:type="arc" />
        <ns0:loc ns2:href="../../ferc-core_2020-01-01.xsd#ferc_AverageNumberOfCustomersPerMonthRevenuesNetOfProvisionForRefunds" ns2:label="ferc_AverageNumberOfCustomersPerMonthRevenuesNetOfProvisionForRefunds" ns2:type="locator" />
        <ns0:calculationArc order="1" weight="1" ns2:arcrole="http://www.xbrl.org/2003/arcrole/summation-item" ns2:from="ferc_AverageNumberOfCustomersPerMonthRevenuesNetOfProvisionForRefunds" ns2:to="ferc_AverageNumberOfCustomersPerMonthSalesOfElectricity" ns2:type="arc" />
        <ns0:loc ns2:href="../../ferc-core_2020-01-01.xsd#ferc_ProvisionForRateRefunds" ns2:label="ferc_ProvisionForRateRefunds" ns2:type="locator" />
        <ns0:calculationArc order="1" weight="-1" ns2:arcrole="http://www.xbrl.org/2003/arcrole/summation-item" ns2:from="ferc_RevenuesNetOfProvisionForRefunds" ns2:to="ferc_ProvisionForRateRefunds" ns2:type="arc" />
        <ns0:loc ns2:href="../../ferc-core_2020-01-01.xsd#ferc_MegawattHoursSoldProvisionForRateRefunds" ns2:label="ferc_MegawattHoursSoldProvisionForRateRefunds" ns2:type="locator" />
        <ns0:calculationArc order="1" weight="-1" ns2:arcrole="http://www.xbrl.org/2003/arcrole/summation-item" ns2:from="ferc_MegawattHoursSoldRevenuesNetOfProvisionForRefunds" ns2:to="ferc_MegawattHoursSoldProvisionForRateRefunds" ns2:type="arc" />
        <ns0:loc ns2:href="../../ferc-core_2020-01-01.xsd#ferc_AverageNumberOfCustomersPerMonthProvisionForRateRefunds" ns2:label="ferc_AverageNumberOfCustomersPerMonthProvisionForRateRefunds" ns2:type="locator" />
        <ns0:calculationArc order="1" weight="-1" ns2:arcrole="http://www.xbrl.org/2003/arcrole/summation-item" ns2:from="ferc_AverageNumberOfCustomersPerMonthRevenuesNetOfProvisionForRefunds" ns2:to="ferc_AverageNumberOfCustomersPerMonthProvisionForRateRefunds" ns2:type="arc" />
        <ns0:loc ns2:href="../../ferc-core_2020-01-01.xsd#ferc_ElectricOperatingRevenues" ns2:label="ferc_ElectricOperatingRevenues" ns2:type="locator" />
        <ns0:calculationArc order="1" weight="1" ns2:arcrole="http://www.xbrl.org/2003/arcrole/summation-item" ns2:from="ferc_ElectricOperatingRevenues" ns2:to="ferc_RevenuesNetOfProvisionForRefunds" ns2:type="arc" />
        <ns0:loc ns2:href="../../ferc-core_2020-01-01.xsd#ferc_OtherOperatingRevenues" ns2:label="ferc_OtherOperatingRevenues" ns2:type="locator" />
        <ns0:calculationArc order="1" weight="1" ns2:arcrole="http://www.xbrl.org/2003/arcrole/summation-item" ns2:from="ferc_ElectricOperatingRevenues" ns2:to="ferc_OtherOperatingRevenues" ns2:type="arc" />
    </ns0:calculationLink>
</ns0:linkbase>