<ns0:linkbase xmlns:ns0="http://www.xbrl.org/2003/linkbase" xmlns:ns2="http://www.w3.org/1999/xlink" xmlns:xsi="http://www.w3.org/2001/XMLSchema-instance" xsi:schemaLocation="http://www.xbrl.org/2003/linkbase http://www.xbrl.org/2003/xbrl-linkbase-2003-12-31.xsd">
    <ns0:roleRef roleURI="http://ferc.gov/form/2020-01-01/roles/Schedule/F1/Officers" ns2:href="form-1-sched-Officers_2020-01-01.xsd#roleType_Officers" ns2:type="simple" />
    <ns0:roleRef roleURI="http://ferc.gov/form/2020-01-01/roles/label/F1Officer" ns2:href="../../ferc-core-lab-roles_2020-01-01.xsd#F1Officer" ns2:type="simple" />
    <ns0:presentationLink ns2:role="http://ferc.gov/form/2020-01-01/roles/Schedule/F1/Officers" ns2:type="extended">
        <ns0:loc ns2:href="../../ferc-core_2020-01-01.xsd#ferc_ScheduleOfficersAbstract" ns2:label="ferc_ScheduleOfficersAbstract" ns2:type="locator" />
        <ns0:loc ns2:href="../../ferc-core_2020-01-01.xsd#ferc_OfficerTable" ns2:label="ferc_OfficerTable" ns2:type="locator" />
        <ns0:presentationArc order="1" ns2:arcrole="http://www.xbrl.org/2003/arcrole/parent-child" ns2:from="ferc_ScheduleOfficersAbstract" ns2:to="ferc_OfficerTable" ns2:type="arc" />
        <ns0:loc ns2:href="../../ferc-core_2020-01-01.xsd#ferc_OfficerAxis" ns2:label="ferc_OfficerAxis" ns2:type="locator" />
        <ns0:presentationArc order="1" ns2:arcrole="http://www.xbrl.org/2003/arcrole/parent-child" ns2:from="ferc_OfficerTable" ns2:to="ferc_OfficerAxis" ns2:type="arc" />
        <ns0:loc ns2:href="../../ferc-core_2020-01-01.xsd#ferc_OfficerLineItems" ns2:label="ferc_OfficerLineItems" ns2:type="locator" />
        <ns0:presentationArc order="2" ns2:arcrole="http://www.xbrl.org/2003/arcrole/parent-child" ns2:from="ferc_OfficerTable" ns2:to="ferc_OfficerLineItems" ns2:type="arc" />
        <ns0:loc ns2:href="../../ferc-core_2020-01-01.xsd#ferc_OrderNumber" ns2:label="ferc_OrderNumber" ns2:type="locator" />
        <ns0:presentationArc order="1" ns2:arcrole="http://www.xbrl.org/2003/arcrole/parent-child" ns2:from="ferc_OfficerLineItems" ns2:to="ferc_OrderNumber" ns2:type="arc" />
        <ns0:loc ns2:href="../../ferc-core_2020-01-01.xsd#ferc_OfficerTitle" ns2:label="ferc_OfficerTitle" ns2:type="locator" />
        <ns0:presentationArc order="2" preferredLabel="http://ferc.gov/form/2020-01-01/roles/label/F1Officer" ns2:arcrole="http://www.xbrl.org/2003/arcrole/parent-child" ns2:from="ferc_OfficerLineItems" ns2:to="ferc_OfficerTitle" ns2:type="arc" />
        <ns0:loc ns2:href="../../ferc-core_2020-01-01.xsd#ferc_OfficerName" ns2:label="ferc_OfficerName" ns2:type="locator" />
        <ns0:presentationArc order="3" preferredLabel="http://ferc.gov/form/2020-01-01/roles/label/F1Officer" ns2:arcrole="http://www.xbrl.org/2003/arcrole/parent-child" ns2:from="ferc_OfficerLineItems" ns2:to="ferc_OfficerName" ns2:type="arc" />
        <ns0:loc ns2:href="../../ferc-core_2020-01-01.xsd#ferc_OfficerSalary" ns2:label="ferc_OfficerSalary" ns2:type="locator" />
        <ns0:presentationArc order="4" preferredLabel="http://ferc.gov/form/2020-01-01/roles/label/F1Officer" ns2:arcrole="http://www.xbrl.org/2003/arcrole/parent-child" ns2:from="ferc_OfficerLineItems" ns2:to="ferc_OfficerSalary" ns2:type="arc" />
        <ns0:loc ns2:href="../../ferc-core_2020-01-01.xsd#ferc_DateOfficerIncumbencyStarted" ns2:label="ferc_DateOfficerIncumbencyStarted" ns2:type="locator" />
        <ns0:presentationArc order="5" preferredLabel="http://ferc.gov/form/2020-01-01/roles/label/F1Officer" ns2:arcrole="http://www.xbrl.org/2003/arcrole/parent-child" ns2:from="ferc_OfficerLineItems" ns2:to="ferc_DateOfficerIncumbencyStarted" ns2:type="arc" />
        <ns0:loc ns2:href="../../ferc-core_2020-01-01.xsd#ferc_DateOfficerIncumbencyEnded" ns2:label="ferc_DateOfficerIncumbencyEnded" ns2:type="locator" />
        <ns0:presentationArc order="6" preferredLabel="http://ferc.gov/form/2020-01-01/roles/label/F1Officer" ns2:arcrole="http://www.xbrl.org/2003/arcrole/parent-child" ns2:from="ferc_OfficerLineItems" ns2:to="ferc_DateOfficerIncumbencyEnded" ns2:type="arc" />
    </ns0:presentationLink>
</ns0:linkbase>