<ns0:linkbase xmlns:ns0="http://www.xbrl.org/2003/linkbase" xmlns:ns2="http://www.w3.org/1999/xlink" xmlns:xsi="http://www.w3.org/2001/XMLSchema-instance" xsi:schemaLocation="http://www.xbrl.org/2003/linkbase http://www.xbrl.org/2003/xbrl-linkbase-2003-12-31.xsd">
    <ns0:roleRef roleURI="http://ferc.gov/form/2020-01-01/roles/Schedule/F1F/UtilityPlantData" ns2:href="form-1F-sched-UtilityPlantData_2020-01-01.xsd#roleType_UtilityPlantData" ns2:type="simple" />
    <ns0:calculationLink ns2:role="http://ferc.gov/form/2020-01-01/roles/Schedule/F1F/UtilityPlantData" ns2:type="extended">
        <ns0:loc ns2:href="../../ferc-core_2020-01-01.xsd#ferc_ElectricPlantInServiceAdditions" ns2:label="ferc_ElectricPlantInServiceAdditions" ns2:type="locator" />
        <ns0:loc ns2:href="../../ferc-core_2020-01-01.xsd#ferc_IntangiblePlantAdditions" ns2:label="ferc_IntangiblePlantAdditions" ns2:type="locator" />
        <ns0:calculationArc order="1" weight="1" ns2:arcrole="http://www.xbrl.org/2003/arcrole/summation-item" ns2:from="ferc_ElectricPlantInServiceAdditions" ns2:to="ferc_IntangiblePlantAdditions" ns2:type="arc" />
        <ns0:loc ns2:href="../../ferc-core_2020-01-01.xsd#ferc_ElectricPlantInServiceRetirements" ns2:label="ferc_ElectricPlantInServiceRetirements" ns2:type="locator" />
        <ns0:loc ns2:href="../../ferc-core_2020-01-01.xsd#ferc_IntangiblePlantRetirements" ns2:label="ferc_IntangiblePlantRetirements" ns2:type="locator" />
        <ns0:calculationArc order="1" weight="1" ns2:arcrole="http://www.xbrl.org/2003/arcrole/summation-item" ns2:from="ferc_ElectricPlantInServiceRetirements" ns2:to="ferc_IntangiblePlantRetirements" ns2:type="arc" />
        <ns0:loc ns2:href="../../ferc-core_2020-01-01.xsd#ferc_ElectricPlantInServiceTransfersAndAdjustments" ns2:label="ferc_ElectricPlantInServiceTransfersAndAdjustments" ns2:type="locator" />
        <ns0:loc ns2:href="../../ferc-core_2020-01-01.xsd#ferc_IntangiblePlantTransfersAndAdjustments" ns2:label="ferc_IntangiblePlantTransfersAndAdjustments" ns2:type="locator" />
        <ns0:calculationArc order="1" weight="1" ns2:arcrole="http://www.xbrl.org/2003/arcrole/summation-item" ns2:from="ferc_ElectricPlantInServiceTransfersAndAdjustments" ns2:to="ferc_IntangiblePlantTransfersAndAdjustments" ns2:type="arc" />
        <ns0:loc ns2:href="../../ferc-core_2020-01-01.xsd#ferc_ElectricPlantInService" ns2:label="ferc_ElectricPlantInService" ns2:type="locator" />
        <ns0:loc ns2:href="../../ferc-core_2020-01-01.xsd#ferc_IntangiblePlant" ns2:label="ferc_IntangiblePlant" ns2:type="locator" />
        <ns0:calculationArc order="1" weight="1" ns2:arcrole="http://www.xbrl.org/2003/arcrole/summation-item" ns2:from="ferc_ElectricPlantInService" ns2:to="ferc_IntangiblePlant" ns2:type="arc" />
        <ns0:loc ns2:href="../../ferc-core_2020-01-01.xsd#ferc_SteamProductionPlantAdditions" ns2:label="ferc_SteamProductionPlantAdditions" ns2:type="locator" />
        <ns0:calculationArc order="1" weight="1" ns2:arcrole="http://www.xbrl.org/2003/arcrole/summation-item" ns2:from="ferc_ElectricPlantInServiceAdditions" ns2:to="ferc_SteamProductionPlantAdditions" ns2:type="arc" />
        <ns0:loc ns2:href="../../ferc-core_2020-01-01.xsd#ferc_SteamProductionPlantRetirements" ns2:label="ferc_SteamProductionPlantRetirements" ns2:type="locator" />
        <ns0:calculationArc order="1" weight="1" ns2:arcrole="http://www.xbrl.org/2003/arcrole/summation-item" ns2:from="ferc_ElectricPlantInServiceRetirements" ns2:to="ferc_SteamProductionPlantRetirements" ns2:type="arc" />
        <ns0:loc ns2:href="../../ferc-core_2020-01-01.xsd#ferc_SteamProductionPlantTransfersAndAdjustments" ns2:label="ferc_SteamProductionPlantTransfersAndAdjustments" ns2:type="locator" />
        <ns0:calculationArc order="1" weight="1" ns2:arcrole="http://www.xbrl.org/2003/arcrole/summation-item" ns2:from="ferc_ElectricPlantInServiceTransfersAndAdjustments" ns2:to="ferc_SteamProductionPlantTransfersAndAdjustments" ns2:type="arc" />
        <ns0:loc ns2:href="../../ferc-core_2020-01-01.xsd#ferc_SteamProductionPlant" ns2:label="ferc_SteamProductionPlant" ns2:type="locator" />
        <ns0:calculationArc order="1" weight="1" ns2:arcrole="http://www.xbrl.org/2003/arcrole/summation-item" ns2:from="ferc_ElectricPlantInService" ns2:to="ferc_SteamProductionPlant" ns2:type="arc" />
        <ns0:loc ns2:href="../../ferc-core_2020-01-01.xsd#ferc_HydraulicProductionPlantAdditions" ns2:label="ferc_HydraulicProductionPlantAdditions" ns2:type="locator" />
        <ns0:calculationArc order="1" weight="1" ns2:arcrole="http://www.xbrl.org/2003/arcrole/summation-item" ns2:from="ferc_ElectricPlantInServiceAdditions" ns2:to="ferc_HydraulicProductionPlantAdditions" ns2:type="arc" />
        <ns0:loc ns2:href="../../ferc-core_2020-01-01.xsd#ferc_HydraulicProductionPlantRetirements" ns2:label="ferc_HydraulicProductionPlantRetirements" ns2:type="locator" />
        <ns0:calculationArc order="1" weight="1" ns2:arcrole="http://www.xbrl.org/2003/arcrole/summation-item" ns2:from="ferc_ElectricPlantInServiceRetirements" ns2:to="ferc_HydraulicProductionPlantRetirements" ns2:type="arc" />
        <ns0:loc ns2:href="../../ferc-core_2020-01-01.xsd#ferc_HydraulicProductionPlantTransfersAndAdjustments" ns2:label="ferc_HydraulicProductionPlantTransfersAndAdjustments" ns2:type="locator" />
        <ns0:calculationArc order="1" weight="1" ns2:arcrole="http://www.xbrl.org/2003/arcrole/summation-item" ns2:from="ferc_ElectricPlantInServiceTransfersAndAdjustments" ns2:to="ferc_HydraulicProductionPlantTransfersAndAdjustments" ns2:type="arc" />
        <ns0:loc ns2:href="../../ferc-core_2020-01-01.xsd#ferc_HydraulicProductionPlant" ns2:label="ferc_HydraulicProductionPlant" ns2:type="locator" />
        <ns0:calculationArc order="1" weight="1" ns2:arcrole="http://www.xbrl.org/2003/arcrole/summation-item" ns2:from="ferc_ElectricPlantInService" ns2:to="ferc_HydraulicProductionPlant" ns2:type="arc" />
        <ns0:loc ns2:href="../../ferc-core_2020-01-01.xsd#ferc_OtherProductionPlantAdditions" ns2:label="ferc_OtherProductionPlantAdditions" ns2:type="locator" />
        <ns0:calculationArc order="1" weight="1" ns2:arcrole="http://www.xbrl.org/2003/arcrole/summation-item" ns2:from="ferc_ElectricPlantInServiceAdditions" ns2:to="ferc_OtherProductionPlantAdditions" ns2:type="arc" />
        <ns0:loc ns2:href="../../ferc-core_2020-01-01.xsd#ferc_OtherProductionPlantRetirements" ns2:label="ferc_OtherProductionPlantRetirements" ns2:type="locator" />
        <ns0:calculationArc order="1" weight="1" ns2:arcrole="http://www.xbrl.org/2003/arcrole/summation-item" ns2:from="ferc_ElectricPlantInServiceRetirements" ns2:to="ferc_OtherProductionPlantRetirements" ns2:type="arc" />
        <ns0:loc ns2:href="../../ferc-core_2020-01-01.xsd#ferc_OtherProductionPlantTransfersAndAdjustments" ns2:label="ferc_OtherProductionPlantTransfersAndAdjustments" ns2:type="locator" />
        <ns0:calculationArc order="1" weight="1" ns2:arcrole="http://www.xbrl.org/2003/arcrole/summation-item" ns2:from="ferc_ElectricPlantInServiceTransfersAndAdjustments" ns2:to="ferc_OtherProductionPlantTransfersAndAdjustments" ns2:type="arc" />
        <ns0:loc ns2:href="../../ferc-core_2020-01-01.xsd#ferc_OtherProductionPlant" ns2:label="ferc_OtherProductionPlant" ns2:type="locator" />
        <ns0:calculationArc order="1" weight="1" ns2:arcrole="http://www.xbrl.org/2003/arcrole/summation-item" ns2:from="ferc_ElectricPlantInService" ns2:to="ferc_OtherProductionPlant" ns2:type="arc" />
        <ns0:loc ns2:href="../../ferc-core_2020-01-01.xsd#ferc_TransmissionPlantAdditions" ns2:label="ferc_TransmissionPlantAdditions" ns2:type="locator" />
        <ns0:calculationArc order="1" weight="1" ns2:arcrole="http://www.xbrl.org/2003/arcrole/summation-item" ns2:from="ferc_ElectricPlantInServiceAdditions" ns2:to="ferc_TransmissionPlantAdditions" ns2:type="arc" />
        <ns0:loc ns2:href="../../ferc-core_2020-01-01.xsd#ferc_TransmissionPlantRetirements" ns2:label="ferc_TransmissionPlantRetirements" ns2:type="locator" />
        <ns0:calculationArc order="1" weight="1" ns2:arcrole="http://www.xbrl.org/2003/arcrole/summation-item" ns2:from="ferc_ElectricPlantInServiceRetirements" ns2:to="ferc_TransmissionPlantRetirements" ns2:type="arc" />
        <ns0:loc ns2:href="../../ferc-core_2020-01-01.xsd#ferc_TransmissionPlantTransfersAndAdjustments" ns2:label="ferc_TransmissionPlantTransfersAndAdjustments" ns2:type="locator" />
        <ns0:calculationArc order="1" weight="1" ns2:arcrole="http://www.xbrl.org/2003/arcrole/summation-item" ns2:from="ferc_ElectricPlantInServiceTransfersAndAdjustments" ns2:to="ferc_TransmissionPlantTransfersAndAdjustments" ns2:type="arc" />
        <ns0:loc ns2:href="../../ferc-core_2020-01-01.xsd#ferc_TransmissionPlant" ns2:label="ferc_TransmissionPlant" ns2:type="locator" />
        <ns0:calculationArc order="1" weight="1" ns2:arcrole="http://www.xbrl.org/2003/arcrole/summation-item" ns2:from="ferc_ElectricPlantInService" ns2:to="ferc_TransmissionPlant" ns2:type="arc" />
        <ns0:loc ns2:href="../../ferc-core_2020-01-01.xsd#ferc_DistributionPlantAdditions" ns2:label="ferc_DistributionPlantAdditions" ns2:type="locator" />
        <ns0:calculationArc order="1" weight="1" ns2:arcrole="http://www.xbrl.org/2003/arcrole/summation-item" ns2:from="ferc_ElectricPlantInServiceAdditions" ns2:to="ferc_DistributionPlantAdditions" ns2:type="arc" />
        <ns0:loc ns2:href="../../ferc-core_2020-01-01.xsd#ferc_DistributionPlantRetirements" ns2:label="ferc_DistributionPlantRetirements" ns2:type="locator" />
        <ns0:calculationArc order="1" weight="1" ns2:arcrole="http://www.xbrl.org/2003/arcrole/summation-item" ns2:from="ferc_ElectricPlantInServiceRetirements" ns2:to="ferc_DistributionPlantRetirements" ns2:type="arc" />
        <ns0:loc ns2:href="../../ferc-core_2020-01-01.xsd#ferc_DistributionPlantTransfersAndAdjustments" ns2:label="ferc_DistributionPlantTransfersAndAdjustments" ns2:type="locator" />
        <ns0:calculationArc order="1" weight="1" ns2:arcrole="http://www.xbrl.org/2003/arcrole/summation-item" ns2:from="ferc_ElectricPlantInServiceTransfersAndAdjustments" ns2:to="ferc_DistributionPlantTransfersAndAdjustments" ns2:type="arc" />
        <ns0:loc ns2:href="../../ferc-core_2020-01-01.xsd#ferc_DistributionPlant" ns2:label="ferc_DistributionPlant" ns2:type="locator" />
        <ns0:calculationArc order="1" weight="1" ns2:arcrole="http://www.xbrl.org/2003/arcrole/summation-item" ns2:from="ferc_ElectricPlantInService" ns2:to="ferc_DistributionPlant" ns2:type="arc" />
        <ns0:loc ns2:href="../../ferc-core_2020-01-01.xsd#ferc_GeneralPlantAdditions" ns2:label="ferc_GeneralPlantAdditions" ns2:type="locator" />
        <ns0:calculationArc order="1" weight="1" ns2:arcrole="http://www.xbrl.org/2003/arcrole/summation-item" ns2:from="ferc_ElectricPlantInServiceAdditions" ns2:to="ferc_GeneralPlantAdditions" ns2:type="arc" />
        <ns0:loc ns2:href="../../ferc-core_2020-01-01.xsd#ferc_GeneralPlantRetirements" ns2:label="ferc_GeneralPlantRetirements" ns2:type="locator" />
        <ns0:calculationArc order="1" weight="1" ns2:arcrole="http://www.xbrl.org/2003/arcrole/summation-item" ns2:from="ferc_ElectricPlantInServiceRetirements" ns2:to="ferc_GeneralPlantRetirements" ns2:type="arc" />
        <ns0:loc ns2:href="../../ferc-core_2020-01-01.xsd#ferc_GeneralPlantTransfersAndAdjustments" ns2:label="ferc_GeneralPlantTransfersAndAdjustments" ns2:type="locator" />
        <ns0:calculationArc order="1" weight="1" ns2:arcrole="http://www.xbrl.org/2003/arcrole/summation-item" ns2:from="ferc_ElectricPlantInServiceTransfersAndAdjustments" ns2:to="ferc_GeneralPlantTransfersAndAdjustments" ns2:type="arc" />
        <ns0:loc ns2:href="../../ferc-core_2020-01-01.xsd#ferc_GeneralPlant" ns2:label="ferc_GeneralPlant" ns2:type="locator" />
        <ns0:calculationArc order="1" weight="1" ns2:arcrole="http://www.xbrl.org/2003/arcrole/summation-item" ns2:from="ferc_ElectricPlantInService" ns2:to="ferc_GeneralPlant" ns2:type="arc" />
        <ns0:loc ns2:href="../../ferc-core_2020-01-01.xsd#ferc_UtilityPlantAndConstructionWorkInProgressNotIncludingOtherUtilityPlantAdditions" ns2:label="ferc_UtilityPlantAndConstructionWorkInProgressNotIncludingOtherUtilityPlantAdditions" ns2:type="locator" />
        <ns0:calculationArc order="1" weight="1" ns2:arcrole="http://www.xbrl.org/2003/arcrole/summation-item" ns2:from="ferc_UtilityPlantAndConstructionWorkInProgressNotIncludingOtherUtilityPlantAdditions" ns2:to="ferc_ElectricPlantInServiceAdditions" ns2:type="arc" />
        <ns0:loc ns2:href="../../ferc-core_2020-01-01.xsd#ferc_UtilityPlantAndConstructionWorkInProgressNotIncludingOtherUtilityPlantRetirements" ns2:label="ferc_UtilityPlantAndConstructionWorkInProgressNotIncludingOtherUtilityPlantRetirements" ns2:type="locator" />
        <ns0:calculationArc order="1" weight="1" ns2:arcrole="http://www.xbrl.org/2003/arcrole/summation-item" ns2:from="ferc_UtilityPlantAndConstructionWorkInProgressNotIncludingOtherUtilityPlantRetirements" ns2:to="ferc_ElectricPlantInServiceRetirements" ns2:type="arc" />
        <ns0:loc ns2:href="../../ferc-core_2020-01-01.xsd#ferc_UtilityPlantAndConstructionWorkInProgressNotIncludingOtherUtilityPlantTransfersAndAdjustments" ns2:label="ferc_UtilityPlantAndConstructionWorkInProgressNotIncludingOtherUtilityPlantTransfersAndAdjustments" ns2:type="locator" />
        <ns0:calculationArc order="1" weight="1" ns2:arcrole="http://www.xbrl.org/2003/arcrole/summation-item" ns2:from="ferc_UtilityPlantAndConstructionWorkInProgressNotIncludingOtherUtilityPlantTransfersAndAdjustments" ns2:to="ferc_ElectricPlantInServiceTransfersAndAdjustments" ns2:type="arc" />
        <ns0:loc ns2:href="../../ferc-core_2020-01-01.xsd#ferc_UtilityPlantAndConstructionWorkInProgressNotIncludingOtherUtilityPlant" ns2:label="ferc_UtilityPlantAndConstructionWorkInProgressNotIncludingOtherUtilityPlant" ns2:type="locator" />
        <ns0:calculationArc order="1" weight="1" ns2:arcrole="http://www.xbrl.org/2003/arcrole/summation-item" ns2:from="ferc_UtilityPlantAndConstructionWorkInProgressNotIncludingOtherUtilityPlant" ns2:to="ferc_ElectricPlantInService" ns2:type="arc" />
        <ns0:loc ns2:href="../../ferc-core_2020-01-01.xsd#ferc_ElectricPlantPurchasedAdditions" ns2:label="ferc_ElectricPlantPurchasedAdditions" ns2:type="locator" />
        <ns0:calculationArc order="1" weight="1" ns2:arcrole="http://www.xbrl.org/2003/arcrole/summation-item" ns2:from="ferc_UtilityPlantAndConstructionWorkInProgressNotIncludingOtherUtilityPlantAdditions" ns2:to="ferc_ElectricPlantPurchasedAdditions" ns2:type="arc" />
        <ns0:loc ns2:href="../../ferc-core_2020-01-01.xsd#ferc_ElectricPlantPurchasedRetirements" ns2:label="ferc_ElectricPlantPurchasedRetirements" ns2:type="locator" />
        <ns0:calculationArc order="1" weight="1" ns2:arcrole="http://www.xbrl.org/2003/arcrole/summation-item" ns2:from="ferc_UtilityPlantAndConstructionWorkInProgressNotIncludingOtherUtilityPlantRetirements" ns2:to="ferc_ElectricPlantPurchasedRetirements" ns2:type="arc" />
        <ns0:loc ns2:href="../../ferc-core_2020-01-01.xsd#ferc_ElectricPlantPurchasedTransfersAndAdjustments" ns2:label="ferc_ElectricPlantPurchasedTransfersAndAdjustments" ns2:type="locator" />
        <ns0:calculationArc order="1" weight="1" ns2:arcrole="http://www.xbrl.org/2003/arcrole/summation-item" ns2:from="ferc_UtilityPlantAndConstructionWorkInProgressNotIncludingOtherUtilityPlantTransfersAndAdjustments" ns2:to="ferc_ElectricPlantPurchasedTransfersAndAdjustments" ns2:type="arc" />
        <ns0:loc ns2:href="../../ferc-core_2020-01-01.xsd#ferc_ElectricPlantPurchased" ns2:label="ferc_ElectricPlantPurchased" ns2:type="locator" />
        <ns0:calculationArc order="1" weight="1" ns2:arcrole="http://www.xbrl.org/2003/arcrole/summation-item" ns2:from="ferc_UtilityPlantAndConstructionWorkInProgressNotIncludingOtherUtilityPlant" ns2:to="ferc_ElectricPlantPurchased" ns2:type="arc" />
        <ns0:loc ns2:href="../../ferc-core_2020-01-01.xsd#ferc_ElectricPlantSoldAdditions" ns2:label="ferc_ElectricPlantSoldAdditions" ns2:type="locator" />
        <ns0:calculationArc order="1" weight="-1" ns2:arcrole="http://www.xbrl.org/2003/arcrole/summation-item" ns2:from="ferc_UtilityPlantAndConstructionWorkInProgressNotIncludingOtherUtilityPlantAdditions" ns2:to="ferc_ElectricPlantSoldAdditions" ns2:type="arc" />
        <ns0:loc ns2:href="../../ferc-core_2020-01-01.xsd#ferc_ElectricPlantSoldRetirements" ns2:label="ferc_ElectricPlantSoldRetirements" ns2:type="locator" />
        <ns0:calculationArc order="1" weight="-1" ns2:arcrole="http://www.xbrl.org/2003/arcrole/summation-item" ns2:from="ferc_UtilityPlantAndConstructionWorkInProgressNotIncludingOtherUtilityPlantRetirements" ns2:to="ferc_ElectricPlantSoldRetirements" ns2:type="arc" />
        <ns0:loc ns2:href="../../ferc-core_2020-01-01.xsd#ferc_ElectricPlantSoldTransfersAndAdjustments" ns2:label="ferc_ElectricPlantSoldTransfersAndAdjustments" ns2:type="locator" />
        <ns0:calculationArc order="1" weight="-1" ns2:arcrole="http://www.xbrl.org/2003/arcrole/summation-item" ns2:from="ferc_UtilityPlantAndConstructionWorkInProgressNotIncludingOtherUtilityPlantTransfersAndAdjustments" ns2:to="ferc_ElectricPlantSoldTransfersAndAdjustments" ns2:type="arc" />
        <ns0:loc ns2:href="../../ferc-core_2020-01-01.xsd#ferc_ElectricPlantSold" ns2:label="ferc_ElectricPlantSold" ns2:type="locator" />
        <ns0:calculationArc order="1" weight="-1" ns2:arcrole="http://www.xbrl.org/2003/arcrole/summation-item" ns2:from="ferc_UtilityPlantAndConstructionWorkInProgressNotIncludingOtherUtilityPlant" ns2:to="ferc_ElectricPlantSold" ns2:type="arc" />
        <ns0:loc ns2:href="../../ferc-core_2020-01-01.xsd#ferc_ElectricPlantInProcessOfReclassificationAdditions" ns2:label="ferc_ElectricPlantInProcessOfReclassificationAdditions" ns2:type="locator" />
        <ns0:calculationArc order="1" weight="1" ns2:arcrole="http://www.xbrl.org/2003/arcrole/summation-item" ns2:from="ferc_UtilityPlantAndConstructionWorkInProgressNotIncludingOtherUtilityPlantAdditions" ns2:to="ferc_ElectricPlantInProcessOfReclassificationAdditions" ns2:type="arc" />
        <ns0:loc ns2:href="../../ferc-core_2020-01-01.xsd#ferc_ElectricPlantInProcessOfReclassificationRetirements" ns2:label="ferc_ElectricPlantInProcessOfReclassificationRetirements" ns2:type="locator" />
        <ns0:calculationArc order="1" weight="1" ns2:arcrole="http://www.xbrl.org/2003/arcrole/summation-item" ns2:from="ferc_UtilityPlantAndConstructionWorkInProgressNotIncludingOtherUtilityPlantRetirements" ns2:to="ferc_ElectricPlantInProcessOfReclassificationRetirements" ns2:type="arc" />
        <ns0:loc ns2:href="../../ferc-core_2020-01-01.xsd#ferc_ElectricPlantInProcessOfReclassificationTransfersAndAdjustments" ns2:label="ferc_ElectricPlantInProcessOfReclassificationTransfersAndAdjustments" ns2:type="locator" />
        <ns0:calculationArc order="1" weight="1" ns2:arcrole="http://www.xbrl.org/2003/arcrole/summation-item" ns2:from="ferc_UtilityPlantAndConstructionWorkInProgressNotIncludingOtherUtilityPlantTransfersAndAdjustments" ns2:to="ferc_ElectricPlantInProcessOfReclassificationTransfersAndAdjustments" ns2:type="arc" />
        <ns0:loc ns2:href="../../ferc-core_2020-01-01.xsd#ferc_ElectricPlantInProcessOfReclassification" ns2:label="ferc_ElectricPlantInProcessOfReclassification" ns2:type="locator" />
        <ns0:calculationArc order="1" weight="1" ns2:arcrole="http://www.xbrl.org/2003/arcrole/summation-item" ns2:from="ferc_UtilityPlantAndConstructionWorkInProgressNotIncludingOtherUtilityPlant" ns2:to="ferc_ElectricPlantInProcessOfReclassification" ns2:type="arc" />
        <ns0:loc ns2:href="../../ferc-core_2020-01-01.xsd#ferc_ElectricPlantLeasedToOthersAdditions" ns2:label="ferc_ElectricPlantLeasedToOthersAdditions" ns2:type="locator" />
        <ns0:calculationArc order="1" weight="1" ns2:arcrole="http://www.xbrl.org/2003/arcrole/summation-item" ns2:from="ferc_UtilityPlantAndConstructionWorkInProgressNotIncludingOtherUtilityPlantAdditions" ns2:to="ferc_ElectricPlantLeasedToOthersAdditions" ns2:type="arc" />
        <ns0:loc ns2:href="../../ferc-core_2020-01-01.xsd#ferc_ElectricPlantLeasedToOthersRetirements" ns2:label="ferc_ElectricPlantLeasedToOthersRetirements" ns2:type="locator" />
        <ns0:calculationArc order="1" weight="1" ns2:arcrole="http://www.xbrl.org/2003/arcrole/summation-item" ns2:from="ferc_UtilityPlantAndConstructionWorkInProgressNotIncludingOtherUtilityPlantRetirements" ns2:to="ferc_ElectricPlantLeasedToOthersRetirements" ns2:type="arc" />
        <ns0:loc ns2:href="../../ferc-core_2020-01-01.xsd#ferc_ElectricPlantLeasedToOthersTransfersAndAdjustments" ns2:label="ferc_ElectricPlantLeasedToOthersTransfersAndAdjustments" ns2:type="locator" />
        <ns0:calculationArc order="1" weight="1" ns2:arcrole="http://www.xbrl.org/2003/arcrole/summation-item" ns2:from="ferc_UtilityPlantAndConstructionWorkInProgressNotIncludingOtherUtilityPlantTransfersAndAdjustments" ns2:to="ferc_ElectricPlantLeasedToOthersTransfersAndAdjustments" ns2:type="arc" />
        <ns0:loc ns2:href="../../ferc-core_2020-01-01.xsd#ferc_ElectricPlantLeasedToOthers" ns2:label="ferc_ElectricPlantLeasedToOthers" ns2:type="locator" />
        <ns0:calculationArc order="1" weight="1" ns2:arcrole="http://www.xbrl.org/2003/arcrole/summation-item" ns2:from="ferc_UtilityPlantAndConstructionWorkInProgressNotIncludingOtherUtilityPlant" ns2:to="ferc_ElectricPlantLeasedToOthers" ns2:type="arc" />
        <ns0:loc ns2:href="../../ferc-core_2020-01-01.xsd#ferc_ElectricPlantHeldForFutureUseAdditions" ns2:label="ferc_ElectricPlantHeldForFutureUseAdditions" ns2:type="locator" />
        <ns0:calculationArc order="1" weight="1" ns2:arcrole="http://www.xbrl.org/2003/arcrole/summation-item" ns2:from="ferc_UtilityPlantAndConstructionWorkInProgressNotIncludingOtherUtilityPlantAdditions" ns2:to="ferc_ElectricPlantHeldForFutureUseAdditions" ns2:type="arc" />
        <ns0:loc ns2:href="../../ferc-core_2020-01-01.xsd#ferc_ElectricPlantHeldForFutureUseRetirements" ns2:label="ferc_ElectricPlantHeldForFutureUseRetirements" ns2:type="locator" />
        <ns0:calculationArc order="1" weight="1" ns2:arcrole="http://www.xbrl.org/2003/arcrole/summation-item" ns2:from="ferc_UtilityPlantAndConstructionWorkInProgressNotIncludingOtherUtilityPlantRetirements" ns2:to="ferc_ElectricPlantHeldForFutureUseRetirements" ns2:type="arc" />
        <ns0:loc ns2:href="../../ferc-core_2020-01-01.xsd#ferc_ElectricPlantHeldForFutureUseTransfersAndAdjustments" ns2:label="ferc_ElectricPlantHeldForFutureUseTransfersAndAdjustments" ns2:type="locator" />
        <ns0:calculationArc order="1" weight="1" ns2:arcrole="http://www.xbrl.org/2003/arcrole/summation-item" ns2:from="ferc_UtilityPlantAndConstructionWorkInProgressNotIncludingOtherUtilityPlantTransfersAndAdjustments" ns2:to="ferc_ElectricPlantHeldForFutureUseTransfersAndAdjustments" ns2:type="arc" />
        <ns0:loc ns2:href="../../ferc-core_2020-01-01.xsd#ferc_ElectricPlantHeldForFutureUse" ns2:label="ferc_ElectricPlantHeldForFutureUse" ns2:type="locator" />
        <ns0:calculationArc order="1" weight="1" ns2:arcrole="http://www.xbrl.org/2003/arcrole/summation-item" ns2:from="ferc_UtilityPlantAndConstructionWorkInProgressNotIncludingOtherUtilityPlant" ns2:to="ferc_ElectricPlantHeldForFutureUse" ns2:type="arc" />
        <ns0:loc ns2:href="../../ferc-core_2020-01-01.xsd#ferc_ConstructionWorkInProgressElectricAdditions" ns2:label="ferc_ConstructionWorkInProgressElectricAdditions" ns2:type="locator" />
        <ns0:calculationArc order="1" weight="1" ns2:arcrole="http://www.xbrl.org/2003/arcrole/summation-item" ns2:from="ferc_UtilityPlantAndConstructionWorkInProgressNotIncludingOtherUtilityPlantAdditions" ns2:to="ferc_ConstructionWorkInProgressElectricAdditions" ns2:type="arc" />
        <ns0:loc ns2:href="../../ferc-core_2020-01-01.xsd#ferc_ConstructionWorkInProgressElectricRetirements" ns2:label="ferc_ConstructionWorkInProgressElectricRetirements" ns2:type="locator" />
        <ns0:calculationArc order="1" weight="1" ns2:arcrole="http://www.xbrl.org/2003/arcrole/summation-item" ns2:from="ferc_UtilityPlantAndConstructionWorkInProgressNotIncludingOtherUtilityPlantRetirements" ns2:to="ferc_ConstructionWorkInProgressElectricRetirements" ns2:type="arc" />
        <ns0:loc ns2:href="../../ferc-core_2020-01-01.xsd#ferc_ConstructionWorkInProgressElectricTransfersAndAdjustments" ns2:label="ferc_ConstructionWorkInProgressElectricTransfersAndAdjustments" ns2:type="locator" />
        <ns0:calculationArc order="1" weight="1" ns2:arcrole="http://www.xbrl.org/2003/arcrole/summation-item" ns2:from="ferc_UtilityPlantAndConstructionWorkInProgressNotIncludingOtherUtilityPlantTransfersAndAdjustments" ns2:to="ferc_ConstructionWorkInProgressElectricTransfersAndAdjustments" ns2:type="arc" />
        <ns0:loc ns2:href="../../ferc-core_2020-01-01.xsd#ferc_ConstructionWorkInProgressElectric" ns2:label="ferc_ConstructionWorkInProgressElectric" ns2:type="locator" />
        <ns0:calculationArc order="1" weight="1" ns2:arcrole="http://www.xbrl.org/2003/arcrole/summation-item" ns2:from="ferc_UtilityPlantAndConstructionWorkInProgressNotIncludingOtherUtilityPlant" ns2:to="ferc_ConstructionWorkInProgressElectric" ns2:type="arc" />
        <ns0:loc ns2:href="../../ferc-core_2020-01-01.xsd#ferc_ElectricPlantAcquisitionAdjustmentsAdditions" ns2:label="ferc_ElectricPlantAcquisitionAdjustmentsAdditions" ns2:type="locator" />
        <ns0:calculationArc order="1" weight="-1" ns2:arcrole="http://www.xbrl.org/2003/arcrole/summation-item" ns2:from="ferc_UtilityPlantAndConstructionWorkInProgressNotIncludingOtherUtilityPlantAdditions" ns2:to="ferc_ElectricPlantAcquisitionAdjustmentsAdditions" ns2:type="arc" />
        <ns0:loc ns2:href="../../ferc-core_2020-01-01.xsd#ferc_ElectricPlantAcquisitionAdjustmentsRetirements" ns2:label="ferc_ElectricPlantAcquisitionAdjustmentsRetirements" ns2:type="locator" />
        <ns0:calculationArc order="1" weight="-1" ns2:arcrole="http://www.xbrl.org/2003/arcrole/summation-item" ns2:from="ferc_UtilityPlantAndConstructionWorkInProgressNotIncludingOtherUtilityPlantRetirements" ns2:to="ferc_ElectricPlantAcquisitionAdjustmentsRetirements" ns2:type="arc" />
        <ns0:loc ns2:href="../../ferc-core_2020-01-01.xsd#ferc_ElectricPlantAcquisitionAdjustmentsTransfersAndAdjustments" ns2:label="ferc_ElectricPlantAcquisitionAdjustmentsTransfersAndAdjustments" ns2:type="locator" />
        <ns0:calculationArc order="1" weight="-1" ns2:arcrole="http://www.xbrl.org/2003/arcrole/summation-item" ns2:from="ferc_UtilityPlantAndConstructionWorkInProgressNotIncludingOtherUtilityPlantTransfersAndAdjustments" ns2:to="ferc_ElectricPlantAcquisitionAdjustmentsTransfersAndAdjustments" ns2:type="arc" />
        <ns0:loc ns2:href="../../ferc-core_2020-01-01.xsd#ferc_ElectricPlantAcquisitionAdjustments" ns2:label="ferc_ElectricPlantAcquisitionAdjustments" ns2:type="locator" />
        <ns0:calculationArc order="1" weight="-1" ns2:arcrole="http://www.xbrl.org/2003/arcrole/summation-item" ns2:from="ferc_UtilityPlantAndConstructionWorkInProgressNotIncludingOtherUtilityPlant" ns2:to="ferc_ElectricPlantAcquisitionAdjustments" ns2:type="arc" />
        <ns0:loc ns2:href="../../ferc-core_2020-01-01.xsd#ferc_UtilityPlantAndConstructionWorkInProgressIncludingOtherElectricPlantAdjustmentsAdditions" ns2:label="ferc_UtilityPlantAndConstructionWorkInProgressIncludingOtherElectricPlantAdjustmentsAdditions" ns2:type="locator" />
        <ns0:calculationArc order="1" weight="1" ns2:arcrole="http://www.xbrl.org/2003/arcrole/summation-item" ns2:from="ferc_UtilityPlantAndConstructionWorkInProgressIncludingOtherElectricPlantAdjustmentsAdditions" ns2:to="ferc_UtilityPlantAndConstructionWorkInProgressNotIncludingOtherUtilityPlantAdditions" ns2:type="arc" />
        <ns0:loc ns2:href="../../ferc-core_2020-01-01.xsd#ferc_UtilityPlantAndConstructionWorkInProgressIncludingOtherElectricPlantAdjustmentsRetirements" ns2:label="ferc_UtilityPlantAndConstructionWorkInProgressIncludingOtherElectricPlantAdjustmentsRetirements" ns2:type="locator" />
        <ns0:calculationArc order="1" weight="1" ns2:arcrole="http://www.xbrl.org/2003/arcrole/summation-item" ns2:from="ferc_UtilityPlantAndConstructionWorkInProgressIncludingOtherElectricPlantAdjustmentsRetirements" ns2:to="ferc_UtilityPlantAndConstructionWorkInProgressNotIncludingOtherUtilityPlantRetirements" ns2:type="arc" />
        <ns0:loc ns2:href="../../ferc-core_2020-01-01.xsd#ferc_UtilityPlantAndConstructionWorkInProgressIncludingOtherElectricPlantAdjustmentsTransfersAndAdjustments" ns2:label="ferc_UtilityPlantAndConstructionWorkInProgressIncludingOtherElectricPlantAdjustmentsTransfersAndAdjustments" ns2:type="locator" />
        <ns0:calculationArc order="1" weight="1" ns2:arcrole="http://www.xbrl.org/2003/arcrole/summation-item" ns2:from="ferc_UtilityPlantAndConstructionWorkInProgressIncludingOtherElectricPlantAdjustmentsTransfersAndAdjustments" ns2:to="ferc_UtilityPlantAndConstructionWorkInProgressNotIncludingOtherUtilityPlantTransfersAndAdjustments" ns2:type="arc" />
        <ns0:loc ns2:href="../../ferc-core_2020-01-01.xsd#ferc_UtilityPlantAndConstructionWorkInProgressIncludingOtherElectricPlantAdjustments" ns2:label="ferc_UtilityPlantAndConstructionWorkInProgressIncludingOtherElectricPlantAdjustments" ns2:type="locator" />
        <ns0:calculationArc order="1" weight="1" ns2:arcrole="http://www.xbrl.org/2003/arcrole/summation-item" ns2:from="ferc_UtilityPlantAndConstructionWorkInProgressIncludingOtherElectricPlantAdjustments" ns2:to="ferc_UtilityPlantAndConstructionWorkInProgressNotIncludingOtherUtilityPlant" ns2:type="arc" />
        <ns0:loc ns2:href="../../ferc-core_2020-01-01.xsd#ferc_OtherUtilityPlantAdditions" ns2:label="ferc_OtherUtilityPlantAdditions" ns2:type="locator" />
        <ns0:calculationArc order="1" weight="1" ns2:arcrole="http://www.xbrl.org/2003/arcrole/summation-item" ns2:from="ferc_UtilityPlantAndConstructionWorkInProgressIncludingOtherElectricPlantAdjustmentsAdditions" ns2:to="ferc_OtherUtilityPlantAdditions" ns2:type="arc" />
        <ns0:loc ns2:href="../../ferc-core_2020-01-01.xsd#ferc_OtherUtilityPlantRetirements" ns2:label="ferc_OtherUtilityPlantRetirements" ns2:type="locator" />
        <ns0:calculationArc order="1" weight="1" ns2:arcrole="http://www.xbrl.org/2003/arcrole/summation-item" ns2:from="ferc_UtilityPlantAndConstructionWorkInProgressIncludingOtherElectricPlantAdjustmentsRetirements" ns2:to="ferc_OtherUtilityPlantRetirements" ns2:type="arc" />
        <ns0:loc ns2:href="../../ferc-core_2020-01-01.xsd#ferc_OtherUtilityPlantTransfersAndAdjustments" ns2:label="ferc_OtherUtilityPlantTransfersAndAdjustments" ns2:type="locator" />
        <ns0:calculationArc order="1" weight="1" ns2:arcrole="http://www.xbrl.org/2003/arcrole/summation-item" ns2:from="ferc_UtilityPlantAndConstructionWorkInProgressIncludingOtherElectricPlantAdjustmentsTransfersAndAdjustments" ns2:to="ferc_OtherUtilityPlantTransfersAndAdjustments" ns2:type="arc" />
        <ns0:loc ns2:href="../../ferc-core_2020-01-01.xsd#ferc_OtherUtilityPlant" ns2:label="ferc_OtherUtilityPlant" ns2:type="locator" />
        <ns0:calculationArc order="1" weight="1" ns2:arcrole="http://www.xbrl.org/2003/arcrole/summation-item" ns2:from="ferc_UtilityPlantAndConstructionWorkInProgressIncludingOtherElectricPlantAdjustments" ns2:to="ferc_OtherUtilityPlant" ns2:type="arc" />
    </ns0:calculationLink>
</ns0:linkbase>