﻿<?xml version="1.0" encoding="utf-8"?>
<?taxonomy-version 2.9.1.0 ?> <?taxonomy-set-overall-version 2.9.1.0 ?>
<!--(C) EBA-->
<link:linkbase xmlns:xsi="http://www.w3.org/2001/XMLSchema-instance" xmlns:xlink="http://www.w3.org/1999/xlink" xmlns:link="http://www.xbrl.org/2003/linkbase" xsi:schemaLocation="http://www.xbrl.org/2003/linkbase http://www.xbrl.org/2003/xbrl-linkbase-2003-12-31.xsd">
  <link:labelLink xlink:type="extended" xlink:role="http://www.xbrl.org/2003/role/link">
    <link:loc xlink:type="locator" xlink:href="mem.xsd#eba_x5" xlink:label="loc_eba_x5" />
    <link:label xlink:type="resource" xlink:label="label_eba_x5" xml:lang="en" xlink:role="http://www.xbrl.org/2003/role/label">Derivatives expected to be payables</link:label>
    <link:labelArc xlink:type="arc" xlink:arcrole="http://www.xbrl.org/2003/arcrole/concept-label" xlink:from="loc_eba_x5" xlink:to="label_eba_x5" />
    <link:loc xlink:type="locator" xlink:href="mem.xsd#eba_x6" xlink:label="loc_eba_x6" />
    <link:label xlink:type="resource" xlink:label="label_eba_x6" xml:lang="en" xlink:role="http://www.xbrl.org/2003/role/label">Derivatives expected to be receivables</link:label>
    <link:labelArc xlink:type="arc" xlink:arcrole="http://www.xbrl.org/2003/arcrole/concept-label" xlink:from="loc_eba_x6" xlink:to="label_eba_x6" />
    <link:loc xlink:type="locator" xlink:href="mem.xsd#eba_x7" xlink:label="loc_eba_x7" />
    <link:label xlink:type="resource" xlink:label="label_eba_x7" xml:lang="en" xlink:role="http://www.xbrl.org/2003/role/label">Derivatives payables</link:label>
    <link:labelArc xlink:type="arc" xlink:arcrole="http://www.xbrl.org/2003/arcrole/concept-label" xlink:from="loc_eba_x7" xlink:to="label_eba_x7" />
    <link:loc xlink:type="locator" xlink:href="mem.xsd#eba_x9" xlink:label="loc_eba_x9" />
    <link:label xlink:type="resource" xlink:label="label_eba_x9" xml:lang="en" xlink:role="http://www.xbrl.org/2003/role/label">Evidence of the client´s withdrawn practice</link:label>
    <link:labelArc xlink:type="arc" xlink:arcrole="http://www.xbrl.org/2003/arcrole/concept-label" xlink:from="loc_eba_x9" xlink:to="label_eba_x9" />
    <link:loc xlink:type="locator" xlink:href="mem.xsd#eba_x10" xlink:label="loc_eba_x10" />
    <link:label xlink:type="resource" xlink:label="label_eba_x10" xml:lang="en" xlink:role="http://www.xbrl.org/2003/role/label">Exempt outflows</link:label>
    <link:labelArc xlink:type="arc" xlink:arcrole="http://www.xbrl.org/2003/arcrole/concept-label" xlink:from="loc_eba_x10" xlink:to="label_eba_x10" />
    <link:loc xlink:type="locator" xlink:href="mem.xsd#eba_x18" xlink:label="loc_eba_x18" />
    <link:label xlink:type="resource" xlink:label="label_eba_x18" xml:lang="en" xlink:role="http://www.xbrl.org/2003/role/label">Higher outflows in 3rd countries</link:label>
    <link:labelArc xlink:type="arc" xlink:arcrole="http://www.xbrl.org/2003/arcrole/concept-label" xlink:from="loc_eba_x18" xlink:to="label_eba_x18" />
    <link:loc xlink:type="locator" xlink:href="mem.xsd#eba_x23" xlink:label="loc_eba_x23" />
    <link:label xlink:type="resource" xlink:label="label_eba_x23" xml:lang="en" xlink:role="http://www.xbrl.org/2003/role/label">Inflows exempt from the cap</link:label>
    <link:labelArc xlink:type="arc" xlink:arcrole="http://www.xbrl.org/2003/arcrole/concept-label" xlink:from="loc_eba_x23" xlink:to="label_eba_x23" />
    <link:loc xlink:type="locator" xlink:href="mem.xsd#eba_x24" xlink:label="loc_eba_x24" />
    <link:label xlink:type="resource" xlink:label="label_eba_x24" xml:lang="en" xlink:role="http://www.xbrl.org/2003/role/label">Lower outflow rate by the CA</link:label>
    <link:labelArc xlink:type="arc" xlink:arcrole="http://www.xbrl.org/2003/arcrole/concept-label" xlink:from="loc_eba_x24" xlink:to="label_eba_x24" />
    <link:loc xlink:type="locator" xlink:href="mem.xsd#eba_x29" xlink:label="loc_eba_x29" />
    <link:label xlink:type="resource" xlink:label="label_eba_x29" xml:lang="en" xlink:role="http://www.xbrl.org/2003/role/label">No evidence of the client´s withdrawn practice</link:label>
    <link:labelArc xlink:type="arc" xlink:arcrole="http://www.xbrl.org/2003/arcrole/concept-label" xlink:from="loc_eba_x29" xlink:to="label_eba_x29" />
    <link:loc xlink:type="locator" xlink:href="mem.xsd#eba_x38" xlink:label="loc_eba_x38" />
    <link:label xlink:type="resource" xlink:label="label_eba_x38" xml:lang="en" xlink:role="http://www.xbrl.org/2003/role/label">Not requiring stable funding</link:label>
    <link:labelArc xlink:type="arc" xlink:arcrole="http://www.xbrl.org/2003/arcrole/concept-label" xlink:from="loc_eba_x38" xlink:to="label_eba_x38" />
    <link:loc xlink:type="locator" xlink:href="mem.xsd#eba_x46" xlink:label="loc_eba_x46" />
    <link:label xlink:type="resource" xlink:label="label_eba_x46" xml:lang="en" xlink:role="http://www.xbrl.org/2003/role/label">To be withdrawn in time of stress</link:label>
    <link:labelArc xlink:type="arc" xlink:arcrole="http://www.xbrl.org/2003/arcrole/concept-label" xlink:from="loc_eba_x46" xlink:to="label_eba_x46" />
    <link:loc xlink:type="locator" xlink:href="mem.xsd#eba_x49" xlink:label="loc_eba_x49" />
    <link:label xlink:type="resource" xlink:label="label_eba_x49" xml:lang="en" xlink:role="http://www.xbrl.org/2003/role/label">Central Bank eligible</link:label>
    <link:labelArc xlink:type="arc" xlink:arcrole="http://www.xbrl.org/2003/arcrole/concept-label" xlink:from="loc_eba_x49" xlink:to="label_eba_x49" />
    <link:loc xlink:type="locator" xlink:href="mem.xsd#eba_x0" xlink:label="loc_eba_x0" />
    <link:label xlink:type="resource" xlink:label="label_eba_x0" xml:lang="en" xlink:role="http://www.xbrl.org/2003/role/label">Not applicable/All liquidity conditions</link:label>
    <link:labelArc xlink:type="arc" xlink:arcrole="http://www.xbrl.org/2003/arcrole/concept-label" xlink:from="loc_eba_x0" xlink:to="label_eba_x0" />
    <link:loc xlink:type="locator" xlink:href="mem.xsd#eba_x50" xlink:label="loc_eba_x50" />
    <link:label xlink:type="resource" xlink:label="label_eba_x50" xml:lang="en" xlink:role="http://www.xbrl.org/2003/role/label">Assets other than extremely HLCQ and HLCQ</link:label>
    <link:labelArc xlink:type="arc" xlink:arcrole="http://www.xbrl.org/2003/arcrole/concept-label" xlink:from="loc_eba_x50" xlink:to="label_eba_x50" />
    <link:loc xlink:type="locator" xlink:href="mem.xsd#eba_x51" xlink:label="loc_eba_x51" />
    <link:label xlink:type="resource" xlink:label="label_eba_x51" xml:lang="en" xlink:role="http://www.xbrl.org/2003/role/label">Assets other than qualifying liquid assets under Art. 416 (1) (a), (b), (c)</link:label>
    <link:labelArc xlink:type="arc" xlink:arcrole="http://www.xbrl.org/2003/arcrole/concept-label" xlink:from="loc_eba_x51" xlink:to="label_eba_x51" />
    <link:loc xlink:type="locator" xlink:href="mem.xsd#eba_x52" xlink:label="loc_eba_x52" />
    <link:label xlink:type="resource" xlink:label="label_eba_x52" xml:lang="en" xlink:role="http://www.xbrl.org/2003/role/label">Collateral to be withdrawn in time of stress</link:label>
    <link:labelArc xlink:type="arc" xlink:arcrole="http://www.xbrl.org/2003/arcrole/concept-label" xlink:from="loc_eba_x52" xlink:to="label_eba_x52" />
    <link:loc xlink:type="locator" xlink:href="mem.xsd#eba_x53" xlink:label="loc_eba_x53" />
    <link:label xlink:type="resource" xlink:label="label_eba_x53" xml:lang="en" xlink:role="http://www.xbrl.org/2003/role/label">Compliant with requirements for "Retail deposit" as defined for liquidity purposes</link:label>
    <link:labelArc xlink:type="arc" xlink:arcrole="http://www.xbrl.org/2003/arcrole/concept-label" xlink:from="loc_eba_x53" xlink:to="label_eba_x53" />
    <link:loc xlink:type="locator" xlink:href="mem.xsd#eba_x54" xlink:label="loc_eba_x54" />
    <link:label xlink:type="resource" xlink:label="label_eba_x54" xml:lang="en" xlink:role="http://www.xbrl.org/2003/role/label">Compulsory deposits</link:label>
    <link:labelArc xlink:type="arc" xlink:arcrole="http://www.xbrl.org/2003/arcrole/concept-label" xlink:from="loc_eba_x54" xlink:to="label_eba_x54" />
    <link:loc xlink:type="locator" xlink:href="mem.xsd#eba_x55" xlink:label="loc_eba_x55" />
    <link:label xlink:type="resource" xlink:label="label_eba_x55" xml:lang="en" xlink:role="http://www.xbrl.org/2003/role/label">Exemption approved by the CA</link:label>
    <link:labelArc xlink:type="arc" xlink:arcrole="http://www.xbrl.org/2003/arcrole/concept-label" xlink:from="loc_eba_x55" xlink:to="label_eba_x55" />
    <link:loc xlink:type="locator" xlink:href="mem.xsd#eba_x56" xlink:label="loc_eba_x56" />
    <link:label xlink:type="resource" xlink:label="label_eba_x56" xml:lang="en" xlink:role="http://www.xbrl.org/2003/role/label">Extremely HLCQ</link:label>
    <link:labelArc xlink:type="arc" xlink:arcrole="http://www.xbrl.org/2003/arcrole/concept-label" xlink:from="loc_eba_x56" xlink:to="label_eba_x56" />
    <link:loc xlink:type="locator" xlink:href="mem.xsd#eba_x57" xlink:label="loc_eba_x57" />
    <link:label xlink:type="resource" xlink:label="label_eba_x57" xml:lang="en" xlink:role="http://www.xbrl.org/2003/role/label">Highest credit quality (established by EBA)</link:label>
    <link:labelArc xlink:type="arc" xlink:arcrole="http://www.xbrl.org/2003/arcrole/concept-label" xlink:from="loc_eba_x57" xlink:to="label_eba_x57" />
    <link:loc xlink:type="locator" xlink:href="mem.xsd#eba_x58" xlink:label="loc_eba_x58" />
    <link:label xlink:type="resource" xlink:label="label_eba_x58" xml:lang="en" xlink:role="http://www.xbrl.org/2003/role/label">HLCQ</link:label>
    <link:labelArc xlink:type="arc" xlink:arcrole="http://www.xbrl.org/2003/arcrole/concept-label" xlink:from="loc_eba_x58" xlink:to="label_eba_x58" />
    <link:loc xlink:type="locator" xlink:href="mem.xsd#eba_x59" xlink:label="loc_eba_x59" />
    <link:label xlink:type="resource" xlink:label="label_eba_x59" xml:lang="en" xlink:role="http://www.xbrl.org/2003/role/label">Inflows excluded due to the cap</link:label>
    <link:labelArc xlink:type="arc" xlink:arcrole="http://www.xbrl.org/2003/arcrole/concept-label" xlink:from="loc_eba_x59" xlink:to="label_eba_x59" />
    <link:loc xlink:type="locator" xlink:href="mem.xsd#eba_x60" xlink:label="loc_eba_x60" />
    <link:label xlink:type="resource" xlink:label="label_eba_x60" xml:lang="en" xlink:role="http://www.xbrl.org/2003/role/label">Inflows exempt from the cap. Assets qualifying for 0% RW treatment</link:label>
    <link:labelArc xlink:type="arc" xlink:arcrole="http://www.xbrl.org/2003/arcrole/concept-label" xlink:from="loc_eba_x60" xlink:to="label_eba_x60" />
    <link:loc xlink:type="locator" xlink:href="mem.xsd#eba_x61" xlink:label="loc_eba_x61" />
    <link:label xlink:type="resource" xlink:label="label_eba_x61" xml:lang="en" xlink:role="http://www.xbrl.org/2003/role/label">Jurisdictions with insufficient HQLA. Use of derogation A</link:label>
    <link:labelArc xlink:type="arc" xlink:arcrole="http://www.xbrl.org/2003/arcrole/concept-label" xlink:from="loc_eba_x61" xlink:to="label_eba_x61" />
    <link:loc xlink:type="locator" xlink:href="mem.xsd#eba_x62" xlink:label="loc_eba_x62" />
    <link:label xlink:type="resource" xlink:label="label_eba_x62" xml:lang="en" xlink:role="http://www.xbrl.org/2003/role/label">Jurisdictions with insufficient HQLA. Use of derogation B</link:label>
    <link:labelArc xlink:type="arc" xlink:arcrole="http://www.xbrl.org/2003/arcrole/concept-label" xlink:from="loc_eba_x62" xlink:to="label_eba_x62" />
    <link:loc xlink:type="locator" xlink:href="mem.xsd#eba_x63" xlink:label="loc_eba_x63" />
    <link:label xlink:type="resource" xlink:label="label_eba_x63" xml:lang="en" xlink:role="http://www.xbrl.org/2003/role/label">Meeting at least one of the conditions in Art. 416 (2)(a)(iii) and rest of Arts. 416 &amp; 417 CRR</link:label>
    <link:labelArc xlink:type="arc" xlink:arcrole="http://www.xbrl.org/2003/arcrole/concept-label" xlink:from="loc_eba_x63" xlink:to="label_eba_x63" />
    <link:loc xlink:type="locator" xlink:href="mem.xsd#eba_x64" xlink:label="loc_eba_x64" />
    <link:label xlink:type="resource" xlink:label="label_eba_x64" xml:lang="en" xlink:role="http://www.xbrl.org/2003/role/label">Meeting conditions Art. 422 (8) (a), (b) &amp; (c). [(d) waived}</link:label>
    <link:labelArc xlink:type="arc" xlink:arcrole="http://www.xbrl.org/2003/arcrole/concept-label" xlink:from="loc_eba_x64" xlink:to="label_eba_x64" />
    <link:loc xlink:type="locator" xlink:href="mem.xsd#eba_x65" xlink:label="loc_eba_x65" />
    <link:label xlink:type="resource" xlink:label="label_eba_x65" xml:lang="en" xlink:role="http://www.xbrl.org/2003/role/label">Meeting conditions Art. 422 (8) (a), (b) (c) &amp; (d)</link:label>
    <link:labelArc xlink:type="arc" xlink:arcrole="http://www.xbrl.org/2003/arcrole/concept-label" xlink:from="loc_eba_x65" xlink:to="label_eba_x65" />
    <link:loc xlink:type="locator" xlink:href="mem.xsd#eba_x66" xlink:label="loc_eba_x66" />
    <link:label xlink:type="resource" xlink:label="label_eba_x66" xml:lang="en" xlink:role="http://www.xbrl.org/2003/role/label">Meeting conditions of Art. 425.4 (a), (b) and (c)</link:label>
    <link:labelArc xlink:type="arc" xlink:arcrole="http://www.xbrl.org/2003/arcrole/concept-label" xlink:from="loc_eba_x66" xlink:to="label_eba_x66" />
    <link:loc xlink:type="locator" xlink:href="mem.xsd#eba_x67" xlink:label="loc_eba_x67" />
    <link:label xlink:type="resource" xlink:label="label_eba_x67" xml:lang="en" xlink:role="http://www.xbrl.org/2003/role/label">Meeting conditions of Art. 425.4 (a), (b) and (c). Condition (d) waived</link:label>
    <link:labelArc xlink:type="arc" xlink:arcrole="http://www.xbrl.org/2003/arcrole/concept-label" xlink:from="loc_eba_x67" xlink:to="label_eba_x67" />
    <link:loc xlink:type="locator" xlink:href="mem.xsd#eba_x69" xlink:label="loc_eba_x69" />
    <link:label xlink:type="resource" xlink:label="label_eba_x69" xml:lang="en" xlink:role="http://www.xbrl.org/2003/role/label">Meeting requirements Art. 416 (1) (b) and (d) but not of Art. 417 (b) CRR</link:label>
    <link:labelArc xlink:type="arc" xlink:arcrole="http://www.xbrl.org/2003/arcrole/concept-label" xlink:from="loc_eba_x69" xlink:to="label_eba_x69" />
    <link:loc xlink:type="locator" xlink:href="mem.xsd#eba_x70" xlink:label="loc_eba_x70" />
    <link:label xlink:type="resource" xlink:label="label_eba_x70" xml:lang="en" xlink:role="http://www.xbrl.org/2003/role/label">Meeting requirements Art. 416 (1) (b) and (d) but not of Art. 417 (c) CRR</link:label>
    <link:labelArc xlink:type="arc" xlink:arcrole="http://www.xbrl.org/2003/arcrole/concept-label" xlink:from="loc_eba_x70" xlink:to="label_eba_x70" />
    <link:loc xlink:type="locator" xlink:href="mem.xsd#eba_x71" xlink:label="loc_eba_x71" />
    <link:label xlink:type="resource" xlink:label="label_eba_x71" xml:lang="en" xlink:role="http://www.xbrl.org/2003/role/label">Meeting requirements Art. 416 CRR</link:label>
    <link:labelArc xlink:type="arc" xlink:arcrole="http://www.xbrl.org/2003/arcrole/concept-label" xlink:from="loc_eba_x71" xlink:to="label_eba_x71" />
    <link:loc xlink:type="locator" xlink:href="mem.xsd#eba_x72" xlink:label="loc_eba_x72" />
    <link:label xlink:type="resource" xlink:label="label_eba_x72" xml:lang="en" xlink:role="http://www.xbrl.org/2003/role/label">Meeting requirements Arts. 416 &amp; 417 CRR</link:label>
    <link:labelArc xlink:type="arc" xlink:arcrole="http://www.xbrl.org/2003/arcrole/concept-label" xlink:from="loc_eba_x72" xlink:to="label_eba_x72" />
    <link:loc xlink:type="locator" xlink:href="mem.xsd#eba_x73" xlink:label="loc_eba_x73" />
    <link:label xlink:type="resource" xlink:label="label_eba_x73" xml:lang="en" xlink:role="http://www.xbrl.org/2003/role/label">Non expressly included in other categories</link:label>
    <link:labelArc xlink:type="arc" xlink:arcrole="http://www.xbrl.org/2003/arcrole/concept-label" xlink:from="loc_eba_x73" xlink:to="label_eba_x73" />
    <link:loc xlink:type="locator" xlink:href="mem.xsd#eba_x74" xlink:label="loc_eba_x74" />
    <link:label xlink:type="resource" xlink:label="label_eba_x74" xml:lang="en" xlink:role="http://www.xbrl.org/2003/role/label">Non qualifying for outflow rates of 5% or 10%</link:label>
    <link:labelArc xlink:type="arc" xlink:arcrole="http://www.xbrl.org/2003/arcrole/concept-label" xlink:from="loc_eba_x74" xlink:to="label_eba_x74" />
    <link:loc xlink:type="locator" xlink:href="mem.xsd#eba_x75" xlink:label="loc_eba_x75" />
    <link:label xlink:type="resource" xlink:label="label_eba_x75" xml:lang="en" xlink:role="http://www.xbrl.org/2003/role/label">Non qualifying liquid assets under Art. 416 CRR</link:label>
    <link:labelArc xlink:type="arc" xlink:arcrole="http://www.xbrl.org/2003/arcrole/concept-label" xlink:from="loc_eba_x75" xlink:to="label_eba_x75" />
    <link:loc xlink:type="locator" xlink:href="mem.xsd#eba_x76" xlink:label="loc_eba_x76" />
    <link:label xlink:type="resource" xlink:label="label_eba_x76" xml:lang="en" xlink:role="http://www.xbrl.org/2003/role/label">Non referred to in Art. 428 (1) (a), (b), (c) CRR</link:label>
    <link:labelArc xlink:type="arc" xlink:arcrole="http://www.xbrl.org/2003/arcrole/concept-label" xlink:from="loc_eba_x76" xlink:to="label_eba_x76" />
    <link:loc xlink:type="locator" xlink:href="mem.xsd#eba_x77" xlink:label="loc_eba_x77" />
    <link:label xlink:type="resource" xlink:label="label_eba_x77" xml:lang="en" xlink:role="http://www.xbrl.org/2003/role/label">Not compulsory deposits</link:label>
    <link:labelArc xlink:type="arc" xlink:arcrole="http://www.xbrl.org/2003/arcrole/concept-label" xlink:from="loc_eba_x77" xlink:to="label_eba_x77" />
    <link:loc xlink:type="locator" xlink:href="mem.xsd#eba_x78" xlink:label="loc_eba_x78" />
    <link:label xlink:type="resource" xlink:label="label_eba_x78" xml:lang="en" xlink:role="http://www.xbrl.org/2003/role/label">Not included as Liquid assets in LCR</link:label>
    <link:labelArc xlink:type="arc" xlink:arcrole="http://www.xbrl.org/2003/arcrole/concept-label" xlink:from="loc_eba_x78" xlink:to="label_eba_x78" />
    <link:loc xlink:type="locator" xlink:href="mem.xsd#eba_x79" xlink:label="loc_eba_x79" />
    <link:label xlink:type="resource" xlink:label="label_eba_x79" xml:lang="en" xlink:role="http://www.xbrl.org/2003/role/label">Not meeting requirements Art. 416 CRR</link:label>
    <link:labelArc xlink:type="arc" xlink:arcrole="http://www.xbrl.org/2003/arcrole/concept-label" xlink:from="loc_eba_x79" xlink:to="label_eba_x79" />
    <link:loc xlink:type="locator" xlink:href="mem.xsd#eba_x80" xlink:label="loc_eba_x80" />
    <link:label xlink:type="resource" xlink:label="label_eba_x80" xml:lang="en" xlink:role="http://www.xbrl.org/2003/role/label">Not meeting requirements Art. 416 CRR but meeting requirements of Art. 417 (b) and (c) CRR</link:label>
    <link:labelArc xlink:type="arc" xlink:arcrole="http://www.xbrl.org/2003/arcrole/concept-label" xlink:from="loc_eba_x80" xlink:to="label_eba_x80" />
    <link:loc xlink:type="locator" xlink:href="mem.xsd#eba_x81" xlink:label="loc_eba_x81" />
    <link:label xlink:type="resource" xlink:label="label_eba_x81" xml:lang="en" xlink:role="http://www.xbrl.org/2003/role/label">Other LCQ</link:label>
    <link:labelArc xlink:type="arc" xlink:arcrole="http://www.xbrl.org/2003/arcrole/concept-label" xlink:from="loc_eba_x81" xlink:to="label_eba_x81" />
    <link:loc xlink:type="locator" xlink:href="mem.xsd#eba_x82" xlink:label="loc_eba_x82" />
    <link:label xlink:type="resource" xlink:label="label_eba_x82" xml:lang="en" xlink:role="http://www.xbrl.org/2003/role/label">Outflow different from 5% or 10%. Category 1</link:label>
    <link:labelArc xlink:type="arc" xlink:arcrole="http://www.xbrl.org/2003/arcrole/concept-label" xlink:from="loc_eba_x82" xlink:to="label_eba_x82" />
    <link:loc xlink:type="locator" xlink:href="mem.xsd#eba_x83" xlink:label="loc_eba_x83" />
    <link:label xlink:type="resource" xlink:label="label_eba_x83" xml:lang="en" xlink:role="http://www.xbrl.org/2003/role/label">Outflow different from 5% or 10%. Category 2</link:label>
    <link:labelArc xlink:type="arc" xlink:arcrole="http://www.xbrl.org/2003/arcrole/concept-label" xlink:from="loc_eba_x83" xlink:to="label_eba_x83" />
    <link:loc xlink:type="locator" xlink:href="mem.xsd#eba_x84" xlink:label="loc_eba_x84" />
    <link:label xlink:type="resource" xlink:label="label_eba_x84" xml:lang="en" xlink:role="http://www.xbrl.org/2003/role/label">Outflow different from 5% or 10%. Category 3</link:label>
    <link:labelArc xlink:type="arc" xlink:arcrole="http://www.xbrl.org/2003/arcrole/concept-label" xlink:from="loc_eba_x84" xlink:to="label_eba_x84" />
    <link:loc xlink:type="locator" xlink:href="mem.xsd#eba_x85" xlink:label="loc_eba_x85" />
    <link:label xlink:type="resource" xlink:label="label_eba_x85" xml:lang="en" xlink:role="http://www.xbrl.org/2003/role/label">Outflow of 10%</link:label>
    <link:labelArc xlink:type="arc" xlink:arcrole="http://www.xbrl.org/2003/arcrole/concept-label" xlink:from="loc_eba_x85" xlink:to="label_eba_x85" />
    <link:loc xlink:type="locator" xlink:href="mem.xsd#eba_x86" xlink:label="loc_eba_x86" />
    <link:label xlink:type="resource" xlink:label="label_eba_x86" xml:lang="en" xlink:role="http://www.xbrl.org/2003/role/label">Outflow of 5%</link:label>
    <link:labelArc xlink:type="arc" xlink:arcrole="http://www.xbrl.org/2003/arcrole/concept-label" xlink:from="loc_eba_x86" xlink:to="label_eba_x86" />
    <link:loc xlink:type="locator" xlink:href="mem.xsd#eba_x87" xlink:label="loc_eba_x87" />
    <link:label xlink:type="resource" xlink:label="label_eba_x87" xml:lang="en" xlink:role="http://www.xbrl.org/2003/role/label">Outflows according to Art. 105 CRD</link:label>
    <link:labelArc xlink:type="arc" xlink:arcrole="http://www.xbrl.org/2003/arcrole/concept-label" xlink:from="loc_eba_x87" xlink:to="label_eba_x87" />
    <link:loc xlink:type="locator" xlink:href="mem.xsd#eba_x88" xlink:label="loc_eba_x88" />
    <link:label xlink:type="resource" xlink:label="label_eba_x88" xml:lang="en" xlink:role="http://www.xbrl.org/2003/role/label">Qualifying for an outflow rate of 10%</link:label>
    <link:labelArc xlink:type="arc" xlink:arcrole="http://www.xbrl.org/2003/arcrole/concept-label" xlink:from="loc_eba_x88" xlink:to="label_eba_x88" />
    <link:loc xlink:type="locator" xlink:href="mem.xsd#eba_x89" xlink:label="loc_eba_x89" />
    <link:label xlink:type="resource" xlink:label="label_eba_x89" xml:lang="en" xlink:role="http://www.xbrl.org/2003/role/label">Qualifying for an outflow rate of 5%</link:label>
    <link:labelArc xlink:type="arc" xlink:arcrole="http://www.xbrl.org/2003/arcrole/concept-label" xlink:from="loc_eba_x89" xlink:to="label_eba_x89" />
    <link:loc xlink:type="locator" xlink:href="mem.xsd#eba_x90" xlink:label="loc_eba_x90" />
    <link:label xlink:type="resource" xlink:label="label_eba_x90" xml:lang="en" xlink:role="http://www.xbrl.org/2003/role/label">Qualifying liquid assets</link:label>
    <link:labelArc xlink:type="arc" xlink:arcrole="http://www.xbrl.org/2003/arcrole/concept-label" xlink:from="loc_eba_x90" xlink:to="label_eba_x90" />
    <link:loc xlink:type="locator" xlink:href="mem.xsd#eba_x91" xlink:label="loc_eba_x91" />
    <link:label xlink:type="resource" xlink:label="label_eba_x91" xml:lang="en" xlink:role="http://www.xbrl.org/2003/role/label">Qualifying liquid assets other than referred in Art. 416 (1)(a), (b) &amp; (c)</link:label>
    <link:labelArc xlink:type="arc" xlink:arcrole="http://www.xbrl.org/2003/arcrole/concept-label" xlink:from="loc_eba_x91" xlink:to="label_eba_x91" />
    <link:loc xlink:type="locator" xlink:href="mem.xsd#eba_x92" xlink:label="loc_eba_x92" />
    <link:label xlink:type="resource" xlink:label="label_eba_x92" xml:lang="en" xlink:role="http://www.xbrl.org/2003/role/label">Qualifying liquid assets under Art. 416 (1) (a)</link:label>
    <link:labelArc xlink:type="arc" xlink:arcrole="http://www.xbrl.org/2003/arcrole/concept-label" xlink:from="loc_eba_x92" xlink:to="label_eba_x92" />
    <link:loc xlink:type="locator" xlink:href="mem.xsd#eba_x93" xlink:label="loc_eba_x93" />
    <link:label xlink:type="resource" xlink:label="label_eba_x93" xml:lang="en" xlink:role="http://www.xbrl.org/2003/role/label">Qualifying liquid assets under Art. 416 (1) (b)</link:label>
    <link:labelArc xlink:type="arc" xlink:arcrole="http://www.xbrl.org/2003/arcrole/concept-label" xlink:from="loc_eba_x93" xlink:to="label_eba_x93" />
    <link:loc xlink:type="locator" xlink:href="mem.xsd#eba_x94" xlink:label="loc_eba_x94" />
    <link:label xlink:type="resource" xlink:label="label_eba_x94" xml:lang="en" xlink:role="http://www.xbrl.org/2003/role/label">Qualifying liquid assets under Art. 416 (1) (c)</link:label>
    <link:labelArc xlink:type="arc" xlink:arcrole="http://www.xbrl.org/2003/arcrole/concept-label" xlink:from="loc_eba_x94" xlink:to="label_eba_x94" />
    <link:loc xlink:type="locator" xlink:href="mem.xsd#eba_x95" xlink:label="loc_eba_x95" />
    <link:label xlink:type="resource" xlink:label="label_eba_x95" xml:lang="en" xlink:role="http://www.xbrl.org/2003/role/label">Qualifying liquid assets under Art. 416 CRR</link:label>
    <link:labelArc xlink:type="arc" xlink:arcrole="http://www.xbrl.org/2003/arcrole/concept-label" xlink:from="loc_eba_x95" xlink:to="label_eba_x95" />
    <link:loc xlink:type="locator" xlink:href="mem.xsd#eba_x96" xlink:label="loc_eba_x96" />
    <link:label xlink:type="resource" xlink:label="label_eba_x96" xml:lang="en" xlink:role="http://www.xbrl.org/2003/role/label">Shar'iad compliant collateral</link:label>
    <link:labelArc xlink:type="arc" xlink:arcrole="http://www.xbrl.org/2003/arcrole/concept-label" xlink:from="loc_eba_x96" xlink:to="label_eba_x96" />
    <link:loc xlink:type="locator" xlink:href="mem.xsd#eba_x97" xlink:label="loc_eba_x97" />
    <link:label xlink:type="resource" xlink:label="label_eba_x97" xml:lang="en" xlink:role="http://www.xbrl.org/2003/role/label">Shar'iad-compliant</link:label>
    <link:labelArc xlink:type="arc" xlink:arcrole="http://www.xbrl.org/2003/arcrole/concept-label" xlink:from="loc_eba_x97" xlink:to="label_eba_x97" />
    <link:loc xlink:type="locator" xlink:href="mem.xsd#eba_x98" xlink:label="loc_eba_x98" />
    <link:label xlink:type="resource" xlink:label="label_eba_x98" xml:lang="en" xlink:role="http://www.xbrl.org/2003/role/label">Qualifying for the treatment in Article 422(3) and (4)</link:label>
    <link:labelArc xlink:type="arc" xlink:arcrole="http://www.xbrl.org/2003/arcrole/concept-label" xlink:from="loc_eba_x98" xlink:to="label_eba_x98" />
    <link:loc xlink:type="locator" xlink:href="mem.xsd#eba_x99" xlink:label="loc_eba_x99" />
    <link:label xlink:type="resource" xlink:label="label_eba_x99" xml:lang="en" xlink:role="http://www.xbrl.org/2003/role/label">Non qualifying for the treatment in Article 422(3) and (4)</link:label>
    <link:labelArc xlink:type="arc" xlink:arcrole="http://www.xbrl.org/2003/arcrole/concept-label" xlink:from="loc_eba_x99" xlink:to="label_eba_x99" />
    <link:loc xlink:type="locator" xlink:href="mem.xsd#eba_x100" xlink:label="loc_eba_x100" />
    <link:label xlink:type="resource" xlink:label="label_eba_x100" xml:lang="en" xlink:role="http://www.xbrl.org/2003/role/label">With collateral of the highest credit quality (established by EBA)</link:label>
    <link:labelArc xlink:type="arc" xlink:arcrole="http://www.xbrl.org/2003/arcrole/concept-label" xlink:from="loc_eba_x100" xlink:to="label_eba_x100" />
    <link:loc xlink:type="locator" xlink:href="mem.xsd#eba_x101" xlink:label="loc_eba_x101" />
    <link:label xlink:type="resource" xlink:label="label_eba_x101" xml:lang="en" xlink:role="http://www.xbrl.org/2003/role/label">Non expressly included in other categories. Extremely HLCQ</link:label>
    <link:labelArc xlink:type="arc" xlink:arcrole="http://www.xbrl.org/2003/arcrole/concept-label" xlink:from="loc_eba_x101" xlink:to="label_eba_x101" />
    <link:loc xlink:type="locator" xlink:href="mem.xsd#eba_x102" xlink:label="loc_eba_x102" />
    <link:label xlink:type="resource" xlink:label="label_eba_x102" xml:lang="en" xlink:role="http://www.xbrl.org/2003/role/label">Non expressly included in other categories. HLCQ</link:label>
    <link:labelArc xlink:type="arc" xlink:arcrole="http://www.xbrl.org/2003/arcrole/concept-label" xlink:from="loc_eba_x102" xlink:to="label_eba_x102" />
    <link:loc xlink:type="locator" xlink:href="mem.xsd#eba_x103" xlink:label="loc_eba_x103" />
    <link:label xlink:type="resource" xlink:label="label_eba_x103" xml:lang="en" xlink:role="http://www.xbrl.org/2003/role/label">Non Central Bank eligible</link:label>
    <link:labelArc xlink:type="arc" xlink:arcrole="http://www.xbrl.org/2003/arcrole/concept-label" xlink:from="loc_eba_x103" xlink:to="label_eba_x103" />
    <link:loc xlink:type="locator" xlink:href="mem.xsd#eba_x104" xlink:label="loc_eba_x104" />
    <link:label xlink:type="resource" xlink:label="label_eba_x104" xml:lang="en" xlink:role="http://www.xbrl.org/2003/role/label">Alternative liquidity approaches</link:label>
    <link:labelArc xlink:type="arc" xlink:arcrole="http://www.xbrl.org/2003/arcrole/concept-label" xlink:from="loc_eba_x104" xlink:to="label_eba_x104" />
    <link:loc xlink:type="locator" xlink:href="mem.xsd#eba_x105" xlink:label="loc_eba_x105" />
    <link:label xlink:type="resource" xlink:label="label_eba_x105" xml:lang="en" xlink:role="http://www.xbrl.org/2003/role/label">Other liquid assets</link:label>
    <link:labelArc xlink:type="arc" xlink:arcrole="http://www.xbrl.org/2003/arcrole/concept-label" xlink:from="loc_eba_x105" xlink:to="label_eba_x105" />
    <link:loc xlink:type="locator" xlink:href="mem.xsd#eba_x106" xlink:label="loc_eba_x106" />
    <link:label xlink:type="resource" xlink:label="label_eba_x106" xml:lang="en" xlink:role="http://www.xbrl.org/2003/role/label">Level 1 assets</link:label>
    <link:labelArc xlink:type="arc" xlink:arcrole="http://www.xbrl.org/2003/arcrole/concept-label" xlink:from="loc_eba_x106" xlink:to="label_eba_x106" />
    <link:loc xlink:type="locator" xlink:href="mem.xsd#eba_x107" xlink:label="loc_eba_x107" />
    <link:label xlink:type="resource" xlink:label="label_eba_x107" xml:lang="en" xlink:role="http://www.xbrl.org/2003/role/label">Level 2A</link:label>
    <link:labelArc xlink:type="arc" xlink:arcrole="http://www.xbrl.org/2003/arcrole/concept-label" xlink:from="loc_eba_x107" xlink:to="label_eba_x107" />
    <link:loc xlink:type="locator" xlink:href="mem.xsd#eba_x108" xlink:label="loc_eba_x108" />
    <link:label xlink:type="resource" xlink:label="label_eba_x108" xml:lang="en" xlink:role="http://www.xbrl.org/2003/role/label">Level 2B</link:label>
    <link:labelArc xlink:type="arc" xlink:arcrole="http://www.xbrl.org/2003/arcrole/concept-label" xlink:from="loc_eba_x108" xlink:to="label_eba_x108" />
    <link:loc xlink:type="locator" xlink:href="mem.xsd#eba_x109" xlink:label="loc_eba_x109" />
    <link:label xlink:type="resource" xlink:label="label_eba_x109" xml:lang="en" xlink:role="http://www.xbrl.org/2003/role/label">Level 1 where underlying is coins/banknotes and/or central bank exposure</link:label>
    <link:labelArc xlink:type="arc" xlink:arcrole="http://www.xbrl.org/2003/arcrole/concept-label" xlink:from="loc_eba_x109" xlink:to="label_eba_x109" />
    <link:loc xlink:type="locator" xlink:href="mem.xsd#eba_x110" xlink:label="loc_eba_x110" />
    <link:label xlink:type="resource" xlink:label="label_eba_x110" xml:lang="en" xlink:role="http://www.xbrl.org/2003/role/label">Level 1 where underlying is Level 1 assets excluding extremely high quality covered bonds</link:label>
    <link:labelArc xlink:type="arc" xlink:arcrole="http://www.xbrl.org/2003/arcrole/concept-label" xlink:from="loc_eba_x110" xlink:to="label_eba_x110" />
    <link:loc xlink:type="locator" xlink:href="mem.xsd#eba_x111" xlink:label="loc_eba_x111" />
    <link:label xlink:type="resource" xlink:label="label_eba_x111" xml:lang="en" xlink:role="http://www.xbrl.org/2003/role/label">Operational deposits</link:label>
    <link:labelArc xlink:type="arc" xlink:arcrole="http://www.xbrl.org/2003/arcrole/concept-label" xlink:from="loc_eba_x111" xlink:to="label_eba_x111" />
    <link:loc xlink:type="locator" xlink:href="mem.xsd#eba_x112" xlink:label="loc_eba_x112" />
    <link:label xlink:type="resource" xlink:label="label_eba_x112" xml:lang="en" xlink:role="http://www.xbrl.org/2003/role/label">Level 1 extremely high quality covered bonds</link:label>
    <link:labelArc xlink:type="arc" xlink:arcrole="http://www.xbrl.org/2003/arcrole/concept-label" xlink:from="loc_eba_x112" xlink:to="label_eba_x112" />
    <link:loc xlink:type="locator" xlink:href="mem.xsd#eba_x113" xlink:label="loc_eba_x113" />
    <link:label xlink:type="resource" xlink:label="label_eba_x113" xml:lang="en" xlink:role="http://www.xbrl.org/2003/role/label">Underlying is legally obliged to be extremely high quality covered bonds</link:label>
    <link:labelArc xlink:type="arc" xlink:arcrole="http://www.xbrl.org/2003/arcrole/concept-label" xlink:from="loc_eba_x113" xlink:to="label_eba_x113" />
    <link:loc xlink:type="locator" xlink:href="mem.xsd#eba_x114" xlink:label="loc_eba_x114" />
    <link:label xlink:type="resource" xlink:label="label_eba_x114" xml:lang="en" xlink:role="http://www.xbrl.org/2003/role/label">Underlying is legally obliged to be Level 1 assets excluding extremely high quality covered bonds</link:label>
    <link:labelArc xlink:type="arc" xlink:arcrole="http://www.xbrl.org/2003/arcrole/concept-label" xlink:from="loc_eba_x114" xlink:to="label_eba_x114" />
    <link:loc xlink:type="locator" xlink:href="mem.xsd#eba_x115" xlink:label="loc_eba_x115" />
    <link:label xlink:type="resource" xlink:label="label_eba_x115" xml:lang="en" xlink:role="http://www.xbrl.org/2003/role/label">Underlying is legally obliged to be Level 2A assets</link:label>
    <link:labelArc xlink:type="arc" xlink:arcrole="http://www.xbrl.org/2003/arcrole/concept-label" xlink:from="loc_eba_x115" xlink:to="label_eba_x115" />
    <link:loc xlink:type="locator" xlink:href="mem.xsd#eba_x116" xlink:label="loc_eba_x116" />
    <link:label xlink:type="resource" xlink:label="label_eba_x116" xml:lang="en" xlink:role="http://www.xbrl.org/2003/role/label">Underlying is legally obliged to be Level 2B assets</link:label>
    <link:labelArc xlink:type="arc" xlink:arcrole="http://www.xbrl.org/2003/arcrole/concept-label" xlink:from="loc_eba_x116" xlink:to="label_eba_x116" />
    <link:loc xlink:type="locator" xlink:href="mem.xsd#eba_x117" xlink:label="loc_eba_x117" />
    <link:label xlink:type="resource" xlink:label="label_eba_x117" xml:lang="en" xlink:role="http://www.xbrl.org/2003/role/label">Underlying has no legal obligation</link:label>
    <link:labelArc xlink:type="arc" xlink:arcrole="http://www.xbrl.org/2003/arcrole/concept-label" xlink:from="loc_eba_x117" xlink:to="label_eba_x117" />
    <link:loc xlink:type="locator" xlink:href="mem.xsd#eba_x118" xlink:label="loc_eba_x118" />
    <link:label xlink:type="resource" xlink:label="label_eba_x118" xml:lang="en" xlink:role="http://www.xbrl.org/2003/role/label">Net liquidity outflows due to close out of the hedge</link:label>
    <link:labelArc xlink:type="arc" xlink:arcrole="http://www.xbrl.org/2003/arcrole/concept-label" xlink:from="loc_eba_x118" xlink:to="label_eba_x118" />
    <link:loc xlink:type="locator" xlink:href="mem.xsd#eba_x119" xlink:label="loc_eba_x119" />
    <link:label xlink:type="resource" xlink:label="label_eba_x119" xml:lang="en" xlink:role="http://www.xbrl.org/2003/role/label">Net liquidity inflows due to close out of the hedge</link:label>
    <link:labelArc xlink:type="arc" xlink:arcrole="http://www.xbrl.org/2003/arcrole/concept-label" xlink:from="loc_eba_x119" xlink:to="label_eba_x119" />
    <link:loc xlink:type="locator" xlink:href="mem.xsd#eba_x120" xlink:label="loc_eba_x120" />
    <link:label xlink:type="resource" xlink:label="label_eba_x120" xml:lang="en" xlink:role="http://www.xbrl.org/2003/role/label">Sponsored guaranteed bank assets subject to grandfathering</link:label>
    <link:labelArc xlink:type="arc" xlink:arcrole="http://www.xbrl.org/2003/arcrole/concept-label" xlink:from="loc_eba_x120" xlink:to="label_eba_x120" />
    <link:loc xlink:type="locator" xlink:href="mem.xsd#eba_x121" xlink:label="loc_eba_x121" />
    <link:label xlink:type="resource" xlink:label="label_eba_x121" xml:lang="en" xlink:role="http://www.xbrl.org/2003/role/label">Sponsored impaired asset management agencies subject to transitional provision</link:label>
    <link:labelArc xlink:type="arc" xlink:arcrole="http://www.xbrl.org/2003/arcrole/concept-label" xlink:from="loc_eba_x121" xlink:to="label_eba_x121" />
    <link:loc xlink:type="locator" xlink:href="mem.xsd#eba_x122" xlink:label="loc_eba_x122" />
    <link:label xlink:type="resource" xlink:label="label_eba_x122" xml:lang="en" xlink:role="http://www.xbrl.org/2003/role/label">Backed by residential loans subject to transitional provision</link:label>
    <link:labelArc xlink:type="arc" xlink:arcrole="http://www.xbrl.org/2003/arcrole/concept-label" xlink:from="loc_eba_x122" xlink:to="label_eba_x122" />
    <link:loc xlink:type="locator" xlink:href="mem.xsd#eba_x123" xlink:label="loc_eba_x123" />
    <link:label xlink:type="resource" xlink:label="label_eba_x123" xml:lang="en" xlink:role="http://www.xbrl.org/2003/role/label">Liquid asset excluded due to currency reasons</link:label>
    <link:labelArc xlink:type="arc" xlink:arcrole="http://www.xbrl.org/2003/arcrole/concept-label" xlink:from="loc_eba_x123" xlink:to="label_eba_x123" />
    <link:loc xlink:type="locator" xlink:href="mem.xsd#eba_x124" xlink:label="loc_eba_x124" />
    <link:label xlink:type="resource" xlink:label="label_eba_x124" xml:lang="en" xlink:role="http://www.xbrl.org/2003/role/label">Liquid asset excluded for operational reasons (and not reported as excluded for currency reasons)</link:label>
    <link:labelArc xlink:type="arc" xlink:arcrole="http://www.xbrl.org/2003/arcrole/concept-label" xlink:from="loc_eba_x124" xlink:to="label_eba_x124" />
    <link:loc xlink:type="locator" xlink:href="mem.xsd#eba_x125" xlink:label="loc_eba_x125" />
    <link:label xlink:type="resource" xlink:label="label_eba_x125" xml:lang="en" xlink:role="http://www.xbrl.org/2003/role/label">Level 1 Non-interest bearing assets (held by credit institutions for religious reasons)</link:label>
    <link:labelArc xlink:type="arc" xlink:arcrole="http://www.xbrl.org/2003/arcrole/concept-label" xlink:from="loc_eba_x125" xlink:to="label_eba_x125" />
    <link:loc xlink:type="locator" xlink:href="mem.xsd#eba_x126" xlink:label="loc_eba_x126" />
    <link:label xlink:type="resource" xlink:label="label_eba_x126" xml:lang="en" xlink:role="http://www.xbrl.org/2003/role/label">Level 2A Non-interest bearing assets (held by credit institutions for religious reasons)</link:label>
    <link:labelArc xlink:type="arc" xlink:arcrole="http://www.xbrl.org/2003/arcrole/concept-label" xlink:from="loc_eba_x126" xlink:to="label_eba_x126" />
    <link:loc xlink:type="locator" xlink:href="mem.xsd#eba_x127" xlink:label="loc_eba_x127" />
    <link:label xlink:type="resource" xlink:label="label_eba_x127" xml:lang="en" xlink:role="http://www.xbrl.org/2003/role/label">Underlying is corporate debt securities (CQS 2/3), shares (major stock index) or non-interest bearing assets (held by credit institutions for religious reasons) (CQS 3-5)</link:label>
    <link:labelArc xlink:type="arc" xlink:arcrole="http://www.xbrl.org/2003/arcrole/concept-label" xlink:from="loc_eba_x127" xlink:to="label_eba_x127" />
    <link:loc xlink:type="locator" xlink:href="mem.xsd#eba_x128" xlink:label="loc_eba_x128" />
    <link:label xlink:type="resource" xlink:label="label_eba_x128" xml:lang="en" xlink:role="http://www.xbrl.org/2003/role/label">Corporate debt securities (CQS 2/3) or shares (major stock index)</link:label>
    <link:labelArc xlink:type="arc" xlink:arcrole="http://www.xbrl.org/2003/arcrole/concept-label" xlink:from="loc_eba_x128" xlink:to="label_eba_x128" />
    <link:loc xlink:type="locator" xlink:href="mem.xsd#eba_x129" xlink:label="loc_eba_x129" />
    <link:label xlink:type="resource" xlink:label="label_eba_x129" xml:lang="en" xlink:role="http://www.xbrl.org/2003/role/label">Additional outflows</link:label>
    <link:labelArc xlink:type="arc" xlink:arcrole="http://www.xbrl.org/2003/arcrole/concept-label" xlink:from="loc_eba_x129" xlink:to="label_eba_x129" />
    <link:loc xlink:type="locator" xlink:href="mem.xsd#eba_x130" xlink:label="loc_eba_x130" />
    <link:label xlink:type="resource" xlink:label="label_eba_x130" xml:lang="en" xlink:role="http://www.xbrl.org/2003/role/label">Other products and services</link:label>
    <link:labelArc xlink:type="arc" xlink:arcrole="http://www.xbrl.org/2003/arcrole/concept-label" xlink:from="loc_eba_x130" xlink:to="label_eba_x130" />
    <link:loc xlink:type="locator" xlink:href="mem.xsd#eba_x131" xlink:label="loc_eba_x131" />
    <link:label xlink:type="resource" xlink:label="label_eba_x131" xml:lang="en" xlink:role="http://www.xbrl.org/2003/role/label">Stable deposits</link:label>
    <link:labelArc xlink:type="arc" xlink:arcrole="http://www.xbrl.org/2003/arcrole/concept-label" xlink:from="loc_eba_x131" xlink:to="label_eba_x131" />
    <link:loc xlink:type="locator" xlink:href="mem.xsd#eba_x132" xlink:label="loc_eba_x132" />
    <link:label xlink:type="resource" xlink:label="label_eba_x132" xml:lang="en" xlink:role="http://www.xbrl.org/2003/role/label">Third countries</link:label>
    <link:labelArc xlink:type="arc" xlink:arcrole="http://www.xbrl.org/2003/arcrole/concept-label" xlink:from="loc_eba_x132" xlink:to="label_eba_x132" />
    <link:loc xlink:type="locator" xlink:href="mem.xsd#eba_x133" xlink:label="loc_eba_x133" />
    <link:label xlink:type="resource" xlink:label="label_eba_x133" xml:lang="en" xlink:role="http://www.xbrl.org/2003/role/label">Payout has been agreed in the following 30 days</link:label>
    <link:labelArc xlink:type="arc" xlink:arcrole="http://www.xbrl.org/2003/arcrole/concept-label" xlink:from="loc_eba_x133" xlink:to="label_eba_x133" />
    <link:loc xlink:type="locator" xlink:href="mem.xsd#eba_x134" xlink:label="loc_eba_x134" />
    <link:label xlink:type="resource" xlink:label="label_eba_x134" xml:lang="en" xlink:role="http://www.xbrl.org/2003/role/label">Subject to higher outflows (category 1)</link:label>
    <link:labelArc xlink:type="arc" xlink:arcrole="http://www.xbrl.org/2003/arcrole/concept-label" xlink:from="loc_eba_x134" xlink:to="label_eba_x134" />
    <link:loc xlink:type="locator" xlink:href="mem.xsd#eba_x135" xlink:label="loc_eba_x135" />
    <link:label xlink:type="resource" xlink:label="label_eba_x135" xml:lang="en" xlink:role="http://www.xbrl.org/2003/role/label">Subject to higher outflows (category 2)</link:label>
    <link:labelArc xlink:type="arc" xlink:arcrole="http://www.xbrl.org/2003/arcrole/concept-label" xlink:from="loc_eba_x135" xlink:to="label_eba_x135" />
    <link:loc xlink:type="locator" xlink:href="mem.xsd#eba_x136" xlink:label="loc_eba_x136" />
    <link:label xlink:type="resource" xlink:label="label_eba_x136" xml:lang="en" xlink:role="http://www.xbrl.org/2003/role/label">Derogated stable deposits</link:label>
    <link:labelArc xlink:type="arc" xlink:arcrole="http://www.xbrl.org/2003/arcrole/concept-label" xlink:from="loc_eba_x136" xlink:to="label_eba_x136" />
    <link:loc xlink:type="locator" xlink:href="mem.xsd#eba_x137" xlink:label="loc_eba_x137" />
    <link:label xlink:type="resource" xlink:label="label_eba_x137" xml:lang="en" xlink:role="http://www.xbrl.org/2003/role/label">Securities maturing within 30 days</link:label>
    <link:labelArc xlink:type="arc" xlink:arcrole="http://www.xbrl.org/2003/arcrole/concept-label" xlink:from="loc_eba_x137" xlink:to="label_eba_x137" />
    <link:loc xlink:type="locator" xlink:href="mem.xsd#eba_x138" xlink:label="loc_eba_x138" />
    <link:label xlink:type="resource" xlink:label="label_eba_x138" xml:lang="en" xlink:role="http://www.xbrl.org/2003/role/label">Corresponding to principal repayment, not corresponding to outflows in accordance with promotional loan commitments</link:label>
    <link:labelArc xlink:type="arc" xlink:arcrole="http://www.xbrl.org/2003/arcrole/concept-label" xlink:from="loc_eba_x138" xlink:to="label_eba_x138" />
    <link:loc xlink:type="locator" xlink:href="mem.xsd#eba_x139" xlink:label="loc_eba_x139" />
    <link:label xlink:type="resource" xlink:label="label_eba_x139" xml:lang="en" xlink:role="http://www.xbrl.org/2003/role/label">Not corresponding to principal repayment</link:label>
    <link:labelArc xlink:type="arc" xlink:arcrole="http://www.xbrl.org/2003/arcrole/concept-label" xlink:from="loc_eba_x139" xlink:to="label_eba_x139" />
    <link:loc xlink:type="locator" xlink:href="mem.xsd#eba_x140" xlink:label="loc_eba_x140" />
    <link:label xlink:type="resource" xlink:label="label_eba_x140" xml:lang="en" xlink:role="http://www.xbrl.org/2003/role/label">Inflows corresponding to outflows in accordance with promotional loan commitments</link:label>
    <link:labelArc xlink:type="arc" xlink:arcrole="http://www.xbrl.org/2003/arcrole/concept-label" xlink:from="loc_eba_x140" xlink:to="label_eba_x140" />
    <link:loc xlink:type="locator" xlink:href="mem.xsd#eba_x141" xlink:label="loc_eba_x141" />
    <link:label xlink:type="resource" xlink:label="label_eba_x141" xml:lang="en" xlink:role="http://www.xbrl.org/2003/role/label">Margin loans made against non liquid assets</link:label>
    <link:labelArc xlink:type="arc" xlink:arcrole="http://www.xbrl.org/2003/arcrole/concept-label" xlink:from="loc_eba_x141" xlink:to="label_eba_x141" />
    <link:loc xlink:type="locator" xlink:href="mem.xsd#eba_x142" xlink:label="loc_eba_x142" />
    <link:label xlink:type="resource" xlink:label="label_eba_x142" xml:lang="en" xlink:role="http://www.xbrl.org/2003/role/label">Interdependent inflows</link:label>
    <link:labelArc xlink:type="arc" xlink:arcrole="http://www.xbrl.org/2003/arcrole/concept-label" xlink:from="loc_eba_x142" xlink:to="label_eba_x142" />
    <link:loc xlink:type="locator" xlink:href="mem.xsd#eba_x143" xlink:label="loc_eba_x143" />
    <link:label xlink:type="resource" xlink:label="label_eba_x143" xml:lang="en" xlink:role="http://www.xbrl.org/2003/role/label">FX inflows</link:label>
    <link:labelArc xlink:type="arc" xlink:arcrole="http://www.xbrl.org/2003/arcrole/concept-label" xlink:from="loc_eba_x143" xlink:to="label_eba_x143" />
    <link:loc xlink:type="locator" xlink:href="mem.xsd#eba_x144" xlink:label="loc_eba_x144" />
    <link:label xlink:type="resource" xlink:label="label_eba_x144" xml:lang="en" xlink:role="http://www.xbrl.org/2003/role/label">All types of collateral</link:label>
    <link:labelArc xlink:type="arc" xlink:arcrole="http://www.xbrl.org/2003/arcrole/concept-label" xlink:from="loc_eba_x144" xlink:to="label_eba_x144" />
    <link:loc xlink:type="locator" xlink:href="mem.xsd#eba_x145" xlink:label="loc_eba_x145" />
    <link:label xlink:type="resource" xlink:label="label_eba_x145" xml:lang="en" xlink:role="http://www.xbrl.org/2003/role/label">Received undrawn credit or liquidity facilities</link:label>
    <link:labelArc xlink:type="arc" xlink:arcrole="http://www.xbrl.org/2003/arcrole/concept-label" xlink:from="loc_eba_x145" xlink:to="label_eba_x145" />
    <link:loc xlink:type="locator" xlink:href="mem.xsd#eba_x146" xlink:label="loc_eba_x146" />
    <link:label xlink:type="resource" xlink:label="label_eba_x146" xml:lang="en" xlink:role="http://www.xbrl.org/2003/role/label">Contract allows the credit institution to withdraw and request payment within 30 days</link:label>
    <link:labelArc xlink:type="arc" xlink:arcrole="http://www.xbrl.org/2003/arcrole/concept-label" xlink:from="loc_eba_x146" xlink:to="label_eba_x146" />
    <link:loc xlink:type="locator" xlink:href="mem.xsd#eba_x147" xlink:label="loc_eba_x147" />
    <link:label xlink:type="resource" xlink:label="label_eba_x147" xml:lang="en" xlink:role="http://www.xbrl.org/2003/role/label">Inflows from instruments not recognized as liquid assets</link:label>
    <link:labelArc xlink:type="arc" xlink:arcrole="http://www.xbrl.org/2003/arcrole/concept-label" xlink:from="loc_eba_x147" xlink:to="label_eba_x147" />
    <link:loc xlink:type="locator" xlink:href="mem.xsd#eba_x148" xlink:label="loc_eba_x148" />
    <link:label xlink:type="resource" xlink:label="label_eba_x148" xml:lang="en" xlink:role="http://www.xbrl.org/2003/role/label">Not treated as liquid assets for the depositing institution</link:label>
    <link:labelArc xlink:type="arc" xlink:arcrole="http://www.xbrl.org/2003/arcrole/concept-label" xlink:from="loc_eba_x148" xlink:to="label_eba_x148" />
    <link:loc xlink:type="locator" xlink:href="mem.xsd#eba_x149" xlink:label="loc_eba_x149" />
    <link:label xlink:type="resource" xlink:label="label_eba_x149" xml:lang="en" xlink:role="http://www.xbrl.org/2003/role/label">Treated as liquid assets for the depositing institution</link:label>
    <link:labelArc xlink:type="arc" xlink:arcrole="http://www.xbrl.org/2003/arcrole/concept-label" xlink:from="loc_eba_x149" xlink:to="label_eba_x149" />
    <link:loc xlink:type="locator" xlink:href="mem.xsd#eba_x150" xlink:label="loc_eba_x150" />
    <link:label xlink:type="resource" xlink:label="label_eba_x150" xml:lang="en" xlink:role="http://www.xbrl.org/2003/role/label">Non-operational deposits</link:label>
    <link:labelArc xlink:type="arc" xlink:arcrole="http://www.xbrl.org/2003/arcrole/concept-label" xlink:from="loc_eba_x150" xlink:to="label_eba_x150" />
    <link:loc xlink:type="locator" xlink:href="mem.xsd#eba_x151" xlink:label="loc_eba_x151" />
    <link:label xlink:type="resource" xlink:label="label_eba_x151" xml:lang="en" xlink:role="http://www.xbrl.org/2003/role/label">Correspondent banking and provisions of prime brokerage deposits</link:label>
    <link:labelArc xlink:type="arc" xlink:arcrole="http://www.xbrl.org/2003/arcrole/concept-label" xlink:from="loc_eba_x151" xlink:to="label_eba_x151" />
    <link:loc xlink:type="locator" xlink:href="mem.xsd#eba_x152" xlink:label="loc_eba_x152" />
    <link:label xlink:type="resource" xlink:label="label_eba_x152" xml:lang="en" xlink:role="http://www.xbrl.org/2003/role/label">Other than correspondent banking and provisions of prime brokerage deposits</link:label>
    <link:labelArc xlink:type="arc" xlink:arcrole="http://www.xbrl.org/2003/arcrole/concept-label" xlink:from="loc_eba_x152" xlink:to="label_eba_x152" />
    <link:loc xlink:type="locator" xlink:href="mem.xsd#eba_x153" xlink:label="loc_eba_x153" />
    <link:label xlink:type="resource" xlink:label="label_eba_x153" xml:lang="en" xlink:role="http://www.xbrl.org/2003/role/label">Collateral posted for derivatives</link:label>
    <link:labelArc xlink:type="arc" xlink:arcrole="http://www.xbrl.org/2003/arcrole/concept-label" xlink:from="loc_eba_x153" xlink:to="label_eba_x153" />
    <link:loc xlink:type="locator" xlink:href="mem.xsd#eba_x154" xlink:label="loc_eba_x154" />
    <link:label xlink:type="resource" xlink:label="label_eba_x154" xml:lang="en" xlink:role="http://www.xbrl.org/2003/role/label">Level 1 excluding extremely high quality covered bonds</link:label>
    <link:labelArc xlink:type="arc" xlink:arcrole="http://www.xbrl.org/2003/arcrole/concept-label" xlink:from="loc_eba_x154" xlink:to="label_eba_x154" />
    <link:loc xlink:type="locator" xlink:href="mem.xsd#eba_x155" xlink:label="loc_eba_x155" />
    <link:label xlink:type="resource" xlink:label="label_eba_x155" xml:lang="en" xlink:role="http://www.xbrl.org/2003/role/label">Other than Level 1 assets</link:label>
    <link:labelArc xlink:type="arc" xlink:arcrole="http://www.xbrl.org/2003/arcrole/concept-label" xlink:from="loc_eba_x155" xlink:to="label_eba_x155" />
    <link:loc xlink:type="locator" xlink:href="mem.xsd#eba_x156" xlink:label="loc_eba_x156" />
    <link:label xlink:type="resource" xlink:label="label_eba_x156" xml:lang="en" xlink:role="http://www.xbrl.org/2003/role/label">hlba</link:label>
    <link:labelArc xlink:type="arc" xlink:arcrole="http://www.xbrl.org/2003/arcrole/concept-label" xlink:from="loc_eba_x156" xlink:to="label_eba_x156" />
    <link:loc xlink:type="locator" xlink:href="mem.xsd#eba_x157" xlink:label="loc_eba_x157" />
    <link:label xlink:type="resource" xlink:label="label_eba_x157" xml:lang="en" xlink:role="http://www.xbrl.org/2003/role/label">amao</link:label>
    <link:labelArc xlink:type="arc" xlink:arcrole="http://www.xbrl.org/2003/arcrole/concept-label" xlink:from="loc_eba_x157" xlink:to="label_eba_x157" />
    <link:loc xlink:type="locator" xlink:href="mem.xsd#eba_x158" xlink:label="loc_eba_x158" />
    <link:label xlink:type="resource" xlink:label="label_eba_x158" xml:lang="en" xlink:role="http://www.xbrl.org/2003/role/label">Inflows from the release of balances held in segregated accounts</link:label>
    <link:labelArc xlink:type="arc" xlink:arcrole="http://www.xbrl.org/2003/arcrole/concept-label" xlink:from="loc_eba_x158" xlink:to="label_eba_x158" />
    <link:loc xlink:type="locator" xlink:href="mem.xsd#eba_x159" xlink:label="loc_eba_x159" />
    <link:label xlink:type="resource" xlink:label="label_eba_x159" xml:lang="en" xlink:role="http://www.xbrl.org/2003/role/label">All other inflows in line with Art. 32(2)(a) of Commission delegated regulation 2015/61 not captured anywhere else</link:label>
    <link:labelArc xlink:type="arc" xlink:arcrole="http://www.xbrl.org/2003/arcrole/concept-label" xlink:from="loc_eba_x159" xlink:to="label_eba_x159" />
    <link:loc xlink:type="locator" xlink:href="mem.xsd#eba_x160" xlink:label="loc_eba_x160" />
    <link:label xlink:type="resource" xlink:label="label_eba_x160" xml:lang="en" xlink:role="http://www.xbrl.org/2003/role/label">Short positions covered by collateralised secured financing transactions</link:label>
    <link:labelArc xlink:type="arc" xlink:arcrole="http://www.xbrl.org/2003/arcrole/concept-label" xlink:from="loc_eba_x160" xlink:to="label_eba_x160" />
    <link:loc xlink:type="locator" xlink:href="mem.xsd#eba_x161" xlink:label="loc_eba_x161" />
    <link:label xlink:type="resource" xlink:label="label_eba_x161" xml:lang="en" xlink:role="http://www.xbrl.org/2003/role/label">Short positions not covered by collateralised secured financing transactions</link:label>
    <link:labelArc xlink:type="arc" xlink:arcrole="http://www.xbrl.org/2003/arcrole/concept-label" xlink:from="loc_eba_x161" xlink:to="label_eba_x161" />
    <link:loc xlink:type="locator" xlink:href="mem.xsd#eba_x162" xlink:label="loc_eba_x162" />
    <link:label xlink:type="resource" xlink:label="label_eba_x162" xml:lang="en" xlink:role="http://www.xbrl.org/2003/role/label">Callable excess collateral</link:label>
    <link:labelArc xlink:type="arc" xlink:arcrole="http://www.xbrl.org/2003/arcrole/concept-label" xlink:from="loc_eba_x162" xlink:to="label_eba_x162" />
    <link:loc xlink:type="locator" xlink:href="mem.xsd#eba_x163" xlink:label="loc_eba_x163" />
    <link:label xlink:type="resource" xlink:label="label_eba_x163" xml:lang="en" xlink:role="http://www.xbrl.org/2003/role/label">Due collateral</link:label>
    <link:labelArc xlink:type="arc" xlink:arcrole="http://www.xbrl.org/2003/arcrole/concept-label" xlink:from="loc_eba_x163" xlink:to="label_eba_x163" />
    <link:loc xlink:type="locator" xlink:href="mem.xsd#eba_x164" xlink:label="loc_eba_x164" />
    <link:label xlink:type="resource" xlink:label="label_eba_x164" xml:lang="en" xlink:role="http://www.xbrl.org/2003/role/label">Liquid asset collateral exchangable for non-liquid asset collateral</link:label>
    <link:labelArc xlink:type="arc" xlink:arcrole="http://www.xbrl.org/2003/arcrole/concept-label" xlink:from="loc_eba_x164" xlink:to="label_eba_x164" />
    <link:loc xlink:type="locator" xlink:href="mem.xsd#eba_x165" xlink:label="loc_eba_x165" />
    <link:label xlink:type="resource" xlink:label="label_eba_x165" xml:lang="en" xlink:role="http://www.xbrl.org/2003/role/label">Financing facility</link:label>
    <link:labelArc xlink:type="arc" xlink:arcrole="http://www.xbrl.org/2003/arcrole/concept-label" xlink:from="loc_eba_x165" xlink:to="label_eba_x165" />
    <link:loc xlink:type="locator" xlink:href="mem.xsd#eba_x166" xlink:label="loc_eba_x166" />
    <link:label xlink:type="resource" xlink:label="label_eba_x166" xml:lang="en" xlink:role="http://www.xbrl.org/2003/role/label">Financing instrument</link:label>
    <link:labelArc xlink:type="arc" xlink:arcrole="http://www.xbrl.org/2003/arcrole/concept-label" xlink:from="loc_eba_x166" xlink:to="label_eba_x166" />
    <link:loc xlink:type="locator" xlink:href="mem.xsd#eba_x167" xlink:label="loc_eba_x167" />
    <link:label xlink:type="resource" xlink:label="label_eba_x167" xml:lang="en" xlink:role="http://www.xbrl.org/2003/role/label">Assets borrowed on an unsecured basis</link:label>
    <link:labelArc xlink:type="arc" xlink:arcrole="http://www.xbrl.org/2003/arcrole/concept-label" xlink:from="loc_eba_x167" xlink:to="label_eba_x167" />
    <link:loc xlink:type="locator" xlink:href="mem.xsd#eba_x168" xlink:label="loc_eba_x168" />
    <link:label xlink:type="resource" xlink:label="label_eba_x168" xml:lang="en" xlink:role="http://www.xbrl.org/2003/role/label">Internal netting of client´s positions</link:label>
    <link:labelArc xlink:type="arc" xlink:arcrole="http://www.xbrl.org/2003/arcrole/concept-label" xlink:from="loc_eba_x168" xlink:to="label_eba_x168" />
    <link:loc xlink:type="locator" xlink:href="mem.xsd#eba_x169" xlink:label="loc_eba_x169" />
    <link:label xlink:type="resource" xlink:label="label_eba_x169" xml:lang="en" xlink:role="http://www.xbrl.org/2003/role/label">For retail customers</link:label>
    <link:labelArc xlink:type="arc" xlink:arcrole="http://www.xbrl.org/2003/arcrole/concept-label" xlink:from="loc_eba_x169" xlink:to="label_eba_x169" />
    <link:loc xlink:type="locator" xlink:href="mem.xsd#eba_x170" xlink:label="loc_eba_x170" />
    <link:label xlink:type="resource" xlink:label="label_eba_x170" xml:lang="en" xlink:role="http://www.xbrl.org/2003/role/label">For non-financial customers</link:label>
    <link:labelArc xlink:type="arc" xlink:arcrole="http://www.xbrl.org/2003/arcrole/concept-label" xlink:from="loc_eba_x170" xlink:to="label_eba_x170" />
    <link:loc xlink:type="locator" xlink:href="mem.xsd#eba_x171" xlink:label="loc_eba_x171" />
    <link:label xlink:type="resource" xlink:label="label_eba_x171" xml:lang="en" xlink:role="http://www.xbrl.org/2003/role/label">Personal investment companies</link:label>
    <link:labelArc xlink:type="arc" xlink:arcrole="http://www.xbrl.org/2003/arcrole/concept-label" xlink:from="loc_eba_x171" xlink:to="label_eba_x171" />
    <link:loc xlink:type="locator" xlink:href="mem.xsd#eba_x172" xlink:label="loc_eba_x172" />
    <link:label xlink:type="resource" xlink:label="label_eba_x172" xml:lang="en" xlink:role="http://www.xbrl.org/2003/role/label">Other off-balance sheet and contingent funding obligations</link:label>
    <link:labelArc xlink:type="arc" xlink:arcrole="http://www.xbrl.org/2003/arcrole/concept-label" xlink:from="loc_eba_x172" xlink:to="label_eba_x172" />
    <link:loc xlink:type="locator" xlink:href="mem.xsd#eba_x173" xlink:label="loc_eba_x173" />
    <link:label xlink:type="resource" xlink:label="label_eba_x173" xml:lang="en" xlink:role="http://www.xbrl.org/2003/role/label">Undrawn loans and advances to wholesale counterparties</link:label>
    <link:labelArc xlink:type="arc" xlink:arcrole="http://www.xbrl.org/2003/arcrole/concept-label" xlink:from="loc_eba_x173" xlink:to="label_eba_x173" />
    <link:loc xlink:type="locator" xlink:href="mem.xsd#eba_x174" xlink:label="loc_eba_x174" />
    <link:label xlink:type="resource" xlink:label="label_eba_x174" xml:lang="en" xlink:role="http://www.xbrl.org/2003/role/label">Mortgages that have been agreed but not yet drawn down</link:label>
    <link:labelArc xlink:type="arc" xlink:arcrole="http://www.xbrl.org/2003/arcrole/concept-label" xlink:from="loc_eba_x174" xlink:to="label_eba_x174" />
    <link:loc xlink:type="locator" xlink:href="mem.xsd#eba_x175" xlink:label="loc_eba_x175" />
    <link:label xlink:type="resource" xlink:label="label_eba_x175" xml:lang="en" xlink:role="http://www.xbrl.org/2003/role/label">Credit cards</link:label>
    <link:labelArc xlink:type="arc" xlink:arcrole="http://www.xbrl.org/2003/arcrole/concept-label" xlink:from="loc_eba_x175" xlink:to="label_eba_x175" />
    <link:loc xlink:type="locator" xlink:href="mem.xsd#eba_x176" xlink:label="loc_eba_x176" />
    <link:label xlink:type="resource" xlink:label="label_eba_x176" xml:lang="en" xlink:role="http://www.xbrl.org/2003/role/label">Overdrafts</link:label>
    <link:labelArc xlink:type="arc" xlink:arcrole="http://www.xbrl.org/2003/arcrole/concept-label" xlink:from="loc_eba_x176" xlink:to="label_eba_x176" />
    <link:loc xlink:type="locator" xlink:href="mem.xsd#eba_x177" xlink:label="loc_eba_x177" />
    <link:label xlink:type="resource" xlink:label="label_eba_x177" xml:lang="en" xlink:role="http://www.xbrl.org/2003/role/label">Planned outflows related to renewal or extension of new loans</link:label>
    <link:labelArc xlink:type="arc" xlink:arcrole="http://www.xbrl.org/2003/arcrole/concept-label" xlink:from="loc_eba_x177" xlink:to="label_eba_x177" />
    <link:loc xlink:type="locator" xlink:href="mem.xsd#eba_x178" xlink:label="loc_eba_x178" />
    <link:label xlink:type="resource" xlink:label="label_eba_x178" xml:lang="en" xlink:role="http://www.xbrl.org/2003/role/label">Planned derivatives payables</link:label>
    <link:labelArc xlink:type="arc" xlink:arcrole="http://www.xbrl.org/2003/arcrole/concept-label" xlink:from="loc_eba_x178" xlink:to="label_eba_x178" />
    <link:loc xlink:type="locator" xlink:href="mem.xsd#eba_x179" xlink:label="loc_eba_x179" />
    <link:label xlink:type="resource" xlink:label="label_eba_x179" xml:lang="en" xlink:role="http://www.xbrl.org/2003/role/label">Operating expenses</link:label>
    <link:labelArc xlink:type="arc" xlink:arcrole="http://www.xbrl.org/2003/arcrole/concept-label" xlink:from="loc_eba_x179" xlink:to="label_eba_x179" />
    <link:loc xlink:type="locator" xlink:href="mem.xsd#eba_x180" xlink:label="loc_eba_x180" />
    <link:label xlink:type="resource" xlink:label="label_eba_x180" xml:lang="en" xlink:role="http://www.xbrl.org/2003/role/label">Debt securities if not treated as retail deposits</link:label>
    <link:labelArc xlink:type="arc" xlink:arcrole="http://www.xbrl.org/2003/arcrole/concept-label" xlink:from="loc_eba_x180" xlink:to="label_eba_x180" />
    <link:loc xlink:type="locator" xlink:href="mem.xsd#eba_x181" xlink:label="loc_eba_x181" />
    <link:label xlink:type="resource" xlink:label="label_eba_x181" xml:lang="en" xlink:role="http://www.xbrl.org/2003/role/label">Retail bonds</link:label>
    <link:labelArc xlink:type="arc" xlink:arcrole="http://www.xbrl.org/2003/arcrole/concept-label" xlink:from="loc_eba_x181" xlink:to="label_eba_x181" />
    <link:loc xlink:type="locator" xlink:href="mem.xsd#eba_x182" xlink:label="loc_eba_x182" />
    <link:label xlink:type="resource" xlink:label="label_eba_x182" xml:lang="en" xlink:role="http://www.xbrl.org/2003/role/label">Exempted deposits</link:label>
    <link:labelArc xlink:type="arc" xlink:arcrole="http://www.xbrl.org/2003/arcrole/concept-label" xlink:from="loc_eba_x182" xlink:to="label_eba_x182" />
    <link:loc xlink:type="locator" xlink:href="mem.xsd#eba_x183" xlink:label="loc_eba_x183" />
    <link:label xlink:type="resource" xlink:label="label_eba_x183" xml:lang="en" xlink:role="http://www.xbrl.org/2003/role/label">Not assessed deposits</link:label>
    <link:labelArc xlink:type="arc" xlink:arcrole="http://www.xbrl.org/2003/arcrole/concept-label" xlink:from="loc_eba_x183" xlink:to="label_eba_x183" />
    <link:loc xlink:type="locator" xlink:href="mem.xsd#eba_x184" xlink:label="loc_eba_x184" />
    <link:label xlink:type="resource" xlink:label="label_eba_x184" xml:lang="en" xlink:role="http://www.xbrl.org/2003/role/label">FX outflows</link:label>
    <link:labelArc xlink:type="arc" xlink:arcrole="http://www.xbrl.org/2003/arcrole/concept-label" xlink:from="loc_eba_x184" xlink:to="label_eba_x184" />
    <link:loc xlink:type="locator" xlink:href="mem.xsd#eba_x185" xlink:label="loc_eba_x185" />
    <link:label xlink:type="resource" xlink:label="label_eba_x185" xml:lang="en" xlink:role="http://www.xbrl.org/2003/role/label">Difference between total weighted inflows and total weighted outflows arising from third countries</link:label>
    <link:labelArc xlink:type="arc" xlink:arcrole="http://www.xbrl.org/2003/arcrole/concept-label" xlink:from="loc_eba_x185" xlink:to="label_eba_x185" />
    <link:loc xlink:type="locator" xlink:href="mem.xsd#eba_x186" xlink:label="loc_eba_x186" />
    <link:label xlink:type="resource" xlink:label="label_eba_x186" xml:lang="en" xlink:role="http://www.xbrl.org/2003/role/label">Excess inflows from a related specialised credit institution</link:label>
    <link:labelArc xlink:type="arc" xlink:arcrole="http://www.xbrl.org/2003/arcrole/concept-label" xlink:from="loc_eba_x186" xlink:to="label_eba_x186" />
    <link:loc xlink:type="locator" xlink:href="mem.xsd#eba_x187" xlink:label="loc_eba_x187" />
    <link:label xlink:type="resource" xlink:label="label_eba_x187" xml:lang="en" xlink:role="http://www.xbrl.org/2003/role/label">Collateral swaps</link:label>
    <link:labelArc xlink:type="arc" xlink:arcrole="http://www.xbrl.org/2003/arcrole/concept-label" xlink:from="loc_eba_x187" xlink:to="label_eba_x187" />
    <link:loc xlink:type="locator" xlink:href="mem.xsd#eba_x188" xlink:label="loc_eba_x188" />
    <link:label xlink:type="resource" xlink:label="label_eba_x188" xml:lang="en" xlink:role="http://www.xbrl.org/2003/role/label">Subject to 75% cap on inflows</link:label>
    <link:labelArc xlink:type="arc" xlink:arcrole="http://www.xbrl.org/2003/arcrole/concept-label" xlink:from="loc_eba_x188" xlink:to="label_eba_x188" />
    <link:loc xlink:type="locator" xlink:href="mem.xsd#eba_x189" xlink:label="loc_eba_x189" />
    <link:label xlink:type="resource" xlink:label="label_eba_x189" xml:lang="en" xlink:role="http://www.xbrl.org/2003/role/label">Subject to 90% cap on inflows</link:label>
    <link:labelArc xlink:type="arc" xlink:arcrole="http://www.xbrl.org/2003/arcrole/concept-label" xlink:from="loc_eba_x189" xlink:to="label_eba_x189" />
    <link:loc xlink:type="locator" xlink:href="mem.xsd#eba_x190" xlink:label="loc_eba_x190" />
    <link:label xlink:type="resource" xlink:label="label_eba_x190" xml:lang="en" xlink:role="http://www.xbrl.org/2003/role/label">Exempted from the cap on inflows</link:label>
    <link:labelArc xlink:type="arc" xlink:arcrole="http://www.xbrl.org/2003/arcrole/concept-label" xlink:from="loc_eba_x190" xlink:to="label_eba_x190" />
    <link:loc xlink:type="locator" xlink:href="mem.xsd#eba_x191" xlink:label="loc_eba_x191" />
    <link:label xlink:type="resource" xlink:label="label_eba_x191" xml:lang="en" xlink:role="http://www.xbrl.org/2003/role/label">Deposits treated as liquid assets</link:label>
    <link:labelArc xlink:type="arc" xlink:arcrole="http://www.xbrl.org/2003/arcrole/concept-label" xlink:from="loc_eba_x191" xlink:to="label_eba_x191" />
    <link:loc xlink:type="locator" xlink:href="mem.xsd#eba_x192" xlink:label="loc_eba_x192" />
    <link:label xlink:type="resource" xlink:label="label_eba_x192" xml:lang="en" xlink:role="http://www.xbrl.org/2003/role/label">Subject to higher outflows</link:label>
    <link:labelArc xlink:type="arc" xlink:arcrole="http://www.xbrl.org/2003/arcrole/concept-label" xlink:from="loc_eba_x192" xlink:to="label_eba_x192" />
    <link:loc xlink:type="locator" xlink:href="mem.xsd#eba_x193" xlink:label="loc_eba_x193" />
    <link:label xlink:type="resource" xlink:label="label_eba_x193" xml:lang="en" xlink:role="http://www.xbrl.org/2003/role/label">Outflows from other liabilities</link:label>
    <link:labelArc xlink:type="arc" xlink:arcrole="http://www.xbrl.org/2003/arcrole/concept-label" xlink:from="loc_eba_x193" xlink:to="label_eba_x193" />
    <link:loc xlink:type="locator" xlink:href="mem.xsd#eba_x194" xlink:label="loc_eba_x194" />
    <link:label xlink:type="resource" xlink:label="label_eba_x194" xml:lang="en" xlink:role="http://www.xbrl.org/2003/role/label">Other deposits</link:label>
    <link:labelArc xlink:type="arc" xlink:arcrole="http://www.xbrl.org/2003/arcrole/concept-label" xlink:from="loc_eba_x194" xlink:to="label_eba_x194" />
    <link:loc xlink:type="locator" xlink:href="mem.xsd#eba_x195" xlink:label="loc_eba_x195" />
    <link:label xlink:type="resource" xlink:label="label_eba_x195" xml:lang="en" xlink:role="http://www.xbrl.org/2003/role/label">Level 2 assets</link:label>
    <link:labelArc xlink:type="arc" xlink:arcrole="http://www.xbrl.org/2003/arcrole/concept-label" xlink:from="loc_eba_x195" xlink:to="label_eba_x195" />
    <link:loc xlink:type="locator" xlink:href="mem.xsd#eba_x196" xlink:label="loc_eba_x196" />
    <link:label xlink:type="resource" xlink:label="label_eba_x196" xml:lang="en" xlink:role="http://www.xbrl.org/2003/role/label">All liquid assets</link:label>
    <link:labelArc xlink:type="arc" xlink:arcrole="http://www.xbrl.org/2003/arcrole/concept-label" xlink:from="loc_eba_x196" xlink:to="label_eba_x196" />
    <link:loc xlink:type="locator" xlink:href="mem.xsd#eba_x197" xlink:label="loc_eba_x197" />
    <link:label xlink:type="resource" xlink:label="label_eba_x197" xml:lang="en" xlink:role="http://www.xbrl.org/2003/role/label">Considered liquid assets for the depositing institution</link:label>
    <link:labelArc xlink:type="arc" xlink:arcrole="http://www.xbrl.org/2003/arcrole/concept-label" xlink:from="loc_eba_x197" xlink:to="label_eba_x197" />
    <link:loc xlink:type="locator" xlink:href="mem.xsd#eba_x198" xlink:label="loc_eba_x198" />
    <link:label xlink:type="resource" xlink:label="label_eba_x198" xml:lang="en" xlink:role="http://www.xbrl.org/2003/role/label">Asset backed securities with residential underlying</link:label>
    <link:labelArc xlink:type="arc" xlink:arcrole="http://www.xbrl.org/2003/arcrole/concept-label" xlink:from="loc_eba_x198" xlink:to="label_eba_x198" />
    <link:loc xlink:type="locator" xlink:href="mem.xsd#eba_x199" xlink:label="loc_eba_x199" />
    <link:label xlink:type="resource" xlink:label="label_eba_x199" xml:lang="en" xlink:role="http://www.xbrl.org/2003/role/label">Asset backed securities with auto underlying</link:label>
    <link:labelArc xlink:type="arc" xlink:arcrole="http://www.xbrl.org/2003/arcrole/concept-label" xlink:from="loc_eba_x199" xlink:to="label_eba_x199" />
    <link:loc xlink:type="locator" xlink:href="mem.xsd#eba_x200" xlink:label="loc_eba_x200" />
    <link:label xlink:type="resource" xlink:label="label_eba_x200" xml:lang="en" xlink:role="http://www.xbrl.org/2003/role/label">Asset backed securities with commercial, individuals or Member State as underlying</link:label>
    <link:labelArc xlink:type="arc" xlink:arcrole="http://www.xbrl.org/2003/arcrole/concept-label" xlink:from="loc_eba_x200" xlink:to="label_eba_x200" />
    <link:loc xlink:type="locator" xlink:href="mem.xsd#eba_x201" xlink:label="loc_eba_x201" />
    <link:label xlink:type="resource" xlink:label="label_eba_x201" xml:lang="en" xlink:role="http://www.xbrl.org/2003/role/label">Residential or auto asset backed securities</link:label>
    <link:labelArc xlink:type="arc" xlink:arcrole="http://www.xbrl.org/2003/arcrole/concept-label" xlink:from="loc_eba_x201" xlink:to="label_eba_x201" />
    <link:loc xlink:type="locator" xlink:href="mem.xsd#eba_x202" xlink:label="loc_eba_x202" />
    <link:label xlink:type="resource" xlink:label="label_eba_x202" xml:lang="en" xlink:role="http://www.xbrl.org/2003/role/label">Derivatives expected to be payables. Net by counterparty subject to the existence of bilateral netting agreements</link:label>
    <link:labelArc xlink:type="arc" xlink:arcrole="http://www.xbrl.org/2003/arcrole/concept-label" xlink:from="loc_eba_x202" xlink:to="label_eba_x202" />
    <link:loc xlink:type="locator" xlink:href="mem.xsd#eba_x203" xlink:label="loc_eba_x203" />
    <link:label xlink:type="resource" xlink:label="label_eba_x203" xml:lang="en" xlink:role="http://www.xbrl.org/2003/role/label">Collateral is asset backed securities (residential or auto)</link:label>
    <link:labelArc xlink:type="arc" xlink:arcrole="http://www.xbrl.org/2003/arcrole/concept-label" xlink:from="loc_eba_x203" xlink:to="label_eba_x203" />
    <link:loc xlink:type="locator" xlink:href="mem.xsd#eba_x204" xlink:label="loc_eba_x204" />
    <link:label xlink:type="resource" xlink:label="label_eba_x204" xml:lang="en" xlink:role="http://www.xbrl.org/2003/role/label">Collateral is covered bonds</link:label>
    <link:labelArc xlink:type="arc" xlink:arcrole="http://www.xbrl.org/2003/arcrole/concept-label" xlink:from="loc_eba_x204" xlink:to="label_eba_x204" />
    <link:loc xlink:type="locator" xlink:href="mem.xsd#eba_x205" xlink:label="loc_eba_x205" />
    <link:label xlink:type="resource" xlink:label="label_eba_x205" xml:lang="en" xlink:role="http://www.xbrl.org/2003/role/label">Collateral is asset backed securities (individuals or commercial (excluding commercial real estate))</link:label>
    <link:labelArc xlink:type="arc" xlink:arcrole="http://www.xbrl.org/2003/arcrole/concept-label" xlink:from="loc_eba_x205" xlink:to="label_eba_x205" />
    <link:loc xlink:type="locator" xlink:href="mem.xsd#eba_x206" xlink:label="loc_eba_x206" />
    <link:label xlink:type="resource" xlink:label="label_eba_x206" xml:lang="en" xlink:role="http://www.xbrl.org/2003/role/label">Level 1 assets excluding extremely high quality covered bonds</link:label>
    <link:labelArc xlink:type="arc" xlink:arcrole="http://www.xbrl.org/2003/arcrole/concept-label" xlink:from="loc_eba_x206" xlink:to="label_eba_x206" />
    <link:loc xlink:type="locator" xlink:href="mem.xsd#eba_x207" xlink:label="loc_eba_x207" />
    <link:label xlink:type="resource" xlink:label="label_eba_x207" xml:lang="en" xlink:role="http://www.xbrl.org/2003/role/label">Operational deposits. Symmetrical inflow rate can be established</link:label>
    <link:labelArc xlink:type="arc" xlink:arcrole="http://www.xbrl.org/2003/arcrole/concept-label" xlink:from="loc_eba_x207" xlink:to="label_eba_x207" />
    <link:loc xlink:type="locator" xlink:href="mem.xsd#eba_x208" xlink:label="loc_eba_x208" />
    <link:label xlink:type="resource" xlink:label="label_eba_x208" xml:lang="en" xlink:role="http://www.xbrl.org/2003/role/label">Operational deposits. Symmetrical inflow rate can not be established</link:label>
    <link:labelArc xlink:type="arc" xlink:arcrole="http://www.xbrl.org/2003/arcrole/concept-label" xlink:from="loc_eba_x208" xlink:to="label_eba_x208" />
    <link:loc xlink:type="locator" xlink:href="mem.xsd#eba_x209" xlink:label="loc_eba_x209" />
    <link:label xlink:type="resource" xlink:label="label_eba_x209" xml:lang="en" xlink:role="http://www.xbrl.org/2003/role/label">Derivatives expected to be receivables. Net by counterparty subject to the existence of bilateral netting agreements and net of collateral to be received provided that it qualifies as a liquid asset.</link:label>
    <link:labelArc xlink:type="arc" xlink:arcrole="http://www.xbrl.org/2003/arcrole/concept-label" xlink:from="loc_eba_x209" xlink:to="label_eba_x209" />
    <link:loc xlink:type="locator" xlink:href="mem.xsd#eba_x210" xlink:label="loc_eba_x210" />
    <link:label xlink:type="resource" xlink:label="label_eba_x210" xml:lang="en" xlink:role="http://www.xbrl.org/2003/role/label">Received undrawn credit or liquidity facilities. Where competent authority has granted permission to apply a preferential inflow rate</link:label>
    <link:labelArc xlink:type="arc" xlink:arcrole="http://www.xbrl.org/2003/arcrole/concept-label" xlink:from="loc_eba_x210" xlink:to="label_eba_x210" />
    <link:loc xlink:type="locator" xlink:href="mem.xsd#eba_x211" xlink:label="loc_eba_x211" />
    <link:label xlink:type="resource" xlink:label="label_eba_x211" xml:lang="en" xlink:role="http://www.xbrl.org/2003/role/label">Collateral is other than covered bonds or asset backed securities (residential, auto, individuals, or commercial excluding commercial real estate)</link:label>
    <link:labelArc xlink:type="arc" xlink:arcrole="http://www.xbrl.org/2003/arcrole/concept-label" xlink:from="loc_eba_x211" xlink:to="label_eba_x211" />
    <link:loc xlink:type="locator" xlink:href="mem.xsd#eba_x212" xlink:label="loc_eba_x212" />
    <link:label xlink:type="resource" xlink:label="label_eba_x212" xml:lang="en" xlink:role="http://www.xbrl.org/2003/role/label">Neither margin loan made against non liquid assets, nor collateral is non-liquid equity</link:label>
    <link:labelArc xlink:type="arc" xlink:arcrole="http://www.xbrl.org/2003/arcrole/concept-label" xlink:from="loc_eba_x212" xlink:to="label_eba_x212" />
    <link:loc xlink:type="locator" xlink:href="mem.xsd#eba_x213" xlink:label="loc_eba_x213" />
    <link:label xlink:type="resource" xlink:label="label_eba_x213" xml:lang="en" xlink:role="http://www.xbrl.org/2003/role/label">Collateral is non-liquid equity</link:label>
    <link:labelArc xlink:type="arc" xlink:arcrole="http://www.xbrl.org/2003/arcrole/concept-label" xlink:from="loc_eba_x213" xlink:to="label_eba_x213" />
    <link:loc xlink:type="locator" xlink:href="mem.xsd#eba_x214" xlink:label="loc_eba_x214" />
    <link:label xlink:type="resource" xlink:label="label_eba_x214" xml:lang="en" xlink:role="http://www.xbrl.org/2003/role/label">Received undrawn credit or liquidity facilities. Where competent authority has not granted permission to apply a preferential inflow rate</link:label>
    <link:labelArc xlink:type="arc" xlink:arcrole="http://www.xbrl.org/2003/arcrole/concept-label" xlink:from="loc_eba_x214" xlink:to="label_eba_x214" />
    <link:loc xlink:type="locator" xlink:href="mem.xsd#eba_x215" xlink:label="loc_eba_x215" />
    <link:label xlink:type="resource" xlink:label="label_eba_x215" xml:lang="en" xlink:role="http://www.xbrl.org/2003/role/label">Other than operating expenses, debt securities if not treated as retail deposits</link:label>
    <link:labelArc xlink:type="arc" xlink:arcrole="http://www.xbrl.org/2003/arcrole/concept-label" xlink:from="loc_eba_x215" xlink:to="label_eba_x215" />
    <link:loc xlink:type="locator" xlink:href="mem.xsd#eba_x216" xlink:label="loc_eba_x216" />
    <link:label xlink:type="resource" xlink:label="label_eba_x216" xml:lang="en" xlink:role="http://www.xbrl.org/2003/role/label">Securities financing transaction monitoring</link:label>
    <link:labelArc xlink:type="arc" xlink:arcrole="http://www.xbrl.org/2003/arcrole/concept-label" xlink:from="loc_eba_x216" xlink:to="label_eba_x216" />
    <link:loc xlink:type="locator" xlink:href="mem.xsd#eba_x217" xlink:label="loc_eba_x217" />
    <link:label xlink:type="resource" xlink:label="label_eba_x217" xml:lang="en" xlink:role="http://www.xbrl.org/2003/role/label">Non liquid assets</link:label>
    <link:labelArc xlink:type="arc" xlink:arcrole="http://www.xbrl.org/2003/arcrole/concept-label" xlink:from="loc_eba_x217" xlink:to="label_eba_x217" />
    <link:loc xlink:type="locator" xlink:href="mem.xsd#eba_x218" xlink:label="loc_eba_x218" />
    <link:label xlink:type="resource" xlink:label="label_eba_x218" xml:lang="en" xlink:role="http://www.xbrl.org/2003/role/label">Withdrawable within the next 30 days</link:label>
    <link:labelArc xlink:type="arc" xlink:arcrole="http://www.xbrl.org/2003/arcrole/concept-label" xlink:from="loc_eba_x218" xlink:to="label_eba_x218" />
    <link:loc xlink:type="locator" xlink:href="mem.xsd#eba_x219" xlink:label="loc_eba_x219" />
    <link:label xlink:type="resource" xlink:label="label_eba_x219" xml:lang="en" xlink:role="http://www.xbrl.org/2003/role/label">Not withdrawable within the next 30 days</link:label>
    <link:labelArc xlink:type="arc" xlink:arcrole="http://www.xbrl.org/2003/arcrole/concept-label" xlink:from="loc_eba_x219" xlink:to="label_eba_x219" />
    <link:loc xlink:type="locator" xlink:href="mem.xsd#eba_x220" xlink:label="loc_eba_x220" />
    <link:label xlink:type="resource" xlink:label="label_eba_x220" xml:lang="en" xlink:role="http://www.xbrl.org/2003/role/label">Underlying is high quality covered bonds (RW 35%)</link:label>
    <link:labelArc xlink:type="arc" xlink:arcrole="http://www.xbrl.org/2003/arcrole/concept-label" xlink:from="loc_eba_x220" xlink:to="label_eba_x220" />
    <link:loc xlink:type="locator" xlink:href="mem.xsd#eba_x221" xlink:label="loc_eba_x221" />
    <link:label xlink:type="resource" xlink:label="label_eba_x221" xml:lang="en" xlink:role="http://www.xbrl.org/2003/role/label">Exempted from the calculation of outflows</link:label>
    <link:labelArc xlink:type="arc" xlink:arcrole="http://www.xbrl.org/2003/arcrole/concept-label" xlink:from="loc_eba_x221" xlink:to="label_eba_x221" />
    <link:loc xlink:type="locator" xlink:href="mem.xsd#eba_x222" xlink:label="loc_eba_x222" />
    <link:label xlink:type="resource" xlink:label="label_eba_x222" xml:lang="en" xlink:role="http://www.xbrl.org/2003/role/label">Collateral is other than covered bonds or asset backed securities (residential, auto, individuals, or commercial excluding commercial real estate). Collateral extended meets operational requirements</link:label>
    <link:labelArc xlink:type="arc" xlink:arcrole="http://www.xbrl.org/2003/arcrole/concept-label" xlink:from="loc_eba_x222" xlink:to="label_eba_x222" />
    <link:loc xlink:type="locator" xlink:href="mem.xsd#eba_x223" xlink:label="loc_eba_x223" />
    <link:label xlink:type="resource" xlink:label="label_eba_x223" xml:lang="en" xlink:role="http://www.xbrl.org/2003/role/label">Collateral extended meets operational requirements</link:label>
    <link:labelArc xlink:type="arc" xlink:arcrole="http://www.xbrl.org/2003/arcrole/concept-label" xlink:from="loc_eba_x223" xlink:to="label_eba_x223" />
    <link:loc xlink:type="locator" xlink:href="mem.xsd#eba_x224" xlink:label="loc_eba_x224" />
    <link:label xlink:type="resource" xlink:label="label_eba_x224" xml:lang="en" xlink:role="http://www.xbrl.org/2003/role/label">Collateral is asset backed securities (residential or auto). Collateral extended meets operational requirements</link:label>
    <link:labelArc xlink:type="arc" xlink:arcrole="http://www.xbrl.org/2003/arcrole/concept-label" xlink:from="loc_eba_x224" xlink:to="label_eba_x224" />
    <link:loc xlink:type="locator" xlink:href="mem.xsd#eba_x225" xlink:label="loc_eba_x225" />
    <link:label xlink:type="resource" xlink:label="label_eba_x225" xml:lang="en" xlink:role="http://www.xbrl.org/2003/role/label">Collateral is covered bonds. Collateral extended meets operational requirements</link:label>
    <link:labelArc xlink:type="arc" xlink:arcrole="http://www.xbrl.org/2003/arcrole/concept-label" xlink:from="loc_eba_x225" xlink:to="label_eba_x225" />
    <link:loc xlink:type="locator" xlink:href="mem.xsd#eba_x226" xlink:label="loc_eba_x226" />
    <link:label xlink:type="resource" xlink:label="label_eba_x226" xml:lang="en" xlink:role="http://www.xbrl.org/2003/role/label">Collateral is asset backed securities (individuals or commercial (excluding commercial real estate)). Collateral extended meets operational requirements</link:label>
    <link:labelArc xlink:type="arc" xlink:arcrole="http://www.xbrl.org/2003/arcrole/concept-label" xlink:from="loc_eba_x226" xlink:to="label_eba_x226" />
    <link:loc xlink:type="locator" xlink:href="mem.xsd#eba_x227" xlink:label="loc_eba_x227" />
    <link:label xlink:type="resource" xlink:label="label_eba_x227" xml:lang="en" xlink:role="http://www.xbrl.org/2003/role/label">Secured funding</link:label>
    <link:labelArc xlink:type="arc" xlink:arcrole="http://www.xbrl.org/2003/arcrole/concept-label" xlink:from="loc_eba_x227" xlink:to="label_eba_x227" />
    <link:loc xlink:type="locator" xlink:href="mem.xsd#eba_x228" xlink:label="loc_eba_x228" />
    <link:label xlink:type="resource" xlink:label="label_eba_x228" xml:lang="en" xlink:role="http://www.xbrl.org/2003/role/label">Uncommitted funding facilities</link:label>
    <link:labelArc xlink:type="arc" xlink:arcrole="http://www.xbrl.org/2003/arcrole/concept-label" xlink:from="loc_eba_x228" xlink:to="label_eba_x228" />
    <link:loc xlink:type="locator" xlink:href="mem.xsd#eba_x229" xlink:label="loc_eba_x229" />
    <link:label xlink:type="resource" xlink:label="label_eba_x229" xml:lang="en" xlink:role="http://www.xbrl.org/2003/role/label">Excess operational deposits</link:label>
    <link:labelArc xlink:type="arc" xlink:arcrole="http://www.xbrl.org/2003/arcrole/concept-label" xlink:from="loc_eba_x229" xlink:to="label_eba_x229" />
    <link:loc xlink:type="locator" xlink:href="mem.xsd#eba_x230" xlink:label="loc_eba_x230" />
    <link:label xlink:type="resource" xlink:label="label_eba_x230" xml:lang="en" xlink:role="http://www.xbrl.org/2003/role/label">Outflows from other liabilities and due commitments</link:label>
    <link:labelArc xlink:type="arc" xlink:arcrole="http://www.xbrl.org/2003/arcrole/concept-label" xlink:from="loc_eba_x230" xlink:to="label_eba_x230" />
    <link:loc xlink:type="locator" xlink:href="mem.xsd#eba_x231" xlink:label="loc_eba_x231" />
    <link:label xlink:type="resource" xlink:label="label_eba_x231" xml:lang="en" xlink:role="http://www.xbrl.org/2003/role/label">Collateral received meets operational requirements</link:label>
    <link:labelArc xlink:type="arc" xlink:arcrole="http://www.xbrl.org/2003/arcrole/concept-label" xlink:from="loc_eba_x231" xlink:to="label_eba_x231" />
    <link:loc xlink:type="locator" xlink:href="mem.xsd#eba_x232" xlink:label="loc_eba_x232" />
    <link:label xlink:type="resource" xlink:label="label_eba_x232" xml:lang="en" xlink:role="http://www.xbrl.org/2003/role/label">Collateral swaps. Collateral swapped meets operational requirements</link:label>
    <link:labelArc xlink:type="arc" xlink:arcrole="http://www.xbrl.org/2003/arcrole/concept-label" xlink:from="loc_eba_x232" xlink:to="label_eba_x232" />
  </link:labelLink>
</link:linkbase>