﻿<?xml version="1.0" encoding="utf-8"?>
<?taxonomy-version 2.9.0.0 ?> <?taxonomy-set-overall-version 2.9.0.0 ?>
<!--(C) EBA-->
<link:linkbase xmlns:xsi="http://www.w3.org/2001/XMLSchema-instance" xmlns:xlink="http://www.w3.org/1999/xlink" xmlns:link="http://www.xbrl.org/2003/linkbase" xsi:schemaLocation="http://www.xbrl.org/2003/linkbase http://www.xbrl.org/2003/xbrl-linkbase-2003-12-31.xsd">
  <link:roleRef roleURI="http://www.eba.europa.eu/xbrl/crr/role/dict/dom/EN/EN1" xlink:type="simple" xlink:href="hier.xsd#eba_EN1" />
  <link:presentationLink xlink:type="extended" xlink:role="http://www.eba.europa.eu/xbrl/crr/role/dict/dom/EN/EN1">
    <link:loc xlink:type="locator" xlink:href="../exp.xsd#eba_EN" xlink:label="loc_eba_EN" />
    <link:loc xlink:type="locator" xlink:href="mem.xsd#eba_x100" xlink:label="loc_eba_x100" />
    <link:presentationArc xlink:type="arc" xlink:arcrole="http://www.xbrl.org/2003/arcrole/parent-child" xlink:from="loc_eba_EN" xlink:to="loc_eba_x100" order="1" />
    <link:loc xlink:type="locator" xlink:href="mem.xsd#eba_x101" xlink:label="loc_eba_x101" />
    <link:presentationArc xlink:type="arc" xlink:arcrole="http://www.xbrl.org/2003/arcrole/parent-child" xlink:from="loc_eba_EN" xlink:to="loc_eba_x101" order="2" />
    <link:loc xlink:type="locator" xlink:href="mem.xsd#eba_x102" xlink:label="loc_eba_x102" />
    <link:presentationArc xlink:type="arc" xlink:arcrole="http://www.xbrl.org/2003/arcrole/parent-child" xlink:from="loc_eba_EN" xlink:to="loc_eba_x102" order="3" />
    <link:loc xlink:type="locator" xlink:href="mem.xsd#eba_x103" xlink:label="loc_eba_x103" />
    <link:presentationArc xlink:type="arc" xlink:arcrole="http://www.xbrl.org/2003/arcrole/parent-child" xlink:from="loc_eba_EN" xlink:to="loc_eba_x103" order="4" />
    <link:loc xlink:type="locator" xlink:href="mem.xsd#eba_x104" xlink:label="loc_eba_x104" />
    <link:presentationArc xlink:type="arc" xlink:arcrole="http://www.xbrl.org/2003/arcrole/parent-child" xlink:from="loc_eba_EN" xlink:to="loc_eba_x104" order="5" />
    <link:loc xlink:type="locator" xlink:href="mem.xsd#eba_x105" xlink:label="loc_eba_x105" />
    <link:presentationArc xlink:type="arc" xlink:arcrole="http://www.xbrl.org/2003/arcrole/parent-child" xlink:from="loc_eba_EN" xlink:to="loc_eba_x105" order="6" />
    <link:loc xlink:type="locator" xlink:href="mem.xsd#eba_x106" xlink:label="loc_eba_x106" />
    <link:presentationArc xlink:type="arc" xlink:arcrole="http://www.xbrl.org/2003/arcrole/parent-child" xlink:from="loc_eba_EN" xlink:to="loc_eba_x106" order="7" />
    <link:loc xlink:type="locator" xlink:href="mem.xsd#eba_x107" xlink:label="loc_eba_x107" />
    <link:presentationArc xlink:type="arc" xlink:arcrole="http://www.xbrl.org/2003/arcrole/parent-child" xlink:from="loc_eba_EN" xlink:to="loc_eba_x107" order="8" />
    <link:loc xlink:type="locator" xlink:href="mem.xsd#eba_x108" xlink:label="loc_eba_x108" />
    <link:presentationArc xlink:type="arc" xlink:arcrole="http://www.xbrl.org/2003/arcrole/parent-child" xlink:from="loc_eba_EN" xlink:to="loc_eba_x108" order="9" />
    <link:loc xlink:type="locator" xlink:href="mem.xsd#eba_x109" xlink:label="loc_eba_x109" />
    <link:presentationArc xlink:type="arc" xlink:arcrole="http://www.xbrl.org/2003/arcrole/parent-child" xlink:from="loc_eba_EN" xlink:to="loc_eba_x109" order="10" />
    <link:loc xlink:type="locator" xlink:href="mem.xsd#eba_x110" xlink:label="loc_eba_x110" />
    <link:presentationArc xlink:type="arc" xlink:arcrole="http://www.xbrl.org/2003/arcrole/parent-child" xlink:from="loc_eba_EN" xlink:to="loc_eba_x110" order="11" />
    <link:loc xlink:type="locator" xlink:href="mem.xsd#eba_x111" xlink:label="loc_eba_x111" />
    <link:presentationArc xlink:type="arc" xlink:arcrole="http://www.xbrl.org/2003/arcrole/parent-child" xlink:from="loc_eba_EN" xlink:to="loc_eba_x111" order="12" />
    <link:loc xlink:type="locator" xlink:href="mem.xsd#eba_x112" xlink:label="loc_eba_x112" />
    <link:presentationArc xlink:type="arc" xlink:arcrole="http://www.xbrl.org/2003/arcrole/parent-child" xlink:from="loc_eba_EN" xlink:to="loc_eba_x112" order="13" />
    <link:loc xlink:type="locator" xlink:href="mem.xsd#eba_x113" xlink:label="loc_eba_x113" />
    <link:presentationArc xlink:type="arc" xlink:arcrole="http://www.xbrl.org/2003/arcrole/parent-child" xlink:from="loc_eba_EN" xlink:to="loc_eba_x113" order="14" />
    <link:loc xlink:type="locator" xlink:href="mem.xsd#eba_x114" xlink:label="loc_eba_x114" />
    <link:presentationArc xlink:type="arc" xlink:arcrole="http://www.xbrl.org/2003/arcrole/parent-child" xlink:from="loc_eba_EN" xlink:to="loc_eba_x114" order="15" />
    <link:loc xlink:type="locator" xlink:href="mem.xsd#eba_x115" xlink:label="loc_eba_x115" />
    <link:presentationArc xlink:type="arc" xlink:arcrole="http://www.xbrl.org/2003/arcrole/parent-child" xlink:from="loc_eba_EN" xlink:to="loc_eba_x115" order="16" />
    <link:loc xlink:type="locator" xlink:href="mem.xsd#eba_x116" xlink:label="loc_eba_x116" />
    <link:presentationArc xlink:type="arc" xlink:arcrole="http://www.xbrl.org/2003/arcrole/parent-child" xlink:from="loc_eba_EN" xlink:to="loc_eba_x116" order="17" />
    <link:loc xlink:type="locator" xlink:href="mem.xsd#eba_x117" xlink:label="loc_eba_x117" />
    <link:presentationArc xlink:type="arc" xlink:arcrole="http://www.xbrl.org/2003/arcrole/parent-child" xlink:from="loc_eba_EN" xlink:to="loc_eba_x117" order="18" />
    <link:loc xlink:type="locator" xlink:href="mem.xsd#eba_x118" xlink:label="loc_eba_x118" />
    <link:presentationArc xlink:type="arc" xlink:arcrole="http://www.xbrl.org/2003/arcrole/parent-child" xlink:from="loc_eba_EN" xlink:to="loc_eba_x118" order="19" />
    <link:loc xlink:type="locator" xlink:href="mem.xsd#eba_x119" xlink:label="loc_eba_x119" />
    <link:presentationArc xlink:type="arc" xlink:arcrole="http://www.xbrl.org/2003/arcrole/parent-child" xlink:from="loc_eba_EN" xlink:to="loc_eba_x119" order="20" />
    <link:loc xlink:type="locator" xlink:href="mem.xsd#eba_x120" xlink:label="loc_eba_x120" />
    <link:presentationArc xlink:type="arc" xlink:arcrole="http://www.xbrl.org/2003/arcrole/parent-child" xlink:from="loc_eba_EN" xlink:to="loc_eba_x120" order="21" />
    <link:loc xlink:type="locator" xlink:href="mem.xsd#eba_x121" xlink:label="loc_eba_x121" />
    <link:presentationArc xlink:type="arc" xlink:arcrole="http://www.xbrl.org/2003/arcrole/parent-child" xlink:from="loc_eba_EN" xlink:to="loc_eba_x121" order="22" />
    <link:loc xlink:type="locator" xlink:href="mem.xsd#eba_x122" xlink:label="loc_eba_x122" />
    <link:presentationArc xlink:type="arc" xlink:arcrole="http://www.xbrl.org/2003/arcrole/parent-child" xlink:from="loc_eba_EN" xlink:to="loc_eba_x122" order="23" />
    <link:loc xlink:type="locator" xlink:href="mem.xsd#eba_x123" xlink:label="loc_eba_x123" />
    <link:presentationArc xlink:type="arc" xlink:arcrole="http://www.xbrl.org/2003/arcrole/parent-child" xlink:from="loc_eba_EN" xlink:to="loc_eba_x123" order="24" />
    <link:loc xlink:type="locator" xlink:href="mem.xsd#eba_x124" xlink:label="loc_eba_x124" />
    <link:presentationArc xlink:type="arc" xlink:arcrole="http://www.xbrl.org/2003/arcrole/parent-child" xlink:from="loc_eba_EN" xlink:to="loc_eba_x124" order="25" />
    <link:loc xlink:type="locator" xlink:href="mem.xsd#eba_x125" xlink:label="loc_eba_x125" />
    <link:presentationArc xlink:type="arc" xlink:arcrole="http://www.xbrl.org/2003/arcrole/parent-child" xlink:from="loc_eba_EN" xlink:to="loc_eba_x125" order="26" />
    <link:loc xlink:type="locator" xlink:href="mem.xsd#eba_x126" xlink:label="loc_eba_x126" />
    <link:presentationArc xlink:type="arc" xlink:arcrole="http://www.xbrl.org/2003/arcrole/parent-child" xlink:from="loc_eba_EN" xlink:to="loc_eba_x126" order="27" />
    <link:loc xlink:type="locator" xlink:href="mem.xsd#eba_x127" xlink:label="loc_eba_x127" />
    <link:presentationArc xlink:type="arc" xlink:arcrole="http://www.xbrl.org/2003/arcrole/parent-child" xlink:from="loc_eba_EN" xlink:to="loc_eba_x127" order="28" />
    <link:loc xlink:type="locator" xlink:href="mem.xsd#eba_x128" xlink:label="loc_eba_x128" />
    <link:presentationArc xlink:type="arc" xlink:arcrole="http://www.xbrl.org/2003/arcrole/parent-child" xlink:from="loc_eba_EN" xlink:to="loc_eba_x128" order="29" />
    <link:loc xlink:type="locator" xlink:href="mem.xsd#eba_x129" xlink:label="loc_eba_x129" />
    <link:presentationArc xlink:type="arc" xlink:arcrole="http://www.xbrl.org/2003/arcrole/parent-child" xlink:from="loc_eba_EN" xlink:to="loc_eba_x129" order="30" />
    <link:loc xlink:type="locator" xlink:href="mem.xsd#eba_x130" xlink:label="loc_eba_x130" />
    <link:presentationArc xlink:type="arc" xlink:arcrole="http://www.xbrl.org/2003/arcrole/parent-child" xlink:from="loc_eba_EN" xlink:to="loc_eba_x130" order="31" />
    <link:loc xlink:type="locator" xlink:href="mem.xsd#eba_x131" xlink:label="loc_eba_x131" />
    <link:presentationArc xlink:type="arc" xlink:arcrole="http://www.xbrl.org/2003/arcrole/parent-child" xlink:from="loc_eba_EN" xlink:to="loc_eba_x131" order="32" />
    <link:loc xlink:type="locator" xlink:href="mem.xsd#eba_x132" xlink:label="loc_eba_x132" />
    <link:presentationArc xlink:type="arc" xlink:arcrole="http://www.xbrl.org/2003/arcrole/parent-child" xlink:from="loc_eba_EN" xlink:to="loc_eba_x132" order="33" />
    <link:loc xlink:type="locator" xlink:href="mem.xsd#eba_x133" xlink:label="loc_eba_x133" />
    <link:presentationArc xlink:type="arc" xlink:arcrole="http://www.xbrl.org/2003/arcrole/parent-child" xlink:from="loc_eba_EN" xlink:to="loc_eba_x133" order="34" />
    <link:loc xlink:type="locator" xlink:href="mem.xsd#eba_x134" xlink:label="loc_eba_x134" />
    <link:presentationArc xlink:type="arc" xlink:arcrole="http://www.xbrl.org/2003/arcrole/parent-child" xlink:from="loc_eba_EN" xlink:to="loc_eba_x134" order="35" />
    <link:loc xlink:type="locator" xlink:href="mem.xsd#eba_x135" xlink:label="loc_eba_x135" />
    <link:presentationArc xlink:type="arc" xlink:arcrole="http://www.xbrl.org/2003/arcrole/parent-child" xlink:from="loc_eba_EN" xlink:to="loc_eba_x135" order="36" />
    <link:loc xlink:type="locator" xlink:href="mem.xsd#eba_x136" xlink:label="loc_eba_x136" />
    <link:presentationArc xlink:type="arc" xlink:arcrole="http://www.xbrl.org/2003/arcrole/parent-child" xlink:from="loc_eba_EN" xlink:to="loc_eba_x136" order="37" />
    <link:loc xlink:type="locator" xlink:href="mem.xsd#eba_x137" xlink:label="loc_eba_x137" />
    <link:presentationArc xlink:type="arc" xlink:arcrole="http://www.xbrl.org/2003/arcrole/parent-child" xlink:from="loc_eba_EN" xlink:to="loc_eba_x137" order="38" />
    <link:loc xlink:type="locator" xlink:href="mem.xsd#eba_x138" xlink:label="loc_eba_x138" />
    <link:presentationArc xlink:type="arc" xlink:arcrole="http://www.xbrl.org/2003/arcrole/parent-child" xlink:from="loc_eba_EN" xlink:to="loc_eba_x138" order="39" />
    <link:loc xlink:type="locator" xlink:href="mem.xsd#eba_x139" xlink:label="loc_eba_x139" />
    <link:presentationArc xlink:type="arc" xlink:arcrole="http://www.xbrl.org/2003/arcrole/parent-child" xlink:from="loc_eba_EN" xlink:to="loc_eba_x139" order="40" />
    <link:loc xlink:type="locator" xlink:href="mem.xsd#eba_x140" xlink:label="loc_eba_x140" />
    <link:presentationArc xlink:type="arc" xlink:arcrole="http://www.xbrl.org/2003/arcrole/parent-child" xlink:from="loc_eba_EN" xlink:to="loc_eba_x140" order="41" />
    <link:loc xlink:type="locator" xlink:href="mem.xsd#eba_x141" xlink:label="loc_eba_x141" />
    <link:presentationArc xlink:type="arc" xlink:arcrole="http://www.xbrl.org/2003/arcrole/parent-child" xlink:from="loc_eba_EN" xlink:to="loc_eba_x141" order="42" />
    <link:loc xlink:type="locator" xlink:href="mem.xsd#eba_x142" xlink:label="loc_eba_x142" />
    <link:presentationArc xlink:type="arc" xlink:arcrole="http://www.xbrl.org/2003/arcrole/parent-child" xlink:from="loc_eba_EN" xlink:to="loc_eba_x142" order="43" />
    <link:loc xlink:type="locator" xlink:href="mem.xsd#eba_x143" xlink:label="loc_eba_x143" />
    <link:presentationArc xlink:type="arc" xlink:arcrole="http://www.xbrl.org/2003/arcrole/parent-child" xlink:from="loc_eba_EN" xlink:to="loc_eba_x143" order="44" />
    <link:loc xlink:type="locator" xlink:href="mem.xsd#eba_x144" xlink:label="loc_eba_x144" />
    <link:presentationArc xlink:type="arc" xlink:arcrole="http://www.xbrl.org/2003/arcrole/parent-child" xlink:from="loc_eba_EN" xlink:to="loc_eba_x144" order="45" />
    <link:loc xlink:type="locator" xlink:href="mem.xsd#eba_x145" xlink:label="loc_eba_x145" />
    <link:presentationArc xlink:type="arc" xlink:arcrole="http://www.xbrl.org/2003/arcrole/parent-child" xlink:from="loc_eba_EN" xlink:to="loc_eba_x145" order="46" />
    <link:loc xlink:type="locator" xlink:href="mem.xsd#eba_x146" xlink:label="loc_eba_x146" />
    <link:presentationArc xlink:type="arc" xlink:arcrole="http://www.xbrl.org/2003/arcrole/parent-child" xlink:from="loc_eba_EN" xlink:to="loc_eba_x146" order="47" />
    <link:loc xlink:type="locator" xlink:href="mem.xsd#eba_x147" xlink:label="loc_eba_x147" />
    <link:presentationArc xlink:type="arc" xlink:arcrole="http://www.xbrl.org/2003/arcrole/parent-child" xlink:from="loc_eba_EN" xlink:to="loc_eba_x147" order="48" />
    <link:loc xlink:type="locator" xlink:href="mem.xsd#eba_x148" xlink:label="loc_eba_x148" />
    <link:presentationArc xlink:type="arc" xlink:arcrole="http://www.xbrl.org/2003/arcrole/parent-child" xlink:from="loc_eba_EN" xlink:to="loc_eba_x148" order="49" />
    <link:loc xlink:type="locator" xlink:href="mem.xsd#eba_x149" xlink:label="loc_eba_x149" />
    <link:presentationArc xlink:type="arc" xlink:arcrole="http://www.xbrl.org/2003/arcrole/parent-child" xlink:from="loc_eba_EN" xlink:to="loc_eba_x149" order="50" />
    <link:loc xlink:type="locator" xlink:href="mem.xsd#eba_x150" xlink:label="loc_eba_x150" />
    <link:presentationArc xlink:type="arc" xlink:arcrole="http://www.xbrl.org/2003/arcrole/parent-child" xlink:from="loc_eba_EN" xlink:to="loc_eba_x150" order="51" />
    <link:loc xlink:type="locator" xlink:href="mem.xsd#eba_x151" xlink:label="loc_eba_x151" />
    <link:presentationArc xlink:type="arc" xlink:arcrole="http://www.xbrl.org/2003/arcrole/parent-child" xlink:from="loc_eba_EN" xlink:to="loc_eba_x151" order="52" />
    <link:loc xlink:type="locator" xlink:href="mem.xsd#eba_x152" xlink:label="loc_eba_x152" />
    <link:presentationArc xlink:type="arc" xlink:arcrole="http://www.xbrl.org/2003/arcrole/parent-child" xlink:from="loc_eba_EN" xlink:to="loc_eba_x152" order="53" />
    <link:loc xlink:type="locator" xlink:href="mem.xsd#eba_x153" xlink:label="loc_eba_x153" />
    <link:presentationArc xlink:type="arc" xlink:arcrole="http://www.xbrl.org/2003/arcrole/parent-child" xlink:from="loc_eba_EN" xlink:to="loc_eba_x153" order="54" />
    <link:loc xlink:type="locator" xlink:href="mem.xsd#eba_x154" xlink:label="loc_eba_x154" />
    <link:presentationArc xlink:type="arc" xlink:arcrole="http://www.xbrl.org/2003/arcrole/parent-child" xlink:from="loc_eba_EN" xlink:to="loc_eba_x154" order="55" />
    <link:loc xlink:type="locator" xlink:href="mem.xsd#eba_x155" xlink:label="loc_eba_x155" />
    <link:presentationArc xlink:type="arc" xlink:arcrole="http://www.xbrl.org/2003/arcrole/parent-child" xlink:from="loc_eba_EN" xlink:to="loc_eba_x155" order="56" />
    <link:loc xlink:type="locator" xlink:href="mem.xsd#eba_x156" xlink:label="loc_eba_x156" />
    <link:presentationArc xlink:type="arc" xlink:arcrole="http://www.xbrl.org/2003/arcrole/parent-child" xlink:from="loc_eba_EN" xlink:to="loc_eba_x156" order="57" />
    <link:loc xlink:type="locator" xlink:href="mem.xsd#eba_x157" xlink:label="loc_eba_x157" />
    <link:presentationArc xlink:type="arc" xlink:arcrole="http://www.xbrl.org/2003/arcrole/parent-child" xlink:from="loc_eba_EN" xlink:to="loc_eba_x157" order="58" />
    <link:loc xlink:type="locator" xlink:href="mem.xsd#eba_x158" xlink:label="loc_eba_x158" />
    <link:presentationArc xlink:type="arc" xlink:arcrole="http://www.xbrl.org/2003/arcrole/parent-child" xlink:from="loc_eba_EN" xlink:to="loc_eba_x158" order="59" />
    <link:loc xlink:type="locator" xlink:href="mem.xsd#eba_x159" xlink:label="loc_eba_x159" />
    <link:presentationArc xlink:type="arc" xlink:arcrole="http://www.xbrl.org/2003/arcrole/parent-child" xlink:from="loc_eba_EN" xlink:to="loc_eba_x159" order="60" />
    <link:loc xlink:type="locator" xlink:href="mem.xsd#eba_x160" xlink:label="loc_eba_x160" />
    <link:presentationArc xlink:type="arc" xlink:arcrole="http://www.xbrl.org/2003/arcrole/parent-child" xlink:from="loc_eba_EN" xlink:to="loc_eba_x160" order="61" />
    <link:loc xlink:type="locator" xlink:href="mem.xsd#eba_x161" xlink:label="loc_eba_x161" />
    <link:presentationArc xlink:type="arc" xlink:arcrole="http://www.xbrl.org/2003/arcrole/parent-child" xlink:from="loc_eba_EN" xlink:to="loc_eba_x161" order="62" />
    <link:loc xlink:type="locator" xlink:href="mem.xsd#eba_x162" xlink:label="loc_eba_x162" />
    <link:presentationArc xlink:type="arc" xlink:arcrole="http://www.xbrl.org/2003/arcrole/parent-child" xlink:from="loc_eba_EN" xlink:to="loc_eba_x162" order="63" />
    <link:loc xlink:type="locator" xlink:href="mem.xsd#eba_x163" xlink:label="loc_eba_x163" />
    <link:presentationArc xlink:type="arc" xlink:arcrole="http://www.xbrl.org/2003/arcrole/parent-child" xlink:from="loc_eba_EN" xlink:to="loc_eba_x163" order="64" />
    <link:loc xlink:type="locator" xlink:href="mem.xsd#eba_x164" xlink:label="loc_eba_x164" />
    <link:presentationArc xlink:type="arc" xlink:arcrole="http://www.xbrl.org/2003/arcrole/parent-child" xlink:from="loc_eba_EN" xlink:to="loc_eba_x164" order="65" />
    <link:loc xlink:type="locator" xlink:href="mem.xsd#eba_x165" xlink:label="loc_eba_x165" />
    <link:presentationArc xlink:type="arc" xlink:arcrole="http://www.xbrl.org/2003/arcrole/parent-child" xlink:from="loc_eba_EN" xlink:to="loc_eba_x165" order="66" />
    <link:loc xlink:type="locator" xlink:href="mem.xsd#eba_x166" xlink:label="loc_eba_x166" />
    <link:presentationArc xlink:type="arc" xlink:arcrole="http://www.xbrl.org/2003/arcrole/parent-child" xlink:from="loc_eba_EN" xlink:to="loc_eba_x166" order="67" />
    <link:loc xlink:type="locator" xlink:href="mem.xsd#eba_x167" xlink:label="loc_eba_x167" />
    <link:presentationArc xlink:type="arc" xlink:arcrole="http://www.xbrl.org/2003/arcrole/parent-child" xlink:from="loc_eba_EN" xlink:to="loc_eba_x167" order="68" />
    <link:loc xlink:type="locator" xlink:href="mem.xsd#eba_x168" xlink:label="loc_eba_x168" />
    <link:presentationArc xlink:type="arc" xlink:arcrole="http://www.xbrl.org/2003/arcrole/parent-child" xlink:from="loc_eba_EN" xlink:to="loc_eba_x168" order="69" />
    <link:loc xlink:type="locator" xlink:href="mem.xsd#eba_x169" xlink:label="loc_eba_x169" />
    <link:presentationArc xlink:type="arc" xlink:arcrole="http://www.xbrl.org/2003/arcrole/parent-child" xlink:from="loc_eba_EN" xlink:to="loc_eba_x169" order="70" />
    <link:loc xlink:type="locator" xlink:href="mem.xsd#eba_x170" xlink:label="loc_eba_x170" />
    <link:presentationArc xlink:type="arc" xlink:arcrole="http://www.xbrl.org/2003/arcrole/parent-child" xlink:from="loc_eba_EN" xlink:to="loc_eba_x170" order="71" />
    <link:loc xlink:type="locator" xlink:href="mem.xsd#eba_x171" xlink:label="loc_eba_x171" />
    <link:presentationArc xlink:type="arc" xlink:arcrole="http://www.xbrl.org/2003/arcrole/parent-child" xlink:from="loc_eba_EN" xlink:to="loc_eba_x171" order="72" />
    <link:loc xlink:type="locator" xlink:href="mem.xsd#eba_x172" xlink:label="loc_eba_x172" />
    <link:presentationArc xlink:type="arc" xlink:arcrole="http://www.xbrl.org/2003/arcrole/parent-child" xlink:from="loc_eba_EN" xlink:to="loc_eba_x172" order="73" />
    <link:loc xlink:type="locator" xlink:href="mem.xsd#eba_x173" xlink:label="loc_eba_x173" />
    <link:presentationArc xlink:type="arc" xlink:arcrole="http://www.xbrl.org/2003/arcrole/parent-child" xlink:from="loc_eba_EN" xlink:to="loc_eba_x173" order="74" />
    <link:loc xlink:type="locator" xlink:href="mem.xsd#eba_x174" xlink:label="loc_eba_x174" />
    <link:presentationArc xlink:type="arc" xlink:arcrole="http://www.xbrl.org/2003/arcrole/parent-child" xlink:from="loc_eba_EN" xlink:to="loc_eba_x174" order="75" />
    <link:loc xlink:type="locator" xlink:href="mem.xsd#eba_x175" xlink:label="loc_eba_x175" />
    <link:presentationArc xlink:type="arc" xlink:arcrole="http://www.xbrl.org/2003/arcrole/parent-child" xlink:from="loc_eba_EN" xlink:to="loc_eba_x175" order="76" />
    <link:loc xlink:type="locator" xlink:href="mem.xsd#eba_x176" xlink:label="loc_eba_x176" />
    <link:presentationArc xlink:type="arc" xlink:arcrole="http://www.xbrl.org/2003/arcrole/parent-child" xlink:from="loc_eba_EN" xlink:to="loc_eba_x176" order="77" />
    <link:loc xlink:type="locator" xlink:href="mem.xsd#eba_x177" xlink:label="loc_eba_x177" />
    <link:presentationArc xlink:type="arc" xlink:arcrole="http://www.xbrl.org/2003/arcrole/parent-child" xlink:from="loc_eba_EN" xlink:to="loc_eba_x177" order="78" />
    <link:loc xlink:type="locator" xlink:href="mem.xsd#eba_x178" xlink:label="loc_eba_x178" />
    <link:presentationArc xlink:type="arc" xlink:arcrole="http://www.xbrl.org/2003/arcrole/parent-child" xlink:from="loc_eba_EN" xlink:to="loc_eba_x178" order="79" />
    <link:loc xlink:type="locator" xlink:href="mem.xsd#eba_x179" xlink:label="loc_eba_x179" />
    <link:presentationArc xlink:type="arc" xlink:arcrole="http://www.xbrl.org/2003/arcrole/parent-child" xlink:from="loc_eba_EN" xlink:to="loc_eba_x179" order="80" />
    <link:loc xlink:type="locator" xlink:href="mem.xsd#eba_x180" xlink:label="loc_eba_x180" />
    <link:presentationArc xlink:type="arc" xlink:arcrole="http://www.xbrl.org/2003/arcrole/parent-child" xlink:from="loc_eba_EN" xlink:to="loc_eba_x180" order="81" />
    <link:loc xlink:type="locator" xlink:href="mem.xsd#eba_x181" xlink:label="loc_eba_x181" />
    <link:presentationArc xlink:type="arc" xlink:arcrole="http://www.xbrl.org/2003/arcrole/parent-child" xlink:from="loc_eba_EN" xlink:to="loc_eba_x181" order="82" />
    <link:loc xlink:type="locator" xlink:href="mem.xsd#eba_x182" xlink:label="loc_eba_x182" />
    <link:presentationArc xlink:type="arc" xlink:arcrole="http://www.xbrl.org/2003/arcrole/parent-child" xlink:from="loc_eba_EN" xlink:to="loc_eba_x182" order="83" />
    <link:loc xlink:type="locator" xlink:href="mem.xsd#eba_x183" xlink:label="loc_eba_x183" />
    <link:presentationArc xlink:type="arc" xlink:arcrole="http://www.xbrl.org/2003/arcrole/parent-child" xlink:from="loc_eba_EN" xlink:to="loc_eba_x183" order="84" />
    <link:loc xlink:type="locator" xlink:href="mem.xsd#eba_x184" xlink:label="loc_eba_x184" />
    <link:presentationArc xlink:type="arc" xlink:arcrole="http://www.xbrl.org/2003/arcrole/parent-child" xlink:from="loc_eba_EN" xlink:to="loc_eba_x184" order="85" />
    <link:loc xlink:type="locator" xlink:href="mem.xsd#eba_x185" xlink:label="loc_eba_x185" />
    <link:presentationArc xlink:type="arc" xlink:arcrole="http://www.xbrl.org/2003/arcrole/parent-child" xlink:from="loc_eba_EN" xlink:to="loc_eba_x185" order="86" />
    <link:loc xlink:type="locator" xlink:href="mem.xsd#eba_x186" xlink:label="loc_eba_x186" />
    <link:presentationArc xlink:type="arc" xlink:arcrole="http://www.xbrl.org/2003/arcrole/parent-child" xlink:from="loc_eba_EN" xlink:to="loc_eba_x186" order="87" />
    <link:loc xlink:type="locator" xlink:href="mem.xsd#eba_x187" xlink:label="loc_eba_x187" />
    <link:presentationArc xlink:type="arc" xlink:arcrole="http://www.xbrl.org/2003/arcrole/parent-child" xlink:from="loc_eba_EN" xlink:to="loc_eba_x187" order="88" />
    <link:loc xlink:type="locator" xlink:href="mem.xsd#eba_x188" xlink:label="loc_eba_x188" />
    <link:presentationArc xlink:type="arc" xlink:arcrole="http://www.xbrl.org/2003/arcrole/parent-child" xlink:from="loc_eba_EN" xlink:to="loc_eba_x188" order="89" />
    <link:loc xlink:type="locator" xlink:href="mem.xsd#eba_x189" xlink:label="loc_eba_x189" />
    <link:presentationArc xlink:type="arc" xlink:arcrole="http://www.xbrl.org/2003/arcrole/parent-child" xlink:from="loc_eba_EN" xlink:to="loc_eba_x189" order="90" />
    <link:loc xlink:type="locator" xlink:href="mem.xsd#eba_x190" xlink:label="loc_eba_x190" />
    <link:presentationArc xlink:type="arc" xlink:arcrole="http://www.xbrl.org/2003/arcrole/parent-child" xlink:from="loc_eba_EN" xlink:to="loc_eba_x190" order="91" />
    <link:loc xlink:type="locator" xlink:href="mem.xsd#eba_x191" xlink:label="loc_eba_x191" />
    <link:presentationArc xlink:type="arc" xlink:arcrole="http://www.xbrl.org/2003/arcrole/parent-child" xlink:from="loc_eba_EN" xlink:to="loc_eba_x191" order="92" />
    <link:loc xlink:type="locator" xlink:href="mem.xsd#eba_x192" xlink:label="loc_eba_x192" />
    <link:presentationArc xlink:type="arc" xlink:arcrole="http://www.xbrl.org/2003/arcrole/parent-child" xlink:from="loc_eba_EN" xlink:to="loc_eba_x192" order="93" />
    <link:loc xlink:type="locator" xlink:href="mem.xsd#eba_x193" xlink:label="loc_eba_x193" />
    <link:presentationArc xlink:type="arc" xlink:arcrole="http://www.xbrl.org/2003/arcrole/parent-child" xlink:from="loc_eba_EN" xlink:to="loc_eba_x193" order="94" />
    <link:loc xlink:type="locator" xlink:href="mem.xsd#eba_x194" xlink:label="loc_eba_x194" />
    <link:presentationArc xlink:type="arc" xlink:arcrole="http://www.xbrl.org/2003/arcrole/parent-child" xlink:from="loc_eba_EN" xlink:to="loc_eba_x194" order="95" />
    <link:loc xlink:type="locator" xlink:href="mem.xsd#eba_x195" xlink:label="loc_eba_x195" />
    <link:presentationArc xlink:type="arc" xlink:arcrole="http://www.xbrl.org/2003/arcrole/parent-child" xlink:from="loc_eba_EN" xlink:to="loc_eba_x195" order="96" />
    <link:loc xlink:type="locator" xlink:href="mem.xsd#eba_x196" xlink:label="loc_eba_x196" />
    <link:presentationArc xlink:type="arc" xlink:arcrole="http://www.xbrl.org/2003/arcrole/parent-child" xlink:from="loc_eba_EN" xlink:to="loc_eba_x196" order="97" />
    <link:loc xlink:type="locator" xlink:href="mem.xsd#eba_x197" xlink:label="loc_eba_x197" />
    <link:presentationArc xlink:type="arc" xlink:arcrole="http://www.xbrl.org/2003/arcrole/parent-child" xlink:from="loc_eba_EN" xlink:to="loc_eba_x197" order="98" />
    <link:loc xlink:type="locator" xlink:href="mem.xsd#eba_x198" xlink:label="loc_eba_x198" />
    <link:presentationArc xlink:type="arc" xlink:arcrole="http://www.xbrl.org/2003/arcrole/parent-child" xlink:from="loc_eba_EN" xlink:to="loc_eba_x198" order="99" />
    <link:loc xlink:type="locator" xlink:href="mem.xsd#eba_x199" xlink:label="loc_eba_x199" />
    <link:presentationArc xlink:type="arc" xlink:arcrole="http://www.xbrl.org/2003/arcrole/parent-child" xlink:from="loc_eba_EN" xlink:to="loc_eba_x199" order="100" />
    <link:loc xlink:type="locator" xlink:href="mem.xsd#eba_x200" xlink:label="loc_eba_x200" />
    <link:presentationArc xlink:type="arc" xlink:arcrole="http://www.xbrl.org/2003/arcrole/parent-child" xlink:from="loc_eba_EN" xlink:to="loc_eba_x200" order="101" />
    <link:loc xlink:type="locator" xlink:href="mem.xsd#eba_x201" xlink:label="loc_eba_x201" />
    <link:presentationArc xlink:type="arc" xlink:arcrole="http://www.xbrl.org/2003/arcrole/parent-child" xlink:from="loc_eba_EN" xlink:to="loc_eba_x201" order="102" />
    <link:loc xlink:type="locator" xlink:href="mem.xsd#eba_x202" xlink:label="loc_eba_x202" />
    <link:presentationArc xlink:type="arc" xlink:arcrole="http://www.xbrl.org/2003/arcrole/parent-child" xlink:from="loc_eba_EN" xlink:to="loc_eba_x202" order="103" />
    <link:loc xlink:type="locator" xlink:href="mem.xsd#eba_x203" xlink:label="loc_eba_x203" />
    <link:presentationArc xlink:type="arc" xlink:arcrole="http://www.xbrl.org/2003/arcrole/parent-child" xlink:from="loc_eba_EN" xlink:to="loc_eba_x203" order="104" />
    <link:loc xlink:type="locator" xlink:href="mem.xsd#eba_x204" xlink:label="loc_eba_x204" />
    <link:presentationArc xlink:type="arc" xlink:arcrole="http://www.xbrl.org/2003/arcrole/parent-child" xlink:from="loc_eba_EN" xlink:to="loc_eba_x204" order="105" />
    <link:loc xlink:type="locator" xlink:href="mem.xsd#eba_x205" xlink:label="loc_eba_x205" />
    <link:presentationArc xlink:type="arc" xlink:arcrole="http://www.xbrl.org/2003/arcrole/parent-child" xlink:from="loc_eba_EN" xlink:to="loc_eba_x205" order="106" />
    <link:loc xlink:type="locator" xlink:href="mem.xsd#eba_x206" xlink:label="loc_eba_x206" />
    <link:presentationArc xlink:type="arc" xlink:arcrole="http://www.xbrl.org/2003/arcrole/parent-child" xlink:from="loc_eba_EN" xlink:to="loc_eba_x206" order="107" />
    <link:loc xlink:type="locator" xlink:href="mem.xsd#eba_x207" xlink:label="loc_eba_x207" />
    <link:presentationArc xlink:type="arc" xlink:arcrole="http://www.xbrl.org/2003/arcrole/parent-child" xlink:from="loc_eba_EN" xlink:to="loc_eba_x207" order="108" />
    <link:loc xlink:type="locator" xlink:href="mem.xsd#eba_x208" xlink:label="loc_eba_x208" />
    <link:presentationArc xlink:type="arc" xlink:arcrole="http://www.xbrl.org/2003/arcrole/parent-child" xlink:from="loc_eba_EN" xlink:to="loc_eba_x208" order="109" />
    <link:loc xlink:type="locator" xlink:href="mem.xsd#eba_x209" xlink:label="loc_eba_x209" />
    <link:presentationArc xlink:type="arc" xlink:arcrole="http://www.xbrl.org/2003/arcrole/parent-child" xlink:from="loc_eba_EN" xlink:to="loc_eba_x209" order="110" />
    <link:loc xlink:type="locator" xlink:href="mem.xsd#eba_x210" xlink:label="loc_eba_x210" />
    <link:presentationArc xlink:type="arc" xlink:arcrole="http://www.xbrl.org/2003/arcrole/parent-child" xlink:from="loc_eba_EN" xlink:to="loc_eba_x210" order="111" />
    <link:loc xlink:type="locator" xlink:href="mem.xsd#eba_x211" xlink:label="loc_eba_x211" />
    <link:presentationArc xlink:type="arc" xlink:arcrole="http://www.xbrl.org/2003/arcrole/parent-child" xlink:from="loc_eba_EN" xlink:to="loc_eba_x211" order="112" />
    <link:loc xlink:type="locator" xlink:href="mem.xsd#eba_x212" xlink:label="loc_eba_x212" />
    <link:presentationArc xlink:type="arc" xlink:arcrole="http://www.xbrl.org/2003/arcrole/parent-child" xlink:from="loc_eba_EN" xlink:to="loc_eba_x212" order="113" />
    <link:loc xlink:type="locator" xlink:href="mem.xsd#eba_x213" xlink:label="loc_eba_x213" />
    <link:presentationArc xlink:type="arc" xlink:arcrole="http://www.xbrl.org/2003/arcrole/parent-child" xlink:from="loc_eba_EN" xlink:to="loc_eba_x213" order="114" />
    <link:loc xlink:type="locator" xlink:href="mem.xsd#eba_x214" xlink:label="loc_eba_x214" />
    <link:presentationArc xlink:type="arc" xlink:arcrole="http://www.xbrl.org/2003/arcrole/parent-child" xlink:from="loc_eba_EN" xlink:to="loc_eba_x214" order="115" />
    <link:loc xlink:type="locator" xlink:href="mem.xsd#eba_x215" xlink:label="loc_eba_x215" />
    <link:presentationArc xlink:type="arc" xlink:arcrole="http://www.xbrl.org/2003/arcrole/parent-child" xlink:from="loc_eba_EN" xlink:to="loc_eba_x215" order="116" />
    <link:loc xlink:type="locator" xlink:href="mem.xsd#eba_x216" xlink:label="loc_eba_x216" />
    <link:presentationArc xlink:type="arc" xlink:arcrole="http://www.xbrl.org/2003/arcrole/parent-child" xlink:from="loc_eba_EN" xlink:to="loc_eba_x216" order="117" />
    <link:loc xlink:type="locator" xlink:href="mem.xsd#eba_x217" xlink:label="loc_eba_x217" />
    <link:presentationArc xlink:type="arc" xlink:arcrole="http://www.xbrl.org/2003/arcrole/parent-child" xlink:from="loc_eba_EN" xlink:to="loc_eba_x217" order="118" />
    <link:loc xlink:type="locator" xlink:href="mem.xsd#eba_x218" xlink:label="loc_eba_x218" />
    <link:presentationArc xlink:type="arc" xlink:arcrole="http://www.xbrl.org/2003/arcrole/parent-child" xlink:from="loc_eba_EN" xlink:to="loc_eba_x218" order="119" />
    <link:loc xlink:type="locator" xlink:href="mem.xsd#eba_x219" xlink:label="loc_eba_x219" />
    <link:presentationArc xlink:type="arc" xlink:arcrole="http://www.xbrl.org/2003/arcrole/parent-child" xlink:from="loc_eba_EN" xlink:to="loc_eba_x219" order="120" />
    <link:loc xlink:type="locator" xlink:href="mem.xsd#eba_x220" xlink:label="loc_eba_x220" />
    <link:presentationArc xlink:type="arc" xlink:arcrole="http://www.xbrl.org/2003/arcrole/parent-child" xlink:from="loc_eba_EN" xlink:to="loc_eba_x220" order="121" />
    <link:loc xlink:type="locator" xlink:href="mem.xsd#eba_x221" xlink:label="loc_eba_x221" />
    <link:presentationArc xlink:type="arc" xlink:arcrole="http://www.xbrl.org/2003/arcrole/parent-child" xlink:from="loc_eba_EN" xlink:to="loc_eba_x221" order="122" />
    <link:loc xlink:type="locator" xlink:href="mem.xsd#eba_x222" xlink:label="loc_eba_x222" />
    <link:presentationArc xlink:type="arc" xlink:arcrole="http://www.xbrl.org/2003/arcrole/parent-child" xlink:from="loc_eba_EN" xlink:to="loc_eba_x222" order="123" />
    <link:loc xlink:type="locator" xlink:href="mem.xsd#eba_x223" xlink:label="loc_eba_x223" />
    <link:presentationArc xlink:type="arc" xlink:arcrole="http://www.xbrl.org/2003/arcrole/parent-child" xlink:from="loc_eba_EN" xlink:to="loc_eba_x223" order="124" />
    <link:loc xlink:type="locator" xlink:href="mem.xsd#eba_x224" xlink:label="loc_eba_x224" />
    <link:presentationArc xlink:type="arc" xlink:arcrole="http://www.xbrl.org/2003/arcrole/parent-child" xlink:from="loc_eba_EN" xlink:to="loc_eba_x224" order="125" />
    <link:loc xlink:type="locator" xlink:href="mem.xsd#eba_x225" xlink:label="loc_eba_x225" />
    <link:presentationArc xlink:type="arc" xlink:arcrole="http://www.xbrl.org/2003/arcrole/parent-child" xlink:from="loc_eba_EN" xlink:to="loc_eba_x225" order="126" />
    <link:loc xlink:type="locator" xlink:href="mem.xsd#eba_x226" xlink:label="loc_eba_x226" />
    <link:presentationArc xlink:type="arc" xlink:arcrole="http://www.xbrl.org/2003/arcrole/parent-child" xlink:from="loc_eba_EN" xlink:to="loc_eba_x226" order="127" />
    <link:loc xlink:type="locator" xlink:href="mem.xsd#eba_x227" xlink:label="loc_eba_x227" />
    <link:presentationArc xlink:type="arc" xlink:arcrole="http://www.xbrl.org/2003/arcrole/parent-child" xlink:from="loc_eba_EN" xlink:to="loc_eba_x227" order="128" />
    <link:loc xlink:type="locator" xlink:href="mem.xsd#eba_x228" xlink:label="loc_eba_x228" />
    <link:presentationArc xlink:type="arc" xlink:arcrole="http://www.xbrl.org/2003/arcrole/parent-child" xlink:from="loc_eba_EN" xlink:to="loc_eba_x228" order="129" />
    <link:loc xlink:type="locator" xlink:href="mem.xsd#eba_x229" xlink:label="loc_eba_x229" />
    <link:presentationArc xlink:type="arc" xlink:arcrole="http://www.xbrl.org/2003/arcrole/parent-child" xlink:from="loc_eba_EN" xlink:to="loc_eba_x229" order="130" />
    <link:loc xlink:type="locator" xlink:href="mem.xsd#eba_x230" xlink:label="loc_eba_x230" />
    <link:presentationArc xlink:type="arc" xlink:arcrole="http://www.xbrl.org/2003/arcrole/parent-child" xlink:from="loc_eba_EN" xlink:to="loc_eba_x230" order="131" />
    <link:loc xlink:type="locator" xlink:href="mem.xsd#eba_x231" xlink:label="loc_eba_x231" />
    <link:presentationArc xlink:type="arc" xlink:arcrole="http://www.xbrl.org/2003/arcrole/parent-child" xlink:from="loc_eba_EN" xlink:to="loc_eba_x231" order="132" />
    <link:loc xlink:type="locator" xlink:href="mem.xsd#eba_x232" xlink:label="loc_eba_x232" />
    <link:presentationArc xlink:type="arc" xlink:arcrole="http://www.xbrl.org/2003/arcrole/parent-child" xlink:from="loc_eba_EN" xlink:to="loc_eba_x232" order="133" />
    <link:loc xlink:type="locator" xlink:href="mem.xsd#eba_x233" xlink:label="loc_eba_x233" />
    <link:presentationArc xlink:type="arc" xlink:arcrole="http://www.xbrl.org/2003/arcrole/parent-child" xlink:from="loc_eba_EN" xlink:to="loc_eba_x233" order="134" />
    <link:loc xlink:type="locator" xlink:href="mem.xsd#eba_x234" xlink:label="loc_eba_x234" />
    <link:presentationArc xlink:type="arc" xlink:arcrole="http://www.xbrl.org/2003/arcrole/parent-child" xlink:from="loc_eba_EN" xlink:to="loc_eba_x234" order="135" />
    <link:loc xlink:type="locator" xlink:href="mem.xsd#eba_x235" xlink:label="loc_eba_x235" />
    <link:presentationArc xlink:type="arc" xlink:arcrole="http://www.xbrl.org/2003/arcrole/parent-child" xlink:from="loc_eba_EN" xlink:to="loc_eba_x235" order="136" />
    <link:loc xlink:type="locator" xlink:href="mem.xsd#eba_x236" xlink:label="loc_eba_x236" />
    <link:presentationArc xlink:type="arc" xlink:arcrole="http://www.xbrl.org/2003/arcrole/parent-child" xlink:from="loc_eba_EN" xlink:to="loc_eba_x236" order="137" />
    <link:loc xlink:type="locator" xlink:href="mem.xsd#eba_x237" xlink:label="loc_eba_x237" />
    <link:presentationArc xlink:type="arc" xlink:arcrole="http://www.xbrl.org/2003/arcrole/parent-child" xlink:from="loc_eba_EN" xlink:to="loc_eba_x237" order="138" />
    <link:loc xlink:type="locator" xlink:href="mem.xsd#eba_x238" xlink:label="loc_eba_x238" />
    <link:presentationArc xlink:type="arc" xlink:arcrole="http://www.xbrl.org/2003/arcrole/parent-child" xlink:from="loc_eba_EN" xlink:to="loc_eba_x238" order="139" />
    <link:loc xlink:type="locator" xlink:href="mem.xsd#eba_x239" xlink:label="loc_eba_x239" />
    <link:presentationArc xlink:type="arc" xlink:arcrole="http://www.xbrl.org/2003/arcrole/parent-child" xlink:from="loc_eba_EN" xlink:to="loc_eba_x239" order="140" />
    <link:loc xlink:type="locator" xlink:href="mem.xsd#eba_x240" xlink:label="loc_eba_x240" />
    <link:presentationArc xlink:type="arc" xlink:arcrole="http://www.xbrl.org/2003/arcrole/parent-child" xlink:from="loc_eba_EN" xlink:to="loc_eba_x240" order="141" />
    <link:loc xlink:type="locator" xlink:href="mem.xsd#eba_x241" xlink:label="loc_eba_x241" />
    <link:presentationArc xlink:type="arc" xlink:arcrole="http://www.xbrl.org/2003/arcrole/parent-child" xlink:from="loc_eba_EN" xlink:to="loc_eba_x241" order="142" />
    <link:loc xlink:type="locator" xlink:href="mem.xsd#eba_x242" xlink:label="loc_eba_x242" />
    <link:presentationArc xlink:type="arc" xlink:arcrole="http://www.xbrl.org/2003/arcrole/parent-child" xlink:from="loc_eba_EN" xlink:to="loc_eba_x242" order="143" />
    <link:loc xlink:type="locator" xlink:href="mem.xsd#eba_x243" xlink:label="loc_eba_x243" />
    <link:presentationArc xlink:type="arc" xlink:arcrole="http://www.xbrl.org/2003/arcrole/parent-child" xlink:from="loc_eba_EN" xlink:to="loc_eba_x243" order="144" />
    <link:loc xlink:type="locator" xlink:href="mem.xsd#eba_x244" xlink:label="loc_eba_x244" />
    <link:presentationArc xlink:type="arc" xlink:arcrole="http://www.xbrl.org/2003/arcrole/parent-child" xlink:from="loc_eba_EN" xlink:to="loc_eba_x244" order="145" />
    <link:loc xlink:type="locator" xlink:href="mem.xsd#eba_x245" xlink:label="loc_eba_x245" />
    <link:presentationArc xlink:type="arc" xlink:arcrole="http://www.xbrl.org/2003/arcrole/parent-child" xlink:from="loc_eba_EN" xlink:to="loc_eba_x245" order="146" />
    <link:loc xlink:type="locator" xlink:href="mem.xsd#eba_x246" xlink:label="loc_eba_x246" />
    <link:presentationArc xlink:type="arc" xlink:arcrole="http://www.xbrl.org/2003/arcrole/parent-child" xlink:from="loc_eba_EN" xlink:to="loc_eba_x246" order="147" />
    <link:loc xlink:type="locator" xlink:href="mem.xsd#eba_x247" xlink:label="loc_eba_x247" />
    <link:presentationArc xlink:type="arc" xlink:arcrole="http://www.xbrl.org/2003/arcrole/parent-child" xlink:from="loc_eba_EN" xlink:to="loc_eba_x247" order="148" />
    <link:loc xlink:type="locator" xlink:href="mem.xsd#eba_x248" xlink:label="loc_eba_x248" />
    <link:presentationArc xlink:type="arc" xlink:arcrole="http://www.xbrl.org/2003/arcrole/parent-child" xlink:from="loc_eba_EN" xlink:to="loc_eba_x248" order="149" />
    <link:loc xlink:type="locator" xlink:href="mem.xsd#eba_x250" xlink:label="loc_eba_x250" />
    <link:presentationArc xlink:type="arc" xlink:arcrole="http://www.xbrl.org/2003/arcrole/parent-child" xlink:from="loc_eba_EN" xlink:to="loc_eba_x250" order="150" />
    <link:loc xlink:type="locator" xlink:href="mem.xsd#eba_x251" xlink:label="loc_eba_x251" />
    <link:presentationArc xlink:type="arc" xlink:arcrole="http://www.xbrl.org/2003/arcrole/parent-child" xlink:from="loc_eba_EN" xlink:to="loc_eba_x251" order="151" />
    <link:loc xlink:type="locator" xlink:href="mem.xsd#eba_x252" xlink:label="loc_eba_x252" />
    <link:presentationArc xlink:type="arc" xlink:arcrole="http://www.xbrl.org/2003/arcrole/parent-child" xlink:from="loc_eba_EN" xlink:to="loc_eba_x252" order="152" />
    <link:loc xlink:type="locator" xlink:href="mem.xsd#eba_x253" xlink:label="loc_eba_x253" />
    <link:presentationArc xlink:type="arc" xlink:arcrole="http://www.xbrl.org/2003/arcrole/parent-child" xlink:from="loc_eba_EN" xlink:to="loc_eba_x253" order="153" />
    <link:loc xlink:type="locator" xlink:href="mem.xsd#eba_x254" xlink:label="loc_eba_x254" />
    <link:presentationArc xlink:type="arc" xlink:arcrole="http://www.xbrl.org/2003/arcrole/parent-child" xlink:from="loc_eba_EN" xlink:to="loc_eba_x254" order="154" />
    <link:loc xlink:type="locator" xlink:href="mem.xsd#eba_x255" xlink:label="loc_eba_x255" />
    <link:presentationArc xlink:type="arc" xlink:arcrole="http://www.xbrl.org/2003/arcrole/parent-child" xlink:from="loc_eba_EN" xlink:to="loc_eba_x255" order="155" />
    <link:loc xlink:type="locator" xlink:href="mem.xsd#eba_x256" xlink:label="loc_eba_x256" />
    <link:presentationArc xlink:type="arc" xlink:arcrole="http://www.xbrl.org/2003/arcrole/parent-child" xlink:from="loc_eba_EN" xlink:to="loc_eba_x256" order="156" />
    <link:loc xlink:type="locator" xlink:href="mem.xsd#eba_x257" xlink:label="loc_eba_x257" />
    <link:presentationArc xlink:type="arc" xlink:arcrole="http://www.xbrl.org/2003/arcrole/parent-child" xlink:from="loc_eba_EN" xlink:to="loc_eba_x257" order="157" />
    <link:loc xlink:type="locator" xlink:href="mem.xsd#eba_x258" xlink:label="loc_eba_x258" />
    <link:presentationArc xlink:type="arc" xlink:arcrole="http://www.xbrl.org/2003/arcrole/parent-child" xlink:from="loc_eba_EN" xlink:to="loc_eba_x258" order="158" />
    <link:loc xlink:type="locator" xlink:href="mem.xsd#eba_x259" xlink:label="loc_eba_x259" />
    <link:presentationArc xlink:type="arc" xlink:arcrole="http://www.xbrl.org/2003/arcrole/parent-child" xlink:from="loc_eba_EN" xlink:to="loc_eba_x259" order="159" />
    <link:loc xlink:type="locator" xlink:href="mem.xsd#eba_x260" xlink:label="loc_eba_x260" />
    <link:presentationArc xlink:type="arc" xlink:arcrole="http://www.xbrl.org/2003/arcrole/parent-child" xlink:from="loc_eba_EN" xlink:to="loc_eba_x260" order="160" />
    <link:loc xlink:type="locator" xlink:href="mem.xsd#eba_x261" xlink:label="loc_eba_x261" />
    <link:presentationArc xlink:type="arc" xlink:arcrole="http://www.xbrl.org/2003/arcrole/parent-child" xlink:from="loc_eba_EN" xlink:to="loc_eba_x261" order="161" />
    <link:loc xlink:type="locator" xlink:href="mem.xsd#eba_x262" xlink:label="loc_eba_x262" />
    <link:presentationArc xlink:type="arc" xlink:arcrole="http://www.xbrl.org/2003/arcrole/parent-child" xlink:from="loc_eba_EN" xlink:to="loc_eba_x262" order="162" />
    <link:loc xlink:type="locator" xlink:href="mem.xsd#eba_x263" xlink:label="loc_eba_x263" />
    <link:presentationArc xlink:type="arc" xlink:arcrole="http://www.xbrl.org/2003/arcrole/parent-child" xlink:from="loc_eba_EN" xlink:to="loc_eba_x263" order="163" />
    <link:loc xlink:type="locator" xlink:href="mem.xsd#eba_x264" xlink:label="loc_eba_x264" />
    <link:presentationArc xlink:type="arc" xlink:arcrole="http://www.xbrl.org/2003/arcrole/parent-child" xlink:from="loc_eba_EN" xlink:to="loc_eba_x264" order="164" />
    <link:loc xlink:type="locator" xlink:href="mem.xsd#eba_x265" xlink:label="loc_eba_x265" />
    <link:presentationArc xlink:type="arc" xlink:arcrole="http://www.xbrl.org/2003/arcrole/parent-child" xlink:from="loc_eba_EN" xlink:to="loc_eba_x265" order="165" />
    <link:loc xlink:type="locator" xlink:href="mem.xsd#eba_x266" xlink:label="loc_eba_x266" />
    <link:presentationArc xlink:type="arc" xlink:arcrole="http://www.xbrl.org/2003/arcrole/parent-child" xlink:from="loc_eba_EN" xlink:to="loc_eba_x266" order="166" />
  </link:presentationLink>
</link:linkbase>