﻿<?xml version="1.0" encoding="utf-8"?>
<?taxonomy-version 2.9.0.0 ?> <?taxonomy-set-overall-version 2.9.0.0 ?>
<!--(C) EBA-->
<link:linkbase xmlns:xsi="http://www.w3.org/2001/XMLSchema-instance" xmlns:xlink="http://www.w3.org/1999/xlink" xmlns:link="http://www.xbrl.org/2003/linkbase" xsi:schemaLocation="http://www.xbrl.org/2003/linkbase http://www.xbrl.org/2003/xbrl-linkbase-2003-12-31.xsd">
  <link:labelLink xlink:type="extended" xlink:role="http://www.xbrl.org/2003/role/link">
    <link:loc xlink:type="locator" xlink:href="mem.xsd#eba_x100" xlink:label="loc_eba_x100" />
    <link:label xlink:type="resource" xlink:label="label_eba_x100" xml:lang="en" xlink:role="http://www.xbrl.org/2003/role/label">Athens Clearing Office (ACO)</link:label>
    <link:labelArc xlink:type="arc" xlink:arcrole="http://www.xbrl.org/2003/arcrole/concept-label" xlink:from="loc_eba_x100" xlink:to="label_eba_x100" />
    <link:loc xlink:type="locator" xlink:href="mem.xsd#eba_x101" xlink:label="loc_eba_x101" />
    <link:label xlink:type="resource" xlink:label="label_eba_x101" xml:lang="en" xlink:role="http://www.xbrl.org/2003/role/label">ATHEX (Athens Stock Exchange)</link:label>
    <link:labelArc xlink:type="arc" xlink:arcrole="http://www.xbrl.org/2003/arcrole/concept-label" xlink:from="loc_eba_x101" xlink:to="label_eba_x101" />
    <link:loc xlink:type="locator" xlink:href="mem.xsd#eba_x102" xlink:label="loc_eba_x102" />
    <link:label xlink:type="resource" xlink:label="label_eba_x102" xml:lang="en" xlink:role="http://www.xbrl.org/2003/role/label">ATHEX CSD</link:label>
    <link:labelArc xlink:type="arc" xlink:arcrole="http://www.xbrl.org/2003/arcrole/concept-label" xlink:from="loc_eba_x102" xlink:to="label_eba_x102" />
    <link:loc xlink:type="locator" xlink:href="mem.xsd#eba_x103" xlink:label="loc_eba_x103" />
    <link:label xlink:type="resource" xlink:label="label_eba_x103" xml:lang="en" xlink:role="http://www.xbrl.org/2003/role/label">ATHEXClear SA</link:label>
    <link:labelArc xlink:type="arc" xlink:arcrole="http://www.xbrl.org/2003/arcrole/concept-label" xlink:from="loc_eba_x103" xlink:to="label_eba_x103" />
    <link:loc xlink:type="locator" xlink:href="mem.xsd#eba_x104" xlink:label="loc_eba_x104" />
    <link:label xlink:type="resource" xlink:label="label_eba_x104" xml:lang="en" xlink:role="http://www.xbrl.org/2003/role/label">The Clearing House ACH</link:label>
    <link:labelArc xlink:type="arc" xlink:arcrole="http://www.xbrl.org/2003/arcrole/concept-label" xlink:from="loc_eba_x104" xlink:to="label_eba_x104" />
    <link:loc xlink:type="locator" xlink:href="mem.xsd#eba_x105" xlink:label="loc_eba_x105" />
    <link:label xlink:type="resource" xlink:label="label_eba_x105" xml:lang="en" xlink:role="http://www.xbrl.org/2003/role/label">Automated Clearing Settlement System (ACSS)</link:label>
    <link:labelArc xlink:type="arc" xlink:arcrole="http://www.xbrl.org/2003/arcrole/concept-label" xlink:from="loc_eba_x105" xlink:to="label_eba_x105" />
    <link:loc xlink:type="locator" xlink:href="mem.xsd#eba_x106" xlink:label="loc_eba_x106" />
    <link:label xlink:type="resource" xlink:label="label_eba_x106" xml:lang="en" xlink:role="http://www.xbrl.org/2003/role/label">BACS (Bankers' Automated Clearing Services)</link:label>
    <link:labelArc xlink:type="arc" xlink:arcrole="http://www.xbrl.org/2003/arcrole/concept-label" xlink:from="loc_eba_x106" xlink:to="label_eba_x106" />
    <link:loc xlink:type="locator" xlink:href="mem.xsd#eba_x107" xlink:label="loc_eba_x107" />
    <link:label xlink:type="resource" xlink:label="label_eba_x107" xml:lang="en" xlink:role="http://www.xbrl.org/2003/role/label">Bankgirot (Bankgirocentralen BGC AB)</link:label>
    <link:labelArc xlink:type="arc" xlink:arcrole="http://www.xbrl.org/2003/arcrole/concept-label" xlink:from="loc_eba_x107" xlink:to="label_eba_x107" />
    <link:loc xlink:type="locator" xlink:href="mem.xsd#eba_x108" xlink:label="loc_eba_x108" />
    <link:label xlink:type="resource" xlink:label="label_eba_x108" xml:lang="en" xlink:role="http://www.xbrl.org/2003/role/label">BI-COMP</link:label>
    <link:labelArc xlink:type="arc" xlink:arcrole="http://www.xbrl.org/2003/arcrole/concept-label" xlink:from="loc_eba_x108" xlink:to="label_eba_x108" />
    <link:loc xlink:type="locator" xlink:href="mem.xsd#eba_x109" xlink:label="loc_eba_x109" />
    <link:label xlink:type="resource" xlink:label="label_eba_x109" xml:lang="en" xlink:role="http://www.xbrl.org/2003/role/label">BISERA (Bank Integrated System for Electronic Payments)</link:label>
    <link:labelArc xlink:type="arc" xlink:arcrole="http://www.xbrl.org/2003/arcrole/concept-label" xlink:from="loc_eba_x109" xlink:to="label_eba_x109" />
    <link:loc xlink:type="locator" xlink:href="mem.xsd#eba_x110" xlink:label="loc_eba_x110" />
    <link:label xlink:type="resource" xlink:label="label_eba_x110" xml:lang="en" xlink:role="http://www.xbrl.org/2003/role/label">Bloomberg Trade Repository Limited</link:label>
    <link:labelArc xlink:type="arc" xlink:arcrole="http://www.xbrl.org/2003/arcrole/concept-label" xlink:from="loc_eba_x110" xlink:to="label_eba_x110" />
    <link:loc xlink:type="locator" xlink:href="mem.xsd#eba_x111" xlink:label="loc_eba_x111" />
    <link:label xlink:type="resource" xlink:label="label_eba_x111" xml:lang="en" xlink:role="http://www.xbrl.org/2003/role/label">BME</link:label>
    <link:labelArc xlink:type="arc" xlink:arcrole="http://www.xbrl.org/2003/arcrole/concept-label" xlink:from="loc_eba_x111" xlink:to="label_eba_x111" />
    <link:loc xlink:type="locator" xlink:href="mem.xsd#eba_x112" xlink:label="loc_eba_x112" />
    <link:label xlink:type="resource" xlink:label="label_eba_x112" xml:lang="en" xlink:role="http://www.xbrl.org/2003/role/label">BME Clearing</link:label>
    <link:labelArc xlink:type="arc" xlink:arcrole="http://www.xbrl.org/2003/arcrole/concept-label" xlink:from="loc_eba_x112" xlink:to="label_eba_x112" />
    <link:loc xlink:type="locator" xlink:href="mem.xsd#eba_x113" xlink:label="loc_eba_x113" />
    <link:label xlink:type="resource" xlink:label="label_eba_x113" xml:lang="en" xlink:role="http://www.xbrl.org/2003/role/label">BOGS (Bank of Greece Securities Settlement System)</link:label>
    <link:labelArc xlink:type="arc" xlink:arcrole="http://www.xbrl.org/2003/arcrole/concept-label" xlink:from="loc_eba_x113" xlink:to="label_eba_x113" />
    <link:loc xlink:type="locator" xlink:href="mem.xsd#eba_x114" xlink:label="loc_eba_x114" />
    <link:label xlink:type="resource" xlink:label="label_eba_x114" xml:lang="en" xlink:role="http://www.xbrl.org/2003/role/label">BOJ-NET</link:label>
    <link:labelArc xlink:type="arc" xlink:arcrole="http://www.xbrl.org/2003/arcrole/concept-label" xlink:from="loc_eba_x114" xlink:to="label_eba_x114" />
    <link:loc xlink:type="locator" xlink:href="mem.xsd#eba_x115" xlink:label="loc_eba_x115" />
    <link:label xlink:type="resource" xlink:label="label_eba_x115" xml:lang="en" xlink:role="http://www.xbrl.org/2003/role/label">BondSpot S.A.</link:label>
    <link:labelArc xlink:type="arc" xlink:arcrole="http://www.xbrl.org/2003/arcrole/concept-label" xlink:from="loc_eba_x115" xlink:to="label_eba_x115" />
    <link:loc xlink:type="locator" xlink:href="mem.xsd#eba_x116" xlink:label="loc_eba_x116" />
    <link:label xlink:type="resource" xlink:label="label_eba_x116" xml:lang="en" xlink:role="http://www.xbrl.org/2003/role/label">BORICA</link:label>
    <link:labelArc xlink:type="arc" xlink:arcrole="http://www.xbrl.org/2003/arcrole/concept-label" xlink:from="loc_eba_x116" xlink:to="label_eba_x116" />
    <link:loc xlink:type="locator" xlink:href="mem.xsd#eba_x117" xlink:label="loc_eba_x117" />
    <link:label xlink:type="resource" xlink:label="label_eba_x117" xml:lang="en" xlink:role="http://www.xbrl.org/2003/role/label">Borsa Italiana SpA</link:label>
    <link:labelArc xlink:type="arc" xlink:arcrole="http://www.xbrl.org/2003/arcrole/concept-label" xlink:from="loc_eba_x117" xlink:to="label_eba_x117" />
    <link:loc xlink:type="locator" xlink:href="mem.xsd#eba_x118" xlink:label="loc_eba_x118" />
    <link:label xlink:type="resource" xlink:label="label_eba_x118" xml:lang="en" xlink:role="http://www.xbrl.org/2003/role/label">Bratislava Stock Exchange</link:label>
    <link:labelArc xlink:type="arc" xlink:arcrole="http://www.xbrl.org/2003/arcrole/concept-label" xlink:from="loc_eba_x118" xlink:to="label_eba_x118" />
    <link:loc xlink:type="locator" xlink:href="mem.xsd#eba_x119" xlink:label="loc_eba_x119" />
    <link:label xlink:type="resource" xlink:label="label_eba_x119" xml:lang="en" xlink:role="http://www.xbrl.org/2003/role/label">Budapest Stock Exchange</link:label>
    <link:labelArc xlink:type="arc" xlink:arcrole="http://www.xbrl.org/2003/arcrole/concept-label" xlink:from="loc_eba_x119" xlink:to="label_eba_x119" />
    <link:loc xlink:type="locator" xlink:href="mem.xsd#eba_x120" xlink:label="loc_eba_x120" />
    <link:label xlink:type="resource" xlink:label="label_eba_x120" xml:lang="en" xlink:role="http://www.xbrl.org/2003/role/label">Bulgarian Stock Exchange</link:label>
    <link:labelArc xlink:type="arc" xlink:arcrole="http://www.xbrl.org/2003/arcrole/concept-label" xlink:from="loc_eba_x120" xlink:to="label_eba_x120" />
    <link:loc xlink:type="locator" xlink:href="mem.xsd#eba_x121" xlink:label="loc_eba_x121" />
    <link:label xlink:type="resource" xlink:label="label_eba_x121" xml:lang="en" xlink:role="http://www.xbrl.org/2003/role/label">Bursa de Valori Bucaresti</link:label>
    <link:labelArc xlink:type="arc" xlink:arcrole="http://www.xbrl.org/2003/arcrole/concept-label" xlink:from="loc_eba_x121" xlink:to="label_eba_x121" />
    <link:loc xlink:type="locator" xlink:href="mem.xsd#eba_x122" xlink:label="loc_eba_x122" />
    <link:label xlink:type="resource" xlink:label="label_eba_x122" xml:lang="en" xlink:role="http://www.xbrl.org/2003/role/label">Burza cenných papírů Praha, a.s. (Prague Stock Exchange)</link:label>
    <link:labelArc xlink:type="arc" xlink:arcrole="http://www.xbrl.org/2003/arcrole/concept-label" xlink:from="loc_eba_x122" xlink:to="label_eba_x122" />
    <link:loc xlink:type="locator" xlink:href="mem.xsd#eba_x123" xlink:label="loc_eba_x123" />
    <link:label xlink:type="resource" xlink:label="label_eba_x123" xml:lang="en" xlink:role="http://www.xbrl.org/2003/role/label">Canadian depository for securities (CDS)</link:label>
    <link:labelArc xlink:type="arc" xlink:arcrole="http://www.xbrl.org/2003/arcrole/concept-label" xlink:from="loc_eba_x123" xlink:to="label_eba_x123" />
    <link:loc xlink:type="locator" xlink:href="mem.xsd#eba_x124" xlink:label="loc_eba_x124" />
    <link:label xlink:type="resource" xlink:label="label_eba_x124" xml:lang="en" xlink:role="http://www.xbrl.org/2003/role/label">Canadian Derivatives Clearing Corporation</link:label>
    <link:labelArc xlink:type="arc" xlink:arcrole="http://www.xbrl.org/2003/arcrole/concept-label" xlink:from="loc_eba_x124" xlink:to="label_eba_x124" />
    <link:loc xlink:type="locator" xlink:href="mem.xsd#eba_x125" xlink:label="loc_eba_x125" />
    <link:label xlink:type="resource" xlink:label="label_eba_x125" xml:lang="en" xlink:role="http://www.xbrl.org/2003/role/label">Cassa Compensazione e Garantia (CC&amp;G)</link:label>
    <link:labelArc xlink:type="arc" xlink:arcrole="http://www.xbrl.org/2003/arcrole/concept-label" xlink:from="loc_eba_x125" xlink:to="label_eba_x125" />
    <link:loc xlink:type="locator" xlink:href="mem.xsd#eba_x126" xlink:label="loc_eba_x126" />
    <link:label xlink:type="resource" xlink:label="label_eba_x126" xml:lang="en" xlink:role="http://www.xbrl.org/2003/role/label">CCP Austria</link:label>
    <link:labelArc xlink:type="arc" xlink:arcrole="http://www.xbrl.org/2003/arcrole/concept-label" xlink:from="loc_eba_x126" xlink:to="label_eba_x126" />
    <link:loc xlink:type="locator" xlink:href="mem.xsd#eba_x127" xlink:label="loc_eba_x127" />
    <link:label xlink:type="resource" xlink:label="label_eba_x127" xml:lang="en" xlink:role="http://www.xbrl.org/2003/role/label">CEC/UCV</link:label>
    <link:labelArc xlink:type="arc" xlink:arcrole="http://www.xbrl.org/2003/arcrole/concept-label" xlink:from="loc_eba_x127" xlink:to="label_eba_x127" />
    <link:loc xlink:type="locator" xlink:href="mem.xsd#eba_x128" xlink:label="loc_eba_x128" />
    <link:label xlink:type="resource" xlink:label="label_eba_x128" xml:lang="en" xlink:role="http://www.xbrl.org/2003/role/label">CEESEG AG (Wiener Borse)</link:label>
    <link:labelArc xlink:type="arc" xlink:arcrole="http://www.xbrl.org/2003/arcrole/concept-label" xlink:from="loc_eba_x128" xlink:to="label_eba_x128" />
    <link:loc xlink:type="locator" xlink:href="mem.xsd#eba_x129" xlink:label="loc_eba_x129" />
    <link:label xlink:type="resource" xlink:label="label_eba_x129" xml:lang="en" xlink:role="http://www.xbrl.org/2003/role/label">Central Depository &amp; Clearing Company</link:label>
    <link:labelArc xlink:type="arc" xlink:arcrole="http://www.xbrl.org/2003/arcrole/concept-label" xlink:from="loc_eba_x129" xlink:to="label_eba_x129" />
    <link:loc xlink:type="locator" xlink:href="mem.xsd#eba_x130" xlink:label="loc_eba_x130" />
    <link:label xlink:type="resource" xlink:label="label_eba_x130" xml:lang="en" xlink:role="http://www.xbrl.org/2003/role/label">Central Depository AD</link:label>
    <link:labelArc xlink:type="arc" xlink:arcrole="http://www.xbrl.org/2003/arcrole/concept-label" xlink:from="loc_eba_x130" xlink:to="label_eba_x130" />
    <link:loc xlink:type="locator" xlink:href="mem.xsd#eba_x131" xlink:label="loc_eba_x131" />
    <link:label xlink:type="resource" xlink:label="label_eba_x131" xml:lang="en" xlink:role="http://www.xbrl.org/2003/role/label">Central Depository and Central Registry</link:label>
    <link:labelArc xlink:type="arc" xlink:arcrole="http://www.xbrl.org/2003/arcrole/concept-label" xlink:from="loc_eba_x131" xlink:to="label_eba_x131" />
    <link:loc xlink:type="locator" xlink:href="mem.xsd#eba_x132" xlink:label="loc_eba_x132" />
    <link:label xlink:type="resource" xlink:label="label_eba_x132" xml:lang="en" xlink:role="http://www.xbrl.org/2003/role/label">Centralna klirinško depotna družba (KDD)</link:label>
    <link:labelArc xlink:type="arc" xlink:arcrole="http://www.xbrl.org/2003/arcrole/concept-label" xlink:from="loc_eba_x132" xlink:to="label_eba_x132" />
    <link:loc xlink:type="locator" xlink:href="mem.xsd#eba_x133" xlink:label="loc_eba_x133" />
    <link:label xlink:type="resource" xlink:label="label_eba_x133" xml:lang="en" xlink:role="http://www.xbrl.org/2003/role/label">Centrální depozitár cenných papíru SR a.s. (CDCP) / Central Depository of Securities Prague</link:label>
    <link:labelArc xlink:type="arc" xlink:arcrole="http://www.xbrl.org/2003/arcrole/concept-label" xlink:from="loc_eba_x133" xlink:to="label_eba_x133" />
    <link:loc xlink:type="locator" xlink:href="mem.xsd#eba_x134" xlink:label="loc_eba_x134" />
    <link:label xlink:type="resource" xlink:label="label_eba_x134" xml:lang="en" xlink:role="http://www.xbrl.org/2003/role/label">Centrálny Depositár Cenných Papierov (CDCP) SR</link:label>
    <link:labelArc xlink:type="arc" xlink:arcrole="http://www.xbrl.org/2003/arcrole/concept-label" xlink:from="loc_eba_x134" xlink:to="label_eba_x134" />
    <link:loc xlink:type="locator" xlink:href="mem.xsd#eba_x135" xlink:label="loc_eba_x135" />
    <link:label xlink:type="resource" xlink:label="label_eba_x135" xml:lang="en" xlink:role="http://www.xbrl.org/2003/role/label">CENTROlink</link:label>
    <link:labelArc xlink:type="arc" xlink:arcrole="http://www.xbrl.org/2003/arcrole/concept-label" xlink:from="loc_eba_x135" xlink:to="label_eba_x135" />
    <link:loc xlink:type="locator" xlink:href="mem.xsd#eba_x136" xlink:label="loc_eba_x136" />
    <link:label xlink:type="resource" xlink:label="label_eba_x136" xml:lang="en" xlink:role="http://www.xbrl.org/2003/role/label">CERTIS (Czech Express Real Time Interbank Gross Settlement System)</link:label>
    <link:labelArc xlink:type="arc" xlink:arcrole="http://www.xbrl.org/2003/arcrole/concept-label" xlink:from="loc_eba_x136" xlink:to="label_eba_x136" />
    <link:loc xlink:type="locator" xlink:href="mem.xsd#eba_x137" xlink:label="loc_eba_x137" />
    <link:label xlink:type="resource" xlink:label="label_eba_x137" xml:lang="en" xlink:role="http://www.xbrl.org/2003/role/label">CHAPS (Clearing House Automated Payment System )</link:label>
    <link:labelArc xlink:type="arc" xlink:arcrole="http://www.xbrl.org/2003/arcrole/concept-label" xlink:from="loc_eba_x137" xlink:to="label_eba_x137" />
    <link:loc xlink:type="locator" xlink:href="mem.xsd#eba_x138" xlink:label="loc_eba_x138" />
    <link:label xlink:type="resource" xlink:label="label_eba_x138" xml:lang="en" xlink:role="http://www.xbrl.org/2003/role/label">Cheque &amp; Credit Clearing System Ltd</link:label>
    <link:labelArc xlink:type="arc" xlink:arcrole="http://www.xbrl.org/2003/arcrole/concept-label" xlink:from="loc_eba_x138" xlink:to="label_eba_x138" />
    <link:loc xlink:type="locator" xlink:href="mem.xsd#eba_x139" xlink:label="loc_eba_x139" />
    <link:label xlink:type="resource" xlink:label="label_eba_x139" xml:lang="en" xlink:role="http://www.xbrl.org/2003/role/label">CHIPS</link:label>
    <link:labelArc xlink:type="arc" xlink:arcrole="http://www.xbrl.org/2003/arcrole/concept-label" xlink:from="loc_eba_x139" xlink:to="label_eba_x139" />
    <link:loc xlink:type="locator" xlink:href="mem.xsd#eba_x140" xlink:label="loc_eba_x140" />
    <link:label xlink:type="resource" xlink:label="label_eba_x140" xml:lang="en" xlink:role="http://www.xbrl.org/2003/role/label">Clearing Service Austria (CSA)</link:label>
    <link:labelArc xlink:type="arc" xlink:arcrole="http://www.xbrl.org/2003/arcrole/concept-label" xlink:from="loc_eba_x140" xlink:to="label_eba_x140" />
    <link:loc xlink:type="locator" xlink:href="mem.xsd#eba_x141" xlink:label="loc_eba_x141" />
    <link:label xlink:type="resource" xlink:label="label_eba_x141" xml:lang="en" xlink:role="http://www.xbrl.org/2003/role/label">Clearing Service International (CSI)</link:label>
    <link:labelArc xlink:type="arc" xlink:arcrole="http://www.xbrl.org/2003/arcrole/concept-label" xlink:from="loc_eba_x141" xlink:to="label_eba_x141" />
    <link:loc xlink:type="locator" xlink:href="mem.xsd#eba_x142" xlink:label="loc_eba_x142" />
    <link:label xlink:type="resource" xlink:label="label_eba_x142" xml:lang="en" xlink:role="http://www.xbrl.org/2003/role/label">Clearstream Banking AG</link:label>
    <link:labelArc xlink:type="arc" xlink:arcrole="http://www.xbrl.org/2003/arcrole/concept-label" xlink:from="loc_eba_x142" xlink:to="label_eba_x142" />
    <link:loc xlink:type="locator" xlink:href="mem.xsd#eba_x143" xlink:label="loc_eba_x143" />
    <link:label xlink:type="resource" xlink:label="label_eba_x143" xml:lang="en" xlink:role="http://www.xbrl.org/2003/role/label">Clearstream Banking Luxembourg</link:label>
    <link:labelArc xlink:type="arc" xlink:arcrole="http://www.xbrl.org/2003/arcrole/concept-label" xlink:from="loc_eba_x143" xlink:to="label_eba_x143" />
    <link:loc xlink:type="locator" xlink:href="mem.xsd#eba_x144" xlink:label="loc_eba_x144" />
    <link:label xlink:type="resource" xlink:label="label_eba_x144" xml:lang="en" xlink:role="http://www.xbrl.org/2003/role/label">CLS</link:label>
    <link:labelArc xlink:type="arc" xlink:arcrole="http://www.xbrl.org/2003/arcrole/concept-label" xlink:from="loc_eba_x144" xlink:to="label_eba_x144" />
    <link:loc xlink:type="locator" xlink:href="mem.xsd#eba_x145" xlink:label="loc_eba_x145" />
    <link:label xlink:type="resource" xlink:label="label_eba_x145" xml:lang="en" xlink:role="http://www.xbrl.org/2003/role/label">CME Trade Repository Ltd (CME TR)</link:label>
    <link:labelArc xlink:type="arc" xlink:arcrole="http://www.xbrl.org/2003/arcrole/concept-label" xlink:from="loc_eba_x145" xlink:to="label_eba_x145" />
    <link:loc xlink:type="locator" xlink:href="mem.xsd#eba_x146" xlink:label="loc_eba_x146" />
    <link:label xlink:type="resource" xlink:label="label_eba_x146" xml:lang="en" xlink:role="http://www.xbrl.org/2003/role/label">Cyprus Clearing House</link:label>
    <link:labelArc xlink:type="arc" xlink:arcrole="http://www.xbrl.org/2003/arcrole/concept-label" xlink:from="loc_eba_x146" xlink:to="label_eba_x146" />
    <link:loc xlink:type="locator" xlink:href="mem.xsd#eba_x147" xlink:label="loc_eba_x147" />
    <link:label xlink:type="resource" xlink:label="label_eba_x147" xml:lang="en" xlink:role="http://www.xbrl.org/2003/role/label">Cyprus Stock Exchange</link:label>
    <link:labelArc xlink:type="arc" xlink:arcrole="http://www.xbrl.org/2003/arcrole/concept-label" xlink:from="loc_eba_x147" xlink:to="label_eba_x147" />
    <link:loc xlink:type="locator" xlink:href="mem.xsd#eba_x148" xlink:label="loc_eba_x148" />
    <link:label xlink:type="resource" xlink:label="label_eba_x148" xml:lang="en" xlink:role="http://www.xbrl.org/2003/role/label">Dataclearing</link:label>
    <link:labelArc xlink:type="arc" xlink:arcrole="http://www.xbrl.org/2003/arcrole/concept-label" xlink:from="loc_eba_x148" xlink:to="label_eba_x148" />
    <link:loc xlink:type="locator" xlink:href="mem.xsd#eba_x149" xlink:label="loc_eba_x149" />
    <link:label xlink:type="resource" xlink:label="label_eba_x149" xml:lang="en" xlink:role="http://www.xbrl.org/2003/role/label">Depozitarul Central S.A.</link:label>
    <link:labelArc xlink:type="arc" xlink:arcrole="http://www.xbrl.org/2003/arcrole/concept-label" xlink:from="loc_eba_x149" xlink:to="label_eba_x149" />
    <link:loc xlink:type="locator" xlink:href="mem.xsd#eba_x150" xlink:label="loc_eba_x150" />
    <link:label xlink:type="resource" xlink:label="label_eba_x150" xml:lang="en" xlink:role="http://www.xbrl.org/2003/role/label">Deutsche Börse AG</link:label>
    <link:labelArc xlink:type="arc" xlink:arcrole="http://www.xbrl.org/2003/arcrole/concept-label" xlink:from="loc_eba_x150" xlink:to="label_eba_x150" />
    <link:loc xlink:type="locator" xlink:href="mem.xsd#eba_x151" xlink:label="loc_eba_x151" />
    <link:label xlink:type="resource" xlink:label="label_eba_x151" xml:lang="en" xlink:role="http://www.xbrl.org/2003/role/label">DIAS (Interbanking Systems S.A.)</link:label>
    <link:labelArc xlink:type="arc" xlink:arcrole="http://www.xbrl.org/2003/arcrole/concept-label" xlink:from="loc_eba_x151" xlink:to="label_eba_x151" />
    <link:loc xlink:type="locator" xlink:href="mem.xsd#eba_x152" xlink:label="loc_eba_x152" />
    <link:label xlink:type="resource" xlink:label="label_eba_x152" xml:lang="en" xlink:role="http://www.xbrl.org/2003/role/label">DTC (Depository Trust Company)</link:label>
    <link:labelArc xlink:type="arc" xlink:arcrole="http://www.xbrl.org/2003/arcrole/concept-label" xlink:from="loc_eba_x152" xlink:to="label_eba_x152" />
    <link:loc xlink:type="locator" xlink:href="mem.xsd#eba_x153" xlink:label="loc_eba_x153" />
    <link:label xlink:type="resource" xlink:label="label_eba_x153" xml:lang="en" xlink:role="http://www.xbrl.org/2003/role/label">DTCC Derivatives Repository Plc</link:label>
    <link:labelArc xlink:type="arc" xlink:arcrole="http://www.xbrl.org/2003/arcrole/concept-label" xlink:from="loc_eba_x153" xlink:to="label_eba_x153" />
    <link:loc xlink:type="locator" xlink:href="mem.xsd#eba_x154" xlink:label="loc_eba_x154" />
    <link:label xlink:type="resource" xlink:label="label_eba_x154" xml:lang="en" xlink:role="http://www.xbrl.org/2003/role/label">Electronic Clearing System (EKS)</link:label>
    <link:labelArc xlink:type="arc" xlink:arcrole="http://www.xbrl.org/2003/arcrole/concept-label" xlink:from="loc_eba_x154" xlink:to="label_eba_x154" />
    <link:loc xlink:type="locator" xlink:href="mem.xsd#eba_x155" xlink:label="loc_eba_x155" />
    <link:label xlink:type="resource" xlink:label="label_eba_x155" xml:lang="en" xlink:role="http://www.xbrl.org/2003/role/label">ELIXIR</link:label>
    <link:labelArc xlink:type="arc" xlink:arcrole="http://www.xbrl.org/2003/arcrole/concept-label" xlink:from="loc_eba_x155" xlink:to="label_eba_x155" />
    <link:loc xlink:type="locator" xlink:href="mem.xsd#eba_x156" xlink:label="loc_eba_x156" />
    <link:label xlink:type="resource" xlink:label="label_eba_x156" xml:lang="en" xlink:role="http://www.xbrl.org/2003/role/label">Equens</link:label>
    <link:labelArc xlink:type="arc" xlink:arcrole="http://www.xbrl.org/2003/arcrole/concept-label" xlink:from="loc_eba_x156" xlink:to="label_eba_x156" />
    <link:loc xlink:type="locator" xlink:href="mem.xsd#eba_x157" xlink:label="loc_eba_x157" />
    <link:label xlink:type="resource" xlink:label="label_eba_x157" xml:lang="en" xlink:role="http://www.xbrl.org/2003/role/label">EUREX Clearing AG</link:label>
    <link:labelArc xlink:type="arc" xlink:arcrole="http://www.xbrl.org/2003/arcrole/concept-label" xlink:from="loc_eba_x157" xlink:to="label_eba_x157" />
    <link:loc xlink:type="locator" xlink:href="mem.xsd#eba_x158" xlink:label="loc_eba_x158" />
    <link:label xlink:type="resource" xlink:label="label_eba_x158" xml:lang="en" xlink:role="http://www.xbrl.org/2003/role/label">EURO 1</link:label>
    <link:labelArc xlink:type="arc" xlink:arcrole="http://www.xbrl.org/2003/arcrole/concept-label" xlink:from="loc_eba_x158" xlink:to="label_eba_x158" />
    <link:loc xlink:type="locator" xlink:href="mem.xsd#eba_x159" xlink:label="loc_eba_x159" />
    <link:label xlink:type="resource" xlink:label="label_eba_x159" xml:lang="en" xlink:role="http://www.xbrl.org/2003/role/label">Euroclear Bank</link:label>
    <link:labelArc xlink:type="arc" xlink:arcrole="http://www.xbrl.org/2003/arcrole/concept-label" xlink:from="loc_eba_x159" xlink:to="label_eba_x159" />
    <link:loc xlink:type="locator" xlink:href="mem.xsd#eba_x160" xlink:label="loc_eba_x160" />
    <link:label xlink:type="resource" xlink:label="label_eba_x160" xml:lang="en" xlink:role="http://www.xbrl.org/2003/role/label">Euroclear Belgium (ESES)</link:label>
    <link:labelArc xlink:type="arc" xlink:arcrole="http://www.xbrl.org/2003/arcrole/concept-label" xlink:from="loc_eba_x160" xlink:to="label_eba_x160" />
    <link:loc xlink:type="locator" xlink:href="mem.xsd#eba_x161" xlink:label="loc_eba_x161" />
    <link:label xlink:type="resource" xlink:label="label_eba_x161" xml:lang="en" xlink:role="http://www.xbrl.org/2003/role/label">Euroclear Finland</link:label>
    <link:labelArc xlink:type="arc" xlink:arcrole="http://www.xbrl.org/2003/arcrole/concept-label" xlink:from="loc_eba_x161" xlink:to="label_eba_x161" />
    <link:loc xlink:type="locator" xlink:href="mem.xsd#eba_x162" xlink:label="loc_eba_x162" />
    <link:label xlink:type="resource" xlink:label="label_eba_x162" xml:lang="en" xlink:role="http://www.xbrl.org/2003/role/label">Euroclear France (ESES)</link:label>
    <link:labelArc xlink:type="arc" xlink:arcrole="http://www.xbrl.org/2003/arcrole/concept-label" xlink:from="loc_eba_x162" xlink:to="label_eba_x162" />
    <link:loc xlink:type="locator" xlink:href="mem.xsd#eba_x163" xlink:label="loc_eba_x163" />
    <link:label xlink:type="resource" xlink:label="label_eba_x163" xml:lang="en" xlink:role="http://www.xbrl.org/2003/role/label">Euroclear Netherlands (ESES)</link:label>
    <link:labelArc xlink:type="arc" xlink:arcrole="http://www.xbrl.org/2003/arcrole/concept-label" xlink:from="loc_eba_x163" xlink:to="label_eba_x163" />
    <link:loc xlink:type="locator" xlink:href="mem.xsd#eba_x164" xlink:label="loc_eba_x164" />
    <link:label xlink:type="resource" xlink:label="label_eba_x164" xml:lang="en" xlink:role="http://www.xbrl.org/2003/role/label">Euroclear Sweden AB (VPC systemet)</link:label>
    <link:labelArc xlink:type="arc" xlink:arcrole="http://www.xbrl.org/2003/arcrole/concept-label" xlink:from="loc_eba_x164" xlink:to="label_eba_x164" />
    <link:loc xlink:type="locator" xlink:href="mem.xsd#eba_x165" xlink:label="loc_eba_x165" />
    <link:label xlink:type="resource" xlink:label="label_eba_x165" xml:lang="en" xlink:role="http://www.xbrl.org/2003/role/label">Euroclear UK &amp; Ireland Limited (EUI) (CREST)</link:label>
    <link:labelArc xlink:type="arc" xlink:arcrole="http://www.xbrl.org/2003/arcrole/concept-label" xlink:from="loc_eba_x165" xlink:to="label_eba_x165" />
    <link:loc xlink:type="locator" xlink:href="mem.xsd#eba_x166" xlink:label="loc_eba_x166" />
    <link:label xlink:type="resource" xlink:label="label_eba_x166" xml:lang="en" xlink:role="http://www.xbrl.org/2003/role/label">Euronext Amsterdam Cash Market</link:label>
    <link:labelArc xlink:type="arc" xlink:arcrole="http://www.xbrl.org/2003/arcrole/concept-label" xlink:from="loc_eba_x166" xlink:to="label_eba_x166" />
    <link:loc xlink:type="locator" xlink:href="mem.xsd#eba_x167" xlink:label="loc_eba_x167" />
    <link:label xlink:type="resource" xlink:label="label_eba_x167" xml:lang="en" xlink:role="http://www.xbrl.org/2003/role/label">Euronext Brussels SA</link:label>
    <link:labelArc xlink:type="arc" xlink:arcrole="http://www.xbrl.org/2003/arcrole/concept-label" xlink:from="loc_eba_x167" xlink:to="label_eba_x167" />
    <link:loc xlink:type="locator" xlink:href="mem.xsd#eba_x168" xlink:label="loc_eba_x168" />
    <link:label xlink:type="resource" xlink:label="label_eba_x168" xml:lang="en" xlink:role="http://www.xbrl.org/2003/role/label">Euronext Lisbon SA</link:label>
    <link:labelArc xlink:type="arc" xlink:arcrole="http://www.xbrl.org/2003/arcrole/concept-label" xlink:from="loc_eba_x168" xlink:to="label_eba_x168" />
    <link:loc xlink:type="locator" xlink:href="mem.xsd#eba_x169" xlink:label="loc_eba_x169" />
    <link:label xlink:type="resource" xlink:label="label_eba_x169" xml:lang="en" xlink:role="http://www.xbrl.org/2003/role/label">European CCP NV</link:label>
    <link:labelArc xlink:type="arc" xlink:arcrole="http://www.xbrl.org/2003/arcrole/concept-label" xlink:from="loc_eba_x169" xlink:to="label_eba_x169" />
    <link:loc xlink:type="locator" xlink:href="mem.xsd#eba_x170" xlink:label="loc_eba_x170" />
    <link:label xlink:type="resource" xlink:label="label_eba_x170" xml:lang="en" xlink:role="http://www.xbrl.org/2003/role/label">European Commodity Clearing (ECC)</link:label>
    <link:labelArc xlink:type="arc" xlink:arcrole="http://www.xbrl.org/2003/arcrole/concept-label" xlink:from="loc_eba_x170" xlink:to="label_eba_x170" />
    <link:loc xlink:type="locator" xlink:href="mem.xsd#eba_x171" xlink:label="loc_eba_x171" />
    <link:label xlink:type="resource" xlink:label="label_eba_x171" xml:lang="en" xlink:role="http://www.xbrl.org/2003/role/label">Express Elixir</link:label>
    <link:labelArc xlink:type="arc" xlink:arcrole="http://www.xbrl.org/2003/arcrole/concept-label" xlink:from="loc_eba_x171" xlink:to="label_eba_x171" />
    <link:loc xlink:type="locator" xlink:href="mem.xsd#eba_x172" xlink:label="loc_eba_x172" />
    <link:label xlink:type="resource" xlink:label="label_eba_x172" xml:lang="en" xlink:role="http://www.xbrl.org/2003/role/label">Faster Payments Service (FPS)</link:label>
    <link:labelArc xlink:type="arc" xlink:arcrole="http://www.xbrl.org/2003/arcrole/concept-label" xlink:from="loc_eba_x172" xlink:to="label_eba_x172" />
    <link:loc xlink:type="locator" xlink:href="mem.xsd#eba_x173" xlink:label="loc_eba_x173" />
    <link:label xlink:type="resource" xlink:label="label_eba_x173" xml:lang="en" xlink:role="http://www.xbrl.org/2003/role/label">FedACH Services</link:label>
    <link:labelArc xlink:type="arc" xlink:arcrole="http://www.xbrl.org/2003/arcrole/concept-label" xlink:from="loc_eba_x173" xlink:to="label_eba_x173" />
    <link:loc xlink:type="locator" xlink:href="mem.xsd#eba_x174" xlink:label="loc_eba_x174" />
    <link:label xlink:type="resource" xlink:label="label_eba_x174" xml:lang="en" xlink:role="http://www.xbrl.org/2003/role/label">Fedwire Funds Service</link:label>
    <link:labelArc xlink:type="arc" xlink:arcrole="http://www.xbrl.org/2003/arcrole/concept-label" xlink:from="loc_eba_x174" xlink:to="label_eba_x174" />
    <link:loc xlink:type="locator" xlink:href="mem.xsd#eba_x175" xlink:label="loc_eba_x175" />
    <link:label xlink:type="resource" xlink:label="label_eba_x175" xml:lang="en" xlink:role="http://www.xbrl.org/2003/role/label">Fedwire Securities Services</link:label>
    <link:labelArc xlink:type="arc" xlink:arcrole="http://www.xbrl.org/2003/arcrole/concept-label" xlink:from="loc_eba_x175" xlink:to="label_eba_x175" />
    <link:loc xlink:type="locator" xlink:href="mem.xsd#eba_x176" xlink:label="loc_eba_x176" />
    <link:label xlink:type="resource" xlink:label="label_eba_x176" xml:lang="en" xlink:role="http://www.xbrl.org/2003/role/label">Fixed Income Clearing Corp (FICC)</link:label>
    <link:labelArc xlink:type="arc" xlink:arcrole="http://www.xbrl.org/2003/arcrole/concept-label" xlink:from="loc_eba_x176" xlink:to="label_eba_x176" />
    <link:loc xlink:type="locator" xlink:href="mem.xsd#eba_x177" xlink:label="loc_eba_x177" />
    <link:label xlink:type="resource" xlink:label="label_eba_x177" xml:lang="en" xlink:role="http://www.xbrl.org/2003/role/label">Gielda Papierow Wartosciowych w Warszawie (Warsaw Stock Exchange)</link:label>
    <link:labelArc xlink:type="arc" xlink:arcrole="http://www.xbrl.org/2003/arcrole/concept-label" xlink:from="loc_eba_x177" xlink:to="label_eba_x177" />
    <link:loc xlink:type="locator" xlink:href="mem.xsd#eba_x178" xlink:label="loc_eba_x178" />
    <link:label xlink:type="resource" xlink:label="label_eba_x178" xml:lang="en" xlink:role="http://www.xbrl.org/2003/role/label">Government Securities Depository (GSD)</link:label>
    <link:labelArc xlink:type="arc" xlink:arcrole="http://www.xbrl.org/2003/arcrole/concept-label" xlink:from="loc_eba_x178" xlink:to="label_eba_x178" />
    <link:loc xlink:type="locator" xlink:href="mem.xsd#eba_x179" xlink:label="loc_eba_x179" />
    <link:label xlink:type="resource" xlink:label="label_eba_x179" xml:lang="en" xlink:role="http://www.xbrl.org/2003/role/label">HSVP (RTGS)</link:label>
    <link:labelArc xlink:type="arc" xlink:arcrole="http://www.xbrl.org/2003/arcrole/concept-label" xlink:from="loc_eba_x179" xlink:to="label_eba_x179" />
    <link:loc xlink:type="locator" xlink:href="mem.xsd#eba_x180" xlink:label="loc_eba_x180" />
    <link:label xlink:type="resource" xlink:label="label_eba_x180" xml:lang="en" xlink:role="http://www.xbrl.org/2003/role/label">Iberclear</link:label>
    <link:labelArc xlink:type="arc" xlink:arcrole="http://www.xbrl.org/2003/arcrole/concept-label" xlink:from="loc_eba_x180" xlink:to="label_eba_x180" />
    <link:loc xlink:type="locator" xlink:href="mem.xsd#eba_x181" xlink:label="loc_eba_x181" />
    <link:label xlink:type="resource" xlink:label="label_eba_x181" xml:lang="en" xlink:role="http://www.xbrl.org/2003/role/label">ICE Clear</link:label>
    <link:labelArc xlink:type="arc" xlink:arcrole="http://www.xbrl.org/2003/arcrole/concept-label" xlink:from="loc_eba_x181" xlink:to="label_eba_x181" />
    <link:loc xlink:type="locator" xlink:href="mem.xsd#eba_x182" xlink:label="loc_eba_x182" />
    <link:label xlink:type="resource" xlink:label="label_eba_x182" xml:lang="en" xlink:role="http://www.xbrl.org/2003/role/label">ICE Clear Europe Limited</link:label>
    <link:labelArc xlink:type="arc" xlink:arcrole="http://www.xbrl.org/2003/arcrole/concept-label" xlink:from="loc_eba_x182" xlink:to="label_eba_x182" />
    <link:loc xlink:type="locator" xlink:href="mem.xsd#eba_x183" xlink:label="loc_eba_x183" />
    <link:label xlink:type="resource" xlink:label="label_eba_x183" xml:lang="en" xlink:role="http://www.xbrl.org/2003/role/label">ICE Clear Netherlands</link:label>
    <link:labelArc xlink:type="arc" xlink:arcrole="http://www.xbrl.org/2003/arcrole/concept-label" xlink:from="loc_eba_x183" xlink:to="label_eba_x183" />
    <link:loc xlink:type="locator" xlink:href="mem.xsd#eba_x184" xlink:label="loc_eba_x184" />
    <link:label xlink:type="resource" xlink:label="label_eba_x184" xml:lang="en" xlink:role="http://www.xbrl.org/2003/role/label">ICE Trade Vault Europe Limited (ICE TVEL)</link:label>
    <link:labelArc xlink:type="arc" xlink:arcrole="http://www.xbrl.org/2003/arcrole/concept-label" xlink:from="loc_eba_x184" xlink:to="label_eba_x184" />
    <link:loc xlink:type="locator" xlink:href="mem.xsd#eba_x185" xlink:label="loc_eba_x185" />
    <link:label xlink:type="resource" xlink:label="label_eba_x185" xml:lang="en" xlink:role="http://www.xbrl.org/2003/role/label">ID2S/RSSS</link:label>
    <link:labelArc xlink:type="arc" xlink:arcrole="http://www.xbrl.org/2003/arcrole/concept-label" xlink:from="loc_eba_x185" xlink:to="label_eba_x185" />
    <link:loc xlink:type="locator" xlink:href="mem.xsd#eba_x186" xlink:label="loc_eba_x186" />
    <link:label xlink:type="resource" xlink:label="label_eba_x186" xml:lang="en" xlink:role="http://www.xbrl.org/2003/role/label">Interbank Clearing System (ICS)</link:label>
    <link:labelArc xlink:type="arc" xlink:arcrole="http://www.xbrl.org/2003/arcrole/concept-label" xlink:from="loc_eba_x186" xlink:to="label_eba_x186" />
    <link:loc xlink:type="locator" xlink:href="mem.xsd#eba_x187" xlink:label="loc_eba_x187" />
    <link:label xlink:type="resource" xlink:label="label_eba_x187" xml:lang="en" xlink:role="http://www.xbrl.org/2003/role/label">INTERBOLSA</link:label>
    <link:labelArc xlink:type="arc" xlink:arcrole="http://www.xbrl.org/2003/arcrole/concept-label" xlink:from="loc_eba_x187" xlink:to="label_eba_x187" />
    <link:loc xlink:type="locator" xlink:href="mem.xsd#eba_x188" xlink:label="loc_eba_x188" />
    <link:label xlink:type="resource" xlink:label="label_eba_x188" xml:lang="en" xlink:role="http://www.xbrl.org/2003/role/label">IntradagClearing</link:label>
    <link:labelArc xlink:type="arc" xlink:arcrole="http://www.xbrl.org/2003/arcrole/concept-label" xlink:from="loc_eba_x188" xlink:to="label_eba_x188" />
    <link:loc xlink:type="locator" xlink:href="mem.xsd#eba_x189" xlink:label="loc_eba_x189" />
    <link:label xlink:type="resource" xlink:label="label_eba_x189" xml:lang="en" xlink:role="http://www.xbrl.org/2003/role/label">IRGiT Izba Rozliczeniowa Giełd Towarowych S.A (Commodity Clearing House</link:label>
    <link:labelArc xlink:type="arc" xlink:arcrole="http://www.xbrl.org/2003/arcrole/concept-label" xlink:from="loc_eba_x189" xlink:to="label_eba_x189" />
    <link:loc xlink:type="locator" xlink:href="mem.xsd#eba_x190" xlink:label="loc_eba_x190" />
    <link:label xlink:type="resource" xlink:label="label_eba_x190" xml:lang="en" xlink:role="http://www.xbrl.org/2003/role/label">Irish Paper Clearing Company (IPCC)</link:label>
    <link:labelArc xlink:type="arc" xlink:arcrole="http://www.xbrl.org/2003/arcrole/concept-label" xlink:from="loc_eba_x190" xlink:to="label_eba_x190" />
    <link:loc xlink:type="locator" xlink:href="mem.xsd#eba_x191" xlink:label="loc_eba_x191" />
    <link:label xlink:type="resource" xlink:label="label_eba_x191" xml:lang="en" xlink:role="http://www.xbrl.org/2003/role/label">Irish Stock Exchange Ltd</link:label>
    <link:labelArc xlink:type="arc" xlink:arcrole="http://www.xbrl.org/2003/arcrole/concept-label" xlink:from="loc_eba_x191" xlink:to="label_eba_x191" />
    <link:loc xlink:type="locator" xlink:href="mem.xsd#eba_x192" xlink:label="loc_eba_x192" />
    <link:label xlink:type="resource" xlink:label="label_eba_x192" xml:lang="en" xlink:role="http://www.xbrl.org/2003/role/label">Japan Securities Clearing Corporation</link:label>
    <link:labelArc xlink:type="arc" xlink:arcrole="http://www.xbrl.org/2003/arcrole/concept-label" xlink:from="loc_eba_x192" xlink:to="label_eba_x192" />
    <link:loc xlink:type="locator" xlink:href="mem.xsd#eba_x193" xlink:label="loc_eba_x193" />
    <link:label xlink:type="resource" xlink:label="label_eba_x193" xml:lang="en" xlink:role="http://www.xbrl.org/2003/role/label">JASDEC</link:label>
    <link:labelArc xlink:type="arc" xlink:arcrole="http://www.xbrl.org/2003/arcrole/concept-label" xlink:from="loc_eba_x193" xlink:to="label_eba_x193" />
    <link:loc xlink:type="locator" xlink:href="mem.xsd#eba_x194" xlink:label="loc_eba_x194" />
    <link:label xlink:type="resource" xlink:label="label_eba_x194" xml:lang="en" xlink:role="http://www.xbrl.org/2003/role/label">JASDEC DVP</link:label>
    <link:labelArc xlink:type="arc" xlink:arcrole="http://www.xbrl.org/2003/arcrole/concept-label" xlink:from="loc_eba_x194" xlink:to="label_eba_x194" />
    <link:loc xlink:type="locator" xlink:href="mem.xsd#eba_x195" xlink:label="loc_eba_x195" />
    <link:label xlink:type="resource" xlink:label="label_eba_x195" xml:lang="en" xlink:role="http://www.xbrl.org/2003/role/label">JCC</link:label>
    <link:labelArc xlink:type="arc" xlink:arcrole="http://www.xbrl.org/2003/arcrole/concept-label" xlink:from="loc_eba_x195" xlink:to="label_eba_x195" />
    <link:loc xlink:type="locator" xlink:href="mem.xsd#eba_x196" xlink:label="loc_eba_x196" />
    <link:label xlink:type="resource" xlink:label="label_eba_x196" xml:lang="en" xlink:role="http://www.xbrl.org/2003/role/label">KDPW S.A.</link:label>
    <link:labelArc xlink:type="arc" xlink:arcrole="http://www.xbrl.org/2003/arcrole/concept-label" xlink:from="loc_eba_x196" xlink:to="label_eba_x196" />
    <link:loc xlink:type="locator" xlink:href="mem.xsd#eba_x197" xlink:label="loc_eba_x197" />
    <link:label xlink:type="resource" xlink:label="label_eba_x197" xml:lang="en" xlink:role="http://www.xbrl.org/2003/role/label">KDPW_CCP S.A.</link:label>
    <link:labelArc xlink:type="arc" xlink:arcrole="http://www.xbrl.org/2003/arcrole/concept-label" xlink:from="loc_eba_x197" xlink:to="label_eba_x197" />
    <link:loc xlink:type="locator" xlink:href="mem.xsd#eba_x198" xlink:label="loc_eba_x198" />
    <link:label xlink:type="resource" xlink:label="label_eba_x198" xml:lang="en" xlink:role="http://www.xbrl.org/2003/role/label">KDPW-TR</link:label>
    <link:labelArc xlink:type="arc" xlink:arcrole="http://www.xbrl.org/2003/arcrole/concept-label" xlink:from="loc_eba_x198" xlink:to="label_eba_x198" />
    <link:loc xlink:type="locator" xlink:href="mem.xsd#eba_x199" xlink:label="loc_eba_x199" />
    <link:label xlink:type="resource" xlink:label="label_eba_x199" xml:lang="en" xlink:role="http://www.xbrl.org/2003/role/label">KELER CCP</link:label>
    <link:labelArc xlink:type="arc" xlink:arcrole="http://www.xbrl.org/2003/arcrole/concept-label" xlink:from="loc_eba_x199" xlink:to="label_eba_x199" />
    <link:loc xlink:type="locator" xlink:href="mem.xsd#eba_x200" xlink:label="loc_eba_x200" />
    <link:label xlink:type="resource" xlink:label="label_eba_x200" xml:lang="en" xlink:role="http://www.xbrl.org/2003/role/label">KELER CSD</link:label>
    <link:labelArc xlink:type="arc" xlink:arcrole="http://www.xbrl.org/2003/arcrole/concept-label" xlink:from="loc_eba_x200" xlink:to="label_eba_x200" />
    <link:loc xlink:type="locator" xlink:href="mem.xsd#eba_x201" xlink:label="loc_eba_x201" />
    <link:label xlink:type="resource" xlink:label="label_eba_x201" xml:lang="en" xlink:role="http://www.xbrl.org/2003/role/label">KRONOS</link:label>
    <link:labelArc xlink:type="arc" xlink:arcrole="http://www.xbrl.org/2003/arcrole/concept-label" xlink:from="loc_eba_x201" xlink:to="label_eba_x201" />
    <link:loc xlink:type="locator" xlink:href="mem.xsd#eba_x202" xlink:label="loc_eba_x202" />
    <link:label xlink:type="resource" xlink:label="label_eba_x202" xml:lang="en" xlink:role="http://www.xbrl.org/2003/role/label">KUBAS</link:label>
    <link:labelArc xlink:type="arc" xlink:arcrole="http://www.xbrl.org/2003/arcrole/concept-label" xlink:from="loc_eba_x202" xlink:to="label_eba_x202" />
    <link:loc xlink:type="locator" xlink:href="mem.xsd#eba_x203" xlink:label="loc_eba_x203" />
    <link:label xlink:type="resource" xlink:label="label_eba_x203" xml:lang="en" xlink:role="http://www.xbrl.org/2003/role/label">Large Value Transfer System (LVTS)</link:label>
    <link:labelArc xlink:type="arc" xlink:arcrole="http://www.xbrl.org/2003/arcrole/concept-label" xlink:from="loc_eba_x203" xlink:to="label_eba_x203" />
    <link:loc xlink:type="locator" xlink:href="mem.xsd#eba_x204" xlink:label="loc_eba_x204" />
    <link:label xlink:type="resource" xlink:label="label_eba_x204" xml:lang="en" xlink:role="http://www.xbrl.org/2003/role/label">LCH Ltd</link:label>
    <link:labelArc xlink:type="arc" xlink:arcrole="http://www.xbrl.org/2003/arcrole/concept-label" xlink:from="loc_eba_x204" xlink:to="label_eba_x204" />
    <link:loc xlink:type="locator" xlink:href="mem.xsd#eba_x205" xlink:label="loc_eba_x205" />
    <link:label xlink:type="resource" xlink:label="label_eba_x205" xml:lang="en" xlink:role="http://www.xbrl.org/2003/role/label">LCH SA</link:label>
    <link:labelArc xlink:type="arc" xlink:arcrole="http://www.xbrl.org/2003/arcrole/concept-label" xlink:from="loc_eba_x205" xlink:to="label_eba_x205" />
    <link:loc xlink:type="locator" xlink:href="mem.xsd#eba_x206" xlink:label="loc_eba_x206" />
    <link:label xlink:type="resource" xlink:label="label_eba_x206" xml:lang="en" xlink:role="http://www.xbrl.org/2003/role/label">Ljubljana Stock Exchange</link:label>
    <link:labelArc xlink:type="arc" xlink:arcrole="http://www.xbrl.org/2003/arcrole/concept-label" xlink:from="loc_eba_x206" xlink:to="label_eba_x206" />
    <link:loc xlink:type="locator" xlink:href="mem.xsd#eba_x207" xlink:label="loc_eba_x207" />
    <link:label xlink:type="resource" xlink:label="label_eba_x207" xml:lang="en" xlink:role="http://www.xbrl.org/2003/role/label">LME Clear Limited</link:label>
    <link:labelArc xlink:type="arc" xlink:arcrole="http://www.xbrl.org/2003/arcrole/concept-label" xlink:from="loc_eba_x207" xlink:to="label_eba_x207" />
    <link:loc xlink:type="locator" xlink:href="mem.xsd#eba_x208" xlink:label="loc_eba_x208" />
    <link:label xlink:type="resource" xlink:label="label_eba_x208" xml:lang="en" xlink:role="http://www.xbrl.org/2003/role/label">London Stock Exchange Ltd (LSE)</link:label>
    <link:labelArc xlink:type="arc" xlink:arcrole="http://www.xbrl.org/2003/arcrole/concept-label" xlink:from="loc_eba_x208" xlink:to="label_eba_x208" />
    <link:loc xlink:type="locator" xlink:href="mem.xsd#eba_x209" xlink:label="loc_eba_x209" />
    <link:label xlink:type="resource" xlink:label="label_eba_x209" xml:lang="en" xlink:role="http://www.xbrl.org/2003/role/label">LUX CSD</link:label>
    <link:labelArc xlink:type="arc" xlink:arcrole="http://www.xbrl.org/2003/arcrole/concept-label" xlink:from="loc_eba_x209" xlink:to="label_eba_x209" />
    <link:loc xlink:type="locator" xlink:href="mem.xsd#eba_x210" xlink:label="loc_eba_x210" />
    <link:label xlink:type="resource" xlink:label="label_eba_x210" xml:lang="en" xlink:role="http://www.xbrl.org/2003/role/label">Malta Clearing House</link:label>
    <link:labelArc xlink:type="arc" xlink:arcrole="http://www.xbrl.org/2003/arcrole/concept-label" xlink:from="loc_eba_x210" xlink:to="label_eba_x210" />
    <link:loc xlink:type="locator" xlink:href="mem.xsd#eba_x211" xlink:label="loc_eba_x211" />
    <link:label xlink:type="resource" xlink:label="label_eba_x211" xml:lang="en" xlink:role="http://www.xbrl.org/2003/role/label">Malta Stock Exchange</link:label>
    <link:labelArc xlink:type="arc" xlink:arcrole="http://www.xbrl.org/2003/arcrole/concept-label" xlink:from="loc_eba_x211" xlink:to="label_eba_x211" />
    <link:loc xlink:type="locator" xlink:href="mem.xsd#eba_x212" xlink:label="loc_eba_x212" />
    <link:label xlink:type="resource" xlink:label="label_eba_x212" xml:lang="en" xlink:role="http://www.xbrl.org/2003/role/label">Malta Stock Exchange CSD</link:label>
    <link:labelArc xlink:type="arc" xlink:arcrole="http://www.xbrl.org/2003/arcrole/concept-label" xlink:from="loc_eba_x212" xlink:to="label_eba_x212" />
    <link:loc xlink:type="locator" xlink:href="mem.xsd#eba_x213" xlink:label="loc_eba_x213" />
    <link:label xlink:type="resource" xlink:label="label_eba_x213" xml:lang="en" xlink:role="http://www.xbrl.org/2003/role/label">MEFF Sociedad Rectora de Productos Derivados S. A.</link:label>
    <link:labelArc xlink:type="arc" xlink:arcrole="http://www.xbrl.org/2003/arcrole/concept-label" xlink:from="loc_eba_x213" xlink:to="label_eba_x213" />
    <link:loc xlink:type="locator" xlink:href="mem.xsd#eba_x214" xlink:label="loc_eba_x214" />
    <link:label xlink:type="resource" xlink:label="label_eba_x214" xml:lang="en" xlink:role="http://www.xbrl.org/2003/role/label">Mercados de Deuda Pública en Anotaciones</link:label>
    <link:labelArc xlink:type="arc" xlink:arcrole="http://www.xbrl.org/2003/arcrole/concept-label" xlink:from="loc_eba_x214" xlink:to="label_eba_x214" />
    <link:loc xlink:type="locator" xlink:href="mem.xsd#eba_x215" xlink:label="loc_eba_x215" />
    <link:label xlink:type="resource" xlink:label="label_eba_x215" xml:lang="en" xlink:role="http://www.xbrl.org/2003/role/label">Monte Titoli</link:label>
    <link:labelArc xlink:type="arc" xlink:arcrole="http://www.xbrl.org/2003/arcrole/concept-label" xlink:from="loc_eba_x215" xlink:to="label_eba_x215" />
    <link:loc xlink:type="locator" xlink:href="mem.xsd#eba_x216" xlink:label="loc_eba_x216" />
    <link:label xlink:type="resource" xlink:label="label_eba_x216" xml:lang="en" xlink:role="http://www.xbrl.org/2003/role/label">MTS</link:label>
    <link:labelArc xlink:type="arc" xlink:arcrole="http://www.xbrl.org/2003/arcrole/concept-label" xlink:from="loc_eba_x216" xlink:to="label_eba_x216" />
    <link:loc xlink:type="locator" xlink:href="mem.xsd#eba_x217" xlink:label="loc_eba_x217" />
    <link:label xlink:type="resource" xlink:label="label_eba_x217" xml:lang="en" xlink:role="http://www.xbrl.org/2003/role/label">Národný Centralny Depositar Cennych Papierov (nCDCP) as</link:label>
    <link:labelArc xlink:type="arc" xlink:arcrole="http://www.xbrl.org/2003/arcrole/concept-label" xlink:from="loc_eba_x217" xlink:to="label_eba_x217" />
    <link:loc xlink:type="locator" xlink:href="mem.xsd#eba_x218" xlink:label="loc_eba_x218" />
    <link:label xlink:type="resource" xlink:label="label_eba_x218" xml:lang="en" xlink:role="http://www.xbrl.org/2003/role/label">Nasdaq CSD SE</link:label>
    <link:labelArc xlink:type="arc" xlink:arcrole="http://www.xbrl.org/2003/arcrole/concept-label" xlink:from="loc_eba_x218" xlink:to="label_eba_x218" />
    <link:loc xlink:type="locator" xlink:href="mem.xsd#eba_x219" xlink:label="loc_eba_x219" />
    <link:label xlink:type="resource" xlink:label="label_eba_x219" xml:lang="en" xlink:role="http://www.xbrl.org/2003/role/label">Nasdaq Helsinki</link:label>
    <link:labelArc xlink:type="arc" xlink:arcrole="http://www.xbrl.org/2003/arcrole/concept-label" xlink:from="loc_eba_x219" xlink:to="label_eba_x219" />
    <link:loc xlink:type="locator" xlink:href="mem.xsd#eba_x220" xlink:label="loc_eba_x220" />
    <link:label xlink:type="resource" xlink:label="label_eba_x220" xml:lang="en" xlink:role="http://www.xbrl.org/2003/role/label">Nasdaq OMX Clearing</link:label>
    <link:labelArc xlink:type="arc" xlink:arcrole="http://www.xbrl.org/2003/arcrole/concept-label" xlink:from="loc_eba_x220" xlink:to="label_eba_x220" />
    <link:loc xlink:type="locator" xlink:href="mem.xsd#eba_x221" xlink:label="loc_eba_x221" />
    <link:label xlink:type="resource" xlink:label="label_eba_x221" xml:lang="en" xlink:role="http://www.xbrl.org/2003/role/label">Nasdaq OMX Stockholm</link:label>
    <link:labelArc xlink:type="arc" xlink:arcrole="http://www.xbrl.org/2003/arcrole/concept-label" xlink:from="loc_eba_x221" xlink:to="label_eba_x221" />
    <link:loc xlink:type="locator" xlink:href="mem.xsd#eba_x222" xlink:label="loc_eba_x222" />
    <link:label xlink:type="resource" xlink:label="label_eba_x222" xml:lang="en" xlink:role="http://www.xbrl.org/2003/role/label">National Securities Clearing Corp. (NSCC)</link:label>
    <link:labelArc xlink:type="arc" xlink:arcrole="http://www.xbrl.org/2003/arcrole/concept-label" xlink:from="loc_eba_x222" xlink:to="label_eba_x222" />
    <link:loc xlink:type="locator" xlink:href="mem.xsd#eba_x223" xlink:label="loc_eba_x223" />
    <link:label xlink:type="resource" xlink:label="label_eba_x223" xml:lang="en" xlink:role="http://www.xbrl.org/2003/role/label">NBB SSS</link:label>
    <link:labelArc xlink:type="arc" xlink:arcrole="http://www.xbrl.org/2003/arcrole/concept-label" xlink:from="loc_eba_x223" xlink:to="label_eba_x223" />
    <link:loc xlink:type="locator" xlink:href="mem.xsd#eba_x224" xlink:label="loc_eba_x224" />
    <link:label xlink:type="resource" xlink:label="label_eba_x224" xml:lang="en" xlink:role="http://www.xbrl.org/2003/role/label">NBP bills and treasury bills Register</link:label>
    <link:labelArc xlink:type="arc" xlink:arcrole="http://www.xbrl.org/2003/arcrole/concept-label" xlink:from="loc_eba_x224" xlink:to="label_eba_x224" />
    <link:loc xlink:type="locator" xlink:href="mem.xsd#eba_x225" xlink:label="loc_eba_x225" />
    <link:label xlink:type="resource" xlink:label="label_eba_x225" xml:lang="en" xlink:role="http://www.xbrl.org/2003/role/label">NEX Abide Trade Repository AB</link:label>
    <link:labelArc xlink:type="arc" xlink:arcrole="http://www.xbrl.org/2003/arcrole/concept-label" xlink:from="loc_eba_x225" xlink:to="label_eba_x225" />
    <link:loc xlink:type="locator" xlink:href="mem.xsd#eba_x226" xlink:label="loc_eba_x226" />
    <link:label xlink:type="resource" xlink:label="label_eba_x226" xml:lang="en" xlink:role="http://www.xbrl.org/2003/role/label">NICS (Norwegian Inter Bank Clearing System)</link:label>
    <link:labelArc xlink:type="arc" xlink:arcrole="http://www.xbrl.org/2003/arcrole/concept-label" xlink:from="loc_eba_x226" xlink:to="label_eba_x226" />
    <link:loc xlink:type="locator" xlink:href="mem.xsd#eba_x227" xlink:label="loc_eba_x227" />
    <link:label xlink:type="resource" xlink:label="label_eba_x227" xml:lang="en" xlink:role="http://www.xbrl.org/2003/role/label">NKS ( National Clearing System)/EuroNKS</link:label>
    <link:labelArc xlink:type="arc" xlink:arcrole="http://www.xbrl.org/2003/arcrole/concept-label" xlink:from="loc_eba_x227" xlink:to="label_eba_x227" />
    <link:loc xlink:type="locator" xlink:href="mem.xsd#eba_x228" xlink:label="loc_eba_x228" />
    <link:label xlink:type="resource" xlink:label="label_eba_x228" xml:lang="en" xlink:role="http://www.xbrl.org/2003/role/label">NYSE Euronext Paris</link:label>
    <link:labelArc xlink:type="arc" xlink:arcrole="http://www.xbrl.org/2003/arcrole/concept-label" xlink:from="loc_eba_x228" xlink:to="label_eba_x228" />
    <link:loc xlink:type="locator" xlink:href="mem.xsd#eba_x229" xlink:label="loc_eba_x229" />
    <link:label xlink:type="resource" xlink:label="label_eba_x229" xml:lang="en" xlink:role="http://www.xbrl.org/2003/role/label">OeKB CSD GmbH (WSB System)</link:label>
    <link:labelArc xlink:type="arc" xlink:arcrole="http://www.xbrl.org/2003/arcrole/concept-label" xlink:from="loc_eba_x229" xlink:to="label_eba_x229" />
    <link:loc xlink:type="locator" xlink:href="mem.xsd#eba_x230" xlink:label="loc_eba_x230" />
    <link:label xlink:type="resource" xlink:label="label_eba_x230" xml:lang="en" xlink:role="http://www.xbrl.org/2003/role/label">OMI Clear</link:label>
    <link:labelArc xlink:type="arc" xlink:arcrole="http://www.xbrl.org/2003/arcrole/concept-label" xlink:from="loc_eba_x230" xlink:to="label_eba_x230" />
    <link:loc xlink:type="locator" xlink:href="mem.xsd#eba_x231" xlink:label="loc_eba_x231" />
    <link:label xlink:type="resource" xlink:label="label_eba_x231" xml:lang="en" xlink:role="http://www.xbrl.org/2003/role/label">POPS</link:label>
    <link:labelArc xlink:type="arc" xlink:arcrole="http://www.xbrl.org/2003/arcrole/concept-label" xlink:from="loc_eba_x231" xlink:to="label_eba_x231" />
    <link:loc xlink:type="locator" xlink:href="mem.xsd#eba_x232" xlink:label="loc_eba_x232" />
    <link:label xlink:type="resource" xlink:label="label_eba_x232" xml:lang="en" xlink:role="http://www.xbrl.org/2003/role/label">REGIS</link:label>
    <link:labelArc xlink:type="arc" xlink:arcrole="http://www.xbrl.org/2003/arcrole/concept-label" xlink:from="loc_eba_x232" xlink:to="label_eba_x232" />
    <link:loc xlink:type="locator" xlink:href="mem.xsd#eba_x233" xlink:label="loc_eba_x233" />
    <link:label xlink:type="resource" xlink:label="label_eba_x233" xml:lang="en" xlink:role="http://www.xbrl.org/2003/role/label">Regis-TR</link:label>
    <link:labelArc xlink:type="arc" xlink:arcrole="http://www.xbrl.org/2003/arcrole/concept-label" xlink:from="loc_eba_x233" xlink:to="label_eba_x233" />
    <link:loc xlink:type="locator" xlink:href="mem.xsd#eba_x234" xlink:label="loc_eba_x234" />
    <link:label xlink:type="resource" xlink:label="label_eba_x234" xml:lang="en" xlink:role="http://www.xbrl.org/2003/role/label">RINGS (Real-time INterbank Gross-settlement System)</link:label>
    <link:labelArc xlink:type="arc" xlink:arcrole="http://www.xbrl.org/2003/arcrole/concept-label" xlink:from="loc_eba_x234" xlink:to="label_eba_x234" />
    <link:loc xlink:type="locator" xlink:href="mem.xsd#eba_x235" xlink:label="loc_eba_x235" />
    <link:label xlink:type="resource" xlink:label="label_eba_x235" xml:lang="en" xlink:role="http://www.xbrl.org/2003/role/label">RIX</link:label>
    <link:labelArc xlink:type="arc" xlink:arcrole="http://www.xbrl.org/2003/arcrole/concept-label" xlink:from="loc_eba_x235" xlink:to="label_eba_x235" />
    <link:loc xlink:type="locator" xlink:href="mem.xsd#eba_x236" xlink:label="loc_eba_x236" />
    <link:label xlink:type="resource" xlink:label="label_eba_x236" xml:lang="en" xlink:role="http://www.xbrl.org/2003/role/label">RM-SYSTEM Czech Stock Exchange</link:label>
    <link:labelArc xlink:type="arc" xlink:arcrole="http://www.xbrl.org/2003/arcrole/concept-label" xlink:from="loc_eba_x236" xlink:to="label_eba_x236" />
    <link:loc xlink:type="locator" xlink:href="mem.xsd#eba_x237" xlink:label="loc_eba_x237" />
    <link:label xlink:type="resource" xlink:label="label_eba_x237" xml:lang="en" xlink:role="http://www.xbrl.org/2003/role/label">RoClear</link:label>
    <link:labelArc xlink:type="arc" xlink:arcrole="http://www.xbrl.org/2003/arcrole/concept-label" xlink:from="loc_eba_x237" xlink:to="label_eba_x237" />
    <link:loc xlink:type="locator" xlink:href="mem.xsd#eba_x238" xlink:label="loc_eba_x238" />
    <link:label xlink:type="resource" xlink:label="label_eba_x238" xml:lang="en" xlink:role="http://www.xbrl.org/2003/role/label">RPS</link:label>
    <link:labelArc xlink:type="arc" xlink:arcrole="http://www.xbrl.org/2003/arcrole/concept-label" xlink:from="loc_eba_x238" xlink:to="label_eba_x238" />
    <link:loc xlink:type="locator" xlink:href="mem.xsd#eba_x239" xlink:label="loc_eba_x239" />
    <link:label xlink:type="resource" xlink:label="label_eba_x239" xml:lang="en" xlink:role="http://www.xbrl.org/2003/role/label">RT1</link:label>
    <link:labelArc xlink:type="arc" xlink:arcrole="http://www.xbrl.org/2003/arcrole/concept-label" xlink:from="loc_eba_x239" xlink:to="label_eba_x239" />
    <link:loc xlink:type="locator" xlink:href="mem.xsd#eba_x240" xlink:label="loc_eba_x240" />
    <link:label xlink:type="resource" xlink:label="label_eba_x240" xml:lang="en" xlink:role="http://www.xbrl.org/2003/role/label">SAFIR</link:label>
    <link:labelArc xlink:type="arc" xlink:arcrole="http://www.xbrl.org/2003/arcrole/concept-label" xlink:from="loc_eba_x240" xlink:to="label_eba_x240" />
    <link:loc xlink:type="locator" xlink:href="mem.xsd#eba_x241" xlink:label="loc_eba_x241" />
    <link:label xlink:type="resource" xlink:label="label_eba_x241" xml:lang="en" xlink:role="http://www.xbrl.org/2003/role/label">SENT</link:label>
    <link:labelArc xlink:type="arc" xlink:arcrole="http://www.xbrl.org/2003/arcrole/concept-label" xlink:from="loc_eba_x241" xlink:to="label_eba_x241" />
    <link:loc xlink:type="locator" xlink:href="mem.xsd#eba_x242" xlink:label="loc_eba_x242" />
    <link:label xlink:type="resource" xlink:label="label_eba_x242" xml:lang="en" xlink:role="http://www.xbrl.org/2003/role/label">SICOI</link:label>
    <link:labelArc xlink:type="arc" xlink:arcrole="http://www.xbrl.org/2003/arcrole/concept-label" xlink:from="loc_eba_x242" xlink:to="label_eba_x242" />
    <link:loc xlink:type="locator" xlink:href="mem.xsd#eba_x243" xlink:label="loc_eba_x243" />
    <link:label xlink:type="resource" xlink:label="label_eba_x243" xml:lang="en" xlink:role="http://www.xbrl.org/2003/role/label">SIMP - PS</link:label>
    <link:labelArc xlink:type="arc" xlink:arcrole="http://www.xbrl.org/2003/arcrole/concept-label" xlink:from="loc_eba_x243" xlink:to="label_eba_x243" />
    <link:loc xlink:type="locator" xlink:href="mem.xsd#eba_x244" xlink:label="loc_eba_x244" />
    <link:label xlink:type="resource" xlink:label="label_eba_x244" xml:lang="en" xlink:role="http://www.xbrl.org/2003/role/label">SIP SPlatobný systém</link:label>
    <link:labelArc xlink:type="arc" xlink:arcrole="http://www.xbrl.org/2003/arcrole/concept-label" xlink:from="loc_eba_x244" xlink:to="label_eba_x244" />
    <link:loc xlink:type="locator" xlink:href="mem.xsd#eba_x245" xlink:label="loc_eba_x245" />
    <link:label xlink:type="resource" xlink:label="label_eba_x245" xml:lang="en" xlink:role="http://www.xbrl.org/2003/role/label">SIX</link:label>
    <link:labelArc xlink:type="arc" xlink:arcrole="http://www.xbrl.org/2003/arcrole/concept-label" xlink:from="loc_eba_x245" xlink:to="label_eba_x245" />
    <link:loc xlink:type="locator" xlink:href="mem.xsd#eba_x246" xlink:label="loc_eba_x246" />
    <link:label xlink:type="resource" xlink:label="label_eba_x246" xml:lang="en" xlink:role="http://www.xbrl.org/2003/role/label">SIX InterbankClearing (SIC)/EuroSIC</link:label>
    <link:labelArc xlink:type="arc" xlink:arcrole="http://www.xbrl.org/2003/arcrole/concept-label" xlink:from="loc_eba_x246" xlink:to="label_eba_x246" />
    <link:loc xlink:type="locator" xlink:href="mem.xsd#eba_x247" xlink:label="loc_eba_x247" />
    <link:label xlink:type="resource" xlink:label="label_eba_x247" xml:lang="en" xlink:role="http://www.xbrl.org/2003/role/label">SIX Swiss Exchange</link:label>
    <link:labelArc xlink:type="arc" xlink:arcrole="http://www.xbrl.org/2003/arcrole/concept-label" xlink:from="loc_eba_x247" xlink:to="label_eba_x247" />
    <link:loc xlink:type="locator" xlink:href="mem.xsd#eba_x248" xlink:label="loc_eba_x248" />
    <link:label xlink:type="resource" xlink:label="label_eba_x248" xml:lang="en" xlink:role="http://www.xbrl.org/2003/role/label">SIX x-clear</link:label>
    <link:labelArc xlink:type="arc" xlink:arcrole="http://www.xbrl.org/2003/arcrole/concept-label" xlink:from="loc_eba_x248" xlink:to="label_eba_x248" />
    <link:loc xlink:type="locator" xlink:href="mem.xsd#eba_x250" xlink:label="loc_eba_x250" />
    <link:label xlink:type="resource" xlink:label="label_eba_x250" xml:lang="en" xlink:role="http://www.xbrl.org/2003/role/label">SKD (Short Term Bond System)</link:label>
    <link:labelArc xlink:type="arc" xlink:arcrole="http://www.xbrl.org/2003/arcrole/concept-label" xlink:from="loc_eba_x250" xlink:to="label_eba_x250" />
    <link:loc xlink:type="locator" xlink:href="mem.xsd#eba_x251" xlink:label="loc_eba_x251" />
    <link:label xlink:type="resource" xlink:label="label_eba_x251" xml:lang="en" xlink:role="http://www.xbrl.org/2003/role/label">SNCE (Sistema Nacional de Compensación Electrónica)</link:label>
    <link:labelArc xlink:type="arc" xlink:arcrole="http://www.xbrl.org/2003/arcrole/concept-label" xlink:from="loc_eba_x251" xlink:to="label_eba_x251" />
    <link:loc xlink:type="locator" xlink:href="mem.xsd#eba_x252" xlink:label="loc_eba_x252" />
    <link:label xlink:type="resource" xlink:label="label_eba_x252" xml:lang="en" xlink:role="http://www.xbrl.org/2003/role/label">Société de la Bourse du Luxembourg SA</link:label>
    <link:labelArc xlink:type="arc" xlink:arcrole="http://www.xbrl.org/2003/arcrole/concept-label" xlink:from="loc_eba_x252" xlink:to="label_eba_x252" />
    <link:loc xlink:type="locator" xlink:href="mem.xsd#eba_x253" xlink:label="loc_eba_x253" />
    <link:label xlink:type="resource" xlink:label="label_eba_x253" xml:lang="en" xlink:role="http://www.xbrl.org/2003/role/label">SORBNET2</link:label>
    <link:labelArc xlink:type="arc" xlink:arcrole="http://www.xbrl.org/2003/arcrole/concept-label" xlink:from="loc_eba_x253" xlink:to="label_eba_x253" />
    <link:loc xlink:type="locator" xlink:href="mem.xsd#eba_x254" xlink:label="loc_eba_x254" />
    <link:label xlink:type="resource" xlink:label="label_eba_x254" xml:lang="en" xlink:role="http://www.xbrl.org/2003/role/label">STEP 1</link:label>
    <link:labelArc xlink:type="arc" xlink:arcrole="http://www.xbrl.org/2003/arcrole/concept-label" xlink:from="loc_eba_x254" xlink:to="label_eba_x254" />
    <link:loc xlink:type="locator" xlink:href="mem.xsd#eba_x255" xlink:label="loc_eba_x255" />
    <link:label xlink:type="resource" xlink:label="label_eba_x255" xml:lang="en" xlink:role="http://www.xbrl.org/2003/role/label">STEP 2</link:label>
    <link:labelArc xlink:type="arc" xlink:arcrole="http://www.xbrl.org/2003/arcrole/concept-label" xlink:from="loc_eba_x255" xlink:to="label_eba_x255" />
    <link:loc xlink:type="locator" xlink:href="mem.xsd#eba_x256" xlink:label="loc_eba_x256" />
    <link:label xlink:type="resource" xlink:label="label_eba_x256" xml:lang="en" xlink:role="http://www.xbrl.org/2003/role/label">STET/CORE</link:label>
    <link:labelArc xlink:type="arc" xlink:arcrole="http://www.xbrl.org/2003/arcrole/concept-label" xlink:from="loc_eba_x256" xlink:to="label_eba_x256" />
    <link:loc xlink:type="locator" xlink:href="mem.xsd#eba_x257" xlink:label="loc_eba_x257" />
    <link:label xlink:type="resource" xlink:label="label_eba_x257" xml:lang="en" xlink:role="http://www.xbrl.org/2003/role/label">Straksclearingen</link:label>
    <link:labelArc xlink:type="arc" xlink:arcrole="http://www.xbrl.org/2003/arcrole/concept-label" xlink:from="loc_eba_x257" xlink:to="label_eba_x257" />
    <link:loc xlink:type="locator" xlink:href="mem.xsd#eba_x258" xlink:label="loc_eba_x258" />
    <link:label xlink:type="resource" xlink:label="label_eba_x258" xml:lang="en" xlink:role="http://www.xbrl.org/2003/role/label">Sumclearingen</link:label>
    <link:labelArc xlink:type="arc" xlink:arcrole="http://www.xbrl.org/2003/arcrole/concept-label" xlink:from="loc_eba_x258" xlink:to="label_eba_x258" />
    <link:loc xlink:type="locator" xlink:href="mem.xsd#eba_x259" xlink:label="loc_eba_x259" />
    <link:label xlink:type="resource" xlink:label="label_eba_x259" xml:lang="en" xlink:role="http://www.xbrl.org/2003/role/label">T2S (SSS - only for direct connectivity)</link:label>
    <link:labelArc xlink:type="arc" xlink:arcrole="http://www.xbrl.org/2003/arcrole/concept-label" xlink:from="loc_eba_x259" xlink:to="label_eba_x259" />
    <link:loc xlink:type="locator" xlink:href="mem.xsd#eba_x260" xlink:label="loc_eba_x260" />
    <link:label xlink:type="resource" xlink:label="label_eba_x260" xml:lang="en" xlink:role="http://www.xbrl.org/2003/role/label">TARGET2</link:label>
    <link:labelArc xlink:type="arc" xlink:arcrole="http://www.xbrl.org/2003/arcrole/concept-label" xlink:from="loc_eba_x260" xlink:to="label_eba_x260" />
    <link:loc xlink:type="locator" xlink:href="mem.xsd#eba_x261" xlink:label="loc_eba_x261" />
    <link:label xlink:type="resource" xlink:label="label_eba_x261" xml:lang="en" xlink:role="http://www.xbrl.org/2003/role/label">TIPS</link:label>
    <link:labelArc xlink:type="arc" xlink:arcrole="http://www.xbrl.org/2003/arcrole/concept-label" xlink:from="loc_eba_x261" xlink:to="label_eba_x261" />
    <link:loc xlink:type="locator" xlink:href="mem.xsd#eba_x262" xlink:label="loc_eba_x262" />
    <link:label xlink:type="resource" xlink:label="label_eba_x262" xml:lang="en" xlink:role="http://www.xbrl.org/2003/role/label">UnaVista Limited</link:label>
    <link:labelArc xlink:type="arc" xlink:arcrole="http://www.xbrl.org/2003/arcrole/concept-label" xlink:from="loc_eba_x262" xlink:to="label_eba_x262" />
    <link:loc xlink:type="locator" xlink:href="mem.xsd#eba_x263" xlink:label="loc_eba_x263" />
    <link:label xlink:type="resource" xlink:label="label_eba_x263" xml:lang="en" xlink:role="http://www.xbrl.org/2003/role/label">Verdipapirsentralen (VPS)</link:label>
    <link:labelArc xlink:type="arc" xlink:arcrole="http://www.xbrl.org/2003/arcrole/concept-label" xlink:from="loc_eba_x263" xlink:to="label_eba_x263" />
    <link:loc xlink:type="locator" xlink:href="mem.xsd#eba_x264" xlink:label="loc_eba_x264" />
    <link:label xlink:type="resource" xlink:label="label_eba_x264" xml:lang="en" xlink:role="http://www.xbrl.org/2003/role/label">VIBER</link:label>
    <link:labelArc xlink:type="arc" xlink:arcrole="http://www.xbrl.org/2003/arcrole/concept-label" xlink:from="loc_eba_x264" xlink:to="label_eba_x264" />
    <link:loc xlink:type="locator" xlink:href="mem.xsd#eba_x265" xlink:label="loc_eba_x265" />
    <link:label xlink:type="resource" xlink:label="label_eba_x265" xml:lang="en" xlink:role="http://www.xbrl.org/2003/role/label">VP Lux</link:label>
    <link:labelArc xlink:type="arc" xlink:arcrole="http://www.xbrl.org/2003/arcrole/concept-label" xlink:from="loc_eba_x265" xlink:to="label_eba_x265" />
    <link:loc xlink:type="locator" xlink:href="mem.xsd#eba_x266" xlink:label="loc_eba_x266" />
    <link:label xlink:type="resource" xlink:label="label_eba_x266" xml:lang="en" xlink:role="http://www.xbrl.org/2003/role/label">VP Securities A/S</link:label>
    <link:labelArc xlink:type="arc" xlink:arcrole="http://www.xbrl.org/2003/arcrole/concept-label" xlink:from="loc_eba_x266" xlink:to="label_eba_x266" />
  </link:labelLink>
</link:linkbase>