﻿<?xml version="1.0" encoding="utf-8"?>
<!--© DNB-->
<link:linkbase xmlns:xsi="http://www.w3.org/2001/XMLSchema-instance" xmlns:xlink="http://www.w3.org/1999/xlink" xmlns:link="http://www.xbrl.org/2003/linkbase" xsi:schemaLocation="http://www.xbrl.org/2003/linkbase http://www.xbrl.org/2003/xbrl-linkbase-2003-12-31.xsd">
  <link:labelLink xlink:type="extended" xlink:role="http://www.xbrl.org/2003/role/link">
    <link:loc xlink:type="locator" xlink:href="tab.xsd#dnb_tgTG001" xlink:label="loc_dnb_tgTG001" />
    <link:label xlink:type="resource" xlink:label="label_dnb_tgTG001" xml:lang="en" xlink:role="http://www.xbrl.org/2003/role/label">Table group: Process of transporting authorization requests</link:label>
    <link:labelArc xlink:type="arc" xlink:arcrole="http://www.xbrl.org/2003/arcrole/concept-label" xlink:from="loc_dnb_tgTG001" xlink:to="label_dnb_tgTG001" />
    <link:loc xlink:type="locator" xlink:href="tab.xsd#dnb_tgTG002" xlink:label="loc_dnb_tgTG002" />
    <link:label xlink:type="resource" xlink:label="label_dnb_tgTG002" xml:lang="en" xlink:role="http://www.xbrl.org/2003/role/label">Table group: Stand-in</link:label>
    <link:labelArc xlink:type="arc" xlink:arcrole="http://www.xbrl.org/2003/arcrole/concept-label" xlink:from="loc_dnb_tgTG002" xlink:to="label_dnb_tgTG002" />
    <link:loc xlink:type="locator" xlink:href="tab.xsd#dnb_tgTG003" xlink:label="loc_dnb_tgTG003" />
    <link:label xlink:type="resource" xlink:label="label_dnb_tgTG003" xml:lang="en" xlink:role="http://www.xbrl.org/2003/role/label">Table group: Clearing</link:label>
    <link:labelArc xlink:type="arc" xlink:arcrole="http://www.xbrl.org/2003/arcrole/concept-label" xlink:from="loc_dnb_tgTG003" xlink:to="label_dnb_tgTG003" />
    <link:loc xlink:type="locator" xlink:href="tab.xsd#dnb_tgTG004" xlink:label="loc_dnb_tgTG004" />
    <link:label xlink:type="resource" xlink:label="label_dnb_tgTG004" xml:lang="en" xlink:role="http://www.xbrl.org/2003/role/label">Table group: Number of transactions</link:label>
    <link:labelArc xlink:type="arc" xlink:arcrole="http://www.xbrl.org/2003/arcrole/concept-label" xlink:from="loc_dnb_tgTG004" xlink:to="label_dnb_tgTG004" />
  </link:labelLink>
</link:linkbase>