﻿<?xml version="1.0" encoding="utf-8"?>
<!--© DNB-->
<link:linkbase xmlns:xsi="http://www.w3.org/2001/XMLSchema-instance" xmlns:xlink="http://www.w3.org/1999/xlink" xmlns:link="http://www.xbrl.org/2003/linkbase" xsi:schemaLocation="http://www.xbrl.org/2003/linkbase http://www.xbrl.org/2003/xbrl-linkbase-2003-12-31.xsd">
  <link:labelLink xlink:type="extended" xlink:role="http://www.xbrl.org/2003/role/link">
    <link:loc xlink:type="locator" xlink:href="exp.xsd#dnb_ftk_dom001" xlink:label="loc_dnb_ftk_dom001" />
    <link:label xlink:type="resource" xlink:label="label_dnb_ftk_dom001" xml:lang="nl" xlink:role="http://www.xbrl.org/2003/role/label">Contact</link:label>
    <link:labelArc xlink:type="arc" xlink:arcrole="http://www.xbrl.org/2003/arcrole/concept-label" xlink:from="loc_dnb_ftk_dom001" xlink:to="label_dnb_ftk_dom001" />
    <link:label xlink:type="resource" xlink:label="label_dnb_ftk_dom001_2" xml:lang="nl" xlink:role="http://www.xbrl.org/2003/role/documentation">Contact</link:label>
    <link:labelArc xlink:type="arc" xlink:arcrole="http://www.xbrl.org/2003/arcrole/concept-label" xlink:from="loc_dnb_ftk_dom001" xlink:to="label_dnb_ftk_dom001_2" />
    <link:loc xlink:type="locator" xlink:href="exp.xsd#dnb_ftk_dom002" xlink:label="loc_dnb_ftk_dom002" />
    <link:label xlink:type="resource" xlink:label="label_dnb_ftk_dom002" xml:lang="nl" xlink:role="http://www.xbrl.org/2003/role/label">Aandachtsgebied</link:label>
    <link:labelArc xlink:type="arc" xlink:arcrole="http://www.xbrl.org/2003/arcrole/concept-label" xlink:from="loc_dnb_ftk_dom002" xlink:to="label_dnb_ftk_dom002" />
    <link:label xlink:type="resource" xlink:label="label_dnb_ftk_dom002_2" xml:lang="nl" xlink:role="http://www.xbrl.org/2003/role/documentation">Aandachtsgebied</link:label>
    <link:labelArc xlink:type="arc" xlink:arcrole="http://www.xbrl.org/2003/arcrole/concept-label" xlink:from="loc_dnb_ftk_dom002" xlink:to="label_dnb_ftk_dom002_2" />
    <link:loc xlink:type="locator" xlink:href="exp.xsd#dnb_ftk_dom003" xlink:label="loc_dnb_ftk_dom003" />
    <link:label xlink:type="resource" xlink:label="label_dnb_ftk_dom003" xml:lang="nl" xlink:role="http://www.xbrl.org/2003/role/label">Rekeningzijde</link:label>
    <link:labelArc xlink:type="arc" xlink:arcrole="http://www.xbrl.org/2003/arcrole/concept-label" xlink:from="loc_dnb_ftk_dom003" xlink:to="label_dnb_ftk_dom003" />
    <link:label xlink:type="resource" xlink:label="label_dnb_ftk_dom003_2" xml:lang="nl" xlink:role="http://www.xbrl.org/2003/role/documentation">Rekeningzijde</link:label>
    <link:labelArc xlink:type="arc" xlink:arcrole="http://www.xbrl.org/2003/arcrole/concept-label" xlink:from="loc_dnb_ftk_dom003" xlink:to="label_dnb_ftk_dom003_2" />
    <link:loc xlink:type="locator" xlink:href="exp.xsd#dnb_ftk_dom004" xlink:label="loc_dnb_ftk_dom004" />
    <link:label xlink:type="resource" xlink:label="label_dnb_ftk_dom004" xml:lang="nl" xlink:role="http://www.xbrl.org/2003/role/label">Postomschrijving</link:label>
    <link:labelArc xlink:type="arc" xlink:arcrole="http://www.xbrl.org/2003/arcrole/concept-label" xlink:from="loc_dnb_ftk_dom004" xlink:to="label_dnb_ftk_dom004" />
    <link:label xlink:type="resource" xlink:label="label_dnb_ftk_dom004_2" xml:lang="nl" xlink:role="http://www.xbrl.org/2003/role/documentation">Postomschrijving</link:label>
    <link:labelArc xlink:type="arc" xlink:arcrole="http://www.xbrl.org/2003/arcrole/concept-label" xlink:from="loc_dnb_ftk_dom004" xlink:to="label_dnb_ftk_dom004_2" />
    <link:loc xlink:type="locator" xlink:href="exp.xsd#dnb_ftk_dom005" xlink:label="loc_dnb_ftk_dom005" />
    <link:label xlink:type="resource" xlink:label="label_dnb_ftk_dom005" xml:lang="nl" xlink:role="http://www.xbrl.org/2003/role/label">Solvabiliteit</link:label>
    <link:labelArc xlink:type="arc" xlink:arcrole="http://www.xbrl.org/2003/arcrole/concept-label" xlink:from="loc_dnb_ftk_dom005" xlink:to="label_dnb_ftk_dom005" />
    <link:label xlink:type="resource" xlink:label="label_dnb_ftk_dom005_2" xml:lang="nl" xlink:role="http://www.xbrl.org/2003/role/documentation">Solvabiliteit</link:label>
    <link:labelArc xlink:type="arc" xlink:arcrole="http://www.xbrl.org/2003/arcrole/concept-label" xlink:from="loc_dnb_ftk_dom005" xlink:to="label_dnb_ftk_dom005_2" />
    <link:loc xlink:type="locator" xlink:href="exp.xsd#dnb_ftk_dom006" xlink:label="loc_dnb_ftk_dom006" />
    <link:label xlink:type="resource" xlink:label="label_dnb_ftk_dom006" xml:lang="nl" xlink:role="http://www.xbrl.org/2003/role/label">Selectielijsten</link:label>
    <link:labelArc xlink:type="arc" xlink:arcrole="http://www.xbrl.org/2003/arcrole/concept-label" xlink:from="loc_dnb_ftk_dom006" xlink:to="label_dnb_ftk_dom006" />
    <link:label xlink:type="resource" xlink:label="label_dnb_ftk_dom006_2" xml:lang="nl" xlink:role="http://www.xbrl.org/2003/role/documentation">Selectielijsten</link:label>
    <link:labelArc xlink:type="arc" xlink:arcrole="http://www.xbrl.org/2003/arcrole/concept-label" xlink:from="loc_dnb_ftk_dom006" xlink:to="label_dnb_ftk_dom006_2" />
    <link:loc xlink:type="locator" xlink:href="exp.xsd#dnb_ftk_dom007" xlink:label="loc_dnb_ftk_dom007" />
    <link:label xlink:type="resource" xlink:label="label_dnb_ftk_dom007" xml:lang="nl" xlink:role="http://www.xbrl.org/2003/role/label">Wegingstype</link:label>
    <link:labelArc xlink:type="arc" xlink:arcrole="http://www.xbrl.org/2003/arcrole/concept-label" xlink:from="loc_dnb_ftk_dom007" xlink:to="label_dnb_ftk_dom007" />
    <link:label xlink:type="resource" xlink:label="label_dnb_ftk_dom007_2" xml:lang="nl" xlink:role="http://www.xbrl.org/2003/role/documentation">Wegingstype</link:label>
    <link:labelArc xlink:type="arc" xlink:arcrole="http://www.xbrl.org/2003/arcrole/concept-label" xlink:from="loc_dnb_ftk_dom007" xlink:to="label_dnb_ftk_dom007_2" />
    <link:loc xlink:type="locator" xlink:href="exp.xsd#dnb_ftk_dom008" xlink:label="loc_dnb_ftk_dom008" />
    <link:label xlink:type="resource" xlink:label="label_dnb_ftk_dom008" xml:lang="nl" xlink:role="http://www.xbrl.org/2003/role/label">Waarderingstype</link:label>
    <link:labelArc xlink:type="arc" xlink:arcrole="http://www.xbrl.org/2003/arcrole/concept-label" xlink:from="loc_dnb_ftk_dom008" xlink:to="label_dnb_ftk_dom008" />
    <link:label xlink:type="resource" xlink:label="label_dnb_ftk_dom008_2" xml:lang="nl" xlink:role="http://www.xbrl.org/2003/role/documentation">Waarderingstype</link:label>
    <link:labelArc xlink:type="arc" xlink:arcrole="http://www.xbrl.org/2003/arcrole/concept-label" xlink:from="loc_dnb_ftk_dom008" xlink:to="label_dnb_ftk_dom008_2" />
    <link:loc xlink:type="locator" xlink:href="exp.xsd#dnb_ftk_dom009" xlink:label="loc_dnb_ftk_dom009" />
    <link:label xlink:type="resource" xlink:label="label_dnb_ftk_dom009" xml:lang="nl" xlink:role="http://www.xbrl.org/2003/role/label">Valuta</link:label>
    <link:labelArc xlink:type="arc" xlink:arcrole="http://www.xbrl.org/2003/arcrole/concept-label" xlink:from="loc_dnb_ftk_dom009" xlink:to="label_dnb_ftk_dom009" />
    <link:label xlink:type="resource" xlink:label="label_dnb_ftk_dom009_2" xml:lang="nl" xlink:role="http://www.xbrl.org/2003/role/documentation">Valuta</link:label>
    <link:labelArc xlink:type="arc" xlink:arcrole="http://www.xbrl.org/2003/arcrole/concept-label" xlink:from="loc_dnb_ftk_dom009" xlink:to="label_dnb_ftk_dom009_2" />
    <link:loc xlink:type="locator" xlink:href="exp.xsd#dnb_ftk_dom010" xlink:label="loc_dnb_ftk_dom010" />
    <link:label xlink:type="resource" xlink:label="label_dnb_ftk_dom010" xml:lang="nl" xlink:role="http://www.xbrl.org/2003/role/label">Ratingklasse</link:label>
    <link:labelArc xlink:type="arc" xlink:arcrole="http://www.xbrl.org/2003/arcrole/concept-label" xlink:from="loc_dnb_ftk_dom010" xlink:to="label_dnb_ftk_dom010" />
    <link:label xlink:type="resource" xlink:label="label_dnb_ftk_dom010_2" xml:lang="nl" xlink:role="http://www.xbrl.org/2003/role/documentation">Ratingklasse</link:label>
    <link:labelArc xlink:type="arc" xlink:arcrole="http://www.xbrl.org/2003/arcrole/concept-label" xlink:from="loc_dnb_ftk_dom010" xlink:to="label_dnb_ftk_dom010_2" />
    <link:loc xlink:type="locator" xlink:href="exp.xsd#dnb_ftk_dom011" xlink:label="loc_dnb_ftk_dom011" />
    <link:label xlink:type="resource" xlink:label="label_dnb_ftk_dom011" xml:lang="nl" xlink:role="http://www.xbrl.org/2003/role/label">Derivatenpositie</link:label>
    <link:labelArc xlink:type="arc" xlink:arcrole="http://www.xbrl.org/2003/arcrole/concept-label" xlink:from="loc_dnb_ftk_dom011" xlink:to="label_dnb_ftk_dom011" />
    <link:label xlink:type="resource" xlink:label="label_dnb_ftk_dom011_2" xml:lang="nl" xlink:role="http://www.xbrl.org/2003/role/documentation">Derivatenpositie</link:label>
    <link:labelArc xlink:type="arc" xlink:arcrole="http://www.xbrl.org/2003/arcrole/concept-label" xlink:from="loc_dnb_ftk_dom011" xlink:to="label_dnb_ftk_dom011_2" />
    <link:loc xlink:type="locator" xlink:href="exp.xsd#dnb_ftk_dom012" xlink:label="loc_dnb_ftk_dom012" />
    <link:label xlink:type="resource" xlink:label="label_dnb_ftk_dom012" xml:lang="nl" xlink:role="http://www.xbrl.org/2003/role/label">Schokscenario</link:label>
    <link:labelArc xlink:type="arc" xlink:arcrole="http://www.xbrl.org/2003/arcrole/concept-label" xlink:from="loc_dnb_ftk_dom012" xlink:to="label_dnb_ftk_dom012" />
    <link:label xlink:type="resource" xlink:label="label_dnb_ftk_dom012_2" xml:lang="nl" xlink:role="http://www.xbrl.org/2003/role/documentation">Schokscenario</link:label>
    <link:labelArc xlink:type="arc" xlink:arcrole="http://www.xbrl.org/2003/arcrole/concept-label" xlink:from="loc_dnb_ftk_dom012" xlink:to="label_dnb_ftk_dom012_2" />
    <link:loc xlink:type="locator" xlink:href="exp.xsd#dnb_ftk_dom013" xlink:label="loc_dnb_ftk_dom013" />
    <link:label xlink:type="resource" xlink:label="label_dnb_ftk_dom013" xml:lang="nl" xlink:role="http://www.xbrl.org/2003/role/label">Rendementtype</link:label>
    <link:labelArc xlink:type="arc" xlink:arcrole="http://www.xbrl.org/2003/arcrole/concept-label" xlink:from="loc_dnb_ftk_dom013" xlink:to="label_dnb_ftk_dom013" />
    <link:label xlink:type="resource" xlink:label="label_dnb_ftk_dom013_2" xml:lang="nl" xlink:role="http://www.xbrl.org/2003/role/documentation">Rendementtype</link:label>
    <link:labelArc xlink:type="arc" xlink:arcrole="http://www.xbrl.org/2003/arcrole/concept-label" xlink:from="loc_dnb_ftk_dom013" xlink:to="label_dnb_ftk_dom013_2" />
    <link:loc xlink:type="locator" xlink:href="exp.xsd#dnb_ftk_dom014" xlink:label="loc_dnb_ftk_dom014" />
    <link:label xlink:type="resource" xlink:label="label_dnb_ftk_dom014" xml:lang="nl" xlink:role="http://www.xbrl.org/2003/role/label">Verslagperiode</link:label>
    <link:labelArc xlink:type="arc" xlink:arcrole="http://www.xbrl.org/2003/arcrole/concept-label" xlink:from="loc_dnb_ftk_dom014" xlink:to="label_dnb_ftk_dom014" />
    <link:label xlink:type="resource" xlink:label="label_dnb_ftk_dom014_2" xml:lang="nl" xlink:role="http://www.xbrl.org/2003/role/documentation">Verslagperiode</link:label>
    <link:labelArc xlink:type="arc" xlink:arcrole="http://www.xbrl.org/2003/arcrole/concept-label" xlink:from="loc_dnb_ftk_dom014" xlink:to="label_dnb_ftk_dom014_2" />
    <link:loc xlink:type="locator" xlink:href="exp.xsd#dnb_ftk_dom015" xlink:label="loc_dnb_ftk_dom015" />
    <link:label xlink:type="resource" xlink:label="label_dnb_ftk_dom015" xml:lang="nl" xlink:role="http://www.xbrl.org/2003/role/label">Liquiditeiten</link:label>
    <link:labelArc xlink:type="arc" xlink:arcrole="http://www.xbrl.org/2003/arcrole/concept-label" xlink:from="loc_dnb_ftk_dom015" xlink:to="label_dnb_ftk_dom015" />
    <link:label xlink:type="resource" xlink:label="label_dnb_ftk_dom015_2" xml:lang="nl" xlink:role="http://www.xbrl.org/2003/role/documentation">Liquiditeiten</link:label>
    <link:labelArc xlink:type="arc" xlink:arcrole="http://www.xbrl.org/2003/arcrole/concept-label" xlink:from="loc_dnb_ftk_dom015" xlink:to="label_dnb_ftk_dom015_2" />
    <link:loc xlink:type="locator" xlink:href="exp.xsd#dnb_ftk_dom016" xlink:label="loc_dnb_ftk_dom016" />
    <link:label xlink:type="resource" xlink:label="label_dnb_ftk_dom016" xml:lang="nl" xlink:role="http://www.xbrl.org/2003/role/label">Geografisch gebied</link:label>
    <link:labelArc xlink:type="arc" xlink:arcrole="http://www.xbrl.org/2003/arcrole/concept-label" xlink:from="loc_dnb_ftk_dom016" xlink:to="label_dnb_ftk_dom016" />
    <link:label xlink:type="resource" xlink:label="label_dnb_ftk_dom016_2" xml:lang="nl" xlink:role="http://www.xbrl.org/2003/role/documentation">Geografisch gebied</link:label>
    <link:labelArc xlink:type="arc" xlink:arcrole="http://www.xbrl.org/2003/arcrole/concept-label" xlink:from="loc_dnb_ftk_dom016" xlink:to="label_dnb_ftk_dom016_2" />
    <link:loc xlink:type="locator" xlink:href="exp.xsd#dnb_ftk_dom017" xlink:label="loc_dnb_ftk_dom017" />
    <link:label xlink:type="resource" xlink:label="label_dnb_ftk_dom017" xml:lang="nl" xlink:role="http://www.xbrl.org/2003/role/label">Organisatie</link:label>
    <link:labelArc xlink:type="arc" xlink:arcrole="http://www.xbrl.org/2003/arcrole/concept-label" xlink:from="loc_dnb_ftk_dom017" xlink:to="label_dnb_ftk_dom017" />
    <link:label xlink:type="resource" xlink:label="label_dnb_ftk_dom017_2" xml:lang="nl" xlink:role="http://www.xbrl.org/2003/role/documentation">Organisatie</link:label>
    <link:labelArc xlink:type="arc" xlink:arcrole="http://www.xbrl.org/2003/arcrole/concept-label" xlink:from="loc_dnb_ftk_dom017" xlink:to="label_dnb_ftk_dom017_2" />
    <link:loc xlink:type="locator" xlink:href="exp.xsd#dnb_ftk_dom018" xlink:label="loc_dnb_ftk_dom018" />
    <link:label xlink:type="resource" xlink:label="label_dnb_ftk_dom018" xml:lang="nl" xlink:role="http://www.xbrl.org/2003/role/label">Dienstverlener</link:label>
    <link:labelArc xlink:type="arc" xlink:arcrole="http://www.xbrl.org/2003/arcrole/concept-label" xlink:from="loc_dnb_ftk_dom018" xlink:to="label_dnb_ftk_dom018" />
    <link:label xlink:type="resource" xlink:label="label_dnb_ftk_dom018_2" xml:lang="nl" xlink:role="http://www.xbrl.org/2003/role/documentation">Dienstverlener</link:label>
    <link:labelArc xlink:type="arc" xlink:arcrole="http://www.xbrl.org/2003/arcrole/concept-label" xlink:from="loc_dnb_ftk_dom018" xlink:to="label_dnb_ftk_dom018_2" />
    <link:loc xlink:type="locator" xlink:href="exp.xsd#dnb_ftk_dom019" xlink:label="loc_dnb_ftk_dom019" />
    <link:label xlink:type="resource" xlink:label="label_dnb_ftk_dom019" xml:lang="nl" xlink:role="http://www.xbrl.org/2003/role/label">Commissies en organen</link:label>
    <link:labelArc xlink:type="arc" xlink:arcrole="http://www.xbrl.org/2003/arcrole/concept-label" xlink:from="loc_dnb_ftk_dom019" xlink:to="label_dnb_ftk_dom019" />
    <link:label xlink:type="resource" xlink:label="label_dnb_ftk_dom019_2" xml:lang="nl" xlink:role="http://www.xbrl.org/2003/role/documentation">Commissies en organen</link:label>
    <link:labelArc xlink:type="arc" xlink:arcrole="http://www.xbrl.org/2003/arcrole/concept-label" xlink:from="loc_dnb_ftk_dom019" xlink:to="label_dnb_ftk_dom019_2" />
    <link:loc xlink:type="locator" xlink:href="exp.xsd#dnb_ftk_dom020" xlink:label="loc_dnb_ftk_dom020" />
    <link:label xlink:type="resource" xlink:label="label_dnb_ftk_dom020" xml:lang="nl" xlink:role="http://www.xbrl.org/2003/role/label">Stand</link:label>
    <link:labelArc xlink:type="arc" xlink:arcrole="http://www.xbrl.org/2003/arcrole/concept-label" xlink:from="loc_dnb_ftk_dom020" xlink:to="label_dnb_ftk_dom020" />
    <link:label xlink:type="resource" xlink:label="label_dnb_ftk_dom020_2" xml:lang="nl" xlink:role="http://www.xbrl.org/2003/role/documentation">Stand</link:label>
    <link:labelArc xlink:type="arc" xlink:arcrole="http://www.xbrl.org/2003/arcrole/concept-label" xlink:from="loc_dnb_ftk_dom020" xlink:to="label_dnb_ftk_dom020_2" />
    <link:loc xlink:type="locator" xlink:href="exp.xsd#dnb_ftk_dom021" xlink:label="loc_dnb_ftk_dom021" />
    <link:label xlink:type="resource" xlink:label="label_dnb_ftk_dom021" xml:lang="nl" xlink:role="http://www.xbrl.org/2003/role/label">Onderneming</link:label>
    <link:labelArc xlink:type="arc" xlink:arcrole="http://www.xbrl.org/2003/arcrole/concept-label" xlink:from="loc_dnb_ftk_dom021" xlink:to="label_dnb_ftk_dom021" />
    <link:label xlink:type="resource" xlink:label="label_dnb_ftk_dom021_2" xml:lang="nl" xlink:role="http://www.xbrl.org/2003/role/documentation">Onderneming</link:label>
    <link:labelArc xlink:type="arc" xlink:arcrole="http://www.xbrl.org/2003/arcrole/concept-label" xlink:from="loc_dnb_ftk_dom021" xlink:to="label_dnb_ftk_dom021_2" />
    <link:loc xlink:type="locator" xlink:href="exp.xsd#dnb_ftk_dom022" xlink:label="loc_dnb_ftk_dom022" />
    <link:label xlink:type="resource" xlink:label="label_dnb_ftk_dom022" xml:lang="nl" xlink:role="http://www.xbrl.org/2003/role/label">Financiële relaties</link:label>
    <link:labelArc xlink:type="arc" xlink:arcrole="http://www.xbrl.org/2003/arcrole/concept-label" xlink:from="loc_dnb_ftk_dom022" xlink:to="label_dnb_ftk_dom022" />
    <link:label xlink:type="resource" xlink:label="label_dnb_ftk_dom022_2" xml:lang="nl" xlink:role="http://www.xbrl.org/2003/role/documentation">Financiële relaties</link:label>
    <link:labelArc xlink:type="arc" xlink:arcrole="http://www.xbrl.org/2003/arcrole/concept-label" xlink:from="loc_dnb_ftk_dom022" xlink:to="label_dnb_ftk_dom022_2" />
    <link:loc xlink:type="locator" xlink:href="exp.xsd#dnb_ftk_dom023" xlink:label="loc_dnb_ftk_dom023" />
    <link:label xlink:type="resource" xlink:label="label_dnb_ftk_dom023" xml:lang="nl" xlink:role="http://www.xbrl.org/2003/role/label">Kosten</link:label>
    <link:labelArc xlink:type="arc" xlink:arcrole="http://www.xbrl.org/2003/arcrole/concept-label" xlink:from="loc_dnb_ftk_dom023" xlink:to="label_dnb_ftk_dom023" />
    <link:label xlink:type="resource" xlink:label="label_dnb_ftk_dom023_2" xml:lang="nl" xlink:role="http://www.xbrl.org/2003/role/documentation">Kosten</link:label>
    <link:labelArc xlink:type="arc" xlink:arcrole="http://www.xbrl.org/2003/arcrole/concept-label" xlink:from="loc_dnb_ftk_dom023" xlink:to="label_dnb_ftk_dom023_2" />
    <link:loc xlink:type="locator" xlink:href="exp.xsd#dnb_ftk_dom024" xlink:label="loc_dnb_ftk_dom024" />
    <link:label xlink:type="resource" xlink:label="label_dnb_ftk_dom024" xml:lang="nl" xlink:role="http://www.xbrl.org/2003/role/label">Risicodrager</link:label>
    <link:labelArc xlink:type="arc" xlink:arcrole="http://www.xbrl.org/2003/arcrole/concept-label" xlink:from="loc_dnb_ftk_dom024" xlink:to="label_dnb_ftk_dom024" />
    <link:label xlink:type="resource" xlink:label="label_dnb_ftk_dom024_2" xml:lang="nl" xlink:role="http://www.xbrl.org/2003/role/documentation">Risicodrager</link:label>
    <link:labelArc xlink:type="arc" xlink:arcrole="http://www.xbrl.org/2003/arcrole/concept-label" xlink:from="loc_dnb_ftk_dom024" xlink:to="label_dnb_ftk_dom024_2" />
    <link:loc xlink:type="locator" xlink:href="exp.xsd#dnb_ftk_dom025" xlink:label="loc_dnb_ftk_dom025" />
    <link:label xlink:type="resource" xlink:label="label_dnb_ftk_dom025" xml:lang="nl" xlink:role="http://www.xbrl.org/2003/role/label">Premiepost</link:label>
    <link:labelArc xlink:type="arc" xlink:arcrole="http://www.xbrl.org/2003/arcrole/concept-label" xlink:from="loc_dnb_ftk_dom025" xlink:to="label_dnb_ftk_dom025" />
    <link:label xlink:type="resource" xlink:label="label_dnb_ftk_dom025_2" xml:lang="nl" xlink:role="http://www.xbrl.org/2003/role/documentation">Premiepost</link:label>
    <link:labelArc xlink:type="arc" xlink:arcrole="http://www.xbrl.org/2003/arcrole/concept-label" xlink:from="loc_dnb_ftk_dom025" xlink:to="label_dnb_ftk_dom025_2" />
    <link:loc xlink:type="locator" xlink:href="exp.xsd#dnb_ftk_dom026" xlink:label="loc_dnb_ftk_dom026" />
    <link:label xlink:type="resource" xlink:label="label_dnb_ftk_dom026" xml:lang="nl" xlink:role="http://www.xbrl.org/2003/role/label">Grondslagenpost</link:label>
    <link:labelArc xlink:type="arc" xlink:arcrole="http://www.xbrl.org/2003/arcrole/concept-label" xlink:from="loc_dnb_ftk_dom026" xlink:to="label_dnb_ftk_dom026" />
    <link:label xlink:type="resource" xlink:label="label_dnb_ftk_dom026_2" xml:lang="nl" xlink:role="http://www.xbrl.org/2003/role/documentation">Grondslagenpost</link:label>
    <link:labelArc xlink:type="arc" xlink:arcrole="http://www.xbrl.org/2003/arcrole/concept-label" xlink:from="loc_dnb_ftk_dom026" xlink:to="label_dnb_ftk_dom026_2" />
    <link:loc xlink:type="locator" xlink:href="exp.xsd#dnb_ftk_dom027" xlink:label="loc_dnb_ftk_dom027" />
    <link:label xlink:type="resource" xlink:label="label_dnb_ftk_dom027" xml:lang="nl" xlink:role="http://www.xbrl.org/2003/role/label">Looptijd</link:label>
    <link:labelArc xlink:type="arc" xlink:arcrole="http://www.xbrl.org/2003/arcrole/concept-label" xlink:from="loc_dnb_ftk_dom027" xlink:to="label_dnb_ftk_dom027" />
    <link:label xlink:type="resource" xlink:label="label_dnb_ftk_dom027_2" xml:lang="nl" xlink:role="http://www.xbrl.org/2003/role/documentation">Looptijd</link:label>
    <link:labelArc xlink:type="arc" xlink:arcrole="http://www.xbrl.org/2003/arcrole/concept-label" xlink:from="loc_dnb_ftk_dom027" xlink:to="label_dnb_ftk_dom027_2" />
    <link:loc xlink:type="locator" xlink:href="exp.xsd#dnb_ftk_dom028" xlink:label="loc_dnb_ftk_dom028" />
    <link:label xlink:type="resource" xlink:label="label_dnb_ftk_dom028" xml:lang="nl" xlink:role="http://www.xbrl.org/2003/role/label">Deelnemers</link:label>
    <link:labelArc xlink:type="arc" xlink:arcrole="http://www.xbrl.org/2003/arcrole/concept-label" xlink:from="loc_dnb_ftk_dom028" xlink:to="label_dnb_ftk_dom028" />
    <link:label xlink:type="resource" xlink:label="label_dnb_ftk_dom028_2" xml:lang="nl" xlink:role="http://www.xbrl.org/2003/role/documentation">Deelnemers</link:label>
    <link:labelArc xlink:type="arc" xlink:arcrole="http://www.xbrl.org/2003/arcrole/concept-label" xlink:from="loc_dnb_ftk_dom028" xlink:to="label_dnb_ftk_dom028_2" />
    <link:loc xlink:type="locator" xlink:href="exp.xsd#dnb_ftk_dom029" xlink:label="loc_dnb_ftk_dom029" />
    <link:label xlink:type="resource" xlink:label="label_dnb_ftk_dom029" xml:lang="nl" xlink:role="http://www.xbrl.org/2003/role/label">Leeftijd</link:label>
    <link:labelArc xlink:type="arc" xlink:arcrole="http://www.xbrl.org/2003/arcrole/concept-label" xlink:from="loc_dnb_ftk_dom029" xlink:to="label_dnb_ftk_dom029" />
    <link:label xlink:type="resource" xlink:label="label_dnb_ftk_dom029_2" xml:lang="nl" xlink:role="http://www.xbrl.org/2003/role/documentation">Leeftijd</link:label>
    <link:labelArc xlink:type="arc" xlink:arcrole="http://www.xbrl.org/2003/arcrole/concept-label" xlink:from="loc_dnb_ftk_dom029" xlink:to="label_dnb_ftk_dom029_2" />
    <link:loc xlink:type="locator" xlink:href="exp.xsd#dnb_ftk_dom030" xlink:label="loc_dnb_ftk_dom030" />
    <link:label xlink:type="resource" xlink:label="label_dnb_ftk_dom030" xml:lang="nl" xlink:role="http://www.xbrl.org/2003/role/label">Geslacht</link:label>
    <link:labelArc xlink:type="arc" xlink:arcrole="http://www.xbrl.org/2003/arcrole/concept-label" xlink:from="loc_dnb_ftk_dom030" xlink:to="label_dnb_ftk_dom030" />
    <link:label xlink:type="resource" xlink:label="label_dnb_ftk_dom030_2" xml:lang="nl" xlink:role="http://www.xbrl.org/2003/role/documentation">Geslacht</link:label>
    <link:labelArc xlink:type="arc" xlink:arcrole="http://www.xbrl.org/2003/arcrole/concept-label" xlink:from="loc_dnb_ftk_dom030" xlink:to="label_dnb_ftk_dom030_2" />
    <link:loc xlink:type="locator" xlink:href="exp.xsd#dnb_ftk_dom031" xlink:label="loc_dnb_ftk_dom031" />
    <link:label xlink:type="resource" xlink:label="label_dnb_ftk_dom031" xml:lang="nl" xlink:role="http://www.xbrl.org/2003/role/label">Toeslagverlening</link:label>
    <link:labelArc xlink:type="arc" xlink:arcrole="http://www.xbrl.org/2003/arcrole/concept-label" xlink:from="loc_dnb_ftk_dom031" xlink:to="label_dnb_ftk_dom031" />
    <link:label xlink:type="resource" xlink:label="label_dnb_ftk_dom031_2" xml:lang="nl" xlink:role="http://www.xbrl.org/2003/role/documentation">Toeslagverlening</link:label>
    <link:labelArc xlink:type="arc" xlink:arcrole="http://www.xbrl.org/2003/arcrole/concept-label" xlink:from="loc_dnb_ftk_dom031" xlink:to="label_dnb_ftk_dom031_2" />
    <link:loc xlink:type="locator" xlink:href="exp.xsd#dnb_ftk_dom032" xlink:label="loc_dnb_ftk_dom032" />
    <link:label xlink:type="resource" xlink:label="label_dnb_ftk_dom032" xml:lang="nl" xlink:role="http://www.xbrl.org/2003/role/label">Technische analyse</link:label>
    <link:labelArc xlink:type="arc" xlink:arcrole="http://www.xbrl.org/2003/arcrole/concept-label" xlink:from="loc_dnb_ftk_dom032" xlink:to="label_dnb_ftk_dom032" />
    <link:label xlink:type="resource" xlink:label="label_dnb_ftk_dom032_2" xml:lang="nl" xlink:role="http://www.xbrl.org/2003/role/documentation">Technische analyse</link:label>
    <link:labelArc xlink:type="arc" xlink:arcrole="http://www.xbrl.org/2003/arcrole/concept-label" xlink:from="loc_dnb_ftk_dom032" xlink:to="label_dnb_ftk_dom032_2" />
    <link:loc xlink:type="locator" xlink:href="exp.xsd#dnb_ftk_dom033" xlink:label="loc_dnb_ftk_dom033" />
    <link:label xlink:type="resource" xlink:label="label_dnb_ftk_dom033" xml:lang="nl" xlink:role="http://www.xbrl.org/2003/role/label">Pensioentype</link:label>
    <link:labelArc xlink:type="arc" xlink:arcrole="http://www.xbrl.org/2003/arcrole/concept-label" xlink:from="loc_dnb_ftk_dom033" xlink:to="label_dnb_ftk_dom033" />
    <link:label xlink:type="resource" xlink:label="label_dnb_ftk_dom033_2" xml:lang="nl" xlink:role="http://www.xbrl.org/2003/role/documentation">Pensioentype</link:label>
    <link:labelArc xlink:type="arc" xlink:arcrole="http://www.xbrl.org/2003/arcrole/concept-label" xlink:from="loc_dnb_ftk_dom033" xlink:to="label_dnb_ftk_dom033_2" />
    <link:loc xlink:type="locator" xlink:href="exp.xsd#dnb_ftk_dom034" xlink:label="loc_dnb_ftk_dom034" />
    <link:label xlink:type="resource" xlink:label="label_dnb_ftk_dom034" xml:lang="nl" xlink:role="http://www.xbrl.org/2003/role/label">Regelingen en contracten</link:label>
    <link:labelArc xlink:type="arc" xlink:arcrole="http://www.xbrl.org/2003/arcrole/concept-label" xlink:from="loc_dnb_ftk_dom034" xlink:to="label_dnb_ftk_dom034" />
    <link:label xlink:type="resource" xlink:label="label_dnb_ftk_dom034_2" xml:lang="nl" xlink:role="http://www.xbrl.org/2003/role/documentation">Regelingen en contracten</link:label>
    <link:labelArc xlink:type="arc" xlink:arcrole="http://www.xbrl.org/2003/arcrole/concept-label" xlink:from="loc_dnb_ftk_dom034" xlink:to="label_dnb_ftk_dom034_2" />
    <link:loc xlink:type="locator" xlink:href="exp.xsd#dnb_ftk_dom035" xlink:label="loc_dnb_ftk_dom035" />
    <link:label xlink:type="resource" xlink:label="label_dnb_ftk_dom035" xml:lang="nl" xlink:role="http://www.xbrl.org/2003/role/label">Reglementskenmerk</link:label>
    <link:labelArc xlink:type="arc" xlink:arcrole="http://www.xbrl.org/2003/arcrole/concept-label" xlink:from="loc_dnb_ftk_dom035" xlink:to="label_dnb_ftk_dom035" />
    <link:label xlink:type="resource" xlink:label="label_dnb_ftk_dom035_2" xml:lang="nl" xlink:role="http://www.xbrl.org/2003/role/documentation">Reglementskenmerk</link:label>
    <link:labelArc xlink:type="arc" xlink:arcrole="http://www.xbrl.org/2003/arcrole/concept-label" xlink:from="loc_dnb_ftk_dom035" xlink:to="label_dnb_ftk_dom035_2" />
    <link:loc xlink:type="locator" xlink:href="exp.xsd#dnb_ftk_dom036" xlink:label="loc_dnb_ftk_dom036" />
    <link:label xlink:type="resource" xlink:label="label_dnb_ftk_dom036" xml:lang="nl" xlink:role="http://www.xbrl.org/2003/role/label">Herstelplan</link:label>
    <link:labelArc xlink:type="arc" xlink:arcrole="http://www.xbrl.org/2003/arcrole/concept-label" xlink:from="loc_dnb_ftk_dom036" xlink:to="label_dnb_ftk_dom036" />
    <link:label xlink:type="resource" xlink:label="label_dnb_ftk_dom036_2" xml:lang="nl" xlink:role="http://www.xbrl.org/2003/role/documentation">Herstelplan</link:label>
    <link:labelArc xlink:type="arc" xlink:arcrole="http://www.xbrl.org/2003/arcrole/concept-label" xlink:from="loc_dnb_ftk_dom036" xlink:to="label_dnb_ftk_dom036_2" />
    <link:loc xlink:type="locator" xlink:href="exp.xsd#dnb_ftk_dom037" xlink:label="loc_dnb_ftk_dom037" />
    <link:label xlink:type="resource" xlink:label="label_dnb_ftk_dom037" xml:lang="nl" xlink:role="http://www.xbrl.org/2003/role/label">Referentieperiode</link:label>
    <link:labelArc xlink:type="arc" xlink:arcrole="http://www.xbrl.org/2003/arcrole/concept-label" xlink:from="loc_dnb_ftk_dom037" xlink:to="label_dnb_ftk_dom037" />
    <link:label xlink:type="resource" xlink:label="label_dnb_ftk_dom037_2" xml:lang="nl" xlink:role="http://www.xbrl.org/2003/role/documentation">Referentieperiode</link:label>
    <link:labelArc xlink:type="arc" xlink:arcrole="http://www.xbrl.org/2003/arcrole/concept-label" xlink:from="loc_dnb_ftk_dom037" xlink:to="label_dnb_ftk_dom037_2" />
    <link:loc xlink:type="locator" xlink:href="exp.xsd#dnb_ftk_dom038" xlink:label="loc_dnb_ftk_dom038" />
    <link:label xlink:type="resource" xlink:label="label_dnb_ftk_dom038" xml:lang="nl" xlink:role="http://www.xbrl.org/2003/role/label">HBT-post</link:label>
    <link:labelArc xlink:type="arc" xlink:arcrole="http://www.xbrl.org/2003/arcrole/concept-label" xlink:from="loc_dnb_ftk_dom038" xlink:to="label_dnb_ftk_dom038" />
    <link:label xlink:type="resource" xlink:label="label_dnb_ftk_dom038_2" xml:lang="nl" xlink:role="http://www.xbrl.org/2003/role/documentation">HBT-post</link:label>
    <link:labelArc xlink:type="arc" xlink:arcrole="http://www.xbrl.org/2003/arcrole/concept-label" xlink:from="loc_dnb_ftk_dom038" xlink:to="label_dnb_ftk_dom038_2" />
    <link:loc xlink:type="locator" xlink:href="exp.xsd#dnb_ftk_dom039" xlink:label="loc_dnb_ftk_dom039" />
    <link:label xlink:type="resource" xlink:label="label_dnb_ftk_dom039" xml:lang="nl" xlink:role="http://www.xbrl.org/2003/role/label">Financiële groep</link:label>
    <link:labelArc xlink:type="arc" xlink:arcrole="http://www.xbrl.org/2003/arcrole/concept-label" xlink:from="loc_dnb_ftk_dom039" xlink:to="label_dnb_ftk_dom039" />
    <link:label xlink:type="resource" xlink:label="label_dnb_ftk_dom039_2" xml:lang="nl" xlink:role="http://www.xbrl.org/2003/role/documentation">Financiële groep</link:label>
    <link:labelArc xlink:type="arc" xlink:arcrole="http://www.xbrl.org/2003/arcrole/concept-label" xlink:from="loc_dnb_ftk_dom039" xlink:to="label_dnb_ftk_dom039_2" />
    <link:loc xlink:type="locator" xlink:href="exp.xsd#dnb_ftk_dom040" xlink:label="loc_dnb_ftk_dom040" />
    <link:label xlink:type="resource" xlink:label="label_dnb_ftk_dom040" xml:lang="nl" xlink:role="http://www.xbrl.org/2003/role/label">Tijdsinterval</link:label>
    <link:labelArc xlink:type="arc" xlink:arcrole="http://www.xbrl.org/2003/arcrole/concept-label" xlink:from="loc_dnb_ftk_dom040" xlink:to="label_dnb_ftk_dom040" />
    <link:label xlink:type="resource" xlink:label="label_dnb_ftk_dom040_2" xml:lang="nl" xlink:role="http://www.xbrl.org/2003/role/documentation">Tijdsinterval</link:label>
    <link:labelArc xlink:type="arc" xlink:arcrole="http://www.xbrl.org/2003/arcrole/concept-label" xlink:from="loc_dnb_ftk_dom040" xlink:to="label_dnb_ftk_dom040_2" />
  </link:labelLink>
</link:linkbase>