﻿<?xml version="1.0" encoding="utf-8"?>
<!--© DNB-->
<link:linkbase xmlns:xsi="http://www.w3.org/2001/XMLSchema-instance" xmlns:xlink="http://www.w3.org/1999/xlink" xmlns:link="http://www.xbrl.org/2003/linkbase" xsi:schemaLocation="http://www.xbrl.org/2003/linkbase http://www.xbrl.org/2003/xbrl-linkbase-2003-12-31.xsd">
  <link:labelLink xlink:type="extended" xlink:role="http://www.xbrl.org/2003/role/link">
    <link:loc xlink:type="locator" xlink:href="mem.xsd#dnb_mem000" xlink:label="loc_dnb_mem000" />
    <link:label xlink:type="resource" xlink:label="label_dnb_mem000" xml:lang="nl" xlink:role="http://www.xbrl.org/2003/role/label">Niet van toepassing / Alle of Totaal</link:label>
    <link:labelArc xlink:type="arc" xlink:arcrole="http://www.xbrl.org/2003/arcrole/concept-label" xlink:from="loc_dnb_mem000" xlink:to="label_dnb_mem000" />
    <link:label xlink:type="resource" xlink:label="label_dnb_mem000_2" xml:lang="nl" xlink:role="http://www.xbrl.org/2003/role/documentation">Niet van toepassing / Alle of Totaal</link:label>
    <link:labelArc xlink:type="arc" xlink:arcrole="http://www.xbrl.org/2003/arcrole/concept-label" xlink:from="loc_dnb_mem000" xlink:to="label_dnb_mem000_2" />
    <link:loc xlink:type="locator" xlink:href="mem.xsd#dnb_mem001" xlink:label="loc_dnb_mem001" />
    <link:label xlink:type="resource" xlink:label="label_dnb_mem001" xml:lang="nl" xlink:role="http://www.xbrl.org/2003/role/label">Dekkingsgraad</link:label>
    <link:labelArc xlink:type="arc" xlink:arcrole="http://www.xbrl.org/2003/arcrole/concept-label" xlink:from="loc_dnb_mem001" xlink:to="label_dnb_mem001" />
    <link:label xlink:type="resource" xlink:label="label_dnb_mem001_2" xml:lang="nl" xlink:role="http://www.xbrl.org/2003/role/documentation">Dekkingsgraad</link:label>
    <link:labelArc xlink:type="arc" xlink:arcrole="http://www.xbrl.org/2003/arcrole/concept-label" xlink:from="loc_dnb_mem001" xlink:to="label_dnb_mem001_2" />
    <link:loc xlink:type="locator" xlink:href="mem.xsd#dnb_mem002" xlink:label="loc_dnb_mem002" />
    <link:label xlink:type="resource" xlink:label="label_dnb_mem002" xml:lang="nl" xlink:role="http://www.xbrl.org/2003/role/label">Beleggingen</link:label>
    <link:labelArc xlink:type="arc" xlink:arcrole="http://www.xbrl.org/2003/arcrole/concept-label" xlink:from="loc_dnb_mem002" xlink:to="label_dnb_mem002" />
    <link:label xlink:type="resource" xlink:label="label_dnb_mem002_2" xml:lang="nl" xlink:role="http://www.xbrl.org/2003/role/documentation">Beleggingen</link:label>
    <link:labelArc xlink:type="arc" xlink:arcrole="http://www.xbrl.org/2003/arcrole/concept-label" xlink:from="loc_dnb_mem002" xlink:to="label_dnb_mem002_2" />
    <link:loc xlink:type="locator" xlink:href="mem.xsd#dnb_mem003" xlink:label="loc_dnb_mem003" />
    <link:label xlink:type="resource" xlink:label="label_dnb_mem003" xml:lang="nl" xlink:role="http://www.xbrl.org/2003/role/label">Waarden en wegingen</link:label>
    <link:labelArc xlink:type="arc" xlink:arcrole="http://www.xbrl.org/2003/arcrole/concept-label" xlink:from="loc_dnb_mem003" xlink:to="label_dnb_mem003" />
    <link:label xlink:type="resource" xlink:label="label_dnb_mem003_2" xml:lang="nl" xlink:role="http://www.xbrl.org/2003/role/documentation">Waarden en wegingen</link:label>
    <link:labelArc xlink:type="arc" xlink:arcrole="http://www.xbrl.org/2003/arcrole/concept-label" xlink:from="loc_dnb_mem003" xlink:to="label_dnb_mem003_2" />
    <link:loc xlink:type="locator" xlink:href="mem.xsd#dnb_mem004" xlink:label="loc_dnb_mem004" />
    <link:label xlink:type="resource" xlink:label="label_dnb_mem004" xml:lang="nl" xlink:role="http://www.xbrl.org/2003/role/label">Valuta uitsplisting</link:label>
    <link:labelArc xlink:type="arc" xlink:arcrole="http://www.xbrl.org/2003/arcrole/concept-label" xlink:from="loc_dnb_mem004" xlink:to="label_dnb_mem004" />
    <link:label xlink:type="resource" xlink:label="label_dnb_mem004_2" xml:lang="nl" xlink:role="http://www.xbrl.org/2003/role/documentation">Valuta uitsplisting</link:label>
    <link:labelArc xlink:type="arc" xlink:arcrole="http://www.xbrl.org/2003/arcrole/concept-label" xlink:from="loc_dnb_mem004" xlink:to="label_dnb_mem004_2" />
    <link:loc xlink:type="locator" xlink:href="mem.xsd#dnb_mem005" xlink:label="loc_dnb_mem005" />
    <link:label xlink:type="resource" xlink:label="label_dnb_mem005" xml:lang="nl" xlink:role="http://www.xbrl.org/2003/role/label">Vastrentende waarden naar rating en durations</link:label>
    <link:labelArc xlink:type="arc" xlink:arcrole="http://www.xbrl.org/2003/arcrole/concept-label" xlink:from="loc_dnb_mem005" xlink:to="label_dnb_mem005" />
    <link:label xlink:type="resource" xlink:label="label_dnb_mem005_2" xml:lang="nl" xlink:role="http://www.xbrl.org/2003/role/documentation">Vastrentende waarden naar rating en durations</link:label>
    <link:labelArc xlink:type="arc" xlink:arcrole="http://www.xbrl.org/2003/arcrole/concept-label" xlink:from="loc_dnb_mem005" xlink:to="label_dnb_mem005_2" />
    <link:loc xlink:type="locator" xlink:href="mem.xsd#dnb_mem006" xlink:label="loc_dnb_mem006" />
    <link:label xlink:type="resource" xlink:label="label_dnb_mem006" xml:lang="nl" xlink:role="http://www.xbrl.org/2003/role/label">Derivatenposities</link:label>
    <link:labelArc xlink:type="arc" xlink:arcrole="http://www.xbrl.org/2003/arcrole/concept-label" xlink:from="loc_dnb_mem006" xlink:to="label_dnb_mem006" />
    <link:label xlink:type="resource" xlink:label="label_dnb_mem006_2" xml:lang="nl" xlink:role="http://www.xbrl.org/2003/role/documentation">Derivatenposities</link:label>
    <link:labelArc xlink:type="arc" xlink:arcrole="http://www.xbrl.org/2003/arcrole/concept-label" xlink:from="loc_dnb_mem006" xlink:to="label_dnb_mem006_2" />
    <link:loc xlink:type="locator" xlink:href="mem.xsd#dnb_mem007" xlink:label="loc_dnb_mem007" />
    <link:label xlink:type="resource" xlink:label="label_dnb_mem007" xml:lang="nl" xlink:role="http://www.xbrl.org/2003/role/label">Rendementen en contributie</link:label>
    <link:labelArc xlink:type="arc" xlink:arcrole="http://www.xbrl.org/2003/arcrole/concept-label" xlink:from="loc_dnb_mem007" xlink:to="label_dnb_mem007" />
    <link:label xlink:type="resource" xlink:label="label_dnb_mem007_2" xml:lang="nl" xlink:role="http://www.xbrl.org/2003/role/documentation">Rendementen en contributie</link:label>
    <link:labelArc xlink:type="arc" xlink:arcrole="http://www.xbrl.org/2003/arcrole/concept-label" xlink:from="loc_dnb_mem007" xlink:to="label_dnb_mem007_2" />
    <link:loc xlink:type="locator" xlink:href="mem.xsd#dnb_mem008" xlink:label="loc_dnb_mem008" />
    <link:label xlink:type="resource" xlink:label="label_dnb_mem008" xml:lang="nl" xlink:role="http://www.xbrl.org/2003/role/label">Liquiditeitenrapportage</link:label>
    <link:labelArc xlink:type="arc" xlink:arcrole="http://www.xbrl.org/2003/arcrole/concept-label" xlink:from="loc_dnb_mem008" xlink:to="label_dnb_mem008" />
    <link:label xlink:type="resource" xlink:label="label_dnb_mem008_2" xml:lang="nl" xlink:role="http://www.xbrl.org/2003/role/documentation">Liquiditeitenrapportage</link:label>
    <link:labelArc xlink:type="arc" xlink:arcrole="http://www.xbrl.org/2003/arcrole/concept-label" xlink:from="loc_dnb_mem008" xlink:to="label_dnb_mem008_2" />
    <link:loc xlink:type="locator" xlink:href="mem.xsd#dnb_mem009" xlink:label="loc_dnb_mem009" />
    <link:label xlink:type="resource" xlink:label="label_dnb_mem009" xml:lang="nl" xlink:role="http://www.xbrl.org/2003/role/label">Toelichtingen beleggingen</link:label>
    <link:labelArc xlink:type="arc" xlink:arcrole="http://www.xbrl.org/2003/arcrole/concept-label" xlink:from="loc_dnb_mem009" xlink:to="label_dnb_mem009" />
    <link:label xlink:type="resource" xlink:label="label_dnb_mem009_2" xml:lang="nl" xlink:role="http://www.xbrl.org/2003/role/documentation">Toelichtingen beleggingen</link:label>
    <link:labelArc xlink:type="arc" xlink:arcrole="http://www.xbrl.org/2003/arcrole/concept-label" xlink:from="loc_dnb_mem009" xlink:to="label_dnb_mem009_2" />
    <link:loc xlink:type="locator" xlink:href="mem.xsd#dnb_mem010" xlink:label="loc_dnb_mem010" />
    <link:label xlink:type="resource" xlink:label="label_dnb_mem010" xml:lang="nl" xlink:role="http://www.xbrl.org/2003/role/label">Geografische uitsplitsing</link:label>
    <link:labelArc xlink:type="arc" xlink:arcrole="http://www.xbrl.org/2003/arcrole/concept-label" xlink:from="loc_dnb_mem010" xlink:to="label_dnb_mem010" />
    <link:label xlink:type="resource" xlink:label="label_dnb_mem010_2" xml:lang="nl" xlink:role="http://www.xbrl.org/2003/role/documentation">Geografische uitsplitsing</link:label>
    <link:labelArc xlink:type="arc" xlink:arcrole="http://www.xbrl.org/2003/arcrole/concept-label" xlink:from="loc_dnb_mem010" xlink:to="label_dnb_mem010_2" />
    <link:loc xlink:type="locator" xlink:href="mem.xsd#dnb_mem011" xlink:label="loc_dnb_mem011" />
    <link:label xlink:type="resource" xlink:label="label_dnb_mem011" xml:lang="nl" xlink:role="http://www.xbrl.org/2003/role/label">Enkelvoudige balans</link:label>
    <link:labelArc xlink:type="arc" xlink:arcrole="http://www.xbrl.org/2003/arcrole/concept-label" xlink:from="loc_dnb_mem011" xlink:to="label_dnb_mem011" />
    <link:label xlink:type="resource" xlink:label="label_dnb_mem011_2" xml:lang="nl" xlink:role="http://www.xbrl.org/2003/role/documentation">Enkelvoudige balans</link:label>
    <link:labelArc xlink:type="arc" xlink:arcrole="http://www.xbrl.org/2003/arcrole/concept-label" xlink:from="loc_dnb_mem011" xlink:to="label_dnb_mem011_2" />
    <link:loc xlink:type="locator" xlink:href="mem.xsd#dnb_mem012" xlink:label="loc_dnb_mem012" />
    <link:label xlink:type="resource" xlink:label="label_dnb_mem012" xml:lang="nl" xlink:role="http://www.xbrl.org/2003/role/label">Solvabiliteit</link:label>
    <link:labelArc xlink:type="arc" xlink:arcrole="http://www.xbrl.org/2003/arcrole/concept-label" xlink:from="loc_dnb_mem012" xlink:to="label_dnb_mem012" />
    <link:label xlink:type="resource" xlink:label="label_dnb_mem012_2" xml:lang="nl" xlink:role="http://www.xbrl.org/2003/role/documentation">Solvabiliteit</link:label>
    <link:labelArc xlink:type="arc" xlink:arcrole="http://www.xbrl.org/2003/arcrole/concept-label" xlink:from="loc_dnb_mem012" xlink:to="label_dnb_mem012_2" />
    <link:loc xlink:type="locator" xlink:href="mem.xsd#dnb_mem013" xlink:label="loc_dnb_mem013" />
    <link:label xlink:type="resource" xlink:label="label_dnb_mem013" xml:lang="nl" xlink:role="http://www.xbrl.org/2003/role/label">Grondslagen</link:label>
    <link:labelArc xlink:type="arc" xlink:arcrole="http://www.xbrl.org/2003/arcrole/concept-label" xlink:from="loc_dnb_mem013" xlink:to="label_dnb_mem013" />
    <link:label xlink:type="resource" xlink:label="label_dnb_mem013_2" xml:lang="nl" xlink:role="http://www.xbrl.org/2003/role/documentation">Grondslagen</link:label>
    <link:labelArc xlink:type="arc" xlink:arcrole="http://www.xbrl.org/2003/arcrole/concept-label" xlink:from="loc_dnb_mem013" xlink:to="label_dnb_mem013_2" />
    <link:loc xlink:type="locator" xlink:href="mem.xsd#dnb_mem014" xlink:label="loc_dnb_mem014" />
    <link:label xlink:type="resource" xlink:label="label_dnb_mem014" xml:lang="nl" xlink:role="http://www.xbrl.org/2003/role/label">Pensioenfondsen in liquidatie</link:label>
    <link:labelArc xlink:type="arc" xlink:arcrole="http://www.xbrl.org/2003/arcrole/concept-label" xlink:from="loc_dnb_mem014" xlink:to="label_dnb_mem014" />
    <link:label xlink:type="resource" xlink:label="label_dnb_mem014_2" xml:lang="nl" xlink:role="http://www.xbrl.org/2003/role/documentation">Pensioenfondsen in liquidatie</link:label>
    <link:labelArc xlink:type="arc" xlink:arcrole="http://www.xbrl.org/2003/arcrole/concept-label" xlink:from="loc_dnb_mem014" xlink:to="label_dnb_mem014_2" />
    <link:loc xlink:type="locator" xlink:href="mem.xsd#dnb_mem015" xlink:label="loc_dnb_mem015" />
    <link:label xlink:type="resource" xlink:label="label_dnb_mem015" xml:lang="nl" xlink:role="http://www.xbrl.org/2003/role/label">Jaarstaten</link:label>
    <link:labelArc xlink:type="arc" xlink:arcrole="http://www.xbrl.org/2003/arcrole/concept-label" xlink:from="loc_dnb_mem015" xlink:to="label_dnb_mem015" />
    <link:label xlink:type="resource" xlink:label="label_dnb_mem015_2" xml:lang="nl" xlink:role="http://www.xbrl.org/2003/role/documentation">Jaarstaten</link:label>
    <link:labelArc xlink:type="arc" xlink:arcrole="http://www.xbrl.org/2003/arcrole/concept-label" xlink:from="loc_dnb_mem015" xlink:to="label_dnb_mem015_2" />
    <link:loc xlink:type="locator" xlink:href="mem.xsd#dnb_mem016" xlink:label="loc_dnb_mem016" />
    <link:label xlink:type="resource" xlink:label="label_dnb_mem016" xml:lang="nl" xlink:role="http://www.xbrl.org/2003/role/label">Organisatie</link:label>
    <link:labelArc xlink:type="arc" xlink:arcrole="http://www.xbrl.org/2003/arcrole/concept-label" xlink:from="loc_dnb_mem016" xlink:to="label_dnb_mem016" />
    <link:label xlink:type="resource" xlink:label="label_dnb_mem016_2" xml:lang="nl" xlink:role="http://www.xbrl.org/2003/role/documentation">Organisatie</link:label>
    <link:labelArc xlink:type="arc" xlink:arcrole="http://www.xbrl.org/2003/arcrole/concept-label" xlink:from="loc_dnb_mem016" xlink:to="label_dnb_mem016_2" />
    <link:loc xlink:type="locator" xlink:href="mem.xsd#dnb_mem017" xlink:label="loc_dnb_mem017" />
    <link:label xlink:type="resource" xlink:label="label_dnb_mem017" xml:lang="nl" xlink:role="http://www.xbrl.org/2003/role/label">Pension fund governance</link:label>
    <link:labelArc xlink:type="arc" xlink:arcrole="http://www.xbrl.org/2003/arcrole/concept-label" xlink:from="loc_dnb_mem017" xlink:to="label_dnb_mem017" />
    <link:label xlink:type="resource" xlink:label="label_dnb_mem017_2" xml:lang="nl" xlink:role="http://www.xbrl.org/2003/role/documentation">Pension fund governance</link:label>
    <link:labelArc xlink:type="arc" xlink:arcrole="http://www.xbrl.org/2003/arcrole/concept-label" xlink:from="loc_dnb_mem017" xlink:to="label_dnb_mem017_2" />
    <link:loc xlink:type="locator" xlink:href="mem.xsd#dnb_mem018" xlink:label="loc_dnb_mem018" />
    <link:label xlink:type="resource" xlink:label="label_dnb_mem018" xml:lang="nl" xlink:role="http://www.xbrl.org/2003/role/label">Bestuur, actuaris en accountant</link:label>
    <link:labelArc xlink:type="arc" xlink:arcrole="http://www.xbrl.org/2003/arcrole/concept-label" xlink:from="loc_dnb_mem018" xlink:to="label_dnb_mem018" />
    <link:label xlink:type="resource" xlink:label="label_dnb_mem018_2" xml:lang="nl" xlink:role="http://www.xbrl.org/2003/role/documentation">Bestuur, actuaris en accountant</link:label>
    <link:labelArc xlink:type="arc" xlink:arcrole="http://www.xbrl.org/2003/arcrole/concept-label" xlink:from="loc_dnb_mem018" xlink:to="label_dnb_mem018_2" />
    <link:loc xlink:type="locator" xlink:href="mem.xsd#dnb_mem019" xlink:label="loc_dnb_mem019" />
    <link:label xlink:type="resource" xlink:label="label_dnb_mem019" xml:lang="nl" xlink:role="http://www.xbrl.org/2003/role/label">Geconsolideerde balans</link:label>
    <link:labelArc xlink:type="arc" xlink:arcrole="http://www.xbrl.org/2003/arcrole/concept-label" xlink:from="loc_dnb_mem019" xlink:to="label_dnb_mem019" />
    <link:label xlink:type="resource" xlink:label="label_dnb_mem019_2" xml:lang="nl" xlink:role="http://www.xbrl.org/2003/role/documentation">Geconsolideerde balans</link:label>
    <link:labelArc xlink:type="arc" xlink:arcrole="http://www.xbrl.org/2003/arcrole/concept-label" xlink:from="loc_dnb_mem019" xlink:to="label_dnb_mem019_2" />
    <link:loc xlink:type="locator" xlink:href="mem.xsd#dnb_mem020" xlink:label="loc_dnb_mem020" />
    <link:label xlink:type="resource" xlink:label="label_dnb_mem020" xml:lang="nl" xlink:role="http://www.xbrl.org/2003/role/label">Zekerheden en garanties</link:label>
    <link:labelArc xlink:type="arc" xlink:arcrole="http://www.xbrl.org/2003/arcrole/concept-label" xlink:from="loc_dnb_mem020" xlink:to="label_dnb_mem020" />
    <link:label xlink:type="resource" xlink:label="label_dnb_mem020_2" xml:lang="nl" xlink:role="http://www.xbrl.org/2003/role/documentation">Zekerheden en garanties</link:label>
    <link:labelArc xlink:type="arc" xlink:arcrole="http://www.xbrl.org/2003/arcrole/concept-label" xlink:from="loc_dnb_mem020" xlink:to="label_dnb_mem020_2" />
    <link:loc xlink:type="locator" xlink:href="mem.xsd#dnb_mem021" xlink:label="loc_dnb_mem021" />
    <link:label xlink:type="resource" xlink:label="label_dnb_mem021" xml:lang="nl" xlink:role="http://www.xbrl.org/2003/role/label">Financiële relaties</link:label>
    <link:labelArc xlink:type="arc" xlink:arcrole="http://www.xbrl.org/2003/arcrole/concept-label" xlink:from="loc_dnb_mem021" xlink:to="label_dnb_mem021" />
    <link:label xlink:type="resource" xlink:label="label_dnb_mem021_2" xml:lang="nl" xlink:role="http://www.xbrl.org/2003/role/documentation">Financiële relaties</link:label>
    <link:labelArc xlink:type="arc" xlink:arcrole="http://www.xbrl.org/2003/arcrole/concept-label" xlink:from="loc_dnb_mem021" xlink:to="label_dnb_mem021_2" />
    <link:loc xlink:type="locator" xlink:href="mem.xsd#dnb_mem022" xlink:label="loc_dnb_mem022" />
    <link:label xlink:type="resource" xlink:label="label_dnb_mem022" xml:lang="nl" xlink:role="http://www.xbrl.org/2003/role/label">Concentratierisico</link:label>
    <link:labelArc xlink:type="arc" xlink:arcrole="http://www.xbrl.org/2003/arcrole/concept-label" xlink:from="loc_dnb_mem022" xlink:to="label_dnb_mem022" />
    <link:label xlink:type="resource" xlink:label="label_dnb_mem022_2" xml:lang="nl" xlink:role="http://www.xbrl.org/2003/role/documentation">Concentratierisico</link:label>
    <link:labelArc xlink:type="arc" xlink:arcrole="http://www.xbrl.org/2003/arcrole/concept-label" xlink:from="loc_dnb_mem022" xlink:to="label_dnb_mem022_2" />
    <link:loc xlink:type="locator" xlink:href="mem.xsd#dnb_mem023" xlink:label="loc_dnb_mem023" />
    <link:label xlink:type="resource" xlink:label="label_dnb_mem023" xml:lang="nl" xlink:role="http://www.xbrl.org/2003/role/label">Baten en lasten</link:label>
    <link:labelArc xlink:type="arc" xlink:arcrole="http://www.xbrl.org/2003/arcrole/concept-label" xlink:from="loc_dnb_mem023" xlink:to="label_dnb_mem023" />
    <link:label xlink:type="resource" xlink:label="label_dnb_mem023_2" xml:lang="nl" xlink:role="http://www.xbrl.org/2003/role/documentation">Baten en lasten</link:label>
    <link:labelArc xlink:type="arc" xlink:arcrole="http://www.xbrl.org/2003/arcrole/concept-label" xlink:from="loc_dnb_mem023" xlink:to="label_dnb_mem023_2" />
    <link:loc xlink:type="locator" xlink:href="mem.xsd#dnb_mem024" xlink:label="loc_dnb_mem024" />
    <link:label xlink:type="resource" xlink:label="label_dnb_mem024" xml:lang="nl" xlink:role="http://www.xbrl.org/2003/role/label">Vermogensbeheerkosten</link:label>
    <link:labelArc xlink:type="arc" xlink:arcrole="http://www.xbrl.org/2003/arcrole/concept-label" xlink:from="loc_dnb_mem024" xlink:to="label_dnb_mem024" />
    <link:label xlink:type="resource" xlink:label="label_dnb_mem024_2" xml:lang="nl" xlink:role="http://www.xbrl.org/2003/role/documentation">Vermogensbeheerkosten</link:label>
    <link:labelArc xlink:type="arc" xlink:arcrole="http://www.xbrl.org/2003/arcrole/concept-label" xlink:from="loc_dnb_mem024" xlink:to="label_dnb_mem024_2" />
    <link:loc xlink:type="locator" xlink:href="mem.xsd#dnb_mem025" xlink:label="loc_dnb_mem025" />
    <link:label xlink:type="resource" xlink:label="label_dnb_mem025" xml:lang="nl" xlink:role="http://www.xbrl.org/2003/role/label">Premies ex-post</link:label>
    <link:labelArc xlink:type="arc" xlink:arcrole="http://www.xbrl.org/2003/arcrole/concept-label" xlink:from="loc_dnb_mem025" xlink:to="label_dnb_mem025" />
    <link:label xlink:type="resource" xlink:label="label_dnb_mem025_2" xml:lang="nl" xlink:role="http://www.xbrl.org/2003/role/documentation">Premies ex-post</link:label>
    <link:labelArc xlink:type="arc" xlink:arcrole="http://www.xbrl.org/2003/arcrole/concept-label" xlink:from="loc_dnb_mem025" xlink:to="label_dnb_mem025_2" />
    <link:loc xlink:type="locator" xlink:href="mem.xsd#dnb_mem026" xlink:label="loc_dnb_mem026" />
    <link:label xlink:type="resource" xlink:label="label_dnb_mem026" xml:lang="nl" xlink:role="http://www.xbrl.org/2003/role/label">Premiespecificatie garantiecontract</link:label>
    <link:labelArc xlink:type="arc" xlink:arcrole="http://www.xbrl.org/2003/arcrole/concept-label" xlink:from="loc_dnb_mem026" xlink:to="label_dnb_mem026" />
    <link:label xlink:type="resource" xlink:label="label_dnb_mem026_2" xml:lang="nl" xlink:role="http://www.xbrl.org/2003/role/documentation">Premiespecificatie garantiecontract</link:label>
    <link:labelArc xlink:type="arc" xlink:arcrole="http://www.xbrl.org/2003/arcrole/concept-label" xlink:from="loc_dnb_mem026" xlink:to="label_dnb_mem026_2" />
    <link:loc xlink:type="locator" xlink:href="mem.xsd#dnb_mem027" xlink:label="loc_dnb_mem027" />
    <link:label xlink:type="resource" xlink:label="label_dnb_mem027" xml:lang="nl" xlink:role="http://www.xbrl.org/2003/role/label">Toeslagverlening</link:label>
    <link:labelArc xlink:type="arc" xlink:arcrole="http://www.xbrl.org/2003/arcrole/concept-label" xlink:from="loc_dnb_mem027" xlink:to="label_dnb_mem027" />
    <link:label xlink:type="resource" xlink:label="label_dnb_mem027_2" xml:lang="nl" xlink:role="http://www.xbrl.org/2003/role/documentation">Toeslagverlening</link:label>
    <link:labelArc xlink:type="arc" xlink:arcrole="http://www.xbrl.org/2003/arcrole/concept-label" xlink:from="loc_dnb_mem027" xlink:to="label_dnb_mem027_2" />
    <link:loc xlink:type="locator" xlink:href="mem.xsd#dnb_mem028" xlink:label="loc_dnb_mem028" />
    <link:label xlink:type="resource" xlink:label="label_dnb_mem028" xml:lang="nl" xlink:role="http://www.xbrl.org/2003/role/label">Toetsing indexatieregel</link:label>
    <link:labelArc xlink:type="arc" xlink:arcrole="http://www.xbrl.org/2003/arcrole/concept-label" xlink:from="loc_dnb_mem028" xlink:to="label_dnb_mem028" />
    <link:label xlink:type="resource" xlink:label="label_dnb_mem028_2" xml:lang="nl" xlink:role="http://www.xbrl.org/2003/role/documentation">Toetsing indexatieregel</link:label>
    <link:labelArc xlink:type="arc" xlink:arcrole="http://www.xbrl.org/2003/arcrole/concept-label" xlink:from="loc_dnb_mem028" xlink:to="label_dnb_mem028_2" />
    <link:loc xlink:type="locator" xlink:href="mem.xsd#dnb_mem029" xlink:label="loc_dnb_mem029" />
    <link:label xlink:type="resource" xlink:label="label_dnb_mem029" xml:lang="nl" xlink:role="http://www.xbrl.org/2003/role/label">Technische analyse</link:label>
    <link:labelArc xlink:type="arc" xlink:arcrole="http://www.xbrl.org/2003/arcrole/concept-label" xlink:from="loc_dnb_mem029" xlink:to="label_dnb_mem029" />
    <link:label xlink:type="resource" xlink:label="label_dnb_mem029_2" xml:lang="nl" xlink:role="http://www.xbrl.org/2003/role/documentation">Technische analyse</link:label>
    <link:labelArc xlink:type="arc" xlink:arcrole="http://www.xbrl.org/2003/arcrole/concept-label" xlink:from="loc_dnb_mem029" xlink:to="label_dnb_mem029_2" />
    <link:loc xlink:type="locator" xlink:href="mem.xsd#dnb_mem030" xlink:label="loc_dnb_mem030" />
    <link:label xlink:type="resource" xlink:label="label_dnb_mem030" xml:lang="nl" xlink:role="http://www.xbrl.org/2003/role/label">Deelnemers en demografie</link:label>
    <link:labelArc xlink:type="arc" xlink:arcrole="http://www.xbrl.org/2003/arcrole/concept-label" xlink:from="loc_dnb_mem030" xlink:to="label_dnb_mem030" />
    <link:label xlink:type="resource" xlink:label="label_dnb_mem030_2" xml:lang="nl" xlink:role="http://www.xbrl.org/2003/role/documentation">Deelnemers en demografie</link:label>
    <link:labelArc xlink:type="arc" xlink:arcrole="http://www.xbrl.org/2003/arcrole/concept-label" xlink:from="loc_dnb_mem030" xlink:to="label_dnb_mem030_2" />
    <link:loc xlink:type="locator" xlink:href="mem.xsd#dnb_mem031" xlink:label="loc_dnb_mem031" />
    <link:label xlink:type="resource" xlink:label="label_dnb_mem031" xml:lang="nl" xlink:role="http://www.xbrl.org/2003/role/label">Details garantiecontract</link:label>
    <link:labelArc xlink:type="arc" xlink:arcrole="http://www.xbrl.org/2003/arcrole/concept-label" xlink:from="loc_dnb_mem031" xlink:to="label_dnb_mem031" />
    <link:label xlink:type="resource" xlink:label="label_dnb_mem031_2" xml:lang="nl" xlink:role="http://www.xbrl.org/2003/role/documentation">Details garantiecontract</link:label>
    <link:labelArc xlink:type="arc" xlink:arcrole="http://www.xbrl.org/2003/arcrole/concept-label" xlink:from="loc_dnb_mem031" xlink:to="label_dnb_mem031_2" />
    <link:loc xlink:type="locator" xlink:href="mem.xsd#dnb_mem032" xlink:label="loc_dnb_mem032" />
    <link:label xlink:type="resource" xlink:label="label_dnb_mem032" xml:lang="nl" xlink:role="http://www.xbrl.org/2003/role/label">Details kapitaalcontract</link:label>
    <link:labelArc xlink:type="arc" xlink:arcrole="http://www.xbrl.org/2003/arcrole/concept-label" xlink:from="loc_dnb_mem032" xlink:to="label_dnb_mem032" />
    <link:label xlink:type="resource" xlink:label="label_dnb_mem032_2" xml:lang="nl" xlink:role="http://www.xbrl.org/2003/role/documentation">Details kapitaalcontract</link:label>
    <link:labelArc xlink:type="arc" xlink:arcrole="http://www.xbrl.org/2003/arcrole/concept-label" xlink:from="loc_dnb_mem032" xlink:to="label_dnb_mem032_2" />
    <link:loc xlink:type="locator" xlink:href="mem.xsd#dnb_mem033" xlink:label="loc_dnb_mem033" />
    <link:label xlink:type="resource" xlink:label="label_dnb_mem033" xml:lang="nl" xlink:role="http://www.xbrl.org/2003/role/label">Regeling risico deelnemer</link:label>
    <link:labelArc xlink:type="arc" xlink:arcrole="http://www.xbrl.org/2003/arcrole/concept-label" xlink:from="loc_dnb_mem033" xlink:to="label_dnb_mem033" />
    <link:label xlink:type="resource" xlink:label="label_dnb_mem033_2" xml:lang="nl" xlink:role="http://www.xbrl.org/2003/role/documentation">Regeling risico deelnemer</link:label>
    <link:labelArc xlink:type="arc" xlink:arcrole="http://www.xbrl.org/2003/arcrole/concept-label" xlink:from="loc_dnb_mem033" xlink:to="label_dnb_mem033_2" />
    <link:loc xlink:type="locator" xlink:href="mem.xsd#dnb_mem034" xlink:label="loc_dnb_mem034" />
    <link:label xlink:type="resource" xlink:label="label_dnb_mem034" xml:lang="nl" xlink:role="http://www.xbrl.org/2003/role/label">VUT regelingen</link:label>
    <link:labelArc xlink:type="arc" xlink:arcrole="http://www.xbrl.org/2003/arcrole/concept-label" xlink:from="loc_dnb_mem034" xlink:to="label_dnb_mem034" />
    <link:label xlink:type="resource" xlink:label="label_dnb_mem034_2" xml:lang="nl" xlink:role="http://www.xbrl.org/2003/role/documentation">VUT regelingen</link:label>
    <link:labelArc xlink:type="arc" xlink:arcrole="http://www.xbrl.org/2003/arcrole/concept-label" xlink:from="loc_dnb_mem034" xlink:to="label_dnb_mem034_2" />
    <link:loc xlink:type="locator" xlink:href="mem.xsd#dnb_mem035" xlink:label="loc_dnb_mem035" />
    <link:label xlink:type="resource" xlink:label="label_dnb_mem035" xml:lang="nl" xlink:role="http://www.xbrl.org/2003/role/label">Regeling inhaalpensioen (VPL)</link:label>
    <link:labelArc xlink:type="arc" xlink:arcrole="http://www.xbrl.org/2003/arcrole/concept-label" xlink:from="loc_dnb_mem035" xlink:to="label_dnb_mem035" />
    <link:label xlink:type="resource" xlink:label="label_dnb_mem035_2" xml:lang="nl" xlink:role="http://www.xbrl.org/2003/role/documentation">Regeling inhaalpensioen (VPL)</link:label>
    <link:labelArc xlink:type="arc" xlink:arcrole="http://www.xbrl.org/2003/arcrole/concept-label" xlink:from="loc_dnb_mem035" xlink:to="label_dnb_mem035_2" />
    <link:loc xlink:type="locator" xlink:href="mem.xsd#dnb_mem036" xlink:label="loc_dnb_mem036" />
    <link:label xlink:type="resource" xlink:label="label_dnb_mem036" xml:lang="nl" xlink:role="http://www.xbrl.org/2003/role/label">Z-score</link:label>
    <link:labelArc xlink:type="arc" xlink:arcrole="http://www.xbrl.org/2003/arcrole/concept-label" xlink:from="loc_dnb_mem036" xlink:to="label_dnb_mem036" />
    <link:label xlink:type="resource" xlink:label="label_dnb_mem036_2" xml:lang="nl" xlink:role="http://www.xbrl.org/2003/role/documentation">Z-score</link:label>
    <link:labelArc xlink:type="arc" xlink:arcrole="http://www.xbrl.org/2003/arcrole/concept-label" xlink:from="loc_dnb_mem036" xlink:to="label_dnb_mem036_2" />
    <link:loc xlink:type="locator" xlink:href="mem.xsd#dnb_mem037" xlink:label="loc_dnb_mem037" />
    <link:label xlink:type="resource" xlink:label="label_dnb_mem037" xml:lang="nl" xlink:role="http://www.xbrl.org/2003/role/label">Premie</link:label>
    <link:labelArc xlink:type="arc" xlink:arcrole="http://www.xbrl.org/2003/arcrole/concept-label" xlink:from="loc_dnb_mem037" xlink:to="label_dnb_mem037" />
    <link:label xlink:type="resource" xlink:label="label_dnb_mem037_2" xml:lang="nl" xlink:role="http://www.xbrl.org/2003/role/documentation">Premie</link:label>
    <link:labelArc xlink:type="arc" xlink:arcrole="http://www.xbrl.org/2003/arcrole/concept-label" xlink:from="loc_dnb_mem037" xlink:to="label_dnb_mem037_2" />
    <link:loc xlink:type="locator" xlink:href="mem.xsd#dnb_mem038" xlink:label="loc_dnb_mem038" />
    <link:label xlink:type="resource" xlink:label="label_dnb_mem038" xml:lang="nl" xlink:role="http://www.xbrl.org/2003/role/label">Premies ex-ante</link:label>
    <link:labelArc xlink:type="arc" xlink:arcrole="http://www.xbrl.org/2003/arcrole/concept-label" xlink:from="loc_dnb_mem038" xlink:to="label_dnb_mem038" />
    <link:label xlink:type="resource" xlink:label="label_dnb_mem038_2" xml:lang="nl" xlink:role="http://www.xbrl.org/2003/role/documentation">Premies ex-ante</link:label>
    <link:labelArc xlink:type="arc" xlink:arcrole="http://www.xbrl.org/2003/arcrole/concept-label" xlink:from="loc_dnb_mem038" xlink:to="label_dnb_mem038_2" />
    <link:loc xlink:type="locator" xlink:href="mem.xsd#dnb_mem039" xlink:label="loc_dnb_mem039" />
    <link:label xlink:type="resource" xlink:label="label_dnb_mem039" xml:lang="nl" xlink:role="http://www.xbrl.org/2003/role/label">Reglementen</link:label>
    <link:labelArc xlink:type="arc" xlink:arcrole="http://www.xbrl.org/2003/arcrole/concept-label" xlink:from="loc_dnb_mem039" xlink:to="label_dnb_mem039" />
    <link:label xlink:type="resource" xlink:label="label_dnb_mem039_2" xml:lang="nl" xlink:role="http://www.xbrl.org/2003/role/documentation">Reglementen</link:label>
    <link:labelArc xlink:type="arc" xlink:arcrole="http://www.xbrl.org/2003/arcrole/concept-label" xlink:from="loc_dnb_mem039" xlink:to="label_dnb_mem039_2" />
    <link:loc xlink:type="locator" xlink:href="mem.xsd#dnb_mem040" xlink:label="loc_dnb_mem040" />
    <link:label xlink:type="resource" xlink:label="label_dnb_mem040" xml:lang="nl" xlink:role="http://www.xbrl.org/2003/role/label">Herstelplan</link:label>
    <link:labelArc xlink:type="arc" xlink:arcrole="http://www.xbrl.org/2003/arcrole/concept-label" xlink:from="loc_dnb_mem040" xlink:to="label_dnb_mem040" />
    <link:label xlink:type="resource" xlink:label="label_dnb_mem040_2" xml:lang="nl" xlink:role="http://www.xbrl.org/2003/role/documentation">Herstelplan</link:label>
    <link:labelArc xlink:type="arc" xlink:arcrole="http://www.xbrl.org/2003/arcrole/concept-label" xlink:from="loc_dnb_mem040" xlink:to="label_dnb_mem040_2" />
    <link:loc xlink:type="locator" xlink:href="mem.xsd#dnb_mem041" xlink:label="loc_dnb_mem041" />
    <link:label xlink:type="resource" xlink:label="label_dnb_mem041" xml:lang="nl" xlink:role="http://www.xbrl.org/2003/role/label">Haalbaarheidstoets</link:label>
    <link:labelArc xlink:type="arc" xlink:arcrole="http://www.xbrl.org/2003/arcrole/concept-label" xlink:from="loc_dnb_mem041" xlink:to="label_dnb_mem041" />
    <link:label xlink:type="resource" xlink:label="label_dnb_mem041_2" xml:lang="nl" xlink:role="http://www.xbrl.org/2003/role/documentation">Haalbaarheidstoets</link:label>
    <link:labelArc xlink:type="arc" xlink:arcrole="http://www.xbrl.org/2003/arcrole/concept-label" xlink:from="loc_dnb_mem041" xlink:to="label_dnb_mem041_2" />
    <link:loc xlink:type="locator" xlink:href="mem.xsd#dnb_mem042" xlink:label="loc_dnb_mem042" />
    <link:label xlink:type="resource" xlink:label="label_dnb_mem042" xml:lang="nl" xlink:role="http://www.xbrl.org/2003/role/label">Geringfencete activa</link:label>
    <link:labelArc xlink:type="arc" xlink:arcrole="http://www.xbrl.org/2003/arcrole/concept-label" xlink:from="loc_dnb_mem042" xlink:to="label_dnb_mem042" />
    <link:label xlink:type="resource" xlink:label="label_dnb_mem042_2" xml:lang="nl" xlink:role="http://www.xbrl.org/2003/role/documentation">Geringfencete activa</link:label>
    <link:labelArc xlink:type="arc" xlink:arcrole="http://www.xbrl.org/2003/arcrole/concept-label" xlink:from="loc_dnb_mem042" xlink:to="label_dnb_mem042_2" />
    <link:loc xlink:type="locator" xlink:href="mem.xsd#dnb_mem043" xlink:label="loc_dnb_mem043" />
    <link:label xlink:type="resource" xlink:label="label_dnb_mem043" xml:lang="nl" xlink:role="http://www.xbrl.org/2003/role/label">Financiële positie</link:label>
    <link:labelArc xlink:type="arc" xlink:arcrole="http://www.xbrl.org/2003/arcrole/concept-label" xlink:from="loc_dnb_mem043" xlink:to="label_dnb_mem043" />
    <link:label xlink:type="resource" xlink:label="label_dnb_mem043_2" xml:lang="nl" xlink:role="http://www.xbrl.org/2003/role/documentation">Financiële positie</link:label>
    <link:labelArc xlink:type="arc" xlink:arcrole="http://www.xbrl.org/2003/arcrole/concept-label" xlink:from="loc_dnb_mem043" xlink:to="label_dnb_mem043_2" />
    <link:loc xlink:type="locator" xlink:href="mem.xsd#dnb_mem044" xlink:label="loc_dnb_mem044" />
    <link:label xlink:type="resource" xlink:label="label_dnb_mem044" xml:lang="nl" xlink:role="http://www.xbrl.org/2003/role/label">Toelichting</link:label>
    <link:labelArc xlink:type="arc" xlink:arcrole="http://www.xbrl.org/2003/arcrole/concept-label" xlink:from="loc_dnb_mem044" xlink:to="label_dnb_mem044" />
    <link:label xlink:type="resource" xlink:label="label_dnb_mem044_2" xml:lang="nl" xlink:role="http://www.xbrl.org/2003/role/documentation">Toelichting</link:label>
    <link:labelArc xlink:type="arc" xlink:arcrole="http://www.xbrl.org/2003/arcrole/concept-label" xlink:from="loc_dnb_mem044" xlink:to="label_dnb_mem044_2" />
    <link:loc xlink:type="locator" xlink:href="mem.xsd#dnb_mem045" xlink:label="loc_dnb_mem045" />
    <link:label xlink:type="resource" xlink:label="label_dnb_mem045" xml:lang="nl" xlink:role="http://www.xbrl.org/2003/role/label">Pensioenfonds governance</link:label>
    <link:labelArc xlink:type="arc" xlink:arcrole="http://www.xbrl.org/2003/arcrole/concept-label" xlink:from="loc_dnb_mem045" xlink:to="label_dnb_mem045" />
    <link:label xlink:type="resource" xlink:label="label_dnb_mem045_2" xml:lang="nl" xlink:role="http://www.xbrl.org/2003/role/documentation">Pensioenfonds governance</link:label>
    <link:labelArc xlink:type="arc" xlink:arcrole="http://www.xbrl.org/2003/arcrole/concept-label" xlink:from="loc_dnb_mem045" xlink:to="label_dnb_mem045_2" />
    <link:loc xlink:type="locator" xlink:href="mem.xsd#dnb_mem046" xlink:label="loc_dnb_mem046" />
    <link:label xlink:type="resource" xlink:label="label_dnb_mem046" xml:lang="nl" xlink:role="http://www.xbrl.org/2003/role/label">Aangehouden beleggingen</link:label>
    <link:labelArc xlink:type="arc" xlink:arcrole="http://www.xbrl.org/2003/arcrole/concept-label" xlink:from="loc_dnb_mem046" xlink:to="label_dnb_mem046" />
    <link:label xlink:type="resource" xlink:label="label_dnb_mem046_2" xml:lang="nl" xlink:role="http://www.xbrl.org/2003/role/documentation">Aangehouden beleggingen</link:label>
    <link:labelArc xlink:type="arc" xlink:arcrole="http://www.xbrl.org/2003/arcrole/concept-label" xlink:from="loc_dnb_mem046" xlink:to="label_dnb_mem046_2" />
    <link:loc xlink:type="locator" xlink:href="mem.xsd#dnb_mem047" xlink:label="loc_dnb_mem047" />
    <link:label xlink:type="resource" xlink:label="label_dnb_mem047" xml:lang="nl" xlink:role="http://www.xbrl.org/2003/role/label">Aangehouden derivaten</link:label>
    <link:labelArc xlink:type="arc" xlink:arcrole="http://www.xbrl.org/2003/arcrole/concept-label" xlink:from="loc_dnb_mem047" xlink:to="label_dnb_mem047" />
    <link:label xlink:type="resource" xlink:label="label_dnb_mem047_2" xml:lang="nl" xlink:role="http://www.xbrl.org/2003/role/documentation">Aangehouden derivaten</link:label>
    <link:labelArc xlink:type="arc" xlink:arcrole="http://www.xbrl.org/2003/arcrole/concept-label" xlink:from="loc_dnb_mem047" xlink:to="label_dnb_mem047_2" />
    <link:loc xlink:type="locator" xlink:href="mem.xsd#dnb_mem048" xlink:label="loc_dnb_mem048" />
    <link:label xlink:type="resource" xlink:label="label_dnb_mem048" xml:lang="nl" xlink:role="http://www.xbrl.org/2003/role/label">Doorkijk beleggingsfondsen</link:label>
    <link:labelArc xlink:type="arc" xlink:arcrole="http://www.xbrl.org/2003/arcrole/concept-label" xlink:from="loc_dnb_mem048" xlink:to="label_dnb_mem048" />
    <link:label xlink:type="resource" xlink:label="label_dnb_mem048_2" xml:lang="nl" xlink:role="http://www.xbrl.org/2003/role/documentation">Doorkijk beleggingsfondsen</link:label>
    <link:labelArc xlink:type="arc" xlink:arcrole="http://www.xbrl.org/2003/arcrole/concept-label" xlink:from="loc_dnb_mem048" xlink:to="label_dnb_mem048_2" />
  </link:labelLink>
</link:linkbase>