<?xml version="1.0" encoding="utf-8"?>
<!--(C) Eurofiling Foundation p.f.
Version History
1.0.0 original version
1.0.1 2017-11-19 includes version numbering and commenting
-->
<?version 1.0.1?>
<link:linkbase xmlns:xlink="http://www.w3.org/1999/xlink" xmlns:xsi="http://www.w3.org/2001/XMLSchema-instance" xmlns:link="http://www.xbrl.org/2003/linkbase" xsi:schemaLocation=" http://www.xbrl.org/2003/linkbase http://www.xbrl.org/2003/xbrl-linkbase-2003-12-31.xsd">
  <link:labelLink xlink:type="extended" xlink:role="http://www.xbrl.org/2003/role/link">
    <link:loc xlink:type="locator" xlink:href="mem.xsd#eu_x0" xlink:label="loc_eu_x0"/>
    <link:label xlink:type="resource" xlink:label="label_eu_x0" xml:lang="en" xlink:role="http://www.xbrl.org/2003/role/label">Not applicable/All geographical areas</link:label>
    <link:labelArc xlink:type="arc" xlink:arcrole="http://www.xbrl.org/2003/arcrole/concept-label" xlink:from="loc_eu_x0" xlink:to="label_eu_x0"/>
    <link:loc xlink:type="locator" xlink:href="mem.xsd#eu_AD" xlink:label="loc_eu_AD"/>
    <link:label xlink:type="resource" xlink:label="label_eu_AD" xml:lang="en" xlink:role="http://www.xbrl.org/2003/role/label">ANDORRA</link:label>
    <link:labelArc xlink:type="arc" xlink:arcrole="http://www.xbrl.org/2003/arcrole/concept-label" xlink:from="loc_eu_AD" xlink:to="label_eu_AD"/>
    <link:loc xlink:type="locator" xlink:href="mem.xsd#eu_AE" xlink:label="loc_eu_AE"/>
    <link:label xlink:type="resource" xlink:label="label_eu_AE" xml:lang="en" xlink:role="http://www.xbrl.org/2003/role/label">UNITED ARAB EMIRATES</link:label>
    <link:labelArc xlink:type="arc" xlink:arcrole="http://www.xbrl.org/2003/arcrole/concept-label" xlink:from="loc_eu_AE" xlink:to="label_eu_AE"/>
    <link:loc xlink:type="locator" xlink:href="mem.xsd#eu_AF" xlink:label="loc_eu_AF"/>
    <link:label xlink:type="resource" xlink:label="label_eu_AF" xml:lang="en" xlink:role="http://www.xbrl.org/2003/role/label">AFGHANISTAN</link:label>
    <link:labelArc xlink:type="arc" xlink:arcrole="http://www.xbrl.org/2003/arcrole/concept-label" xlink:from="loc_eu_AF" xlink:to="label_eu_AF"/>
    <link:loc xlink:type="locator" xlink:href="mem.xsd#eu_AG" xlink:label="loc_eu_AG"/>
    <link:label xlink:type="resource" xlink:label="label_eu_AG" xml:lang="en" xlink:role="http://www.xbrl.org/2003/role/label">ANTIGUA AND BARBUDA</link:label>
    <link:labelArc xlink:type="arc" xlink:arcrole="http://www.xbrl.org/2003/arcrole/concept-label" xlink:from="loc_eu_AG" xlink:to="label_eu_AG"/>
    <link:loc xlink:type="locator" xlink:href="mem.xsd#eu_AI" xlink:label="loc_eu_AI"/>
    <link:label xlink:type="resource" xlink:label="label_eu_AI" xml:lang="en" xlink:role="http://www.xbrl.org/2003/role/label">ANGUILLA</link:label>
    <link:labelArc xlink:type="arc" xlink:arcrole="http://www.xbrl.org/2003/arcrole/concept-label" xlink:from="loc_eu_AI" xlink:to="label_eu_AI"/>
    <link:loc xlink:type="locator" xlink:href="mem.xsd#eu_AL" xlink:label="loc_eu_AL"/>
    <link:label xlink:type="resource" xlink:label="label_eu_AL" xml:lang="en" xlink:role="http://www.xbrl.org/2003/role/label">ALBANIA</link:label>
    <link:labelArc xlink:type="arc" xlink:arcrole="http://www.xbrl.org/2003/arcrole/concept-label" xlink:from="loc_eu_AL" xlink:to="label_eu_AL"/>
    <link:loc xlink:type="locator" xlink:href="mem.xsd#eu_AM" xlink:label="loc_eu_AM"/>
    <link:label xlink:type="resource" xlink:label="label_eu_AM" xml:lang="en" xlink:role="http://www.xbrl.org/2003/role/label">ARMENIA</link:label>
    <link:labelArc xlink:type="arc" xlink:arcrole="http://www.xbrl.org/2003/arcrole/concept-label" xlink:from="loc_eu_AM" xlink:to="label_eu_AM"/>
    <link:loc xlink:type="locator" xlink:href="mem.xsd#eu_AO" xlink:label="loc_eu_AO"/>
    <link:label xlink:type="resource" xlink:label="label_eu_AO" xml:lang="en" xlink:role="http://www.xbrl.org/2003/role/label">ANGOLA</link:label>
    <link:labelArc xlink:type="arc" xlink:arcrole="http://www.xbrl.org/2003/arcrole/concept-label" xlink:from="loc_eu_AO" xlink:to="label_eu_AO"/>
    <link:loc xlink:type="locator" xlink:href="mem.xsd#eu_AQ" xlink:label="loc_eu_AQ"/>
    <link:label xlink:type="resource" xlink:label="label_eu_AQ" xml:lang="en" xlink:role="http://www.xbrl.org/2003/role/label">ANTARCTICA</link:label>
    <link:labelArc xlink:type="arc" xlink:arcrole="http://www.xbrl.org/2003/arcrole/concept-label" xlink:from="loc_eu_AQ" xlink:to="label_eu_AQ"/>
    <link:loc xlink:type="locator" xlink:href="mem.xsd#eu_AR" xlink:label="loc_eu_AR"/>
    <link:label xlink:type="resource" xlink:label="label_eu_AR" xml:lang="en" xlink:role="http://www.xbrl.org/2003/role/label">ARGENTINA</link:label>
    <link:labelArc xlink:type="arc" xlink:arcrole="http://www.xbrl.org/2003/arcrole/concept-label" xlink:from="loc_eu_AR" xlink:to="label_eu_AR"/>
    <link:loc xlink:type="locator" xlink:href="mem.xsd#eu_AS" xlink:label="loc_eu_AS"/>
    <link:label xlink:type="resource" xlink:label="label_eu_AS" xml:lang="en" xlink:role="http://www.xbrl.org/2003/role/label">AMERICAN SAMOA</link:label>
    <link:labelArc xlink:type="arc" xlink:arcrole="http://www.xbrl.org/2003/arcrole/concept-label" xlink:from="loc_eu_AS" xlink:to="label_eu_AS"/>
    <link:loc xlink:type="locator" xlink:href="mem.xsd#eu_AT" xlink:label="loc_eu_AT"/>
    <link:label xlink:type="resource" xlink:label="label_eu_AT" xml:lang="en" xlink:role="http://www.xbrl.org/2003/role/label">AUSTRIA</link:label>
    <link:labelArc xlink:type="arc" xlink:arcrole="http://www.xbrl.org/2003/arcrole/concept-label" xlink:from="loc_eu_AT" xlink:to="label_eu_AT"/>
    <link:loc xlink:type="locator" xlink:href="mem.xsd#eu_AU" xlink:label="loc_eu_AU"/>
    <link:label xlink:type="resource" xlink:label="label_eu_AU" xml:lang="en" xlink:role="http://www.xbrl.org/2003/role/label">AUSTRALIA</link:label>
    <link:labelArc xlink:type="arc" xlink:arcrole="http://www.xbrl.org/2003/arcrole/concept-label" xlink:from="loc_eu_AU" xlink:to="label_eu_AU"/>
    <link:loc xlink:type="locator" xlink:href="mem.xsd#eu_AW" xlink:label="loc_eu_AW"/>
    <link:label xlink:type="resource" xlink:label="label_eu_AW" xml:lang="en" xlink:role="http://www.xbrl.org/2003/role/label">ARUBA</link:label>
    <link:labelArc xlink:type="arc" xlink:arcrole="http://www.xbrl.org/2003/arcrole/concept-label" xlink:from="loc_eu_AW" xlink:to="label_eu_AW"/>
    <link:loc xlink:type="locator" xlink:href="mem.xsd#eu_AX" xlink:label="loc_eu_AX"/>
    <link:label xlink:type="resource" xlink:label="label_eu_AX" xml:lang="en" xlink:role="http://www.xbrl.org/2003/role/label">&#197;LAND ISLANDS</link:label>
    <link:labelArc xlink:type="arc" xlink:arcrole="http://www.xbrl.org/2003/arcrole/concept-label" xlink:from="loc_eu_AX" xlink:to="label_eu_AX"/>
    <link:loc xlink:type="locator" xlink:href="mem.xsd#eu_AZ" xlink:label="loc_eu_AZ"/>
    <link:label xlink:type="resource" xlink:label="label_eu_AZ" xml:lang="en" xlink:role="http://www.xbrl.org/2003/role/label">AZERBAIJAN</link:label>
    <link:labelArc xlink:type="arc" xlink:arcrole="http://www.xbrl.org/2003/arcrole/concept-label" xlink:from="loc_eu_AZ" xlink:to="label_eu_AZ"/>
    <link:loc xlink:type="locator" xlink:href="mem.xsd#eu_BA" xlink:label="loc_eu_BA"/>
    <link:label xlink:type="resource" xlink:label="label_eu_BA" xml:lang="en" xlink:role="http://www.xbrl.org/2003/role/label">BOSNIA AND HERZEGOVINA</link:label>
    <link:labelArc xlink:type="arc" xlink:arcrole="http://www.xbrl.org/2003/arcrole/concept-label" xlink:from="loc_eu_BA" xlink:to="label_eu_BA"/>
    <link:loc xlink:type="locator" xlink:href="mem.xsd#eu_BB" xlink:label="loc_eu_BB"/>
    <link:label xlink:type="resource" xlink:label="label_eu_BB" xml:lang="en" xlink:role="http://www.xbrl.org/2003/role/label">BARBADOS</link:label>
    <link:labelArc xlink:type="arc" xlink:arcrole="http://www.xbrl.org/2003/arcrole/concept-label" xlink:from="loc_eu_BB" xlink:to="label_eu_BB"/>
    <link:loc xlink:type="locator" xlink:href="mem.xsd#eu_BD" xlink:label="loc_eu_BD"/>
    <link:label xlink:type="resource" xlink:label="label_eu_BD" xml:lang="en" xlink:role="http://www.xbrl.org/2003/role/label">BANGLADESH</link:label>
    <link:labelArc xlink:type="arc" xlink:arcrole="http://www.xbrl.org/2003/arcrole/concept-label" xlink:from="loc_eu_BD" xlink:to="label_eu_BD"/>
    <link:loc xlink:type="locator" xlink:href="mem.xsd#eu_BE" xlink:label="loc_eu_BE"/>
    <link:label xlink:type="resource" xlink:label="label_eu_BE" xml:lang="en" xlink:role="http://www.xbrl.org/2003/role/label">BELGIUM</link:label>
    <link:labelArc xlink:type="arc" xlink:arcrole="http://www.xbrl.org/2003/arcrole/concept-label" xlink:from="loc_eu_BE" xlink:to="label_eu_BE"/>
    <link:loc xlink:type="locator" xlink:href="mem.xsd#eu_BF" xlink:label="loc_eu_BF"/>
    <link:label xlink:type="resource" xlink:label="label_eu_BF" xml:lang="en" xlink:role="http://www.xbrl.org/2003/role/label">BURKINA FASO</link:label>
    <link:labelArc xlink:type="arc" xlink:arcrole="http://www.xbrl.org/2003/arcrole/concept-label" xlink:from="loc_eu_BF" xlink:to="label_eu_BF"/>
    <link:loc xlink:type="locator" xlink:href="mem.xsd#eu_BG" xlink:label="loc_eu_BG"/>
    <link:label xlink:type="resource" xlink:label="label_eu_BG" xml:lang="en" xlink:role="http://www.xbrl.org/2003/role/label">BULGARIA</link:label>
    <link:labelArc xlink:type="arc" xlink:arcrole="http://www.xbrl.org/2003/arcrole/concept-label" xlink:from="loc_eu_BG" xlink:to="label_eu_BG"/>
    <link:loc xlink:type="locator" xlink:href="mem.xsd#eu_BH" xlink:label="loc_eu_BH"/>
    <link:label xlink:type="resource" xlink:label="label_eu_BH" xml:lang="en" xlink:role="http://www.xbrl.org/2003/role/label">BAHRAIN</link:label>
    <link:labelArc xlink:type="arc" xlink:arcrole="http://www.xbrl.org/2003/arcrole/concept-label" xlink:from="loc_eu_BH" xlink:to="label_eu_BH"/>
    <link:loc xlink:type="locator" xlink:href="mem.xsd#eu_BI" xlink:label="loc_eu_BI"/>
    <link:label xlink:type="resource" xlink:label="label_eu_BI" xml:lang="en" xlink:role="http://www.xbrl.org/2003/role/label">BURUNDI</link:label>
    <link:labelArc xlink:type="arc" xlink:arcrole="http://www.xbrl.org/2003/arcrole/concept-label" xlink:from="loc_eu_BI" xlink:to="label_eu_BI"/>
    <link:loc xlink:type="locator" xlink:href="mem.xsd#eu_BJ" xlink:label="loc_eu_BJ"/>
    <link:label xlink:type="resource" xlink:label="label_eu_BJ" xml:lang="en" xlink:role="http://www.xbrl.org/2003/role/label">BENIN</link:label>
    <link:labelArc xlink:type="arc" xlink:arcrole="http://www.xbrl.org/2003/arcrole/concept-label" xlink:from="loc_eu_BJ" xlink:to="label_eu_BJ"/>
    <link:loc xlink:type="locator" xlink:href="mem.xsd#eu_BL" xlink:label="loc_eu_BL"/>
    <link:label xlink:type="resource" xlink:label="label_eu_BL" xml:lang="en" xlink:role="http://www.xbrl.org/2003/role/label">SAINT BARTH&#201;LEMY</link:label>
    <link:labelArc xlink:type="arc" xlink:arcrole="http://www.xbrl.org/2003/arcrole/concept-label" xlink:from="loc_eu_BL" xlink:to="label_eu_BL"/>
    <link:loc xlink:type="locator" xlink:href="mem.xsd#eu_BM" xlink:label="loc_eu_BM"/>
    <link:label xlink:type="resource" xlink:label="label_eu_BM" xml:lang="en" xlink:role="http://www.xbrl.org/2003/role/label">BERMUDA</link:label>
    <link:labelArc xlink:type="arc" xlink:arcrole="http://www.xbrl.org/2003/arcrole/concept-label" xlink:from="loc_eu_BM" xlink:to="label_eu_BM"/>
    <link:loc xlink:type="locator" xlink:href="mem.xsd#eu_BN" xlink:label="loc_eu_BN"/>
    <link:label xlink:type="resource" xlink:label="label_eu_BN" xml:lang="en" xlink:role="http://www.xbrl.org/2003/role/label">BRUNEI DARUSSALAM</link:label>
    <link:labelArc xlink:type="arc" xlink:arcrole="http://www.xbrl.org/2003/arcrole/concept-label" xlink:from="loc_eu_BN" xlink:to="label_eu_BN"/>
    <link:loc xlink:type="locator" xlink:href="mem.xsd#eu_BO" xlink:label="loc_eu_BO"/>
    <link:label xlink:type="resource" xlink:label="label_eu_BO" xml:lang="en" xlink:role="http://www.xbrl.org/2003/role/label">BOLIVIA, PLURINATIONAL STATE OF</link:label>
    <link:labelArc xlink:type="arc" xlink:arcrole="http://www.xbrl.org/2003/arcrole/concept-label" xlink:from="loc_eu_BO" xlink:to="label_eu_BO"/>
    <link:loc xlink:type="locator" xlink:href="mem.xsd#eu_BQ" xlink:label="loc_eu_BQ"/>
    <link:label xlink:type="resource" xlink:label="label_eu_BQ" xml:lang="en" xlink:role="http://www.xbrl.org/2003/role/label">BONAIRE, SINT EUSTATIUS AND SABA</link:label>
    <link:labelArc xlink:type="arc" xlink:arcrole="http://www.xbrl.org/2003/arcrole/concept-label" xlink:from="loc_eu_BQ" xlink:to="label_eu_BQ"/>
    <link:loc xlink:type="locator" xlink:href="mem.xsd#eu_BR" xlink:label="loc_eu_BR"/>
    <link:label xlink:type="resource" xlink:label="label_eu_BR" xml:lang="en" xlink:role="http://www.xbrl.org/2003/role/label">BRAZIL</link:label>
    <link:labelArc xlink:type="arc" xlink:arcrole="http://www.xbrl.org/2003/arcrole/concept-label" xlink:from="loc_eu_BR" xlink:to="label_eu_BR"/>
    <link:loc xlink:type="locator" xlink:href="mem.xsd#eu_BS" xlink:label="loc_eu_BS"/>
    <link:label xlink:type="resource" xlink:label="label_eu_BS" xml:lang="en" xlink:role="http://www.xbrl.org/2003/role/label">BAHAMAS</link:label>
    <link:labelArc xlink:type="arc" xlink:arcrole="http://www.xbrl.org/2003/arcrole/concept-label" xlink:from="loc_eu_BS" xlink:to="label_eu_BS"/>
    <link:loc xlink:type="locator" xlink:href="mem.xsd#eu_BT" xlink:label="loc_eu_BT"/>
    <link:label xlink:type="resource" xlink:label="label_eu_BT" xml:lang="en" xlink:role="http://www.xbrl.org/2003/role/label">BHUTAN</link:label>
    <link:labelArc xlink:type="arc" xlink:arcrole="http://www.xbrl.org/2003/arcrole/concept-label" xlink:from="loc_eu_BT" xlink:to="label_eu_BT"/>
    <link:loc xlink:type="locator" xlink:href="mem.xsd#eu_BV" xlink:label="loc_eu_BV"/>
    <link:label xlink:type="resource" xlink:label="label_eu_BV" xml:lang="en" xlink:role="http://www.xbrl.org/2003/role/label">BOUVET ISLAND</link:label>
    <link:labelArc xlink:type="arc" xlink:arcrole="http://www.xbrl.org/2003/arcrole/concept-label" xlink:from="loc_eu_BV" xlink:to="label_eu_BV"/>
    <link:loc xlink:type="locator" xlink:href="mem.xsd#eu_BW" xlink:label="loc_eu_BW"/>
    <link:label xlink:type="resource" xlink:label="label_eu_BW" xml:lang="en" xlink:role="http://www.xbrl.org/2003/role/label">BOTSWANA</link:label>
    <link:labelArc xlink:type="arc" xlink:arcrole="http://www.xbrl.org/2003/arcrole/concept-label" xlink:from="loc_eu_BW" xlink:to="label_eu_BW"/>
    <link:loc xlink:type="locator" xlink:href="mem.xsd#eu_BY" xlink:label="loc_eu_BY"/>
    <link:label xlink:type="resource" xlink:label="label_eu_BY" xml:lang="en" xlink:role="http://www.xbrl.org/2003/role/label">BELARUS</link:label>
    <link:labelArc xlink:type="arc" xlink:arcrole="http://www.xbrl.org/2003/arcrole/concept-label" xlink:from="loc_eu_BY" xlink:to="label_eu_BY"/>
    <link:loc xlink:type="locator" xlink:href="mem.xsd#eu_BZ" xlink:label="loc_eu_BZ"/>
    <link:label xlink:type="resource" xlink:label="label_eu_BZ" xml:lang="en" xlink:role="http://www.xbrl.org/2003/role/label">BELIZE</link:label>
    <link:labelArc xlink:type="arc" xlink:arcrole="http://www.xbrl.org/2003/arcrole/concept-label" xlink:from="loc_eu_BZ" xlink:to="label_eu_BZ"/>
    <link:loc xlink:type="locator" xlink:href="mem.xsd#eu_CA" xlink:label="loc_eu_CA"/>
    <link:label xlink:type="resource" xlink:label="label_eu_CA" xml:lang="en" xlink:role="http://www.xbrl.org/2003/role/label">CANADA</link:label>
    <link:labelArc xlink:type="arc" xlink:arcrole="http://www.xbrl.org/2003/arcrole/concept-label" xlink:from="loc_eu_CA" xlink:to="label_eu_CA"/>
    <link:loc xlink:type="locator" xlink:href="mem.xsd#eu_CC" xlink:label="loc_eu_CC"/>
    <link:label xlink:type="resource" xlink:label="label_eu_CC" xml:lang="en" xlink:role="http://www.xbrl.org/2003/role/label">COCOS (KEELING) ISLANDS</link:label>
    <link:labelArc xlink:type="arc" xlink:arcrole="http://www.xbrl.org/2003/arcrole/concept-label" xlink:from="loc_eu_CC" xlink:to="label_eu_CC"/>
    <link:loc xlink:type="locator" xlink:href="mem.xsd#eu_CD" xlink:label="loc_eu_CD"/>
    <link:label xlink:type="resource" xlink:label="label_eu_CD" xml:lang="en" xlink:role="http://www.xbrl.org/2003/role/label">CONGO, THE DEMOCRATIC REPUBLIC OF THE</link:label>
    <link:labelArc xlink:type="arc" xlink:arcrole="http://www.xbrl.org/2003/arcrole/concept-label" xlink:from="loc_eu_CD" xlink:to="label_eu_CD"/>
    <link:loc xlink:type="locator" xlink:href="mem.xsd#eu_CF" xlink:label="loc_eu_CF"/>
    <link:label xlink:type="resource" xlink:label="label_eu_CF" xml:lang="en" xlink:role="http://www.xbrl.org/2003/role/label">CENTRAL AFRICAN REPUBLIC</link:label>
    <link:labelArc xlink:type="arc" xlink:arcrole="http://www.xbrl.org/2003/arcrole/concept-label" xlink:from="loc_eu_CF" xlink:to="label_eu_CF"/>
    <link:loc xlink:type="locator" xlink:href="mem.xsd#eu_CG" xlink:label="loc_eu_CG"/>
    <link:label xlink:type="resource" xlink:label="label_eu_CG" xml:lang="en" xlink:role="http://www.xbrl.org/2003/role/label">CONGO</link:label>
    <link:labelArc xlink:type="arc" xlink:arcrole="http://www.xbrl.org/2003/arcrole/concept-label" xlink:from="loc_eu_CG" xlink:to="label_eu_CG"/>
    <link:loc xlink:type="locator" xlink:href="mem.xsd#eu_CH" xlink:label="loc_eu_CH"/>
    <link:label xlink:type="resource" xlink:label="label_eu_CH" xml:lang="en" xlink:role="http://www.xbrl.org/2003/role/label">SWITZERLAND</link:label>
    <link:labelArc xlink:type="arc" xlink:arcrole="http://www.xbrl.org/2003/arcrole/concept-label" xlink:from="loc_eu_CH" xlink:to="label_eu_CH"/>
    <link:loc xlink:type="locator" xlink:href="mem.xsd#eu_CI" xlink:label="loc_eu_CI"/>
    <link:label xlink:type="resource" xlink:label="label_eu_CI" xml:lang="en" xlink:role="http://www.xbrl.org/2003/role/label">C&#212;TE D'IVOIRE</link:label>
    <link:labelArc xlink:type="arc" xlink:arcrole="http://www.xbrl.org/2003/arcrole/concept-label" xlink:from="loc_eu_CI" xlink:to="label_eu_CI"/>
    <link:loc xlink:type="locator" xlink:href="mem.xsd#eu_CK" xlink:label="loc_eu_CK"/>
    <link:label xlink:type="resource" xlink:label="label_eu_CK" xml:lang="en" xlink:role="http://www.xbrl.org/2003/role/label">COOK ISLANDS</link:label>
    <link:labelArc xlink:type="arc" xlink:arcrole="http://www.xbrl.org/2003/arcrole/concept-label" xlink:from="loc_eu_CK" xlink:to="label_eu_CK"/>
    <link:loc xlink:type="locator" xlink:href="mem.xsd#eu_CL" xlink:label="loc_eu_CL"/>
    <link:label xlink:type="resource" xlink:label="label_eu_CL" xml:lang="en" xlink:role="http://www.xbrl.org/2003/role/label">CHILE</link:label>
    <link:labelArc xlink:type="arc" xlink:arcrole="http://www.xbrl.org/2003/arcrole/concept-label" xlink:from="loc_eu_CL" xlink:to="label_eu_CL"/>
    <link:loc xlink:type="locator" xlink:href="mem.xsd#eu_CM" xlink:label="loc_eu_CM"/>
    <link:label xlink:type="resource" xlink:label="label_eu_CM" xml:lang="en" xlink:role="http://www.xbrl.org/2003/role/label">CAMEROON</link:label>
    <link:labelArc xlink:type="arc" xlink:arcrole="http://www.xbrl.org/2003/arcrole/concept-label" xlink:from="loc_eu_CM" xlink:to="label_eu_CM"/>
    <link:loc xlink:type="locator" xlink:href="mem.xsd#eu_CN" xlink:label="loc_eu_CN"/>
    <link:label xlink:type="resource" xlink:label="label_eu_CN" xml:lang="en" xlink:role="http://www.xbrl.org/2003/role/label">CHINA</link:label>
    <link:labelArc xlink:type="arc" xlink:arcrole="http://www.xbrl.org/2003/arcrole/concept-label" xlink:from="loc_eu_CN" xlink:to="label_eu_CN"/>
    <link:loc xlink:type="locator" xlink:href="mem.xsd#eu_CO" xlink:label="loc_eu_CO"/>
    <link:label xlink:type="resource" xlink:label="label_eu_CO" xml:lang="en" xlink:role="http://www.xbrl.org/2003/role/label">COLOMBIA</link:label>
    <link:labelArc xlink:type="arc" xlink:arcrole="http://www.xbrl.org/2003/arcrole/concept-label" xlink:from="loc_eu_CO" xlink:to="label_eu_CO"/>
    <link:loc xlink:type="locator" xlink:href="mem.xsd#eu_CR" xlink:label="loc_eu_CR"/>
    <link:label xlink:type="resource" xlink:label="label_eu_CR" xml:lang="en" xlink:role="http://www.xbrl.org/2003/role/label">COSTA RICA</link:label>
    <link:labelArc xlink:type="arc" xlink:arcrole="http://www.xbrl.org/2003/arcrole/concept-label" xlink:from="loc_eu_CR" xlink:to="label_eu_CR"/>
    <link:loc xlink:type="locator" xlink:href="mem.xsd#eu_CU" xlink:label="loc_eu_CU"/>
    <link:label xlink:type="resource" xlink:label="label_eu_CU" xml:lang="en" xlink:role="http://www.xbrl.org/2003/role/label">CUBA</link:label>
    <link:labelArc xlink:type="arc" xlink:arcrole="http://www.xbrl.org/2003/arcrole/concept-label" xlink:from="loc_eu_CU" xlink:to="label_eu_CU"/>
    <link:loc xlink:type="locator" xlink:href="mem.xsd#eu_CV" xlink:label="loc_eu_CV"/>
    <link:label xlink:type="resource" xlink:label="label_eu_CV" xml:lang="en" xlink:role="http://www.xbrl.org/2003/role/label">CAPE VERDE</link:label>
    <link:labelArc xlink:type="arc" xlink:arcrole="http://www.xbrl.org/2003/arcrole/concept-label" xlink:from="loc_eu_CV" xlink:to="label_eu_CV"/>
    <link:loc xlink:type="locator" xlink:href="mem.xsd#eu_CW" xlink:label="loc_eu_CW"/>
    <link:label xlink:type="resource" xlink:label="label_eu_CW" xml:lang="en" xlink:role="http://www.xbrl.org/2003/role/label">CURA&#199;AO</link:label>
    <link:labelArc xlink:type="arc" xlink:arcrole="http://www.xbrl.org/2003/arcrole/concept-label" xlink:from="loc_eu_CW" xlink:to="label_eu_CW"/>
    <link:loc xlink:type="locator" xlink:href="mem.xsd#eu_CX" xlink:label="loc_eu_CX"/>
    <link:label xlink:type="resource" xlink:label="label_eu_CX" xml:lang="en" xlink:role="http://www.xbrl.org/2003/role/label">CHRISTMAS ISLAND</link:label>
    <link:labelArc xlink:type="arc" xlink:arcrole="http://www.xbrl.org/2003/arcrole/concept-label" xlink:from="loc_eu_CX" xlink:to="label_eu_CX"/>
    <link:loc xlink:type="locator" xlink:href="mem.xsd#eu_CY" xlink:label="loc_eu_CY"/>
    <link:label xlink:type="resource" xlink:label="label_eu_CY" xml:lang="en" xlink:role="http://www.xbrl.org/2003/role/label">CYPRUS</link:label>
    <link:labelArc xlink:type="arc" xlink:arcrole="http://www.xbrl.org/2003/arcrole/concept-label" xlink:from="loc_eu_CY" xlink:to="label_eu_CY"/>
    <link:loc xlink:type="locator" xlink:href="mem.xsd#eu_CZ" xlink:label="loc_eu_CZ"/>
    <link:label xlink:type="resource" xlink:label="label_eu_CZ" xml:lang="en" xlink:role="http://www.xbrl.org/2003/role/label">CZECH REPUBLIC</link:label>
    <link:labelArc xlink:type="arc" xlink:arcrole="http://www.xbrl.org/2003/arcrole/concept-label" xlink:from="loc_eu_CZ" xlink:to="label_eu_CZ"/>
    <link:loc xlink:type="locator" xlink:href="mem.xsd#eu_DE" xlink:label="loc_eu_DE"/>
    <link:label xlink:type="resource" xlink:label="label_eu_DE" xml:lang="en" xlink:role="http://www.xbrl.org/2003/role/label">GERMANY</link:label>
    <link:labelArc xlink:type="arc" xlink:arcrole="http://www.xbrl.org/2003/arcrole/concept-label" xlink:from="loc_eu_DE" xlink:to="label_eu_DE"/>
    <link:loc xlink:type="locator" xlink:href="mem.xsd#eu_DJ" xlink:label="loc_eu_DJ"/>
    <link:label xlink:type="resource" xlink:label="label_eu_DJ" xml:lang="en" xlink:role="http://www.xbrl.org/2003/role/label">DJIBOUTI</link:label>
    <link:labelArc xlink:type="arc" xlink:arcrole="http://www.xbrl.org/2003/arcrole/concept-label" xlink:from="loc_eu_DJ" xlink:to="label_eu_DJ"/>
    <link:loc xlink:type="locator" xlink:href="mem.xsd#eu_DK" xlink:label="loc_eu_DK"/>
    <link:label xlink:type="resource" xlink:label="label_eu_DK" xml:lang="en" xlink:role="http://www.xbrl.org/2003/role/label">DENMARK</link:label>
    <link:labelArc xlink:type="arc" xlink:arcrole="http://www.xbrl.org/2003/arcrole/concept-label" xlink:from="loc_eu_DK" xlink:to="label_eu_DK"/>
    <link:loc xlink:type="locator" xlink:href="mem.xsd#eu_DM" xlink:label="loc_eu_DM"/>
    <link:label xlink:type="resource" xlink:label="label_eu_DM" xml:lang="en" xlink:role="http://www.xbrl.org/2003/role/label">DOMINICA</link:label>
    <link:labelArc xlink:type="arc" xlink:arcrole="http://www.xbrl.org/2003/arcrole/concept-label" xlink:from="loc_eu_DM" xlink:to="label_eu_DM"/>
    <link:loc xlink:type="locator" xlink:href="mem.xsd#eu_DO" xlink:label="loc_eu_DO"/>
    <link:label xlink:type="resource" xlink:label="label_eu_DO" xml:lang="en" xlink:role="http://www.xbrl.org/2003/role/label">DOMINICAN REPUBLIC</link:label>
    <link:labelArc xlink:type="arc" xlink:arcrole="http://www.xbrl.org/2003/arcrole/concept-label" xlink:from="loc_eu_DO" xlink:to="label_eu_DO"/>
    <link:loc xlink:type="locator" xlink:href="mem.xsd#eu_DZ" xlink:label="loc_eu_DZ"/>
    <link:label xlink:type="resource" xlink:label="label_eu_DZ" xml:lang="en" xlink:role="http://www.xbrl.org/2003/role/label">ALGERIA</link:label>
    <link:labelArc xlink:type="arc" xlink:arcrole="http://www.xbrl.org/2003/arcrole/concept-label" xlink:from="loc_eu_DZ" xlink:to="label_eu_DZ"/>
    <link:loc xlink:type="locator" xlink:href="mem.xsd#eu_EC" xlink:label="loc_eu_EC"/>
    <link:label xlink:type="resource" xlink:label="label_eu_EC" xml:lang="en" xlink:role="http://www.xbrl.org/2003/role/label">ECUADOR</link:label>
    <link:labelArc xlink:type="arc" xlink:arcrole="http://www.xbrl.org/2003/arcrole/concept-label" xlink:from="loc_eu_EC" xlink:to="label_eu_EC"/>
    <link:loc xlink:type="locator" xlink:href="mem.xsd#eu_EE" xlink:label="loc_eu_EE"/>
    <link:label xlink:type="resource" xlink:label="label_eu_EE" xml:lang="en" xlink:role="http://www.xbrl.org/2003/role/label">ESTONIA</link:label>
    <link:labelArc xlink:type="arc" xlink:arcrole="http://www.xbrl.org/2003/arcrole/concept-label" xlink:from="loc_eu_EE" xlink:to="label_eu_EE"/>
    <link:loc xlink:type="locator" xlink:href="mem.xsd#eu_EG" xlink:label="loc_eu_EG"/>
    <link:label xlink:type="resource" xlink:label="label_eu_EG" xml:lang="en" xlink:role="http://www.xbrl.org/2003/role/label">EGYPT</link:label>
    <link:labelArc xlink:type="arc" xlink:arcrole="http://www.xbrl.org/2003/arcrole/concept-label" xlink:from="loc_eu_EG" xlink:to="label_eu_EG"/>
    <link:loc xlink:type="locator" xlink:href="mem.xsd#eu_EH" xlink:label="loc_eu_EH"/>
    <link:label xlink:type="resource" xlink:label="label_eu_EH" xml:lang="en" xlink:role="http://www.xbrl.org/2003/role/label">WESTERN SAHARA</link:label>
    <link:labelArc xlink:type="arc" xlink:arcrole="http://www.xbrl.org/2003/arcrole/concept-label" xlink:from="loc_eu_EH" xlink:to="label_eu_EH"/>
    <link:loc xlink:type="locator" xlink:href="mem.xsd#eu_ER" xlink:label="loc_eu_ER"/>
    <link:label xlink:type="resource" xlink:label="label_eu_ER" xml:lang="en" xlink:role="http://www.xbrl.org/2003/role/label">ERITREA</link:label>
    <link:labelArc xlink:type="arc" xlink:arcrole="http://www.xbrl.org/2003/arcrole/concept-label" xlink:from="loc_eu_ER" xlink:to="label_eu_ER"/>
    <link:loc xlink:type="locator" xlink:href="mem.xsd#eu_ES" xlink:label="loc_eu_ES"/>
    <link:label xlink:type="resource" xlink:label="label_eu_ES" xml:lang="en" xlink:role="http://www.xbrl.org/2003/role/label">SPAIN</link:label>
    <link:labelArc xlink:type="arc" xlink:arcrole="http://www.xbrl.org/2003/arcrole/concept-label" xlink:from="loc_eu_ES" xlink:to="label_eu_ES"/>
    <link:loc xlink:type="locator" xlink:href="mem.xsd#eu_ET" xlink:label="loc_eu_ET"/>
    <link:label xlink:type="resource" xlink:label="label_eu_ET" xml:lang="en" xlink:role="http://www.xbrl.org/2003/role/label">ETHIOPIA</link:label>
    <link:labelArc xlink:type="arc" xlink:arcrole="http://www.xbrl.org/2003/arcrole/concept-label" xlink:from="loc_eu_ET" xlink:to="label_eu_ET"/>
    <link:loc xlink:type="locator" xlink:href="mem.xsd#eu_FI" xlink:label="loc_eu_FI"/>
    <link:label xlink:type="resource" xlink:label="label_eu_FI" xml:lang="en" xlink:role="http://www.xbrl.org/2003/role/label">FINLAND</link:label>
    <link:labelArc xlink:type="arc" xlink:arcrole="http://www.xbrl.org/2003/arcrole/concept-label" xlink:from="loc_eu_FI" xlink:to="label_eu_FI"/>
    <link:loc xlink:type="locator" xlink:href="mem.xsd#eu_FJ" xlink:label="loc_eu_FJ"/>
    <link:label xlink:type="resource" xlink:label="label_eu_FJ" xml:lang="en" xlink:role="http://www.xbrl.org/2003/role/label">FIJI</link:label>
    <link:labelArc xlink:type="arc" xlink:arcrole="http://www.xbrl.org/2003/arcrole/concept-label" xlink:from="loc_eu_FJ" xlink:to="label_eu_FJ"/>
    <link:loc xlink:type="locator" xlink:href="mem.xsd#eu_FK" xlink:label="loc_eu_FK"/>
    <link:label xlink:type="resource" xlink:label="label_eu_FK" xml:lang="en" xlink:role="http://www.xbrl.org/2003/role/label">FALKLAND ISLANDS (MALVINAS)</link:label>
    <link:labelArc xlink:type="arc" xlink:arcrole="http://www.xbrl.org/2003/arcrole/concept-label" xlink:from="loc_eu_FK" xlink:to="label_eu_FK"/>
    <link:loc xlink:type="locator" xlink:href="mem.xsd#eu_FM" xlink:label="loc_eu_FM"/>
    <link:label xlink:type="resource" xlink:label="label_eu_FM" xml:lang="en" xlink:role="http://www.xbrl.org/2003/role/label">MICRONESIA, FEDERATED STATES OF</link:label>
    <link:labelArc xlink:type="arc" xlink:arcrole="http://www.xbrl.org/2003/arcrole/concept-label" xlink:from="loc_eu_FM" xlink:to="label_eu_FM"/>
    <link:loc xlink:type="locator" xlink:href="mem.xsd#eu_FO" xlink:label="loc_eu_FO"/>
    <link:label xlink:type="resource" xlink:label="label_eu_FO" xml:lang="en" xlink:role="http://www.xbrl.org/2003/role/label">FAROE ISLANDS</link:label>
    <link:labelArc xlink:type="arc" xlink:arcrole="http://www.xbrl.org/2003/arcrole/concept-label" xlink:from="loc_eu_FO" xlink:to="label_eu_FO"/>
    <link:loc xlink:type="locator" xlink:href="mem.xsd#eu_FR" xlink:label="loc_eu_FR"/>
    <link:label xlink:type="resource" xlink:label="label_eu_FR" xml:lang="en" xlink:role="http://www.xbrl.org/2003/role/label">FRANCE</link:label>
    <link:labelArc xlink:type="arc" xlink:arcrole="http://www.xbrl.org/2003/arcrole/concept-label" xlink:from="loc_eu_FR" xlink:to="label_eu_FR"/>
    <link:loc xlink:type="locator" xlink:href="mem.xsd#eu_GA" xlink:label="loc_eu_GA"/>
    <link:label xlink:type="resource" xlink:label="label_eu_GA" xml:lang="en" xlink:role="http://www.xbrl.org/2003/role/label">GABON</link:label>
    <link:labelArc xlink:type="arc" xlink:arcrole="http://www.xbrl.org/2003/arcrole/concept-label" xlink:from="loc_eu_GA" xlink:to="label_eu_GA"/>
    <link:loc xlink:type="locator" xlink:href="mem.xsd#eu_GB" xlink:label="loc_eu_GB"/>
    <link:label xlink:type="resource" xlink:label="label_eu_GB" xml:lang="en" xlink:role="http://www.xbrl.org/2003/role/label">UNITED KINGDOM</link:label>
    <link:labelArc xlink:type="arc" xlink:arcrole="http://www.xbrl.org/2003/arcrole/concept-label" xlink:from="loc_eu_GB" xlink:to="label_eu_GB"/>
    <link:loc xlink:type="locator" xlink:href="mem.xsd#eu_GD" xlink:label="loc_eu_GD"/>
    <link:label xlink:type="resource" xlink:label="label_eu_GD" xml:lang="en" xlink:role="http://www.xbrl.org/2003/role/label">GRENADA</link:label>
    <link:labelArc xlink:type="arc" xlink:arcrole="http://www.xbrl.org/2003/arcrole/concept-label" xlink:from="loc_eu_GD" xlink:to="label_eu_GD"/>
    <link:loc xlink:type="locator" xlink:href="mem.xsd#eu_GE" xlink:label="loc_eu_GE"/>
    <link:label xlink:type="resource" xlink:label="label_eu_GE" xml:lang="en" xlink:role="http://www.xbrl.org/2003/role/label">GEORGIA</link:label>
    <link:labelArc xlink:type="arc" xlink:arcrole="http://www.xbrl.org/2003/arcrole/concept-label" xlink:from="loc_eu_GE" xlink:to="label_eu_GE"/>
    <link:loc xlink:type="locator" xlink:href="mem.xsd#eu_GF" xlink:label="loc_eu_GF"/>
    <link:label xlink:type="resource" xlink:label="label_eu_GF" xml:lang="en" xlink:role="http://www.xbrl.org/2003/role/label">FRENCH GUIANA</link:label>
    <link:labelArc xlink:type="arc" xlink:arcrole="http://www.xbrl.org/2003/arcrole/concept-label" xlink:from="loc_eu_GF" xlink:to="label_eu_GF"/>
    <link:loc xlink:type="locator" xlink:href="mem.xsd#eu_GG" xlink:label="loc_eu_GG"/>
    <link:label xlink:type="resource" xlink:label="label_eu_GG" xml:lang="en" xlink:role="http://www.xbrl.org/2003/role/label">GUERNSEY</link:label>
    <link:labelArc xlink:type="arc" xlink:arcrole="http://www.xbrl.org/2003/arcrole/concept-label" xlink:from="loc_eu_GG" xlink:to="label_eu_GG"/>
    <link:loc xlink:type="locator" xlink:href="mem.xsd#eu_GH" xlink:label="loc_eu_GH"/>
    <link:label xlink:type="resource" xlink:label="label_eu_GH" xml:lang="en" xlink:role="http://www.xbrl.org/2003/role/label">GHANA</link:label>
    <link:labelArc xlink:type="arc" xlink:arcrole="http://www.xbrl.org/2003/arcrole/concept-label" xlink:from="loc_eu_GH" xlink:to="label_eu_GH"/>
    <link:loc xlink:type="locator" xlink:href="mem.xsd#eu_GI" xlink:label="loc_eu_GI"/>
    <link:label xlink:type="resource" xlink:label="label_eu_GI" xml:lang="en" xlink:role="http://www.xbrl.org/2003/role/label">GIBRALTAR</link:label>
    <link:labelArc xlink:type="arc" xlink:arcrole="http://www.xbrl.org/2003/arcrole/concept-label" xlink:from="loc_eu_GI" xlink:to="label_eu_GI"/>
    <link:loc xlink:type="locator" xlink:href="mem.xsd#eu_GL" xlink:label="loc_eu_GL"/>
    <link:label xlink:type="resource" xlink:label="label_eu_GL" xml:lang="en" xlink:role="http://www.xbrl.org/2003/role/label">GREENLAND</link:label>
    <link:labelArc xlink:type="arc" xlink:arcrole="http://www.xbrl.org/2003/arcrole/concept-label" xlink:from="loc_eu_GL" xlink:to="label_eu_GL"/>
    <link:loc xlink:type="locator" xlink:href="mem.xsd#eu_GM" xlink:label="loc_eu_GM"/>
    <link:label xlink:type="resource" xlink:label="label_eu_GM" xml:lang="en" xlink:role="http://www.xbrl.org/2003/role/label">GAMBIA</link:label>
    <link:labelArc xlink:type="arc" xlink:arcrole="http://www.xbrl.org/2003/arcrole/concept-label" xlink:from="loc_eu_GM" xlink:to="label_eu_GM"/>
    <link:loc xlink:type="locator" xlink:href="mem.xsd#eu_GN" xlink:label="loc_eu_GN"/>
    <link:label xlink:type="resource" xlink:label="label_eu_GN" xml:lang="en" xlink:role="http://www.xbrl.org/2003/role/label">GUINEA</link:label>
    <link:labelArc xlink:type="arc" xlink:arcrole="http://www.xbrl.org/2003/arcrole/concept-label" xlink:from="loc_eu_GN" xlink:to="label_eu_GN"/>
    <link:loc xlink:type="locator" xlink:href="mem.xsd#eu_GP" xlink:label="loc_eu_GP"/>
    <link:label xlink:type="resource" xlink:label="label_eu_GP" xml:lang="en" xlink:role="http://www.xbrl.org/2003/role/label">GUADELOUPE</link:label>
    <link:labelArc xlink:type="arc" xlink:arcrole="http://www.xbrl.org/2003/arcrole/concept-label" xlink:from="loc_eu_GP" xlink:to="label_eu_GP"/>
    <link:loc xlink:type="locator" xlink:href="mem.xsd#eu_GQ" xlink:label="loc_eu_GQ"/>
    <link:label xlink:type="resource" xlink:label="label_eu_GQ" xml:lang="en" xlink:role="http://www.xbrl.org/2003/role/label">EQUATORIAL GUINEA</link:label>
    <link:labelArc xlink:type="arc" xlink:arcrole="http://www.xbrl.org/2003/arcrole/concept-label" xlink:from="loc_eu_GQ" xlink:to="label_eu_GQ"/>
    <link:loc xlink:type="locator" xlink:href="mem.xsd#eu_GR" xlink:label="loc_eu_GR"/>
    <link:label xlink:type="resource" xlink:label="label_eu_GR" xml:lang="en" xlink:role="http://www.xbrl.org/2003/role/label">GREECE</link:label>
    <link:labelArc xlink:type="arc" xlink:arcrole="http://www.xbrl.org/2003/arcrole/concept-label" xlink:from="loc_eu_GR" xlink:to="label_eu_GR"/>
    <link:loc xlink:type="locator" xlink:href="mem.xsd#eu_GS" xlink:label="loc_eu_GS"/>
    <link:label xlink:type="resource" xlink:label="label_eu_GS" xml:lang="en" xlink:role="http://www.xbrl.org/2003/role/label">SOUTH GEORGIA AND THE SOUTH SANDWICH ISLANDS</link:label>
    <link:labelArc xlink:type="arc" xlink:arcrole="http://www.xbrl.org/2003/arcrole/concept-label" xlink:from="loc_eu_GS" xlink:to="label_eu_GS"/>
    <link:loc xlink:type="locator" xlink:href="mem.xsd#eu_GT" xlink:label="loc_eu_GT"/>
    <link:label xlink:type="resource" xlink:label="label_eu_GT" xml:lang="en" xlink:role="http://www.xbrl.org/2003/role/label">GUATEMALA</link:label>
    <link:labelArc xlink:type="arc" xlink:arcrole="http://www.xbrl.org/2003/arcrole/concept-label" xlink:from="loc_eu_GT" xlink:to="label_eu_GT"/>
    <link:loc xlink:type="locator" xlink:href="mem.xsd#eu_GU" xlink:label="loc_eu_GU"/>
    <link:label xlink:type="resource" xlink:label="label_eu_GU" xml:lang="en" xlink:role="http://www.xbrl.org/2003/role/label">GUAM</link:label>
    <link:labelArc xlink:type="arc" xlink:arcrole="http://www.xbrl.org/2003/arcrole/concept-label" xlink:from="loc_eu_GU" xlink:to="label_eu_GU"/>
    <link:loc xlink:type="locator" xlink:href="mem.xsd#eu_GW" xlink:label="loc_eu_GW"/>
    <link:label xlink:type="resource" xlink:label="label_eu_GW" xml:lang="en" xlink:role="http://www.xbrl.org/2003/role/label">GUINEA-BISSAU</link:label>
    <link:labelArc xlink:type="arc" xlink:arcrole="http://www.xbrl.org/2003/arcrole/concept-label" xlink:from="loc_eu_GW" xlink:to="label_eu_GW"/>
    <link:loc xlink:type="locator" xlink:href="mem.xsd#eu_GY" xlink:label="loc_eu_GY"/>
    <link:label xlink:type="resource" xlink:label="label_eu_GY" xml:lang="en" xlink:role="http://www.xbrl.org/2003/role/label">GUYANA</link:label>
    <link:labelArc xlink:type="arc" xlink:arcrole="http://www.xbrl.org/2003/arcrole/concept-label" xlink:from="loc_eu_GY" xlink:to="label_eu_GY"/>
    <link:loc xlink:type="locator" xlink:href="mem.xsd#eu_HK" xlink:label="loc_eu_HK"/>
    <link:label xlink:type="resource" xlink:label="label_eu_HK" xml:lang="en" xlink:role="http://www.xbrl.org/2003/role/label">HONG KONG</link:label>
    <link:labelArc xlink:type="arc" xlink:arcrole="http://www.xbrl.org/2003/arcrole/concept-label" xlink:from="loc_eu_HK" xlink:to="label_eu_HK"/>
    <link:loc xlink:type="locator" xlink:href="mem.xsd#eu_HM" xlink:label="loc_eu_HM"/>
    <link:label xlink:type="resource" xlink:label="label_eu_HM" xml:lang="en" xlink:role="http://www.xbrl.org/2003/role/label">HEARD ISLAND AND MCDONALD ISLANDS</link:label>
    <link:labelArc xlink:type="arc" xlink:arcrole="http://www.xbrl.org/2003/arcrole/concept-label" xlink:from="loc_eu_HM" xlink:to="label_eu_HM"/>
    <link:loc xlink:type="locator" xlink:href="mem.xsd#eu_HN" xlink:label="loc_eu_HN"/>
    <link:label xlink:type="resource" xlink:label="label_eu_HN" xml:lang="en" xlink:role="http://www.xbrl.org/2003/role/label">HONDURAS</link:label>
    <link:labelArc xlink:type="arc" xlink:arcrole="http://www.xbrl.org/2003/arcrole/concept-label" xlink:from="loc_eu_HN" xlink:to="label_eu_HN"/>
    <link:loc xlink:type="locator" xlink:href="mem.xsd#eu_HR" xlink:label="loc_eu_HR"/>
    <link:label xlink:type="resource" xlink:label="label_eu_HR" xml:lang="en" xlink:role="http://www.xbrl.org/2003/role/label">CROATIA</link:label>
    <link:labelArc xlink:type="arc" xlink:arcrole="http://www.xbrl.org/2003/arcrole/concept-label" xlink:from="loc_eu_HR" xlink:to="label_eu_HR"/>
    <link:loc xlink:type="locator" xlink:href="mem.xsd#eu_HT" xlink:label="loc_eu_HT"/>
    <link:label xlink:type="resource" xlink:label="label_eu_HT" xml:lang="en" xlink:role="http://www.xbrl.org/2003/role/label">HAITI</link:label>
    <link:labelArc xlink:type="arc" xlink:arcrole="http://www.xbrl.org/2003/arcrole/concept-label" xlink:from="loc_eu_HT" xlink:to="label_eu_HT"/>
    <link:loc xlink:type="locator" xlink:href="mem.xsd#eu_HU" xlink:label="loc_eu_HU"/>
    <link:label xlink:type="resource" xlink:label="label_eu_HU" xml:lang="en" xlink:role="http://www.xbrl.org/2003/role/label">HUNGARY</link:label>
    <link:labelArc xlink:type="arc" xlink:arcrole="http://www.xbrl.org/2003/arcrole/concept-label" xlink:from="loc_eu_HU" xlink:to="label_eu_HU"/>
    <link:loc xlink:type="locator" xlink:href="mem.xsd#eu_ID" xlink:label="loc_eu_ID"/>
    <link:label xlink:type="resource" xlink:label="label_eu_ID" xml:lang="en" xlink:role="http://www.xbrl.org/2003/role/label">INDONESIA</link:label>
    <link:labelArc xlink:type="arc" xlink:arcrole="http://www.xbrl.org/2003/arcrole/concept-label" xlink:from="loc_eu_ID" xlink:to="label_eu_ID"/>
    <link:loc xlink:type="locator" xlink:href="mem.xsd#eu_IE" xlink:label="loc_eu_IE"/>
    <link:label xlink:type="resource" xlink:label="label_eu_IE" xml:lang="en" xlink:role="http://www.xbrl.org/2003/role/label">IRELAND</link:label>
    <link:labelArc xlink:type="arc" xlink:arcrole="http://www.xbrl.org/2003/arcrole/concept-label" xlink:from="loc_eu_IE" xlink:to="label_eu_IE"/>
    <link:loc xlink:type="locator" xlink:href="mem.xsd#eu_IL" xlink:label="loc_eu_IL"/>
    <link:label xlink:type="resource" xlink:label="label_eu_IL" xml:lang="en" xlink:role="http://www.xbrl.org/2003/role/label">ISRAEL</link:label>
    <link:labelArc xlink:type="arc" xlink:arcrole="http://www.xbrl.org/2003/arcrole/concept-label" xlink:from="loc_eu_IL" xlink:to="label_eu_IL"/>
    <link:loc xlink:type="locator" xlink:href="mem.xsd#eu_IM" xlink:label="loc_eu_IM"/>
    <link:label xlink:type="resource" xlink:label="label_eu_IM" xml:lang="en" xlink:role="http://www.xbrl.org/2003/role/label">ISLE OF MAN</link:label>
    <link:labelArc xlink:type="arc" xlink:arcrole="http://www.xbrl.org/2003/arcrole/concept-label" xlink:from="loc_eu_IM" xlink:to="label_eu_IM"/>
    <link:loc xlink:type="locator" xlink:href="mem.xsd#eu_IN" xlink:label="loc_eu_IN"/>
    <link:label xlink:type="resource" xlink:label="label_eu_IN" xml:lang="en" xlink:role="http://www.xbrl.org/2003/role/label">INDIA</link:label>
    <link:labelArc xlink:type="arc" xlink:arcrole="http://www.xbrl.org/2003/arcrole/concept-label" xlink:from="loc_eu_IN" xlink:to="label_eu_IN"/>
    <link:loc xlink:type="locator" xlink:href="mem.xsd#eu_IO" xlink:label="loc_eu_IO"/>
    <link:label xlink:type="resource" xlink:label="label_eu_IO" xml:lang="en" xlink:role="http://www.xbrl.org/2003/role/label">BRITISH INDIAN OCEAN TERRITORY</link:label>
    <link:labelArc xlink:type="arc" xlink:arcrole="http://www.xbrl.org/2003/arcrole/concept-label" xlink:from="loc_eu_IO" xlink:to="label_eu_IO"/>
    <link:loc xlink:type="locator" xlink:href="mem.xsd#eu_IQ" xlink:label="loc_eu_IQ"/>
    <link:label xlink:type="resource" xlink:label="label_eu_IQ" xml:lang="en" xlink:role="http://www.xbrl.org/2003/role/label">IRAQ</link:label>
    <link:labelArc xlink:type="arc" xlink:arcrole="http://www.xbrl.org/2003/arcrole/concept-label" xlink:from="loc_eu_IQ" xlink:to="label_eu_IQ"/>
    <link:loc xlink:type="locator" xlink:href="mem.xsd#eu_IR" xlink:label="loc_eu_IR"/>
    <link:label xlink:type="resource" xlink:label="label_eu_IR" xml:lang="en" xlink:role="http://www.xbrl.org/2003/role/label">IRAN, ISLAMIC REPUBLIC OF</link:label>
    <link:labelArc xlink:type="arc" xlink:arcrole="http://www.xbrl.org/2003/arcrole/concept-label" xlink:from="loc_eu_IR" xlink:to="label_eu_IR"/>
    <link:loc xlink:type="locator" xlink:href="mem.xsd#eu_IS" xlink:label="loc_eu_IS"/>
    <link:label xlink:type="resource" xlink:label="label_eu_IS" xml:lang="en" xlink:role="http://www.xbrl.org/2003/role/label">ICELAND</link:label>
    <link:labelArc xlink:type="arc" xlink:arcrole="http://www.xbrl.org/2003/arcrole/concept-label" xlink:from="loc_eu_IS" xlink:to="label_eu_IS"/>
    <link:loc xlink:type="locator" xlink:href="mem.xsd#eu_IT" xlink:label="loc_eu_IT"/>
    <link:label xlink:type="resource" xlink:label="label_eu_IT" xml:lang="en" xlink:role="http://www.xbrl.org/2003/role/label">ITALY</link:label>
    <link:labelArc xlink:type="arc" xlink:arcrole="http://www.xbrl.org/2003/arcrole/concept-label" xlink:from="loc_eu_IT" xlink:to="label_eu_IT"/>
    <link:loc xlink:type="locator" xlink:href="mem.xsd#eu_JE" xlink:label="loc_eu_JE"/>
    <link:label xlink:type="resource" xlink:label="label_eu_JE" xml:lang="en" xlink:role="http://www.xbrl.org/2003/role/label">JERSEY</link:label>
    <link:labelArc xlink:type="arc" xlink:arcrole="http://www.xbrl.org/2003/arcrole/concept-label" xlink:from="loc_eu_JE" xlink:to="label_eu_JE"/>
    <link:loc xlink:type="locator" xlink:href="mem.xsd#eu_JM" xlink:label="loc_eu_JM"/>
    <link:label xlink:type="resource" xlink:label="label_eu_JM" xml:lang="en" xlink:role="http://www.xbrl.org/2003/role/label">JAMAICA</link:label>
    <link:labelArc xlink:type="arc" xlink:arcrole="http://www.xbrl.org/2003/arcrole/concept-label" xlink:from="loc_eu_JM" xlink:to="label_eu_JM"/>
    <link:loc xlink:type="locator" xlink:href="mem.xsd#eu_JO" xlink:label="loc_eu_JO"/>
    <link:label xlink:type="resource" xlink:label="label_eu_JO" xml:lang="en" xlink:role="http://www.xbrl.org/2003/role/label">JORDAN</link:label>
    <link:labelArc xlink:type="arc" xlink:arcrole="http://www.xbrl.org/2003/arcrole/concept-label" xlink:from="loc_eu_JO" xlink:to="label_eu_JO"/>
    <link:loc xlink:type="locator" xlink:href="mem.xsd#eu_JP" xlink:label="loc_eu_JP"/>
    <link:label xlink:type="resource" xlink:label="label_eu_JP" xml:lang="en" xlink:role="http://www.xbrl.org/2003/role/label">JAPAN</link:label>
    <link:labelArc xlink:type="arc" xlink:arcrole="http://www.xbrl.org/2003/arcrole/concept-label" xlink:from="loc_eu_JP" xlink:to="label_eu_JP"/>
    <link:loc xlink:type="locator" xlink:href="mem.xsd#eu_KE" xlink:label="loc_eu_KE"/>
    <link:label xlink:type="resource" xlink:label="label_eu_KE" xml:lang="en" xlink:role="http://www.xbrl.org/2003/role/label">KENYA</link:label>
    <link:labelArc xlink:type="arc" xlink:arcrole="http://www.xbrl.org/2003/arcrole/concept-label" xlink:from="loc_eu_KE" xlink:to="label_eu_KE"/>
    <link:loc xlink:type="locator" xlink:href="mem.xsd#eu_KG" xlink:label="loc_eu_KG"/>
    <link:label xlink:type="resource" xlink:label="label_eu_KG" xml:lang="en" xlink:role="http://www.xbrl.org/2003/role/label">KYRGYZSTAN</link:label>
    <link:labelArc xlink:type="arc" xlink:arcrole="http://www.xbrl.org/2003/arcrole/concept-label" xlink:from="loc_eu_KG" xlink:to="label_eu_KG"/>
    <link:loc xlink:type="locator" xlink:href="mem.xsd#eu_KH" xlink:label="loc_eu_KH"/>
    <link:label xlink:type="resource" xlink:label="label_eu_KH" xml:lang="en" xlink:role="http://www.xbrl.org/2003/role/label">CAMBODIA</link:label>
    <link:labelArc xlink:type="arc" xlink:arcrole="http://www.xbrl.org/2003/arcrole/concept-label" xlink:from="loc_eu_KH" xlink:to="label_eu_KH"/>
    <link:loc xlink:type="locator" xlink:href="mem.xsd#eu_KI" xlink:label="loc_eu_KI"/>
    <link:label xlink:type="resource" xlink:label="label_eu_KI" xml:lang="en" xlink:role="http://www.xbrl.org/2003/role/label">KIRIBATI</link:label>
    <link:labelArc xlink:type="arc" xlink:arcrole="http://www.xbrl.org/2003/arcrole/concept-label" xlink:from="loc_eu_KI" xlink:to="label_eu_KI"/>
    <link:loc xlink:type="locator" xlink:href="mem.xsd#eu_KM" xlink:label="loc_eu_KM"/>
    <link:label xlink:type="resource" xlink:label="label_eu_KM" xml:lang="en" xlink:role="http://www.xbrl.org/2003/role/label">COMOROS</link:label>
    <link:labelArc xlink:type="arc" xlink:arcrole="http://www.xbrl.org/2003/arcrole/concept-label" xlink:from="loc_eu_KM" xlink:to="label_eu_KM"/>
    <link:loc xlink:type="locator" xlink:href="mem.xsd#eu_KN" xlink:label="loc_eu_KN"/>
    <link:label xlink:type="resource" xlink:label="label_eu_KN" xml:lang="en" xlink:role="http://www.xbrl.org/2003/role/label">SAINT KITTS AND NEVIS</link:label>
    <link:labelArc xlink:type="arc" xlink:arcrole="http://www.xbrl.org/2003/arcrole/concept-label" xlink:from="loc_eu_KN" xlink:to="label_eu_KN"/>
    <link:loc xlink:type="locator" xlink:href="mem.xsd#eu_KP" xlink:label="loc_eu_KP"/>
    <link:label xlink:type="resource" xlink:label="label_eu_KP" xml:lang="en" xlink:role="http://www.xbrl.org/2003/role/label">KOREA, DEMOCRATIC PEOPLE'S REPUBLIC OF</link:label>
    <link:labelArc xlink:type="arc" xlink:arcrole="http://www.xbrl.org/2003/arcrole/concept-label" xlink:from="loc_eu_KP" xlink:to="label_eu_KP"/>
    <link:loc xlink:type="locator" xlink:href="mem.xsd#eu_KR" xlink:label="loc_eu_KR"/>
    <link:label xlink:type="resource" xlink:label="label_eu_KR" xml:lang="en" xlink:role="http://www.xbrl.org/2003/role/label">KOREA, REPUBLIC OF</link:label>
    <link:labelArc xlink:type="arc" xlink:arcrole="http://www.xbrl.org/2003/arcrole/concept-label" xlink:from="loc_eu_KR" xlink:to="label_eu_KR"/>
    <link:loc xlink:type="locator" xlink:href="mem.xsd#eu_KW" xlink:label="loc_eu_KW"/>
    <link:label xlink:type="resource" xlink:label="label_eu_KW" xml:lang="en" xlink:role="http://www.xbrl.org/2003/role/label">KUWAIT</link:label>
    <link:labelArc xlink:type="arc" xlink:arcrole="http://www.xbrl.org/2003/arcrole/concept-label" xlink:from="loc_eu_KW" xlink:to="label_eu_KW"/>
    <link:loc xlink:type="locator" xlink:href="mem.xsd#eu_KY" xlink:label="loc_eu_KY"/>
    <link:label xlink:type="resource" xlink:label="label_eu_KY" xml:lang="en" xlink:role="http://www.xbrl.org/2003/role/label">CAYMAN ISLANDS</link:label>
    <link:labelArc xlink:type="arc" xlink:arcrole="http://www.xbrl.org/2003/arcrole/concept-label" xlink:from="loc_eu_KY" xlink:to="label_eu_KY"/>
    <link:loc xlink:type="locator" xlink:href="mem.xsd#eu_KZ" xlink:label="loc_eu_KZ"/>
    <link:label xlink:type="resource" xlink:label="label_eu_KZ" xml:lang="en" xlink:role="http://www.xbrl.org/2003/role/label">KAZAKHSTAN</link:label>
    <link:labelArc xlink:type="arc" xlink:arcrole="http://www.xbrl.org/2003/arcrole/concept-label" xlink:from="loc_eu_KZ" xlink:to="label_eu_KZ"/>
    <link:loc xlink:type="locator" xlink:href="mem.xsd#eu_LA" xlink:label="loc_eu_LA"/>
    <link:label xlink:type="resource" xlink:label="label_eu_LA" xml:lang="en" xlink:role="http://www.xbrl.org/2003/role/label">LAO PEOPLE'S DEMOCRATIC REPUBLIC</link:label>
    <link:labelArc xlink:type="arc" xlink:arcrole="http://www.xbrl.org/2003/arcrole/concept-label" xlink:from="loc_eu_LA" xlink:to="label_eu_LA"/>
    <link:loc xlink:type="locator" xlink:href="mem.xsd#eu_LB" xlink:label="loc_eu_LB"/>
    <link:label xlink:type="resource" xlink:label="label_eu_LB" xml:lang="en" xlink:role="http://www.xbrl.org/2003/role/label">LEBANON</link:label>
    <link:labelArc xlink:type="arc" xlink:arcrole="http://www.xbrl.org/2003/arcrole/concept-label" xlink:from="loc_eu_LB" xlink:to="label_eu_LB"/>
    <link:loc xlink:type="locator" xlink:href="mem.xsd#eu_LC" xlink:label="loc_eu_LC"/>
    <link:label xlink:type="resource" xlink:label="label_eu_LC" xml:lang="en" xlink:role="http://www.xbrl.org/2003/role/label">SAINT LUCIA</link:label>
    <link:labelArc xlink:type="arc" xlink:arcrole="http://www.xbrl.org/2003/arcrole/concept-label" xlink:from="loc_eu_LC" xlink:to="label_eu_LC"/>
    <link:loc xlink:type="locator" xlink:href="mem.xsd#eu_LI" xlink:label="loc_eu_LI"/>
    <link:label xlink:type="resource" xlink:label="label_eu_LI" xml:lang="en" xlink:role="http://www.xbrl.org/2003/role/label">LIECHTENSTEIN</link:label>
    <link:labelArc xlink:type="arc" xlink:arcrole="http://www.xbrl.org/2003/arcrole/concept-label" xlink:from="loc_eu_LI" xlink:to="label_eu_LI"/>
    <link:loc xlink:type="locator" xlink:href="mem.xsd#eu_LK" xlink:label="loc_eu_LK"/>
    <link:label xlink:type="resource" xlink:label="label_eu_LK" xml:lang="en" xlink:role="http://www.xbrl.org/2003/role/label">SRI LANKA</link:label>
    <link:labelArc xlink:type="arc" xlink:arcrole="http://www.xbrl.org/2003/arcrole/concept-label" xlink:from="loc_eu_LK" xlink:to="label_eu_LK"/>
    <link:loc xlink:type="locator" xlink:href="mem.xsd#eu_LR" xlink:label="loc_eu_LR"/>
    <link:label xlink:type="resource" xlink:label="label_eu_LR" xml:lang="en" xlink:role="http://www.xbrl.org/2003/role/label">LIBERIA</link:label>
    <link:labelArc xlink:type="arc" xlink:arcrole="http://www.xbrl.org/2003/arcrole/concept-label" xlink:from="loc_eu_LR" xlink:to="label_eu_LR"/>
    <link:loc xlink:type="locator" xlink:href="mem.xsd#eu_LS" xlink:label="loc_eu_LS"/>
    <link:label xlink:type="resource" xlink:label="label_eu_LS" xml:lang="en" xlink:role="http://www.xbrl.org/2003/role/label">LESOTHO</link:label>
    <link:labelArc xlink:type="arc" xlink:arcrole="http://www.xbrl.org/2003/arcrole/concept-label" xlink:from="loc_eu_LS" xlink:to="label_eu_LS"/>
    <link:loc xlink:type="locator" xlink:href="mem.xsd#eu_LT" xlink:label="loc_eu_LT"/>
    <link:label xlink:type="resource" xlink:label="label_eu_LT" xml:lang="en" xlink:role="http://www.xbrl.org/2003/role/label">LITHUANIA</link:label>
    <link:labelArc xlink:type="arc" xlink:arcrole="http://www.xbrl.org/2003/arcrole/concept-label" xlink:from="loc_eu_LT" xlink:to="label_eu_LT"/>
    <link:loc xlink:type="locator" xlink:href="mem.xsd#eu_LU" xlink:label="loc_eu_LU"/>
    <link:label xlink:type="resource" xlink:label="label_eu_LU" xml:lang="en" xlink:role="http://www.xbrl.org/2003/role/label">LUXEMBOURG</link:label>
    <link:labelArc xlink:type="arc" xlink:arcrole="http://www.xbrl.org/2003/arcrole/concept-label" xlink:from="loc_eu_LU" xlink:to="label_eu_LU"/>
    <link:loc xlink:type="locator" xlink:href="mem.xsd#eu_LV" xlink:label="loc_eu_LV"/>
    <link:label xlink:type="resource" xlink:label="label_eu_LV" xml:lang="en" xlink:role="http://www.xbrl.org/2003/role/label">LATVIA</link:label>
    <link:labelArc xlink:type="arc" xlink:arcrole="http://www.xbrl.org/2003/arcrole/concept-label" xlink:from="loc_eu_LV" xlink:to="label_eu_LV"/>
    <link:loc xlink:type="locator" xlink:href="mem.xsd#eu_LY" xlink:label="loc_eu_LY"/>
    <link:label xlink:type="resource" xlink:label="label_eu_LY" xml:lang="en" xlink:role="http://www.xbrl.org/2003/role/label">LIBYA</link:label>
    <link:labelArc xlink:type="arc" xlink:arcrole="http://www.xbrl.org/2003/arcrole/concept-label" xlink:from="loc_eu_LY" xlink:to="label_eu_LY"/>
    <link:loc xlink:type="locator" xlink:href="mem.xsd#eu_MA" xlink:label="loc_eu_MA"/>
    <link:label xlink:type="resource" xlink:label="label_eu_MA" xml:lang="en" xlink:role="http://www.xbrl.org/2003/role/label">MOROCCO</link:label>
    <link:labelArc xlink:type="arc" xlink:arcrole="http://www.xbrl.org/2003/arcrole/concept-label" xlink:from="loc_eu_MA" xlink:to="label_eu_MA"/>
    <link:loc xlink:type="locator" xlink:href="mem.xsd#eu_MC" xlink:label="loc_eu_MC"/>
    <link:label xlink:type="resource" xlink:label="label_eu_MC" xml:lang="en" xlink:role="http://www.xbrl.org/2003/role/label">MONACO</link:label>
    <link:labelArc xlink:type="arc" xlink:arcrole="http://www.xbrl.org/2003/arcrole/concept-label" xlink:from="loc_eu_MC" xlink:to="label_eu_MC"/>
    <link:loc xlink:type="locator" xlink:href="mem.xsd#eu_MD" xlink:label="loc_eu_MD"/>
    <link:label xlink:type="resource" xlink:label="label_eu_MD" xml:lang="en" xlink:role="http://www.xbrl.org/2003/role/label">MOLDOVA, REPUBLIC OF</link:label>
    <link:labelArc xlink:type="arc" xlink:arcrole="http://www.xbrl.org/2003/arcrole/concept-label" xlink:from="loc_eu_MD" xlink:to="label_eu_MD"/>
    <link:loc xlink:type="locator" xlink:href="mem.xsd#eu_ME" xlink:label="loc_eu_ME"/>
    <link:label xlink:type="resource" xlink:label="label_eu_ME" xml:lang="en" xlink:role="http://www.xbrl.org/2003/role/label">MONTENEGRO</link:label>
    <link:labelArc xlink:type="arc" xlink:arcrole="http://www.xbrl.org/2003/arcrole/concept-label" xlink:from="loc_eu_ME" xlink:to="label_eu_ME"/>
    <link:loc xlink:type="locator" xlink:href="mem.xsd#eu_MF" xlink:label="loc_eu_MF"/>
    <link:label xlink:type="resource" xlink:label="label_eu_MF" xml:lang="en" xlink:role="http://www.xbrl.org/2003/role/label">SAINT MARTIN (FRENCH PART)</link:label>
    <link:labelArc xlink:type="arc" xlink:arcrole="http://www.xbrl.org/2003/arcrole/concept-label" xlink:from="loc_eu_MF" xlink:to="label_eu_MF"/>
    <link:loc xlink:type="locator" xlink:href="mem.xsd#eu_MG" xlink:label="loc_eu_MG"/>
    <link:label xlink:type="resource" xlink:label="label_eu_MG" xml:lang="en" xlink:role="http://www.xbrl.org/2003/role/label">MADAGASCAR</link:label>
    <link:labelArc xlink:type="arc" xlink:arcrole="http://www.xbrl.org/2003/arcrole/concept-label" xlink:from="loc_eu_MG" xlink:to="label_eu_MG"/>
    <link:loc xlink:type="locator" xlink:href="mem.xsd#eu_MH" xlink:label="loc_eu_MH"/>
    <link:label xlink:type="resource" xlink:label="label_eu_MH" xml:lang="en" xlink:role="http://www.xbrl.org/2003/role/label">MARSHALL ISLANDS</link:label>
    <link:labelArc xlink:type="arc" xlink:arcrole="http://www.xbrl.org/2003/arcrole/concept-label" xlink:from="loc_eu_MH" xlink:to="label_eu_MH"/>
    <link:loc xlink:type="locator" xlink:href="mem.xsd#eu_MK" xlink:label="loc_eu_MK"/>
    <link:label xlink:type="resource" xlink:label="label_eu_MK" xml:lang="en" xlink:role="http://www.xbrl.org/2003/role/label">MACEDONIA, THE FORMER YUGOSLAV REPUBLIC OF</link:label>
    <link:labelArc xlink:type="arc" xlink:arcrole="http://www.xbrl.org/2003/arcrole/concept-label" xlink:from="loc_eu_MK" xlink:to="label_eu_MK"/>
    <link:loc xlink:type="locator" xlink:href="mem.xsd#eu_ML" xlink:label="loc_eu_ML"/>
    <link:label xlink:type="resource" xlink:label="label_eu_ML" xml:lang="en" xlink:role="http://www.xbrl.org/2003/role/label">MALI</link:label>
    <link:labelArc xlink:type="arc" xlink:arcrole="http://www.xbrl.org/2003/arcrole/concept-label" xlink:from="loc_eu_ML" xlink:to="label_eu_ML"/>
    <link:loc xlink:type="locator" xlink:href="mem.xsd#eu_MM" xlink:label="loc_eu_MM"/>
    <link:label xlink:type="resource" xlink:label="label_eu_MM" xml:lang="en" xlink:role="http://www.xbrl.org/2003/role/label">MYANMAR</link:label>
    <link:labelArc xlink:type="arc" xlink:arcrole="http://www.xbrl.org/2003/arcrole/concept-label" xlink:from="loc_eu_MM" xlink:to="label_eu_MM"/>
    <link:loc xlink:type="locator" xlink:href="mem.xsd#eu_MN" xlink:label="loc_eu_MN"/>
    <link:label xlink:type="resource" xlink:label="label_eu_MN" xml:lang="en" xlink:role="http://www.xbrl.org/2003/role/label">MONGOLIA</link:label>
    <link:labelArc xlink:type="arc" xlink:arcrole="http://www.xbrl.org/2003/arcrole/concept-label" xlink:from="loc_eu_MN" xlink:to="label_eu_MN"/>
    <link:loc xlink:type="locator" xlink:href="mem.xsd#eu_MO" xlink:label="loc_eu_MO"/>
    <link:label xlink:type="resource" xlink:label="label_eu_MO" xml:lang="en" xlink:role="http://www.xbrl.org/2003/role/label">MACAO</link:label>
    <link:labelArc xlink:type="arc" xlink:arcrole="http://www.xbrl.org/2003/arcrole/concept-label" xlink:from="loc_eu_MO" xlink:to="label_eu_MO"/>
    <link:loc xlink:type="locator" xlink:href="mem.xsd#eu_MP" xlink:label="loc_eu_MP"/>
    <link:label xlink:type="resource" xlink:label="label_eu_MP" xml:lang="en" xlink:role="http://www.xbrl.org/2003/role/label">NORTHERN MARIANA ISLANDS</link:label>
    <link:labelArc xlink:type="arc" xlink:arcrole="http://www.xbrl.org/2003/arcrole/concept-label" xlink:from="loc_eu_MP" xlink:to="label_eu_MP"/>
    <link:loc xlink:type="locator" xlink:href="mem.xsd#eu_MQ" xlink:label="loc_eu_MQ"/>
    <link:label xlink:type="resource" xlink:label="label_eu_MQ" xml:lang="en" xlink:role="http://www.xbrl.org/2003/role/label">MARTINIQUE</link:label>
    <link:labelArc xlink:type="arc" xlink:arcrole="http://www.xbrl.org/2003/arcrole/concept-label" xlink:from="loc_eu_MQ" xlink:to="label_eu_MQ"/>
    <link:loc xlink:type="locator" xlink:href="mem.xsd#eu_MR" xlink:label="loc_eu_MR"/>
    <link:label xlink:type="resource" xlink:label="label_eu_MR" xml:lang="en" xlink:role="http://www.xbrl.org/2003/role/label">MAURITANIA</link:label>
    <link:labelArc xlink:type="arc" xlink:arcrole="http://www.xbrl.org/2003/arcrole/concept-label" xlink:from="loc_eu_MR" xlink:to="label_eu_MR"/>
    <link:loc xlink:type="locator" xlink:href="mem.xsd#eu_MS" xlink:label="loc_eu_MS"/>
    <link:label xlink:type="resource" xlink:label="label_eu_MS" xml:lang="en" xlink:role="http://www.xbrl.org/2003/role/label">MONTSERRAT</link:label>
    <link:labelArc xlink:type="arc" xlink:arcrole="http://www.xbrl.org/2003/arcrole/concept-label" xlink:from="loc_eu_MS" xlink:to="label_eu_MS"/>
    <link:loc xlink:type="locator" xlink:href="mem.xsd#eu_MT" xlink:label="loc_eu_MT"/>
    <link:label xlink:type="resource" xlink:label="label_eu_MT" xml:lang="en" xlink:role="http://www.xbrl.org/2003/role/label">MALTA</link:label>
    <link:labelArc xlink:type="arc" xlink:arcrole="http://www.xbrl.org/2003/arcrole/concept-label" xlink:from="loc_eu_MT" xlink:to="label_eu_MT"/>
    <link:loc xlink:type="locator" xlink:href="mem.xsd#eu_MU" xlink:label="loc_eu_MU"/>
    <link:label xlink:type="resource" xlink:label="label_eu_MU" xml:lang="en" xlink:role="http://www.xbrl.org/2003/role/label">MAURITIUS</link:label>
    <link:labelArc xlink:type="arc" xlink:arcrole="http://www.xbrl.org/2003/arcrole/concept-label" xlink:from="loc_eu_MU" xlink:to="label_eu_MU"/>
    <link:loc xlink:type="locator" xlink:href="mem.xsd#eu_MV" xlink:label="loc_eu_MV"/>
    <link:label xlink:type="resource" xlink:label="label_eu_MV" xml:lang="en" xlink:role="http://www.xbrl.org/2003/role/label">MALDIVES</link:label>
    <link:labelArc xlink:type="arc" xlink:arcrole="http://www.xbrl.org/2003/arcrole/concept-label" xlink:from="loc_eu_MV" xlink:to="label_eu_MV"/>
    <link:loc xlink:type="locator" xlink:href="mem.xsd#eu_MW" xlink:label="loc_eu_MW"/>
    <link:label xlink:type="resource" xlink:label="label_eu_MW" xml:lang="en" xlink:role="http://www.xbrl.org/2003/role/label">MALAWI</link:label>
    <link:labelArc xlink:type="arc" xlink:arcrole="http://www.xbrl.org/2003/arcrole/concept-label" xlink:from="loc_eu_MW" xlink:to="label_eu_MW"/>
    <link:loc xlink:type="locator" xlink:href="mem.xsd#eu_MX" xlink:label="loc_eu_MX"/>
    <link:label xlink:type="resource" xlink:label="label_eu_MX" xml:lang="en" xlink:role="http://www.xbrl.org/2003/role/label">MEXICO</link:label>
    <link:labelArc xlink:type="arc" xlink:arcrole="http://www.xbrl.org/2003/arcrole/concept-label" xlink:from="loc_eu_MX" xlink:to="label_eu_MX"/>
    <link:loc xlink:type="locator" xlink:href="mem.xsd#eu_MY" xlink:label="loc_eu_MY"/>
    <link:label xlink:type="resource" xlink:label="label_eu_MY" xml:lang="en" xlink:role="http://www.xbrl.org/2003/role/label">MALAYSIA</link:label>
    <link:labelArc xlink:type="arc" xlink:arcrole="http://www.xbrl.org/2003/arcrole/concept-label" xlink:from="loc_eu_MY" xlink:to="label_eu_MY"/>
    <link:loc xlink:type="locator" xlink:href="mem.xsd#eu_MZ" xlink:label="loc_eu_MZ"/>
    <link:label xlink:type="resource" xlink:label="label_eu_MZ" xml:lang="en" xlink:role="http://www.xbrl.org/2003/role/label">MOZAMBIQUE</link:label>
    <link:labelArc xlink:type="arc" xlink:arcrole="http://www.xbrl.org/2003/arcrole/concept-label" xlink:from="loc_eu_MZ" xlink:to="label_eu_MZ"/>
    <link:loc xlink:type="locator" xlink:href="mem.xsd#eu_NA" xlink:label="loc_eu_NA"/>
    <link:label xlink:type="resource" xlink:label="label_eu_NA" xml:lang="en" xlink:role="http://www.xbrl.org/2003/role/label">NAMIBIA</link:label>
    <link:labelArc xlink:type="arc" xlink:arcrole="http://www.xbrl.org/2003/arcrole/concept-label" xlink:from="loc_eu_NA" xlink:to="label_eu_NA"/>
    <link:loc xlink:type="locator" xlink:href="mem.xsd#eu_NC" xlink:label="loc_eu_NC"/>
    <link:label xlink:type="resource" xlink:label="label_eu_NC" xml:lang="en" xlink:role="http://www.xbrl.org/2003/role/label">NEW CALEDONIA</link:label>
    <link:labelArc xlink:type="arc" xlink:arcrole="http://www.xbrl.org/2003/arcrole/concept-label" xlink:from="loc_eu_NC" xlink:to="label_eu_NC"/>
    <link:loc xlink:type="locator" xlink:href="mem.xsd#eu_NE" xlink:label="loc_eu_NE"/>
    <link:label xlink:type="resource" xlink:label="label_eu_NE" xml:lang="en" xlink:role="http://www.xbrl.org/2003/role/label">NIGER</link:label>
    <link:labelArc xlink:type="arc" xlink:arcrole="http://www.xbrl.org/2003/arcrole/concept-label" xlink:from="loc_eu_NE" xlink:to="label_eu_NE"/>
    <link:loc xlink:type="locator" xlink:href="mem.xsd#eu_NF" xlink:label="loc_eu_NF"/>
    <link:label xlink:type="resource" xlink:label="label_eu_NF" xml:lang="en" xlink:role="http://www.xbrl.org/2003/role/label">NORFOLK ISLAND</link:label>
    <link:labelArc xlink:type="arc" xlink:arcrole="http://www.xbrl.org/2003/arcrole/concept-label" xlink:from="loc_eu_NF" xlink:to="label_eu_NF"/>
    <link:loc xlink:type="locator" xlink:href="mem.xsd#eu_NG" xlink:label="loc_eu_NG"/>
    <link:label xlink:type="resource" xlink:label="label_eu_NG" xml:lang="en" xlink:role="http://www.xbrl.org/2003/role/label">NIGERIA</link:label>
    <link:labelArc xlink:type="arc" xlink:arcrole="http://www.xbrl.org/2003/arcrole/concept-label" xlink:from="loc_eu_NG" xlink:to="label_eu_NG"/>
    <link:loc xlink:type="locator" xlink:href="mem.xsd#eu_NI" xlink:label="loc_eu_NI"/>
    <link:label xlink:type="resource" xlink:label="label_eu_NI" xml:lang="en" xlink:role="http://www.xbrl.org/2003/role/label">NICARAGUA</link:label>
    <link:labelArc xlink:type="arc" xlink:arcrole="http://www.xbrl.org/2003/arcrole/concept-label" xlink:from="loc_eu_NI" xlink:to="label_eu_NI"/>
    <link:loc xlink:type="locator" xlink:href="mem.xsd#eu_NL" xlink:label="loc_eu_NL"/>
    <link:label xlink:type="resource" xlink:label="label_eu_NL" xml:lang="en" xlink:role="http://www.xbrl.org/2003/role/label">NETHERLANDS</link:label>
    <link:labelArc xlink:type="arc" xlink:arcrole="http://www.xbrl.org/2003/arcrole/concept-label" xlink:from="loc_eu_NL" xlink:to="label_eu_NL"/>
    <link:loc xlink:type="locator" xlink:href="mem.xsd#eu_NO" xlink:label="loc_eu_NO"/>
    <link:label xlink:type="resource" xlink:label="label_eu_NO" xml:lang="en" xlink:role="http://www.xbrl.org/2003/role/label">NORWAY</link:label>
    <link:labelArc xlink:type="arc" xlink:arcrole="http://www.xbrl.org/2003/arcrole/concept-label" xlink:from="loc_eu_NO" xlink:to="label_eu_NO"/>
    <link:loc xlink:type="locator" xlink:href="mem.xsd#eu_NP" xlink:label="loc_eu_NP"/>
    <link:label xlink:type="resource" xlink:label="label_eu_NP" xml:lang="en" xlink:role="http://www.xbrl.org/2003/role/label">NEPAL</link:label>
    <link:labelArc xlink:type="arc" xlink:arcrole="http://www.xbrl.org/2003/arcrole/concept-label" xlink:from="loc_eu_NP" xlink:to="label_eu_NP"/>
    <link:loc xlink:type="locator" xlink:href="mem.xsd#eu_NR" xlink:label="loc_eu_NR"/>
    <link:label xlink:type="resource" xlink:label="label_eu_NR" xml:lang="en" xlink:role="http://www.xbrl.org/2003/role/label">NAURU</link:label>
    <link:labelArc xlink:type="arc" xlink:arcrole="http://www.xbrl.org/2003/arcrole/concept-label" xlink:from="loc_eu_NR" xlink:to="label_eu_NR"/>
    <link:loc xlink:type="locator" xlink:href="mem.xsd#eu_NU" xlink:label="loc_eu_NU"/>
    <link:label xlink:type="resource" xlink:label="label_eu_NU" xml:lang="en" xlink:role="http://www.xbrl.org/2003/role/label">NIUE</link:label>
    <link:labelArc xlink:type="arc" xlink:arcrole="http://www.xbrl.org/2003/arcrole/concept-label" xlink:from="loc_eu_NU" xlink:to="label_eu_NU"/>
    <link:loc xlink:type="locator" xlink:href="mem.xsd#eu_NZ" xlink:label="loc_eu_NZ"/>
    <link:label xlink:type="resource" xlink:label="label_eu_NZ" xml:lang="en" xlink:role="http://www.xbrl.org/2003/role/label">NEW ZEALAND</link:label>
    <link:labelArc xlink:type="arc" xlink:arcrole="http://www.xbrl.org/2003/arcrole/concept-label" xlink:from="loc_eu_NZ" xlink:to="label_eu_NZ"/>
    <link:loc xlink:type="locator" xlink:href="mem.xsd#eu_OM" xlink:label="loc_eu_OM"/>
    <link:label xlink:type="resource" xlink:label="label_eu_OM" xml:lang="en" xlink:role="http://www.xbrl.org/2003/role/label">OMAN</link:label>
    <link:labelArc xlink:type="arc" xlink:arcrole="http://www.xbrl.org/2003/arcrole/concept-label" xlink:from="loc_eu_OM" xlink:to="label_eu_OM"/>
    <link:loc xlink:type="locator" xlink:href="mem.xsd#eu_PA" xlink:label="loc_eu_PA"/>
    <link:label xlink:type="resource" xlink:label="label_eu_PA" xml:lang="en" xlink:role="http://www.xbrl.org/2003/role/label">PANAMA</link:label>
    <link:labelArc xlink:type="arc" xlink:arcrole="http://www.xbrl.org/2003/arcrole/concept-label" xlink:from="loc_eu_PA" xlink:to="label_eu_PA"/>
    <link:loc xlink:type="locator" xlink:href="mem.xsd#eu_PE" xlink:label="loc_eu_PE"/>
    <link:label xlink:type="resource" xlink:label="label_eu_PE" xml:lang="en" xlink:role="http://www.xbrl.org/2003/role/label">PERU</link:label>
    <link:labelArc xlink:type="arc" xlink:arcrole="http://www.xbrl.org/2003/arcrole/concept-label" xlink:from="loc_eu_PE" xlink:to="label_eu_PE"/>
    <link:loc xlink:type="locator" xlink:href="mem.xsd#eu_PF" xlink:label="loc_eu_PF"/>
    <link:label xlink:type="resource" xlink:label="label_eu_PF" xml:lang="en" xlink:role="http://www.xbrl.org/2003/role/label">FRENCH POLYNESIA</link:label>
    <link:labelArc xlink:type="arc" xlink:arcrole="http://www.xbrl.org/2003/arcrole/concept-label" xlink:from="loc_eu_PF" xlink:to="label_eu_PF"/>
    <link:loc xlink:type="locator" xlink:href="mem.xsd#eu_PG" xlink:label="loc_eu_PG"/>
    <link:label xlink:type="resource" xlink:label="label_eu_PG" xml:lang="en" xlink:role="http://www.xbrl.org/2003/role/label">PAPUA NEW GUINEA</link:label>
    <link:labelArc xlink:type="arc" xlink:arcrole="http://www.xbrl.org/2003/arcrole/concept-label" xlink:from="loc_eu_PG" xlink:to="label_eu_PG"/>
    <link:loc xlink:type="locator" xlink:href="mem.xsd#eu_PH" xlink:label="loc_eu_PH"/>
    <link:label xlink:type="resource" xlink:label="label_eu_PH" xml:lang="en" xlink:role="http://www.xbrl.org/2003/role/label">PHILIPPINES</link:label>
    <link:labelArc xlink:type="arc" xlink:arcrole="http://www.xbrl.org/2003/arcrole/concept-label" xlink:from="loc_eu_PH" xlink:to="label_eu_PH"/>
    <link:loc xlink:type="locator" xlink:href="mem.xsd#eu_PK" xlink:label="loc_eu_PK"/>
    <link:label xlink:type="resource" xlink:label="label_eu_PK" xml:lang="en" xlink:role="http://www.xbrl.org/2003/role/label">PAKISTAN</link:label>
    <link:labelArc xlink:type="arc" xlink:arcrole="http://www.xbrl.org/2003/arcrole/concept-label" xlink:from="loc_eu_PK" xlink:to="label_eu_PK"/>
    <link:loc xlink:type="locator" xlink:href="mem.xsd#eu_PL" xlink:label="loc_eu_PL"/>
    <link:label xlink:type="resource" xlink:label="label_eu_PL" xml:lang="en" xlink:role="http://www.xbrl.org/2003/role/label">POLAND</link:label>
    <link:labelArc xlink:type="arc" xlink:arcrole="http://www.xbrl.org/2003/arcrole/concept-label" xlink:from="loc_eu_PL" xlink:to="label_eu_PL"/>
    <link:loc xlink:type="locator" xlink:href="mem.xsd#eu_PM" xlink:label="loc_eu_PM"/>
    <link:label xlink:type="resource" xlink:label="label_eu_PM" xml:lang="en" xlink:role="http://www.xbrl.org/2003/role/label">SAINT PIERRE AND MIQUELON</link:label>
    <link:labelArc xlink:type="arc" xlink:arcrole="http://www.xbrl.org/2003/arcrole/concept-label" xlink:from="loc_eu_PM" xlink:to="label_eu_PM"/>
    <link:loc xlink:type="locator" xlink:href="mem.xsd#eu_PN" xlink:label="loc_eu_PN"/>
    <link:label xlink:type="resource" xlink:label="label_eu_PN" xml:lang="en" xlink:role="http://www.xbrl.org/2003/role/label">PITCAIRN</link:label>
    <link:labelArc xlink:type="arc" xlink:arcrole="http://www.xbrl.org/2003/arcrole/concept-label" xlink:from="loc_eu_PN" xlink:to="label_eu_PN"/>
    <link:loc xlink:type="locator" xlink:href="mem.xsd#eu_PR" xlink:label="loc_eu_PR"/>
    <link:label xlink:type="resource" xlink:label="label_eu_PR" xml:lang="en" xlink:role="http://www.xbrl.org/2003/role/label">PUERTO RICO</link:label>
    <link:labelArc xlink:type="arc" xlink:arcrole="http://www.xbrl.org/2003/arcrole/concept-label" xlink:from="loc_eu_PR" xlink:to="label_eu_PR"/>
    <link:loc xlink:type="locator" xlink:href="mem.xsd#eu_PS" xlink:label="loc_eu_PS"/>
    <link:label xlink:type="resource" xlink:label="label_eu_PS" xml:lang="en" xlink:role="http://www.xbrl.org/2003/role/label">PALESTINIAN TERRITORY, OCCUPIED</link:label>
    <link:labelArc xlink:type="arc" xlink:arcrole="http://www.xbrl.org/2003/arcrole/concept-label" xlink:from="loc_eu_PS" xlink:to="label_eu_PS"/>
    <link:loc xlink:type="locator" xlink:href="mem.xsd#eu_PT" xlink:label="loc_eu_PT"/>
    <link:label xlink:type="resource" xlink:label="label_eu_PT" xml:lang="en" xlink:role="http://www.xbrl.org/2003/role/label">PORTUGAL</link:label>
    <link:labelArc xlink:type="arc" xlink:arcrole="http://www.xbrl.org/2003/arcrole/concept-label" xlink:from="loc_eu_PT" xlink:to="label_eu_PT"/>
    <link:loc xlink:type="locator" xlink:href="mem.xsd#eu_PW" xlink:label="loc_eu_PW"/>
    <link:label xlink:type="resource" xlink:label="label_eu_PW" xml:lang="en" xlink:role="http://www.xbrl.org/2003/role/label">PALAU</link:label>
    <link:labelArc xlink:type="arc" xlink:arcrole="http://www.xbrl.org/2003/arcrole/concept-label" xlink:from="loc_eu_PW" xlink:to="label_eu_PW"/>
    <link:loc xlink:type="locator" xlink:href="mem.xsd#eu_PY" xlink:label="loc_eu_PY"/>
    <link:label xlink:type="resource" xlink:label="label_eu_PY" xml:lang="en" xlink:role="http://www.xbrl.org/2003/role/label">PARAGUAY</link:label>
    <link:labelArc xlink:type="arc" xlink:arcrole="http://www.xbrl.org/2003/arcrole/concept-label" xlink:from="loc_eu_PY" xlink:to="label_eu_PY"/>
    <link:loc xlink:type="locator" xlink:href="mem.xsd#eu_QA" xlink:label="loc_eu_QA"/>
    <link:label xlink:type="resource" xlink:label="label_eu_QA" xml:lang="en" xlink:role="http://www.xbrl.org/2003/role/label">QATAR</link:label>
    <link:labelArc xlink:type="arc" xlink:arcrole="http://www.xbrl.org/2003/arcrole/concept-label" xlink:from="loc_eu_QA" xlink:to="label_eu_QA"/>
    <link:loc xlink:type="locator" xlink:href="mem.xsd#eu_RE" xlink:label="loc_eu_RE"/>
    <link:label xlink:type="resource" xlink:label="label_eu_RE" xml:lang="en" xlink:role="http://www.xbrl.org/2003/role/label">R&#201;UNION</link:label>
    <link:labelArc xlink:type="arc" xlink:arcrole="http://www.xbrl.org/2003/arcrole/concept-label" xlink:from="loc_eu_RE" xlink:to="label_eu_RE"/>
    <link:loc xlink:type="locator" xlink:href="mem.xsd#eu_RO" xlink:label="loc_eu_RO"/>
    <link:label xlink:type="resource" xlink:label="label_eu_RO" xml:lang="en" xlink:role="http://www.xbrl.org/2003/role/label">ROMANIA</link:label>
    <link:labelArc xlink:type="arc" xlink:arcrole="http://www.xbrl.org/2003/arcrole/concept-label" xlink:from="loc_eu_RO" xlink:to="label_eu_RO"/>
    <link:loc xlink:type="locator" xlink:href="mem.xsd#eu_RS" xlink:label="loc_eu_RS"/>
    <link:label xlink:type="resource" xlink:label="label_eu_RS" xml:lang="en" xlink:role="http://www.xbrl.org/2003/role/label">SERBIA</link:label>
    <link:labelArc xlink:type="arc" xlink:arcrole="http://www.xbrl.org/2003/arcrole/concept-label" xlink:from="loc_eu_RS" xlink:to="label_eu_RS"/>
    <link:loc xlink:type="locator" xlink:href="mem.xsd#eu_RU" xlink:label="loc_eu_RU"/>
    <link:label xlink:type="resource" xlink:label="label_eu_RU" xml:lang="en" xlink:role="http://www.xbrl.org/2003/role/label">RUSSIAN FEDERATION</link:label>
    <link:labelArc xlink:type="arc" xlink:arcrole="http://www.xbrl.org/2003/arcrole/concept-label" xlink:from="loc_eu_RU" xlink:to="label_eu_RU"/>
    <link:loc xlink:type="locator" xlink:href="mem.xsd#eu_RW" xlink:label="loc_eu_RW"/>
    <link:label xlink:type="resource" xlink:label="label_eu_RW" xml:lang="en" xlink:role="http://www.xbrl.org/2003/role/label">RWANDA</link:label>
    <link:labelArc xlink:type="arc" xlink:arcrole="http://www.xbrl.org/2003/arcrole/concept-label" xlink:from="loc_eu_RW" xlink:to="label_eu_RW"/>
    <link:loc xlink:type="locator" xlink:href="mem.xsd#eu_SA" xlink:label="loc_eu_SA"/>
    <link:label xlink:type="resource" xlink:label="label_eu_SA" xml:lang="en" xlink:role="http://www.xbrl.org/2003/role/label">SAUDI ARABIA</link:label>
    <link:labelArc xlink:type="arc" xlink:arcrole="http://www.xbrl.org/2003/arcrole/concept-label" xlink:from="loc_eu_SA" xlink:to="label_eu_SA"/>
    <link:loc xlink:type="locator" xlink:href="mem.xsd#eu_SB" xlink:label="loc_eu_SB"/>
    <link:label xlink:type="resource" xlink:label="label_eu_SB" xml:lang="en" xlink:role="http://www.xbrl.org/2003/role/label">SOLOMON ISLANDS</link:label>
    <link:labelArc xlink:type="arc" xlink:arcrole="http://www.xbrl.org/2003/arcrole/concept-label" xlink:from="loc_eu_SB" xlink:to="label_eu_SB"/>
    <link:loc xlink:type="locator" xlink:href="mem.xsd#eu_SC" xlink:label="loc_eu_SC"/>
    <link:label xlink:type="resource" xlink:label="label_eu_SC" xml:lang="en" xlink:role="http://www.xbrl.org/2003/role/label">SEYCHELLES</link:label>
    <link:labelArc xlink:type="arc" xlink:arcrole="http://www.xbrl.org/2003/arcrole/concept-label" xlink:from="loc_eu_SC" xlink:to="label_eu_SC"/>
    <link:loc xlink:type="locator" xlink:href="mem.xsd#eu_SD" xlink:label="loc_eu_SD"/>
    <link:label xlink:type="resource" xlink:label="label_eu_SD" xml:lang="en" xlink:role="http://www.xbrl.org/2003/role/label">SUDAN</link:label>
    <link:labelArc xlink:type="arc" xlink:arcrole="http://www.xbrl.org/2003/arcrole/concept-label" xlink:from="loc_eu_SD" xlink:to="label_eu_SD"/>
    <link:loc xlink:type="locator" xlink:href="mem.xsd#eu_SE" xlink:label="loc_eu_SE"/>
    <link:label xlink:type="resource" xlink:label="label_eu_SE" xml:lang="en" xlink:role="http://www.xbrl.org/2003/role/label">SWEDEN</link:label>
    <link:labelArc xlink:type="arc" xlink:arcrole="http://www.xbrl.org/2003/arcrole/concept-label" xlink:from="loc_eu_SE" xlink:to="label_eu_SE"/>
    <link:loc xlink:type="locator" xlink:href="mem.xsd#eu_SG" xlink:label="loc_eu_SG"/>
    <link:label xlink:type="resource" xlink:label="label_eu_SG" xml:lang="en" xlink:role="http://www.xbrl.org/2003/role/label">SINGAPORE</link:label>
    <link:labelArc xlink:type="arc" xlink:arcrole="http://www.xbrl.org/2003/arcrole/concept-label" xlink:from="loc_eu_SG" xlink:to="label_eu_SG"/>
    <link:loc xlink:type="locator" xlink:href="mem.xsd#eu_SH" xlink:label="loc_eu_SH"/>
    <link:label xlink:type="resource" xlink:label="label_eu_SH" xml:lang="en" xlink:role="http://www.xbrl.org/2003/role/label">SAINT HELENA, ASCENSION AND TRISTAN DA CUNHA</link:label>
    <link:labelArc xlink:type="arc" xlink:arcrole="http://www.xbrl.org/2003/arcrole/concept-label" xlink:from="loc_eu_SH" xlink:to="label_eu_SH"/>
    <link:loc xlink:type="locator" xlink:href="mem.xsd#eu_SI" xlink:label="loc_eu_SI"/>
    <link:label xlink:type="resource" xlink:label="label_eu_SI" xml:lang="en" xlink:role="http://www.xbrl.org/2003/role/label">SLOVENIA</link:label>
    <link:labelArc xlink:type="arc" xlink:arcrole="http://www.xbrl.org/2003/arcrole/concept-label" xlink:from="loc_eu_SI" xlink:to="label_eu_SI"/>
    <link:loc xlink:type="locator" xlink:href="mem.xsd#eu_SJ" xlink:label="loc_eu_SJ"/>
    <link:label xlink:type="resource" xlink:label="label_eu_SJ" xml:lang="en" xlink:role="http://www.xbrl.org/2003/role/label">SVALBARD AND JAN MAYEN</link:label>
    <link:labelArc xlink:type="arc" xlink:arcrole="http://www.xbrl.org/2003/arcrole/concept-label" xlink:from="loc_eu_SJ" xlink:to="label_eu_SJ"/>
    <link:loc xlink:type="locator" xlink:href="mem.xsd#eu_SK" xlink:label="loc_eu_SK"/>
    <link:label xlink:type="resource" xlink:label="label_eu_SK" xml:lang="en" xlink:role="http://www.xbrl.org/2003/role/label">SLOVAKIA</link:label>
    <link:labelArc xlink:type="arc" xlink:arcrole="http://www.xbrl.org/2003/arcrole/concept-label" xlink:from="loc_eu_SK" xlink:to="label_eu_SK"/>
    <link:loc xlink:type="locator" xlink:href="mem.xsd#eu_SL" xlink:label="loc_eu_SL"/>
    <link:label xlink:type="resource" xlink:label="label_eu_SL" xml:lang="en" xlink:role="http://www.xbrl.org/2003/role/label">SIERRA LEONE</link:label>
    <link:labelArc xlink:type="arc" xlink:arcrole="http://www.xbrl.org/2003/arcrole/concept-label" xlink:from="loc_eu_SL" xlink:to="label_eu_SL"/>
    <link:loc xlink:type="locator" xlink:href="mem.xsd#eu_SM" xlink:label="loc_eu_SM"/>
    <link:label xlink:type="resource" xlink:label="label_eu_SM" xml:lang="en" xlink:role="http://www.xbrl.org/2003/role/label">SAN MARINO</link:label>
    <link:labelArc xlink:type="arc" xlink:arcrole="http://www.xbrl.org/2003/arcrole/concept-label" xlink:from="loc_eu_SM" xlink:to="label_eu_SM"/>
    <link:loc xlink:type="locator" xlink:href="mem.xsd#eu_SN" xlink:label="loc_eu_SN"/>
    <link:label xlink:type="resource" xlink:label="label_eu_SN" xml:lang="en" xlink:role="http://www.xbrl.org/2003/role/label">SENEGAL</link:label>
    <link:labelArc xlink:type="arc" xlink:arcrole="http://www.xbrl.org/2003/arcrole/concept-label" xlink:from="loc_eu_SN" xlink:to="label_eu_SN"/>
    <link:loc xlink:type="locator" xlink:href="mem.xsd#eu_SO" xlink:label="loc_eu_SO"/>
    <link:label xlink:type="resource" xlink:label="label_eu_SO" xml:lang="en" xlink:role="http://www.xbrl.org/2003/role/label">SOMALIA</link:label>
    <link:labelArc xlink:type="arc" xlink:arcrole="http://www.xbrl.org/2003/arcrole/concept-label" xlink:from="loc_eu_SO" xlink:to="label_eu_SO"/>
    <link:loc xlink:type="locator" xlink:href="mem.xsd#eu_SR" xlink:label="loc_eu_SR"/>
    <link:label xlink:type="resource" xlink:label="label_eu_SR" xml:lang="en" xlink:role="http://www.xbrl.org/2003/role/label">SURINAME</link:label>
    <link:labelArc xlink:type="arc" xlink:arcrole="http://www.xbrl.org/2003/arcrole/concept-label" xlink:from="loc_eu_SR" xlink:to="label_eu_SR"/>
    <link:loc xlink:type="locator" xlink:href="mem.xsd#eu_SS" xlink:label="loc_eu_SS"/>
    <link:label xlink:type="resource" xlink:label="label_eu_SS" xml:lang="en" xlink:role="http://www.xbrl.org/2003/role/label">SOUTH SUDAN</link:label>
    <link:labelArc xlink:type="arc" xlink:arcrole="http://www.xbrl.org/2003/arcrole/concept-label" xlink:from="loc_eu_SS" xlink:to="label_eu_SS"/>
    <link:loc xlink:type="locator" xlink:href="mem.xsd#eu_ST" xlink:label="loc_eu_ST"/>
    <link:label xlink:type="resource" xlink:label="label_eu_ST" xml:lang="en" xlink:role="http://www.xbrl.org/2003/role/label">SAO TOME AND PRINCIPE</link:label>
    <link:labelArc xlink:type="arc" xlink:arcrole="http://www.xbrl.org/2003/arcrole/concept-label" xlink:from="loc_eu_ST" xlink:to="label_eu_ST"/>
    <link:loc xlink:type="locator" xlink:href="mem.xsd#eu_SV" xlink:label="loc_eu_SV"/>
    <link:label xlink:type="resource" xlink:label="label_eu_SV" xml:lang="en" xlink:role="http://www.xbrl.org/2003/role/label">EL SALVADOR</link:label>
    <link:labelArc xlink:type="arc" xlink:arcrole="http://www.xbrl.org/2003/arcrole/concept-label" xlink:from="loc_eu_SV" xlink:to="label_eu_SV"/>
    <link:loc xlink:type="locator" xlink:href="mem.xsd#eu_SX" xlink:label="loc_eu_SX"/>
    <link:label xlink:type="resource" xlink:label="label_eu_SX" xml:lang="en" xlink:role="http://www.xbrl.org/2003/role/label">SINT MAARTEN (DUTCH PART)</link:label>
    <link:labelArc xlink:type="arc" xlink:arcrole="http://www.xbrl.org/2003/arcrole/concept-label" xlink:from="loc_eu_SX" xlink:to="label_eu_SX"/>
    <link:loc xlink:type="locator" xlink:href="mem.xsd#eu_SY" xlink:label="loc_eu_SY"/>
    <link:label xlink:type="resource" xlink:label="label_eu_SY" xml:lang="en" xlink:role="http://www.xbrl.org/2003/role/label">SYRIAN ARAB REPUBLIC</link:label>
    <link:labelArc xlink:type="arc" xlink:arcrole="http://www.xbrl.org/2003/arcrole/concept-label" xlink:from="loc_eu_SY" xlink:to="label_eu_SY"/>
    <link:loc xlink:type="locator" xlink:href="mem.xsd#eu_SZ" xlink:label="loc_eu_SZ"/>
    <link:label xlink:type="resource" xlink:label="label_eu_SZ" xml:lang="en" xlink:role="http://www.xbrl.org/2003/role/label">SWAZILAND</link:label>
    <link:labelArc xlink:type="arc" xlink:arcrole="http://www.xbrl.org/2003/arcrole/concept-label" xlink:from="loc_eu_SZ" xlink:to="label_eu_SZ"/>
    <link:loc xlink:type="locator" xlink:href="mem.xsd#eu_TC" xlink:label="loc_eu_TC"/>
    <link:label xlink:type="resource" xlink:label="label_eu_TC" xml:lang="en" xlink:role="http://www.xbrl.org/2003/role/label">TURKS AND CAICOS ISLANDS</link:label>
    <link:labelArc xlink:type="arc" xlink:arcrole="http://www.xbrl.org/2003/arcrole/concept-label" xlink:from="loc_eu_TC" xlink:to="label_eu_TC"/>
    <link:loc xlink:type="locator" xlink:href="mem.xsd#eu_TD" xlink:label="loc_eu_TD"/>
    <link:label xlink:type="resource" xlink:label="label_eu_TD" xml:lang="en" xlink:role="http://www.xbrl.org/2003/role/label">CHAD</link:label>
    <link:labelArc xlink:type="arc" xlink:arcrole="http://www.xbrl.org/2003/arcrole/concept-label" xlink:from="loc_eu_TD" xlink:to="label_eu_TD"/>
    <link:loc xlink:type="locator" xlink:href="mem.xsd#eu_TF" xlink:label="loc_eu_TF"/>
    <link:label xlink:type="resource" xlink:label="label_eu_TF" xml:lang="en" xlink:role="http://www.xbrl.org/2003/role/label">FRENCH SOUTHERN TERRITORIES</link:label>
    <link:labelArc xlink:type="arc" xlink:arcrole="http://www.xbrl.org/2003/arcrole/concept-label" xlink:from="loc_eu_TF" xlink:to="label_eu_TF"/>
    <link:loc xlink:type="locator" xlink:href="mem.xsd#eu_TG" xlink:label="loc_eu_TG"/>
    <link:label xlink:type="resource" xlink:label="label_eu_TG" xml:lang="en" xlink:role="http://www.xbrl.org/2003/role/label">TOGO</link:label>
    <link:labelArc xlink:type="arc" xlink:arcrole="http://www.xbrl.org/2003/arcrole/concept-label" xlink:from="loc_eu_TG" xlink:to="label_eu_TG"/>
    <link:loc xlink:type="locator" xlink:href="mem.xsd#eu_TH" xlink:label="loc_eu_TH"/>
    <link:label xlink:type="resource" xlink:label="label_eu_TH" xml:lang="en" xlink:role="http://www.xbrl.org/2003/role/label">THAILAND</link:label>
    <link:labelArc xlink:type="arc" xlink:arcrole="http://www.xbrl.org/2003/arcrole/concept-label" xlink:from="loc_eu_TH" xlink:to="label_eu_TH"/>
    <link:loc xlink:type="locator" xlink:href="mem.xsd#eu_TJ" xlink:label="loc_eu_TJ"/>
    <link:label xlink:type="resource" xlink:label="label_eu_TJ" xml:lang="en" xlink:role="http://www.xbrl.org/2003/role/label">TAJIKISTAN</link:label>
    <link:labelArc xlink:type="arc" xlink:arcrole="http://www.xbrl.org/2003/arcrole/concept-label" xlink:from="loc_eu_TJ" xlink:to="label_eu_TJ"/>
    <link:loc xlink:type="locator" xlink:href="mem.xsd#eu_TK" xlink:label="loc_eu_TK"/>
    <link:label xlink:type="resource" xlink:label="label_eu_TK" xml:lang="en" xlink:role="http://www.xbrl.org/2003/role/label">TOKELAU</link:label>
    <link:labelArc xlink:type="arc" xlink:arcrole="http://www.xbrl.org/2003/arcrole/concept-label" xlink:from="loc_eu_TK" xlink:to="label_eu_TK"/>
    <link:loc xlink:type="locator" xlink:href="mem.xsd#eu_TL" xlink:label="loc_eu_TL"/>
    <link:label xlink:type="resource" xlink:label="label_eu_TL" xml:lang="en" xlink:role="http://www.xbrl.org/2003/role/label">TIMOR-LESTE</link:label>
    <link:labelArc xlink:type="arc" xlink:arcrole="http://www.xbrl.org/2003/arcrole/concept-label" xlink:from="loc_eu_TL" xlink:to="label_eu_TL"/>
    <link:loc xlink:type="locator" xlink:href="mem.xsd#eu_TM" xlink:label="loc_eu_TM"/>
    <link:label xlink:type="resource" xlink:label="label_eu_TM" xml:lang="en" xlink:role="http://www.xbrl.org/2003/role/label">TURKMENISTAN</link:label>
    <link:labelArc xlink:type="arc" xlink:arcrole="http://www.xbrl.org/2003/arcrole/concept-label" xlink:from="loc_eu_TM" xlink:to="label_eu_TM"/>
    <link:loc xlink:type="locator" xlink:href="mem.xsd#eu_TN" xlink:label="loc_eu_TN"/>
    <link:label xlink:type="resource" xlink:label="label_eu_TN" xml:lang="en" xlink:role="http://www.xbrl.org/2003/role/label">TUNISIA</link:label>
    <link:labelArc xlink:type="arc" xlink:arcrole="http://www.xbrl.org/2003/arcrole/concept-label" xlink:from="loc_eu_TN" xlink:to="label_eu_TN"/>
    <link:loc xlink:type="locator" xlink:href="mem.xsd#eu_TO" xlink:label="loc_eu_TO"/>
    <link:label xlink:type="resource" xlink:label="label_eu_TO" xml:lang="en" xlink:role="http://www.xbrl.org/2003/role/label">TONGA</link:label>
    <link:labelArc xlink:type="arc" xlink:arcrole="http://www.xbrl.org/2003/arcrole/concept-label" xlink:from="loc_eu_TO" xlink:to="label_eu_TO"/>
    <link:loc xlink:type="locator" xlink:href="mem.xsd#eu_TR" xlink:label="loc_eu_TR"/>
    <link:label xlink:type="resource" xlink:label="label_eu_TR" xml:lang="en" xlink:role="http://www.xbrl.org/2003/role/label">TURKEY</link:label>
    <link:labelArc xlink:type="arc" xlink:arcrole="http://www.xbrl.org/2003/arcrole/concept-label" xlink:from="loc_eu_TR" xlink:to="label_eu_TR"/>
    <link:loc xlink:type="locator" xlink:href="mem.xsd#eu_TT" xlink:label="loc_eu_TT"/>
    <link:label xlink:type="resource" xlink:label="label_eu_TT" xml:lang="en" xlink:role="http://www.xbrl.org/2003/role/label">TRINIDAD AND TOBAGO</link:label>
    <link:labelArc xlink:type="arc" xlink:arcrole="http://www.xbrl.org/2003/arcrole/concept-label" xlink:from="loc_eu_TT" xlink:to="label_eu_TT"/>
    <link:loc xlink:type="locator" xlink:href="mem.xsd#eu_TV" xlink:label="loc_eu_TV"/>
    <link:label xlink:type="resource" xlink:label="label_eu_TV" xml:lang="en" xlink:role="http://www.xbrl.org/2003/role/label">TUVALU</link:label>
    <link:labelArc xlink:type="arc" xlink:arcrole="http://www.xbrl.org/2003/arcrole/concept-label" xlink:from="loc_eu_TV" xlink:to="label_eu_TV"/>
    <link:loc xlink:type="locator" xlink:href="mem.xsd#eu_TW" xlink:label="loc_eu_TW"/>
    <link:label xlink:type="resource" xlink:label="label_eu_TW" xml:lang="en" xlink:role="http://www.xbrl.org/2003/role/label">TAIWAN, PROVINCE OF CHINA</link:label>
    <link:labelArc xlink:type="arc" xlink:arcrole="http://www.xbrl.org/2003/arcrole/concept-label" xlink:from="loc_eu_TW" xlink:to="label_eu_TW"/>
    <link:loc xlink:type="locator" xlink:href="mem.xsd#eu_TZ" xlink:label="loc_eu_TZ"/>
    <link:label xlink:type="resource" xlink:label="label_eu_TZ" xml:lang="en" xlink:role="http://www.xbrl.org/2003/role/label">TANZANIA, UNITED REPUBLIC OF</link:label>
    <link:labelArc xlink:type="arc" xlink:arcrole="http://www.xbrl.org/2003/arcrole/concept-label" xlink:from="loc_eu_TZ" xlink:to="label_eu_TZ"/>
    <link:loc xlink:type="locator" xlink:href="mem.xsd#eu_UA" xlink:label="loc_eu_UA"/>
    <link:label xlink:type="resource" xlink:label="label_eu_UA" xml:lang="en" xlink:role="http://www.xbrl.org/2003/role/label">UKRAINE</link:label>
    <link:labelArc xlink:type="arc" xlink:arcrole="http://www.xbrl.org/2003/arcrole/concept-label" xlink:from="loc_eu_UA" xlink:to="label_eu_UA"/>
    <link:loc xlink:type="locator" xlink:href="mem.xsd#eu_UG" xlink:label="loc_eu_UG"/>
    <link:label xlink:type="resource" xlink:label="label_eu_UG" xml:lang="en" xlink:role="http://www.xbrl.org/2003/role/label">UGANDA</link:label>
    <link:labelArc xlink:type="arc" xlink:arcrole="http://www.xbrl.org/2003/arcrole/concept-label" xlink:from="loc_eu_UG" xlink:to="label_eu_UG"/>
    <link:loc xlink:type="locator" xlink:href="mem.xsd#eu_UM" xlink:label="loc_eu_UM"/>
    <link:label xlink:type="resource" xlink:label="label_eu_UM" xml:lang="en" xlink:role="http://www.xbrl.org/2003/role/label">UNITED STATES MINOR OUTLYING ISLANDS</link:label>
    <link:labelArc xlink:type="arc" xlink:arcrole="http://www.xbrl.org/2003/arcrole/concept-label" xlink:from="loc_eu_UM" xlink:to="label_eu_UM"/>
    <link:loc xlink:type="locator" xlink:href="mem.xsd#eu_US" xlink:label="loc_eu_US"/>
    <link:label xlink:type="resource" xlink:label="label_eu_US" xml:lang="en" xlink:role="http://www.xbrl.org/2003/role/label">UNITED STATES</link:label>
    <link:labelArc xlink:type="arc" xlink:arcrole="http://www.xbrl.org/2003/arcrole/concept-label" xlink:from="loc_eu_US" xlink:to="label_eu_US"/>
    <link:loc xlink:type="locator" xlink:href="mem.xsd#eu_UY" xlink:label="loc_eu_UY"/>
    <link:label xlink:type="resource" xlink:label="label_eu_UY" xml:lang="en" xlink:role="http://www.xbrl.org/2003/role/label">URUGUAY</link:label>
    <link:labelArc xlink:type="arc" xlink:arcrole="http://www.xbrl.org/2003/arcrole/concept-label" xlink:from="loc_eu_UY" xlink:to="label_eu_UY"/>
    <link:loc xlink:type="locator" xlink:href="mem.xsd#eu_UZ" xlink:label="loc_eu_UZ"/>
    <link:label xlink:type="resource" xlink:label="label_eu_UZ" xml:lang="en" xlink:role="http://www.xbrl.org/2003/role/label">UZBEKISTAN</link:label>
    <link:labelArc xlink:type="arc" xlink:arcrole="http://www.xbrl.org/2003/arcrole/concept-label" xlink:from="loc_eu_UZ" xlink:to="label_eu_UZ"/>
    <link:loc xlink:type="locator" xlink:href="mem.xsd#eu_VA" xlink:label="loc_eu_VA"/>
    <link:label xlink:type="resource" xlink:label="label_eu_VA" xml:lang="en" xlink:role="http://www.xbrl.org/2003/role/label">HOLY SEE (VATICAN CITY STATE)</link:label>
    <link:labelArc xlink:type="arc" xlink:arcrole="http://www.xbrl.org/2003/arcrole/concept-label" xlink:from="loc_eu_VA" xlink:to="label_eu_VA"/>
    <link:loc xlink:type="locator" xlink:href="mem.xsd#eu_VC" xlink:label="loc_eu_VC"/>
    <link:label xlink:type="resource" xlink:label="label_eu_VC" xml:lang="en" xlink:role="http://www.xbrl.org/2003/role/label">SAINT VINCENT AND THE GRENADINES</link:label>
    <link:labelArc xlink:type="arc" xlink:arcrole="http://www.xbrl.org/2003/arcrole/concept-label" xlink:from="loc_eu_VC" xlink:to="label_eu_VC"/>
    <link:loc xlink:type="locator" xlink:href="mem.xsd#eu_VE" xlink:label="loc_eu_VE"/>
    <link:label xlink:type="resource" xlink:label="label_eu_VE" xml:lang="en" xlink:role="http://www.xbrl.org/2003/role/label">VENEZUELA, BOLIVARIAN REPUBLIC OF</link:label>
    <link:labelArc xlink:type="arc" xlink:arcrole="http://www.xbrl.org/2003/arcrole/concept-label" xlink:from="loc_eu_VE" xlink:to="label_eu_VE"/>
    <link:loc xlink:type="locator" xlink:href="mem.xsd#eu_VG" xlink:label="loc_eu_VG"/>
    <link:label xlink:type="resource" xlink:label="label_eu_VG" xml:lang="en" xlink:role="http://www.xbrl.org/2003/role/label">VIRGIN ISLANDS, BRITISH</link:label>
    <link:labelArc xlink:type="arc" xlink:arcrole="http://www.xbrl.org/2003/arcrole/concept-label" xlink:from="loc_eu_VG" xlink:to="label_eu_VG"/>
    <link:loc xlink:type="locator" xlink:href="mem.xsd#eu_VI" xlink:label="loc_eu_VI"/>
    <link:label xlink:type="resource" xlink:label="label_eu_VI" xml:lang="en" xlink:role="http://www.xbrl.org/2003/role/label">VIRGIN ISLANDS, U.S.</link:label>
    <link:labelArc xlink:type="arc" xlink:arcrole="http://www.xbrl.org/2003/arcrole/concept-label" xlink:from="loc_eu_VI" xlink:to="label_eu_VI"/>
    <link:loc xlink:type="locator" xlink:href="mem.xsd#eu_VN" xlink:label="loc_eu_VN"/>
    <link:label xlink:type="resource" xlink:label="label_eu_VN" xml:lang="en" xlink:role="http://www.xbrl.org/2003/role/label">VIET NAM</link:label>
    <link:labelArc xlink:type="arc" xlink:arcrole="http://www.xbrl.org/2003/arcrole/concept-label" xlink:from="loc_eu_VN" xlink:to="label_eu_VN"/>
    <link:loc xlink:type="locator" xlink:href="mem.xsd#eu_VU" xlink:label="loc_eu_VU"/>
    <link:label xlink:type="resource" xlink:label="label_eu_VU" xml:lang="en" xlink:role="http://www.xbrl.org/2003/role/label">VANUATU</link:label>
    <link:labelArc xlink:type="arc" xlink:arcrole="http://www.xbrl.org/2003/arcrole/concept-label" xlink:from="loc_eu_VU" xlink:to="label_eu_VU"/>
    <link:loc xlink:type="locator" xlink:href="mem.xsd#eu_WF" xlink:label="loc_eu_WF"/>
    <link:label xlink:type="resource" xlink:label="label_eu_WF" xml:lang="en" xlink:role="http://www.xbrl.org/2003/role/label">WALLIS AND FUTUNA</link:label>
    <link:labelArc xlink:type="arc" xlink:arcrole="http://www.xbrl.org/2003/arcrole/concept-label" xlink:from="loc_eu_WF" xlink:to="label_eu_WF"/>
    <link:loc xlink:type="locator" xlink:href="mem.xsd#eu_WS" xlink:label="loc_eu_WS"/>
    <link:label xlink:type="resource" xlink:label="label_eu_WS" xml:lang="en" xlink:role="http://www.xbrl.org/2003/role/label">SAMOA</link:label>
    <link:labelArc xlink:type="arc" xlink:arcrole="http://www.xbrl.org/2003/arcrole/concept-label" xlink:from="loc_eu_WS" xlink:to="label_eu_WS"/>
    <link:loc xlink:type="locator" xlink:href="mem.xsd#eu_YE" xlink:label="loc_eu_YE"/>
    <link:label xlink:type="resource" xlink:label="label_eu_YE" xml:lang="en" xlink:role="http://www.xbrl.org/2003/role/label">YEMEN</link:label>
    <link:labelArc xlink:type="arc" xlink:arcrole="http://www.xbrl.org/2003/arcrole/concept-label" xlink:from="loc_eu_YE" xlink:to="label_eu_YE"/>
    <link:loc xlink:type="locator" xlink:href="mem.xsd#eu_YT" xlink:label="loc_eu_YT"/>
    <link:label xlink:type="resource" xlink:label="label_eu_YT" xml:lang="en" xlink:role="http://www.xbrl.org/2003/role/label">MAYOTTE</link:label>
    <link:labelArc xlink:type="arc" xlink:arcrole="http://www.xbrl.org/2003/arcrole/concept-label" xlink:from="loc_eu_YT" xlink:to="label_eu_YT"/>
    <link:loc xlink:type="locator" xlink:href="mem.xsd#eu_ZA" xlink:label="loc_eu_ZA"/>
    <link:label xlink:type="resource" xlink:label="label_eu_ZA" xml:lang="en" xlink:role="http://www.xbrl.org/2003/role/label">SOUTH AFRICA</link:label>
    <link:labelArc xlink:type="arc" xlink:arcrole="http://www.xbrl.org/2003/arcrole/concept-label" xlink:from="loc_eu_ZA" xlink:to="label_eu_ZA"/>
    <link:loc xlink:type="locator" xlink:href="mem.xsd#eu_ZM" xlink:label="loc_eu_ZM"/>
    <link:label xlink:type="resource" xlink:label="label_eu_ZM" xml:lang="en" xlink:role="http://www.xbrl.org/2003/role/label">ZAMBIA</link:label>
    <link:labelArc xlink:type="arc" xlink:arcrole="http://www.xbrl.org/2003/arcrole/concept-label" xlink:from="loc_eu_ZM" xlink:to="label_eu_ZM"/>
    <link:loc xlink:type="locator" xlink:href="mem.xsd#eu_ZW" xlink:label="loc_eu_ZW"/>
    <link:label xlink:type="resource" xlink:label="label_eu_ZW" xml:lang="en" xlink:role="http://www.xbrl.org/2003/role/label">ZIMBABWE</link:label>
    <link:labelArc xlink:type="arc" xlink:arcrole="http://www.xbrl.org/2003/arcrole/concept-label" xlink:from="loc_eu_ZW" xlink:to="label_eu_ZW"/>
  </link:labelLink>
</link:linkbase>