<?xml version="1.0" encoding="utf-8"?>
<!--(C) Eurofiling Foundation p.f.
Version History
1.0.0 original version
1.0.1 2017-11-19 includes version numbering and commenting
-->
<?version 1.0.1?>
<link:linkbase xmlns:xsi="http://www.w3.org/2001/XMLSchema-instance" xmlns:xlink="http://www.w3.org/1999/xlink" xmlns:link="http://www.xbrl.org/2003/linkbase" xmlns:xbrldt="http://xbrl.org/2005/xbrldt" xsi:schemaLocation=" http://www.xbrl.org/2003/linkbase http://www.xbrl.org/2003/xbrl-linkbase-2003-12-31.xsd http://xbrl.org/2005/xbrldt http://www.xbrl.org/2005/xbrldt-2005.xsd">
  <link:arcroleRef arcroleURI="http://xbrl.org/int/dim/arcrole/domain-member" xlink:type="simple" xlink:href="http://www.xbrl.org/2005/xbrldt-2005.xsd#domain-member"/>
  <link:definitionLink xlink:type="extended" xlink:role="http://www.xbrl.org/2003/role/link">
    <link:loc xlink:type="locator" xlink:href="../exp.xsd#eu_GA" xlink:label="loc_eu_GA"/>
    <link:loc xlink:type="locator" xlink:href="mem.xsd#eu_x0" xlink:label="loc_eu_x0"/>
    <link:definitionArc xlink:type="arc" xlink:arcrole="http://xbrl.org/int/dim/arcrole/domain-member" xlink:from="loc_eu_GA" xlink:to="loc_eu_x0" order="1"/>
    <link:loc xlink:type="locator" xlink:href="mem.xsd#eu_AF" xlink:label="loc_eu_AF"/>
    <link:definitionArc xlink:type="arc" xlink:arcrole="http://xbrl.org/int/dim/arcrole/domain-member" xlink:from="loc_eu_GA" xlink:to="loc_eu_AF" order="2"/>
    <link:loc xlink:type="locator" xlink:href="mem.xsd#eu_AX" xlink:label="loc_eu_AX"/>
    <link:definitionArc xlink:type="arc" xlink:arcrole="http://xbrl.org/int/dim/arcrole/domain-member" xlink:from="loc_eu_GA" xlink:to="loc_eu_AX" order="3"/>
    <link:loc xlink:type="locator" xlink:href="mem.xsd#eu_AL" xlink:label="loc_eu_AL"/>
    <link:definitionArc xlink:type="arc" xlink:arcrole="http://xbrl.org/int/dim/arcrole/domain-member" xlink:from="loc_eu_GA" xlink:to="loc_eu_AL" order="4"/>
    <link:loc xlink:type="locator" xlink:href="mem.xsd#eu_DZ" xlink:label="loc_eu_DZ"/>
    <link:definitionArc xlink:type="arc" xlink:arcrole="http://xbrl.org/int/dim/arcrole/domain-member" xlink:from="loc_eu_GA" xlink:to="loc_eu_DZ" order="5"/>
    <link:loc xlink:type="locator" xlink:href="mem.xsd#eu_AS" xlink:label="loc_eu_AS"/>
    <link:definitionArc xlink:type="arc" xlink:arcrole="http://xbrl.org/int/dim/arcrole/domain-member" xlink:from="loc_eu_GA" xlink:to="loc_eu_AS" order="6"/>
    <link:loc xlink:type="locator" xlink:href="mem.xsd#eu_AD" xlink:label="loc_eu_AD"/>
    <link:definitionArc xlink:type="arc" xlink:arcrole="http://xbrl.org/int/dim/arcrole/domain-member" xlink:from="loc_eu_GA" xlink:to="loc_eu_AD" order="7"/>
    <link:loc xlink:type="locator" xlink:href="mem.xsd#eu_AO" xlink:label="loc_eu_AO"/>
    <link:definitionArc xlink:type="arc" xlink:arcrole="http://xbrl.org/int/dim/arcrole/domain-member" xlink:from="loc_eu_GA" xlink:to="loc_eu_AO" order="8"/>
    <link:loc xlink:type="locator" xlink:href="mem.xsd#eu_AI" xlink:label="loc_eu_AI"/>
    <link:definitionArc xlink:type="arc" xlink:arcrole="http://xbrl.org/int/dim/arcrole/domain-member" xlink:from="loc_eu_GA" xlink:to="loc_eu_AI" order="9"/>
    <link:loc xlink:type="locator" xlink:href="mem.xsd#eu_AQ" xlink:label="loc_eu_AQ"/>
    <link:definitionArc xlink:type="arc" xlink:arcrole="http://xbrl.org/int/dim/arcrole/domain-member" xlink:from="loc_eu_GA" xlink:to="loc_eu_AQ" order="10"/>
    <link:loc xlink:type="locator" xlink:href="mem.xsd#eu_AG" xlink:label="loc_eu_AG"/>
    <link:definitionArc xlink:type="arc" xlink:arcrole="http://xbrl.org/int/dim/arcrole/domain-member" xlink:from="loc_eu_GA" xlink:to="loc_eu_AG" order="11"/>
    <link:loc xlink:type="locator" xlink:href="mem.xsd#eu_AR" xlink:label="loc_eu_AR"/>
    <link:definitionArc xlink:type="arc" xlink:arcrole="http://xbrl.org/int/dim/arcrole/domain-member" xlink:from="loc_eu_GA" xlink:to="loc_eu_AR" order="12"/>
    <link:loc xlink:type="locator" xlink:href="mem.xsd#eu_AM" xlink:label="loc_eu_AM"/>
    <link:definitionArc xlink:type="arc" xlink:arcrole="http://xbrl.org/int/dim/arcrole/domain-member" xlink:from="loc_eu_GA" xlink:to="loc_eu_AM" order="13"/>
    <link:loc xlink:type="locator" xlink:href="mem.xsd#eu_AW" xlink:label="loc_eu_AW"/>
    <link:definitionArc xlink:type="arc" xlink:arcrole="http://xbrl.org/int/dim/arcrole/domain-member" xlink:from="loc_eu_GA" xlink:to="loc_eu_AW" order="14"/>
    <link:loc xlink:type="locator" xlink:href="mem.xsd#eu_AU" xlink:label="loc_eu_AU"/>
    <link:definitionArc xlink:type="arc" xlink:arcrole="http://xbrl.org/int/dim/arcrole/domain-member" xlink:from="loc_eu_GA" xlink:to="loc_eu_AU" order="15"/>
    <link:loc xlink:type="locator" xlink:href="mem.xsd#eu_AT" xlink:label="loc_eu_AT"/>
    <link:definitionArc xlink:type="arc" xlink:arcrole="http://xbrl.org/int/dim/arcrole/domain-member" xlink:from="loc_eu_GA" xlink:to="loc_eu_AT" order="16"/>
    <link:loc xlink:type="locator" xlink:href="mem.xsd#eu_AZ" xlink:label="loc_eu_AZ"/>
    <link:definitionArc xlink:type="arc" xlink:arcrole="http://xbrl.org/int/dim/arcrole/domain-member" xlink:from="loc_eu_GA" xlink:to="loc_eu_AZ" order="17"/>
    <link:loc xlink:type="locator" xlink:href="mem.xsd#eu_BS" xlink:label="loc_eu_BS"/>
    <link:definitionArc xlink:type="arc" xlink:arcrole="http://xbrl.org/int/dim/arcrole/domain-member" xlink:from="loc_eu_GA" xlink:to="loc_eu_BS" order="18"/>
    <link:loc xlink:type="locator" xlink:href="mem.xsd#eu_BH" xlink:label="loc_eu_BH"/>
    <link:definitionArc xlink:type="arc" xlink:arcrole="http://xbrl.org/int/dim/arcrole/domain-member" xlink:from="loc_eu_GA" xlink:to="loc_eu_BH" order="19"/>
    <link:loc xlink:type="locator" xlink:href="mem.xsd#eu_BD" xlink:label="loc_eu_BD"/>
    <link:definitionArc xlink:type="arc" xlink:arcrole="http://xbrl.org/int/dim/arcrole/domain-member" xlink:from="loc_eu_GA" xlink:to="loc_eu_BD" order="20"/>
    <link:loc xlink:type="locator" xlink:href="mem.xsd#eu_BB" xlink:label="loc_eu_BB"/>
    <link:definitionArc xlink:type="arc" xlink:arcrole="http://xbrl.org/int/dim/arcrole/domain-member" xlink:from="loc_eu_GA" xlink:to="loc_eu_BB" order="21"/>
    <link:loc xlink:type="locator" xlink:href="mem.xsd#eu_BY" xlink:label="loc_eu_BY"/>
    <link:definitionArc xlink:type="arc" xlink:arcrole="http://xbrl.org/int/dim/arcrole/domain-member" xlink:from="loc_eu_GA" xlink:to="loc_eu_BY" order="22"/>
    <link:loc xlink:type="locator" xlink:href="mem.xsd#eu_BE" xlink:label="loc_eu_BE"/>
    <link:definitionArc xlink:type="arc" xlink:arcrole="http://xbrl.org/int/dim/arcrole/domain-member" xlink:from="loc_eu_GA" xlink:to="loc_eu_BE" order="23"/>
    <link:loc xlink:type="locator" xlink:href="mem.xsd#eu_BZ" xlink:label="loc_eu_BZ"/>
    <link:definitionArc xlink:type="arc" xlink:arcrole="http://xbrl.org/int/dim/arcrole/domain-member" xlink:from="loc_eu_GA" xlink:to="loc_eu_BZ" order="24"/>
    <link:loc xlink:type="locator" xlink:href="mem.xsd#eu_BJ" xlink:label="loc_eu_BJ"/>
    <link:definitionArc xlink:type="arc" xlink:arcrole="http://xbrl.org/int/dim/arcrole/domain-member" xlink:from="loc_eu_GA" xlink:to="loc_eu_BJ" order="25"/>
    <link:loc xlink:type="locator" xlink:href="mem.xsd#eu_BM" xlink:label="loc_eu_BM"/>
    <link:definitionArc xlink:type="arc" xlink:arcrole="http://xbrl.org/int/dim/arcrole/domain-member" xlink:from="loc_eu_GA" xlink:to="loc_eu_BM" order="26"/>
    <link:loc xlink:type="locator" xlink:href="mem.xsd#eu_BT" xlink:label="loc_eu_BT"/>
    <link:definitionArc xlink:type="arc" xlink:arcrole="http://xbrl.org/int/dim/arcrole/domain-member" xlink:from="loc_eu_GA" xlink:to="loc_eu_BT" order="27"/>
    <link:loc xlink:type="locator" xlink:href="mem.xsd#eu_BO" xlink:label="loc_eu_BO"/>
    <link:definitionArc xlink:type="arc" xlink:arcrole="http://xbrl.org/int/dim/arcrole/domain-member" xlink:from="loc_eu_GA" xlink:to="loc_eu_BO" order="28"/>
    <link:loc xlink:type="locator" xlink:href="mem.xsd#eu_BQ" xlink:label="loc_eu_BQ"/>
    <link:definitionArc xlink:type="arc" xlink:arcrole="http://xbrl.org/int/dim/arcrole/domain-member" xlink:from="loc_eu_GA" xlink:to="loc_eu_BQ" order="29"/>
    <link:loc xlink:type="locator" xlink:href="mem.xsd#eu_BA" xlink:label="loc_eu_BA"/>
    <link:definitionArc xlink:type="arc" xlink:arcrole="http://xbrl.org/int/dim/arcrole/domain-member" xlink:from="loc_eu_GA" xlink:to="loc_eu_BA" order="30"/>
    <link:loc xlink:type="locator" xlink:href="mem.xsd#eu_BW" xlink:label="loc_eu_BW"/>
    <link:definitionArc xlink:type="arc" xlink:arcrole="http://xbrl.org/int/dim/arcrole/domain-member" xlink:from="loc_eu_GA" xlink:to="loc_eu_BW" order="31"/>
    <link:loc xlink:type="locator" xlink:href="mem.xsd#eu_BV" xlink:label="loc_eu_BV"/>
    <link:definitionArc xlink:type="arc" xlink:arcrole="http://xbrl.org/int/dim/arcrole/domain-member" xlink:from="loc_eu_GA" xlink:to="loc_eu_BV" order="32"/>
    <link:loc xlink:type="locator" xlink:href="mem.xsd#eu_BR" xlink:label="loc_eu_BR"/>
    <link:definitionArc xlink:type="arc" xlink:arcrole="http://xbrl.org/int/dim/arcrole/domain-member" xlink:from="loc_eu_GA" xlink:to="loc_eu_BR" order="33"/>
    <link:loc xlink:type="locator" xlink:href="mem.xsd#eu_IO" xlink:label="loc_eu_IO"/>
    <link:definitionArc xlink:type="arc" xlink:arcrole="http://xbrl.org/int/dim/arcrole/domain-member" xlink:from="loc_eu_GA" xlink:to="loc_eu_IO" order="34"/>
    <link:loc xlink:type="locator" xlink:href="mem.xsd#eu_BN" xlink:label="loc_eu_BN"/>
    <link:definitionArc xlink:type="arc" xlink:arcrole="http://xbrl.org/int/dim/arcrole/domain-member" xlink:from="loc_eu_GA" xlink:to="loc_eu_BN" order="35"/>
    <link:loc xlink:type="locator" xlink:href="mem.xsd#eu_BG" xlink:label="loc_eu_BG"/>
    <link:definitionArc xlink:type="arc" xlink:arcrole="http://xbrl.org/int/dim/arcrole/domain-member" xlink:from="loc_eu_GA" xlink:to="loc_eu_BG" order="36"/>
    <link:loc xlink:type="locator" xlink:href="mem.xsd#eu_BF" xlink:label="loc_eu_BF"/>
    <link:definitionArc xlink:type="arc" xlink:arcrole="http://xbrl.org/int/dim/arcrole/domain-member" xlink:from="loc_eu_GA" xlink:to="loc_eu_BF" order="37"/>
    <link:loc xlink:type="locator" xlink:href="mem.xsd#eu_BI" xlink:label="loc_eu_BI"/>
    <link:definitionArc xlink:type="arc" xlink:arcrole="http://xbrl.org/int/dim/arcrole/domain-member" xlink:from="loc_eu_GA" xlink:to="loc_eu_BI" order="38"/>
    <link:loc xlink:type="locator" xlink:href="mem.xsd#eu_KH" xlink:label="loc_eu_KH"/>
    <link:definitionArc xlink:type="arc" xlink:arcrole="http://xbrl.org/int/dim/arcrole/domain-member" xlink:from="loc_eu_GA" xlink:to="loc_eu_KH" order="39"/>
    <link:loc xlink:type="locator" xlink:href="mem.xsd#eu_CM" xlink:label="loc_eu_CM"/>
    <link:definitionArc xlink:type="arc" xlink:arcrole="http://xbrl.org/int/dim/arcrole/domain-member" xlink:from="loc_eu_GA" xlink:to="loc_eu_CM" order="40"/>
    <link:loc xlink:type="locator" xlink:href="mem.xsd#eu_CA" xlink:label="loc_eu_CA"/>
    <link:definitionArc xlink:type="arc" xlink:arcrole="http://xbrl.org/int/dim/arcrole/domain-member" xlink:from="loc_eu_GA" xlink:to="loc_eu_CA" order="41"/>
    <link:loc xlink:type="locator" xlink:href="mem.xsd#eu_CV" xlink:label="loc_eu_CV"/>
    <link:definitionArc xlink:type="arc" xlink:arcrole="http://xbrl.org/int/dim/arcrole/domain-member" xlink:from="loc_eu_GA" xlink:to="loc_eu_CV" order="42"/>
    <link:loc xlink:type="locator" xlink:href="mem.xsd#eu_KY" xlink:label="loc_eu_KY"/>
    <link:definitionArc xlink:type="arc" xlink:arcrole="http://xbrl.org/int/dim/arcrole/domain-member" xlink:from="loc_eu_GA" xlink:to="loc_eu_KY" order="43"/>
    <link:loc xlink:type="locator" xlink:href="mem.xsd#eu_CF" xlink:label="loc_eu_CF"/>
    <link:definitionArc xlink:type="arc" xlink:arcrole="http://xbrl.org/int/dim/arcrole/domain-member" xlink:from="loc_eu_GA" xlink:to="loc_eu_CF" order="44"/>
    <link:loc xlink:type="locator" xlink:href="mem.xsd#eu_TD" xlink:label="loc_eu_TD"/>
    <link:definitionArc xlink:type="arc" xlink:arcrole="http://xbrl.org/int/dim/arcrole/domain-member" xlink:from="loc_eu_GA" xlink:to="loc_eu_TD" order="45"/>
    <link:loc xlink:type="locator" xlink:href="mem.xsd#eu_CL" xlink:label="loc_eu_CL"/>
    <link:definitionArc xlink:type="arc" xlink:arcrole="http://xbrl.org/int/dim/arcrole/domain-member" xlink:from="loc_eu_GA" xlink:to="loc_eu_CL" order="46"/>
    <link:loc xlink:type="locator" xlink:href="mem.xsd#eu_CN" xlink:label="loc_eu_CN"/>
    <link:definitionArc xlink:type="arc" xlink:arcrole="http://xbrl.org/int/dim/arcrole/domain-member" xlink:from="loc_eu_GA" xlink:to="loc_eu_CN" order="47"/>
    <link:loc xlink:type="locator" xlink:href="mem.xsd#eu_CX" xlink:label="loc_eu_CX"/>
    <link:definitionArc xlink:type="arc" xlink:arcrole="http://xbrl.org/int/dim/arcrole/domain-member" xlink:from="loc_eu_GA" xlink:to="loc_eu_CX" order="48"/>
    <link:loc xlink:type="locator" xlink:href="mem.xsd#eu_CC" xlink:label="loc_eu_CC"/>
    <link:definitionArc xlink:type="arc" xlink:arcrole="http://xbrl.org/int/dim/arcrole/domain-member" xlink:from="loc_eu_GA" xlink:to="loc_eu_CC" order="49"/>
    <link:loc xlink:type="locator" xlink:href="mem.xsd#eu_CO" xlink:label="loc_eu_CO"/>
    <link:definitionArc xlink:type="arc" xlink:arcrole="http://xbrl.org/int/dim/arcrole/domain-member" xlink:from="loc_eu_GA" xlink:to="loc_eu_CO" order="50"/>
    <link:loc xlink:type="locator" xlink:href="mem.xsd#eu_KM" xlink:label="loc_eu_KM"/>
    <link:definitionArc xlink:type="arc" xlink:arcrole="http://xbrl.org/int/dim/arcrole/domain-member" xlink:from="loc_eu_GA" xlink:to="loc_eu_KM" order="51"/>
    <link:loc xlink:type="locator" xlink:href="mem.xsd#eu_CG" xlink:label="loc_eu_CG"/>
    <link:definitionArc xlink:type="arc" xlink:arcrole="http://xbrl.org/int/dim/arcrole/domain-member" xlink:from="loc_eu_GA" xlink:to="loc_eu_CG" order="52"/>
    <link:loc xlink:type="locator" xlink:href="mem.xsd#eu_CD" xlink:label="loc_eu_CD"/>
    <link:definitionArc xlink:type="arc" xlink:arcrole="http://xbrl.org/int/dim/arcrole/domain-member" xlink:from="loc_eu_GA" xlink:to="loc_eu_CD" order="53"/>
    <link:loc xlink:type="locator" xlink:href="mem.xsd#eu_CK" xlink:label="loc_eu_CK"/>
    <link:definitionArc xlink:type="arc" xlink:arcrole="http://xbrl.org/int/dim/arcrole/domain-member" xlink:from="loc_eu_GA" xlink:to="loc_eu_CK" order="54"/>
    <link:loc xlink:type="locator" xlink:href="mem.xsd#eu_CR" xlink:label="loc_eu_CR"/>
    <link:definitionArc xlink:type="arc" xlink:arcrole="http://xbrl.org/int/dim/arcrole/domain-member" xlink:from="loc_eu_GA" xlink:to="loc_eu_CR" order="55"/>
    <link:loc xlink:type="locator" xlink:href="mem.xsd#eu_CI" xlink:label="loc_eu_CI"/>
    <link:definitionArc xlink:type="arc" xlink:arcrole="http://xbrl.org/int/dim/arcrole/domain-member" xlink:from="loc_eu_GA" xlink:to="loc_eu_CI" order="56"/>
    <link:loc xlink:type="locator" xlink:href="mem.xsd#eu_HR" xlink:label="loc_eu_HR"/>
    <link:definitionArc xlink:type="arc" xlink:arcrole="http://xbrl.org/int/dim/arcrole/domain-member" xlink:from="loc_eu_GA" xlink:to="loc_eu_HR" order="57"/>
    <link:loc xlink:type="locator" xlink:href="mem.xsd#eu_CU" xlink:label="loc_eu_CU"/>
    <link:definitionArc xlink:type="arc" xlink:arcrole="http://xbrl.org/int/dim/arcrole/domain-member" xlink:from="loc_eu_GA" xlink:to="loc_eu_CU" order="58"/>
    <link:loc xlink:type="locator" xlink:href="mem.xsd#eu_CW" xlink:label="loc_eu_CW"/>
    <link:definitionArc xlink:type="arc" xlink:arcrole="http://xbrl.org/int/dim/arcrole/domain-member" xlink:from="loc_eu_GA" xlink:to="loc_eu_CW" order="59"/>
    <link:loc xlink:type="locator" xlink:href="mem.xsd#eu_CY" xlink:label="loc_eu_CY"/>
    <link:definitionArc xlink:type="arc" xlink:arcrole="http://xbrl.org/int/dim/arcrole/domain-member" xlink:from="loc_eu_GA" xlink:to="loc_eu_CY" order="60"/>
    <link:loc xlink:type="locator" xlink:href="mem.xsd#eu_CZ" xlink:label="loc_eu_CZ"/>
    <link:definitionArc xlink:type="arc" xlink:arcrole="http://xbrl.org/int/dim/arcrole/domain-member" xlink:from="loc_eu_GA" xlink:to="loc_eu_CZ" order="61"/>
    <link:loc xlink:type="locator" xlink:href="mem.xsd#eu_DK" xlink:label="loc_eu_DK"/>
    <link:definitionArc xlink:type="arc" xlink:arcrole="http://xbrl.org/int/dim/arcrole/domain-member" xlink:from="loc_eu_GA" xlink:to="loc_eu_DK" order="62"/>
    <link:loc xlink:type="locator" xlink:href="mem.xsd#eu_DJ" xlink:label="loc_eu_DJ"/>
    <link:definitionArc xlink:type="arc" xlink:arcrole="http://xbrl.org/int/dim/arcrole/domain-member" xlink:from="loc_eu_GA" xlink:to="loc_eu_DJ" order="63"/>
    <link:loc xlink:type="locator" xlink:href="mem.xsd#eu_DM" xlink:label="loc_eu_DM"/>
    <link:definitionArc xlink:type="arc" xlink:arcrole="http://xbrl.org/int/dim/arcrole/domain-member" xlink:from="loc_eu_GA" xlink:to="loc_eu_DM" order="64"/>
    <link:loc xlink:type="locator" xlink:href="mem.xsd#eu_DO" xlink:label="loc_eu_DO"/>
    <link:definitionArc xlink:type="arc" xlink:arcrole="http://xbrl.org/int/dim/arcrole/domain-member" xlink:from="loc_eu_GA" xlink:to="loc_eu_DO" order="65"/>
    <link:loc xlink:type="locator" xlink:href="mem.xsd#eu_EC" xlink:label="loc_eu_EC"/>
    <link:definitionArc xlink:type="arc" xlink:arcrole="http://xbrl.org/int/dim/arcrole/domain-member" xlink:from="loc_eu_GA" xlink:to="loc_eu_EC" order="66"/>
    <link:loc xlink:type="locator" xlink:href="mem.xsd#eu_EG" xlink:label="loc_eu_EG"/>
    <link:definitionArc xlink:type="arc" xlink:arcrole="http://xbrl.org/int/dim/arcrole/domain-member" xlink:from="loc_eu_GA" xlink:to="loc_eu_EG" order="67"/>
    <link:loc xlink:type="locator" xlink:href="mem.xsd#eu_SV" xlink:label="loc_eu_SV"/>
    <link:definitionArc xlink:type="arc" xlink:arcrole="http://xbrl.org/int/dim/arcrole/domain-member" xlink:from="loc_eu_GA" xlink:to="loc_eu_SV" order="68"/>
    <link:loc xlink:type="locator" xlink:href="mem.xsd#eu_GQ" xlink:label="loc_eu_GQ"/>
    <link:definitionArc xlink:type="arc" xlink:arcrole="http://xbrl.org/int/dim/arcrole/domain-member" xlink:from="loc_eu_GA" xlink:to="loc_eu_GQ" order="69"/>
    <link:loc xlink:type="locator" xlink:href="mem.xsd#eu_ER" xlink:label="loc_eu_ER"/>
    <link:definitionArc xlink:type="arc" xlink:arcrole="http://xbrl.org/int/dim/arcrole/domain-member" xlink:from="loc_eu_GA" xlink:to="loc_eu_ER" order="70"/>
    <link:loc xlink:type="locator" xlink:href="mem.xsd#eu_EE" xlink:label="loc_eu_EE"/>
    <link:definitionArc xlink:type="arc" xlink:arcrole="http://xbrl.org/int/dim/arcrole/domain-member" xlink:from="loc_eu_GA" xlink:to="loc_eu_EE" order="71"/>
    <link:loc xlink:type="locator" xlink:href="mem.xsd#eu_ET" xlink:label="loc_eu_ET"/>
    <link:definitionArc xlink:type="arc" xlink:arcrole="http://xbrl.org/int/dim/arcrole/domain-member" xlink:from="loc_eu_GA" xlink:to="loc_eu_ET" order="72"/>
    <link:loc xlink:type="locator" xlink:href="mem.xsd#eu_FK" xlink:label="loc_eu_FK"/>
    <link:definitionArc xlink:type="arc" xlink:arcrole="http://xbrl.org/int/dim/arcrole/domain-member" xlink:from="loc_eu_GA" xlink:to="loc_eu_FK" order="73"/>
    <link:loc xlink:type="locator" xlink:href="mem.xsd#eu_FO" xlink:label="loc_eu_FO"/>
    <link:definitionArc xlink:type="arc" xlink:arcrole="http://xbrl.org/int/dim/arcrole/domain-member" xlink:from="loc_eu_GA" xlink:to="loc_eu_FO" order="74"/>
    <link:loc xlink:type="locator" xlink:href="mem.xsd#eu_FJ" xlink:label="loc_eu_FJ"/>
    <link:definitionArc xlink:type="arc" xlink:arcrole="http://xbrl.org/int/dim/arcrole/domain-member" xlink:from="loc_eu_GA" xlink:to="loc_eu_FJ" order="75"/>
    <link:loc xlink:type="locator" xlink:href="mem.xsd#eu_FI" xlink:label="loc_eu_FI"/>
    <link:definitionArc xlink:type="arc" xlink:arcrole="http://xbrl.org/int/dim/arcrole/domain-member" xlink:from="loc_eu_GA" xlink:to="loc_eu_FI" order="76"/>
    <link:loc xlink:type="locator" xlink:href="mem.xsd#eu_FR" xlink:label="loc_eu_FR"/>
    <link:definitionArc xlink:type="arc" xlink:arcrole="http://xbrl.org/int/dim/arcrole/domain-member" xlink:from="loc_eu_GA" xlink:to="loc_eu_FR" order="77"/>
    <link:loc xlink:type="locator" xlink:href="mem.xsd#eu_GF" xlink:label="loc_eu_GF"/>
    <link:definitionArc xlink:type="arc" xlink:arcrole="http://xbrl.org/int/dim/arcrole/domain-member" xlink:from="loc_eu_GA" xlink:to="loc_eu_GF" order="78"/>
    <link:loc xlink:type="locator" xlink:href="mem.xsd#eu_PF" xlink:label="loc_eu_PF"/>
    <link:definitionArc xlink:type="arc" xlink:arcrole="http://xbrl.org/int/dim/arcrole/domain-member" xlink:from="loc_eu_GA" xlink:to="loc_eu_PF" order="79"/>
    <link:loc xlink:type="locator" xlink:href="mem.xsd#eu_TF" xlink:label="loc_eu_TF"/>
    <link:definitionArc xlink:type="arc" xlink:arcrole="http://xbrl.org/int/dim/arcrole/domain-member" xlink:from="loc_eu_GA" xlink:to="loc_eu_TF" order="80"/>
    <link:loc xlink:type="locator" xlink:href="mem.xsd#eu_GA" xlink:label="loc_eu_GA_1"/>
    <link:definitionArc xlink:type="arc" xlink:arcrole="http://xbrl.org/int/dim/arcrole/domain-member" xlink:from="loc_eu_GA" xlink:to="loc_eu_GA_1" order="81"/>
    <link:loc xlink:type="locator" xlink:href="mem.xsd#eu_GM" xlink:label="loc_eu_GM"/>
    <link:definitionArc xlink:type="arc" xlink:arcrole="http://xbrl.org/int/dim/arcrole/domain-member" xlink:from="loc_eu_GA" xlink:to="loc_eu_GM" order="82"/>
    <link:loc xlink:type="locator" xlink:href="mem.xsd#eu_GE" xlink:label="loc_eu_GE"/>
    <link:definitionArc xlink:type="arc" xlink:arcrole="http://xbrl.org/int/dim/arcrole/domain-member" xlink:from="loc_eu_GA" xlink:to="loc_eu_GE" order="83"/>
    <link:loc xlink:type="locator" xlink:href="mem.xsd#eu_DE" xlink:label="loc_eu_DE"/>
    <link:definitionArc xlink:type="arc" xlink:arcrole="http://xbrl.org/int/dim/arcrole/domain-member" xlink:from="loc_eu_GA" xlink:to="loc_eu_DE" order="84"/>
    <link:loc xlink:type="locator" xlink:href="mem.xsd#eu_GH" xlink:label="loc_eu_GH"/>
    <link:definitionArc xlink:type="arc" xlink:arcrole="http://xbrl.org/int/dim/arcrole/domain-member" xlink:from="loc_eu_GA" xlink:to="loc_eu_GH" order="85"/>
    <link:loc xlink:type="locator" xlink:href="mem.xsd#eu_GI" xlink:label="loc_eu_GI"/>
    <link:definitionArc xlink:type="arc" xlink:arcrole="http://xbrl.org/int/dim/arcrole/domain-member" xlink:from="loc_eu_GA" xlink:to="loc_eu_GI" order="86"/>
    <link:loc xlink:type="locator" xlink:href="mem.xsd#eu_GR" xlink:label="loc_eu_GR"/>
    <link:definitionArc xlink:type="arc" xlink:arcrole="http://xbrl.org/int/dim/arcrole/domain-member" xlink:from="loc_eu_GA" xlink:to="loc_eu_GR" order="87"/>
    <link:loc xlink:type="locator" xlink:href="mem.xsd#eu_GL" xlink:label="loc_eu_GL"/>
    <link:definitionArc xlink:type="arc" xlink:arcrole="http://xbrl.org/int/dim/arcrole/domain-member" xlink:from="loc_eu_GA" xlink:to="loc_eu_GL" order="88"/>
    <link:loc xlink:type="locator" xlink:href="mem.xsd#eu_GD" xlink:label="loc_eu_GD"/>
    <link:definitionArc xlink:type="arc" xlink:arcrole="http://xbrl.org/int/dim/arcrole/domain-member" xlink:from="loc_eu_GA" xlink:to="loc_eu_GD" order="89"/>
    <link:loc xlink:type="locator" xlink:href="mem.xsd#eu_GP" xlink:label="loc_eu_GP"/>
    <link:definitionArc xlink:type="arc" xlink:arcrole="http://xbrl.org/int/dim/arcrole/domain-member" xlink:from="loc_eu_GA" xlink:to="loc_eu_GP" order="90"/>
    <link:loc xlink:type="locator" xlink:href="mem.xsd#eu_GU" xlink:label="loc_eu_GU"/>
    <link:definitionArc xlink:type="arc" xlink:arcrole="http://xbrl.org/int/dim/arcrole/domain-member" xlink:from="loc_eu_GA" xlink:to="loc_eu_GU" order="91"/>
    <link:loc xlink:type="locator" xlink:href="mem.xsd#eu_GT" xlink:label="loc_eu_GT"/>
    <link:definitionArc xlink:type="arc" xlink:arcrole="http://xbrl.org/int/dim/arcrole/domain-member" xlink:from="loc_eu_GA" xlink:to="loc_eu_GT" order="92"/>
    <link:loc xlink:type="locator" xlink:href="mem.xsd#eu_GG" xlink:label="loc_eu_GG"/>
    <link:definitionArc xlink:type="arc" xlink:arcrole="http://xbrl.org/int/dim/arcrole/domain-member" xlink:from="loc_eu_GA" xlink:to="loc_eu_GG" order="93"/>
    <link:loc xlink:type="locator" xlink:href="mem.xsd#eu_GN" xlink:label="loc_eu_GN"/>
    <link:definitionArc xlink:type="arc" xlink:arcrole="http://xbrl.org/int/dim/arcrole/domain-member" xlink:from="loc_eu_GA" xlink:to="loc_eu_GN" order="94"/>
    <link:loc xlink:type="locator" xlink:href="mem.xsd#eu_GW" xlink:label="loc_eu_GW"/>
    <link:definitionArc xlink:type="arc" xlink:arcrole="http://xbrl.org/int/dim/arcrole/domain-member" xlink:from="loc_eu_GA" xlink:to="loc_eu_GW" order="95"/>
    <link:loc xlink:type="locator" xlink:href="mem.xsd#eu_GY" xlink:label="loc_eu_GY"/>
    <link:definitionArc xlink:type="arc" xlink:arcrole="http://xbrl.org/int/dim/arcrole/domain-member" xlink:from="loc_eu_GA" xlink:to="loc_eu_GY" order="96"/>
    <link:loc xlink:type="locator" xlink:href="mem.xsd#eu_HT" xlink:label="loc_eu_HT"/>
    <link:definitionArc xlink:type="arc" xlink:arcrole="http://xbrl.org/int/dim/arcrole/domain-member" xlink:from="loc_eu_GA" xlink:to="loc_eu_HT" order="97"/>
    <link:loc xlink:type="locator" xlink:href="mem.xsd#eu_HM" xlink:label="loc_eu_HM"/>
    <link:definitionArc xlink:type="arc" xlink:arcrole="http://xbrl.org/int/dim/arcrole/domain-member" xlink:from="loc_eu_GA" xlink:to="loc_eu_HM" order="98"/>
    <link:loc xlink:type="locator" xlink:href="mem.xsd#eu_VA" xlink:label="loc_eu_VA"/>
    <link:definitionArc xlink:type="arc" xlink:arcrole="http://xbrl.org/int/dim/arcrole/domain-member" xlink:from="loc_eu_GA" xlink:to="loc_eu_VA" order="99"/>
    <link:loc xlink:type="locator" xlink:href="mem.xsd#eu_HN" xlink:label="loc_eu_HN"/>
    <link:definitionArc xlink:type="arc" xlink:arcrole="http://xbrl.org/int/dim/arcrole/domain-member" xlink:from="loc_eu_GA" xlink:to="loc_eu_HN" order="100"/>
    <link:loc xlink:type="locator" xlink:href="mem.xsd#eu_HK" xlink:label="loc_eu_HK"/>
    <link:definitionArc xlink:type="arc" xlink:arcrole="http://xbrl.org/int/dim/arcrole/domain-member" xlink:from="loc_eu_GA" xlink:to="loc_eu_HK" order="101"/>
    <link:loc xlink:type="locator" xlink:href="mem.xsd#eu_HU" xlink:label="loc_eu_HU"/>
    <link:definitionArc xlink:type="arc" xlink:arcrole="http://xbrl.org/int/dim/arcrole/domain-member" xlink:from="loc_eu_GA" xlink:to="loc_eu_HU" order="102"/>
    <link:loc xlink:type="locator" xlink:href="mem.xsd#eu_IS" xlink:label="loc_eu_IS"/>
    <link:definitionArc xlink:type="arc" xlink:arcrole="http://xbrl.org/int/dim/arcrole/domain-member" xlink:from="loc_eu_GA" xlink:to="loc_eu_IS" order="103"/>
    <link:loc xlink:type="locator" xlink:href="mem.xsd#eu_IN" xlink:label="loc_eu_IN"/>
    <link:definitionArc xlink:type="arc" xlink:arcrole="http://xbrl.org/int/dim/arcrole/domain-member" xlink:from="loc_eu_GA" xlink:to="loc_eu_IN" order="104"/>
    <link:loc xlink:type="locator" xlink:href="mem.xsd#eu_ID" xlink:label="loc_eu_ID"/>
    <link:definitionArc xlink:type="arc" xlink:arcrole="http://xbrl.org/int/dim/arcrole/domain-member" xlink:from="loc_eu_GA" xlink:to="loc_eu_ID" order="105"/>
    <link:loc xlink:type="locator" xlink:href="mem.xsd#eu_IR" xlink:label="loc_eu_IR"/>
    <link:definitionArc xlink:type="arc" xlink:arcrole="http://xbrl.org/int/dim/arcrole/domain-member" xlink:from="loc_eu_GA" xlink:to="loc_eu_IR" order="106"/>
    <link:loc xlink:type="locator" xlink:href="mem.xsd#eu_IQ" xlink:label="loc_eu_IQ"/>
    <link:definitionArc xlink:type="arc" xlink:arcrole="http://xbrl.org/int/dim/arcrole/domain-member" xlink:from="loc_eu_GA" xlink:to="loc_eu_IQ" order="107"/>
    <link:loc xlink:type="locator" xlink:href="mem.xsd#eu_IE" xlink:label="loc_eu_IE"/>
    <link:definitionArc xlink:type="arc" xlink:arcrole="http://xbrl.org/int/dim/arcrole/domain-member" xlink:from="loc_eu_GA" xlink:to="loc_eu_IE" order="108"/>
    <link:loc xlink:type="locator" xlink:href="mem.xsd#eu_IM" xlink:label="loc_eu_IM"/>
    <link:definitionArc xlink:type="arc" xlink:arcrole="http://xbrl.org/int/dim/arcrole/domain-member" xlink:from="loc_eu_GA" xlink:to="loc_eu_IM" order="109"/>
    <link:loc xlink:type="locator" xlink:href="mem.xsd#eu_IL" xlink:label="loc_eu_IL"/>
    <link:definitionArc xlink:type="arc" xlink:arcrole="http://xbrl.org/int/dim/arcrole/domain-member" xlink:from="loc_eu_GA" xlink:to="loc_eu_IL" order="110"/>
    <link:loc xlink:type="locator" xlink:href="mem.xsd#eu_IT" xlink:label="loc_eu_IT"/>
    <link:definitionArc xlink:type="arc" xlink:arcrole="http://xbrl.org/int/dim/arcrole/domain-member" xlink:from="loc_eu_GA" xlink:to="loc_eu_IT" order="111"/>
    <link:loc xlink:type="locator" xlink:href="mem.xsd#eu_JM" xlink:label="loc_eu_JM"/>
    <link:definitionArc xlink:type="arc" xlink:arcrole="http://xbrl.org/int/dim/arcrole/domain-member" xlink:from="loc_eu_GA" xlink:to="loc_eu_JM" order="112"/>
    <link:loc xlink:type="locator" xlink:href="mem.xsd#eu_JP" xlink:label="loc_eu_JP"/>
    <link:definitionArc xlink:type="arc" xlink:arcrole="http://xbrl.org/int/dim/arcrole/domain-member" xlink:from="loc_eu_GA" xlink:to="loc_eu_JP" order="113"/>
    <link:loc xlink:type="locator" xlink:href="mem.xsd#eu_JE" xlink:label="loc_eu_JE"/>
    <link:definitionArc xlink:type="arc" xlink:arcrole="http://xbrl.org/int/dim/arcrole/domain-member" xlink:from="loc_eu_GA" xlink:to="loc_eu_JE" order="114"/>
    <link:loc xlink:type="locator" xlink:href="mem.xsd#eu_JO" xlink:label="loc_eu_JO"/>
    <link:definitionArc xlink:type="arc" xlink:arcrole="http://xbrl.org/int/dim/arcrole/domain-member" xlink:from="loc_eu_GA" xlink:to="loc_eu_JO" order="115"/>
    <link:loc xlink:type="locator" xlink:href="mem.xsd#eu_KZ" xlink:label="loc_eu_KZ"/>
    <link:definitionArc xlink:type="arc" xlink:arcrole="http://xbrl.org/int/dim/arcrole/domain-member" xlink:from="loc_eu_GA" xlink:to="loc_eu_KZ" order="116"/>
    <link:loc xlink:type="locator" xlink:href="mem.xsd#eu_KE" xlink:label="loc_eu_KE"/>
    <link:definitionArc xlink:type="arc" xlink:arcrole="http://xbrl.org/int/dim/arcrole/domain-member" xlink:from="loc_eu_GA" xlink:to="loc_eu_KE" order="117"/>
    <link:loc xlink:type="locator" xlink:href="mem.xsd#eu_KI" xlink:label="loc_eu_KI"/>
    <link:definitionArc xlink:type="arc" xlink:arcrole="http://xbrl.org/int/dim/arcrole/domain-member" xlink:from="loc_eu_GA" xlink:to="loc_eu_KI" order="118"/>
    <link:loc xlink:type="locator" xlink:href="mem.xsd#eu_KP" xlink:label="loc_eu_KP"/>
    <link:definitionArc xlink:type="arc" xlink:arcrole="http://xbrl.org/int/dim/arcrole/domain-member" xlink:from="loc_eu_GA" xlink:to="loc_eu_KP" order="119"/>
    <link:loc xlink:type="locator" xlink:href="mem.xsd#eu_KR" xlink:label="loc_eu_KR"/>
    <link:definitionArc xlink:type="arc" xlink:arcrole="http://xbrl.org/int/dim/arcrole/domain-member" xlink:from="loc_eu_GA" xlink:to="loc_eu_KR" order="120"/>
    <link:loc xlink:type="locator" xlink:href="mem.xsd#eu_KW" xlink:label="loc_eu_KW"/>
    <link:definitionArc xlink:type="arc" xlink:arcrole="http://xbrl.org/int/dim/arcrole/domain-member" xlink:from="loc_eu_GA" xlink:to="loc_eu_KW" order="121"/>
    <link:loc xlink:type="locator" xlink:href="mem.xsd#eu_KG" xlink:label="loc_eu_KG"/>
    <link:definitionArc xlink:type="arc" xlink:arcrole="http://xbrl.org/int/dim/arcrole/domain-member" xlink:from="loc_eu_GA" xlink:to="loc_eu_KG" order="122"/>
    <link:loc xlink:type="locator" xlink:href="mem.xsd#eu_LA" xlink:label="loc_eu_LA"/>
    <link:definitionArc xlink:type="arc" xlink:arcrole="http://xbrl.org/int/dim/arcrole/domain-member" xlink:from="loc_eu_GA" xlink:to="loc_eu_LA" order="123"/>
    <link:loc xlink:type="locator" xlink:href="mem.xsd#eu_LV" xlink:label="loc_eu_LV"/>
    <link:definitionArc xlink:type="arc" xlink:arcrole="http://xbrl.org/int/dim/arcrole/domain-member" xlink:from="loc_eu_GA" xlink:to="loc_eu_LV" order="124"/>
    <link:loc xlink:type="locator" xlink:href="mem.xsd#eu_LB" xlink:label="loc_eu_LB"/>
    <link:definitionArc xlink:type="arc" xlink:arcrole="http://xbrl.org/int/dim/arcrole/domain-member" xlink:from="loc_eu_GA" xlink:to="loc_eu_LB" order="125"/>
    <link:loc xlink:type="locator" xlink:href="mem.xsd#eu_LS" xlink:label="loc_eu_LS"/>
    <link:definitionArc xlink:type="arc" xlink:arcrole="http://xbrl.org/int/dim/arcrole/domain-member" xlink:from="loc_eu_GA" xlink:to="loc_eu_LS" order="126"/>
    <link:loc xlink:type="locator" xlink:href="mem.xsd#eu_LR" xlink:label="loc_eu_LR"/>
    <link:definitionArc xlink:type="arc" xlink:arcrole="http://xbrl.org/int/dim/arcrole/domain-member" xlink:from="loc_eu_GA" xlink:to="loc_eu_LR" order="127"/>
    <link:loc xlink:type="locator" xlink:href="mem.xsd#eu_LY" xlink:label="loc_eu_LY"/>
    <link:definitionArc xlink:type="arc" xlink:arcrole="http://xbrl.org/int/dim/arcrole/domain-member" xlink:from="loc_eu_GA" xlink:to="loc_eu_LY" order="128"/>
    <link:loc xlink:type="locator" xlink:href="mem.xsd#eu_LI" xlink:label="loc_eu_LI"/>
    <link:definitionArc xlink:type="arc" xlink:arcrole="http://xbrl.org/int/dim/arcrole/domain-member" xlink:from="loc_eu_GA" xlink:to="loc_eu_LI" order="129"/>
    <link:loc xlink:type="locator" xlink:href="mem.xsd#eu_LT" xlink:label="loc_eu_LT"/>
    <link:definitionArc xlink:type="arc" xlink:arcrole="http://xbrl.org/int/dim/arcrole/domain-member" xlink:from="loc_eu_GA" xlink:to="loc_eu_LT" order="130"/>
    <link:loc xlink:type="locator" xlink:href="mem.xsd#eu_LU" xlink:label="loc_eu_LU"/>
    <link:definitionArc xlink:type="arc" xlink:arcrole="http://xbrl.org/int/dim/arcrole/domain-member" xlink:from="loc_eu_GA" xlink:to="loc_eu_LU" order="131"/>
    <link:loc xlink:type="locator" xlink:href="mem.xsd#eu_MO" xlink:label="loc_eu_MO"/>
    <link:definitionArc xlink:type="arc" xlink:arcrole="http://xbrl.org/int/dim/arcrole/domain-member" xlink:from="loc_eu_GA" xlink:to="loc_eu_MO" order="132"/>
    <link:loc xlink:type="locator" xlink:href="mem.xsd#eu_MK" xlink:label="loc_eu_MK"/>
    <link:definitionArc xlink:type="arc" xlink:arcrole="http://xbrl.org/int/dim/arcrole/domain-member" xlink:from="loc_eu_GA" xlink:to="loc_eu_MK" order="133"/>
    <link:loc xlink:type="locator" xlink:href="mem.xsd#eu_MG" xlink:label="loc_eu_MG"/>
    <link:definitionArc xlink:type="arc" xlink:arcrole="http://xbrl.org/int/dim/arcrole/domain-member" xlink:from="loc_eu_GA" xlink:to="loc_eu_MG" order="134"/>
    <link:loc xlink:type="locator" xlink:href="mem.xsd#eu_MW" xlink:label="loc_eu_MW"/>
    <link:definitionArc xlink:type="arc" xlink:arcrole="http://xbrl.org/int/dim/arcrole/domain-member" xlink:from="loc_eu_GA" xlink:to="loc_eu_MW" order="135"/>
    <link:loc xlink:type="locator" xlink:href="mem.xsd#eu_MY" xlink:label="loc_eu_MY"/>
    <link:definitionArc xlink:type="arc" xlink:arcrole="http://xbrl.org/int/dim/arcrole/domain-member" xlink:from="loc_eu_GA" xlink:to="loc_eu_MY" order="136"/>
    <link:loc xlink:type="locator" xlink:href="mem.xsd#eu_MV" xlink:label="loc_eu_MV"/>
    <link:definitionArc xlink:type="arc" xlink:arcrole="http://xbrl.org/int/dim/arcrole/domain-member" xlink:from="loc_eu_GA" xlink:to="loc_eu_MV" order="137"/>
    <link:loc xlink:type="locator" xlink:href="mem.xsd#eu_ML" xlink:label="loc_eu_ML"/>
    <link:definitionArc xlink:type="arc" xlink:arcrole="http://xbrl.org/int/dim/arcrole/domain-member" xlink:from="loc_eu_GA" xlink:to="loc_eu_ML" order="138"/>
    <link:loc xlink:type="locator" xlink:href="mem.xsd#eu_MT" xlink:label="loc_eu_MT"/>
    <link:definitionArc xlink:type="arc" xlink:arcrole="http://xbrl.org/int/dim/arcrole/domain-member" xlink:from="loc_eu_GA" xlink:to="loc_eu_MT" order="139"/>
    <link:loc xlink:type="locator" xlink:href="mem.xsd#eu_MH" xlink:label="loc_eu_MH"/>
    <link:definitionArc xlink:type="arc" xlink:arcrole="http://xbrl.org/int/dim/arcrole/domain-member" xlink:from="loc_eu_GA" xlink:to="loc_eu_MH" order="140"/>
    <link:loc xlink:type="locator" xlink:href="mem.xsd#eu_MQ" xlink:label="loc_eu_MQ"/>
    <link:definitionArc xlink:type="arc" xlink:arcrole="http://xbrl.org/int/dim/arcrole/domain-member" xlink:from="loc_eu_GA" xlink:to="loc_eu_MQ" order="141"/>
    <link:loc xlink:type="locator" xlink:href="mem.xsd#eu_MR" xlink:label="loc_eu_MR"/>
    <link:definitionArc xlink:type="arc" xlink:arcrole="http://xbrl.org/int/dim/arcrole/domain-member" xlink:from="loc_eu_GA" xlink:to="loc_eu_MR" order="142"/>
    <link:loc xlink:type="locator" xlink:href="mem.xsd#eu_MU" xlink:label="loc_eu_MU"/>
    <link:definitionArc xlink:type="arc" xlink:arcrole="http://xbrl.org/int/dim/arcrole/domain-member" xlink:from="loc_eu_GA" xlink:to="loc_eu_MU" order="143"/>
    <link:loc xlink:type="locator" xlink:href="mem.xsd#eu_YT" xlink:label="loc_eu_YT"/>
    <link:definitionArc xlink:type="arc" xlink:arcrole="http://xbrl.org/int/dim/arcrole/domain-member" xlink:from="loc_eu_GA" xlink:to="loc_eu_YT" order="144"/>
    <link:loc xlink:type="locator" xlink:href="mem.xsd#eu_MX" xlink:label="loc_eu_MX"/>
    <link:definitionArc xlink:type="arc" xlink:arcrole="http://xbrl.org/int/dim/arcrole/domain-member" xlink:from="loc_eu_GA" xlink:to="loc_eu_MX" order="145"/>
    <link:loc xlink:type="locator" xlink:href="mem.xsd#eu_FM" xlink:label="loc_eu_FM"/>
    <link:definitionArc xlink:type="arc" xlink:arcrole="http://xbrl.org/int/dim/arcrole/domain-member" xlink:from="loc_eu_GA" xlink:to="loc_eu_FM" order="146"/>
    <link:loc xlink:type="locator" xlink:href="mem.xsd#eu_MD" xlink:label="loc_eu_MD"/>
    <link:definitionArc xlink:type="arc" xlink:arcrole="http://xbrl.org/int/dim/arcrole/domain-member" xlink:from="loc_eu_GA" xlink:to="loc_eu_MD" order="147"/>
    <link:loc xlink:type="locator" xlink:href="mem.xsd#eu_MC" xlink:label="loc_eu_MC"/>
    <link:definitionArc xlink:type="arc" xlink:arcrole="http://xbrl.org/int/dim/arcrole/domain-member" xlink:from="loc_eu_GA" xlink:to="loc_eu_MC" order="148"/>
    <link:loc xlink:type="locator" xlink:href="mem.xsd#eu_MN" xlink:label="loc_eu_MN"/>
    <link:definitionArc xlink:type="arc" xlink:arcrole="http://xbrl.org/int/dim/arcrole/domain-member" xlink:from="loc_eu_GA" xlink:to="loc_eu_MN" order="149"/>
    <link:loc xlink:type="locator" xlink:href="mem.xsd#eu_ME" xlink:label="loc_eu_ME"/>
    <link:definitionArc xlink:type="arc" xlink:arcrole="http://xbrl.org/int/dim/arcrole/domain-member" xlink:from="loc_eu_GA" xlink:to="loc_eu_ME" order="150"/>
    <link:loc xlink:type="locator" xlink:href="mem.xsd#eu_MS" xlink:label="loc_eu_MS"/>
    <link:definitionArc xlink:type="arc" xlink:arcrole="http://xbrl.org/int/dim/arcrole/domain-member" xlink:from="loc_eu_GA" xlink:to="loc_eu_MS" order="151"/>
    <link:loc xlink:type="locator" xlink:href="mem.xsd#eu_MA" xlink:label="loc_eu_MA"/>
    <link:definitionArc xlink:type="arc" xlink:arcrole="http://xbrl.org/int/dim/arcrole/domain-member" xlink:from="loc_eu_GA" xlink:to="loc_eu_MA" order="152"/>
    <link:loc xlink:type="locator" xlink:href="mem.xsd#eu_MZ" xlink:label="loc_eu_MZ"/>
    <link:definitionArc xlink:type="arc" xlink:arcrole="http://xbrl.org/int/dim/arcrole/domain-member" xlink:from="loc_eu_GA" xlink:to="loc_eu_MZ" order="153"/>
    <link:loc xlink:type="locator" xlink:href="mem.xsd#eu_MM" xlink:label="loc_eu_MM"/>
    <link:definitionArc xlink:type="arc" xlink:arcrole="http://xbrl.org/int/dim/arcrole/domain-member" xlink:from="loc_eu_GA" xlink:to="loc_eu_MM" order="154"/>
    <link:loc xlink:type="locator" xlink:href="mem.xsd#eu_NA" xlink:label="loc_eu_NA"/>
    <link:definitionArc xlink:type="arc" xlink:arcrole="http://xbrl.org/int/dim/arcrole/domain-member" xlink:from="loc_eu_GA" xlink:to="loc_eu_NA" order="155"/>
    <link:loc xlink:type="locator" xlink:href="mem.xsd#eu_NR" xlink:label="loc_eu_NR"/>
    <link:definitionArc xlink:type="arc" xlink:arcrole="http://xbrl.org/int/dim/arcrole/domain-member" xlink:from="loc_eu_GA" xlink:to="loc_eu_NR" order="156"/>
    <link:loc xlink:type="locator" xlink:href="mem.xsd#eu_NP" xlink:label="loc_eu_NP"/>
    <link:definitionArc xlink:type="arc" xlink:arcrole="http://xbrl.org/int/dim/arcrole/domain-member" xlink:from="loc_eu_GA" xlink:to="loc_eu_NP" order="157"/>
    <link:loc xlink:type="locator" xlink:href="mem.xsd#eu_NL" xlink:label="loc_eu_NL"/>
    <link:definitionArc xlink:type="arc" xlink:arcrole="http://xbrl.org/int/dim/arcrole/domain-member" xlink:from="loc_eu_GA" xlink:to="loc_eu_NL" order="158"/>
    <link:loc xlink:type="locator" xlink:href="mem.xsd#eu_NC" xlink:label="loc_eu_NC"/>
    <link:definitionArc xlink:type="arc" xlink:arcrole="http://xbrl.org/int/dim/arcrole/domain-member" xlink:from="loc_eu_GA" xlink:to="loc_eu_NC" order="159"/>
    <link:loc xlink:type="locator" xlink:href="mem.xsd#eu_NZ" xlink:label="loc_eu_NZ"/>
    <link:definitionArc xlink:type="arc" xlink:arcrole="http://xbrl.org/int/dim/arcrole/domain-member" xlink:from="loc_eu_GA" xlink:to="loc_eu_NZ" order="160"/>
    <link:loc xlink:type="locator" xlink:href="mem.xsd#eu_NI" xlink:label="loc_eu_NI"/>
    <link:definitionArc xlink:type="arc" xlink:arcrole="http://xbrl.org/int/dim/arcrole/domain-member" xlink:from="loc_eu_GA" xlink:to="loc_eu_NI" order="161"/>
    <link:loc xlink:type="locator" xlink:href="mem.xsd#eu_NE" xlink:label="loc_eu_NE"/>
    <link:definitionArc xlink:type="arc" xlink:arcrole="http://xbrl.org/int/dim/arcrole/domain-member" xlink:from="loc_eu_GA" xlink:to="loc_eu_NE" order="162"/>
    <link:loc xlink:type="locator" xlink:href="mem.xsd#eu_NG" xlink:label="loc_eu_NG"/>
    <link:definitionArc xlink:type="arc" xlink:arcrole="http://xbrl.org/int/dim/arcrole/domain-member" xlink:from="loc_eu_GA" xlink:to="loc_eu_NG" order="163"/>
    <link:loc xlink:type="locator" xlink:href="mem.xsd#eu_NU" xlink:label="loc_eu_NU"/>
    <link:definitionArc xlink:type="arc" xlink:arcrole="http://xbrl.org/int/dim/arcrole/domain-member" xlink:from="loc_eu_GA" xlink:to="loc_eu_NU" order="164"/>
    <link:loc xlink:type="locator" xlink:href="mem.xsd#eu_NF" xlink:label="loc_eu_NF"/>
    <link:definitionArc xlink:type="arc" xlink:arcrole="http://xbrl.org/int/dim/arcrole/domain-member" xlink:from="loc_eu_GA" xlink:to="loc_eu_NF" order="165"/>
    <link:loc xlink:type="locator" xlink:href="mem.xsd#eu_MP" xlink:label="loc_eu_MP"/>
    <link:definitionArc xlink:type="arc" xlink:arcrole="http://xbrl.org/int/dim/arcrole/domain-member" xlink:from="loc_eu_GA" xlink:to="loc_eu_MP" order="166"/>
    <link:loc xlink:type="locator" xlink:href="mem.xsd#eu_NO" xlink:label="loc_eu_NO"/>
    <link:definitionArc xlink:type="arc" xlink:arcrole="http://xbrl.org/int/dim/arcrole/domain-member" xlink:from="loc_eu_GA" xlink:to="loc_eu_NO" order="167"/>
    <link:loc xlink:type="locator" xlink:href="mem.xsd#eu_OM" xlink:label="loc_eu_OM"/>
    <link:definitionArc xlink:type="arc" xlink:arcrole="http://xbrl.org/int/dim/arcrole/domain-member" xlink:from="loc_eu_GA" xlink:to="loc_eu_OM" order="168"/>
    <link:loc xlink:type="locator" xlink:href="mem.xsd#eu_PK" xlink:label="loc_eu_PK"/>
    <link:definitionArc xlink:type="arc" xlink:arcrole="http://xbrl.org/int/dim/arcrole/domain-member" xlink:from="loc_eu_GA" xlink:to="loc_eu_PK" order="169"/>
    <link:loc xlink:type="locator" xlink:href="mem.xsd#eu_PW" xlink:label="loc_eu_PW"/>
    <link:definitionArc xlink:type="arc" xlink:arcrole="http://xbrl.org/int/dim/arcrole/domain-member" xlink:from="loc_eu_GA" xlink:to="loc_eu_PW" order="170"/>
    <link:loc xlink:type="locator" xlink:href="mem.xsd#eu_PS" xlink:label="loc_eu_PS"/>
    <link:definitionArc xlink:type="arc" xlink:arcrole="http://xbrl.org/int/dim/arcrole/domain-member" xlink:from="loc_eu_GA" xlink:to="loc_eu_PS" order="171"/>
    <link:loc xlink:type="locator" xlink:href="mem.xsd#eu_PA" xlink:label="loc_eu_PA"/>
    <link:definitionArc xlink:type="arc" xlink:arcrole="http://xbrl.org/int/dim/arcrole/domain-member" xlink:from="loc_eu_GA" xlink:to="loc_eu_PA" order="172"/>
    <link:loc xlink:type="locator" xlink:href="mem.xsd#eu_PG" xlink:label="loc_eu_PG"/>
    <link:definitionArc xlink:type="arc" xlink:arcrole="http://xbrl.org/int/dim/arcrole/domain-member" xlink:from="loc_eu_GA" xlink:to="loc_eu_PG" order="173"/>
    <link:loc xlink:type="locator" xlink:href="mem.xsd#eu_PY" xlink:label="loc_eu_PY"/>
    <link:definitionArc xlink:type="arc" xlink:arcrole="http://xbrl.org/int/dim/arcrole/domain-member" xlink:from="loc_eu_GA" xlink:to="loc_eu_PY" order="174"/>
    <link:loc xlink:type="locator" xlink:href="mem.xsd#eu_PE" xlink:label="loc_eu_PE"/>
    <link:definitionArc xlink:type="arc" xlink:arcrole="http://xbrl.org/int/dim/arcrole/domain-member" xlink:from="loc_eu_GA" xlink:to="loc_eu_PE" order="175"/>
    <link:loc xlink:type="locator" xlink:href="mem.xsd#eu_PH" xlink:label="loc_eu_PH"/>
    <link:definitionArc xlink:type="arc" xlink:arcrole="http://xbrl.org/int/dim/arcrole/domain-member" xlink:from="loc_eu_GA" xlink:to="loc_eu_PH" order="176"/>
    <link:loc xlink:type="locator" xlink:href="mem.xsd#eu_PN" xlink:label="loc_eu_PN"/>
    <link:definitionArc xlink:type="arc" xlink:arcrole="http://xbrl.org/int/dim/arcrole/domain-member" xlink:from="loc_eu_GA" xlink:to="loc_eu_PN" order="177"/>
    <link:loc xlink:type="locator" xlink:href="mem.xsd#eu_PL" xlink:label="loc_eu_PL"/>
    <link:definitionArc xlink:type="arc" xlink:arcrole="http://xbrl.org/int/dim/arcrole/domain-member" xlink:from="loc_eu_GA" xlink:to="loc_eu_PL" order="178"/>
    <link:loc xlink:type="locator" xlink:href="mem.xsd#eu_PT" xlink:label="loc_eu_PT"/>
    <link:definitionArc xlink:type="arc" xlink:arcrole="http://xbrl.org/int/dim/arcrole/domain-member" xlink:from="loc_eu_GA" xlink:to="loc_eu_PT" order="179"/>
    <link:loc xlink:type="locator" xlink:href="mem.xsd#eu_PR" xlink:label="loc_eu_PR"/>
    <link:definitionArc xlink:type="arc" xlink:arcrole="http://xbrl.org/int/dim/arcrole/domain-member" xlink:from="loc_eu_GA" xlink:to="loc_eu_PR" order="180"/>
    <link:loc xlink:type="locator" xlink:href="mem.xsd#eu_QA" xlink:label="loc_eu_QA"/>
    <link:definitionArc xlink:type="arc" xlink:arcrole="http://xbrl.org/int/dim/arcrole/domain-member" xlink:from="loc_eu_GA" xlink:to="loc_eu_QA" order="181"/>
    <link:loc xlink:type="locator" xlink:href="mem.xsd#eu_RE" xlink:label="loc_eu_RE"/>
    <link:definitionArc xlink:type="arc" xlink:arcrole="http://xbrl.org/int/dim/arcrole/domain-member" xlink:from="loc_eu_GA" xlink:to="loc_eu_RE" order="182"/>
    <link:loc xlink:type="locator" xlink:href="mem.xsd#eu_RO" xlink:label="loc_eu_RO"/>
    <link:definitionArc xlink:type="arc" xlink:arcrole="http://xbrl.org/int/dim/arcrole/domain-member" xlink:from="loc_eu_GA" xlink:to="loc_eu_RO" order="183"/>
    <link:loc xlink:type="locator" xlink:href="mem.xsd#eu_RU" xlink:label="loc_eu_RU"/>
    <link:definitionArc xlink:type="arc" xlink:arcrole="http://xbrl.org/int/dim/arcrole/domain-member" xlink:from="loc_eu_GA" xlink:to="loc_eu_RU" order="184"/>
    <link:loc xlink:type="locator" xlink:href="mem.xsd#eu_RW" xlink:label="loc_eu_RW"/>
    <link:definitionArc xlink:type="arc" xlink:arcrole="http://xbrl.org/int/dim/arcrole/domain-member" xlink:from="loc_eu_GA" xlink:to="loc_eu_RW" order="185"/>
    <link:loc xlink:type="locator" xlink:href="mem.xsd#eu_BL" xlink:label="loc_eu_BL"/>
    <link:definitionArc xlink:type="arc" xlink:arcrole="http://xbrl.org/int/dim/arcrole/domain-member" xlink:from="loc_eu_GA" xlink:to="loc_eu_BL" order="186"/>
    <link:loc xlink:type="locator" xlink:href="mem.xsd#eu_SH" xlink:label="loc_eu_SH"/>
    <link:definitionArc xlink:type="arc" xlink:arcrole="http://xbrl.org/int/dim/arcrole/domain-member" xlink:from="loc_eu_GA" xlink:to="loc_eu_SH" order="187"/>
    <link:loc xlink:type="locator" xlink:href="mem.xsd#eu_KN" xlink:label="loc_eu_KN"/>
    <link:definitionArc xlink:type="arc" xlink:arcrole="http://xbrl.org/int/dim/arcrole/domain-member" xlink:from="loc_eu_GA" xlink:to="loc_eu_KN" order="188"/>
    <link:loc xlink:type="locator" xlink:href="mem.xsd#eu_LC" xlink:label="loc_eu_LC"/>
    <link:definitionArc xlink:type="arc" xlink:arcrole="http://xbrl.org/int/dim/arcrole/domain-member" xlink:from="loc_eu_GA" xlink:to="loc_eu_LC" order="189"/>
    <link:loc xlink:type="locator" xlink:href="mem.xsd#eu_MF" xlink:label="loc_eu_MF"/>
    <link:definitionArc xlink:type="arc" xlink:arcrole="http://xbrl.org/int/dim/arcrole/domain-member" xlink:from="loc_eu_GA" xlink:to="loc_eu_MF" order="190"/>
    <link:loc xlink:type="locator" xlink:href="mem.xsd#eu_PM" xlink:label="loc_eu_PM"/>
    <link:definitionArc xlink:type="arc" xlink:arcrole="http://xbrl.org/int/dim/arcrole/domain-member" xlink:from="loc_eu_GA" xlink:to="loc_eu_PM" order="191"/>
    <link:loc xlink:type="locator" xlink:href="mem.xsd#eu_VC" xlink:label="loc_eu_VC"/>
    <link:definitionArc xlink:type="arc" xlink:arcrole="http://xbrl.org/int/dim/arcrole/domain-member" xlink:from="loc_eu_GA" xlink:to="loc_eu_VC" order="192"/>
    <link:loc xlink:type="locator" xlink:href="mem.xsd#eu_WS" xlink:label="loc_eu_WS"/>
    <link:definitionArc xlink:type="arc" xlink:arcrole="http://xbrl.org/int/dim/arcrole/domain-member" xlink:from="loc_eu_GA" xlink:to="loc_eu_WS" order="193"/>
    <link:loc xlink:type="locator" xlink:href="mem.xsd#eu_SM" xlink:label="loc_eu_SM"/>
    <link:definitionArc xlink:type="arc" xlink:arcrole="http://xbrl.org/int/dim/arcrole/domain-member" xlink:from="loc_eu_GA" xlink:to="loc_eu_SM" order="194"/>
    <link:loc xlink:type="locator" xlink:href="mem.xsd#eu_ST" xlink:label="loc_eu_ST"/>
    <link:definitionArc xlink:type="arc" xlink:arcrole="http://xbrl.org/int/dim/arcrole/domain-member" xlink:from="loc_eu_GA" xlink:to="loc_eu_ST" order="195"/>
    <link:loc xlink:type="locator" xlink:href="mem.xsd#eu_SA" xlink:label="loc_eu_SA"/>
    <link:definitionArc xlink:type="arc" xlink:arcrole="http://xbrl.org/int/dim/arcrole/domain-member" xlink:from="loc_eu_GA" xlink:to="loc_eu_SA" order="196"/>
    <link:loc xlink:type="locator" xlink:href="mem.xsd#eu_SN" xlink:label="loc_eu_SN"/>
    <link:definitionArc xlink:type="arc" xlink:arcrole="http://xbrl.org/int/dim/arcrole/domain-member" xlink:from="loc_eu_GA" xlink:to="loc_eu_SN" order="197"/>
    <link:loc xlink:type="locator" xlink:href="mem.xsd#eu_RS" xlink:label="loc_eu_RS"/>
    <link:definitionArc xlink:type="arc" xlink:arcrole="http://xbrl.org/int/dim/arcrole/domain-member" xlink:from="loc_eu_GA" xlink:to="loc_eu_RS" order="198"/>
    <link:loc xlink:type="locator" xlink:href="mem.xsd#eu_SC" xlink:label="loc_eu_SC"/>
    <link:definitionArc xlink:type="arc" xlink:arcrole="http://xbrl.org/int/dim/arcrole/domain-member" xlink:from="loc_eu_GA" xlink:to="loc_eu_SC" order="199"/>
    <link:loc xlink:type="locator" xlink:href="mem.xsd#eu_SL" xlink:label="loc_eu_SL"/>
    <link:definitionArc xlink:type="arc" xlink:arcrole="http://xbrl.org/int/dim/arcrole/domain-member" xlink:from="loc_eu_GA" xlink:to="loc_eu_SL" order="200"/>
    <link:loc xlink:type="locator" xlink:href="mem.xsd#eu_SG" xlink:label="loc_eu_SG"/>
    <link:definitionArc xlink:type="arc" xlink:arcrole="http://xbrl.org/int/dim/arcrole/domain-member" xlink:from="loc_eu_GA" xlink:to="loc_eu_SG" order="201"/>
    <link:loc xlink:type="locator" xlink:href="mem.xsd#eu_SX" xlink:label="loc_eu_SX"/>
    <link:definitionArc xlink:type="arc" xlink:arcrole="http://xbrl.org/int/dim/arcrole/domain-member" xlink:from="loc_eu_GA" xlink:to="loc_eu_SX" order="202"/>
    <link:loc xlink:type="locator" xlink:href="mem.xsd#eu_SK" xlink:label="loc_eu_SK"/>
    <link:definitionArc xlink:type="arc" xlink:arcrole="http://xbrl.org/int/dim/arcrole/domain-member" xlink:from="loc_eu_GA" xlink:to="loc_eu_SK" order="203"/>
    <link:loc xlink:type="locator" xlink:href="mem.xsd#eu_SI" xlink:label="loc_eu_SI"/>
    <link:definitionArc xlink:type="arc" xlink:arcrole="http://xbrl.org/int/dim/arcrole/domain-member" xlink:from="loc_eu_GA" xlink:to="loc_eu_SI" order="204"/>
    <link:loc xlink:type="locator" xlink:href="mem.xsd#eu_SB" xlink:label="loc_eu_SB"/>
    <link:definitionArc xlink:type="arc" xlink:arcrole="http://xbrl.org/int/dim/arcrole/domain-member" xlink:from="loc_eu_GA" xlink:to="loc_eu_SB" order="205"/>
    <link:loc xlink:type="locator" xlink:href="mem.xsd#eu_SO" xlink:label="loc_eu_SO"/>
    <link:definitionArc xlink:type="arc" xlink:arcrole="http://xbrl.org/int/dim/arcrole/domain-member" xlink:from="loc_eu_GA" xlink:to="loc_eu_SO" order="206"/>
    <link:loc xlink:type="locator" xlink:href="mem.xsd#eu_ZA" xlink:label="loc_eu_ZA"/>
    <link:definitionArc xlink:type="arc" xlink:arcrole="http://xbrl.org/int/dim/arcrole/domain-member" xlink:from="loc_eu_GA" xlink:to="loc_eu_ZA" order="207"/>
    <link:loc xlink:type="locator" xlink:href="mem.xsd#eu_GS" xlink:label="loc_eu_GS"/>
    <link:definitionArc xlink:type="arc" xlink:arcrole="http://xbrl.org/int/dim/arcrole/domain-member" xlink:from="loc_eu_GA" xlink:to="loc_eu_GS" order="208"/>
    <link:loc xlink:type="locator" xlink:href="mem.xsd#eu_ES" xlink:label="loc_eu_ES"/>
    <link:definitionArc xlink:type="arc" xlink:arcrole="http://xbrl.org/int/dim/arcrole/domain-member" xlink:from="loc_eu_GA" xlink:to="loc_eu_ES" order="209"/>
    <link:loc xlink:type="locator" xlink:href="mem.xsd#eu_LK" xlink:label="loc_eu_LK"/>
    <link:definitionArc xlink:type="arc" xlink:arcrole="http://xbrl.org/int/dim/arcrole/domain-member" xlink:from="loc_eu_GA" xlink:to="loc_eu_LK" order="210"/>
    <link:loc xlink:type="locator" xlink:href="mem.xsd#eu_SD" xlink:label="loc_eu_SD"/>
    <link:definitionArc xlink:type="arc" xlink:arcrole="http://xbrl.org/int/dim/arcrole/domain-member" xlink:from="loc_eu_GA" xlink:to="loc_eu_SD" order="211"/>
    <link:loc xlink:type="locator" xlink:href="mem.xsd#eu_SR" xlink:label="loc_eu_SR"/>
    <link:definitionArc xlink:type="arc" xlink:arcrole="http://xbrl.org/int/dim/arcrole/domain-member" xlink:from="loc_eu_GA" xlink:to="loc_eu_SR" order="212"/>
    <link:loc xlink:type="locator" xlink:href="mem.xsd#eu_SJ" xlink:label="loc_eu_SJ"/>
    <link:definitionArc xlink:type="arc" xlink:arcrole="http://xbrl.org/int/dim/arcrole/domain-member" xlink:from="loc_eu_GA" xlink:to="loc_eu_SJ" order="213"/>
    <link:loc xlink:type="locator" xlink:href="mem.xsd#eu_SZ" xlink:label="loc_eu_SZ"/>
    <link:definitionArc xlink:type="arc" xlink:arcrole="http://xbrl.org/int/dim/arcrole/domain-member" xlink:from="loc_eu_GA" xlink:to="loc_eu_SZ" order="214"/>
    <link:loc xlink:type="locator" xlink:href="mem.xsd#eu_SE" xlink:label="loc_eu_SE"/>
    <link:definitionArc xlink:type="arc" xlink:arcrole="http://xbrl.org/int/dim/arcrole/domain-member" xlink:from="loc_eu_GA" xlink:to="loc_eu_SE" order="215"/>
    <link:loc xlink:type="locator" xlink:href="mem.xsd#eu_CH" xlink:label="loc_eu_CH"/>
    <link:definitionArc xlink:type="arc" xlink:arcrole="http://xbrl.org/int/dim/arcrole/domain-member" xlink:from="loc_eu_GA" xlink:to="loc_eu_CH" order="216"/>
    <link:loc xlink:type="locator" xlink:href="mem.xsd#eu_SY" xlink:label="loc_eu_SY"/>
    <link:definitionArc xlink:type="arc" xlink:arcrole="http://xbrl.org/int/dim/arcrole/domain-member" xlink:from="loc_eu_GA" xlink:to="loc_eu_SY" order="217"/>
    <link:loc xlink:type="locator" xlink:href="mem.xsd#eu_TW" xlink:label="loc_eu_TW"/>
    <link:definitionArc xlink:type="arc" xlink:arcrole="http://xbrl.org/int/dim/arcrole/domain-member" xlink:from="loc_eu_GA" xlink:to="loc_eu_TW" order="218"/>
    <link:loc xlink:type="locator" xlink:href="mem.xsd#eu_TJ" xlink:label="loc_eu_TJ"/>
    <link:definitionArc xlink:type="arc" xlink:arcrole="http://xbrl.org/int/dim/arcrole/domain-member" xlink:from="loc_eu_GA" xlink:to="loc_eu_TJ" order="219"/>
    <link:loc xlink:type="locator" xlink:href="mem.xsd#eu_TZ" xlink:label="loc_eu_TZ"/>
    <link:definitionArc xlink:type="arc" xlink:arcrole="http://xbrl.org/int/dim/arcrole/domain-member" xlink:from="loc_eu_GA" xlink:to="loc_eu_TZ" order="220"/>
    <link:loc xlink:type="locator" xlink:href="mem.xsd#eu_TH" xlink:label="loc_eu_TH"/>
    <link:definitionArc xlink:type="arc" xlink:arcrole="http://xbrl.org/int/dim/arcrole/domain-member" xlink:from="loc_eu_GA" xlink:to="loc_eu_TH" order="221"/>
    <link:loc xlink:type="locator" xlink:href="mem.xsd#eu_TL" xlink:label="loc_eu_TL"/>
    <link:definitionArc xlink:type="arc" xlink:arcrole="http://xbrl.org/int/dim/arcrole/domain-member" xlink:from="loc_eu_GA" xlink:to="loc_eu_TL" order="222"/>
    <link:loc xlink:type="locator" xlink:href="mem.xsd#eu_TG" xlink:label="loc_eu_TG"/>
    <link:definitionArc xlink:type="arc" xlink:arcrole="http://xbrl.org/int/dim/arcrole/domain-member" xlink:from="loc_eu_GA" xlink:to="loc_eu_TG" order="223"/>
    <link:loc xlink:type="locator" xlink:href="mem.xsd#eu_TK" xlink:label="loc_eu_TK"/>
    <link:definitionArc xlink:type="arc" xlink:arcrole="http://xbrl.org/int/dim/arcrole/domain-member" xlink:from="loc_eu_GA" xlink:to="loc_eu_TK" order="224"/>
    <link:loc xlink:type="locator" xlink:href="mem.xsd#eu_TO" xlink:label="loc_eu_TO"/>
    <link:definitionArc xlink:type="arc" xlink:arcrole="http://xbrl.org/int/dim/arcrole/domain-member" xlink:from="loc_eu_GA" xlink:to="loc_eu_TO" order="225"/>
    <link:loc xlink:type="locator" xlink:href="mem.xsd#eu_TT" xlink:label="loc_eu_TT"/>
    <link:definitionArc xlink:type="arc" xlink:arcrole="http://xbrl.org/int/dim/arcrole/domain-member" xlink:from="loc_eu_GA" xlink:to="loc_eu_TT" order="226"/>
    <link:loc xlink:type="locator" xlink:href="mem.xsd#eu_TN" xlink:label="loc_eu_TN"/>
    <link:definitionArc xlink:type="arc" xlink:arcrole="http://xbrl.org/int/dim/arcrole/domain-member" xlink:from="loc_eu_GA" xlink:to="loc_eu_TN" order="227"/>
    <link:loc xlink:type="locator" xlink:href="mem.xsd#eu_TR" xlink:label="loc_eu_TR"/>
    <link:definitionArc xlink:type="arc" xlink:arcrole="http://xbrl.org/int/dim/arcrole/domain-member" xlink:from="loc_eu_GA" xlink:to="loc_eu_TR" order="228"/>
    <link:loc xlink:type="locator" xlink:href="mem.xsd#eu_TM" xlink:label="loc_eu_TM"/>
    <link:definitionArc xlink:type="arc" xlink:arcrole="http://xbrl.org/int/dim/arcrole/domain-member" xlink:from="loc_eu_GA" xlink:to="loc_eu_TM" order="229"/>
    <link:loc xlink:type="locator" xlink:href="mem.xsd#eu_TC" xlink:label="loc_eu_TC"/>
    <link:definitionArc xlink:type="arc" xlink:arcrole="http://xbrl.org/int/dim/arcrole/domain-member" xlink:from="loc_eu_GA" xlink:to="loc_eu_TC" order="230"/>
    <link:loc xlink:type="locator" xlink:href="mem.xsd#eu_TV" xlink:label="loc_eu_TV"/>
    <link:definitionArc xlink:type="arc" xlink:arcrole="http://xbrl.org/int/dim/arcrole/domain-member" xlink:from="loc_eu_GA" xlink:to="loc_eu_TV" order="231"/>
    <link:loc xlink:type="locator" xlink:href="mem.xsd#eu_UG" xlink:label="loc_eu_UG"/>
    <link:definitionArc xlink:type="arc" xlink:arcrole="http://xbrl.org/int/dim/arcrole/domain-member" xlink:from="loc_eu_GA" xlink:to="loc_eu_UG" order="232"/>
    <link:loc xlink:type="locator" xlink:href="mem.xsd#eu_UA" xlink:label="loc_eu_UA"/>
    <link:definitionArc xlink:type="arc" xlink:arcrole="http://xbrl.org/int/dim/arcrole/domain-member" xlink:from="loc_eu_GA" xlink:to="loc_eu_UA" order="233"/>
    <link:loc xlink:type="locator" xlink:href="mem.xsd#eu_AE" xlink:label="loc_eu_AE"/>
    <link:definitionArc xlink:type="arc" xlink:arcrole="http://xbrl.org/int/dim/arcrole/domain-member" xlink:from="loc_eu_GA" xlink:to="loc_eu_AE" order="234"/>
    <link:loc xlink:type="locator" xlink:href="mem.xsd#eu_GB" xlink:label="loc_eu_GB"/>
    <link:definitionArc xlink:type="arc" xlink:arcrole="http://xbrl.org/int/dim/arcrole/domain-member" xlink:from="loc_eu_GA" xlink:to="loc_eu_GB" order="235"/>
    <link:loc xlink:type="locator" xlink:href="mem.xsd#eu_US" xlink:label="loc_eu_US"/>
    <link:definitionArc xlink:type="arc" xlink:arcrole="http://xbrl.org/int/dim/arcrole/domain-member" xlink:from="loc_eu_GA" xlink:to="loc_eu_US" order="236"/>
    <link:loc xlink:type="locator" xlink:href="mem.xsd#eu_UM" xlink:label="loc_eu_UM"/>
    <link:definitionArc xlink:type="arc" xlink:arcrole="http://xbrl.org/int/dim/arcrole/domain-member" xlink:from="loc_eu_GA" xlink:to="loc_eu_UM" order="237"/>
    <link:loc xlink:type="locator" xlink:href="mem.xsd#eu_UY" xlink:label="loc_eu_UY"/>
    <link:definitionArc xlink:type="arc" xlink:arcrole="http://xbrl.org/int/dim/arcrole/domain-member" xlink:from="loc_eu_GA" xlink:to="loc_eu_UY" order="238"/>
    <link:loc xlink:type="locator" xlink:href="mem.xsd#eu_UZ" xlink:label="loc_eu_UZ"/>
    <link:definitionArc xlink:type="arc" xlink:arcrole="http://xbrl.org/int/dim/arcrole/domain-member" xlink:from="loc_eu_GA" xlink:to="loc_eu_UZ" order="239"/>
    <link:loc xlink:type="locator" xlink:href="mem.xsd#eu_VU" xlink:label="loc_eu_VU"/>
    <link:definitionArc xlink:type="arc" xlink:arcrole="http://xbrl.org/int/dim/arcrole/domain-member" xlink:from="loc_eu_GA" xlink:to="loc_eu_VU" order="240"/>
    <link:loc xlink:type="locator" xlink:href="mem.xsd#eu_VE" xlink:label="loc_eu_VE"/>
    <link:definitionArc xlink:type="arc" xlink:arcrole="http://xbrl.org/int/dim/arcrole/domain-member" xlink:from="loc_eu_GA" xlink:to="loc_eu_VE" order="241"/>
    <link:loc xlink:type="locator" xlink:href="mem.xsd#eu_VN" xlink:label="loc_eu_VN"/>
    <link:definitionArc xlink:type="arc" xlink:arcrole="http://xbrl.org/int/dim/arcrole/domain-member" xlink:from="loc_eu_GA" xlink:to="loc_eu_VN" order="242"/>
    <link:loc xlink:type="locator" xlink:href="mem.xsd#eu_VG" xlink:label="loc_eu_VG"/>
    <link:definitionArc xlink:type="arc" xlink:arcrole="http://xbrl.org/int/dim/arcrole/domain-member" xlink:from="loc_eu_GA" xlink:to="loc_eu_VG" order="243"/>
    <link:loc xlink:type="locator" xlink:href="mem.xsd#eu_VI" xlink:label="loc_eu_VI"/>
    <link:definitionArc xlink:type="arc" xlink:arcrole="http://xbrl.org/int/dim/arcrole/domain-member" xlink:from="loc_eu_GA" xlink:to="loc_eu_VI" order="244"/>
    <link:loc xlink:type="locator" xlink:href="mem.xsd#eu_WF" xlink:label="loc_eu_WF"/>
    <link:definitionArc xlink:type="arc" xlink:arcrole="http://xbrl.org/int/dim/arcrole/domain-member" xlink:from="loc_eu_GA" xlink:to="loc_eu_WF" order="245"/>
    <link:loc xlink:type="locator" xlink:href="mem.xsd#eu_EH" xlink:label="loc_eu_EH"/>
    <link:definitionArc xlink:type="arc" xlink:arcrole="http://xbrl.org/int/dim/arcrole/domain-member" xlink:from="loc_eu_GA" xlink:to="loc_eu_EH" order="246"/>
    <link:loc xlink:type="locator" xlink:href="mem.xsd#eu_YE" xlink:label="loc_eu_YE"/>
    <link:definitionArc xlink:type="arc" xlink:arcrole="http://xbrl.org/int/dim/arcrole/domain-member" xlink:from="loc_eu_GA" xlink:to="loc_eu_YE" order="247"/>
    <link:loc xlink:type="locator" xlink:href="mem.xsd#eu_ZM" xlink:label="loc_eu_ZM"/>
    <link:definitionArc xlink:type="arc" xlink:arcrole="http://xbrl.org/int/dim/arcrole/domain-member" xlink:from="loc_eu_GA" xlink:to="loc_eu_ZM" order="248"/>
    <link:loc xlink:type="locator" xlink:href="mem.xsd#eu_ZW" xlink:label="loc_eu_ZW"/>
    <link:definitionArc xlink:type="arc" xlink:arcrole="http://xbrl.org/int/dim/arcrole/domain-member" xlink:from="loc_eu_GA" xlink:to="loc_eu_ZW" order="249"/>
   
    <link:loc xlink:type="locator" xlink:href="mem.xsd#eu_SS" xlink:label="loc_eu_SS"/>
    <link:definitionArc xlink:type="arc" xlink:arcrole="http://xbrl.org/int/dim/arcrole/domain-member" xlink:from="loc_eu_GA" xlink:to="loc_eu_SS" order="250"/>
  </link:definitionLink>
</link:linkbase>