﻿<?xml version="1.0" encoding="utf-8"?>
<!--© DNB-->
<link:linkbase xmlns:xsi="http://www.w3.org/2001/XMLSchema-instance" xmlns:xlink="http://www.w3.org/1999/xlink" xmlns:link="http://www.xbrl.org/2003/linkbase" xmlns:gen="http://xbrl.org/2008/generic" xmlns:label="http://xbrl.org/2008/label" xsi:schemaLocation="http://www.xbrl.org/2003/linkbase http://www.xbrl.org/2003/xbrl-linkbase-2003-12-31.xsd http://xbrl.org/2008/generic http://www.xbrl.org/2008/generic-link.xsd http://xbrl.org/2008/label http://www.xbrl.org/2008/generic-label.xsd">
  <link:arcroleRef arcroleURI="http://xbrl.org/arcrole/2008/element-label" xlink:type="simple" xlink:href="http://www.xbrl.org/2008/generic-label.xsd#element-label" />
  <link:roleRef roleURI="http://www.eurofiling.info/xbrl/role/filing-indicator-code" xlink:type="simple" xlink:href="http://www.eurofiling.info/eu/fr/xbrl/ext/model.xsd#filing-indicator-code" />
  <link:roleRef roleURI="http://www.eurofiling.info/xbrl/role/rc-code" xlink:type="simple" xlink:href="http://www.eurofiling.info/eu/fr/xbrl/ext/model.xsd#rc-code" />
  <gen:link xlink:type="extended" xlink:role="http://www.xbrl.org/2003/role/link">
    <link:loc xlink:type="locator" xlink:href="j309-2-rend.xml#dnb_tJ309-2" xlink:label="loc_dnb_tJ309-2" />
    <label:label xlink:type="resource" xlink:label="label_dnb_tJ309-2" xml:lang="en" xlink:role="http://www.eurofiling.info/xbrl/role/rc-code">J309-2</label:label>
    <gen:arc xlink:type="arc" xlink:arcrole="http://xbrl.org/arcrole/2008/element-label" xlink:from="loc_dnb_tJ309-2" xlink:to="label_dnb_tJ309-2" />
    <link:loc xlink:type="locator" xlink:href="j309-2-rend.xml#dnb_c1" xlink:label="loc_dnb_c1" />
    <label:label xlink:type="resource" xlink:label="label_dnb_c1" xml:lang="en" xlink:role="http://www.eurofiling.info/xbrl/role/rc-code">010</label:label>
    <gen:arc xlink:type="arc" xlink:arcrole="http://xbrl.org/arcrole/2008/element-label" xlink:from="loc_dnb_c1" xlink:to="label_dnb_c1" />
    <link:loc xlink:type="locator" xlink:href="j309-2-rend.xml#dnb_c3" xlink:label="loc_dnb_c3" />
    <label:label xlink:type="resource" xlink:label="label_dnb_c3" xml:lang="en" xlink:role="http://www.eurofiling.info/xbrl/role/rc-code">010</label:label>
    <gen:arc xlink:type="arc" xlink:arcrole="http://xbrl.org/arcrole/2008/element-label" xlink:from="loc_dnb_c3" xlink:to="label_dnb_c3" />
    <link:loc xlink:type="locator" xlink:href="j309-2-rend.xml#dnb_c4" xlink:label="loc_dnb_c4" />
    <label:label xlink:type="resource" xlink:label="label_dnb_c4" xml:lang="en" xlink:role="http://www.eurofiling.info/xbrl/role/rc-code">020</label:label>
    <gen:arc xlink:type="arc" xlink:arcrole="http://xbrl.org/arcrole/2008/element-label" xlink:from="loc_dnb_c4" xlink:to="label_dnb_c4" />
    <link:loc xlink:type="locator" xlink:href="j309-2-rend.xml#dnb_c7" xlink:label="loc_dnb_c7" />
    <label:label xlink:type="resource" xlink:label="label_dnb_c7" xml:lang="en" xlink:role="http://www.eurofiling.info/xbrl/role/rc-code">030</label:label>
    <gen:arc xlink:type="arc" xlink:arcrole="http://xbrl.org/arcrole/2008/element-label" xlink:from="loc_dnb_c7" xlink:to="label_dnb_c7" />
    <link:loc xlink:type="locator" xlink:href="j309-2-rend.xml#dnb_c8" xlink:label="loc_dnb_c8" />
    <label:label xlink:type="resource" xlink:label="label_dnb_c8" xml:lang="en" xlink:role="http://www.eurofiling.info/xbrl/role/rc-code">040</label:label>
    <gen:arc xlink:type="arc" xlink:arcrole="http://xbrl.org/arcrole/2008/element-label" xlink:from="loc_dnb_c8" xlink:to="label_dnb_c8" />
    <link:loc xlink:type="locator" xlink:href="j309-2-rend.xml#dnb_c9" xlink:label="loc_dnb_c9" />
    <label:label xlink:type="resource" xlink:label="label_dnb_c9" xml:lang="en" xlink:role="http://www.eurofiling.info/xbrl/role/rc-code">050</label:label>
    <gen:arc xlink:type="arc" xlink:arcrole="http://xbrl.org/arcrole/2008/element-label" xlink:from="loc_dnb_c9" xlink:to="label_dnb_c9" />
    <link:loc xlink:type="locator" xlink:href="j309-2-rend.xml#dnb_c10" xlink:label="loc_dnb_c10" />
    <label:label xlink:type="resource" xlink:label="label_dnb_c10" xml:lang="en" xlink:role="http://www.eurofiling.info/xbrl/role/rc-code">060</label:label>
    <gen:arc xlink:type="arc" xlink:arcrole="http://xbrl.org/arcrole/2008/element-label" xlink:from="loc_dnb_c10" xlink:to="label_dnb_c10" />
    <label:label xlink:type="resource" xlink:label="label_dnb_tJ309-2_1" xml:lang="en" xlink:role="http://www.eurofiling.info/xbrl/role/filing-indicator-code">TG-JS6</label:label>
    <gen:arc xlink:type="arc" xlink:arcrole="http://xbrl.org/arcrole/2008/element-label" xlink:from="loc_dnb_tJ309-2" xlink:to="label_dnb_tJ309-2_1" />
  </gen:link>
</link:linkbase>