<ns0:linkbase xmlns:ns0="http://www.xbrl.org/2003/linkbase" xmlns:ns2="http://www.w3.org/1999/xlink" xmlns:ns3="http://xbrl.org/2005/xbrldt" xmlns:xsi="http://www.w3.org/2001/XMLSchema-instance" xsi:schemaLocation="http://www.xbrl.org/2003/linkbase http://www.xbrl.org/2003/xbrl-linkbase-2003-12-31.xsd">
    <ns0:arcroleRef arcroleURI="http://xbrl.org/int/dim/arcrole/dimension-domain" ns2:href="http://www.xbrl.org/2005/xbrldt-2005.xsd#dimension-domain" ns2:type="simple" />
    <ns0:arcroleRef arcroleURI="http://xbrl.org/int/dim/arcrole/dimension-default" ns2:href="http://www.xbrl.org/2005/xbrldt-2005.xsd#dimension-default" ns2:type="simple" />
    <ns0:arcroleRef arcroleURI="http://xbrl.org/int/dim/arcrole/hypercube-dimension" ns2:href="http://www.xbrl.org/2005/xbrldt-2005.xsd#hypercube-dimension" ns2:type="simple" />
    <ns0:roleRef roleURI="http://ferc.gov/form/2020-01-01/roles/Schedule/F1/ScheduleElectricPlantHeldForFutureUse" ns2:href="form-1-sched-ElectricPlantHeldForFutureUse_2020-01-01.xsd#roleType_ScheduleElectricPlantHeldForFutureUse" ns2:type="simple" />
    <ns0:arcroleRef arcroleURI="http://xbrl.org/int/dim/arcrole/all" ns2:href="http://www.xbrl.org/2005/xbrldt-2005.xsd#all" ns2:type="simple" />
    <ns0:arcroleRef arcroleURI="http://xbrl.org/int/dim/arcrole/domain-member" ns2:href="http://www.xbrl.org/2005/xbrldt-2005.xsd#domain-member" ns2:type="simple" />
    <ns0:definitionLink ns2:role="http://ferc.gov/form/2020-01-01/roles/Schedule/F1/ScheduleElectricPlantHeldForFutureUse" ns2:type="extended">
        <ns0:loc ns2:href="../../ferc-core_2020-01-01.xsd#ferc_ScheduleElectricPlantHeldForFutureUseAbstract" ns2:label="ferc_ScheduleElectricPlantHeldForFutureUseAbstract" ns2:type="locator" />
        <ns0:loc ns2:href="../../ferc-core_2020-01-01.xsd#ferc_ElectricPlantHeldForFutureUseLineItems" ns2:label="ferc_ElectricPlantHeldForFutureUseLineItems" ns2:type="locator" />
        <ns0:definitionArc order="1" ns2:arcrole="http://xbrl.org/int/dim/arcrole/domain-member" ns2:from="ferc_ScheduleElectricPlantHeldForFutureUseAbstract" ns2:to="ferc_ElectricPlantHeldForFutureUseLineItems" ns2:type="arc" />
        <ns0:loc ns2:href="../../ferc-core_2020-01-01.xsd#ferc_ElectricPlantHeldForFutureUseTable" ns2:label="ferc_ElectricPlantHeldForFutureUseTable" ns2:type="locator" />
        <ns0:definitionArc order="1" ns2:arcrole="http://xbrl.org/int/dim/arcrole/all" ns2:from="ferc_ElectricPlantHeldForFutureUseLineItems" ns2:to="ferc_ElectricPlantHeldForFutureUseTable" ns2:type="arc" ns3:closed="true" ns3:contextElement="segment" />
        <ns0:loc ns2:href="../../ferc-core_2020-01-01.xsd#ferc_ElectricPlantHeldForFutureUseAxis" ns2:label="ferc_ElectricPlantHeldForFutureUseAxis" ns2:type="locator" />
        <ns0:definitionArc order="1" ns2:arcrole="http://xbrl.org/int/dim/arcrole/hypercube-dimension" ns2:from="ferc_ElectricPlantHeldForFutureUseTable" ns2:to="ferc_ElectricPlantHeldForFutureUseAxis" ns2:type="arc" />
        <ns0:loc ns2:href="../../ferc-core_2020-01-01.xsd#ferc_ElectricPlantHeldForFutureUsePropertyTypeAxis" ns2:label="ferc_ElectricPlantHeldForFutureUsePropertyTypeAxis" ns2:type="locator" />
        <ns0:definitionArc order="2" ns2:arcrole="http://xbrl.org/int/dim/arcrole/hypercube-dimension" ns2:from="ferc_ElectricPlantHeldForFutureUseTable" ns2:to="ferc_ElectricPlantHeldForFutureUsePropertyTypeAxis" ns2:type="arc" />
        <ns0:loc ns2:href="../../ferc-core_2020-01-01.xsd#ferc_ElectricPlantHeldForFutureUsePropertyTypeDomain" ns2:label="ferc_ElectricPlantHeldForFutureUsePropertyTypeDomain" ns2:type="locator" />
        <ns0:definitionArc order="1" ns2:arcrole="http://xbrl.org/int/dim/arcrole/dimension-domain" ns2:from="ferc_ElectricPlantHeldForFutureUsePropertyTypeAxis" ns2:to="ferc_ElectricPlantHeldForFutureUsePropertyTypeDomain" ns2:type="arc" />
        <ns0:loc ns2:href="../../ferc-core_2020-01-01.xsd#ferc_LandAndRightsMember" ns2:label="ferc_LandAndRightsMember" ns2:type="locator" />
        <ns0:definitionArc order="1" ns2:arcrole="http://xbrl.org/int/dim/arcrole/domain-member" ns2:from="ferc_ElectricPlantHeldForFutureUsePropertyTypeDomain" ns2:to="ferc_LandAndRightsMember" ns2:type="arc" />
        <ns0:loc ns2:href="../../ferc-core_2020-01-01.xsd#ferc_OtherPropertyMember" ns2:label="ferc_OtherPropertyMember" ns2:type="locator" />
        <ns0:definitionArc order="2" ns2:arcrole="http://xbrl.org/int/dim/arcrole/domain-member" ns2:from="ferc_ElectricPlantHeldForFutureUsePropertyTypeDomain" ns2:to="ferc_OtherPropertyMember" ns2:type="arc" />
        <ns0:loc ns2:href="../../ferc-core_2020-01-01.xsd#ferc_OrderNumber" ns2:label="ferc_OrderNumber" ns2:type="locator" />
        <ns0:definitionArc order="2" ns2:arcrole="http://xbrl.org/int/dim/arcrole/domain-member" ns2:from="ferc_ElectricPlantHeldForFutureUseLineItems" ns2:to="ferc_OrderNumber" ns2:type="arc" />
        <ns0:loc ns2:href="../../ferc-core_2020-01-01.xsd#ferc_ElectricPlantHeldForFutureUseDescription" ns2:label="ferc_ElectricPlantHeldForFutureUseDescription" ns2:type="locator" />
        <ns0:definitionArc order="3" ns2:arcrole="http://xbrl.org/int/dim/arcrole/domain-member" ns2:from="ferc_ElectricPlantHeldForFutureUseLineItems" ns2:to="ferc_ElectricPlantHeldForFutureUseDescription" ns2:type="arc" />
        <ns0:loc ns2:href="../../ferc-core_2020-01-01.xsd#ferc_ElectricPlantPropertyClassifiedAsHeldForFutureUseOriginalDate" ns2:label="ferc_ElectricPlantPropertyClassifiedAsHeldForFutureUseOriginalDate" ns2:type="locator" />
        <ns0:definitionArc order="4" ns2:arcrole="http://xbrl.org/int/dim/arcrole/domain-member" ns2:from="ferc_ElectricPlantHeldForFutureUseLineItems" ns2:to="ferc_ElectricPlantPropertyClassifiedAsHeldForFutureUseOriginalDate" ns2:type="arc" />
        <ns0:loc ns2:href="../../ferc-core_2020-01-01.xsd#ferc_ElectricPlantPropertyClassifiedAsHeldForFutureUseExpectedUseInServiceDate" ns2:label="ferc_ElectricPlantPropertyClassifiedAsHeldForFutureUseExpectedUseInServiceDate" ns2:type="locator" />
        <ns0:definitionArc order="5" ns2:arcrole="http://xbrl.org/int/dim/arcrole/domain-member" ns2:from="ferc_ElectricPlantHeldForFutureUseLineItems" ns2:to="ferc_ElectricPlantPropertyClassifiedAsHeldForFutureUseExpectedUseInServiceDate" ns2:type="arc" />
        <ns0:loc ns2:href="../../ferc-core_2020-01-01.xsd#ferc_ElectricPlantHeldForFutureUse" ns2:label="ferc_ElectricPlantHeldForFutureUse" ns2:type="locator" />
        <ns0:definitionArc order="6" ns2:arcrole="http://xbrl.org/int/dim/arcrole/domain-member" ns2:from="ferc_ElectricPlantHeldForFutureUseLineItems" ns2:to="ferc_ElectricPlantHeldForFutureUse" ns2:type="arc" />
    </ns0:definitionLink>
    <ns0:definitionLink ns2:role="http://ferc.gov/form/2020-01-01/roles/Schedule/F1/ScheduleElectricPlantHeldForFutureUse" ns2:type="extended">
        <ns0:loc ns2:href="../../ferc-core_2020-01-01.xsd#ferc_ElectricPlantHeldForFutureUsePropertyTypeAxis" ns2:label="ferc_ElectricPlantHeldForFutureUsePropertyTypeAxis" ns2:type="locator" />
        <ns0:loc ns2:href="../../ferc-core_2020-01-01.xsd#ferc_ElectricPlantHeldForFutureUsePropertyTypeDomain" ns2:label="ferc_ElectricPlantHeldForFutureUsePropertyTypeDomain" ns2:type="locator" />
        <ns0:definitionArc order="1" ns2:arcrole="http://xbrl.org/int/dim/arcrole/dimension-default" ns2:from="ferc_ElectricPlantHeldForFutureUsePropertyTypeAxis" ns2:to="ferc_ElectricPlantHeldForFutureUsePropertyTypeDomain" ns2:type="arc" />
    </ns0:definitionLink>
</ns0:linkbase>