﻿<?xml version="1.0" encoding="utf-8"?>
<!--© DNB-->
<link:linkbase xmlns:xsi="http://www.w3.org/2001/XMLSchema-instance" xmlns:xlink="http://www.w3.org/1999/xlink" xmlns:link="http://www.xbrl.org/2003/linkbase" xmlns:gen="http://xbrl.org/2008/generic" xmlns:label="http://xbrl.org/2008/label" xsi:schemaLocation="http://www.xbrl.org/2003/linkbase http://www.xbrl.org/2003/xbrl-linkbase-2003-12-31.xsd http://xbrl.org/2008/generic http://www.xbrl.org/2008/generic-link.xsd http://xbrl.org/2008/label http://www.xbrl.org/2008/generic-label.xsd">
  <link:arcroleRef arcroleURI="http://www.eurofiling.info/xbrl/arcrole/group-table" xlink:type="simple" xlink:href="http://www.eurofiling.info/eu/fr/xbrl/ext/model.xsd#group-table" />
  <gen:link xlink:type="extended" xlink:role="http://www.xbrl.org/2003/role/link">
    <link:loc xlink:type="locator" xlink:href="ppi-j.xsd#dnb_PPI-J" xlink:label="loc_dnb_PPI-J" />
    <link:loc xlink:type="locator" xlink:href="../tab/tab.xsd#dnb_tgTG0" xlink:label="loc_dnb_tgTG0" />
    <gen:arc xlink:type="arc" xlink:arcrole="http://www.eurofiling.info/xbrl/arcrole/group-table" xlink:from="loc_dnb_PPI-J" xlink:to="loc_dnb_tgTG0" order="1" />
    <link:loc xlink:type="locator" xlink:href="../tab/t0/t0-rend.xml#dnb_tT0" xlink:label="loc_dnb_tT0" />
    <gen:arc xlink:type="arc" xlink:arcrole="http://www.eurofiling.info/xbrl/arcrole/group-table" xlink:from="loc_dnb_tgTG0" xlink:to="loc_dnb_tT0" order="1" />
    <link:loc xlink:type="locator" xlink:href="../tab/tab.xsd#dnb_tgTG1" xlink:label="loc_dnb_tgTG1" />
    <gen:arc xlink:type="arc" xlink:arcrole="http://www.eurofiling.info/xbrl/arcrole/group-table" xlink:from="loc_dnb_PPI-J" xlink:to="loc_dnb_tgTG1" order="2" />
    <link:loc xlink:type="locator" xlink:href="../tab/t1/t1-rend.xml#dnb_tT1" xlink:label="loc_dnb_tT1" />
    <gen:arc xlink:type="arc" xlink:arcrole="http://www.eurofiling.info/xbrl/arcrole/group-table" xlink:from="loc_dnb_tgTG1" xlink:to="loc_dnb_tT1" order="1" />
    <link:loc xlink:type="locator" xlink:href="../tab/tab.xsd#dnb_tgTG2" xlink:label="loc_dnb_tgTG2" />
    <gen:arc xlink:type="arc" xlink:arcrole="http://www.eurofiling.info/xbrl/arcrole/group-table" xlink:from="loc_dnb_PPI-J" xlink:to="loc_dnb_tgTG2" order="3" />
    <link:loc xlink:type="locator" xlink:href="../tab/t2/t2-rend.xml#dnb_tT2" xlink:label="loc_dnb_tT2" />
    <gen:arc xlink:type="arc" xlink:arcrole="http://www.eurofiling.info/xbrl/arcrole/group-table" xlink:from="loc_dnb_tgTG2" xlink:to="loc_dnb_tT2" order="1" />
    <link:loc xlink:type="locator" xlink:href="../tab/tab.xsd#dnb_tgTG3" xlink:label="loc_dnb_tgTG3" />
    <gen:arc xlink:type="arc" xlink:arcrole="http://www.eurofiling.info/xbrl/arcrole/group-table" xlink:from="loc_dnb_PPI-J" xlink:to="loc_dnb_tgTG3" order="4" />
    <link:loc xlink:type="locator" xlink:href="../tab/t3/t3-rend.xml#dnb_tT3" xlink:label="loc_dnb_tT3" />
    <gen:arc xlink:type="arc" xlink:arcrole="http://www.eurofiling.info/xbrl/arcrole/group-table" xlink:from="loc_dnb_tgTG3" xlink:to="loc_dnb_tT3" order="1" />
    <link:loc xlink:type="locator" xlink:href="../tab/tab.xsd#dnb_tgTG4" xlink:label="loc_dnb_tgTG4" />
    <gen:arc xlink:type="arc" xlink:arcrole="http://www.eurofiling.info/xbrl/arcrole/group-table" xlink:from="loc_dnb_PPI-J" xlink:to="loc_dnb_tgTG4" order="5" />
    <link:loc xlink:type="locator" xlink:href="../tab/t4/t4-rend.xml#dnb_tT4" xlink:label="loc_dnb_tT4" />
    <gen:arc xlink:type="arc" xlink:arcrole="http://www.eurofiling.info/xbrl/arcrole/group-table" xlink:from="loc_dnb_tgTG4" xlink:to="loc_dnb_tT4" order="1" />
    <link:loc xlink:type="locator" xlink:href="../tab/tab.xsd#dnb_tgTG5" xlink:label="loc_dnb_tgTG5" />
    <gen:arc xlink:type="arc" xlink:arcrole="http://www.eurofiling.info/xbrl/arcrole/group-table" xlink:from="loc_dnb_PPI-J" xlink:to="loc_dnb_tgTG5" order="6" />
    <link:loc xlink:type="locator" xlink:href="../tab/t5/t5-rend.xml#dnb_tT5" xlink:label="loc_dnb_tT5" />
    <gen:arc xlink:type="arc" xlink:arcrole="http://www.eurofiling.info/xbrl/arcrole/group-table" xlink:from="loc_dnb_tgTG5" xlink:to="loc_dnb_tT5" order="1" />
    <link:loc xlink:type="locator" xlink:href="../tab/tab.xsd#dnb_tgTG6" xlink:label="loc_dnb_tgTG6" />
    <gen:arc xlink:type="arc" xlink:arcrole="http://www.eurofiling.info/xbrl/arcrole/group-table" xlink:from="loc_dnb_PPI-J" xlink:to="loc_dnb_tgTG6" order="7" />
    <link:loc xlink:type="locator" xlink:href="../tab/t6/t6-rend.xml#dnb_tT6" xlink:label="loc_dnb_tT6" />
    <gen:arc xlink:type="arc" xlink:arcrole="http://www.eurofiling.info/xbrl/arcrole/group-table" xlink:from="loc_dnb_tgTG6" xlink:to="loc_dnb_tT6" order="1" />
    <link:loc xlink:type="locator" xlink:href="../tab/t6-1/t6-1-rend.xml#dnb_tT6-1" xlink:label="loc_dnb_tT6-1" />
    <gen:arc xlink:type="arc" xlink:arcrole="http://www.eurofiling.info/xbrl/arcrole/group-table" xlink:from="loc_dnb_tgTG6" xlink:to="loc_dnb_tT6-1" order="2" />
    <link:loc xlink:type="locator" xlink:href="../tab/tab.xsd#dnb_tgTG7" xlink:label="loc_dnb_tgTG7" />
    <gen:arc xlink:type="arc" xlink:arcrole="http://www.eurofiling.info/xbrl/arcrole/group-table" xlink:from="loc_dnb_PPI-J" xlink:to="loc_dnb_tgTG7" order="8" />
    <link:loc xlink:type="locator" xlink:href="../tab/t7/t7-rend.xml#dnb_tT7" xlink:label="loc_dnb_tT7" />
    <gen:arc xlink:type="arc" xlink:arcrole="http://www.eurofiling.info/xbrl/arcrole/group-table" xlink:from="loc_dnb_tgTG7" xlink:to="loc_dnb_tT7" order="1" />
    <link:loc xlink:type="locator" xlink:href="../tab/tab.xsd#dnb_tgTG13" xlink:label="loc_dnb_tgTG13" />
    <gen:arc xlink:type="arc" xlink:arcrole="http://www.eurofiling.info/xbrl/arcrole/group-table" xlink:from="loc_dnb_PPI-J" xlink:to="loc_dnb_tgTG13" order="9" />
    <link:loc xlink:type="locator" xlink:href="../tab/t13/t13-rend.xml#dnb_tT13" xlink:label="loc_dnb_tT13" />
    <gen:arc xlink:type="arc" xlink:arcrole="http://www.eurofiling.info/xbrl/arcrole/group-table" xlink:from="loc_dnb_tgTG13" xlink:to="loc_dnb_tT13" order="1" />
    <link:loc xlink:type="locator" xlink:href="../tab/tab.xsd#dnb_tgTG15" xlink:label="loc_dnb_tgTG15" />
    <gen:arc xlink:type="arc" xlink:arcrole="http://www.eurofiling.info/xbrl/arcrole/group-table" xlink:from="loc_dnb_PPI-J" xlink:to="loc_dnb_tgTG15" order="10" />
    <link:loc xlink:type="locator" xlink:href="../tab/t15-1/t15-1-rend.xml#dnb_tT15-1" xlink:label="loc_dnb_tT15-1" />
    <gen:arc xlink:type="arc" xlink:arcrole="http://www.eurofiling.info/xbrl/arcrole/group-table" xlink:from="loc_dnb_tgTG15" xlink:to="loc_dnb_tT15-1" order="1" />
    <link:loc xlink:type="locator" xlink:href="../tab/t15-2/t15-2-rend.xml#dnb_tT15-2" xlink:label="loc_dnb_tT15-2" />
    <gen:arc xlink:type="arc" xlink:arcrole="http://www.eurofiling.info/xbrl/arcrole/group-table" xlink:from="loc_dnb_tgTG15" xlink:to="loc_dnb_tT15-2" order="2" />
    <link:loc xlink:type="locator" xlink:href="../tab/tab.xsd#dnb_tgTG16" xlink:label="loc_dnb_tgTG16" />
    <gen:arc xlink:type="arc" xlink:arcrole="http://www.eurofiling.info/xbrl/arcrole/group-table" xlink:from="loc_dnb_PPI-J" xlink:to="loc_dnb_tgTG16" order="11" />
    <link:loc xlink:type="locator" xlink:href="../tab/t16-1/t16-1-rend.xml#dnb_tT16-1" xlink:label="loc_dnb_tT16-1" />
    <gen:arc xlink:type="arc" xlink:arcrole="http://www.eurofiling.info/xbrl/arcrole/group-table" xlink:from="loc_dnb_tgTG16" xlink:to="loc_dnb_tT16-1" order="1" />
    <link:loc xlink:type="locator" xlink:href="../tab/t16-2/t16-2-rend.xml#dnb_tT16-2" xlink:label="loc_dnb_tT16-2" />
    <gen:arc xlink:type="arc" xlink:arcrole="http://www.eurofiling.info/xbrl/arcrole/group-table" xlink:from="loc_dnb_tgTG16" xlink:to="loc_dnb_tT16-2" order="2" />
    <link:loc xlink:type="locator" xlink:href="../tab/tab.xsd#dnb_tgTG17" xlink:label="loc_dnb_tgTG17" />
    <gen:arc xlink:type="arc" xlink:arcrole="http://www.eurofiling.info/xbrl/arcrole/group-table" xlink:from="loc_dnb_PPI-J" xlink:to="loc_dnb_tgTG17" order="12" />
    <link:loc xlink:type="locator" xlink:href="../tab/t17/t17-rend.xml#dnb_tT17" xlink:label="loc_dnb_tT17" />
    <gen:arc xlink:type="arc" xlink:arcrole="http://www.eurofiling.info/xbrl/arcrole/group-table" xlink:from="loc_dnb_tgTG17" xlink:to="loc_dnb_tT17" order="1" />
    <link:loc xlink:type="locator" xlink:href="../tab/tab.xsd#dnb_tgTG18" xlink:label="loc_dnb_tgTG18" />
    <gen:arc xlink:type="arc" xlink:arcrole="http://www.eurofiling.info/xbrl/arcrole/group-table" xlink:from="loc_dnb_PPI-J" xlink:to="loc_dnb_tgTG18" order="13" />
    <link:loc xlink:type="locator" xlink:href="../tab/t18/t18-rend.xml#dnb_tT18" xlink:label="loc_dnb_tT18" />
    <gen:arc xlink:type="arc" xlink:arcrole="http://www.eurofiling.info/xbrl/arcrole/group-table" xlink:from="loc_dnb_tgTG18" xlink:to="loc_dnb_tT18" order="1" />
    <link:loc xlink:type="locator" xlink:href="../tab/tab.xsd#dnb_tgTG19" xlink:label="loc_dnb_tgTG19" />
    <gen:arc xlink:type="arc" xlink:arcrole="http://www.eurofiling.info/xbrl/arcrole/group-table" xlink:from="loc_dnb_PPI-J" xlink:to="loc_dnb_tgTG19" order="14" />
    <link:loc xlink:type="locator" xlink:href="../tab/t19/t19-rend.xml#dnb_tT19" xlink:label="loc_dnb_tT19" />
    <gen:arc xlink:type="arc" xlink:arcrole="http://www.eurofiling.info/xbrl/arcrole/group-table" xlink:from="loc_dnb_tgTG19" xlink:to="loc_dnb_tT19" order="1" />
    <link:loc xlink:type="locator" xlink:href="../tab/tab.xsd#dnb_tgTG20" xlink:label="loc_dnb_tgTG20" />
    <gen:arc xlink:type="arc" xlink:arcrole="http://www.eurofiling.info/xbrl/arcrole/group-table" xlink:from="loc_dnb_PPI-J" xlink:to="loc_dnb_tgTG20" order="15" />
    <link:loc xlink:type="locator" xlink:href="../tab/t20/t20-rend.xml#dnb_tT20" xlink:label="loc_dnb_tT20" />
    <gen:arc xlink:type="arc" xlink:arcrole="http://www.eurofiling.info/xbrl/arcrole/group-table" xlink:from="loc_dnb_tgTG20" xlink:to="loc_dnb_tT20" order="1" />
    <link:loc xlink:type="locator" xlink:href="../tab/tab.xsd#dnb_tgTG21" xlink:label="loc_dnb_tgTG21" />
    <gen:arc xlink:type="arc" xlink:arcrole="http://www.eurofiling.info/xbrl/arcrole/group-table" xlink:from="loc_dnb_PPI-J" xlink:to="loc_dnb_tgTG21" order="16" />
    <link:loc xlink:type="locator" xlink:href="../tab/t21/t21-rend.xml#dnb_tT21" xlink:label="loc_dnb_tT21" />
    <gen:arc xlink:type="arc" xlink:arcrole="http://www.eurofiling.info/xbrl/arcrole/group-table" xlink:from="loc_dnb_tgTG21" xlink:to="loc_dnb_tT21" order="1" />
    <link:loc xlink:type="locator" xlink:href="../tab/tab.xsd#dnb_tgTG22" xlink:label="loc_dnb_tgTG22" />
    <gen:arc xlink:type="arc" xlink:arcrole="http://www.eurofiling.info/xbrl/arcrole/group-table" xlink:from="loc_dnb_PPI-J" xlink:to="loc_dnb_tgTG22" order="17" />
    <link:loc xlink:type="locator" xlink:href="../tab/t22/t22-rend.xml#dnb_tT22" xlink:label="loc_dnb_tT22" />
    <gen:arc xlink:type="arc" xlink:arcrole="http://www.eurofiling.info/xbrl/arcrole/group-table" xlink:from="loc_dnb_tgTG22" xlink:to="loc_dnb_tT22" order="1" />
    <link:loc xlink:type="locator" xlink:href="../tab/tab.xsd#dnb_tgTG23" xlink:label="loc_dnb_tgTG23" />
    <gen:arc xlink:type="arc" xlink:arcrole="http://www.eurofiling.info/xbrl/arcrole/group-table" xlink:from="loc_dnb_PPI-J" xlink:to="loc_dnb_tgTG23" order="18" />
    <link:loc xlink:type="locator" xlink:href="../tab/t23/t23-rend.xml#dnb_tT23" xlink:label="loc_dnb_tT23" />
    <gen:arc xlink:type="arc" xlink:arcrole="http://www.eurofiling.info/xbrl/arcrole/group-table" xlink:from="loc_dnb_tgTG23" xlink:to="loc_dnb_tT23" order="1" />
  </gen:link>
</link:linkbase>