<ns0:linkbase xmlns:ns0="http://www.xbrl.org/2003/linkbase" xmlns:ns2="http://www.w3.org/1999/xlink" xmlns:xsi="http://www.w3.org/2001/XMLSchema-instance" xsi:schemaLocation="http://www.xbrl.org/2003/linkbase http://www.xbrl.org/2003/xbrl-linkbase-2003-12-31.xsd">
    <ns0:roleRef roleURI="http://ferc.gov/form/2020-01-01/roles/Schedule/F1/RegulatoryCommissionExpensesCurrentTotal" ns2:href="form-1-sched-RegulatoryCommissionExpenses_2020-01-01.xsd#roleType_RegulatoryCommissionExpensesCurrentTotal" ns2:type="simple" />
    <ns0:roleRef roleURI="http://ferc.gov/form/2020-01-01/roles/label/F1Total" ns2:href="../../ferc-core-lab-roles_2020-01-01.xsd#F1Total" ns2:type="simple" />
    <ns0:roleRef roleURI="http://ferc.gov/form/2020-01-01/roles/Schedule/F1/RegulatoryCommissionExpensesCurrent" ns2:href="form-1-sched-RegulatoryCommissionExpenses_2020-01-01.xsd#roleType_RegulatoryCommissionExpensesCurrent" ns2:type="simple" />
    <ns0:roleRef roleURI="http://ferc.gov/form/2020-01-01/roles/label/F1RegulatoryCommissionExpenses" ns2:href="../../ferc-core-lab-roles_2020-01-01.xsd#F1RegulatoryCommissionExpenses" ns2:type="simple" />
    <ns0:presentationLink ns2:role="http://ferc.gov/form/2020-01-01/roles/Schedule/F1/RegulatoryCommissionExpensesCurrent" ns2:type="extended">
        <ns0:loc ns2:href="../../ferc-core_2020-01-01.xsd#ferc_ScheduleRegulatoryCommissionExpensesAbstract" ns2:label="ferc_ScheduleRegulatoryCommissionExpensesAbstract" ns2:type="locator" />
        <ns0:loc ns2:href="../../ferc-core_2020-01-01.xsd#ferc_RegulatoryCommissionExpensesTable" ns2:label="ferc_RegulatoryCommissionExpensesTable" ns2:type="locator" />
        <ns0:presentationArc order="1" ns2:arcrole="http://www.xbrl.org/2003/arcrole/parent-child" ns2:from="ferc_ScheduleRegulatoryCommissionExpensesAbstract" ns2:to="ferc_RegulatoryCommissionExpensesTable" ns2:type="arc" />
        <ns0:loc ns2:href="../../ferc-core_2020-01-01.xsd#ferc_RegulatoryCommissionExpensesAxis" ns2:label="ferc_RegulatoryCommissionExpensesAxis" ns2:type="locator" />
        <ns0:presentationArc order="1" ns2:arcrole="http://www.xbrl.org/2003/arcrole/parent-child" ns2:from="ferc_RegulatoryCommissionExpensesTable" ns2:to="ferc_RegulatoryCommissionExpensesAxis" ns2:type="arc" />
        <ns0:loc ns2:href="../../ferc-core_2020-01-01.xsd#ferc_RegulatoryCommissionExpensesLineItems" ns2:label="ferc_RegulatoryCommissionExpensesLineItems" ns2:type="locator" />
        <ns0:presentationArc order="2" ns2:arcrole="http://www.xbrl.org/2003/arcrole/parent-child" ns2:from="ferc_RegulatoryCommissionExpensesTable" ns2:to="ferc_RegulatoryCommissionExpensesLineItems" ns2:type="arc" />
        <ns0:loc ns2:href="../../ferc-core_2020-01-01.xsd#ferc_OrderNumber" ns2:label="ferc_OrderNumber" ns2:type="locator" />
        <ns0:presentationArc order="1" ns2:arcrole="http://www.xbrl.org/2003/arcrole/parent-child" ns2:from="ferc_RegulatoryCommissionExpensesLineItems" ns2:to="ferc_OrderNumber" ns2:type="arc" />
        <ns0:loc ns2:href="../../ferc-core_2020-01-01.xsd#ferc_RegulatoryCommissionDescription" ns2:label="ferc_RegulatoryCommissionDescription" ns2:type="locator" />
        <ns0:presentationArc order="2" preferredLabel="http://ferc.gov/form/2020-01-01/roles/label/F1RegulatoryCommissionExpenses" ns2:arcrole="http://www.xbrl.org/2003/arcrole/parent-child" ns2:from="ferc_RegulatoryCommissionExpensesLineItems" ns2:to="ferc_RegulatoryCommissionDescription" ns2:type="arc" />
        <ns0:loc ns2:href="../../ferc-core_2020-01-01.xsd#ferc_RegulatoryExpensesAssessedByRegulatoryCommission" ns2:label="ferc_RegulatoryExpensesAssessedByRegulatoryCommission" ns2:type="locator" />
        <ns0:presentationArc order="3" preferredLabel="http://ferc.gov/form/2020-01-01/roles/label/F1RegulatoryCommissionExpenses" ns2:arcrole="http://www.xbrl.org/2003/arcrole/parent-child" ns2:from="ferc_RegulatoryCommissionExpensesLineItems" ns2:to="ferc_RegulatoryExpensesAssessedByRegulatoryCommission" ns2:type="arc" />
        <ns0:loc ns2:href="../../ferc-core_2020-01-01.xsd#ferc_RegulatoryExpensesOfUtility" ns2:label="ferc_RegulatoryExpensesOfUtility" ns2:type="locator" />
        <ns0:presentationArc order="4" preferredLabel="http://ferc.gov/form/2020-01-01/roles/label/F1RegulatoryCommissionExpenses" ns2:arcrole="http://www.xbrl.org/2003/arcrole/parent-child" ns2:from="ferc_RegulatoryCommissionExpensesLineItems" ns2:to="ferc_RegulatoryExpensesOfUtility" ns2:type="arc" />
        <ns0:loc ns2:href="../../ferc-core_2020-01-01.xsd#ferc_RegulatoryCommissionExpensesAmount" ns2:label="ferc_RegulatoryCommissionExpensesAmount" ns2:type="locator" />
        <ns0:presentationArc order="5" preferredLabel="http://ferc.gov/form/2020-01-01/roles/label/F1RegulatoryCommissionExpenses" ns2:arcrole="http://www.xbrl.org/2003/arcrole/parent-child" ns2:from="ferc_RegulatoryCommissionExpensesLineItems" ns2:to="ferc_RegulatoryCommissionExpensesAmount" ns2:type="arc" />
        <ns0:loc ns2:href="../../ferc-core_2020-01-01.xsd#ferc_OtherRegulatoryAssetsRegulatoryCommissionExpenses" ns2:label="ferc_OtherRegulatoryAssetsRegulatoryCommissionExpenses" ns2:type="locator" />
        <ns0:presentationArc order="6" preferredLabel="http://ferc.gov/form/2020-01-01/roles/label/F1RegulatoryCommissionExpenses" ns2:arcrole="http://www.xbrl.org/2003/arcrole/parent-child" ns2:from="ferc_RegulatoryCommissionExpensesLineItems" ns2:to="ferc_OtherRegulatoryAssetsRegulatoryCommissionExpenses" ns2:type="arc" />
        <ns0:loc ns2:href="../../ferc-core_2020-01-01.xsd#ferc_NameOfDepartmentRegulatoryCommissionExpensesCharged" ns2:label="ferc_NameOfDepartmentRegulatoryCommissionExpensesCharged" ns2:type="locator" />
        <ns0:presentationArc order="7" preferredLabel="http://ferc.gov/form/2020-01-01/roles/label/F1RegulatoryCommissionExpenses" ns2:arcrole="http://www.xbrl.org/2003/arcrole/parent-child" ns2:from="ferc_RegulatoryCommissionExpensesLineItems" ns2:to="ferc_NameOfDepartmentRegulatoryCommissionExpensesCharged" ns2:type="arc" />
        <ns0:loc ns2:href="../../ferc-core_2020-01-01.xsd#ferc_AccountNumberRegulatoryCommissionExpensesCharged" ns2:label="ferc_AccountNumberRegulatoryCommissionExpensesCharged" ns2:type="locator" />
        <ns0:presentationArc order="8" preferredLabel="http://ferc.gov/form/2020-01-01/roles/label/F1RegulatoryCommissionExpenses" ns2:arcrole="http://www.xbrl.org/2003/arcrole/parent-child" ns2:from="ferc_RegulatoryCommissionExpensesLineItems" ns2:to="ferc_AccountNumberRegulatoryCommissionExpensesCharged" ns2:type="arc" />
        <ns0:loc ns2:href="../../ferc-core_2020-01-01.xsd#ferc_RegulatoryComissionExpensesIncurredAndCharged" ns2:label="ferc_RegulatoryComissionExpensesIncurredAndCharged" ns2:type="locator" />
        <ns0:presentationArc order="9" preferredLabel="http://ferc.gov/form/2020-01-01/roles/label/F1RegulatoryCommissionExpenses" ns2:arcrole="http://www.xbrl.org/2003/arcrole/parent-child" ns2:from="ferc_RegulatoryCommissionExpensesLineItems" ns2:to="ferc_RegulatoryComissionExpensesIncurredAndCharged" ns2:type="arc" />
        <ns0:loc ns2:href="../../ferc-core_2020-01-01.xsd#ferc_RegulatoryCommissionExpensesDeferredToOtherRegulatoryAssets" ns2:label="ferc_RegulatoryCommissionExpensesDeferredToOtherRegulatoryAssets" ns2:type="locator" />
        <ns0:presentationArc order="10" preferredLabel="http://ferc.gov/form/2020-01-01/roles/label/F1RegulatoryCommissionExpenses" ns2:arcrole="http://www.xbrl.org/2003/arcrole/parent-child" ns2:from="ferc_RegulatoryCommissionExpensesLineItems" ns2:to="ferc_RegulatoryCommissionExpensesDeferredToOtherRegulatoryAssets" ns2:type="arc" />
        <ns0:loc ns2:href="../../ferc-core_2020-01-01.xsd#ferc_DeferredRegulatoryCommissionExpensesAmortizedInContraAccount" ns2:label="ferc_DeferredRegulatoryCommissionExpensesAmortizedInContraAccount" ns2:type="locator" />
        <ns0:presentationArc order="11" preferredLabel="http://ferc.gov/form/2020-01-01/roles/label/F1RegulatoryCommissionExpenses" ns2:arcrole="http://www.xbrl.org/2003/arcrole/parent-child" ns2:from="ferc_RegulatoryCommissionExpensesLineItems" ns2:to="ferc_DeferredRegulatoryCommissionExpensesAmortizedInContraAccount" ns2:type="arc" />
        <ns0:loc ns2:href="../../ferc-core_2020-01-01.xsd#ferc_DeferredRegulatoryCommissionExpensesAmortized" ns2:label="ferc_DeferredRegulatoryCommissionExpensesAmortized" ns2:type="locator" />
        <ns0:presentationArc order="12" preferredLabel="http://ferc.gov/form/2020-01-01/roles/label/F1RegulatoryCommissionExpenses" ns2:arcrole="http://www.xbrl.org/2003/arcrole/parent-child" ns2:from="ferc_RegulatoryCommissionExpensesLineItems" ns2:to="ferc_DeferredRegulatoryCommissionExpensesAmortized" ns2:type="arc" />
        <ns0:loc ns2:href="../../ferc-core_2020-01-01.xsd#ferc_OtherRegulatoryAssetsRegulatoryCommissionExpenses" ns2:label="ferc_OtherRegulatoryAssetsRegulatoryCommissionExpenses_1" ns2:type="locator" />
        <ns0:presentationArc order="13" preferredLabel="http://ferc.gov/form/2020-01-01/roles/label/F1RegulatoryCommissionExpenses" ns2:arcrole="http://www.xbrl.org/2003/arcrole/parent-child" ns2:from="ferc_RegulatoryCommissionExpensesLineItems" ns2:to="ferc_OtherRegulatoryAssetsRegulatoryCommissionExpenses_1" ns2:type="arc" />
    </ns0:presentationLink>
    <ns0:presentationLink ns2:role="http://ferc.gov/form/2020-01-01/roles/Schedule/F1/RegulatoryCommissionExpensesCurrentTotal" ns2:type="extended">
        <ns0:loc ns2:href="../../ferc-core_2020-01-01.xsd#ferc_ScheduleRegulatoryCommissionExpensesAbstract" ns2:label="ferc_ScheduleRegulatoryCommissionExpensesAbstract" ns2:type="locator" />
        <ns0:loc ns2:href="../../ferc-core_2020-01-01.xsd#ferc_RegulatoryCommissionExpensesTable" ns2:label="ferc_RegulatoryCommissionExpensesTable" ns2:type="locator" />
        <ns0:presentationArc order="1" ns2:arcrole="http://www.xbrl.org/2003/arcrole/parent-child" ns2:from="ferc_ScheduleRegulatoryCommissionExpensesAbstract" ns2:to="ferc_RegulatoryCommissionExpensesTable" ns2:type="arc" />
        <ns0:loc ns2:href="../../ferc-core_2020-01-01.xsd#ferc_RegulatoryCommissionExpensesLineItems" ns2:label="ferc_RegulatoryCommissionExpensesLineItems" ns2:type="locator" />
        <ns0:presentationArc order="1" ns2:arcrole="http://www.xbrl.org/2003/arcrole/parent-child" ns2:from="ferc_RegulatoryCommissionExpensesTable" ns2:to="ferc_RegulatoryCommissionExpensesLineItems" ns2:type="arc" />
        <ns0:loc ns2:href="../../ferc-core_2020-01-01.xsd#ferc_RegulatoryExpensesAssessedByRegulatoryCommission" ns2:label="ferc_RegulatoryExpensesAssessedByRegulatoryCommission" ns2:type="locator" />
        <ns0:presentationArc order="1" preferredLabel="http://ferc.gov/form/2020-01-01/roles/label/F1Total" ns2:arcrole="http://www.xbrl.org/2003/arcrole/parent-child" ns2:from="ferc_RegulatoryCommissionExpensesLineItems" ns2:to="ferc_RegulatoryExpensesAssessedByRegulatoryCommission" ns2:type="arc" />
        <ns0:loc ns2:href="../../ferc-core_2020-01-01.xsd#ferc_RegulatoryExpensesOfUtility" ns2:label="ferc_RegulatoryExpensesOfUtility" ns2:type="locator" />
        <ns0:presentationArc order="2" preferredLabel="http://ferc.gov/form/2020-01-01/roles/label/F1Total" ns2:arcrole="http://www.xbrl.org/2003/arcrole/parent-child" ns2:from="ferc_RegulatoryCommissionExpensesLineItems" ns2:to="ferc_RegulatoryExpensesOfUtility" ns2:type="arc" />
        <ns0:loc ns2:href="../../ferc-core_2020-01-01.xsd#ferc_RegulatoryCommissionExpensesAmount" ns2:label="ferc_RegulatoryCommissionExpensesAmount" ns2:type="locator" />
        <ns0:presentationArc order="3" preferredLabel="http://ferc.gov/form/2020-01-01/roles/label/F1Total" ns2:arcrole="http://www.xbrl.org/2003/arcrole/parent-child" ns2:from="ferc_RegulatoryCommissionExpensesLineItems" ns2:to="ferc_RegulatoryCommissionExpensesAmount" ns2:type="arc" />
        <ns0:loc ns2:href="../../ferc-core_2020-01-01.xsd#ferc_OtherRegulatoryAssetsRegulatoryCommissionExpenses" ns2:label="ferc_OtherRegulatoryAssetsRegulatoryCommissionExpenses" ns2:type="locator" />
        <ns0:presentationArc order="4" preferredLabel="http://ferc.gov/form/2020-01-01/roles/label/F1Total" ns2:arcrole="http://www.xbrl.org/2003/arcrole/parent-child" ns2:from="ferc_RegulatoryCommissionExpensesLineItems" ns2:to="ferc_OtherRegulatoryAssetsRegulatoryCommissionExpenses" ns2:type="arc" />
        <ns0:loc ns2:href="../../ferc-core_2020-01-01.xsd#ferc_RegulatoryComissionExpensesIncurredAndCharged" ns2:label="ferc_RegulatoryComissionExpensesIncurredAndCharged" ns2:type="locator" />
        <ns0:presentationArc order="5" preferredLabel="http://ferc.gov/form/2020-01-01/roles/label/F1Total" ns2:arcrole="http://www.xbrl.org/2003/arcrole/parent-child" ns2:from="ferc_RegulatoryCommissionExpensesLineItems" ns2:to="ferc_RegulatoryComissionExpensesIncurredAndCharged" ns2:type="arc" />
        <ns0:loc ns2:href="../../ferc-core_2020-01-01.xsd#ferc_RegulatoryCommissionExpensesDeferredToOtherRegulatoryAssets" ns2:label="ferc_RegulatoryCommissionExpensesDeferredToOtherRegulatoryAssets" ns2:type="locator" />
        <ns0:presentationArc order="6" preferredLabel="http://ferc.gov/form/2020-01-01/roles/label/F1Total" ns2:arcrole="http://www.xbrl.org/2003/arcrole/parent-child" ns2:from="ferc_RegulatoryCommissionExpensesLineItems" ns2:to="ferc_RegulatoryCommissionExpensesDeferredToOtherRegulatoryAssets" ns2:type="arc" />
        <ns0:loc ns2:href="../../ferc-core_2020-01-01.xsd#ferc_DeferredRegulatoryCommissionExpensesAmortized" ns2:label="ferc_DeferredRegulatoryCommissionExpensesAmortized" ns2:type="locator" />
        <ns0:presentationArc order="7" preferredLabel="http://ferc.gov/form/2020-01-01/roles/label/F1Total" ns2:arcrole="http://www.xbrl.org/2003/arcrole/parent-child" ns2:from="ferc_RegulatoryCommissionExpensesLineItems" ns2:to="ferc_DeferredRegulatoryCommissionExpensesAmortized" ns2:type="arc" />
    </ns0:presentationLink>
</ns0:linkbase>