<ns0:linkbase xmlns:ns0="http://www.xbrl.org/2003/linkbase" xmlns:ns2="http://www.w3.org/1999/xlink" xmlns:ns3="http://xbrl.org/2005/xbrldt" xmlns:xsi="http://www.w3.org/2001/XMLSchema-instance" xsi:schemaLocation="http://www.xbrl.org/2003/linkbase http://www.xbrl.org/2003/xbrl-linkbase-2003-12-31.xsd">
    <ns0:roleRef roleURI="http://ferc.gov/form/2020-01-01/roles/Schedule/F1/RegulatoryCommissionExpensesCurrent" ns2:href="form-1-sched-RegulatoryCommissionExpenses_2020-01-01.xsd#roleType_RegulatoryCommissionExpensesCurrent" ns2:type="simple" />
    <ns0:arcroleRef arcroleURI="http://xbrl.org/int/dim/arcrole/dimension-domain" ns2:href="http://www.xbrl.org/2005/xbrldt-2005.xsd#dimension-domain" ns2:type="simple" />
    <ns0:roleRef roleURI="http://ferc.gov/form/2020-01-01/roles/Schedule/F1/RegulatoryCommissionExpensesCurrentTotal" ns2:href="form-1-sched-RegulatoryCommissionExpenses_2020-01-01.xsd#roleType_RegulatoryCommissionExpensesCurrentTotal" ns2:type="simple" />
    <ns0:arcroleRef arcroleURI="http://xbrl.org/int/dim/arcrole/dimension-default" ns2:href="http://www.xbrl.org/2005/xbrldt-2005.xsd#dimension-default" ns2:type="simple" />
    <ns0:arcroleRef arcroleURI="http://xbrl.org/int/dim/arcrole/hypercube-dimension" ns2:href="http://www.xbrl.org/2005/xbrldt-2005.xsd#hypercube-dimension" ns2:type="simple" />
    <ns0:arcroleRef arcroleURI="http://xbrl.org/int/dim/arcrole/all" ns2:href="http://www.xbrl.org/2005/xbrldt-2005.xsd#all" ns2:type="simple" />
    <ns0:arcroleRef arcroleURI="http://xbrl.org/int/dim/arcrole/domain-member" ns2:href="http://www.xbrl.org/2005/xbrldt-2005.xsd#domain-member" ns2:type="simple" />
    <ns0:definitionLink ns2:role="http://ferc.gov/form/2020-01-01/roles/Schedule/F1/RegulatoryCommissionExpensesCurrent" ns2:type="extended">
        <ns0:loc ns2:href="../../ferc-core_2020-01-01.xsd#ferc_ScheduleRegulatoryCommissionExpensesAbstract" ns2:label="ferc_ScheduleRegulatoryCommissionExpensesAbstract" ns2:type="locator" />
        <ns0:loc ns2:href="../../ferc-core_2020-01-01.xsd#ferc_RegulatoryCommissionExpensesLineItems" ns2:label="ferc_RegulatoryCommissionExpensesLineItems" ns2:type="locator" />
        <ns0:definitionArc order="1" ns2:arcrole="http://xbrl.org/int/dim/arcrole/domain-member" ns2:from="ferc_ScheduleRegulatoryCommissionExpensesAbstract" ns2:to="ferc_RegulatoryCommissionExpensesLineItems" ns2:type="arc" />
        <ns0:loc ns2:href="../../ferc-core_2020-01-01.xsd#ferc_RegulatoryCommissionExpensesTable" ns2:label="ferc_RegulatoryCommissionExpensesTable" ns2:type="locator" />
        <ns0:definitionArc order="1" ns2:arcrole="http://xbrl.org/int/dim/arcrole/all" ns2:from="ferc_RegulatoryCommissionExpensesLineItems" ns2:to="ferc_RegulatoryCommissionExpensesTable" ns2:type="arc" ns3:closed="true" ns3:contextElement="segment" />
        <ns0:loc ns2:href="../../ferc-core_2020-01-01.xsd#ferc_RegulatoryCommissionExpensesAxis" ns2:label="ferc_RegulatoryCommissionExpensesAxis" ns2:type="locator" />
        <ns0:definitionArc order="1" ns2:arcrole="http://xbrl.org/int/dim/arcrole/hypercube-dimension" ns2:from="ferc_RegulatoryCommissionExpensesTable" ns2:to="ferc_RegulatoryCommissionExpensesAxis" ns2:type="arc" />
        <ns0:loc ns2:href="../../ferc-core_2020-01-01.xsd#ferc_OrderNumber" ns2:label="ferc_OrderNumber" ns2:type="locator" />
        <ns0:definitionArc order="2" ns2:arcrole="http://xbrl.org/int/dim/arcrole/domain-member" ns2:from="ferc_RegulatoryCommissionExpensesLineItems" ns2:to="ferc_OrderNumber" ns2:type="arc" />
        <ns0:loc ns2:href="../../ferc-core_2020-01-01.xsd#ferc_RegulatoryCommissionDescription" ns2:label="ferc_RegulatoryCommissionDescription" ns2:type="locator" />
        <ns0:definitionArc order="3" ns2:arcrole="http://xbrl.org/int/dim/arcrole/domain-member" ns2:from="ferc_RegulatoryCommissionExpensesLineItems" ns2:to="ferc_RegulatoryCommissionDescription" ns2:type="arc" />
        <ns0:loc ns2:href="../../ferc-core_2020-01-01.xsd#ferc_RegulatoryExpensesAssessedByRegulatoryCommission" ns2:label="ferc_RegulatoryExpensesAssessedByRegulatoryCommission" ns2:type="locator" />
        <ns0:definitionArc order="4" ns2:arcrole="http://xbrl.org/int/dim/arcrole/domain-member" ns2:from="ferc_RegulatoryCommissionExpensesLineItems" ns2:to="ferc_RegulatoryExpensesAssessedByRegulatoryCommission" ns2:type="arc" />
        <ns0:loc ns2:href="../../ferc-core_2020-01-01.xsd#ferc_RegulatoryExpensesOfUtility" ns2:label="ferc_RegulatoryExpensesOfUtility" ns2:type="locator" />
        <ns0:definitionArc order="5" ns2:arcrole="http://xbrl.org/int/dim/arcrole/domain-member" ns2:from="ferc_RegulatoryCommissionExpensesLineItems" ns2:to="ferc_RegulatoryExpensesOfUtility" ns2:type="arc" />
        <ns0:loc ns2:href="../../ferc-core_2020-01-01.xsd#ferc_RegulatoryCommissionExpensesAmount" ns2:label="ferc_RegulatoryCommissionExpensesAmount" ns2:type="locator" />
        <ns0:definitionArc order="6" ns2:arcrole="http://xbrl.org/int/dim/arcrole/domain-member" ns2:from="ferc_RegulatoryCommissionExpensesLineItems" ns2:to="ferc_RegulatoryCommissionExpensesAmount" ns2:type="arc" />
        <ns0:loc ns2:href="../../ferc-core_2020-01-01.xsd#ferc_OtherRegulatoryAssetsRegulatoryCommissionExpenses" ns2:label="ferc_OtherRegulatoryAssetsRegulatoryCommissionExpenses" ns2:type="locator" />
        <ns0:definitionArc order="7" ns2:arcrole="http://xbrl.org/int/dim/arcrole/domain-member" ns2:from="ferc_RegulatoryCommissionExpensesLineItems" ns2:to="ferc_OtherRegulatoryAssetsRegulatoryCommissionExpenses" ns2:type="arc" />
        <ns0:loc ns2:href="../../ferc-core_2020-01-01.xsd#ferc_NameOfDepartmentRegulatoryCommissionExpensesCharged" ns2:label="ferc_NameOfDepartmentRegulatoryCommissionExpensesCharged" ns2:type="locator" />
        <ns0:definitionArc order="8" ns2:arcrole="http://xbrl.org/int/dim/arcrole/domain-member" ns2:from="ferc_RegulatoryCommissionExpensesLineItems" ns2:to="ferc_NameOfDepartmentRegulatoryCommissionExpensesCharged" ns2:type="arc" />
        <ns0:loc ns2:href="../../ferc-core_2020-01-01.xsd#ferc_AccountNumberRegulatoryCommissionExpensesCharged" ns2:label="ferc_AccountNumberRegulatoryCommissionExpensesCharged" ns2:type="locator" />
        <ns0:definitionArc order="9" ns2:arcrole="http://xbrl.org/int/dim/arcrole/domain-member" ns2:from="ferc_RegulatoryCommissionExpensesLineItems" ns2:to="ferc_AccountNumberRegulatoryCommissionExpensesCharged" ns2:type="arc" />
        <ns0:loc ns2:href="../../ferc-core_2020-01-01.xsd#ferc_RegulatoryComissionExpensesIncurredAndCharged" ns2:label="ferc_RegulatoryComissionExpensesIncurredAndCharged" ns2:type="locator" />
        <ns0:definitionArc order="10" ns2:arcrole="http://xbrl.org/int/dim/arcrole/domain-member" ns2:from="ferc_RegulatoryCommissionExpensesLineItems" ns2:to="ferc_RegulatoryComissionExpensesIncurredAndCharged" ns2:type="arc" />
        <ns0:loc ns2:href="../../ferc-core_2020-01-01.xsd#ferc_RegulatoryCommissionExpensesDeferredToOtherRegulatoryAssets" ns2:label="ferc_RegulatoryCommissionExpensesDeferredToOtherRegulatoryAssets" ns2:type="locator" />
        <ns0:definitionArc order="11" ns2:arcrole="http://xbrl.org/int/dim/arcrole/domain-member" ns2:from="ferc_RegulatoryCommissionExpensesLineItems" ns2:to="ferc_RegulatoryCommissionExpensesDeferredToOtherRegulatoryAssets" ns2:type="arc" />
        <ns0:loc ns2:href="../../ferc-core_2020-01-01.xsd#ferc_DeferredRegulatoryCommissionExpensesAmortizedInContraAccount" ns2:label="ferc_DeferredRegulatoryCommissionExpensesAmortizedInContraAccount" ns2:type="locator" />
        <ns0:definitionArc order="12" ns2:arcrole="http://xbrl.org/int/dim/arcrole/domain-member" ns2:from="ferc_RegulatoryCommissionExpensesLineItems" ns2:to="ferc_DeferredRegulatoryCommissionExpensesAmortizedInContraAccount" ns2:type="arc" />
        <ns0:loc ns2:href="../../ferc-core_2020-01-01.xsd#ferc_DeferredRegulatoryCommissionExpensesAmortized" ns2:label="ferc_DeferredRegulatoryCommissionExpensesAmortized" ns2:type="locator" />
        <ns0:definitionArc order="13" ns2:arcrole="http://xbrl.org/int/dim/arcrole/domain-member" ns2:from="ferc_RegulatoryCommissionExpensesLineItems" ns2:to="ferc_DeferredRegulatoryCommissionExpensesAmortized" ns2:type="arc" />
    </ns0:definitionLink>
    <ns0:definitionLink ns2:role="http://ferc.gov/form/2020-01-01/roles/Schedule/F1/RegulatoryCommissionExpensesCurrentTotal" ns2:type="extended">
        <ns0:loc ns2:href="../../ferc-core_2020-01-01.xsd#ferc_ScheduleRegulatoryCommissionExpensesAbstract" ns2:label="ferc_ScheduleRegulatoryCommissionExpensesAbstract" ns2:type="locator" />
        <ns0:loc ns2:href="../../ferc-core_2020-01-01.xsd#ferc_RegulatoryCommissionExpensesLineItems" ns2:label="ferc_RegulatoryCommissionExpensesLineItems" ns2:type="locator" />
        <ns0:definitionArc order="1" ns2:arcrole="http://xbrl.org/int/dim/arcrole/domain-member" ns2:from="ferc_ScheduleRegulatoryCommissionExpensesAbstract" ns2:to="ferc_RegulatoryCommissionExpensesLineItems" ns2:type="arc" />
        <ns0:loc ns2:href="../../ferc-core_2020-01-01.xsd#ferc_RegulatoryCommissionExpensesTable" ns2:label="ferc_RegulatoryCommissionExpensesTable" ns2:type="locator" />
        <ns0:definitionArc order="1" ns2:arcrole="http://xbrl.org/int/dim/arcrole/all" ns2:from="ferc_RegulatoryCommissionExpensesLineItems" ns2:to="ferc_RegulatoryCommissionExpensesTable" ns2:type="arc" ns3:closed="true" ns3:contextElement="segment" />
        <ns0:loc ns2:href="../../ferc-core_2020-01-01.xsd#ferc_RegulatoryExpensesAssessedByRegulatoryCommission" ns2:label="ferc_RegulatoryExpensesAssessedByRegulatoryCommission" ns2:type="locator" />
        <ns0:definitionArc order="2" ns2:arcrole="http://xbrl.org/int/dim/arcrole/domain-member" ns2:from="ferc_RegulatoryCommissionExpensesLineItems" ns2:to="ferc_RegulatoryExpensesAssessedByRegulatoryCommission" ns2:type="arc" />
        <ns0:loc ns2:href="../../ferc-core_2020-01-01.xsd#ferc_RegulatoryExpensesOfUtility" ns2:label="ferc_RegulatoryExpensesOfUtility" ns2:type="locator" />
        <ns0:definitionArc order="3" ns2:arcrole="http://xbrl.org/int/dim/arcrole/domain-member" ns2:from="ferc_RegulatoryCommissionExpensesLineItems" ns2:to="ferc_RegulatoryExpensesOfUtility" ns2:type="arc" />
        <ns0:loc ns2:href="../../ferc-core_2020-01-01.xsd#ferc_RegulatoryCommissionExpensesAmount" ns2:label="ferc_RegulatoryCommissionExpensesAmount" ns2:type="locator" />
        <ns0:definitionArc order="4" ns2:arcrole="http://xbrl.org/int/dim/arcrole/domain-member" ns2:from="ferc_RegulatoryCommissionExpensesLineItems" ns2:to="ferc_RegulatoryCommissionExpensesAmount" ns2:type="arc" />
        <ns0:loc ns2:href="../../ferc-core_2020-01-01.xsd#ferc_OtherRegulatoryAssetsRegulatoryCommissionExpenses" ns2:label="ferc_OtherRegulatoryAssetsRegulatoryCommissionExpenses" ns2:type="locator" />
        <ns0:definitionArc order="5" ns2:arcrole="http://xbrl.org/int/dim/arcrole/domain-member" ns2:from="ferc_RegulatoryCommissionExpensesLineItems" ns2:to="ferc_OtherRegulatoryAssetsRegulatoryCommissionExpenses" ns2:type="arc" />
        <ns0:loc ns2:href="../../ferc-core_2020-01-01.xsd#ferc_RegulatoryComissionExpensesIncurredAndCharged" ns2:label="ferc_RegulatoryComissionExpensesIncurredAndCharged" ns2:type="locator" />
        <ns0:definitionArc order="6" ns2:arcrole="http://xbrl.org/int/dim/arcrole/domain-member" ns2:from="ferc_RegulatoryCommissionExpensesLineItems" ns2:to="ferc_RegulatoryComissionExpensesIncurredAndCharged" ns2:type="arc" />
        <ns0:loc ns2:href="../../ferc-core_2020-01-01.xsd#ferc_RegulatoryCommissionExpensesDeferredToOtherRegulatoryAssets" ns2:label="ferc_RegulatoryCommissionExpensesDeferredToOtherRegulatoryAssets" ns2:type="locator" />
        <ns0:definitionArc order="7" ns2:arcrole="http://xbrl.org/int/dim/arcrole/domain-member" ns2:from="ferc_RegulatoryCommissionExpensesLineItems" ns2:to="ferc_RegulatoryCommissionExpensesDeferredToOtherRegulatoryAssets" ns2:type="arc" />
        <ns0:loc ns2:href="../../ferc-core_2020-01-01.xsd#ferc_DeferredRegulatoryCommissionExpensesAmortized" ns2:label="ferc_DeferredRegulatoryCommissionExpensesAmortized" ns2:type="locator" />
        <ns0:definitionArc order="8" ns2:arcrole="http://xbrl.org/int/dim/arcrole/domain-member" ns2:from="ferc_RegulatoryCommissionExpensesLineItems" ns2:to="ferc_DeferredRegulatoryCommissionExpensesAmortized" ns2:type="arc" />
    </ns0:definitionLink>
    <ns0:definitionLink ns2:role="http://ferc.gov/form/2020-01-01/roles/Schedule/F1/RegulatoryCommissionExpensesCurrent" ns2:type="extended" />
    <ns0:definitionLink ns2:role="http://ferc.gov/form/2020-01-01/roles/Schedule/F1/RegulatoryCommissionExpensesCurrentTotal" ns2:type="extended" />
</ns0:linkbase>