﻿<?xml version="1.0" encoding="utf-8"?>
<!--© DNB-->
<link:linkbase xmlns:xsi="http://www.w3.org/2001/XMLSchema-instance" xmlns:xlink="http://www.w3.org/1999/xlink" xmlns:link="http://www.xbrl.org/2003/linkbase" xsi:schemaLocation="http://www.xbrl.org/2003/linkbase http://www.xbrl.org/2003/xbrl-linkbase-2003-12-31.xsd">
  <link:labelLink xlink:type="extended" xlink:role="http://www.xbrl.org/2003/role/link">
    <link:loc xlink:type="locator" xlink:href="mem.xsd#dnb_JP" xlink:label="loc_dnb_JP" />
    <link:label xlink:type="resource" xlink:label="label_dnb_JP" xml:lang="en" xlink:role="http://www.xbrl.org/2003/role/label">Japan</link:label>
    <link:labelArc xlink:type="arc" xlink:arcrole="http://www.xbrl.org/2003/arcrole/concept-label" xlink:from="loc_dnb_JP" xlink:to="label_dnb_JP" />
    <link:label xlink:type="resource" xlink:label="label_dnb_JP_2" xml:lang="en" xlink:role="http://www.xbrl.org/2003/role/documentation">JP</link:label>
    <link:labelArc xlink:type="arc" xlink:arcrole="http://www.xbrl.org/2003/arcrole/concept-label" xlink:from="loc_dnb_JP" xlink:to="label_dnb_JP_2" />
    <link:loc xlink:type="locator" xlink:href="mem.xsd#dnb_mem000" xlink:label="loc_dnb_mem000" />
    <link:label xlink:type="resource" xlink:label="label_dnb_mem000" xml:lang="en" xlink:role="http://www.xbrl.org/2003/role/label">Not applicable / All or Total</link:label>
    <link:labelArc xlink:type="arc" xlink:arcrole="http://www.xbrl.org/2003/arcrole/concept-label" xlink:from="loc_dnb_mem000" xlink:to="label_dnb_mem000" />
    <link:label xlink:type="resource" xlink:label="label_dnb_mem000_2" xml:lang="en" xlink:role="http://www.xbrl.org/2003/role/documentation">NAP-ALL-TOT</link:label>
    <link:labelArc xlink:type="arc" xlink:arcrole="http://www.xbrl.org/2003/arcrole/concept-label" xlink:from="loc_dnb_mem000" xlink:to="label_dnb_mem000_2" />
    <link:loc xlink:type="locator" xlink:href="mem.xsd#dnb_mem001" xlink:label="loc_dnb_mem001" />
    <link:label xlink:type="resource" xlink:label="label_dnb_mem001" xml:lang="en" xlink:role="http://www.xbrl.org/2003/role/label">All other countries</link:label>
    <link:labelArc xlink:type="arc" xlink:arcrole="http://www.xbrl.org/2003/arcrole/concept-label" xlink:from="loc_dnb_mem001" xlink:to="label_dnb_mem001" />
    <link:label xlink:type="resource" xlink:label="label_dnb_mem001_2" xml:lang="en" xlink:role="http://www.xbrl.org/2003/role/documentation">ALL-OTH-CNTRS</link:label>
    <link:labelArc xlink:type="arc" xlink:arcrole="http://www.xbrl.org/2003/arcrole/concept-label" xlink:from="loc_dnb_mem001" xlink:to="label_dnb_mem001_2" />
    <link:loc xlink:type="locator" xlink:href="mem.xsd#dnb_mem002" xlink:label="loc_dnb_mem002" />
    <link:label xlink:type="resource" xlink:label="label_dnb_mem002" xml:lang="en" xlink:role="http://www.xbrl.org/2003/role/label">Latin America</link:label>
    <link:labelArc xlink:type="arc" xlink:arcrole="http://www.xbrl.org/2003/arcrole/concept-label" xlink:from="loc_dnb_mem002" xlink:to="label_dnb_mem002" />
    <link:label xlink:type="resource" xlink:label="label_dnb_mem002_2" xml:lang="en" xlink:role="http://www.xbrl.org/2003/role/documentation">LAT-AM</link:label>
    <link:labelArc xlink:type="arc" xlink:arcrole="http://www.xbrl.org/2003/arcrole/concept-label" xlink:from="loc_dnb_mem002" xlink:to="label_dnb_mem002_2" />
    <link:loc xlink:type="locator" xlink:href="mem.xsd#dnb_mem003" xlink:label="loc_dnb_mem003" />
    <link:label xlink:type="resource" xlink:label="label_dnb_mem003" xml:lang="en" xlink:role="http://www.xbrl.org/2003/role/label">Other Asian countries</link:label>
    <link:labelArc xlink:type="arc" xlink:arcrole="http://www.xbrl.org/2003/arcrole/concept-label" xlink:from="loc_dnb_mem003" xlink:to="label_dnb_mem003" />
    <link:label xlink:type="resource" xlink:label="label_dnb_mem003_2" xml:lang="en" xlink:role="http://www.xbrl.org/2003/role/documentation">OTH-AS-CNTRS</link:label>
    <link:labelArc xlink:type="arc" xlink:arcrole="http://www.xbrl.org/2003/arcrole/concept-label" xlink:from="loc_dnb_mem003" xlink:to="label_dnb_mem003_2" />
    <link:loc xlink:type="locator" xlink:href="mem.xsd#dnb_mem004" xlink:label="loc_dnb_mem004" />
    <link:label xlink:type="resource" xlink:label="label_dnb_mem004" xml:lang="en" xlink:role="http://www.xbrl.org/2003/role/label">Western Europe, excluding home country</link:label>
    <link:labelArc xlink:type="arc" xlink:arcrole="http://www.xbrl.org/2003/arcrole/concept-label" xlink:from="loc_dnb_mem004" xlink:to="label_dnb_mem004" />
    <link:label xlink:type="resource" xlink:label="label_dnb_mem004_2" xml:lang="en" xlink:role="http://www.xbrl.org/2003/role/documentation">WEST-EUR-EX-HOME</link:label>
    <link:labelArc xlink:type="arc" xlink:arcrole="http://www.xbrl.org/2003/arcrole/concept-label" xlink:from="loc_dnb_mem004" xlink:to="label_dnb_mem004_2" />
    <link:loc xlink:type="locator" xlink:href="mem.xsd#dnb_mem005" xlink:label="loc_dnb_mem005" />
    <link:label xlink:type="resource" xlink:label="label_dnb_mem005" xml:lang="en" xlink:role="http://www.xbrl.org/2003/role/label">Western Europe</link:label>
    <link:labelArc xlink:type="arc" xlink:arcrole="http://www.xbrl.org/2003/arcrole/concept-label" xlink:from="loc_dnb_mem005" xlink:to="label_dnb_mem005" />
    <link:label xlink:type="resource" xlink:label="label_dnb_mem005_2" xml:lang="en" xlink:role="http://www.xbrl.org/2003/role/documentation">WEST-EUR</link:label>
    <link:labelArc xlink:type="arc" xlink:arcrole="http://www.xbrl.org/2003/arcrole/concept-label" xlink:from="loc_dnb_mem005" xlink:to="label_dnb_mem005_2" />
    <link:loc xlink:type="locator" xlink:href="mem.xsd#dnb_NL" xlink:label="loc_dnb_NL" />
    <link:label xlink:type="resource" xlink:label="label_dnb_NL" xml:lang="en" xlink:role="http://www.xbrl.org/2003/role/label">Netherlands</link:label>
    <link:labelArc xlink:type="arc" xlink:arcrole="http://www.xbrl.org/2003/arcrole/concept-label" xlink:from="loc_dnb_NL" xlink:to="label_dnb_NL" />
    <link:label xlink:type="resource" xlink:label="label_dnb_NL_2" xml:lang="en" xlink:role="http://www.xbrl.org/2003/role/documentation">NL</link:label>
    <link:labelArc xlink:type="arc" xlink:arcrole="http://www.xbrl.org/2003/arcrole/concept-label" xlink:from="loc_dnb_NL" xlink:to="label_dnb_NL_2" />
    <link:loc xlink:type="locator" xlink:href="mem.xsd#dnb_NL-DR" xlink:label="loc_dnb_NL-DR" />
    <link:label xlink:type="resource" xlink:label="label_dnb_NL-DR" xml:lang="en" xlink:role="http://www.xbrl.org/2003/role/label">Drenthe</link:label>
    <link:labelArc xlink:type="arc" xlink:arcrole="http://www.xbrl.org/2003/arcrole/concept-label" xlink:from="loc_dnb_NL-DR" xlink:to="label_dnb_NL-DR" />
    <link:label xlink:type="resource" xlink:label="label_dnb_NL-DR_2" xml:lang="en" xlink:role="http://www.xbrl.org/2003/role/documentation">NL-DR</link:label>
    <link:labelArc xlink:type="arc" xlink:arcrole="http://www.xbrl.org/2003/arcrole/concept-label" xlink:from="loc_dnb_NL-DR" xlink:to="label_dnb_NL-DR_2" />
    <link:loc xlink:type="locator" xlink:href="mem.xsd#dnb_NL-FL" xlink:label="loc_dnb_NL-FL" />
    <link:label xlink:type="resource" xlink:label="label_dnb_NL-FL" xml:lang="en" xlink:role="http://www.xbrl.org/2003/role/label">Flevoland</link:label>
    <link:labelArc xlink:type="arc" xlink:arcrole="http://www.xbrl.org/2003/arcrole/concept-label" xlink:from="loc_dnb_NL-FL" xlink:to="label_dnb_NL-FL" />
    <link:label xlink:type="resource" xlink:label="label_dnb_NL-FL_2" xml:lang="en" xlink:role="http://www.xbrl.org/2003/role/documentation">NL-FL</link:label>
    <link:labelArc xlink:type="arc" xlink:arcrole="http://www.xbrl.org/2003/arcrole/concept-label" xlink:from="loc_dnb_NL-FL" xlink:to="label_dnb_NL-FL_2" />
    <link:loc xlink:type="locator" xlink:href="mem.xsd#dnb_NL-FR" xlink:label="loc_dnb_NL-FR" />
    <link:label xlink:type="resource" xlink:label="label_dnb_NL-FR" xml:lang="en" xlink:role="http://www.xbrl.org/2003/role/label">Fryslân</link:label>
    <link:labelArc xlink:type="arc" xlink:arcrole="http://www.xbrl.org/2003/arcrole/concept-label" xlink:from="loc_dnb_NL-FR" xlink:to="label_dnb_NL-FR" />
    <link:label xlink:type="resource" xlink:label="label_dnb_NL-FR_2" xml:lang="en" xlink:role="http://www.xbrl.org/2003/role/documentation">NL-FR</link:label>
    <link:labelArc xlink:type="arc" xlink:arcrole="http://www.xbrl.org/2003/arcrole/concept-label" xlink:from="loc_dnb_NL-FR" xlink:to="label_dnb_NL-FR_2" />
    <link:loc xlink:type="locator" xlink:href="mem.xsd#dnb_NL-GE" xlink:label="loc_dnb_NL-GE" />
    <link:label xlink:type="resource" xlink:label="label_dnb_NL-GE" xml:lang="en" xlink:role="http://www.xbrl.org/2003/role/label">Gelderland</link:label>
    <link:labelArc xlink:type="arc" xlink:arcrole="http://www.xbrl.org/2003/arcrole/concept-label" xlink:from="loc_dnb_NL-GE" xlink:to="label_dnb_NL-GE" />
    <link:label xlink:type="resource" xlink:label="label_dnb_NL-GE_2" xml:lang="en" xlink:role="http://www.xbrl.org/2003/role/documentation">NL-GE</link:label>
    <link:labelArc xlink:type="arc" xlink:arcrole="http://www.xbrl.org/2003/arcrole/concept-label" xlink:from="loc_dnb_NL-GE" xlink:to="label_dnb_NL-GE_2" />
    <link:loc xlink:type="locator" xlink:href="mem.xsd#dnb_NL-GR" xlink:label="loc_dnb_NL-GR" />
    <link:label xlink:type="resource" xlink:label="label_dnb_NL-GR" xml:lang="en" xlink:role="http://www.xbrl.org/2003/role/label">Groningen</link:label>
    <link:labelArc xlink:type="arc" xlink:arcrole="http://www.xbrl.org/2003/arcrole/concept-label" xlink:from="loc_dnb_NL-GR" xlink:to="label_dnb_NL-GR" />
    <link:label xlink:type="resource" xlink:label="label_dnb_NL-GR_2" xml:lang="en" xlink:role="http://www.xbrl.org/2003/role/documentation">NL-GR</link:label>
    <link:labelArc xlink:type="arc" xlink:arcrole="http://www.xbrl.org/2003/arcrole/concept-label" xlink:from="loc_dnb_NL-GR" xlink:to="label_dnb_NL-GR_2" />
    <link:loc xlink:type="locator" xlink:href="mem.xsd#dnb_NL-LI" xlink:label="loc_dnb_NL-LI" />
    <link:label xlink:type="resource" xlink:label="label_dnb_NL-LI" xml:lang="en" xlink:role="http://www.xbrl.org/2003/role/label">Limburg</link:label>
    <link:labelArc xlink:type="arc" xlink:arcrole="http://www.xbrl.org/2003/arcrole/concept-label" xlink:from="loc_dnb_NL-LI" xlink:to="label_dnb_NL-LI" />
    <link:label xlink:type="resource" xlink:label="label_dnb_NL-LI_2" xml:lang="en" xlink:role="http://www.xbrl.org/2003/role/documentation">NL-LI</link:label>
    <link:labelArc xlink:type="arc" xlink:arcrole="http://www.xbrl.org/2003/arcrole/concept-label" xlink:from="loc_dnb_NL-LI" xlink:to="label_dnb_NL-LI_2" />
    <link:loc xlink:type="locator" xlink:href="mem.xsd#dnb_NL-NB" xlink:label="loc_dnb_NL-NB" />
    <link:label xlink:type="resource" xlink:label="label_dnb_NL-NB" xml:lang="en" xlink:role="http://www.xbrl.org/2003/role/label">North Brabant</link:label>
    <link:labelArc xlink:type="arc" xlink:arcrole="http://www.xbrl.org/2003/arcrole/concept-label" xlink:from="loc_dnb_NL-NB" xlink:to="label_dnb_NL-NB" />
    <link:label xlink:type="resource" xlink:label="label_dnb_NL-NB_2" xml:lang="en" xlink:role="http://www.xbrl.org/2003/role/documentation">NL-NB</link:label>
    <link:labelArc xlink:type="arc" xlink:arcrole="http://www.xbrl.org/2003/arcrole/concept-label" xlink:from="loc_dnb_NL-NB" xlink:to="label_dnb_NL-NB_2" />
    <link:loc xlink:type="locator" xlink:href="mem.xsd#dnb_NL-NH" xlink:label="loc_dnb_NL-NH" />
    <link:label xlink:type="resource" xlink:label="label_dnb_NL-NH" xml:lang="en" xlink:role="http://www.xbrl.org/2003/role/label">North Holland</link:label>
    <link:labelArc xlink:type="arc" xlink:arcrole="http://www.xbrl.org/2003/arcrole/concept-label" xlink:from="loc_dnb_NL-NH" xlink:to="label_dnb_NL-NH" />
    <link:label xlink:type="resource" xlink:label="label_dnb_NL-NH_2" xml:lang="en" xlink:role="http://www.xbrl.org/2003/role/documentation">NL-NH</link:label>
    <link:labelArc xlink:type="arc" xlink:arcrole="http://www.xbrl.org/2003/arcrole/concept-label" xlink:from="loc_dnb_NL-NH" xlink:to="label_dnb_NL-NH_2" />
    <link:loc xlink:type="locator" xlink:href="mem.xsd#dnb_NL-OV" xlink:label="loc_dnb_NL-OV" />
    <link:label xlink:type="resource" xlink:label="label_dnb_NL-OV" xml:lang="en" xlink:role="http://www.xbrl.org/2003/role/label">Overijssel</link:label>
    <link:labelArc xlink:type="arc" xlink:arcrole="http://www.xbrl.org/2003/arcrole/concept-label" xlink:from="loc_dnb_NL-OV" xlink:to="label_dnb_NL-OV" />
    <link:label xlink:type="resource" xlink:label="label_dnb_NL-OV_2" xml:lang="en" xlink:role="http://www.xbrl.org/2003/role/documentation">NL-OV</link:label>
    <link:labelArc xlink:type="arc" xlink:arcrole="http://www.xbrl.org/2003/arcrole/concept-label" xlink:from="loc_dnb_NL-OV" xlink:to="label_dnb_NL-OV_2" />
    <link:loc xlink:type="locator" xlink:href="mem.xsd#dnb_NL-UT" xlink:label="loc_dnb_NL-UT" />
    <link:label xlink:type="resource" xlink:label="label_dnb_NL-UT" xml:lang="en" xlink:role="http://www.xbrl.org/2003/role/label">Utrecht</link:label>
    <link:labelArc xlink:type="arc" xlink:arcrole="http://www.xbrl.org/2003/arcrole/concept-label" xlink:from="loc_dnb_NL-UT" xlink:to="label_dnb_NL-UT" />
    <link:label xlink:type="resource" xlink:label="label_dnb_NL-UT_2" xml:lang="en" xlink:role="http://www.xbrl.org/2003/role/documentation">NL-UT</link:label>
    <link:labelArc xlink:type="arc" xlink:arcrole="http://www.xbrl.org/2003/arcrole/concept-label" xlink:from="loc_dnb_NL-UT" xlink:to="label_dnb_NL-UT_2" />
    <link:loc xlink:type="locator" xlink:href="mem.xsd#dnb_NL-ZE" xlink:label="loc_dnb_NL-ZE" />
    <link:label xlink:type="resource" xlink:label="label_dnb_NL-ZE" xml:lang="en" xlink:role="http://www.xbrl.org/2003/role/label">Zeeland</link:label>
    <link:labelArc xlink:type="arc" xlink:arcrole="http://www.xbrl.org/2003/arcrole/concept-label" xlink:from="loc_dnb_NL-ZE" xlink:to="label_dnb_NL-ZE" />
    <link:label xlink:type="resource" xlink:label="label_dnb_NL-ZE_2" xml:lang="en" xlink:role="http://www.xbrl.org/2003/role/documentation">NL-ZE</link:label>
    <link:labelArc xlink:type="arc" xlink:arcrole="http://www.xbrl.org/2003/arcrole/concept-label" xlink:from="loc_dnb_NL-ZE" xlink:to="label_dnb_NL-ZE_2" />
    <link:loc xlink:type="locator" xlink:href="mem.xsd#dnb_NL-ZH" xlink:label="loc_dnb_NL-ZH" />
    <link:label xlink:type="resource" xlink:label="label_dnb_NL-ZH" xml:lang="en" xlink:role="http://www.xbrl.org/2003/role/label">South Holland</link:label>
    <link:labelArc xlink:type="arc" xlink:arcrole="http://www.xbrl.org/2003/arcrole/concept-label" xlink:from="loc_dnb_NL-ZH" xlink:to="label_dnb_NL-ZH" />
    <link:label xlink:type="resource" xlink:label="label_dnb_NL-ZH_2" xml:lang="en" xlink:role="http://www.xbrl.org/2003/role/documentation">NL-ZH</link:label>
    <link:labelArc xlink:type="arc" xlink:arcrole="http://www.xbrl.org/2003/arcrole/concept-label" xlink:from="loc_dnb_NL-ZH" xlink:to="label_dnb_NL-ZH_2" />
    <link:loc xlink:type="locator" xlink:href="mem.xsd#dnb_US" xlink:label="loc_dnb_US" />
    <link:label xlink:type="resource" xlink:label="label_dnb_US" xml:lang="en" xlink:role="http://www.xbrl.org/2003/role/label">US</link:label>
    <link:labelArc xlink:type="arc" xlink:arcrole="http://www.xbrl.org/2003/arcrole/concept-label" xlink:from="loc_dnb_US" xlink:to="label_dnb_US" />
    <link:label xlink:type="resource" xlink:label="label_dnb_US_2" xml:lang="en" xlink:role="http://www.xbrl.org/2003/role/documentation">US</link:label>
    <link:labelArc xlink:type="arc" xlink:arcrole="http://www.xbrl.org/2003/arcrole/concept-label" xlink:from="loc_dnb_US" xlink:to="label_dnb_US_2" />
  </link:labelLink>
</link:linkbase>