﻿<?xml version="1.0" encoding="utf-8"?>
<!--© DNB-->
<link:linkbase xmlns:xsi="http://www.w3.org/2001/XMLSchema-instance" xmlns:xlink="http://www.w3.org/1999/xlink" xmlns:link="http://www.xbrl.org/2003/linkbase" xmlns:xbrldt="http://xbrl.org/2005/xbrldt" xsi:schemaLocation="http://www.xbrl.org/2003/linkbase http://www.xbrl.org/2003/xbrl-linkbase-2003-12-31.xsd http://xbrl.org/2005/xbrldt http://www.xbrl.org/2005/xbrldt-2005.xsd">
  <link:arcroleRef arcroleURI="http://xbrl.org/int/dim/arcrole/domain-member" xlink:type="simple" xlink:href="http://www.xbrl.org/2005/xbrldt-2005.xsd#domain-member" />
  <link:definitionLink xlink:type="extended" xlink:role="http://www.xbrl.org/2003/role/link">
    <link:loc xlink:type="locator" xlink:href="../exp.xsd#dnb_dom005" xlink:label="loc_dnb_dom005" />
    <link:loc xlink:type="locator" xlink:href="mem.xsd#dnb_JP" xlink:label="loc_dnb_JP" />
    <link:definitionArc xlink:type="arc" xlink:arcrole="http://xbrl.org/int/dim/arcrole/domain-member" xlink:from="loc_dnb_dom005" xlink:to="loc_dnb_JP" order="1" />
    <link:loc xlink:type="locator" xlink:href="mem.xsd#dnb_mem000" xlink:label="loc_dnb_mem000" />
    <link:definitionArc xlink:type="arc" xlink:arcrole="http://xbrl.org/int/dim/arcrole/domain-member" xlink:from="loc_dnb_dom005" xlink:to="loc_dnb_mem000" order="2" />
    <link:loc xlink:type="locator" xlink:href="mem.xsd#dnb_mem001" xlink:label="loc_dnb_mem001" />
    <link:definitionArc xlink:type="arc" xlink:arcrole="http://xbrl.org/int/dim/arcrole/domain-member" xlink:from="loc_dnb_dom005" xlink:to="loc_dnb_mem001" order="3" />
    <link:loc xlink:type="locator" xlink:href="mem.xsd#dnb_mem002" xlink:label="loc_dnb_mem002" />
    <link:definitionArc xlink:type="arc" xlink:arcrole="http://xbrl.org/int/dim/arcrole/domain-member" xlink:from="loc_dnb_dom005" xlink:to="loc_dnb_mem002" order="4" />
    <link:loc xlink:type="locator" xlink:href="mem.xsd#dnb_mem003" xlink:label="loc_dnb_mem003" />
    <link:definitionArc xlink:type="arc" xlink:arcrole="http://xbrl.org/int/dim/arcrole/domain-member" xlink:from="loc_dnb_dom005" xlink:to="loc_dnb_mem003" order="5" />
    <link:loc xlink:type="locator" xlink:href="mem.xsd#dnb_mem004" xlink:label="loc_dnb_mem004" />
    <link:definitionArc xlink:type="arc" xlink:arcrole="http://xbrl.org/int/dim/arcrole/domain-member" xlink:from="loc_dnb_dom005" xlink:to="loc_dnb_mem004" order="6" />
    <link:loc xlink:type="locator" xlink:href="mem.xsd#dnb_mem005" xlink:label="loc_dnb_mem005" />
    <link:definitionArc xlink:type="arc" xlink:arcrole="http://xbrl.org/int/dim/arcrole/domain-member" xlink:from="loc_dnb_dom005" xlink:to="loc_dnb_mem005" order="7" />
    <link:loc xlink:type="locator" xlink:href="mem.xsd#dnb_NL" xlink:label="loc_dnb_NL" />
    <link:definitionArc xlink:type="arc" xlink:arcrole="http://xbrl.org/int/dim/arcrole/domain-member" xlink:from="loc_dnb_dom005" xlink:to="loc_dnb_NL" order="8" />
    <link:loc xlink:type="locator" xlink:href="mem.xsd#dnb_NL-DR" xlink:label="loc_dnb_NL-DR" />
    <link:definitionArc xlink:type="arc" xlink:arcrole="http://xbrl.org/int/dim/arcrole/domain-member" xlink:from="loc_dnb_dom005" xlink:to="loc_dnb_NL-DR" order="9" />
    <link:loc xlink:type="locator" xlink:href="mem.xsd#dnb_NL-FL" xlink:label="loc_dnb_NL-FL" />
    <link:definitionArc xlink:type="arc" xlink:arcrole="http://xbrl.org/int/dim/arcrole/domain-member" xlink:from="loc_dnb_dom005" xlink:to="loc_dnb_NL-FL" order="10" />
    <link:loc xlink:type="locator" xlink:href="mem.xsd#dnb_NL-FR" xlink:label="loc_dnb_NL-FR" />
    <link:definitionArc xlink:type="arc" xlink:arcrole="http://xbrl.org/int/dim/arcrole/domain-member" xlink:from="loc_dnb_dom005" xlink:to="loc_dnb_NL-FR" order="11" />
    <link:loc xlink:type="locator" xlink:href="mem.xsd#dnb_NL-GE" xlink:label="loc_dnb_NL-GE" />
    <link:definitionArc xlink:type="arc" xlink:arcrole="http://xbrl.org/int/dim/arcrole/domain-member" xlink:from="loc_dnb_dom005" xlink:to="loc_dnb_NL-GE" order="12" />
    <link:loc xlink:type="locator" xlink:href="mem.xsd#dnb_NL-GR" xlink:label="loc_dnb_NL-GR" />
    <link:definitionArc xlink:type="arc" xlink:arcrole="http://xbrl.org/int/dim/arcrole/domain-member" xlink:from="loc_dnb_dom005" xlink:to="loc_dnb_NL-GR" order="13" />
    <link:loc xlink:type="locator" xlink:href="mem.xsd#dnb_NL-LI" xlink:label="loc_dnb_NL-LI" />
    <link:definitionArc xlink:type="arc" xlink:arcrole="http://xbrl.org/int/dim/arcrole/domain-member" xlink:from="loc_dnb_dom005" xlink:to="loc_dnb_NL-LI" order="14" />
    <link:loc xlink:type="locator" xlink:href="mem.xsd#dnb_NL-NB" xlink:label="loc_dnb_NL-NB" />
    <link:definitionArc xlink:type="arc" xlink:arcrole="http://xbrl.org/int/dim/arcrole/domain-member" xlink:from="loc_dnb_dom005" xlink:to="loc_dnb_NL-NB" order="15" />
    <link:loc xlink:type="locator" xlink:href="mem.xsd#dnb_NL-NH" xlink:label="loc_dnb_NL-NH" />
    <link:definitionArc xlink:type="arc" xlink:arcrole="http://xbrl.org/int/dim/arcrole/domain-member" xlink:from="loc_dnb_dom005" xlink:to="loc_dnb_NL-NH" order="16" />
    <link:loc xlink:type="locator" xlink:href="mem.xsd#dnb_NL-OV" xlink:label="loc_dnb_NL-OV" />
    <link:definitionArc xlink:type="arc" xlink:arcrole="http://xbrl.org/int/dim/arcrole/domain-member" xlink:from="loc_dnb_dom005" xlink:to="loc_dnb_NL-OV" order="17" />
    <link:loc xlink:type="locator" xlink:href="mem.xsd#dnb_NL-UT" xlink:label="loc_dnb_NL-UT" />
    <link:definitionArc xlink:type="arc" xlink:arcrole="http://xbrl.org/int/dim/arcrole/domain-member" xlink:from="loc_dnb_dom005" xlink:to="loc_dnb_NL-UT" order="18" />
    <link:loc xlink:type="locator" xlink:href="mem.xsd#dnb_NL-ZE" xlink:label="loc_dnb_NL-ZE" />
    <link:definitionArc xlink:type="arc" xlink:arcrole="http://xbrl.org/int/dim/arcrole/domain-member" xlink:from="loc_dnb_dom005" xlink:to="loc_dnb_NL-ZE" order="19" />
    <link:loc xlink:type="locator" xlink:href="mem.xsd#dnb_NL-ZH" xlink:label="loc_dnb_NL-ZH" />
    <link:definitionArc xlink:type="arc" xlink:arcrole="http://xbrl.org/int/dim/arcrole/domain-member" xlink:from="loc_dnb_dom005" xlink:to="loc_dnb_NL-ZH" order="20" />
    <link:loc xlink:type="locator" xlink:href="mem.xsd#dnb_US" xlink:label="loc_dnb_US" />
    <link:definitionArc xlink:type="arc" xlink:arcrole="http://xbrl.org/int/dim/arcrole/domain-member" xlink:from="loc_dnb_dom005" xlink:to="loc_dnb_US" order="21" />
  </link:definitionLink>
</link:linkbase>