﻿<?xml version="1.0" encoding="utf-8"?>
<?taxonomy-version 2.8.0.0 ?> <?taxonomy-set-overall-version 2.8.0.0 ?>
<!--(C) EBA-->
<link:linkbase xmlns:xsi="http://www.w3.org/2001/XMLSchema-instance" xmlns:xlink="http://www.w3.org/1999/xlink" xmlns:link="http://www.xbrl.org/2003/linkbase" xsi:schemaLocation="http://www.xbrl.org/2003/linkbase http://www.xbrl.org/2003/xbrl-linkbase-2003-12-31.xsd">
  <link:roleRef roleURI="http://www.eba.europa.eu/xbrl/crr/role/dict/dom/TI/TI1" xlink:type="simple" xlink:href="hier.xsd#eba_TI1" />
  <link:roleRef roleURI="http://www.eba.europa.eu/xbrl/crr/role/dict/dom/TI/TI2" xlink:type="simple" xlink:href="hier.xsd#eba_TI2" />
  <link:roleRef roleURI="http://www.eba.europa.eu/xbrl/crr/role/dict/dom/TI/TI3" xlink:type="simple" xlink:href="hier.xsd#eba_TI3" />
  <link:roleRef roleURI="http://www.eba.europa.eu/xbrl/crr/role/dict/dom/TI/TI4" xlink:type="simple" xlink:href="hier.xsd#eba_TI4" />
  <link:roleRef roleURI="http://www.eba.europa.eu/xbrl/crr/role/dict/dom/TI/TI5" xlink:type="simple" xlink:href="hier.xsd#eba_TI5" />
  <link:roleRef roleURI="http://www.eba.europa.eu/xbrl/crr/role/dict/dom/TI/TI6" xlink:type="simple" xlink:href="hier.xsd#eba_TI6" />
  <link:roleRef roleURI="http://www.eba.europa.eu/xbrl/crr/role/dict/dom/TI/TI7" xlink:type="simple" xlink:href="hier.xsd#eba_TI7" />
  <link:roleRef roleURI="http://www.eba.europa.eu/xbrl/crr/role/dict/dom/TI/TI8" xlink:type="simple" xlink:href="hier.xsd#eba_TI8" />
  <link:roleRef roleURI="http://www.eba.europa.eu/xbrl/crr/role/dict/dom/TI/TI9" xlink:type="simple" xlink:href="hier.xsd#eba_TI9" />
  <link:presentationLink xlink:type="extended" xlink:role="http://www.eba.europa.eu/xbrl/crr/role/dict/dom/TI/TI1">
    <link:loc xlink:type="locator" xlink:href="../exp.xsd#eba_TI" xlink:label="loc_eba_TI" />
    <link:loc xlink:type="locator" xlink:href="mem.xsd#eba_x0" xlink:label="loc_eba_x0" />
    <link:presentationArc xlink:type="arc" xlink:arcrole="http://www.xbrl.org/2003/arcrole/parent-child" xlink:from="loc_eba_TI" xlink:to="loc_eba_x0" order="1" />
    <link:loc xlink:type="locator" xlink:href="mem.xsd#eba_x11" xlink:label="loc_eba_x11" />
    <link:presentationArc xlink:type="arc" xlink:arcrole="http://www.xbrl.org/2003/arcrole/parent-child" xlink:from="loc_eba_x0" xlink:to="loc_eba_x11" order="1" />
    <link:loc xlink:type="locator" xlink:href="mem.xsd#eba_x14" xlink:label="loc_eba_x14" />
    <link:presentationArc xlink:type="arc" xlink:arcrole="http://www.xbrl.org/2003/arcrole/parent-child" xlink:from="loc_eba_x0" xlink:to="loc_eba_x14" order="2" />
    <link:loc xlink:type="locator" xlink:href="mem.xsd#eba_x12" xlink:label="loc_eba_x12" />
    <link:presentationArc xlink:type="arc" xlink:arcrole="http://www.xbrl.org/2003/arcrole/parent-child" xlink:from="loc_eba_x0" xlink:to="loc_eba_x12" order="3" />
    <link:loc xlink:type="locator" xlink:href="mem.xsd#eba_x13" xlink:label="loc_eba_x13" />
    <link:presentationArc xlink:type="arc" xlink:arcrole="http://www.xbrl.org/2003/arcrole/parent-child" xlink:from="loc_eba_x0" xlink:to="loc_eba_x13" order="4" />
    <link:loc xlink:type="locator" xlink:href="mem.xsd#eba_x9" xlink:label="loc_eba_x9" />
    <link:presentationArc xlink:type="arc" xlink:arcrole="http://www.xbrl.org/2003/arcrole/parent-child" xlink:from="loc_eba_x0" xlink:to="loc_eba_x9" order="5" />
  </link:presentationLink>
  <link:presentationLink xlink:type="extended" xlink:role="http://www.eba.europa.eu/xbrl/crr/role/dict/dom/TI/TI2">
    <link:loc xlink:type="locator" xlink:href="../exp.xsd#eba_TI" xlink:label="loc_eba_TI" />
    <link:loc xlink:type="locator" xlink:href="mem.xsd#eba_x16" xlink:label="loc_eba_x16" />
    <link:presentationArc xlink:type="arc" xlink:arcrole="http://www.xbrl.org/2003/arcrole/parent-child" xlink:from="loc_eba_TI" xlink:to="loc_eba_x16" order="1" />
    <link:loc xlink:type="locator" xlink:href="mem.xsd#eba_x11" xlink:label="loc_eba_x11" />
    <link:presentationArc xlink:type="arc" xlink:arcrole="http://www.xbrl.org/2003/arcrole/parent-child" xlink:from="loc_eba_x16" xlink:to="loc_eba_x11" order="1" />
    <link:loc xlink:type="locator" xlink:href="mem.xsd#eba_x10" xlink:label="loc_eba_x10" />
    <link:presentationArc xlink:type="arc" xlink:arcrole="http://www.xbrl.org/2003/arcrole/parent-child" xlink:from="loc_eba_x16" xlink:to="loc_eba_x10" order="2" />
  </link:presentationLink>
  <link:presentationLink xlink:type="extended" xlink:role="http://www.eba.europa.eu/xbrl/crr/role/dict/dom/TI/TI3">
    <link:loc xlink:type="locator" xlink:href="../exp.xsd#eba_TI" xlink:label="loc_eba_TI" />
    <link:loc xlink:type="locator" xlink:href="mem.xsd#eba_x0" xlink:label="loc_eba_x0" />
    <link:presentationArc xlink:type="arc" xlink:arcrole="http://www.xbrl.org/2003/arcrole/parent-child" xlink:from="loc_eba_TI" xlink:to="loc_eba_x0" order="1" />
    <link:loc xlink:type="locator" xlink:href="mem.xsd#eba_x34" xlink:label="loc_eba_x34" />
    <link:presentationArc xlink:type="arc" xlink:arcrole="http://www.xbrl.org/2003/arcrole/parent-child" xlink:from="loc_eba_x0" xlink:to="loc_eba_x34" order="1" />
    <link:loc xlink:type="locator" xlink:href="mem.xsd#eba_x35" xlink:label="loc_eba_x35" />
    <link:presentationArc xlink:type="arc" xlink:arcrole="http://www.xbrl.org/2003/arcrole/parent-child" xlink:from="loc_eba_x0" xlink:to="loc_eba_x35" order="2" />
    <link:loc xlink:type="locator" xlink:href="mem.xsd#eba_x36" xlink:label="loc_eba_x36" />
    <link:presentationArc xlink:type="arc" xlink:arcrole="http://www.xbrl.org/2003/arcrole/parent-child" xlink:from="loc_eba_x0" xlink:to="loc_eba_x36" order="3" />
    <link:loc xlink:type="locator" xlink:href="mem.xsd#eba_x37" xlink:label="loc_eba_x37" />
    <link:presentationArc xlink:type="arc" xlink:arcrole="http://www.xbrl.org/2003/arcrole/parent-child" xlink:from="loc_eba_x0" xlink:to="loc_eba_x37" order="4" />
    <link:loc xlink:type="locator" xlink:href="mem.xsd#eba_x38" xlink:label="loc_eba_x38" />
    <link:presentationArc xlink:type="arc" xlink:arcrole="http://www.xbrl.org/2003/arcrole/parent-child" xlink:from="loc_eba_x0" xlink:to="loc_eba_x38" order="5" />
    <link:loc xlink:type="locator" xlink:href="mem.xsd#eba_x39" xlink:label="loc_eba_x39" />
    <link:presentationArc xlink:type="arc" xlink:arcrole="http://www.xbrl.org/2003/arcrole/parent-child" xlink:from="loc_eba_x0" xlink:to="loc_eba_x39" order="6" />
    <link:loc xlink:type="locator" xlink:href="mem.xsd#eba_x40" xlink:label="loc_eba_x40" />
    <link:presentationArc xlink:type="arc" xlink:arcrole="http://www.xbrl.org/2003/arcrole/parent-child" xlink:from="loc_eba_x0" xlink:to="loc_eba_x40" order="7" />
    <link:loc xlink:type="locator" xlink:href="mem.xsd#eba_x41" xlink:label="loc_eba_x41" />
    <link:presentationArc xlink:type="arc" xlink:arcrole="http://www.xbrl.org/2003/arcrole/parent-child" xlink:from="loc_eba_x0" xlink:to="loc_eba_x41" order="8" />
    <link:loc xlink:type="locator" xlink:href="mem.xsd#eba_x42" xlink:label="loc_eba_x42" />
    <link:presentationArc xlink:type="arc" xlink:arcrole="http://www.xbrl.org/2003/arcrole/parent-child" xlink:from="loc_eba_x0" xlink:to="loc_eba_x42" order="9" />
    <link:loc xlink:type="locator" xlink:href="mem.xsd#eba_x43" xlink:label="loc_eba_x43" />
    <link:presentationArc xlink:type="arc" xlink:arcrole="http://www.xbrl.org/2003/arcrole/parent-child" xlink:from="loc_eba_x0" xlink:to="loc_eba_x43" order="10" />
    <link:loc xlink:type="locator" xlink:href="mem.xsd#eba_x44" xlink:label="loc_eba_x44" />
    <link:presentationArc xlink:type="arc" xlink:arcrole="http://www.xbrl.org/2003/arcrole/parent-child" xlink:from="loc_eba_x0" xlink:to="loc_eba_x44" order="11" />
    <link:loc xlink:type="locator" xlink:href="mem.xsd#eba_x45" xlink:label="loc_eba_x45" />
    <link:presentationArc xlink:type="arc" xlink:arcrole="http://www.xbrl.org/2003/arcrole/parent-child" xlink:from="loc_eba_x0" xlink:to="loc_eba_x45" order="12" />
    <link:loc xlink:type="locator" xlink:href="mem.xsd#eba_x46" xlink:label="loc_eba_x46" />
    <link:presentationArc xlink:type="arc" xlink:arcrole="http://www.xbrl.org/2003/arcrole/parent-child" xlink:from="loc_eba_x0" xlink:to="loc_eba_x46" order="13" />
    <link:loc xlink:type="locator" xlink:href="mem.xsd#eba_x47" xlink:label="loc_eba_x47" />
    <link:presentationArc xlink:type="arc" xlink:arcrole="http://www.xbrl.org/2003/arcrole/parent-child" xlink:from="loc_eba_x0" xlink:to="loc_eba_x47" order="14" />
    <link:loc xlink:type="locator" xlink:href="mem.xsd#eba_x48" xlink:label="loc_eba_x48" />
    <link:presentationArc xlink:type="arc" xlink:arcrole="http://www.xbrl.org/2003/arcrole/parent-child" xlink:from="loc_eba_x0" xlink:to="loc_eba_x48" order="15" />
    <link:loc xlink:type="locator" xlink:href="mem.xsd#eba_x49" xlink:label="loc_eba_x49" />
    <link:presentationArc xlink:type="arc" xlink:arcrole="http://www.xbrl.org/2003/arcrole/parent-child" xlink:from="loc_eba_x0" xlink:to="loc_eba_x49" order="16" />
    <link:loc xlink:type="locator" xlink:href="mem.xsd#eba_x50" xlink:label="loc_eba_x50" />
    <link:presentationArc xlink:type="arc" xlink:arcrole="http://www.xbrl.org/2003/arcrole/parent-child" xlink:from="loc_eba_x0" xlink:to="loc_eba_x50" order="17" />
    <link:loc xlink:type="locator" xlink:href="mem.xsd#eba_x51" xlink:label="loc_eba_x51" />
    <link:presentationArc xlink:type="arc" xlink:arcrole="http://www.xbrl.org/2003/arcrole/parent-child" xlink:from="loc_eba_x0" xlink:to="loc_eba_x51" order="18" />
    <link:loc xlink:type="locator" xlink:href="mem.xsd#eba_x52" xlink:label="loc_eba_x52" />
    <link:presentationArc xlink:type="arc" xlink:arcrole="http://www.xbrl.org/2003/arcrole/parent-child" xlink:from="loc_eba_x0" xlink:to="loc_eba_x52" order="19" />
    <link:loc xlink:type="locator" xlink:href="mem.xsd#eba_x53" xlink:label="loc_eba_x53" />
    <link:presentationArc xlink:type="arc" xlink:arcrole="http://www.xbrl.org/2003/arcrole/parent-child" xlink:from="loc_eba_x0" xlink:to="loc_eba_x53" order="20" />
    <link:loc xlink:type="locator" xlink:href="mem.xsd#eba_x54" xlink:label="loc_eba_x54" />
    <link:presentationArc xlink:type="arc" xlink:arcrole="http://www.xbrl.org/2003/arcrole/parent-child" xlink:from="loc_eba_x0" xlink:to="loc_eba_x54" order="21" />
    <link:loc xlink:type="locator" xlink:href="mem.xsd#eba_x55" xlink:label="loc_eba_x55" />
    <link:presentationArc xlink:type="arc" xlink:arcrole="http://www.xbrl.org/2003/arcrole/parent-child" xlink:from="loc_eba_x0" xlink:to="loc_eba_x55" order="22" />
    <link:loc xlink:type="locator" xlink:href="mem.xsd#eba_x21" xlink:label="loc_eba_x21" />
    <link:presentationArc xlink:type="arc" xlink:arcrole="http://www.xbrl.org/2003/arcrole/parent-child" xlink:from="loc_eba_x0" xlink:to="loc_eba_x21" order="23" />
    <link:loc xlink:type="locator" xlink:href="mem.xsd#eba_x31" xlink:label="loc_eba_x31" />
    <link:presentationArc xlink:type="arc" xlink:arcrole="http://www.xbrl.org/2003/arcrole/parent-child" xlink:from="loc_eba_x0" xlink:to="loc_eba_x31" order="24" />
  </link:presentationLink>
  <link:presentationLink xlink:type="extended" xlink:role="http://www.eba.europa.eu/xbrl/crr/role/dict/dom/TI/TI4">
    <link:loc xlink:type="locator" xlink:href="../exp.xsd#eba_TI" xlink:label="loc_eba_TI" />
    <link:loc xlink:type="locator" xlink:href="mem.xsd#eba_x0" xlink:label="loc_eba_x0" />
    <link:presentationArc xlink:type="arc" xlink:arcrole="http://www.xbrl.org/2003/arcrole/parent-child" xlink:from="loc_eba_TI" xlink:to="loc_eba_x0" order="1" />
    <link:loc xlink:type="locator" xlink:href="mem.xsd#eba_x63" xlink:label="loc_eba_x63" />
    <link:presentationArc xlink:type="arc" xlink:arcrole="http://www.xbrl.org/2003/arcrole/parent-child" xlink:from="loc_eba_x0" xlink:to="loc_eba_x63" order="1" />
    <link:loc xlink:type="locator" xlink:href="mem.xsd#eba_x64" xlink:label="loc_eba_x64" />
    <link:presentationArc xlink:type="arc" xlink:arcrole="http://www.xbrl.org/2003/arcrole/parent-child" xlink:from="loc_eba_x0" xlink:to="loc_eba_x64" order="2" />
  </link:presentationLink>
  <link:presentationLink xlink:type="extended" xlink:role="http://www.eba.europa.eu/xbrl/crr/role/dict/dom/TI/TI5">
    <link:loc xlink:type="locator" xlink:href="../exp.xsd#eba_TI" xlink:label="loc_eba_TI" />
    <link:loc xlink:type="locator" xlink:href="mem.xsd#eba_x102" xlink:label="loc_eba_x102" />
    <link:presentationArc xlink:type="arc" xlink:arcrole="http://www.xbrl.org/2003/arcrole/parent-child" xlink:from="loc_eba_TI" xlink:to="loc_eba_x102" order="1" />
    <link:loc xlink:type="locator" xlink:href="mem.xsd#eba_x27" xlink:label="loc_eba_x27" />
    <link:presentationArc xlink:type="arc" xlink:arcrole="http://www.xbrl.org/2003/arcrole/parent-child" xlink:from="loc_eba_TI" xlink:to="loc_eba_x27" order="2" />
    <link:loc xlink:type="locator" xlink:href="mem.xsd#eba_x62" xlink:label="loc_eba_x62" />
    <link:presentationArc xlink:type="arc" xlink:arcrole="http://www.xbrl.org/2003/arcrole/parent-child" xlink:from="loc_eba_TI" xlink:to="loc_eba_x62" order="3" />
    <link:loc xlink:type="locator" xlink:href="mem.xsd#eba_x103" xlink:label="loc_eba_x103" />
    <link:presentationArc xlink:type="arc" xlink:arcrole="http://www.xbrl.org/2003/arcrole/parent-child" xlink:from="loc_eba_TI" xlink:to="loc_eba_x103" order="4" />
  </link:presentationLink>
  <link:presentationLink xlink:type="extended" xlink:role="http://www.eba.europa.eu/xbrl/crr/role/dict/dom/TI/TI6">
    <link:loc xlink:type="locator" xlink:href="../exp.xsd#eba_TI" xlink:label="loc_eba_TI" />
    <link:loc xlink:type="locator" xlink:href="mem.xsd#eba_x99" xlink:label="loc_eba_x99" />
    <link:presentationArc xlink:type="arc" xlink:arcrole="http://www.xbrl.org/2003/arcrole/parent-child" xlink:from="loc_eba_TI" xlink:to="loc_eba_x99" order="1" />
    <link:loc xlink:type="locator" xlink:href="mem.xsd#eba_x100" xlink:label="loc_eba_x100" />
    <link:presentationArc xlink:type="arc" xlink:arcrole="http://www.xbrl.org/2003/arcrole/parent-child" xlink:from="loc_eba_TI" xlink:to="loc_eba_x100" order="2" />
    <link:loc xlink:type="locator" xlink:href="mem.xsd#eba_x101" xlink:label="loc_eba_x101" />
    <link:presentationArc xlink:type="arc" xlink:arcrole="http://www.xbrl.org/2003/arcrole/parent-child" xlink:from="loc_eba_TI" xlink:to="loc_eba_x101" order="3" />
  </link:presentationLink>
  <link:presentationLink xlink:type="extended" xlink:role="http://www.eba.europa.eu/xbrl/crr/role/dict/dom/TI/TI7">
    <link:loc xlink:type="locator" xlink:href="../exp.xsd#eba_TI" xlink:label="loc_eba_TI" />
    <link:loc xlink:type="locator" xlink:href="mem.xsd#eba_x104" xlink:label="loc_eba_x104" />
    <link:presentationArc xlink:type="arc" xlink:arcrole="http://www.xbrl.org/2003/arcrole/parent-child" xlink:from="loc_eba_TI" xlink:to="loc_eba_x104" order="1" />
    <link:loc xlink:type="locator" xlink:href="mem.xsd#eba_x17" xlink:label="loc_eba_x17" />
    <link:presentationArc xlink:type="arc" xlink:arcrole="http://www.xbrl.org/2003/arcrole/parent-child" xlink:from="loc_eba_TI" xlink:to="loc_eba_x17" order="2" />
    <link:loc xlink:type="locator" xlink:href="mem.xsd#eba_x18" xlink:label="loc_eba_x18" />
    <link:presentationArc xlink:type="arc" xlink:arcrole="http://www.xbrl.org/2003/arcrole/parent-child" xlink:from="loc_eba_TI" xlink:to="loc_eba_x18" order="3" />
    <link:loc xlink:type="locator" xlink:href="mem.xsd#eba_x6" xlink:label="loc_eba_x6" />
    <link:presentationArc xlink:type="arc" xlink:arcrole="http://www.xbrl.org/2003/arcrole/parent-child" xlink:from="loc_eba_TI" xlink:to="loc_eba_x6" order="4" />
  </link:presentationLink>
  <link:presentationLink xlink:type="extended" xlink:role="http://www.eba.europa.eu/xbrl/crr/role/dict/dom/TI/TI8">
    <link:loc xlink:type="locator" xlink:href="../exp.xsd#eba_TI" xlink:label="loc_eba_TI" />
    <link:loc xlink:type="locator" xlink:href="mem.xsd#eba_x66" xlink:label="loc_eba_x66" />
    <link:presentationArc xlink:type="arc" xlink:arcrole="http://www.xbrl.org/2003/arcrole/parent-child" xlink:from="loc_eba_TI" xlink:to="loc_eba_x66" order="1" />
    <link:loc xlink:type="locator" xlink:href="mem.xsd#eba_x68" xlink:label="loc_eba_x68" />
    <link:presentationArc xlink:type="arc" xlink:arcrole="http://www.xbrl.org/2003/arcrole/parent-child" xlink:from="loc_eba_TI" xlink:to="loc_eba_x68" order="2" />
    <link:loc xlink:type="locator" xlink:href="mem.xsd#eba_x261" xlink:label="loc_eba_x261" />
    <link:presentationArc xlink:type="arc" xlink:arcrole="http://www.xbrl.org/2003/arcrole/parent-child" xlink:from="loc_eba_TI" xlink:to="loc_eba_x261" order="3" />
    <link:loc xlink:type="locator" xlink:href="mem.xsd#eba_x30" xlink:label="loc_eba_x30" />
    <link:presentationArc xlink:type="arc" xlink:arcrole="http://www.xbrl.org/2003/arcrole/parent-child" xlink:from="loc_eba_TI" xlink:to="loc_eba_x30" order="4" />
    <link:loc xlink:type="locator" xlink:href="mem.xsd#eba_x1" xlink:label="loc_eba_x1" />
    <link:presentationArc xlink:type="arc" xlink:arcrole="http://www.xbrl.org/2003/arcrole/parent-child" xlink:from="loc_eba_TI" xlink:to="loc_eba_x1" order="5" />
  </link:presentationLink>
  <link:presentationLink xlink:type="extended" xlink:role="http://www.eba.europa.eu/xbrl/crr/role/dict/dom/TI/TI9">
    <link:loc xlink:type="locator" xlink:href="../exp.xsd#eba_TI" xlink:label="loc_eba_TI" />
    <link:loc xlink:type="locator" xlink:href="mem.xsd#eba_x59" xlink:label="loc_eba_x59" />
    <link:presentationArc xlink:type="arc" xlink:arcrole="http://www.xbrl.org/2003/arcrole/parent-child" xlink:from="loc_eba_TI" xlink:to="loc_eba_x59" order="1" />
    <link:loc xlink:type="locator" xlink:href="mem.xsd#eba_x66" xlink:label="loc_eba_x66" />
    <link:presentationArc xlink:type="arc" xlink:arcrole="http://www.xbrl.org/2003/arcrole/parent-child" xlink:from="loc_eba_TI" xlink:to="loc_eba_x66" order="2" />
    <link:loc xlink:type="locator" xlink:href="mem.xsd#eba_x641" xlink:label="loc_eba_x641" />
    <link:presentationArc xlink:type="arc" xlink:arcrole="http://www.xbrl.org/2003/arcrole/parent-child" xlink:from="loc_eba_TI" xlink:to="loc_eba_x641" order="3" />
    <link:loc xlink:type="locator" xlink:href="mem.xsd#eba_x161" xlink:label="loc_eba_x161" />
    <link:presentationArc xlink:type="arc" xlink:arcrole="http://www.xbrl.org/2003/arcrole/parent-child" xlink:from="loc_eba_TI" xlink:to="loc_eba_x161" order="4" />
  </link:presentationLink>
</link:linkbase>