﻿<?xml version="1.0" encoding="utf-8"?>
<!--© DNB-->
<link:linkbase xmlns:xsi="http://www.w3.org/2001/XMLSchema-instance" xmlns:xlink="http://www.w3.org/1999/xlink" xmlns:link="http://www.xbrl.org/2003/linkbase" xmlns:gen="http://xbrl.org/2008/generic" xmlns:label="http://xbrl.org/2008/label" xmlns:formula="http://xbrl.org/2008/formula" xmlns:df="http://xbrl.org/2008/filter/dimension" xmlns:table="http://xbrl.org/2014/table" xmlns:model="http://www.eurofiling.info/xbrl/ext/model" xmlns:dnb_met="http://www.dnb.nl/xbrl/dict/met" xmlns:dnb_dim="http://www.dnb.nl/xbrl/dict/dim" xmlns:dnb_ppi_dom001="http://www.dnb.nl/xbrl/dict/dom/ppi_dom001" xmlns:dnb_ppi_dom004="http://www.dnb.nl/xbrl/dict/dom/ppi_dom004" xmlns:dnb_ppi_dom005="http://www.dnb.nl/xbrl/dict/dom/ppi_dom005" xmlns:dnb_ppi_dom006="http://www.dnb.nl/xbrl/dict/dom/ppi_dom006" xsi:schemaLocation="http://www.xbrl.org/2003/linkbase http://www.xbrl.org/2003/xbrl-linkbase-2003-12-31.xsd http://xbrl.org/2008/generic http://www.xbrl.org/2008/generic-link.xsd http://xbrl.org/2008/label http://www.xbrl.org/2008/generic-label.xsd http://xbrl.org/2008/formula http://www.xbrl.org/2008/formula.xsd http://xbrl.org/2008/filter/dimension http://www.xbrl.org/2008/dimension-filter.xsd http://xbrl.org/2014/table http://www.xbrl.org/2014/table.xsd http://www.eurofiling.info/xbrl/ext/model http://www.eurofiling.info/eu/fr/xbrl/ext/model.xsd">
  <link:arcroleRef arcroleURI="http://xbrl.org/arcrole/2014/breakdown-tree" xlink:type="simple" xlink:href="http://www.xbrl.org/2014/table.xsd#breakdown-tree" />
  <link:arcroleRef arcroleURI="http://xbrl.org/arcrole/2014/definition-node-subtree" xlink:type="simple" xlink:href="http://www.xbrl.org/2014/table.xsd#definition-node-subtree" />
  <link:arcroleRef arcroleURI="http://xbrl.org/arcrole/2014/table-breakdown" xlink:type="simple" xlink:href="http://www.xbrl.org/2014/table.xsd#table-breakdown" />
  <link:roleRef roleURI="http://www.dnb.nl/xbrl/role/fws/DNB-NR/ppi-2019-06/2019-12-31/tab/T1" xlink:type="simple" xlink:href="t1.xsd#role" />
  <gen:link xlink:type="extended" xlink:role="http://www.dnb.nl/xbrl/role/fws/DNB-NR/ppi-2019-06/2019-12-31/tab/T1">
    <table:table xlink:type="resource" xlink:label="dnb_tT1" id="dnb_tT1" />
    <table:breakdown xlink:type="resource" xlink:label="dnb_a1" parentChildOrder="parent-first" id="dnb_a1" />
    <table:ruleNode xlink:type="resource" xlink:label="dnb_a1.root" abstract="true" merge="true" id="dnb_a1.root" />
    <table:breakdownTreeArc xlink:type="arc" xlink:arcrole="http://xbrl.org/arcrole/2014/breakdown-tree" xlink:from="dnb_a1" xlink:to="dnb_a1.root" order="0" />
    <table:ruleNode xlink:type="resource" xlink:label="dnb_c1" id="dnb_c1">
      <formula:concept>
        <formula:qname>dnb_met:mi_ppi_005</formula:qname>
      </formula:concept>
      <formula:explicitDimension dimension="dnb_dim:ppi_dim001">
        <formula:member>
          <formula:qname>dnb_ppi_dom001:mem002</formula:qname>
        </formula:member>
      </formula:explicitDimension>
    </table:ruleNode>
    <table:definitionNodeSubtreeArc xlink:type="arc" xlink:arcrole="http://xbrl.org/arcrole/2014/definition-node-subtree" xlink:from="dnb_a1.root" xlink:to="dnb_c1" order="1" />
    <table:tableBreakdownArc xlink:type="arc" xlink:arcrole="http://xbrl.org/arcrole/2014/table-breakdown" xlink:from="dnb_tT1" xlink:to="dnb_a1" axis="x" order="1" />
    <table:breakdown xlink:type="resource" xlink:label="dnb_a2" parentChildOrder="parent-first" id="dnb_a2" />
    <table:ruleNode xlink:type="resource" xlink:label="dnb_a2.root" abstract="true" merge="true" id="dnb_a2.root" />
    <table:breakdownTreeArc xlink:type="arc" xlink:arcrole="http://xbrl.org/arcrole/2014/breakdown-tree" xlink:from="dnb_a2" xlink:to="dnb_a2.root" order="0" />
    <table:ruleNode xlink:type="resource" xlink:label="dnb_c2" abstract="true" id="dnb_c2" />
    <table:ruleNode xlink:type="resource" xlink:label="dnb_c3" id="dnb_c3">
      <formula:explicitDimension dimension="dnb_dim:ppi_dim003">
        <formula:member>
          <formula:qname>dnb_ppi_dom004:mem001</formula:qname>
        </formula:member>
      </formula:explicitDimension>
      <formula:explicitDimension dimension="dnb_dim:ppi_dim004">
        <formula:member>
          <formula:qname>dnb_ppi_dom005:mem001</formula:qname>
        </formula:member>
      </formula:explicitDimension>
    </table:ruleNode>
    <table:definitionNodeSubtreeArc xlink:type="arc" xlink:arcrole="http://xbrl.org/arcrole/2014/definition-node-subtree" xlink:from="dnb_c2" xlink:to="dnb_c3" order="1" />
    <table:ruleNode xlink:type="resource" xlink:label="dnb_c4" id="dnb_c4">
      <formula:explicitDimension dimension="dnb_dim:ppi_dim003">
        <formula:member>
          <formula:qname>dnb_ppi_dom004:mem001</formula:qname>
        </formula:member>
      </formula:explicitDimension>
      <formula:explicitDimension dimension="dnb_dim:ppi_dim004">
        <formula:member>
          <formula:qname>dnb_ppi_dom005:mem002</formula:qname>
        </formula:member>
      </formula:explicitDimension>
    </table:ruleNode>
    <table:definitionNodeSubtreeArc xlink:type="arc" xlink:arcrole="http://xbrl.org/arcrole/2014/definition-node-subtree" xlink:from="dnb_c2" xlink:to="dnb_c4" order="2" />
    <table:ruleNode xlink:type="resource" xlink:label="dnb_c5" id="dnb_c5">
      <formula:explicitDimension dimension="dnb_dim:ppi_dim003">
        <formula:member>
          <formula:qname>dnb_ppi_dom004:mem001</formula:qname>
        </formula:member>
      </formula:explicitDimension>
      <formula:explicitDimension dimension="dnb_dim:ppi_dim004">
        <formula:member>
          <formula:qname>dnb_ppi_dom005:mem003</formula:qname>
        </formula:member>
      </formula:explicitDimension>
    </table:ruleNode>
    <table:ruleNode xlink:type="resource" xlink:label="dnb_c6" id="dnb_c6">
      <formula:explicitDimension dimension="dnb_dim:ppi_dim003">
        <formula:member>
          <formula:qname>dnb_ppi_dom004:mem001</formula:qname>
        </formula:member>
      </formula:explicitDimension>
      <formula:explicitDimension dimension="dnb_dim:ppi_dim004">
        <formula:member>
          <formula:qname>dnb_ppi_dom005:mem004</formula:qname>
        </formula:member>
      </formula:explicitDimension>
    </table:ruleNode>
    <table:definitionNodeSubtreeArc xlink:type="arc" xlink:arcrole="http://xbrl.org/arcrole/2014/definition-node-subtree" xlink:from="dnb_c5" xlink:to="dnb_c6" order="1" />
    <table:ruleNode xlink:type="resource" xlink:label="dnb_c7" id="dnb_c7">
      <formula:explicitDimension dimension="dnb_dim:ppi_dim003">
        <formula:member>
          <formula:qname>dnb_ppi_dom004:mem001</formula:qname>
        </formula:member>
      </formula:explicitDimension>
      <formula:explicitDimension dimension="dnb_dim:ppi_dim004">
        <formula:member>
          <formula:qname>dnb_ppi_dom005:mem005</formula:qname>
        </formula:member>
      </formula:explicitDimension>
    </table:ruleNode>
    <table:definitionNodeSubtreeArc xlink:type="arc" xlink:arcrole="http://xbrl.org/arcrole/2014/definition-node-subtree" xlink:from="dnb_c5" xlink:to="dnb_c7" order="2" />
    <table:ruleNode xlink:type="resource" xlink:label="dnb_c8" id="dnb_c8">
      <formula:explicitDimension dimension="dnb_dim:ppi_dim003">
        <formula:member>
          <formula:qname>dnb_ppi_dom004:mem001</formula:qname>
        </formula:member>
      </formula:explicitDimension>
      <formula:explicitDimension dimension="dnb_dim:ppi_dim004">
        <formula:member>
          <formula:qname>dnb_ppi_dom005:mem006</formula:qname>
        </formula:member>
      </formula:explicitDimension>
    </table:ruleNode>
    <table:definitionNodeSubtreeArc xlink:type="arc" xlink:arcrole="http://xbrl.org/arcrole/2014/definition-node-subtree" xlink:from="dnb_c5" xlink:to="dnb_c8" order="3" />
    <table:definitionNodeSubtreeArc xlink:type="arc" xlink:arcrole="http://xbrl.org/arcrole/2014/definition-node-subtree" xlink:from="dnb_c2" xlink:to="dnb_c5" order="3" />
    <table:ruleNode xlink:type="resource" xlink:label="dnb_c9" id="dnb_c9">
      <formula:explicitDimension dimension="dnb_dim:ppi_dim003">
        <formula:member>
          <formula:qname>dnb_ppi_dom004:mem001</formula:qname>
        </formula:member>
      </formula:explicitDimension>
      <formula:explicitDimension dimension="dnb_dim:ppi_dim004">
        <formula:member>
          <formula:qname>dnb_ppi_dom005:mem007</formula:qname>
        </formula:member>
      </formula:explicitDimension>
    </table:ruleNode>
    <table:ruleNode xlink:type="resource" xlink:label="dnb_c10" id="dnb_c10">
      <formula:explicitDimension dimension="dnb_dim:ppi_dim003">
        <formula:member>
          <formula:qname>dnb_ppi_dom004:mem001</formula:qname>
        </formula:member>
      </formula:explicitDimension>
      <formula:explicitDimension dimension="dnb_dim:ppi_dim004">
        <formula:member>
          <formula:qname>dnb_ppi_dom005:mem007</formula:qname>
        </formula:member>
      </formula:explicitDimension>
      <formula:explicitDimension dimension="dnb_dim:ppi_dim005">
        <formula:member>
          <formula:qname>dnb_ppi_dom006:mem001</formula:qname>
        </formula:member>
      </formula:explicitDimension>
    </table:ruleNode>
    <table:definitionNodeSubtreeArc xlink:type="arc" xlink:arcrole="http://xbrl.org/arcrole/2014/definition-node-subtree" xlink:from="dnb_c9" xlink:to="dnb_c10" order="1" />
    <table:ruleNode xlink:type="resource" xlink:label="dnb_c11" id="dnb_c11">
      <formula:explicitDimension dimension="dnb_dim:ppi_dim003">
        <formula:member>
          <formula:qname>dnb_ppi_dom004:mem001</formula:qname>
        </formula:member>
      </formula:explicitDimension>
      <formula:explicitDimension dimension="dnb_dim:ppi_dim004">
        <formula:member>
          <formula:qname>dnb_ppi_dom005:mem007</formula:qname>
        </formula:member>
      </formula:explicitDimension>
      <formula:explicitDimension dimension="dnb_dim:ppi_dim005">
        <formula:member>
          <formula:qname>dnb_ppi_dom006:mem002</formula:qname>
        </formula:member>
      </formula:explicitDimension>
    </table:ruleNode>
    <table:definitionNodeSubtreeArc xlink:type="arc" xlink:arcrole="http://xbrl.org/arcrole/2014/definition-node-subtree" xlink:from="dnb_c9" xlink:to="dnb_c11" order="2" />
    <table:definitionNodeSubtreeArc xlink:type="arc" xlink:arcrole="http://xbrl.org/arcrole/2014/definition-node-subtree" xlink:from="dnb_c2" xlink:to="dnb_c9" order="4" />
    <table:ruleNode xlink:type="resource" xlink:label="dnb_c12" id="dnb_c12">
      <formula:explicitDimension dimension="dnb_dim:ppi_dim003">
        <formula:member>
          <formula:qname>dnb_ppi_dom004:mem001</formula:qname>
        </formula:member>
      </formula:explicitDimension>
      <formula:explicitDimension dimension="dnb_dim:ppi_dim004">
        <formula:member>
          <formula:qname>dnb_ppi_dom005:mem008</formula:qname>
        </formula:member>
      </formula:explicitDimension>
    </table:ruleNode>
    <table:ruleNode xlink:type="resource" xlink:label="dnb_c13" id="dnb_c13">
      <formula:explicitDimension dimension="dnb_dim:ppi_dim003">
        <formula:member>
          <formula:qname>dnb_ppi_dom004:mem001</formula:qname>
        </formula:member>
      </formula:explicitDimension>
      <formula:explicitDimension dimension="dnb_dim:ppi_dim004">
        <formula:member>
          <formula:qname>dnb_ppi_dom005:mem009</formula:qname>
        </formula:member>
      </formula:explicitDimension>
    </table:ruleNode>
    <table:definitionNodeSubtreeArc xlink:type="arc" xlink:arcrole="http://xbrl.org/arcrole/2014/definition-node-subtree" xlink:from="dnb_c12" xlink:to="dnb_c13" order="1" />
    <table:ruleNode xlink:type="resource" xlink:label="dnb_c14" id="dnb_c14">
      <formula:explicitDimension dimension="dnb_dim:ppi_dim003">
        <formula:member>
          <formula:qname>dnb_ppi_dom004:mem001</formula:qname>
        </formula:member>
      </formula:explicitDimension>
      <formula:explicitDimension dimension="dnb_dim:ppi_dim004">
        <formula:member>
          <formula:qname>dnb_ppi_dom005:mem010</formula:qname>
        </formula:member>
      </formula:explicitDimension>
    </table:ruleNode>
    <table:definitionNodeSubtreeArc xlink:type="arc" xlink:arcrole="http://xbrl.org/arcrole/2014/definition-node-subtree" xlink:from="dnb_c12" xlink:to="dnb_c14" order="2" />
    <table:ruleNode xlink:type="resource" xlink:label="dnb_c15" id="dnb_c15">
      <formula:explicitDimension dimension="dnb_dim:ppi_dim003">
        <formula:member>
          <formula:qname>dnb_ppi_dom004:mem001</formula:qname>
        </formula:member>
      </formula:explicitDimension>
      <formula:explicitDimension dimension="dnb_dim:ppi_dim004">
        <formula:member>
          <formula:qname>dnb_ppi_dom005:mem011</formula:qname>
        </formula:member>
      </formula:explicitDimension>
    </table:ruleNode>
    <table:definitionNodeSubtreeArc xlink:type="arc" xlink:arcrole="http://xbrl.org/arcrole/2014/definition-node-subtree" xlink:from="dnb_c12" xlink:to="dnb_c15" order="3" />
    <table:definitionNodeSubtreeArc xlink:type="arc" xlink:arcrole="http://xbrl.org/arcrole/2014/definition-node-subtree" xlink:from="dnb_c2" xlink:to="dnb_c12" order="5" />
    <table:ruleNode xlink:type="resource" xlink:label="dnb_c16" id="dnb_c16">
      <formula:explicitDimension dimension="dnb_dim:ppi_dim003">
        <formula:member>
          <formula:qname>dnb_ppi_dom004:mem001</formula:qname>
        </formula:member>
      </formula:explicitDimension>
      <formula:explicitDimension dimension="dnb_dim:ppi_dim004">
        <formula:member>
          <formula:qname>dnb_ppi_dom005:mem012</formula:qname>
        </formula:member>
      </formula:explicitDimension>
    </table:ruleNode>
    <table:definitionNodeSubtreeArc xlink:type="arc" xlink:arcrole="http://xbrl.org/arcrole/2014/definition-node-subtree" xlink:from="dnb_c2" xlink:to="dnb_c16" order="6" />
    <table:ruleNode xlink:type="resource" xlink:label="dnb_c17" id="dnb_c17">
      <formula:explicitDimension dimension="dnb_dim:ppi_dim003">
        <formula:member>
          <formula:qname>dnb_ppi_dom004:mem001</formula:qname>
        </formula:member>
      </formula:explicitDimension>
      <formula:explicitDimension dimension="dnb_dim:ppi_dim004">
        <formula:member>
          <formula:qname>dnb_ppi_dom005:mem013</formula:qname>
        </formula:member>
      </formula:explicitDimension>
    </table:ruleNode>
    <table:ruleNode xlink:type="resource" xlink:label="dnb_c18" id="dnb_c18">
      <formula:explicitDimension dimension="dnb_dim:ppi_dim003">
        <formula:member>
          <formula:qname>dnb_ppi_dom004:mem001</formula:qname>
        </formula:member>
      </formula:explicitDimension>
      <formula:explicitDimension dimension="dnb_dim:ppi_dim004">
        <formula:member>
          <formula:qname>dnb_ppi_dom005:mem014</formula:qname>
        </formula:member>
      </formula:explicitDimension>
    </table:ruleNode>
    <table:definitionNodeSubtreeArc xlink:type="arc" xlink:arcrole="http://xbrl.org/arcrole/2014/definition-node-subtree" xlink:from="dnb_c17" xlink:to="dnb_c18" order="1" />
    <table:ruleNode xlink:type="resource" xlink:label="dnb_c19" id="dnb_c19">
      <formula:explicitDimension dimension="dnb_dim:ppi_dim003">
        <formula:member>
          <formula:qname>dnb_ppi_dom004:mem001</formula:qname>
        </formula:member>
      </formula:explicitDimension>
      <formula:explicitDimension dimension="dnb_dim:ppi_dim004">
        <formula:member>
          <formula:qname>dnb_ppi_dom005:mem015</formula:qname>
        </formula:member>
      </formula:explicitDimension>
    </table:ruleNode>
    <table:definitionNodeSubtreeArc xlink:type="arc" xlink:arcrole="http://xbrl.org/arcrole/2014/definition-node-subtree" xlink:from="dnb_c17" xlink:to="dnb_c19" order="2" />
    <table:definitionNodeSubtreeArc xlink:type="arc" xlink:arcrole="http://xbrl.org/arcrole/2014/definition-node-subtree" xlink:from="dnb_c2" xlink:to="dnb_c17" order="7" />
    <table:ruleNode xlink:type="resource" xlink:label="dnb_c20" id="dnb_c20">
      <formula:explicitDimension dimension="dnb_dim:ppi_dim003">
        <formula:member>
          <formula:qname>dnb_ppi_dom004:mem001</formula:qname>
        </formula:member>
      </formula:explicitDimension>
      <formula:explicitDimension dimension="dnb_dim:ppi_dim004">
        <formula:member>
          <formula:qname>dnb_ppi_dom005:mem016</formula:qname>
        </formula:member>
      </formula:explicitDimension>
    </table:ruleNode>
    <table:definitionNodeSubtreeArc xlink:type="arc" xlink:arcrole="http://xbrl.org/arcrole/2014/definition-node-subtree" xlink:from="dnb_c2" xlink:to="dnb_c20" order="8" />
    <table:ruleNode xlink:type="resource" xlink:label="dnb_c21" id="dnb_c21">
      <formula:explicitDimension dimension="dnb_dim:ppi_dim003">
        <formula:member>
          <formula:qname>dnb_ppi_dom004:mem001</formula:qname>
        </formula:member>
      </formula:explicitDimension>
      <formula:explicitDimension dimension="dnb_dim:ppi_dim004">
        <formula:member>
          <formula:qname>dnb_ppi_dom005:mem017</formula:qname>
        </formula:member>
      </formula:explicitDimension>
    </table:ruleNode>
    <table:definitionNodeSubtreeArc xlink:type="arc" xlink:arcrole="http://xbrl.org/arcrole/2014/definition-node-subtree" xlink:from="dnb_c2" xlink:to="dnb_c21" order="9" />
    <table:definitionNodeSubtreeArc xlink:type="arc" xlink:arcrole="http://xbrl.org/arcrole/2014/definition-node-subtree" xlink:from="dnb_a2.root" xlink:to="dnb_c2" order="1" />
    <table:ruleNode xlink:type="resource" xlink:label="dnb_c22" abstract="true" id="dnb_c22" />
    <table:ruleNode xlink:type="resource" xlink:label="dnb_c23" id="dnb_c23">
      <formula:explicitDimension dimension="dnb_dim:ppi_dim003">
        <formula:member>
          <formula:qname>dnb_ppi_dom004:mem002</formula:qname>
        </formula:member>
      </formula:explicitDimension>
      <formula:explicitDimension dimension="dnb_dim:ppi_dim004">
        <formula:member>
          <formula:qname>dnb_ppi_dom005:mem018</formula:qname>
        </formula:member>
      </formula:explicitDimension>
    </table:ruleNode>
    <table:ruleNode xlink:type="resource" xlink:label="dnb_c24" id="dnb_c24">
      <formula:explicitDimension dimension="dnb_dim:ppi_dim003">
        <formula:member>
          <formula:qname>dnb_ppi_dom004:mem002</formula:qname>
        </formula:member>
      </formula:explicitDimension>
      <formula:explicitDimension dimension="dnb_dim:ppi_dim004">
        <formula:member>
          <formula:qname>dnb_ppi_dom005:mem019</formula:qname>
        </formula:member>
      </formula:explicitDimension>
    </table:ruleNode>
    <table:ruleNode xlink:type="resource" xlink:label="dnb_c25" id="dnb_c25">
      <formula:explicitDimension dimension="dnb_dim:ppi_dim003">
        <formula:member>
          <formula:qname>dnb_ppi_dom004:mem002</formula:qname>
        </formula:member>
      </formula:explicitDimension>
      <formula:explicitDimension dimension="dnb_dim:ppi_dim004">
        <formula:member>
          <formula:qname>dnb_ppi_dom005:mem020</formula:qname>
        </formula:member>
      </formula:explicitDimension>
    </table:ruleNode>
    <table:definitionNodeSubtreeArc xlink:type="arc" xlink:arcrole="http://xbrl.org/arcrole/2014/definition-node-subtree" xlink:from="dnb_c24" xlink:to="dnb_c25" order="1" />
    <table:ruleNode xlink:type="resource" xlink:label="dnb_c26" id="dnb_c26">
      <formula:explicitDimension dimension="dnb_dim:ppi_dim003">
        <formula:member>
          <formula:qname>dnb_ppi_dom004:mem002</formula:qname>
        </formula:member>
      </formula:explicitDimension>
      <formula:explicitDimension dimension="dnb_dim:ppi_dim004">
        <formula:member>
          <formula:qname>dnb_ppi_dom005:mem021</formula:qname>
        </formula:member>
      </formula:explicitDimension>
    </table:ruleNode>
    <table:definitionNodeSubtreeArc xlink:type="arc" xlink:arcrole="http://xbrl.org/arcrole/2014/definition-node-subtree" xlink:from="dnb_c24" xlink:to="dnb_c26" order="2" />
    <table:definitionNodeSubtreeArc xlink:type="arc" xlink:arcrole="http://xbrl.org/arcrole/2014/definition-node-subtree" xlink:from="dnb_c23" xlink:to="dnb_c24" order="1" />
    <table:ruleNode xlink:type="resource" xlink:label="dnb_c27" id="dnb_c27">
      <formula:explicitDimension dimension="dnb_dim:ppi_dim003">
        <formula:member>
          <formula:qname>dnb_ppi_dom004:mem002</formula:qname>
        </formula:member>
      </formula:explicitDimension>
      <formula:explicitDimension dimension="dnb_dim:ppi_dim004">
        <formula:member>
          <formula:qname>dnb_ppi_dom005:mem022</formula:qname>
        </formula:member>
      </formula:explicitDimension>
    </table:ruleNode>
    <table:definitionNodeSubtreeArc xlink:type="arc" xlink:arcrole="http://xbrl.org/arcrole/2014/definition-node-subtree" xlink:from="dnb_c23" xlink:to="dnb_c27" order="2" />
    <table:ruleNode xlink:type="resource" xlink:label="dnb_c28" id="dnb_c28">
      <formula:explicitDimension dimension="dnb_dim:ppi_dim003">
        <formula:member>
          <formula:qname>dnb_ppi_dom004:mem002</formula:qname>
        </formula:member>
      </formula:explicitDimension>
      <formula:explicitDimension dimension="dnb_dim:ppi_dim004">
        <formula:member>
          <formula:qname>dnb_ppi_dom005:mem023</formula:qname>
        </formula:member>
      </formula:explicitDimension>
    </table:ruleNode>
    <table:ruleNode xlink:type="resource" xlink:label="dnb_c29" id="dnb_c29">
      <formula:explicitDimension dimension="dnb_dim:ppi_dim003">
        <formula:member>
          <formula:qname>dnb_ppi_dom004:mem002</formula:qname>
        </formula:member>
      </formula:explicitDimension>
      <formula:explicitDimension dimension="dnb_dim:ppi_dim004">
        <formula:member>
          <formula:qname>dnb_ppi_dom005:mem024</formula:qname>
        </formula:member>
      </formula:explicitDimension>
    </table:ruleNode>
    <table:definitionNodeSubtreeArc xlink:type="arc" xlink:arcrole="http://xbrl.org/arcrole/2014/definition-node-subtree" xlink:from="dnb_c28" xlink:to="dnb_c29" order="1" />
    <table:ruleNode xlink:type="resource" xlink:label="dnb_c30" id="dnb_c30">
      <formula:explicitDimension dimension="dnb_dim:ppi_dim003">
        <formula:member>
          <formula:qname>dnb_ppi_dom004:mem002</formula:qname>
        </formula:member>
      </formula:explicitDimension>
      <formula:explicitDimension dimension="dnb_dim:ppi_dim004">
        <formula:member>
          <formula:qname>dnb_ppi_dom005:mem025</formula:qname>
        </formula:member>
      </formula:explicitDimension>
    </table:ruleNode>
    <table:definitionNodeSubtreeArc xlink:type="arc" xlink:arcrole="http://xbrl.org/arcrole/2014/definition-node-subtree" xlink:from="dnb_c28" xlink:to="dnb_c30" order="2" />
    <table:ruleNode xlink:type="resource" xlink:label="dnb_c31" id="dnb_c31">
      <formula:explicitDimension dimension="dnb_dim:ppi_dim003">
        <formula:member>
          <formula:qname>dnb_ppi_dom004:mem002</formula:qname>
        </formula:member>
      </formula:explicitDimension>
      <formula:explicitDimension dimension="dnb_dim:ppi_dim004">
        <formula:member>
          <formula:qname>dnb_ppi_dom005:mem026</formula:qname>
        </formula:member>
      </formula:explicitDimension>
    </table:ruleNode>
    <table:definitionNodeSubtreeArc xlink:type="arc" xlink:arcrole="http://xbrl.org/arcrole/2014/definition-node-subtree" xlink:from="dnb_c28" xlink:to="dnb_c31" order="3" />
    <table:definitionNodeSubtreeArc xlink:type="arc" xlink:arcrole="http://xbrl.org/arcrole/2014/definition-node-subtree" xlink:from="dnb_c23" xlink:to="dnb_c28" order="3" />
    <table:ruleNode xlink:type="resource" xlink:label="dnb_c32" id="dnb_c32">
      <formula:explicitDimension dimension="dnb_dim:ppi_dim003">
        <formula:member>
          <formula:qname>dnb_ppi_dom004:mem002</formula:qname>
        </formula:member>
      </formula:explicitDimension>
      <formula:explicitDimension dimension="dnb_dim:ppi_dim004">
        <formula:member>
          <formula:qname>dnb_ppi_dom005:mem027</formula:qname>
        </formula:member>
      </formula:explicitDimension>
    </table:ruleNode>
    <table:definitionNodeSubtreeArc xlink:type="arc" xlink:arcrole="http://xbrl.org/arcrole/2014/definition-node-subtree" xlink:from="dnb_c23" xlink:to="dnb_c32" order="4" />
    <table:ruleNode xlink:type="resource" xlink:label="dnb_c33" id="dnb_c33">
      <formula:explicitDimension dimension="dnb_dim:ppi_dim003">
        <formula:member>
          <formula:qname>dnb_ppi_dom004:mem002</formula:qname>
        </formula:member>
      </formula:explicitDimension>
      <formula:explicitDimension dimension="dnb_dim:ppi_dim004">
        <formula:member>
          <formula:qname>dnb_ppi_dom005:mem028</formula:qname>
        </formula:member>
      </formula:explicitDimension>
    </table:ruleNode>
    <table:ruleNode xlink:type="resource" xlink:label="dnb_c34" id="dnb_c34">
      <formula:explicitDimension dimension="dnb_dim:ppi_dim003">
        <formula:member>
          <formula:qname>dnb_ppi_dom004:mem002</formula:qname>
        </formula:member>
      </formula:explicitDimension>
      <formula:explicitDimension dimension="dnb_dim:ppi_dim004">
        <formula:member>
          <formula:qname>dnb_ppi_dom005:mem029</formula:qname>
        </formula:member>
      </formula:explicitDimension>
    </table:ruleNode>
    <table:definitionNodeSubtreeArc xlink:type="arc" xlink:arcrole="http://xbrl.org/arcrole/2014/definition-node-subtree" xlink:from="dnb_c33" xlink:to="dnb_c34" order="1" />
    <table:ruleNode xlink:type="resource" xlink:label="dnb_c35" id="dnb_c35">
      <formula:explicitDimension dimension="dnb_dim:ppi_dim003">
        <formula:member>
          <formula:qname>dnb_ppi_dom004:mem002</formula:qname>
        </formula:member>
      </formula:explicitDimension>
      <formula:explicitDimension dimension="dnb_dim:ppi_dim004">
        <formula:member>
          <formula:qname>dnb_ppi_dom005:mem030</formula:qname>
        </formula:member>
      </formula:explicitDimension>
    </table:ruleNode>
    <table:definitionNodeSubtreeArc xlink:type="arc" xlink:arcrole="http://xbrl.org/arcrole/2014/definition-node-subtree" xlink:from="dnb_c33" xlink:to="dnb_c35" order="2" />
    <table:ruleNode xlink:type="resource" xlink:label="dnb_c36" id="dnb_c36">
      <formula:explicitDimension dimension="dnb_dim:ppi_dim003">
        <formula:member>
          <formula:qname>dnb_ppi_dom004:mem002</formula:qname>
        </formula:member>
      </formula:explicitDimension>
      <formula:explicitDimension dimension="dnb_dim:ppi_dim004">
        <formula:member>
          <formula:qname>dnb_ppi_dom005:mem031</formula:qname>
        </formula:member>
      </formula:explicitDimension>
    </table:ruleNode>
    <table:definitionNodeSubtreeArc xlink:type="arc" xlink:arcrole="http://xbrl.org/arcrole/2014/definition-node-subtree" xlink:from="dnb_c33" xlink:to="dnb_c36" order="3" />
    <table:definitionNodeSubtreeArc xlink:type="arc" xlink:arcrole="http://xbrl.org/arcrole/2014/definition-node-subtree" xlink:from="dnb_c23" xlink:to="dnb_c33" order="5" />
    <table:ruleNode xlink:type="resource" xlink:label="dnb_c37" id="dnb_c37">
      <formula:explicitDimension dimension="dnb_dim:ppi_dim003">
        <formula:member>
          <formula:qname>dnb_ppi_dom004:mem002</formula:qname>
        </formula:member>
      </formula:explicitDimension>
      <formula:explicitDimension dimension="dnb_dim:ppi_dim004">
        <formula:member>
          <formula:qname>dnb_ppi_dom005:mem032</formula:qname>
        </formula:member>
      </formula:explicitDimension>
    </table:ruleNode>
    <table:definitionNodeSubtreeArc xlink:type="arc" xlink:arcrole="http://xbrl.org/arcrole/2014/definition-node-subtree" xlink:from="dnb_c23" xlink:to="dnb_c37" order="6" />
    <table:ruleNode xlink:type="resource" xlink:label="dnb_c38" id="dnb_c38">
      <formula:explicitDimension dimension="dnb_dim:ppi_dim003">
        <formula:member>
          <formula:qname>dnb_ppi_dom004:mem002</formula:qname>
        </formula:member>
      </formula:explicitDimension>
      <formula:explicitDimension dimension="dnb_dim:ppi_dim004">
        <formula:member>
          <formula:qname>dnb_ppi_dom005:mem033</formula:qname>
        </formula:member>
      </formula:explicitDimension>
    </table:ruleNode>
    <table:definitionNodeSubtreeArc xlink:type="arc" xlink:arcrole="http://xbrl.org/arcrole/2014/definition-node-subtree" xlink:from="dnb_c23" xlink:to="dnb_c38" order="7" />
    <table:definitionNodeSubtreeArc xlink:type="arc" xlink:arcrole="http://xbrl.org/arcrole/2014/definition-node-subtree" xlink:from="dnb_c22" xlink:to="dnb_c23" order="1" />
    <table:ruleNode xlink:type="resource" xlink:label="dnb_c39" id="dnb_c39">
      <formula:explicitDimension dimension="dnb_dim:ppi_dim003">
        <formula:member>
          <formula:qname>dnb_ppi_dom004:mem003</formula:qname>
        </formula:member>
      </formula:explicitDimension>
      <formula:explicitDimension dimension="dnb_dim:ppi_dim004">
        <formula:member>
          <formula:qname>dnb_ppi_dom005:mem034</formula:qname>
        </formula:member>
      </formula:explicitDimension>
    </table:ruleNode>
    <table:definitionNodeSubtreeArc xlink:type="arc" xlink:arcrole="http://xbrl.org/arcrole/2014/definition-node-subtree" xlink:from="dnb_c22" xlink:to="dnb_c39" order="2" />
    <table:ruleNode xlink:type="resource" xlink:label="dnb_c40" id="dnb_c40">
      <formula:explicitDimension dimension="dnb_dim:ppi_dim003">
        <formula:member>
          <formula:qname>dnb_ppi_dom004:mem003</formula:qname>
        </formula:member>
      </formula:explicitDimension>
      <formula:explicitDimension dimension="dnb_dim:ppi_dim004">
        <formula:member>
          <formula:qname>dnb_ppi_dom005:mem035</formula:qname>
        </formula:member>
      </formula:explicitDimension>
    </table:ruleNode>
    <table:definitionNodeSubtreeArc xlink:type="arc" xlink:arcrole="http://xbrl.org/arcrole/2014/definition-node-subtree" xlink:from="dnb_c22" xlink:to="dnb_c40" order="3" />
    <table:ruleNode xlink:type="resource" xlink:label="dnb_c41" id="dnb_c41">
      <formula:explicitDimension dimension="dnb_dim:ppi_dim003">
        <formula:member>
          <formula:qname>dnb_ppi_dom004:mem003</formula:qname>
        </formula:member>
      </formula:explicitDimension>
      <formula:explicitDimension dimension="dnb_dim:ppi_dim004">
        <formula:member>
          <formula:qname>dnb_ppi_dom005:mem036</formula:qname>
        </formula:member>
      </formula:explicitDimension>
    </table:ruleNode>
    <table:definitionNodeSubtreeArc xlink:type="arc" xlink:arcrole="http://xbrl.org/arcrole/2014/definition-node-subtree" xlink:from="dnb_c22" xlink:to="dnb_c41" order="4" />
    <table:ruleNode xlink:type="resource" xlink:label="dnb_c42" id="dnb_c42">
      <formula:explicitDimension dimension="dnb_dim:ppi_dim003">
        <formula:member>
          <formula:qname>dnb_ppi_dom004:mem003</formula:qname>
        </formula:member>
      </formula:explicitDimension>
      <formula:explicitDimension dimension="dnb_dim:ppi_dim004">
        <formula:member>
          <formula:qname>dnb_ppi_dom005:mem037</formula:qname>
        </formula:member>
      </formula:explicitDimension>
    </table:ruleNode>
    <table:ruleNode xlink:type="resource" xlink:label="dnb_c43" id="dnb_c43">
      <formula:explicitDimension dimension="dnb_dim:ppi_dim003">
        <formula:member>
          <formula:qname>dnb_ppi_dom004:mem003</formula:qname>
        </formula:member>
      </formula:explicitDimension>
      <formula:explicitDimension dimension="dnb_dim:ppi_dim004">
        <formula:member>
          <formula:qname>dnb_ppi_dom005:mem038</formula:qname>
        </formula:member>
      </formula:explicitDimension>
    </table:ruleNode>
    <table:definitionNodeSubtreeArc xlink:type="arc" xlink:arcrole="http://xbrl.org/arcrole/2014/definition-node-subtree" xlink:from="dnb_c42" xlink:to="dnb_c43" order="1" />
    <table:ruleNode xlink:type="resource" xlink:label="dnb_c44" id="dnb_c44">
      <formula:explicitDimension dimension="dnb_dim:ppi_dim003">
        <formula:member>
          <formula:qname>dnb_ppi_dom004:mem003</formula:qname>
        </formula:member>
      </formula:explicitDimension>
      <formula:explicitDimension dimension="dnb_dim:ppi_dim004">
        <formula:member>
          <formula:qname>dnb_ppi_dom005:mem039</formula:qname>
        </formula:member>
      </formula:explicitDimension>
    </table:ruleNode>
    <table:definitionNodeSubtreeArc xlink:type="arc" xlink:arcrole="http://xbrl.org/arcrole/2014/definition-node-subtree" xlink:from="dnb_c42" xlink:to="dnb_c44" order="2" />
    <table:definitionNodeSubtreeArc xlink:type="arc" xlink:arcrole="http://xbrl.org/arcrole/2014/definition-node-subtree" xlink:from="dnb_c22" xlink:to="dnb_c42" order="5" />
    <table:ruleNode xlink:type="resource" xlink:label="dnb_c45" id="dnb_c45">
      <formula:explicitDimension dimension="dnb_dim:ppi_dim003">
        <formula:member>
          <formula:qname>dnb_ppi_dom004:mem003</formula:qname>
        </formula:member>
      </formula:explicitDimension>
      <formula:explicitDimension dimension="dnb_dim:ppi_dim004">
        <formula:member>
          <formula:qname>dnb_ppi_dom005:mem040</formula:qname>
        </formula:member>
      </formula:explicitDimension>
    </table:ruleNode>
    <table:definitionNodeSubtreeArc xlink:type="arc" xlink:arcrole="http://xbrl.org/arcrole/2014/definition-node-subtree" xlink:from="dnb_c22" xlink:to="dnb_c45" order="6" />
    <table:ruleNode xlink:type="resource" xlink:label="dnb_c46" id="dnb_c46">
      <formula:explicitDimension dimension="dnb_dim:ppi_dim003">
        <formula:member>
          <formula:qname>dnb_ppi_dom004:mem003</formula:qname>
        </formula:member>
      </formula:explicitDimension>
      <formula:explicitDimension dimension="dnb_dim:ppi_dim004">
        <formula:member>
          <formula:qname>dnb_ppi_dom005:mem041</formula:qname>
        </formula:member>
      </formula:explicitDimension>
    </table:ruleNode>
    <table:ruleNode xlink:type="resource" xlink:label="dnb_c47" id="dnb_c47">
      <formula:explicitDimension dimension="dnb_dim:ppi_dim003">
        <formula:member>
          <formula:qname>dnb_ppi_dom004:mem003</formula:qname>
        </formula:member>
      </formula:explicitDimension>
      <formula:explicitDimension dimension="dnb_dim:ppi_dim004">
        <formula:member>
          <formula:qname>dnb_ppi_dom005:mem042</formula:qname>
        </formula:member>
      </formula:explicitDimension>
    </table:ruleNode>
    <table:definitionNodeSubtreeArc xlink:type="arc" xlink:arcrole="http://xbrl.org/arcrole/2014/definition-node-subtree" xlink:from="dnb_c46" xlink:to="dnb_c47" order="1" />
    <table:ruleNode xlink:type="resource" xlink:label="dnb_c48" id="dnb_c48">
      <formula:explicitDimension dimension="dnb_dim:ppi_dim003">
        <formula:member>
          <formula:qname>dnb_ppi_dom004:mem003</formula:qname>
        </formula:member>
      </formula:explicitDimension>
      <formula:explicitDimension dimension="dnb_dim:ppi_dim004">
        <formula:member>
          <formula:qname>dnb_ppi_dom005:mem043</formula:qname>
        </formula:member>
      </formula:explicitDimension>
    </table:ruleNode>
    <table:definitionNodeSubtreeArc xlink:type="arc" xlink:arcrole="http://xbrl.org/arcrole/2014/definition-node-subtree" xlink:from="dnb_c46" xlink:to="dnb_c48" order="2" />
    <table:ruleNode xlink:type="resource" xlink:label="dnb_c49" id="dnb_c49">
      <formula:explicitDimension dimension="dnb_dim:ppi_dim003">
        <formula:member>
          <formula:qname>dnb_ppi_dom004:mem003</formula:qname>
        </formula:member>
      </formula:explicitDimension>
      <formula:explicitDimension dimension="dnb_dim:ppi_dim004">
        <formula:member>
          <formula:qname>dnb_ppi_dom005:mem044</formula:qname>
        </formula:member>
      </formula:explicitDimension>
    </table:ruleNode>
    <table:definitionNodeSubtreeArc xlink:type="arc" xlink:arcrole="http://xbrl.org/arcrole/2014/definition-node-subtree" xlink:from="dnb_c46" xlink:to="dnb_c49" order="3" />
    <table:ruleNode xlink:type="resource" xlink:label="dnb_c50" id="dnb_c50">
      <formula:explicitDimension dimension="dnb_dim:ppi_dim003">
        <formula:member>
          <formula:qname>dnb_ppi_dom004:mem003</formula:qname>
        </formula:member>
      </formula:explicitDimension>
      <formula:explicitDimension dimension="dnb_dim:ppi_dim004">
        <formula:member>
          <formula:qname>dnb_ppi_dom005:mem045</formula:qname>
        </formula:member>
      </formula:explicitDimension>
    </table:ruleNode>
    <table:definitionNodeSubtreeArc xlink:type="arc" xlink:arcrole="http://xbrl.org/arcrole/2014/definition-node-subtree" xlink:from="dnb_c46" xlink:to="dnb_c50" order="4" />
    <table:ruleNode xlink:type="resource" xlink:label="dnb_c51" id="dnb_c51">
      <formula:explicitDimension dimension="dnb_dim:ppi_dim003">
        <formula:member>
          <formula:qname>dnb_ppi_dom004:mem003</formula:qname>
        </formula:member>
      </formula:explicitDimension>
      <formula:explicitDimension dimension="dnb_dim:ppi_dim004">
        <formula:member>
          <formula:qname>dnb_ppi_dom005:mem046</formula:qname>
        </formula:member>
      </formula:explicitDimension>
    </table:ruleNode>
    <table:definitionNodeSubtreeArc xlink:type="arc" xlink:arcrole="http://xbrl.org/arcrole/2014/definition-node-subtree" xlink:from="dnb_c46" xlink:to="dnb_c51" order="5" />
    <table:definitionNodeSubtreeArc xlink:type="arc" xlink:arcrole="http://xbrl.org/arcrole/2014/definition-node-subtree" xlink:from="dnb_c22" xlink:to="dnb_c46" order="7" />
    <table:ruleNode xlink:type="resource" xlink:label="dnb_c52" id="dnb_c52">
      <formula:explicitDimension dimension="dnb_dim:ppi_dim003">
        <formula:member>
          <formula:qname>dnb_ppi_dom004:mem003</formula:qname>
        </formula:member>
      </formula:explicitDimension>
      <formula:explicitDimension dimension="dnb_dim:ppi_dim004">
        <formula:member>
          <formula:qname>dnb_ppi_dom005:mem047</formula:qname>
        </formula:member>
      </formula:explicitDimension>
    </table:ruleNode>
    <table:definitionNodeSubtreeArc xlink:type="arc" xlink:arcrole="http://xbrl.org/arcrole/2014/definition-node-subtree" xlink:from="dnb_c22" xlink:to="dnb_c52" order="8" />
    <table:definitionNodeSubtreeArc xlink:type="arc" xlink:arcrole="http://xbrl.org/arcrole/2014/definition-node-subtree" xlink:from="dnb_a2.root" xlink:to="dnb_c22" order="2" />
    <table:tableBreakdownArc xlink:type="arc" xlink:arcrole="http://xbrl.org/arcrole/2014/table-breakdown" xlink:from="dnb_tT1" xlink:to="dnb_a2" axis="y" order="2" />
  </gen:link>
</link:linkbase>