﻿<?xml version="1.0" encoding="utf-8"?>
<!--© DNB-->
<link:linkbase xmlns:xsi="http://www.w3.org/2001/XMLSchema-instance" xmlns:xlink="http://www.w3.org/1999/xlink" xmlns:link="http://www.xbrl.org/2003/linkbase" xmlns:gen="http://xbrl.org/2008/generic" xmlns:label="http://xbrl.org/2008/label" xmlns:formula="http://xbrl.org/2008/formula" xmlns:df="http://xbrl.org/2008/filter/dimension" xmlns:table="http://xbrl.org/2014/table" xmlns:model="http://www.eurofiling.info/xbrl/ext/model" xmlns:dnb_met="http://www.dnb.nl/xbrl/dict/met" xmlns:dnb_dim="http://www.dnb.nl/xbrl/dict/dim" xmlns:dnb_ppi_dom001="http://www.dnb.nl/xbrl/dict/dom/ppi_dom001" xmlns:dnb_ppi_dom028="http://www.dnb.nl/xbrl/dict/dom/ppi_dom028" xmlns:dnb_ppi_dom026="http://www.dnb.nl/xbrl/dict/dom/ppi_dom026" xmlns:dnb_ppi_dom009="http://www.dnb.nl/xbrl/dict/dom/ppi_dom009" xsi:schemaLocation="http://www.xbrl.org/2003/linkbase http://www.xbrl.org/2003/xbrl-linkbase-2003-12-31.xsd http://xbrl.org/2008/generic http://www.xbrl.org/2008/generic-link.xsd http://xbrl.org/2008/label http://www.xbrl.org/2008/generic-label.xsd http://xbrl.org/2008/formula http://www.xbrl.org/2008/formula.xsd http://xbrl.org/2008/filter/dimension http://www.xbrl.org/2008/dimension-filter.xsd http://xbrl.org/2014/table http://www.xbrl.org/2014/table.xsd http://www.eurofiling.info/xbrl/ext/model http://www.eurofiling.info/eu/fr/xbrl/ext/model.xsd">
  <link:arcroleRef arcroleURI="http://xbrl.org/arcrole/2014/breakdown-tree" xlink:type="simple" xlink:href="http://www.xbrl.org/2014/table.xsd#breakdown-tree" />
  <link:arcroleRef arcroleURI="http://xbrl.org/arcrole/2014/definition-node-subtree" xlink:type="simple" xlink:href="http://www.xbrl.org/2014/table.xsd#definition-node-subtree" />
  <link:arcroleRef arcroleURI="http://xbrl.org/arcrole/2014/table-breakdown" xlink:type="simple" xlink:href="http://www.xbrl.org/2014/table.xsd#table-breakdown" />
  <link:roleRef roleURI="http://www.dnb.nl/xbrl/role/fws/DNB-NR/ppi-2019-06/2019-12-31/tab/T6-1" xlink:type="simple" xlink:href="t6-1.xsd#role" />
  <gen:link xlink:type="extended" xlink:role="http://www.dnb.nl/xbrl/role/fws/DNB-NR/ppi-2019-06/2019-12-31/tab/T6-1">
    <table:table xlink:type="resource" xlink:label="dnb_tT6-1" id="dnb_tT6-1" />
    <table:breakdown xlink:type="resource" xlink:label="dnb_a1" parentChildOrder="parent-first" id="dnb_a1" />
    <table:ruleNode xlink:type="resource" xlink:label="dnb_a1.root" abstract="true" merge="true" id="dnb_a1.root" />
    <table:breakdownTreeArc xlink:type="arc" xlink:arcrole="http://xbrl.org/arcrole/2014/breakdown-tree" xlink:from="dnb_a1" xlink:to="dnb_a1.root" order="0" />
    <table:ruleNode xlink:type="resource" xlink:label="dnb_c1" id="dnb_c1">
      <formula:concept>
        <formula:qname>dnb_met:ii_ppi_007</formula:qname>
      </formula:concept>
      <formula:explicitDimension dimension="dnb_dim:ppi_dim001">
        <formula:member>
          <formula:qname>dnb_ppi_dom001:mem005</formula:qname>
        </formula:member>
      </formula:explicitDimension>
      <formula:explicitDimension dimension="dnb_dim:ppi_dim043">
        <formula:member>
          <formula:qname>dnb_ppi_dom028:mem004</formula:qname>
        </formula:member>
      </formula:explicitDimension>
    </table:ruleNode>
    <table:definitionNodeSubtreeArc xlink:type="arc" xlink:arcrole="http://xbrl.org/arcrole/2014/definition-node-subtree" xlink:from="dnb_a1.root" xlink:to="dnb_c1" order="1" />
    <table:ruleNode xlink:type="resource" xlink:label="dnb_c2" abstract="true" id="dnb_c2" />
    <table:ruleNode xlink:type="resource" xlink:label="dnb_c3" abstract="true" id="dnb_c3" />
    <table:ruleNode xlink:type="resource" xlink:label="dnb_c4" id="dnb_c4">
      <formula:concept>
        <formula:qname>dnb_met:ii_ppi_007</formula:qname>
      </formula:concept>
      <formula:explicitDimension dimension="dnb_dim:ppi_dim001">
        <formula:member>
          <formula:qname>dnb_ppi_dom001:mem005</formula:qname>
        </formula:member>
      </formula:explicitDimension>
      <formula:explicitDimension dimension="dnb_dim:ppi_dim043">
        <formula:member>
          <formula:qname>dnb_ppi_dom028:mem002</formula:qname>
        </formula:member>
      </formula:explicitDimension>
      <formula:explicitDimension dimension="dnb_dim:ppi_dim037">
        <formula:member>
          <formula:qname>dnb_ppi_dom026:mem002</formula:qname>
        </formula:member>
      </formula:explicitDimension>
    </table:ruleNode>
    <table:definitionNodeSubtreeArc xlink:type="arc" xlink:arcrole="http://xbrl.org/arcrole/2014/definition-node-subtree" xlink:from="dnb_c3" xlink:to="dnb_c4" order="1" />
    <table:ruleNode xlink:type="resource" xlink:label="dnb_c5" id="dnb_c5">
      <formula:concept>
        <formula:qname>dnb_met:ii_ppi_007</formula:qname>
      </formula:concept>
      <formula:explicitDimension dimension="dnb_dim:ppi_dim001">
        <formula:member>
          <formula:qname>dnb_ppi_dom001:mem005</formula:qname>
        </formula:member>
      </formula:explicitDimension>
      <formula:explicitDimension dimension="dnb_dim:ppi_dim043">
        <formula:member>
          <formula:qname>dnb_ppi_dom028:mem002</formula:qname>
        </formula:member>
      </formula:explicitDimension>
      <formula:explicitDimension dimension="dnb_dim:ppi_dim037">
        <formula:member>
          <formula:qname>dnb_ppi_dom026:mem001</formula:qname>
        </formula:member>
      </formula:explicitDimension>
    </table:ruleNode>
    <table:definitionNodeSubtreeArc xlink:type="arc" xlink:arcrole="http://xbrl.org/arcrole/2014/definition-node-subtree" xlink:from="dnb_c3" xlink:to="dnb_c5" order="2" />
    <table:definitionNodeSubtreeArc xlink:type="arc" xlink:arcrole="http://xbrl.org/arcrole/2014/definition-node-subtree" xlink:from="dnb_c2" xlink:to="dnb_c3" order="1" />
    <table:ruleNode xlink:type="resource" xlink:label="dnb_c6" abstract="true" id="dnb_c6" />
    <table:ruleNode xlink:type="resource" xlink:label="dnb_c7" id="dnb_c7">
      <formula:concept>
        <formula:qname>dnb_met:ii_ppi_007</formula:qname>
      </formula:concept>
      <formula:explicitDimension dimension="dnb_dim:ppi_dim001">
        <formula:member>
          <formula:qname>dnb_ppi_dom001:mem005</formula:qname>
        </formula:member>
      </formula:explicitDimension>
      <formula:explicitDimension dimension="dnb_dim:ppi_dim043">
        <formula:member>
          <formula:qname>dnb_ppi_dom028:mem001</formula:qname>
        </formula:member>
      </formula:explicitDimension>
      <formula:explicitDimension dimension="dnb_dim:ppi_dim037">
        <formula:member>
          <formula:qname>dnb_ppi_dom026:mem002</formula:qname>
        </formula:member>
      </formula:explicitDimension>
    </table:ruleNode>
    <table:definitionNodeSubtreeArc xlink:type="arc" xlink:arcrole="http://xbrl.org/arcrole/2014/definition-node-subtree" xlink:from="dnb_c6" xlink:to="dnb_c7" order="1" />
    <table:ruleNode xlink:type="resource" xlink:label="dnb_c8" id="dnb_c8">
      <formula:concept>
        <formula:qname>dnb_met:ii_ppi_007</formula:qname>
      </formula:concept>
      <formula:explicitDimension dimension="dnb_dim:ppi_dim001">
        <formula:member>
          <formula:qname>dnb_ppi_dom001:mem005</formula:qname>
        </formula:member>
      </formula:explicitDimension>
      <formula:explicitDimension dimension="dnb_dim:ppi_dim043">
        <formula:member>
          <formula:qname>dnb_ppi_dom028:mem001</formula:qname>
        </formula:member>
      </formula:explicitDimension>
      <formula:explicitDimension dimension="dnb_dim:ppi_dim037">
        <formula:member>
          <formula:qname>dnb_ppi_dom026:mem003</formula:qname>
        </formula:member>
      </formula:explicitDimension>
    </table:ruleNode>
    <table:definitionNodeSubtreeArc xlink:type="arc" xlink:arcrole="http://xbrl.org/arcrole/2014/definition-node-subtree" xlink:from="dnb_c6" xlink:to="dnb_c8" order="2" />
    <table:ruleNode xlink:type="resource" xlink:label="dnb_c9" id="dnb_c9">
      <formula:concept>
        <formula:qname>dnb_met:ii_ppi_007</formula:qname>
      </formula:concept>
      <formula:explicitDimension dimension="dnb_dim:ppi_dim001">
        <formula:member>
          <formula:qname>dnb_ppi_dom001:mem005</formula:qname>
        </formula:member>
      </formula:explicitDimension>
      <formula:explicitDimension dimension="dnb_dim:ppi_dim043">
        <formula:member>
          <formula:qname>dnb_ppi_dom028:mem001</formula:qname>
        </formula:member>
      </formula:explicitDimension>
      <formula:explicitDimension dimension="dnb_dim:ppi_dim037">
        <formula:member>
          <formula:qname>dnb_ppi_dom026:mem001</formula:qname>
        </formula:member>
      </formula:explicitDimension>
    </table:ruleNode>
    <table:definitionNodeSubtreeArc xlink:type="arc" xlink:arcrole="http://xbrl.org/arcrole/2014/definition-node-subtree" xlink:from="dnb_c6" xlink:to="dnb_c9" order="3" />
    <table:definitionNodeSubtreeArc xlink:type="arc" xlink:arcrole="http://xbrl.org/arcrole/2014/definition-node-subtree" xlink:from="dnb_c2" xlink:to="dnb_c6" order="2" />
    <table:definitionNodeSubtreeArc xlink:type="arc" xlink:arcrole="http://xbrl.org/arcrole/2014/definition-node-subtree" xlink:from="dnb_a1.root" xlink:to="dnb_c2" order="2" />
    <table:ruleNode xlink:type="resource" xlink:label="dnb_c10" id="dnb_c10">
      <formula:concept>
        <formula:qname>dnb_met:ii_ppi_007</formula:qname>
      </formula:concept>
      <formula:explicitDimension dimension="dnb_dim:ppi_dim001">
        <formula:member>
          <formula:qname>dnb_ppi_dom001:mem005</formula:qname>
        </formula:member>
      </formula:explicitDimension>
      <formula:explicitDimension dimension="dnb_dim:ppi_dim043">
        <formula:member>
          <formula:qname>dnb_ppi_dom028:mem003</formula:qname>
        </formula:member>
      </formula:explicitDimension>
    </table:ruleNode>
    <table:definitionNodeSubtreeArc xlink:type="arc" xlink:arcrole="http://xbrl.org/arcrole/2014/definition-node-subtree" xlink:from="dnb_a1.root" xlink:to="dnb_c10" order="3" />
    <table:tableBreakdownArc xlink:type="arc" xlink:arcrole="http://xbrl.org/arcrole/2014/table-breakdown" xlink:from="dnb_tT6-1" xlink:to="dnb_a1" axis="x" order="1" />
    <table:breakdown xlink:type="resource" xlink:label="dnb_a2" parentChildOrder="parent-first" id="dnb_a2" />
    <table:ruleNode xlink:type="resource" xlink:label="dnb_a2.root" abstract="true" merge="true" id="dnb_a2.root" />
    <table:breakdownTreeArc xlink:type="arc" xlink:arcrole="http://xbrl.org/arcrole/2014/breakdown-tree" xlink:from="dnb_a2" xlink:to="dnb_a2.root" order="0" />
    <table:ruleNode xlink:type="resource" xlink:label="dnb_c11" id="dnb_c11">
      <formula:explicitDimension dimension="dnb_dim:ppi_dim009">
        <formula:member>
          <formula:qname>dnb_ppi_dom009:mem001</formula:qname>
        </formula:member>
      </formula:explicitDimension>
    </table:ruleNode>
    <table:definitionNodeSubtreeArc xlink:type="arc" xlink:arcrole="http://xbrl.org/arcrole/2014/definition-node-subtree" xlink:from="dnb_a2.root" xlink:to="dnb_c11" order="1" />
    <table:ruleNode xlink:type="resource" xlink:label="dnb_c12" id="dnb_c12">
      <formula:explicitDimension dimension="dnb_dim:ppi_dim009">
        <formula:member>
          <formula:qname>dnb_ppi_dom009:mem002</formula:qname>
        </formula:member>
      </formula:explicitDimension>
    </table:ruleNode>
    <table:definitionNodeSubtreeArc xlink:type="arc" xlink:arcrole="http://xbrl.org/arcrole/2014/definition-node-subtree" xlink:from="dnb_a2.root" xlink:to="dnb_c12" order="2" />
    <table:ruleNode xlink:type="resource" xlink:label="dnb_c13" id="dnb_c13">
      <formula:explicitDimension dimension="dnb_dim:ppi_dim009">
        <formula:member>
          <formula:qname>dnb_ppi_dom009:mem003</formula:qname>
        </formula:member>
      </formula:explicitDimension>
    </table:ruleNode>
    <table:definitionNodeSubtreeArc xlink:type="arc" xlink:arcrole="http://xbrl.org/arcrole/2014/definition-node-subtree" xlink:from="dnb_a2.root" xlink:to="dnb_c13" order="3" />
    <table:tableBreakdownArc xlink:type="arc" xlink:arcrole="http://xbrl.org/arcrole/2014/table-breakdown" xlink:from="dnb_tT6-1" xlink:to="dnb_a2" axis="y" order="2" />
  </gen:link>
</link:linkbase>