<ns0:linkbase xmlns:ns0="http://www.xbrl.org/2003/linkbase" xmlns:ns2="http://www.w3.org/1999/xlink" xmlns:ns3="http://xbrl.org/2005/xbrldt" xmlns:xsi="http://www.w3.org/2001/XMLSchema-instance" xsi:schemaLocation="http://www.xbrl.org/2003/linkbase http://www.xbrl.org/2003/xbrl-linkbase-2003-12-31.xsd">
    <ns0:arcroleRef arcroleURI="http://xbrl.org/int/dim/arcrole/dimension-domain" ns2:href="http://www.xbrl.org/2005/xbrldt-2005.xsd#dimension-domain" ns2:type="simple" />
    <ns0:arcroleRef arcroleURI="http://xbrl.org/int/dim/arcrole/dimension-default" ns2:href="http://www.xbrl.org/2005/xbrldt-2005.xsd#dimension-default" ns2:type="simple" />
    <ns0:arcroleRef arcroleURI="http://xbrl.org/int/dim/arcrole/hypercube-dimension" ns2:href="http://www.xbrl.org/2005/xbrldt-2005.xsd#hypercube-dimension" ns2:type="simple" />
    <ns0:roleRef roleURI="http://ferc.gov/form/2020-01-01/roles/Schedule/F1/ScheduleAmountsIncludedInISORTOSettlementStatementsOther" ns2:href="form-1-sched-ScheduleAmountsIncludedInISORTOSettlementStatements_2020-01-01.xsd#roleType_ScheduleAmountsIncludedInISORTOSettlementStatementsOther" ns2:type="simple" />
    <ns0:arcroleRef arcroleURI="http://xbrl.org/int/dim/arcrole/all" ns2:href="http://www.xbrl.org/2005/xbrldt-2005.xsd#all" ns2:type="simple" />
    <ns0:roleRef roleURI="http://ferc.gov/form/2020-01-01/roles/Schedule/F1/ScheduleAmountsIncludedInISORTOSettlementStatements" ns2:href="form-1-sched-ScheduleAmountsIncludedInISORTOSettlementStatements_2020-01-01.xsd#roleType_ScheduleAmountsIncludedInISORTOSettlementStatements" ns2:type="simple" />
    <ns0:arcroleRef arcroleURI="http://xbrl.org/int/dim/arcrole/domain-member" ns2:href="http://www.xbrl.org/2005/xbrldt-2005.xsd#domain-member" ns2:type="simple" />
    <ns0:definitionLink ns2:role="http://ferc.gov/form/2020-01-01/roles/Schedule/F1/ScheduleAmountsIncludedInISORTOSettlementStatements" ns2:type="extended">
        <ns0:loc ns2:href="../../ferc-core_2020-01-01.xsd#ferc_ScheduleAmountsIncludedInIsoOrRtoSettlementAbstract" ns2:label="ferc_ScheduleAmountsIncludedInIsoOrRtoSettlementAbstract" ns2:type="locator" />
        <ns0:loc ns2:href="../../ferc-core_2020-01-01.xsd#ferc_IsoOrRtoSettlementsLineItems" ns2:label="ferc_IsoOrRtoSettlementsLineItems" ns2:type="locator" />
        <ns0:definitionArc order="1" ns2:arcrole="http://xbrl.org/int/dim/arcrole/domain-member" ns2:from="ferc_ScheduleAmountsIncludedInIsoOrRtoSettlementAbstract" ns2:to="ferc_IsoOrRtoSettlementsLineItems" ns2:type="arc" />
        <ns0:loc ns2:href="../../ferc-core_2020-01-01.xsd#ferc_AmountsIncludedInIsoOrRtoSettlementTable" ns2:label="ferc_AmountsIncludedInIsoOrRtoSettlementTable" ns2:type="locator" />
        <ns0:definitionArc order="1" ns2:arcrole="http://xbrl.org/int/dim/arcrole/all" ns2:from="ferc_IsoOrRtoSettlementsLineItems" ns2:to="ferc_AmountsIncludedInIsoOrRtoSettlementTable" ns2:type="arc" ns3:closed="true" ns3:contextElement="segment" />
        <ns0:loc ns2:href="../../ferc-core_2020-01-01.xsd#ferc_IsoOrRtoSettlementsEnergyAbstract" ns2:label="ferc_IsoOrRtoSettlementsEnergyAbstract" ns2:type="locator" />
        <ns0:definitionArc order="2" ns2:arcrole="http://xbrl.org/int/dim/arcrole/domain-member" ns2:from="ferc_IsoOrRtoSettlementsLineItems" ns2:to="ferc_IsoOrRtoSettlementsEnergyAbstract" ns2:type="arc" />
        <ns0:loc ns2:href="../../ferc-core_2020-01-01.xsd#ferc_IsoOrRtoSettlementsEnergyNetPurchasesPurchasedPower" ns2:label="ferc_IsoOrRtoSettlementsEnergyNetPurchasesPurchasedPower" ns2:type="locator" />
        <ns0:definitionArc order="1" ns2:arcrole="http://xbrl.org/int/dim/arcrole/domain-member" ns2:from="ferc_IsoOrRtoSettlementsEnergyAbstract" ns2:to="ferc_IsoOrRtoSettlementsEnergyNetPurchasesPurchasedPower" ns2:type="arc" />
        <ns0:loc ns2:href="../../ferc-core_2020-01-01.xsd#ferc_IsoOrRtoSettlementsEnergyNetPurchasesPowerPurchasedForStorageOperations" ns2:label="ferc_IsoOrRtoSettlementsEnergyNetPurchasesPowerPurchasedForStorageOperations" ns2:type="locator" />
        <ns0:definitionArc order="2" ns2:arcrole="http://xbrl.org/int/dim/arcrole/domain-member" ns2:from="ferc_IsoOrRtoSettlementsEnergyAbstract" ns2:to="ferc_IsoOrRtoSettlementsEnergyNetPurchasesPowerPurchasedForStorageOperations" ns2:type="arc" />
        <ns0:loc ns2:href="../../ferc-core_2020-01-01.xsd#ferc_IsoOrRtoSettlementsEnergyNetSales" ns2:label="ferc_IsoOrRtoSettlementsEnergyNetSales" ns2:type="locator" />
        <ns0:definitionArc order="3" ns2:arcrole="http://xbrl.org/int/dim/arcrole/domain-member" ns2:from="ferc_IsoOrRtoSettlementsEnergyAbstract" ns2:to="ferc_IsoOrRtoSettlementsEnergyNetSales" ns2:type="arc" />
        <ns0:loc ns2:href="../../ferc-core_2020-01-01.xsd#ferc_IsoOrRtoSettlementsTransmissionRights" ns2:label="ferc_IsoOrRtoSettlementsTransmissionRights" ns2:type="locator" />
        <ns0:definitionArc order="4" ns2:arcrole="http://xbrl.org/int/dim/arcrole/domain-member" ns2:from="ferc_IsoOrRtoSettlementsEnergyAbstract" ns2:to="ferc_IsoOrRtoSettlementsTransmissionRights" ns2:type="arc" />
        <ns0:loc ns2:href="../../ferc-core_2020-01-01.xsd#ferc_IsoOrRtoSettlementsAncillaryServices" ns2:label="ferc_IsoOrRtoSettlementsAncillaryServices" ns2:type="locator" />
        <ns0:definitionArc order="5" ns2:arcrole="http://xbrl.org/int/dim/arcrole/domain-member" ns2:from="ferc_IsoOrRtoSettlementsEnergyAbstract" ns2:to="ferc_IsoOrRtoSettlementsAncillaryServices" ns2:type="arc" />
        <ns0:loc ns2:href="../../ferc-core_2020-01-01.xsd#ferc_OtherIsoOrRtoSettlementsAbstract" ns2:label="ferc_OtherIsoOrRtoSettlementsAbstract" ns2:type="locator" />
        <ns0:definitionArc order="6" ns2:arcrole="http://xbrl.org/int/dim/arcrole/domain-member" ns2:from="ferc_IsoOrRtoSettlementsEnergyAbstract" ns2:to="ferc_OtherIsoOrRtoSettlementsAbstract" ns2:type="arc" />
        <ns0:loc ns2:href="../../ferc-core_2020-01-01.xsd#ferc_IsoOrRtoSettlements" ns2:label="ferc_IsoOrRtoSettlements" ns2:type="locator" />
        <ns0:definitionArc order="3" ns2:arcrole="http://xbrl.org/int/dim/arcrole/domain-member" ns2:from="ferc_IsoOrRtoSettlementsLineItems" ns2:to="ferc_IsoOrRtoSettlements" ns2:type="arc" />
    </ns0:definitionLink>
    <ns0:definitionLink ns2:role="http://ferc.gov/form/2020-01-01/roles/Schedule/F1/ScheduleAmountsIncludedInISORTOSettlementStatementsOther" ns2:type="extended">
        <ns0:loc ns2:href="../../ferc-core_2020-01-01.xsd#ferc_ScheduleAmountsIncludedInIsoOrRtoSettlementAbstract" ns2:label="ferc_ScheduleAmountsIncludedInIsoOrRtoSettlementAbstract" ns2:type="locator" />
        <ns0:loc ns2:href="../../ferc-core_2020-01-01.xsd#ferc_IsoOrRtoSettlementsLineItems" ns2:label="ferc_IsoOrRtoSettlementsLineItems" ns2:type="locator" />
        <ns0:definitionArc order="1" ns2:arcrole="http://xbrl.org/int/dim/arcrole/domain-member" ns2:from="ferc_ScheduleAmountsIncludedInIsoOrRtoSettlementAbstract" ns2:to="ferc_IsoOrRtoSettlementsLineItems" ns2:type="arc" />
        <ns0:loc ns2:href="../../ferc-core_2020-01-01.xsd#ferc_AmountsIncludedInIsoOrRtoSettlementTable" ns2:label="ferc_AmountsIncludedInIsoOrRtoSettlementTable" ns2:type="locator" />
        <ns0:definitionArc order="1" ns2:arcrole="http://xbrl.org/int/dim/arcrole/all" ns2:from="ferc_IsoOrRtoSettlementsLineItems" ns2:to="ferc_AmountsIncludedInIsoOrRtoSettlementTable" ns2:type="arc" ns3:closed="true" ns3:contextElement="segment" />
        <ns0:loc ns2:href="../../ferc-core_2020-01-01.xsd#ferc_AmountsIncludedInIsoOrRtoSettlementStatementsAxis" ns2:label="ferc_AmountsIncludedInIsoOrRtoSettlementStatementsAxis" ns2:type="locator" />
        <ns0:definitionArc order="1" ns2:arcrole="http://xbrl.org/int/dim/arcrole/hypercube-dimension" ns2:from="ferc_AmountsIncludedInIsoOrRtoSettlementTable" ns2:to="ferc_AmountsIncludedInIsoOrRtoSettlementStatementsAxis" ns2:type="arc" />
        <ns0:loc ns2:href="../../ferc-core_2020-01-01.xsd#ferc_OrderNumber" ns2:label="ferc_OrderNumber" ns2:type="locator" />
        <ns0:definitionArc order="2" ns2:arcrole="http://xbrl.org/int/dim/arcrole/domain-member" ns2:from="ferc_IsoOrRtoSettlementsLineItems" ns2:to="ferc_OrderNumber" ns2:type="arc" />
        <ns0:loc ns2:href="../../ferc-core_2020-01-01.xsd#ferc_IsoOrRtoSettlementsDescriptionOfOtherItems" ns2:label="ferc_IsoOrRtoSettlementsDescriptionOfOtherItems" ns2:type="locator" />
        <ns0:definitionArc order="3" ns2:arcrole="http://xbrl.org/int/dim/arcrole/domain-member" ns2:from="ferc_IsoOrRtoSettlementsLineItems" ns2:to="ferc_IsoOrRtoSettlementsDescriptionOfOtherItems" ns2:type="arc" />
        <ns0:loc ns2:href="../../ferc-core_2020-01-01.xsd#ferc_IsoOrRtoSettlementsOtherItems" ns2:label="ferc_IsoOrRtoSettlementsOtherItems" ns2:type="locator" />
        <ns0:definitionArc order="4" ns2:arcrole="http://xbrl.org/int/dim/arcrole/domain-member" ns2:from="ferc_IsoOrRtoSettlementsLineItems" ns2:to="ferc_IsoOrRtoSettlementsOtherItems" ns2:type="arc" />
    </ns0:definitionLink>
    <ns0:definitionLink ns2:role="http://ferc.gov/form/2020-01-01/roles/Schedule/F1/ScheduleAmountsIncludedInISORTOSettlementStatements" ns2:type="extended" />
    <ns0:definitionLink ns2:role="http://ferc.gov/form/2020-01-01/roles/Schedule/F1/ScheduleAmountsIncludedInISORTOSettlementStatementsOther" ns2:type="extended" />
</ns0:linkbase>