<ns0:linkbase xmlns:ns0="http://www.xbrl.org/2003/linkbase" xmlns:ns2="http://www.w3.org/1999/xlink" xmlns:xsi="http://www.w3.org/2001/XMLSchema-instance" xsi:schemaLocation="http://www.xbrl.org/2003/linkbase http://www.xbrl.org/2003/xbrl-linkbase-2003-12-31.xsd">
    <ns0:roleRef roleURI="http://ferc.gov/form/2020-01-01/roles/label/F1ElectricPropertyLeasedToOthers" ns2:href="../../ferc-core-lab-roles_2020-01-01.xsd#F1ElectricPropertyLeasedToOthers" ns2:type="simple" />
    <ns0:roleRef roleURI="http://ferc.gov/form/2020-01-01/roles/label/F1Total" ns2:href="../../ferc-core-lab-roles_2020-01-01.xsd#F1Total" ns2:type="simple" />
    <ns0:roleRef roleURI="http://ferc.gov/form/2020-01-01/roles/Schedule/F1/ElectricPlantLeasedToOthers" ns2:href="form-1-sched-ElectricPlantLeasedToOthers_2020-01-01.xsd#roleType_ElectricPlantLeasedToOthers" ns2:type="simple" />
    <ns0:presentationLink ns2:role="http://ferc.gov/form/2020-01-01/roles/Schedule/F1/ElectricPlantLeasedToOthers" ns2:type="extended">
        <ns0:loc ns2:href="../../ferc-core_2020-01-01.xsd#ferc_ScheduleElectricPropertyLeasedToOthersAbstract" ns2:label="ferc_ScheduleElectricPropertyLeasedToOthersAbstract" ns2:type="locator" />
        <ns0:loc ns2:href="../../ferc-core_2020-01-01.xsd#ferc_ElectricPropertyLeasedToOthersTable" ns2:label="ferc_ElectricPropertyLeasedToOthersTable" ns2:type="locator" />
        <ns0:presentationArc order="1" ns2:arcrole="http://www.xbrl.org/2003/arcrole/parent-child" ns2:from="ferc_ScheduleElectricPropertyLeasedToOthersAbstract" ns2:to="ferc_ElectricPropertyLeasedToOthersTable" ns2:type="arc" />
        <ns0:loc ns2:href="../../ferc-core_2020-01-01.xsd#ferc_ElectricPropertyLeasedToOthersAxis" ns2:label="ferc_ElectricPropertyLeasedToOthersAxis" ns2:type="locator" />
        <ns0:presentationArc order="1" ns2:arcrole="http://www.xbrl.org/2003/arcrole/parent-child" ns2:from="ferc_ElectricPropertyLeasedToOthersTable" ns2:to="ferc_ElectricPropertyLeasedToOthersAxis" ns2:type="arc" />
        <ns0:loc ns2:href="../../ferc-core_2020-01-01.xsd#ferc_ElectricPropertyLeaseLineItems" ns2:label="ferc_ElectricPropertyLeaseLineItems" ns2:type="locator" />
        <ns0:presentationArc order="2" ns2:arcrole="http://www.xbrl.org/2003/arcrole/parent-child" ns2:from="ferc_ElectricPropertyLeasedToOthersTable" ns2:to="ferc_ElectricPropertyLeaseLineItems" ns2:type="arc" />
        <ns0:loc ns2:href="../../ferc-core_2020-01-01.xsd#ferc_OrderNumber" ns2:label="ferc_OrderNumber" ns2:type="locator" />
        <ns0:presentationArc order="1" ns2:arcrole="http://www.xbrl.org/2003/arcrole/parent-child" ns2:from="ferc_ElectricPropertyLeaseLineItems" ns2:to="ferc_OrderNumber" ns2:type="arc" />
        <ns0:loc ns2:href="../../ferc-core_2020-01-01.xsd#ferc_LesseeName" ns2:label="ferc_LesseeName" ns2:type="locator" />
        <ns0:presentationArc order="2" preferredLabel="http://ferc.gov/form/2020-01-01/roles/label/F1ElectricPropertyLeasedToOthers" ns2:arcrole="http://www.xbrl.org/2003/arcrole/parent-child" ns2:from="ferc_ElectricPropertyLeaseLineItems" ns2:to="ferc_LesseeName" ns2:type="arc" />
        <ns0:loc ns2:href="../../ferc-core_2020-01-01.xsd#ferc_IndicationOfAssociatedCompany" ns2:label="ferc_IndicationOfAssociatedCompany" ns2:type="locator" />
        <ns0:presentationArc order="3" preferredLabel="http://ferc.gov/form/2020-01-01/roles/label/F1ElectricPropertyLeasedToOthers" ns2:arcrole="http://www.xbrl.org/2003/arcrole/parent-child" ns2:from="ferc_ElectricPropertyLeaseLineItems" ns2:to="ferc_IndicationOfAssociatedCompany" ns2:type="arc" />
        <ns0:loc ns2:href="../../ferc-core_2020-01-01.xsd#ferc_LeaseDescription" ns2:label="ferc_LeaseDescription" ns2:type="locator" />
        <ns0:presentationArc order="4" preferredLabel="http://ferc.gov/form/2020-01-01/roles/label/F1ElectricPropertyLeasedToOthers" ns2:arcrole="http://www.xbrl.org/2003/arcrole/parent-child" ns2:from="ferc_ElectricPropertyLeaseLineItems" ns2:to="ferc_LeaseDescription" ns2:type="arc" />
        <ns0:loc ns2:href="../../ferc-core_2020-01-01.xsd#ferc_CommissionAuthorization" ns2:label="ferc_CommissionAuthorization" ns2:type="locator" />
        <ns0:presentationArc order="5" preferredLabel="http://ferc.gov/form/2020-01-01/roles/label/F1ElectricPropertyLeasedToOthers" ns2:arcrole="http://www.xbrl.org/2003/arcrole/parent-child" ns2:from="ferc_ElectricPropertyLeaseLineItems" ns2:to="ferc_CommissionAuthorization" ns2:type="arc" />
        <ns0:loc ns2:href="../../ferc-core_2020-01-01.xsd#ferc_ExpirationDateOfLease" ns2:label="ferc_ExpirationDateOfLease" ns2:type="locator" />
        <ns0:presentationArc order="6" preferredLabel="http://ferc.gov/form/2020-01-01/roles/label/F1ElectricPropertyLeasedToOthers" ns2:arcrole="http://www.xbrl.org/2003/arcrole/parent-child" ns2:from="ferc_ElectricPropertyLeaseLineItems" ns2:to="ferc_ExpirationDateOfLease" ns2:type="arc" />
        <ns0:loc ns2:href="../../ferc-core_2020-01-01.xsd#ferc_ElectricPlantLeasedToOthers" ns2:label="ferc_ElectricPlantLeasedToOthers" ns2:type="locator" />
        <ns0:presentationArc order="7" preferredLabel="http://ferc.gov/form/2020-01-01/roles/label/F1ElectricPropertyLeasedToOthers" ns2:arcrole="http://www.xbrl.org/2003/arcrole/parent-child" ns2:from="ferc_ElectricPropertyLeaseLineItems" ns2:to="ferc_ElectricPlantLeasedToOthers" ns2:type="arc" />
        <ns0:presentationArc order="2" preferredLabel="http://ferc.gov/form/2020-01-01/roles/label/F1Total" ns2:arcrole="http://www.xbrl.org/2003/arcrole/parent-child" ns2:from="ferc_ScheduleElectricPropertyLeasedToOthersAbstract" ns2:to="ferc_ElectricPlantLeasedToOthers" ns2:type="arc" />
    </ns0:presentationLink>
</ns0:linkbase>