﻿<?xml version="1.0" encoding="utf-8"?>
<?taxonomy-version 2.9.0.1?> <?taxonomy-set-overall-version 2.9.0.1?>
<!--(C) EBA-->
<link:linkbase xmlns:xsi="http://www.w3.org/2001/XMLSchema-instance" xmlns:xlink="http://www.w3.org/1999/xlink" xmlns:link="http://www.xbrl.org/2003/linkbase" xsi:schemaLocation="http://www.xbrl.org/2003/linkbase http://www.xbrl.org/2003/xbrl-linkbase-2003-12-31.xsd">
  <link:labelLink xlink:type="extended" xlink:role="http://www.xbrl.org/2003/role/link">
    <link:loc xlink:type="locator" xlink:href="mem.xsd#eba_x1" xlink:label="loc_eba_x1" />
    <link:label xlink:type="resource" xlink:label="label_eba_x1" xml:lang="en" xlink:role="http://www.xbrl.org/2003/role/label">Complete accounting year T</link:label>
    <link:labelArc xlink:type="arc" xlink:arcrole="http://www.xbrl.org/2003/arcrole/concept-label" xlink:from="loc_eba_x1" xlink:to="label_eba_x1" />
    <link:loc xlink:type="locator" xlink:href="mem.xsd#eba_x2" xlink:label="loc_eba_x2" />
    <link:label xlink:type="resource" xlink:label="label_eba_x2" xml:lang="en" xlink:role="http://www.xbrl.org/2003/role/label">Complete accounting year T-1</link:label>
    <link:labelArc xlink:type="arc" xlink:arcrole="http://www.xbrl.org/2003/arcrole/concept-label" xlink:from="loc_eba_x2" xlink:to="label_eba_x2" />
    <link:loc xlink:type="locator" xlink:href="mem.xsd#eba_x3" xlink:label="loc_eba_x3" />
    <link:label xlink:type="resource" xlink:label="label_eba_x3" xml:lang="en" xlink:role="http://www.xbrl.org/2003/role/label">Complete accounting year T-2</link:label>
    <link:labelArc xlink:type="arc" xlink:arcrole="http://www.xbrl.org/2003/arcrole/concept-label" xlink:from="loc_eba_x3" xlink:to="label_eba_x3" />
    <link:loc xlink:type="locator" xlink:href="mem.xsd#eba_x4" xlink:label="loc_eba_x4" />
    <link:label xlink:type="resource" xlink:label="label_eba_x4" xml:lang="en" xlink:role="http://www.xbrl.org/2003/role/label">End accounting year T-1</link:label>
    <link:labelArc xlink:type="arc" xlink:arcrole="http://www.xbrl.org/2003/arcrole/concept-label" xlink:from="loc_eba_x4" xlink:to="label_eba_x4" />
    <link:loc xlink:type="locator" xlink:href="mem.xsd#eba_x5" xlink:label="loc_eba_x5" />
    <link:label xlink:type="resource" xlink:label="label_eba_x5" xml:lang="en" xlink:role="http://www.xbrl.org/2003/role/label">End accounting year T</link:label>
    <link:labelArc xlink:type="arc" xlink:arcrole="http://www.xbrl.org/2003/arcrole/concept-label" xlink:from="loc_eba_x5" xlink:to="label_eba_x5" />
    <link:loc xlink:type="locator" xlink:href="mem.xsd#eba_x7" xlink:label="loc_eba_x7" />
    <link:label xlink:type="resource" xlink:label="label_eba_x7" xml:lang="en" xlink:role="http://www.xbrl.org/2003/role/label">End accounting year T-2</link:label>
    <link:labelArc xlink:type="arc" xlink:arcrole="http://www.xbrl.org/2003/arcrole/concept-label" xlink:from="loc_eba_x7" xlink:to="label_eba_x7" />
    <link:loc xlink:type="locator" xlink:href="mem.xsd#eba_x9" xlink:label="loc_eba_x9" />
    <link:label xlink:type="resource" xlink:label="label_eba_x9" xml:lang="en" xlink:role="http://www.xbrl.org/2003/role/label">Month-1-value</link:label>
    <link:labelArc xlink:type="arc" xlink:arcrole="http://www.xbrl.org/2003/arcrole/concept-label" xlink:from="loc_eba_x9" xlink:to="label_eba_x9" />
    <link:loc xlink:type="locator" xlink:href="mem.xsd#eba_x10" xlink:label="loc_eba_x10" />
    <link:label xlink:type="resource" xlink:label="label_eba_x10" xml:lang="en" xlink:role="http://www.xbrl.org/2003/role/label">Month-2-value</link:label>
    <link:labelArc xlink:type="arc" xlink:arcrole="http://www.xbrl.org/2003/arcrole/concept-label" xlink:from="loc_eba_x10" xlink:to="label_eba_x10" />
    <link:loc xlink:type="locator" xlink:href="mem.xsd#eba_x11" xlink:label="loc_eba_x11" />
    <link:label xlink:type="resource" xlink:label="label_eba_x11" xml:lang="en" xlink:role="http://www.xbrl.org/2003/role/label">+ 6 months</link:label>
    <link:labelArc xlink:type="arc" xlink:arcrole="http://www.xbrl.org/2003/arcrole/concept-label" xlink:from="loc_eba_x11" xlink:to="label_eba_x11" />
    <link:loc xlink:type="locator" xlink:href="mem.xsd#eba_x12" xlink:label="loc_eba_x12" />
    <link:label xlink:type="resource" xlink:label="label_eba_x12" xml:lang="en" xlink:role="http://www.xbrl.org/2003/role/label">+ 12 months</link:label>
    <link:labelArc xlink:type="arc" xlink:arcrole="http://www.xbrl.org/2003/arcrole/concept-label" xlink:from="loc_eba_x12" xlink:to="label_eba_x12" />
    <link:loc xlink:type="locator" xlink:href="mem.xsd#eba_x13" xlink:label="loc_eba_x13" />
    <link:label xlink:type="resource" xlink:label="label_eba_x13" xml:lang="en" xlink:role="http://www.xbrl.org/2003/role/label">+ 2 years</link:label>
    <link:labelArc xlink:type="arc" xlink:arcrole="http://www.xbrl.org/2003/arcrole/concept-label" xlink:from="loc_eba_x13" xlink:to="label_eba_x13" />
    <link:loc xlink:type="locator" xlink:href="mem.xsd#eba_x14" xlink:label="loc_eba_x14" />
    <link:label xlink:type="resource" xlink:label="label_eba_x14" xml:lang="en" xlink:role="http://www.xbrl.org/2003/role/label">+ 5 years</link:label>
    <link:labelArc xlink:type="arc" xlink:arcrole="http://www.xbrl.org/2003/arcrole/concept-label" xlink:from="loc_eba_x14" xlink:to="label_eba_x14" />
    <link:loc xlink:type="locator" xlink:href="mem.xsd#eba_x15" xlink:label="loc_eba_x15" />
    <link:label xlink:type="resource" xlink:label="label_eba_x15" xml:lang="en" xlink:role="http://www.xbrl.org/2003/role/label">+ 10 years</link:label>
    <link:labelArc xlink:type="arc" xlink:arcrole="http://www.xbrl.org/2003/arcrole/concept-label" xlink:from="loc_eba_x15" xlink:to="label_eba_x15" />
    <link:loc xlink:type="locator" xlink:href="mem.xsd#eba_x0" xlink:label="loc_eba_x0" />
    <link:label xlink:type="resource" xlink:label="label_eba_x0" xml:lang="en" xlink:role="http://www.xbrl.org/2003/role/label">Reference (e.g. current) period / date</link:label>
    <link:labelArc xlink:type="arc" xlink:arcrole="http://www.xbrl.org/2003/arcrole/concept-label" xlink:from="loc_eba_x0" xlink:to="label_eba_x0" />
    <link:loc xlink:type="locator" xlink:href="mem.xsd#eba_x16" xlink:label="loc_eba_x16" />
    <link:label xlink:type="resource" xlink:label="label_eba_x16" xml:lang="en" xlink:role="http://www.xbrl.org/2003/role/label">+ 3 years</link:label>
    <link:labelArc xlink:type="arc" xlink:arcrole="http://www.xbrl.org/2003/arcrole/concept-label" xlink:from="loc_eba_x16" xlink:to="label_eba_x16" />
    <link:loc xlink:type="locator" xlink:href="mem.xsd#eba_x17" xlink:label="loc_eba_x17" />
    <link:label xlink:type="resource" xlink:label="label_eba_x17" xml:lang="en" xlink:role="http://www.xbrl.org/2003/role/label">Day 1 of the month</link:label>
    <link:labelArc xlink:type="arc" xlink:arcrole="http://www.xbrl.org/2003/arcrole/concept-label" xlink:from="loc_eba_x17" xlink:to="label_eba_x17" />
    <link:loc xlink:type="locator" xlink:href="mem.xsd#eba_x18" xlink:label="loc_eba_x18" />
    <link:label xlink:type="resource" xlink:label="label_eba_x18" xml:lang="en" xlink:role="http://www.xbrl.org/2003/role/label">Day 2 of the month</link:label>
    <link:labelArc xlink:type="arc" xlink:arcrole="http://www.xbrl.org/2003/arcrole/concept-label" xlink:from="loc_eba_x18" xlink:to="label_eba_x18" />
    <link:loc xlink:type="locator" xlink:href="mem.xsd#eba_x19" xlink:label="loc_eba_x19" />
    <link:label xlink:type="resource" xlink:label="label_eba_x19" xml:lang="en" xlink:role="http://www.xbrl.org/2003/role/label">Day 3 of the month</link:label>
    <link:labelArc xlink:type="arc" xlink:arcrole="http://www.xbrl.org/2003/arcrole/concept-label" xlink:from="loc_eba_x19" xlink:to="label_eba_x19" />
    <link:loc xlink:type="locator" xlink:href="mem.xsd#eba_x20" xlink:label="loc_eba_x20" />
    <link:label xlink:type="resource" xlink:label="label_eba_x20" xml:lang="en" xlink:role="http://www.xbrl.org/2003/role/label">Day 4 of the month</link:label>
    <link:labelArc xlink:type="arc" xlink:arcrole="http://www.xbrl.org/2003/arcrole/concept-label" xlink:from="loc_eba_x20" xlink:to="label_eba_x20" />
    <link:loc xlink:type="locator" xlink:href="mem.xsd#eba_x21" xlink:label="loc_eba_x21" />
    <link:label xlink:type="resource" xlink:label="label_eba_x21" xml:lang="en" xlink:role="http://www.xbrl.org/2003/role/label">Day 5 of the month</link:label>
    <link:labelArc xlink:type="arc" xlink:arcrole="http://www.xbrl.org/2003/arcrole/concept-label" xlink:from="loc_eba_x21" xlink:to="label_eba_x21" />
    <link:loc xlink:type="locator" xlink:href="mem.xsd#eba_x22" xlink:label="loc_eba_x22" />
    <link:label xlink:type="resource" xlink:label="label_eba_x22" xml:lang="en" xlink:role="http://www.xbrl.org/2003/role/label">Day 6 of the month</link:label>
    <link:labelArc xlink:type="arc" xlink:arcrole="http://www.xbrl.org/2003/arcrole/concept-label" xlink:from="loc_eba_x22" xlink:to="label_eba_x22" />
    <link:loc xlink:type="locator" xlink:href="mem.xsd#eba_x23" xlink:label="loc_eba_x23" />
    <link:label xlink:type="resource" xlink:label="label_eba_x23" xml:lang="en" xlink:role="http://www.xbrl.org/2003/role/label">Day 7 of the month</link:label>
    <link:labelArc xlink:type="arc" xlink:arcrole="http://www.xbrl.org/2003/arcrole/concept-label" xlink:from="loc_eba_x23" xlink:to="label_eba_x23" />
    <link:loc xlink:type="locator" xlink:href="mem.xsd#eba_x24" xlink:label="loc_eba_x24" />
    <link:label xlink:type="resource" xlink:label="label_eba_x24" xml:lang="en" xlink:role="http://www.xbrl.org/2003/role/label">Day 8 of the month</link:label>
    <link:labelArc xlink:type="arc" xlink:arcrole="http://www.xbrl.org/2003/arcrole/concept-label" xlink:from="loc_eba_x24" xlink:to="label_eba_x24" />
    <link:loc xlink:type="locator" xlink:href="mem.xsd#eba_x25" xlink:label="loc_eba_x25" />
    <link:label xlink:type="resource" xlink:label="label_eba_x25" xml:lang="en" xlink:role="http://www.xbrl.org/2003/role/label">Day 9 of the month</link:label>
    <link:labelArc xlink:type="arc" xlink:arcrole="http://www.xbrl.org/2003/arcrole/concept-label" xlink:from="loc_eba_x25" xlink:to="label_eba_x25" />
    <link:loc xlink:type="locator" xlink:href="mem.xsd#eba_x26" xlink:label="loc_eba_x26" />
    <link:label xlink:type="resource" xlink:label="label_eba_x26" xml:lang="en" xlink:role="http://www.xbrl.org/2003/role/label">Day 10 of the month</link:label>
    <link:labelArc xlink:type="arc" xlink:arcrole="http://www.xbrl.org/2003/arcrole/concept-label" xlink:from="loc_eba_x26" xlink:to="label_eba_x26" />
    <link:loc xlink:type="locator" xlink:href="mem.xsd#eba_x27" xlink:label="loc_eba_x27" />
    <link:label xlink:type="resource" xlink:label="label_eba_x27" xml:lang="en" xlink:role="http://www.xbrl.org/2003/role/label">Day 11 of the month</link:label>
    <link:labelArc xlink:type="arc" xlink:arcrole="http://www.xbrl.org/2003/arcrole/concept-label" xlink:from="loc_eba_x27" xlink:to="label_eba_x27" />
    <link:loc xlink:type="locator" xlink:href="mem.xsd#eba_x28" xlink:label="loc_eba_x28" />
    <link:label xlink:type="resource" xlink:label="label_eba_x28" xml:lang="en" xlink:role="http://www.xbrl.org/2003/role/label">Day 12 of the month</link:label>
    <link:labelArc xlink:type="arc" xlink:arcrole="http://www.xbrl.org/2003/arcrole/concept-label" xlink:from="loc_eba_x28" xlink:to="label_eba_x28" />
    <link:loc xlink:type="locator" xlink:href="mem.xsd#eba_x29" xlink:label="loc_eba_x29" />
    <link:label xlink:type="resource" xlink:label="label_eba_x29" xml:lang="en" xlink:role="http://www.xbrl.org/2003/role/label">Day 13 of the month</link:label>
    <link:labelArc xlink:type="arc" xlink:arcrole="http://www.xbrl.org/2003/arcrole/concept-label" xlink:from="loc_eba_x29" xlink:to="label_eba_x29" />
    <link:loc xlink:type="locator" xlink:href="mem.xsd#eba_x30" xlink:label="loc_eba_x30" />
    <link:label xlink:type="resource" xlink:label="label_eba_x30" xml:lang="en" xlink:role="http://www.xbrl.org/2003/role/label">Day 14 of the month</link:label>
    <link:labelArc xlink:type="arc" xlink:arcrole="http://www.xbrl.org/2003/arcrole/concept-label" xlink:from="loc_eba_x30" xlink:to="label_eba_x30" />
    <link:loc xlink:type="locator" xlink:href="mem.xsd#eba_x31" xlink:label="loc_eba_x31" />
    <link:label xlink:type="resource" xlink:label="label_eba_x31" xml:lang="en" xlink:role="http://www.xbrl.org/2003/role/label">Day 15 of the month</link:label>
    <link:labelArc xlink:type="arc" xlink:arcrole="http://www.xbrl.org/2003/arcrole/concept-label" xlink:from="loc_eba_x31" xlink:to="label_eba_x31" />
    <link:loc xlink:type="locator" xlink:href="mem.xsd#eba_x32" xlink:label="loc_eba_x32" />
    <link:label xlink:type="resource" xlink:label="label_eba_x32" xml:lang="en" xlink:role="http://www.xbrl.org/2003/role/label">Day 16 of the month</link:label>
    <link:labelArc xlink:type="arc" xlink:arcrole="http://www.xbrl.org/2003/arcrole/concept-label" xlink:from="loc_eba_x32" xlink:to="label_eba_x32" />
    <link:loc xlink:type="locator" xlink:href="mem.xsd#eba_x33" xlink:label="loc_eba_x33" />
    <link:label xlink:type="resource" xlink:label="label_eba_x33" xml:lang="en" xlink:role="http://www.xbrl.org/2003/role/label">Day 17 of the month</link:label>
    <link:labelArc xlink:type="arc" xlink:arcrole="http://www.xbrl.org/2003/arcrole/concept-label" xlink:from="loc_eba_x33" xlink:to="label_eba_x33" />
    <link:loc xlink:type="locator" xlink:href="mem.xsd#eba_x34" xlink:label="loc_eba_x34" />
    <link:label xlink:type="resource" xlink:label="label_eba_x34" xml:lang="en" xlink:role="http://www.xbrl.org/2003/role/label">Day 18 of the month</link:label>
    <link:labelArc xlink:type="arc" xlink:arcrole="http://www.xbrl.org/2003/arcrole/concept-label" xlink:from="loc_eba_x34" xlink:to="label_eba_x34" />
    <link:loc xlink:type="locator" xlink:href="mem.xsd#eba_x35" xlink:label="loc_eba_x35" />
    <link:label xlink:type="resource" xlink:label="label_eba_x35" xml:lang="en" xlink:role="http://www.xbrl.org/2003/role/label">Day 19 of the month</link:label>
    <link:labelArc xlink:type="arc" xlink:arcrole="http://www.xbrl.org/2003/arcrole/concept-label" xlink:from="loc_eba_x35" xlink:to="label_eba_x35" />
    <link:loc xlink:type="locator" xlink:href="mem.xsd#eba_x36" xlink:label="loc_eba_x36" />
    <link:label xlink:type="resource" xlink:label="label_eba_x36" xml:lang="en" xlink:role="http://www.xbrl.org/2003/role/label">Day 20 of the month</link:label>
    <link:labelArc xlink:type="arc" xlink:arcrole="http://www.xbrl.org/2003/arcrole/concept-label" xlink:from="loc_eba_x36" xlink:to="label_eba_x36" />
    <link:loc xlink:type="locator" xlink:href="mem.xsd#eba_x37" xlink:label="loc_eba_x37" />
    <link:label xlink:type="resource" xlink:label="label_eba_x37" xml:lang="en" xlink:role="http://www.xbrl.org/2003/role/label">Day 21 of the month</link:label>
    <link:labelArc xlink:type="arc" xlink:arcrole="http://www.xbrl.org/2003/arcrole/concept-label" xlink:from="loc_eba_x37" xlink:to="label_eba_x37" />
    <link:loc xlink:type="locator" xlink:href="mem.xsd#eba_x38" xlink:label="loc_eba_x38" />
    <link:label xlink:type="resource" xlink:label="label_eba_x38" xml:lang="en" xlink:role="http://www.xbrl.org/2003/role/label">Day 22 of the month</link:label>
    <link:labelArc xlink:type="arc" xlink:arcrole="http://www.xbrl.org/2003/arcrole/concept-label" xlink:from="loc_eba_x38" xlink:to="label_eba_x38" />
    <link:loc xlink:type="locator" xlink:href="mem.xsd#eba_x39" xlink:label="loc_eba_x39" />
    <link:label xlink:type="resource" xlink:label="label_eba_x39" xml:lang="en" xlink:role="http://www.xbrl.org/2003/role/label">Day 23 of the month</link:label>
    <link:labelArc xlink:type="arc" xlink:arcrole="http://www.xbrl.org/2003/arcrole/concept-label" xlink:from="loc_eba_x39" xlink:to="label_eba_x39" />
    <link:loc xlink:type="locator" xlink:href="mem.xsd#eba_x40" xlink:label="loc_eba_x40" />
    <link:label xlink:type="resource" xlink:label="label_eba_x40" xml:lang="en" xlink:role="http://www.xbrl.org/2003/role/label">Day 24 of the month</link:label>
    <link:labelArc xlink:type="arc" xlink:arcrole="http://www.xbrl.org/2003/arcrole/concept-label" xlink:from="loc_eba_x40" xlink:to="label_eba_x40" />
    <link:loc xlink:type="locator" xlink:href="mem.xsd#eba_x41" xlink:label="loc_eba_x41" />
    <link:label xlink:type="resource" xlink:label="label_eba_x41" xml:lang="en" xlink:role="http://www.xbrl.org/2003/role/label">Day 25 of the month</link:label>
    <link:labelArc xlink:type="arc" xlink:arcrole="http://www.xbrl.org/2003/arcrole/concept-label" xlink:from="loc_eba_x41" xlink:to="label_eba_x41" />
    <link:loc xlink:type="locator" xlink:href="mem.xsd#eba_x42" xlink:label="loc_eba_x42" />
    <link:label xlink:type="resource" xlink:label="label_eba_x42" xml:lang="en" xlink:role="http://www.xbrl.org/2003/role/label">Day 26 of the month</link:label>
    <link:labelArc xlink:type="arc" xlink:arcrole="http://www.xbrl.org/2003/arcrole/concept-label" xlink:from="loc_eba_x42" xlink:to="label_eba_x42" />
    <link:loc xlink:type="locator" xlink:href="mem.xsd#eba_x43" xlink:label="loc_eba_x43" />
    <link:label xlink:type="resource" xlink:label="label_eba_x43" xml:lang="en" xlink:role="http://www.xbrl.org/2003/role/label">Day 27 of the month</link:label>
    <link:labelArc xlink:type="arc" xlink:arcrole="http://www.xbrl.org/2003/arcrole/concept-label" xlink:from="loc_eba_x43" xlink:to="label_eba_x43" />
    <link:loc xlink:type="locator" xlink:href="mem.xsd#eba_x44" xlink:label="loc_eba_x44" />
    <link:label xlink:type="resource" xlink:label="label_eba_x44" xml:lang="en" xlink:role="http://www.xbrl.org/2003/role/label">Day 28 of the month</link:label>
    <link:labelArc xlink:type="arc" xlink:arcrole="http://www.xbrl.org/2003/arcrole/concept-label" xlink:from="loc_eba_x44" xlink:to="label_eba_x44" />
    <link:loc xlink:type="locator" xlink:href="mem.xsd#eba_x45" xlink:label="loc_eba_x45" />
    <link:label xlink:type="resource" xlink:label="label_eba_x45" xml:lang="en" xlink:role="http://www.xbrl.org/2003/role/label">Day 29 of the month</link:label>
    <link:labelArc xlink:type="arc" xlink:arcrole="http://www.xbrl.org/2003/arcrole/concept-label" xlink:from="loc_eba_x45" xlink:to="label_eba_x45" />
    <link:loc xlink:type="locator" xlink:href="mem.xsd#eba_x46" xlink:label="loc_eba_x46" />
    <link:label xlink:type="resource" xlink:label="label_eba_x46" xml:lang="en" xlink:role="http://www.xbrl.org/2003/role/label">Day 30 of the month</link:label>
    <link:labelArc xlink:type="arc" xlink:arcrole="http://www.xbrl.org/2003/arcrole/concept-label" xlink:from="loc_eba_x46" xlink:to="label_eba_x46" />
    <link:loc xlink:type="locator" xlink:href="mem.xsd#eba_x47" xlink:label="loc_eba_x47" />
    <link:label xlink:type="resource" xlink:label="label_eba_x47" xml:lang="en" xlink:role="http://www.xbrl.org/2003/role/label">Day 31 of the month</link:label>
    <link:labelArc xlink:type="arc" xlink:arcrole="http://www.xbrl.org/2003/arcrole/concept-label" xlink:from="loc_eba_x47" xlink:to="label_eba_x47" />
    <link:loc xlink:type="locator" xlink:href="mem.xsd#eba_x48" xlink:label="loc_eba_x48" />
    <link:label xlink:type="resource" xlink:label="label_eba_x48" xml:lang="en" xlink:role="http://www.xbrl.org/2003/role/label">Latest year</link:label>
    <link:labelArc xlink:type="arc" xlink:arcrole="http://www.xbrl.org/2003/arcrole/concept-label" xlink:from="loc_eba_x48" xlink:to="label_eba_x48" />
    <link:loc xlink:type="locator" xlink:href="mem.xsd#eba_x49" xlink:label="loc_eba_x49" />
    <link:label xlink:type="resource" xlink:label="label_eba_x49" xml:lang="en" xlink:role="http://www.xbrl.org/2003/role/label">Past 5 years</link:label>
    <link:labelArc xlink:type="arc" xlink:arcrole="http://www.xbrl.org/2003/arcrole/concept-label" xlink:from="loc_eba_x49" xlink:to="label_eba_x49" />
    <link:loc xlink:type="locator" xlink:href="mem.xsd#eba_x50" xlink:label="loc_eba_x50" />
    <link:label xlink:type="resource" xlink:label="label_eba_x50" xml:lang="en" xlink:role="http://www.xbrl.org/2003/role/label">Reference period for the calibration of PD models</link:label>
    <link:labelArc xlink:type="arc" xlink:arcrole="http://www.xbrl.org/2003/arcrole/concept-label" xlink:from="loc_eba_x50" xlink:to="label_eba_x50" />
    <link:loc xlink:type="locator" xlink:href="mem.xsd#eba_x51" xlink:label="loc_eba_x51" />
    <link:label xlink:type="resource" xlink:label="label_eba_x51" xml:lang="en" xlink:role="http://www.xbrl.org/2003/role/label">Reference period for the calibration of LGD models</link:label>
    <link:labelArc xlink:type="arc" xlink:arcrole="http://www.xbrl.org/2003/arcrole/concept-label" xlink:from="loc_eba_x51" xlink:to="label_eba_x51" />
    <link:loc xlink:type="locator" xlink:href="mem.xsd#eba_x52" xlink:label="loc_eba_x52" />
    <link:label xlink:type="resource" xlink:label="label_eba_x52" xml:lang="en" xlink:role="http://www.xbrl.org/2003/role/label">Current reporting period</link:label>
    <link:labelArc xlink:type="arc" xlink:arcrole="http://www.xbrl.org/2003/arcrole/concept-label" xlink:from="loc_eba_x52" xlink:to="label_eba_x52" />
    <link:loc xlink:type="locator" xlink:href="mem.xsd#eba_x53" xlink:label="loc_eba_x53" />
    <link:label xlink:type="resource" xlink:label="label_eba_x53" xml:lang="en" xlink:role="http://www.xbrl.org/2003/role/label">Previous reporting periods</link:label>
    <link:labelArc xlink:type="arc" xlink:arcrole="http://www.xbrl.org/2003/arcrole/concept-label" xlink:from="loc_eba_x53" xlink:to="label_eba_x53" />
    <link:loc xlink:type="locator" xlink:href="mem.xsd#eba_x54" xlink:label="loc_eba_x54" />
    <link:label xlink:type="resource" xlink:label="label_eba_x54" xml:lang="en" xlink:role="http://www.xbrl.org/2003/role/label">Current and previous reporting periods</link:label>
    <link:labelArc xlink:type="arc" xlink:arcrole="http://www.xbrl.org/2003/arcrole/concept-label" xlink:from="loc_eba_x54" xlink:to="label_eba_x54" />
    <link:loc xlink:type="locator" xlink:href="mem.xsd#eba_x56" xlink:label="loc_eba_x56" />
    <link:label xlink:type="resource" xlink:label="label_eba_x56" xml:lang="en" xlink:role="http://www.xbrl.org/2003/role/label">At the date of issuance</link:label>
    <link:labelArc xlink:type="arc" xlink:arcrole="http://www.xbrl.org/2003/arcrole/concept-label" xlink:from="loc_eba_x56" xlink:to="label_eba_x56" />
    <link:loc xlink:type="locator" xlink:href="mem.xsd#eba_x57" xlink:label="loc_eba_x57" />
    <link:label xlink:type="resource" xlink:label="label_eba_x57" xml:lang="en" xlink:role="http://www.xbrl.org/2003/role/label">Date of initial recognition</link:label>
    <link:labelArc xlink:type="arc" xlink:arcrole="http://www.xbrl.org/2003/arcrole/concept-label" xlink:from="loc_eba_x57" xlink:to="label_eba_x57" />
    <link:loc xlink:type="locator" xlink:href="mem.xsd#eba_x58" xlink:label="loc_eba_x58" />
    <link:label xlink:type="resource" xlink:label="label_eba_x58" xml:lang="en" xlink:role="http://www.xbrl.org/2003/role/label">Point in time of exchange</link:label>
    <link:labelArc xlink:type="arc" xlink:arcrole="http://www.xbrl.org/2003/arcrole/concept-label" xlink:from="loc_eba_x58" xlink:to="label_eba_x58" />
    <link:loc xlink:type="locator" xlink:href="mem.xsd#eba_x60" xlink:label="loc_eba_x60" />
    <link:label xlink:type="resource" xlink:label="label_eba_x60" xml:lang="en" xlink:role="http://www.xbrl.org/2003/role/label">Identified staff</link:label>
    <link:labelArc xlink:type="arc" xlink:arcrole="http://www.xbrl.org/2003/arcrole/concept-label" xlink:from="loc_eba_x60" xlink:to="label_eba_x60" />
    <link:loc xlink:type="locator" xlink:href="mem.xsd#eba_x61" xlink:label="loc_eba_x61" />
    <link:label xlink:type="resource" xlink:label="label_eba_x61" xml:lang="en" xlink:role="http://www.xbrl.org/2003/role/label">Management body (in its management function), senior management</link:label>
    <link:labelArc xlink:type="arc" xlink:arcrole="http://www.xbrl.org/2003/arcrole/concept-label" xlink:from="loc_eba_x61" xlink:to="label_eba_x61" />
    <link:loc xlink:type="locator" xlink:href="mem.xsd#eba_x62" xlink:label="loc_eba_x62" />
    <link:label xlink:type="resource" xlink:label="label_eba_x62" xml:lang="en" xlink:role="http://www.xbrl.org/2003/role/label">Management body (in its supervisory function)</link:label>
    <link:labelArc xlink:type="arc" xlink:arcrole="http://www.xbrl.org/2003/arcrole/concept-label" xlink:from="loc_eba_x62" xlink:to="label_eba_x62" />
  </link:labelLink>
</link:linkbase>