﻿<?xml version="1.0" encoding="utf-8"?>
<?taxonomy-version 2.9.1.0 ?> <?taxonomy-set-overall-version 2.9.1.0 ?>
<!--(C) EBA-->
<link:linkbase xmlns:xsi="http://www.w3.org/2001/XMLSchema-instance" xmlns:xlink="http://www.w3.org/1999/xlink" xmlns:link="http://www.xbrl.org/2003/linkbase" xmlns:gen="http://xbrl.org/2008/generic" xmlns:label="http://xbrl.org/2008/label" xsi:schemaLocation="http://www.xbrl.org/2003/linkbase http://www.xbrl.org/2003/xbrl-linkbase-2003-12-31.xsd http://xbrl.org/2008/generic http://www.xbrl.org/2008/generic-link.xsd http://xbrl.org/2008/label http://www.xbrl.org/2008/generic-label.xsd">
  <link:arcroleRef arcroleURI="http://xbrl.org/arcrole/2008/element-label" xlink:type="simple" xlink:href="http://www.xbrl.org/2008/generic-label.xsd#element-label" />
  <link:roleRef roleURI="http://www.xbrl.org/2008/role/label" xlink:type="simple" xlink:href="http://www.xbrl.org/2008/generic-label.xsd#standard-label" />
  <link:roleRef roleURI="http://www.xbrl.org/2008/role/verboseLabel" xlink:type="simple" xlink:href="http://www.xbrl.org/2008/generic-label.xsd#verbose-label" />
  <gen:link xlink:type="extended" xlink:role="http://www.xbrl.org/2003/role/link">
    <link:loc xlink:type="locator" xlink:href="hier.xsd#eba_AT1" xlink:label="loc_eba_AT1" />
    <label:label xlink:type="resource" xlink:label="label_eba_AT1" xml:lang="en" xlink:role="http://www.xbrl.org/2008/role/label">Hierarchy for the calculation of RWA in the Standardised Approach</label:label>
    <gen:arc xlink:type="arc" xlink:arcrole="http://xbrl.org/arcrole/2008/element-label" xlink:from="loc_eba_AT1" xlink:to="label_eba_AT1" />
    <label:label xlink:type="resource" xlink:label="label_eba_AT1_1" xml:lang="en" xlink:role="http://www.xbrl.org/2008/role/verboseLabel">This hierarchy shows the calculation of the RWA for the SA except positions assigned to the exposure class securitisation. The single steps were taken from the template CR SA, beginning with the Original exposure pre conversion factors to the risk weighted exposure amount.</label:label>
    <gen:arc xlink:type="arc" xlink:arcrole="http://xbrl.org/arcrole/2008/element-label" xlink:from="loc_eba_AT1" xlink:to="label_eba_AT1_1" />
    <link:loc xlink:type="locator" xlink:href="hier.xsd#eba_AT101" xlink:label="loc_eba_AT101" />
    <label:label xlink:type="resource" xlink:label="label_eba_AT101" xml:lang="en" xlink:role="http://www.xbrl.org/2008/role/label">Components of "All reclassifications" (I)</label:label>
    <gen:arc xlink:type="arc" xlink:arcrole="http://xbrl.org/arcrole/2008/element-label" xlink:from="loc_eba_AT101" xlink:to="label_eba_AT101" />
    <label:label xlink:type="resource" xlink:label="label_eba_AT101_1" xml:lang="en" xlink:role="http://www.xbrl.org/2008/role/verboseLabel">Components of "All reclassifications" (I)</label:label>
    <gen:arc xlink:type="arc" xlink:arcrole="http://xbrl.org/arcrole/2008/element-label" xlink:from="loc_eba_AT101" xlink:to="label_eba_AT101_1" />
    <link:loc xlink:type="locator" xlink:href="hier.xsd#eba_AT102" xlink:label="loc_eba_AT102" />
    <label:label xlink:type="resource" xlink:label="label_eba_AT102" xml:lang="en" xlink:role="http://www.xbrl.org/2008/role/label">Components of "All reclassifications" (II)</label:label>
    <gen:arc xlink:type="arc" xlink:arcrole="http://xbrl.org/arcrole/2008/element-label" xlink:from="loc_eba_AT102" xlink:to="label_eba_AT102" />
    <label:label xlink:type="resource" xlink:label="label_eba_AT102_1" xml:lang="en" xlink:role="http://www.xbrl.org/2008/role/verboseLabel">Components of "All reclassifications" (II)</label:label>
    <gen:arc xlink:type="arc" xlink:arcrole="http://xbrl.org/arcrole/2008/element-label" xlink:from="loc_eba_AT102" xlink:to="label_eba_AT102_1" />
    <link:loc xlink:type="locator" xlink:href="hier.xsd#eba_AT105" xlink:label="loc_eba_AT105" />
    <label:label xlink:type="resource" xlink:label="label_eba_AT105" xml:lang="en" xlink:role="http://www.xbrl.org/2008/role/label">Hierarchy for computable amount</label:label>
    <gen:arc xlink:type="arc" xlink:arcrole="http://xbrl.org/arcrole/2008/element-label" xlink:from="loc_eba_AT105" xlink:to="label_eba_AT105" />
    <label:label xlink:type="resource" xlink:label="label_eba_AT105_1" xml:lang="en" xlink:role="http://www.xbrl.org/2008/role/verboseLabel">Lists the different types of computable amount. Applicable in CA4 template for detailed breakdowns of holdings.</label:label>
    <gen:arc xlink:type="arc" xlink:arcrole="http://xbrl.org/arcrole/2008/element-label" xlink:from="loc_eba_AT105" xlink:to="label_eba_AT105_1" />
    <link:loc xlink:type="locator" xlink:href="hier.xsd#eba_AT106" xlink:label="loc_eba_AT106" />
    <label:label xlink:type="resource" xlink:label="label_eba_AT106" xml:lang="en" xlink:role="http://www.xbrl.org/2008/role/label">Hierarchy for amounts used for Grandfathered instruments not constituting state aid</label:label>
    <gen:arc xlink:type="arc" xlink:arcrole="http://xbrl.org/arcrole/2008/element-label" xlink:from="loc_eba_AT106" xlink:to="label_eba_AT106" />
    <label:label xlink:type="resource" xlink:label="label_eba_AT106_1" xml:lang="en" xlink:role="http://www.xbrl.org/2008/role/verboseLabel">Shows the different features of the grandfathered instruments not constituting state aid.</label:label>
    <gen:arc xlink:type="arc" xlink:arcrole="http://xbrl.org/arcrole/2008/element-label" xlink:from="loc_eba_AT106" xlink:to="label_eba_AT106_1" />
    <link:loc xlink:type="locator" xlink:href="hier.xsd#eba_AT107" xlink:label="loc_eba_AT107" />
    <label:label xlink:type="resource" xlink:label="label_eba_AT107" xml:lang="en" xlink:role="http://www.xbrl.org/2008/role/label">Hierarchy for amounts used for the calculation of own funds</label:label>
    <gen:arc xlink:type="arc" xlink:arcrole="http://xbrl.org/arcrole/2008/element-label" xlink:from="loc_eba_AT107" xlink:to="label_eba_AT107" />
    <label:label xlink:type="resource" xlink:label="label_eba_AT107_1" xml:lang="en" xlink:role="http://www.xbrl.org/2008/role/verboseLabel">Shows the different features of the grandfathered instruments not constituting state aid.</label:label>
    <gen:arc xlink:type="arc" xlink:arcrole="http://xbrl.org/arcrole/2008/element-label" xlink:from="loc_eba_AT107" xlink:to="label_eba_AT107_1" />
    <link:loc xlink:type="locator" xlink:href="hier.xsd#eba_AT11" xlink:label="loc_eba_AT11" />
    <label:label xlink:type="resource" xlink:label="label_eba_AT11" xml:lang="en" xlink:role="http://www.xbrl.org/2008/role/label">Hierarchy for calculating Total risk exposure amount for internal models</label:label>
    <gen:arc xlink:type="arc" xlink:arcrole="http://xbrl.org/arcrole/2008/element-label" xlink:from="loc_eba_AT11" xlink:to="label_eba_AT11" />
    <label:label xlink:type="resource" xlink:label="label_eba_AT11_1" xml:lang="en" xlink:role="http://www.xbrl.org/2008/role/verboseLabel">Hierarchy follows the validation rule embedded in the template MKR IM</label:label>
    <gen:arc xlink:type="arc" xlink:arcrole="http://xbrl.org/arcrole/2008/element-label" xlink:from="loc_eba_AT11" xlink:to="label_eba_AT11_1" />
    <link:loc xlink:type="locator" xlink:href="hier.xsd#eba_AT2" xlink:label="loc_eba_AT2" />
    <label:label xlink:type="resource" xlink:label="label_eba_AT2" xml:lang="en" xlink:role="http://www.xbrl.org/2008/role/label">Hierarchy for calculating RWA in the IRB approach</label:label>
    <gen:arc xlink:type="arc" xlink:arcrole="http://xbrl.org/arcrole/2008/element-label" xlink:from="loc_eba_AT2" xlink:to="label_eba_AT2" />
    <label:label xlink:type="resource" xlink:label="label_eba_AT2_1" xml:lang="en" xlink:role="http://www.xbrl.org/2008/role/verboseLabel">This hierarchy shows the calculation of the RWA for the IRB, all exposure class except equities and other non-credit risk related items. The single steps were taken from the template CR IRB EQU.</label:label>
    <gen:arc xlink:type="arc" xlink:arcrole="http://xbrl.org/arcrole/2008/element-label" xlink:from="loc_eba_AT2" xlink:to="label_eba_AT2_1" />
    <link:loc xlink:type="locator" xlink:href="hier.xsd#eba_AT3" xlink:label="loc_eba_AT3" />
    <label:label xlink:type="resource" xlink:label="label_eba_AT3" xml:lang="en" xlink:role="http://www.xbrl.org/2008/role/label">Hierarchy for calculating RWA in the IRB approach, applicable just for equities</label:label>
    <gen:arc xlink:type="arc" xlink:arcrole="http://xbrl.org/arcrole/2008/element-label" xlink:from="loc_eba_AT3" xlink:to="label_eba_AT3" />
    <label:label xlink:type="resource" xlink:label="label_eba_AT3_1" xml:lang="en" xlink:role="http://www.xbrl.org/2008/role/verboseLabel">This hierarchy shows the calculation of the RWA for the IRB, exposure class equities. The single steps were taken from the template CR IRB EQU.</label:label>
    <gen:arc xlink:type="arc" xlink:arcrole="http://xbrl.org/arcrole/2008/element-label" xlink:from="loc_eba_AT3" xlink:to="label_eba_AT3_1" />
    <link:loc xlink:type="locator" xlink:href="hier.xsd#eba_AT4" xlink:label="loc_eba_AT4" />
    <label:label xlink:type="resource" xlink:label="label_eba_AT4" xml:lang="en" xlink:role="http://www.xbrl.org/2008/role/label">Hierarchy for the calculation of RWA in the Standardised Approach for securitisation positions</label:label>
    <gen:arc xlink:type="arc" xlink:arcrole="http://xbrl.org/arcrole/2008/element-label" xlink:from="loc_eba_AT4" xlink:to="label_eba_AT4" />
    <label:label xlink:type="resource" xlink:label="label_eba_AT4_1" xml:lang="en" xlink:role="http://www.xbrl.org/2008/role/verboseLabel">This hierarchy shows the calculation of the RWA for the SA, exposure class securitisation. The single steps were taken from the template CR SEC SA.</label:label>
    <gen:arc xlink:type="arc" xlink:arcrole="http://xbrl.org/arcrole/2008/element-label" xlink:from="loc_eba_AT4" xlink:to="label_eba_AT4_1" />
    <link:loc xlink:type="locator" xlink:href="hier.xsd#eba_AT40" xlink:label="loc_eba_AT40" />
    <label:label xlink:type="resource" xlink:label="label_eba_AT40" xml:lang="en" xlink:role="http://www.xbrl.org/2008/role/label">Hierarchy for breakdown of current period (flow) (I)</label:label>
    <gen:arc xlink:type="arc" xlink:arcrole="http://xbrl.org/arcrole/2008/element-label" xlink:from="loc_eba_AT40" xlink:to="label_eba_AT40" />
    <label:label xlink:type="resource" xlink:label="label_eba_AT40_1" xml:lang="en" xlink:role="http://www.xbrl.org/2008/role/verboseLabel">Breakdown between additions and reversals</label:label>
    <gen:arc xlink:type="arc" xlink:arcrole="http://xbrl.org/arcrole/2008/element-label" xlink:from="loc_eba_AT40" xlink:to="label_eba_AT40_1" />
    <link:loc xlink:type="locator" xlink:href="hier.xsd#eba_AT47" xlink:label="loc_eba_AT47" />
    <label:label xlink:type="resource" xlink:label="label_eba_AT47" xml:lang="en" xlink:role="http://www.xbrl.org/2008/role/label">Hierarchy for calculating changes in defined benefit obligations</label:label>
    <gen:arc xlink:type="arc" xlink:arcrole="http://xbrl.org/arcrole/2008/element-label" xlink:from="loc_eba_AT47" xlink:to="label_eba_AT47" />
    <link:loc xlink:type="locator" xlink:href="hier.xsd#eba_AT5" xlink:label="loc_eba_AT5" />
    <label:label xlink:type="resource" xlink:label="label_eba_AT5" xml:lang="en" xlink:role="http://www.xbrl.org/2008/role/label">Hierarchy for the calculation of RWA in the IRB-Approach for securitisation positions</label:label>
    <gen:arc xlink:type="arc" xlink:arcrole="http://xbrl.org/arcrole/2008/element-label" xlink:from="loc_eba_AT5" xlink:to="label_eba_AT5" />
    <label:label xlink:type="resource" xlink:label="label_eba_AT5_1" xml:lang="en" xlink:role="http://www.xbrl.org/2008/role/verboseLabel">This hierarchy shows the calculation of the RWA for the IRB, exposure class securitisation. The single steps were taken from the template CR SEC IRB.</label:label>
    <gen:arc xlink:type="arc" xlink:arcrole="http://xbrl.org/arcrole/2008/element-label" xlink:from="loc_eba_AT5" xlink:to="label_eba_AT5_1" />
    <link:loc xlink:type="locator" xlink:href="hier.xsd#eba_AT6" xlink:label="loc_eba_AT6" />
    <label:label xlink:type="resource" xlink:label="label_eba_AT6" xml:lang="en" xlink:role="http://www.xbrl.org/2008/role/label">Hierarchy for calculating the total risk exposure amount for market risk</label:label>
    <gen:arc xlink:type="arc" xlink:arcrole="http://xbrl.org/arcrole/2008/element-label" xlink:from="loc_eba_AT6" xlink:to="label_eba_AT6" />
    <label:label xlink:type="resource" xlink:label="label_eba_AT6_1" xml:lang="en" xlink:role="http://www.xbrl.org/2008/role/verboseLabel">The different levels of the hierarchy are taken from the respective market risk templates. The hierarchy is not applicable for calculating the specific risk of securitisation positions in the trading book and CTP-positions.</label:label>
    <gen:arc xlink:type="arc" xlink:arcrole="http://xbrl.org/arcrole/2008/element-label" xlink:from="loc_eba_AT6" xlink:to="label_eba_AT6_1" />
    <link:loc xlink:type="locator" xlink:href="hier.xsd#eba_AT73" xlink:label="loc_eba_AT73" />
    <label:label xlink:type="resource" xlink:label="label_eba_AT73" xml:lang="en" xlink:role="http://www.xbrl.org/2008/role/label">Hierarchy for the impact of correction of errors and changes in accounting policies according to IAS 8</label:label>
    <gen:arc xlink:type="arc" xlink:arcrole="http://xbrl.org/arcrole/2008/element-label" xlink:from="loc_eba_AT73" xlink:to="label_eba_AT73" />
    <label:label xlink:type="resource" xlink:label="label_eba_AT73_1" xml:lang="en" xlink:role="http://www.xbrl.org/2008/role/verboseLabel">Hierarchy for the impact of correction of errors and changes in accounting policies according to IAS 8</label:label>
    <gen:arc xlink:type="arc" xlink:arcrole="http://xbrl.org/arcrole/2008/element-label" xlink:from="loc_eba_AT73" xlink:to="label_eba_AT73_1" />
    <link:loc xlink:type="locator" xlink:href="hier.xsd#eba_AT81" xlink:label="loc_eba_AT81" />
    <label:label xlink:type="resource" xlink:label="label_eba_AT81" xml:lang="en" xlink:role="http://www.xbrl.org/2008/role/label">Hierarchy for calculating the total risk exposure amount for market risk of securitisation positions</label:label>
    <gen:arc xlink:type="arc" xlink:arcrole="http://xbrl.org/arcrole/2008/element-label" xlink:from="loc_eba_AT81" xlink:to="label_eba_AT81" />
    <label:label xlink:type="resource" xlink:label="label_eba_AT81_1" xml:lang="en" xlink:role="http://www.xbrl.org/2008/role/verboseLabel">The different levels of the hierarchy are taken from the respective market risk templates. The hierarchy is only applicable for calculating the specific risk of securitisation positions in the trading book, irrespective of the fact whether the risk weights are determined using the SA or the IRB approach.</label:label>
    <gen:arc xlink:type="arc" xlink:arcrole="http://xbrl.org/arcrole/2008/element-label" xlink:from="loc_eba_AT81" xlink:to="label_eba_AT81_1" />
    <link:loc xlink:type="locator" xlink:href="hier.xsd#eba_AT83" xlink:label="loc_eba_AT83" />
    <label:label xlink:type="resource" xlink:label="label_eba_AT83" xml:lang="en" xlink:role="http://www.xbrl.org/2008/role/label">Hierarchy for goodwill included in the carrying amount</label:label>
    <gen:arc xlink:type="arc" xlink:arcrole="http://xbrl.org/arcrole/2008/element-label" xlink:from="loc_eba_AT83" xlink:to="label_eba_AT83" />
    <link:loc xlink:type="locator" xlink:href="hier.xsd#eba_AT87" xlink:label="loc_eba_AT87" />
    <label:label xlink:type="resource" xlink:label="label_eba_AT87" xml:lang="en" xlink:role="http://www.xbrl.org/2008/role/label">Hierarchy for gross carrying amount</label:label>
    <gen:arc xlink:type="arc" xlink:arcrole="http://xbrl.org/arcrole/2008/element-label" xlink:from="loc_eba_AT87" xlink:to="label_eba_AT87" />
    <link:loc xlink:type="locator" xlink:href="hier.xsd#eba_AT9" xlink:label="loc_eba_AT9" />
    <label:label xlink:type="resource" xlink:label="label_eba_AT9" xml:lang="en" xlink:role="http://www.xbrl.org/2008/role/label">Hierarchy for calculating the total risk exposure amount for market risk of CTP positions</label:label>
    <gen:arc xlink:type="arc" xlink:arcrole="http://xbrl.org/arcrole/2008/element-label" xlink:from="loc_eba_AT9" xlink:to="label_eba_AT9" />
    <label:label xlink:type="resource" xlink:label="label_eba_AT9_1" xml:lang="en" xlink:role="http://www.xbrl.org/2008/role/verboseLabel">The different levels of the hierarchy are taken from the respective market risk templates. The hierarchy is only applicable for calculating the specific risk of CTP positions in the trading book</label:label>
    <gen:arc xlink:type="arc" xlink:arcrole="http://xbrl.org/arcrole/2008/element-label" xlink:from="loc_eba_AT9" xlink:to="label_eba_AT9_1" />
    <link:loc xlink:type="locator" xlink:href="hier.xsd#eba_AT90" xlink:label="loc_eba_AT90" />
    <label:label xlink:type="resource" xlink:label="label_eba_AT90" xml:lang="en" xlink:role="http://www.xbrl.org/2008/role/label">Hierarchy for calculating changes in provisions</label:label>
    <gen:arc xlink:type="arc" xlink:arcrole="http://xbrl.org/arcrole/2008/element-label" xlink:from="loc_eba_AT90" xlink:to="label_eba_AT90" />
    <link:loc xlink:type="locator" xlink:href="hier.xsd#eba_AT99" xlink:label="loc_eba_AT99" />
    <label:label xlink:type="resource" xlink:label="label_eba_AT99" xml:lang="en" xlink:role="http://www.xbrl.org/2008/role/label">Hierarchy for type of identifier</label:label>
    <gen:arc xlink:type="arc" xlink:arcrole="http://xbrl.org/arcrole/2008/element-label" xlink:from="loc_eba_AT99" xlink:to="label_eba_AT99" />
  </gen:link>
</link:linkbase>