﻿<?xml version="1.0" encoding="utf-8"?>
<!--© DNB-->
<link:linkbase xmlns:xsi="http://www.w3.org/2001/XMLSchema-instance" xmlns:xlink="http://www.w3.org/1999/xlink" xmlns:link="http://www.xbrl.org/2003/linkbase" xmlns:gen="http://xbrl.org/2008/generic" xmlns:label="http://xbrl.org/2008/label" xmlns:formula="http://xbrl.org/2008/formula" xmlns:df="http://xbrl.org/2008/filter/dimension" xmlns:table="http://xbrl.org/2014/table" xmlns:model="http://www.eurofiling.info/xbrl/ext/model" xmlns:dnb_met="http://www.dnb.nl/xbrl/dict/met" xmlns:dnb_dim="http://www.dnb.nl/xbrl/dict/dim" xmlns:dnb_ftk_dom002="http://www.dnb.nl/xbrl/dict/dom/ftk_dom002" xmlns:dnb_ftk_dom003="http://www.dnb.nl/xbrl/dict/dom/ftk_dom003" xmlns:dnb_ftk_dom004="http://www.dnb.nl/xbrl/dict/dom/ftk_dom004" xmlns:dnb_ftk_dom020="http://www.dnb.nl/xbrl/dict/dom/ftk_dom020" xsi:schemaLocation="http://www.xbrl.org/2003/linkbase http://www.xbrl.org/2003/xbrl-linkbase-2003-12-31.xsd http://xbrl.org/2008/generic http://www.xbrl.org/2008/generic-link.xsd http://xbrl.org/2008/label http://www.xbrl.org/2008/generic-label.xsd http://xbrl.org/2008/formula http://www.xbrl.org/2008/formula.xsd http://xbrl.org/2008/filter/dimension http://www.xbrl.org/2008/dimension-filter.xsd http://xbrl.org/2014/table http://www.xbrl.org/2014/table.xsd http://www.eurofiling.info/xbrl/ext/model http://www.eurofiling.info/eu/fr/xbrl/ext/model.xsd">
  <link:arcroleRef arcroleURI="http://xbrl.org/arcrole/2014/breakdown-tree" xlink:type="simple" xlink:href="http://www.xbrl.org/2014/table.xsd#breakdown-tree" />
  <link:arcroleRef arcroleURI="http://xbrl.org/arcrole/2014/definition-node-subtree" xlink:type="simple" xlink:href="http://www.xbrl.org/2014/table.xsd#definition-node-subtree" />
  <link:arcroleRef arcroleURI="http://xbrl.org/arcrole/2014/table-breakdown" xlink:type="simple" xlink:href="http://www.xbrl.org/2014/table.xsd#table-breakdown" />
  <link:roleRef roleURI="http://www.dnb.nl/xbrl/role/fws/DNB-NR/ftk-2019-06/2019-12-31/tab/J301-13" xlink:type="simple" xlink:href="j301-13.xsd#role" />
  <gen:link xlink:type="extended" xlink:role="http://www.dnb.nl/xbrl/role/fws/DNB-NR/ftk-2019-06/2019-12-31/tab/J301-13">
    <table:table xlink:type="resource" xlink:label="dnb_tJ301-13" id="dnb_tJ301-13" />
    <table:breakdown xlink:type="resource" xlink:label="dnb_a1" parentChildOrder="parent-first" id="dnb_a1" />
    <table:ruleNode xlink:type="resource" xlink:label="dnb_a1.root" abstract="true" merge="true" id="dnb_a1.root" />
    <table:breakdownTreeArc xlink:type="arc" xlink:arcrole="http://xbrl.org/arcrole/2014/breakdown-tree" xlink:from="dnb_a1" xlink:to="dnb_a1.root" order="0" />
    <table:ruleNode xlink:type="resource" xlink:label="dnb_c1" id="dnb_c1">
      <formula:concept>
        <formula:qname>dnb_met:di_ftk_110</formula:qname>
      </formula:concept>
      <formula:explicitDimension dimension="dnb_dim:ftk_dim002">
        <formula:member>
          <formula:qname>dnb_ftk_dom002:mem015</formula:qname>
        </formula:member>
      </formula:explicitDimension>
      <formula:explicitDimension dimension="dnb_dim:ftk_dim008">
        <formula:member>
          <formula:qname>dnb_ftk_dom002:mem011</formula:qname>
        </formula:member>
      </formula:explicitDimension>
      <formula:explicitDimension dimension="dnb_dim:ftk_dim003">
        <formula:member>
          <formula:qname>dnb_ftk_dom003:mem001</formula:qname>
        </formula:member>
      </formula:explicitDimension>
      <formula:explicitDimension dimension="dnb_dim:ftk_dim004">
        <formula:member>
          <formula:qname>dnb_ftk_dom004:mem071</formula:qname>
        </formula:member>
      </formula:explicitDimension>
    </table:ruleNode>
    <table:definitionNodeSubtreeArc xlink:type="arc" xlink:arcrole="http://xbrl.org/arcrole/2014/definition-node-subtree" xlink:from="dnb_a1.root" xlink:to="dnb_c1" order="1" />
    <table:ruleNode xlink:type="resource" xlink:label="dnb_c2" id="dnb_c2">
      <formula:concept>
        <formula:qname>dnb_met:ei_ftk_111</formula:qname>
      </formula:concept>
      <formula:explicitDimension dimension="dnb_dim:ftk_dim002">
        <formula:member>
          <formula:qname>dnb_ftk_dom002:mem015</formula:qname>
        </formula:member>
      </formula:explicitDimension>
      <formula:explicitDimension dimension="dnb_dim:ftk_dim008">
        <formula:member>
          <formula:qname>dnb_ftk_dom002:mem011</formula:qname>
        </formula:member>
      </formula:explicitDimension>
      <formula:explicitDimension dimension="dnb_dim:ftk_dim003">
        <formula:member>
          <formula:qname>dnb_ftk_dom003:mem001</formula:qname>
        </formula:member>
      </formula:explicitDimension>
      <formula:explicitDimension dimension="dnb_dim:ftk_dim004">
        <formula:member>
          <formula:qname>dnb_ftk_dom004:mem071</formula:qname>
        </formula:member>
      </formula:explicitDimension>
    </table:ruleNode>
    <table:definitionNodeSubtreeArc xlink:type="arc" xlink:arcrole="http://xbrl.org/arcrole/2014/definition-node-subtree" xlink:from="dnb_a1.root" xlink:to="dnb_c2" order="2" />
    <table:ruleNode xlink:type="resource" xlink:label="dnb_c3" id="dnb_c3">
      <formula:concept>
        <formula:qname>dnb_met:ei_ftk_112</formula:qname>
      </formula:concept>
      <formula:explicitDimension dimension="dnb_dim:ftk_dim002">
        <formula:member>
          <formula:qname>dnb_ftk_dom002:mem015</formula:qname>
        </formula:member>
      </formula:explicitDimension>
      <formula:explicitDimension dimension="dnb_dim:ftk_dim008">
        <formula:member>
          <formula:qname>dnb_ftk_dom002:mem011</formula:qname>
        </formula:member>
      </formula:explicitDimension>
      <formula:explicitDimension dimension="dnb_dim:ftk_dim003">
        <formula:member>
          <formula:qname>dnb_ftk_dom003:mem001</formula:qname>
        </formula:member>
      </formula:explicitDimension>
      <formula:explicitDimension dimension="dnb_dim:ftk_dim004">
        <formula:member>
          <formula:qname>dnb_ftk_dom004:mem071</formula:qname>
        </formula:member>
      </formula:explicitDimension>
    </table:ruleNode>
    <table:definitionNodeSubtreeArc xlink:type="arc" xlink:arcrole="http://xbrl.org/arcrole/2014/definition-node-subtree" xlink:from="dnb_a1.root" xlink:to="dnb_c3" order="3" />
    <table:ruleNode xlink:type="resource" xlink:label="dnb_c4" id="dnb_c4">
      <formula:concept>
        <formula:qname>dnb_met:ei_ftk_113</formula:qname>
      </formula:concept>
      <formula:explicitDimension dimension="dnb_dim:ftk_dim002">
        <formula:member>
          <formula:qname>dnb_ftk_dom002:mem015</formula:qname>
        </formula:member>
      </formula:explicitDimension>
      <formula:explicitDimension dimension="dnb_dim:ftk_dim008">
        <formula:member>
          <formula:qname>dnb_ftk_dom002:mem011</formula:qname>
        </formula:member>
      </formula:explicitDimension>
      <formula:explicitDimension dimension="dnb_dim:ftk_dim003">
        <formula:member>
          <formula:qname>dnb_ftk_dom003:mem001</formula:qname>
        </formula:member>
      </formula:explicitDimension>
      <formula:explicitDimension dimension="dnb_dim:ftk_dim004">
        <formula:member>
          <formula:qname>dnb_ftk_dom004:mem071</formula:qname>
        </formula:member>
      </formula:explicitDimension>
    </table:ruleNode>
    <table:definitionNodeSubtreeArc xlink:type="arc" xlink:arcrole="http://xbrl.org/arcrole/2014/definition-node-subtree" xlink:from="dnb_a1.root" xlink:to="dnb_c4" order="4" />
    <table:ruleNode xlink:type="resource" xlink:label="dnb_c5" id="dnb_c5">
      <formula:concept>
        <formula:qname>dnb_met:mi_ftk_004</formula:qname>
      </formula:concept>
      <formula:explicitDimension dimension="dnb_dim:ftk_dim002">
        <formula:member>
          <formula:qname>dnb_ftk_dom002:mem015</formula:qname>
        </formula:member>
      </formula:explicitDimension>
      <formula:explicitDimension dimension="dnb_dim:ftk_dim008">
        <formula:member>
          <formula:qname>dnb_ftk_dom002:mem011</formula:qname>
        </formula:member>
      </formula:explicitDimension>
      <formula:explicitDimension dimension="dnb_dim:ftk_dim003">
        <formula:member>
          <formula:qname>dnb_ftk_dom003:mem001</formula:qname>
        </formula:member>
      </formula:explicitDimension>
      <formula:explicitDimension dimension="dnb_dim:ftk_dim004">
        <formula:member>
          <formula:qname>dnb_ftk_dom004:mem071</formula:qname>
        </formula:member>
      </formula:explicitDimension>
      <formula:explicitDimension dimension="dnb_dim:ftk_dim051">
        <formula:member>
          <formula:qname>dnb_ftk_dom020:mem005</formula:qname>
        </formula:member>
      </formula:explicitDimension>
    </table:ruleNode>
    <table:definitionNodeSubtreeArc xlink:type="arc" xlink:arcrole="http://xbrl.org/arcrole/2014/definition-node-subtree" xlink:from="dnb_a1.root" xlink:to="dnb_c5" order="5" />
    <table:ruleNode xlink:type="resource" xlink:label="dnb_c6" id="dnb_c6">
      <formula:concept>
        <formula:qname>dnb_met:mi_ftk_004</formula:qname>
      </formula:concept>
      <formula:explicitDimension dimension="dnb_dim:ftk_dim002">
        <formula:member>
          <formula:qname>dnb_ftk_dom002:mem015</formula:qname>
        </formula:member>
      </formula:explicitDimension>
      <formula:explicitDimension dimension="dnb_dim:ftk_dim008">
        <formula:member>
          <formula:qname>dnb_ftk_dom002:mem011</formula:qname>
        </formula:member>
      </formula:explicitDimension>
      <formula:explicitDimension dimension="dnb_dim:ftk_dim003">
        <formula:member>
          <formula:qname>dnb_ftk_dom003:mem001</formula:qname>
        </formula:member>
      </formula:explicitDimension>
      <formula:explicitDimension dimension="dnb_dim:ftk_dim004">
        <formula:member>
          <formula:qname>dnb_ftk_dom004:mem071</formula:qname>
        </formula:member>
      </formula:explicitDimension>
      <formula:explicitDimension dimension="dnb_dim:ftk_dim051">
        <formula:member>
          <formula:qname>dnb_ftk_dom020:mem006</formula:qname>
        </formula:member>
      </formula:explicitDimension>
    </table:ruleNode>
    <table:definitionNodeSubtreeArc xlink:type="arc" xlink:arcrole="http://xbrl.org/arcrole/2014/definition-node-subtree" xlink:from="dnb_a1.root" xlink:to="dnb_c6" order="6" />
    <table:ruleNode xlink:type="resource" xlink:label="dnb_c7" id="dnb_c7">
      <formula:concept>
        <formula:qname>dnb_met:mi_ftk_004</formula:qname>
      </formula:concept>
      <formula:explicitDimension dimension="dnb_dim:ftk_dim002">
        <formula:member>
          <formula:qname>dnb_ftk_dom002:mem015</formula:qname>
        </formula:member>
      </formula:explicitDimension>
      <formula:explicitDimension dimension="dnb_dim:ftk_dim008">
        <formula:member>
          <formula:qname>dnb_ftk_dom002:mem011</formula:qname>
        </formula:member>
      </formula:explicitDimension>
      <formula:explicitDimension dimension="dnb_dim:ftk_dim003">
        <formula:member>
          <formula:qname>dnb_ftk_dom003:mem001</formula:qname>
        </formula:member>
      </formula:explicitDimension>
      <formula:explicitDimension dimension="dnb_dim:ftk_dim004">
        <formula:member>
          <formula:qname>dnb_ftk_dom004:mem071</formula:qname>
        </formula:member>
      </formula:explicitDimension>
      <formula:explicitDimension dimension="dnb_dim:ftk_dim051">
        <formula:member>
          <formula:qname>dnb_ftk_dom020:mem007</formula:qname>
        </formula:member>
      </formula:explicitDimension>
    </table:ruleNode>
    <table:definitionNodeSubtreeArc xlink:type="arc" xlink:arcrole="http://xbrl.org/arcrole/2014/definition-node-subtree" xlink:from="dnb_a1.root" xlink:to="dnb_c7" order="7" />
    <table:ruleNode xlink:type="resource" xlink:label="dnb_c8" id="dnb_c8">
      <formula:concept>
        <formula:qname>dnb_met:mi_ftk_004</formula:qname>
      </formula:concept>
      <formula:explicitDimension dimension="dnb_dim:ftk_dim002">
        <formula:member>
          <formula:qname>dnb_ftk_dom002:mem015</formula:qname>
        </formula:member>
      </formula:explicitDimension>
      <formula:explicitDimension dimension="dnb_dim:ftk_dim008">
        <formula:member>
          <formula:qname>dnb_ftk_dom002:mem011</formula:qname>
        </formula:member>
      </formula:explicitDimension>
      <formula:explicitDimension dimension="dnb_dim:ftk_dim003">
        <formula:member>
          <formula:qname>dnb_ftk_dom003:mem001</formula:qname>
        </formula:member>
      </formula:explicitDimension>
      <formula:explicitDimension dimension="dnb_dim:ftk_dim004">
        <formula:member>
          <formula:qname>dnb_ftk_dom004:mem071</formula:qname>
        </formula:member>
      </formula:explicitDimension>
      <formula:explicitDimension dimension="dnb_dim:ftk_dim051">
        <formula:member>
          <formula:qname>dnb_ftk_dom020:mem008</formula:qname>
        </formula:member>
      </formula:explicitDimension>
    </table:ruleNode>
    <table:definitionNodeSubtreeArc xlink:type="arc" xlink:arcrole="http://xbrl.org/arcrole/2014/definition-node-subtree" xlink:from="dnb_a1.root" xlink:to="dnb_c8" order="8" />
    <table:ruleNode xlink:type="resource" xlink:label="dnb_c9" id="dnb_c9">
      <formula:concept>
        <formula:qname>dnb_met:mi_ftk_004</formula:qname>
      </formula:concept>
      <formula:explicitDimension dimension="dnb_dim:ftk_dim002">
        <formula:member>
          <formula:qname>dnb_ftk_dom002:mem015</formula:qname>
        </formula:member>
      </formula:explicitDimension>
      <formula:explicitDimension dimension="dnb_dim:ftk_dim008">
        <formula:member>
          <formula:qname>dnb_ftk_dom002:mem011</formula:qname>
        </formula:member>
      </formula:explicitDimension>
      <formula:explicitDimension dimension="dnb_dim:ftk_dim003">
        <formula:member>
          <formula:qname>dnb_ftk_dom003:mem001</formula:qname>
        </formula:member>
      </formula:explicitDimension>
      <formula:explicitDimension dimension="dnb_dim:ftk_dim004">
        <formula:member>
          <formula:qname>dnb_ftk_dom004:mem071</formula:qname>
        </formula:member>
      </formula:explicitDimension>
      <formula:explicitDimension dimension="dnb_dim:ftk_dim051">
        <formula:member>
          <formula:qname>dnb_ftk_dom020:mem009</formula:qname>
        </formula:member>
      </formula:explicitDimension>
    </table:ruleNode>
    <table:definitionNodeSubtreeArc xlink:type="arc" xlink:arcrole="http://xbrl.org/arcrole/2014/definition-node-subtree" xlink:from="dnb_a1.root" xlink:to="dnb_c9" order="9" />
    <table:tableBreakdownArc xlink:type="arc" xlink:arcrole="http://xbrl.org/arcrole/2014/table-breakdown" xlink:from="dnb_tJ301-13" xlink:to="dnb_a1" axis="x" order="1" />
    <table:breakdown xlink:type="resource" xlink:label="dnb_a2" parentChildOrder="parent-first" id="dnb_a2" />
    <table:aspectNode xlink:type="resource" xlink:label="dnb_a2.root" id="dnb_a2.root">
      <table:dimensionAspect>dnb_dim:ftk_dim054</table:dimensionAspect>
    </table:aspectNode>
    <table:breakdownTreeArc xlink:type="arc" xlink:arcrole="http://xbrl.org/arcrole/2014/breakdown-tree" xlink:from="dnb_a2" xlink:to="dnb_a2.root" order="0" />
    <table:tableBreakdownArc xlink:type="arc" xlink:arcrole="http://xbrl.org/arcrole/2014/table-breakdown" xlink:from="dnb_tJ301-13" xlink:to="dnb_a2" axis="y" order="2" />
  </gen:link>
</link:linkbase>