﻿<?xml version="1.0" encoding="utf-8"?>
<!--© DNB-->
<link:linkbase xmlns:xsi="http://www.w3.org/2001/XMLSchema-instance" xmlns:xlink="http://www.w3.org/1999/xlink" xmlns:link="http://www.xbrl.org/2003/linkbase" xmlns:gen="http://xbrl.org/2008/generic" xmlns:label="http://xbrl.org/2008/label" xsi:schemaLocation="http://www.xbrl.org/2003/linkbase http://www.xbrl.org/2003/xbrl-linkbase-2003-12-31.xsd http://xbrl.org/2008/generic http://www.xbrl.org/2008/generic-link.xsd http://xbrl.org/2008/label http://www.xbrl.org/2008/generic-label.xsd">
  <link:arcroleRef arcroleURI="http://www.eurofiling.info/xbrl/arcrole/group-table" xlink:type="simple" xlink:href="http://www.eurofiling.info/eu/fr/xbrl/ext/model.xsd#group-table" />
  <gen:link xlink:type="extended" xlink:role="http://www.xbrl.org/2003/role/link">
    <link:loc xlink:type="locator" xlink:href="ppsp-m.xsd#dnb_PPSP-M" xlink:label="loc_dnb_PPSP-M" />
    <link:loc xlink:type="locator" xlink:href="../tab/tab.xsd#dnb_tgTG001" xlink:label="loc_dnb_tgTG001" />
    <gen:arc xlink:type="arc" xlink:arcrole="http://www.eurofiling.info/xbrl/arcrole/group-table" xlink:from="loc_dnb_PPSP-M" xlink:to="loc_dnb_tgTG001" order="1" />
    <link:loc xlink:type="locator" xlink:href="../tab/a_01.00/a_01.00-rend.xml#dnb_tA_01.00" xlink:label="loc_dnb_tA_01.00" />
    <gen:arc xlink:type="arc" xlink:arcrole="http://www.eurofiling.info/xbrl/arcrole/group-table" xlink:from="loc_dnb_tgTG001" xlink:to="loc_dnb_tA_01.00" order="1" />
    <link:loc xlink:type="locator" xlink:href="../tab/tab.xsd#dnb_tgTG002" xlink:label="loc_dnb_tgTG002" />
    <gen:arc xlink:type="arc" xlink:arcrole="http://www.eurofiling.info/xbrl/arcrole/group-table" xlink:from="loc_dnb_PPSP-M" xlink:to="loc_dnb_tgTG002" order="2" />
    <link:loc xlink:type="locator" xlink:href="../tab/b_01.00/b_01.00-rend.xml#dnb_tB_01.00" xlink:label="loc_dnb_tB_01.00" />
    <gen:arc xlink:type="arc" xlink:arcrole="http://www.eurofiling.info/xbrl/arcrole/group-table" xlink:from="loc_dnb_tgTG002" xlink:to="loc_dnb_tB_01.00" order="1" />
    <link:loc xlink:type="locator" xlink:href="../tab/tab.xsd#dnb_tgTG003" xlink:label="loc_dnb_tgTG003" />
    <gen:arc xlink:type="arc" xlink:arcrole="http://www.eurofiling.info/xbrl/arcrole/group-table" xlink:from="loc_dnb_PPSP-M" xlink:to="loc_dnb_tgTG003" order="3" />
    <link:loc xlink:type="locator" xlink:href="../tab/c_01.00/c_01.00-rend.xml#dnb_tC_01.00" xlink:label="loc_dnb_tC_01.00" />
    <gen:arc xlink:type="arc" xlink:arcrole="http://www.eurofiling.info/xbrl/arcrole/group-table" xlink:from="loc_dnb_tgTG003" xlink:to="loc_dnb_tC_01.00" order="1" />
  </gen:link>
</link:linkbase>