﻿<?xml version="1.0" encoding="utf-8"?>
<!--© DNB-->
<link:linkbase xmlns:xsi="http://www.w3.org/2001/XMLSchema-instance" xmlns:xbrli="http://www.xbrl.org/2003/instance" xmlns:xlink="http://www.w3.org/1999/xlink" xmlns:link="http://www.xbrl.org/2003/linkbase" xmlns:gen="http://xbrl.org/2008/generic" xmlns:label="http://xbrl.org/2008/label" xmlns:find="http://www.eurofiling.info/xbrl/ext/filing-indicators" xmlns:variable="http://xbrl.org/2008/variable" xsi:schemaLocation="http://www.xbrl.org/2003/linkbase http://www.xbrl.org/2003/xbrl-linkbase-2003-12-31.xsd http://xbrl.org/2008/generic http://www.xbrl.org/2008/generic-link.xsd http://xbrl.org/2008/label http://www.xbrl.org/2008/generic-label.xsd http://xbrl.org/2008/variable http://www.xbrl.org/2008/variable.xsd">
  <link:arcroleRef arcroleURI="http://xbrl.org/arcrole/2008/variable-set-precondition" xlink:type="simple" xlink:href="http://www.xbrl.org/2008/variable.xsd#variable-set-precondition" />
  <gen:link xlink:type="extended" xlink:role="http://www.xbrl.org/2003/role/link">
    <variable:precondition xlink:type="resource" xlink:label="findPrec" test="$find:tA_01.00" />
    <link:loc xlink:type="locator" xlink:href="../val/vr-v0001_m.xml#dnb_v0001_m" xlink:label="loc_dnb_v0001_m" />
    <gen:arc xlink:type="arc" xlink:arcrole="http://xbrl.org/arcrole/2008/variable-set-precondition" xlink:from="loc_dnb_v0001_m" xlink:to="findPrec" />
    <link:loc xlink:type="locator" xlink:href="../val/vr-v0002_m.xml#dnb_v0002_m" xlink:label="loc_dnb_v0002_m" />
    <gen:arc xlink:type="arc" xlink:arcrole="http://xbrl.org/arcrole/2008/variable-set-precondition" xlink:from="loc_dnb_v0002_m" xlink:to="findPrec" />
    <link:loc xlink:type="locator" xlink:href="../val/vr-v0003_m.xml#dnb_v0003_m" xlink:label="loc_dnb_v0003_m" />
    <gen:arc xlink:type="arc" xlink:arcrole="http://xbrl.org/arcrole/2008/variable-set-precondition" xlink:from="loc_dnb_v0003_m" xlink:to="findPrec" />
    <link:loc xlink:type="locator" xlink:href="../val/vr-v0004_m.xml#dnb_v0004_m" xlink:label="loc_dnb_v0004_m" />
    <gen:arc xlink:type="arc" xlink:arcrole="http://xbrl.org/arcrole/2008/variable-set-precondition" xlink:from="loc_dnb_v0004_m" xlink:to="findPrec" />
    <variable:precondition xlink:type="resource" xlink:label="findPrec_1" test="$find:tC_01.00" />
    <link:loc xlink:type="locator" xlink:href="../val/vr-v0008_m.xml#dnb_v0008_m" xlink:label="loc_dnb_v0008_m" />
    <gen:arc xlink:type="arc" xlink:arcrole="http://xbrl.org/arcrole/2008/variable-set-precondition" xlink:from="loc_dnb_v0008_m" xlink:to="findPrec_1" />
    <link:loc xlink:type="locator" xlink:href="../val/vr-v0009_m.xml#dnb_v0009_m" xlink:label="loc_dnb_v0009_m" />
    <gen:arc xlink:type="arc" xlink:arcrole="http://xbrl.org/arcrole/2008/variable-set-precondition" xlink:from="loc_dnb_v0009_m" xlink:to="findPrec_1" />
    <link:loc xlink:type="locator" xlink:href="../val/vr-v0010_m.xml#dnb_v0010_m" xlink:label="loc_dnb_v0010_m" />
    <gen:arc xlink:type="arc" xlink:arcrole="http://xbrl.org/arcrole/2008/variable-set-precondition" xlink:from="loc_dnb_v0010_m" xlink:to="findPrec_1" />
    <link:loc xlink:type="locator" xlink:href="../val/vr-v0011_m.xml#dnb_v0011_m" xlink:label="loc_dnb_v0011_m" />
    <gen:arc xlink:type="arc" xlink:arcrole="http://xbrl.org/arcrole/2008/variable-set-precondition" xlink:from="loc_dnb_v0011_m" xlink:to="findPrec_1" />
    <link:loc xlink:type="locator" xlink:href="../val/vr-v0012_m.xml#dnb_v0012_m" xlink:label="loc_dnb_v0012_m" />
    <gen:arc xlink:type="arc" xlink:arcrole="http://xbrl.org/arcrole/2008/variable-set-precondition" xlink:from="loc_dnb_v0012_m" xlink:to="findPrec_1" />
    <variable:precondition xlink:type="resource" xlink:label="findPrec_2" test="$find:tB_01.00" />
    <link:loc xlink:type="locator" xlink:href="../val/vr-v0005_m.xml#dnb_v0005_m" xlink:label="loc_dnb_v0005_m" />
    <gen:arc xlink:type="arc" xlink:arcrole="http://xbrl.org/arcrole/2008/variable-set-precondition" xlink:from="loc_dnb_v0005_m" xlink:to="findPrec_2" />
    <link:loc xlink:type="locator" xlink:href="../val/vr-v0006_m.xml#dnb_v0006_m" xlink:label="loc_dnb_v0006_m" />
    <gen:arc xlink:type="arc" xlink:arcrole="http://xbrl.org/arcrole/2008/variable-set-precondition" xlink:from="loc_dnb_v0006_m" xlink:to="findPrec_2" />
    <link:loc xlink:type="locator" xlink:href="../val/vr-v0007_m.xml#dnb_v0007_m" xlink:label="loc_dnb_v0007_m" />
    <gen:arc xlink:type="arc" xlink:arcrole="http://xbrl.org/arcrole/2008/variable-set-precondition" xlink:from="loc_dnb_v0007_m" xlink:to="findPrec_2" />
  </gen:link>
</link:linkbase>