﻿<?xml version="1.0" encoding="utf-8"?>
<!--© DNB-->
<link:linkbase xmlns:xsi="http://www.w3.org/2001/XMLSchema-instance" xmlns:xlink="http://www.w3.org/1999/xlink" xmlns:link="http://www.xbrl.org/2003/linkbase" xmlns:gen="http://xbrl.org/2008/generic" xmlns:label="http://xbrl.org/2008/label" xsi:schemaLocation="http://www.xbrl.org/2003/linkbase http://www.xbrl.org/2003/xbrl-linkbase-2003-12-31.xsd http://xbrl.org/2008/generic http://www.xbrl.org/2008/generic-link.xsd http://xbrl.org/2008/label http://www.xbrl.org/2008/generic-label.xsd">
  <link:arcroleRef arcroleURI="http://xbrl.org/arcrole/2008/element-label" xlink:type="simple" xlink:href="http://www.xbrl.org/2008/generic-label.xsd#element-label" />
  <link:roleRef roleURI="http://www.xbrl.org/2008/role/label" xlink:type="simple" xlink:href="http://www.xbrl.org/2008/generic-label.xsd#standard-label" />
  <link:roleRef roleURI="http://www.xbrl.org/2008/role/verboseLabel" xlink:type="simple" xlink:href="http://www.xbrl.org/2008/generic-label.xsd#verbose-label" />
  <gen:link xlink:type="extended" xlink:role="http://www.xbrl.org/2003/role/link">
    <link:loc xlink:type="locator" xlink:href="apf004-rend.xml#dnb_tAPF004" xlink:label="loc_dnb_tAPF004" />
    <label:label xlink:type="resource" xlink:label="label_dnb_tAPF004" xml:lang="en" xlink:role="http://www.xbrl.org/2008/role/label">Weerstandsvermogen</label:label>
    <gen:arc xlink:type="arc" xlink:arcrole="http://xbrl.org/arcrole/2008/element-label" xlink:from="loc_dnb_tAPF004" xlink:to="label_dnb_tAPF004" />
    <label:label xlink:type="resource" xlink:label="label_dnb_tAPF004_1" xml:lang="en" xlink:role="http://www.xbrl.org/2008/role/verboseLabel">Weerstandsvermogen</label:label>
    <gen:arc xlink:type="arc" xlink:arcrole="http://xbrl.org/arcrole/2008/element-label" xlink:from="loc_dnb_tAPF004" xlink:to="label_dnb_tAPF004_1" />
    <link:loc xlink:type="locator" xlink:href="apf004-rend.xml#dnb_a1" xlink:label="loc_dnb_a1" />
    <label:label xlink:type="resource" xlink:label="label_dnb_a1" xml:lang="en" xlink:role="http://www.xbrl.org/2008/role/label">x-axis</label:label>
    <gen:arc xlink:type="arc" xlink:arcrole="http://xbrl.org/arcrole/2008/element-label" xlink:from="loc_dnb_a1" xlink:to="label_dnb_a1" />
    <link:loc xlink:type="locator" xlink:href="apf004-rend.xml#dnb_c1" xlink:label="loc_dnb_c1" />
    <label:label xlink:type="resource" xlink:label="label_dnb_c1" xml:lang="en" xlink:role="http://www.xbrl.org/2008/role/label">Amount</label:label>
    <gen:arc xlink:type="arc" xlink:arcrole="http://xbrl.org/arcrole/2008/element-label" xlink:from="loc_dnb_c1" xlink:to="label_dnb_c1" />
    <link:loc xlink:type="locator" xlink:href="apf004-rend.xml#dnb_a2" xlink:label="loc_dnb_a2" />
    <label:label xlink:type="resource" xlink:label="label_dnb_a2" xml:lang="en" xlink:role="http://www.xbrl.org/2008/role/label">y-axis</label:label>
    <gen:arc xlink:type="arc" xlink:arcrole="http://xbrl.org/arcrole/2008/element-label" xlink:from="loc_dnb_a2" xlink:to="label_dnb_a2" />
    <link:loc xlink:type="locator" xlink:href="apf004-rend.xml#dnb_c2" xlink:label="loc_dnb_c2" />
    <label:label xlink:type="resource" xlink:label="label_dnb_c2" xml:lang="en" xlink:role="http://www.xbrl.org/2008/role/label">Berekening beschikbaar eigen vermogen en toetsingsvermogen</label:label>
    <gen:arc xlink:type="arc" xlink:arcrole="http://xbrl.org/arcrole/2008/element-label" xlink:from="loc_dnb_c2" xlink:to="label_dnb_c2" />
    <link:loc xlink:type="locator" xlink:href="apf004-rend.xml#dnb_c3" xlink:label="loc_dnb_c3" />
    <label:label xlink:type="resource" xlink:label="label_dnb_c3" xml:lang="en" xlink:role="http://www.xbrl.org/2008/role/label">Totaal eigen vermogen</label:label>
    <gen:arc xlink:type="arc" xlink:arcrole="http://xbrl.org/arcrole/2008/element-label" xlink:from="loc_dnb_c3" xlink:to="label_dnb_c3" />
    <link:loc xlink:type="locator" xlink:href="apf004-rend.xml#dnb_c4" xlink:label="loc_dnb_c4" />
    <label:label xlink:type="resource" xlink:label="label_dnb_c4" xml:lang="en" xlink:role="http://www.xbrl.org/2008/role/label">Achtergestelde leningen voor zover bijdragen aan het weerstandsvermogen</label:label>
    <gen:arc xlink:type="arc" xlink:arcrole="http://xbrl.org/arcrole/2008/element-label" xlink:from="loc_dnb_c4" xlink:to="label_dnb_c4" />
    <link:loc xlink:type="locator" xlink:href="apf004-rend.xml#dnb_c5" xlink:label="loc_dnb_c5" />
    <label:label xlink:type="resource" xlink:label="label_dnb_c5" xml:lang="en" xlink:role="http://www.xbrl.org/2008/role/label">Aftrekposten</label:label>
    <gen:arc xlink:type="arc" xlink:arcrole="http://xbrl.org/arcrole/2008/element-label" xlink:from="loc_dnb_c5" xlink:to="label_dnb_c5" />
    <link:loc xlink:type="locator" xlink:href="apf004-rend.xml#dnb_c6" xlink:label="loc_dnb_c6" />
    <label:label xlink:type="resource" xlink:label="label_dnb_c6" xml:lang="en" xlink:role="http://www.xbrl.org/2008/role/label">Immateriële vaste activa</label:label>
    <gen:arc xlink:type="arc" xlink:arcrole="http://xbrl.org/arcrole/2008/element-label" xlink:from="loc_dnb_c6" xlink:to="label_dnb_c6" />
    <link:loc xlink:type="locator" xlink:href="apf004-rend.xml#dnb_c7" xlink:label="loc_dnb_c7" />
    <label:label xlink:type="resource" xlink:label="label_dnb_c7" xml:lang="en" xlink:role="http://www.xbrl.org/2008/role/label">Overige aftrekposten</label:label>
    <gen:arc xlink:type="arc" xlink:arcrole="http://xbrl.org/arcrole/2008/element-label" xlink:from="loc_dnb_c7" xlink:to="label_dnb_c7" />
    <link:loc xlink:type="locator" xlink:href="apf004-rend.xml#dnb_c8" xlink:label="loc_dnb_c8" />
    <label:label xlink:type="resource" xlink:label="label_dnb_c8" xml:lang="en" xlink:role="http://www.xbrl.org/2008/role/label">Beschikbaar weerstandsvermogen</label:label>
    <gen:arc xlink:type="arc" xlink:arcrole="http://xbrl.org/arcrole/2008/element-label" xlink:from="loc_dnb_c8" xlink:to="label_dnb_c8" />
    <link:loc xlink:type="locator" xlink:href="apf004-rend.xml#dnb_c9" xlink:label="loc_dnb_c9" />
    <label:label xlink:type="resource" xlink:label="label_dnb_c9" xml:lang="en" xlink:role="http://www.xbrl.org/2008/role/label">Berekening solvabiliteitseis</label:label>
    <gen:arc xlink:type="arc" xlink:arcrole="http://xbrl.org/arcrole/2008/element-label" xlink:from="loc_dnb_c9" xlink:to="label_dnb_c9" />
    <link:loc xlink:type="locator" xlink:href="apf004-rend.xml#dnb_c10" xlink:label="loc_dnb_c10" />
    <label:label xlink:type="resource" xlink:label="label_dnb_c10" xml:lang="en" xlink:role="http://www.xbrl.org/2008/role/label">Wat is de omvang van het beheerde vermogen?</label:label>
    <gen:arc xlink:type="arc" xlink:arcrole="http://xbrl.org/arcrole/2008/element-label" xlink:from="loc_dnb_c10" xlink:to="label_dnb_c10" />
    <link:loc xlink:type="locator" xlink:href="apf004-rend.xml#dnb_c11" xlink:label="loc_dnb_c11" />
    <label:label xlink:type="resource" xlink:label="label_dnb_c11" xml:lang="en" xlink:role="http://www.xbrl.org/2008/role/label">Minimaal vereist weerstandsvermogen</label:label>
    <gen:arc xlink:type="arc" xlink:arcrole="http://xbrl.org/arcrole/2008/element-label" xlink:from="loc_dnb_c11" xlink:to="label_dnb_c11" />
    <link:loc xlink:type="locator" xlink:href="apf004-rend.xml#dnb_c12" xlink:label="loc_dnb_c12" />
    <label:label xlink:type="resource" xlink:label="label_dnb_c12" xml:lang="en" xlink:role="http://www.xbrl.org/2008/role/label">Aan te houden weerstandsvermogen op basis van risico-analysemodel?</label:label>
    <gen:arc xlink:type="arc" xlink:arcrole="http://xbrl.org/arcrole/2008/element-label" xlink:from="loc_dnb_c12" xlink:to="label_dnb_c12" />
    <link:loc xlink:type="locator" xlink:href="apf004-rend.xml#dnb_c13" xlink:label="loc_dnb_c13" />
    <label:label xlink:type="resource" xlink:label="label_dnb_c13" xml:lang="en" xlink:role="http://www.xbrl.org/2008/role/label">Risico's</label:label>
    <gen:arc xlink:type="arc" xlink:arcrole="http://xbrl.org/arcrole/2008/element-label" xlink:from="loc_dnb_c13" xlink:to="label_dnb_c13" />
    <link:loc xlink:type="locator" xlink:href="apf004-rend.xml#dnb_c14" xlink:label="loc_dnb_c14" />
    <label:label xlink:type="resource" xlink:label="label_dnb_c14" xml:lang="en" xlink:role="http://www.xbrl.org/2008/role/label">Kredietriscio</label:label>
    <gen:arc xlink:type="arc" xlink:arcrole="http://xbrl.org/arcrole/2008/element-label" xlink:from="loc_dnb_c14" xlink:to="label_dnb_c14" />
    <link:loc xlink:type="locator" xlink:href="apf004-rend.xml#dnb_c15" xlink:label="loc_dnb_c15" />
    <label:label xlink:type="resource" xlink:label="label_dnb_c15" xml:lang="en" xlink:role="http://www.xbrl.org/2008/role/label">Liquiditeitrisico</label:label>
    <gen:arc xlink:type="arc" xlink:arcrole="http://xbrl.org/arcrole/2008/element-label" xlink:from="loc_dnb_c15" xlink:to="label_dnb_c15" />
    <link:loc xlink:type="locator" xlink:href="apf004-rend.xml#dnb_c16" xlink:label="loc_dnb_c16" />
    <label:label xlink:type="resource" xlink:label="label_dnb_c16" xml:lang="en" xlink:role="http://www.xbrl.org/2008/role/label">Marktrisico</label:label>
    <gen:arc xlink:type="arc" xlink:arcrole="http://xbrl.org/arcrole/2008/element-label" xlink:from="loc_dnb_c16" xlink:to="label_dnb_c16" />
    <link:loc xlink:type="locator" xlink:href="apf004-rend.xml#dnb_c17" xlink:label="loc_dnb_c17" />
    <label:label xlink:type="resource" xlink:label="label_dnb_c17" xml:lang="en" xlink:role="http://www.xbrl.org/2008/role/label">Matchingsrisico</label:label>
    <gen:arc xlink:type="arc" xlink:arcrole="http://xbrl.org/arcrole/2008/element-label" xlink:from="loc_dnb_c17" xlink:to="label_dnb_c17" />
    <link:loc xlink:type="locator" xlink:href="apf004-rend.xml#dnb_c18" xlink:label="loc_dnb_c18" />
    <label:label xlink:type="resource" xlink:label="label_dnb_c18" xml:lang="en" xlink:role="http://www.xbrl.org/2008/role/label">Uitbestedingsrisico</label:label>
    <gen:arc xlink:type="arc" xlink:arcrole="http://xbrl.org/arcrole/2008/element-label" xlink:from="loc_dnb_c18" xlink:to="label_dnb_c18" />
    <link:loc xlink:type="locator" xlink:href="apf004-rend.xml#dnb_c19" xlink:label="loc_dnb_c19" />
    <label:label xlink:type="resource" xlink:label="label_dnb_c19" xml:lang="en" xlink:role="http://www.xbrl.org/2008/role/label">Operationeel risico</label:label>
    <gen:arc xlink:type="arc" xlink:arcrole="http://xbrl.org/arcrole/2008/element-label" xlink:from="loc_dnb_c19" xlink:to="label_dnb_c19" />
    <link:loc xlink:type="locator" xlink:href="apf004-rend.xml#dnb_c20" xlink:label="loc_dnb_c20" />
    <label:label xlink:type="resource" xlink:label="label_dnb_c20" xml:lang="en" xlink:role="http://www.xbrl.org/2008/role/label">IT risico</label:label>
    <gen:arc xlink:type="arc" xlink:arcrole="http://xbrl.org/arcrole/2008/element-label" xlink:from="loc_dnb_c20" xlink:to="label_dnb_c20" />
    <link:loc xlink:type="locator" xlink:href="apf004-rend.xml#dnb_c21" xlink:label="loc_dnb_c21" />
    <label:label xlink:type="resource" xlink:label="label_dnb_c21" xml:lang="en" xlink:role="http://www.xbrl.org/2008/role/label">Verzekeringstechnisch risico</label:label>
    <gen:arc xlink:type="arc" xlink:arcrole="http://xbrl.org/arcrole/2008/element-label" xlink:from="loc_dnb_c21" xlink:to="label_dnb_c21" />
    <link:loc xlink:type="locator" xlink:href="apf004-rend.xml#dnb_c22" xlink:label="loc_dnb_c22" />
    <label:label xlink:type="resource" xlink:label="label_dnb_c22" xml:lang="en" xlink:role="http://www.xbrl.org/2008/role/label">Integriteitsrisico</label:label>
    <gen:arc xlink:type="arc" xlink:arcrole="http://xbrl.org/arcrole/2008/element-label" xlink:from="loc_dnb_c22" xlink:to="label_dnb_c22" />
    <link:loc xlink:type="locator" xlink:href="apf004-rend.xml#dnb_c23" xlink:label="loc_dnb_c23" />
    <label:label xlink:type="resource" xlink:label="label_dnb_c23" xml:lang="en" xlink:role="http://www.xbrl.org/2008/role/label">Juridisch risico</label:label>
    <gen:arc xlink:type="arc" xlink:arcrole="http://xbrl.org/arcrole/2008/element-label" xlink:from="loc_dnb_c23" xlink:to="label_dnb_c23" />
    <link:loc xlink:type="locator" xlink:href="apf004-rend.xml#dnb_c24" xlink:label="loc_dnb_c24" />
    <label:label xlink:type="resource" xlink:label="label_dnb_c24" xml:lang="en" xlink:role="http://www.xbrl.org/2008/role/label">Omgevingsrisico</label:label>
    <gen:arc xlink:type="arc" xlink:arcrole="http://xbrl.org/arcrole/2008/element-label" xlink:from="loc_dnb_c24" xlink:to="label_dnb_c24" />
    <link:loc xlink:type="locator" xlink:href="apf004-rend.xml#dnb_c25" xlink:label="loc_dnb_c25" />
    <label:label xlink:type="resource" xlink:label="label_dnb_c25" xml:lang="en" xlink:role="http://www.xbrl.org/2008/role/label">Overige risico's</label:label>
    <gen:arc xlink:type="arc" xlink:arcrole="http://xbrl.org/arcrole/2008/element-label" xlink:from="loc_dnb_c25" xlink:to="label_dnb_c25" />
    <link:loc xlink:type="locator" xlink:href="apf004-rend.xml#dnb_c26" xlink:label="loc_dnb_c26" />
    <label:label xlink:type="resource" xlink:label="label_dnb_c26" xml:lang="en" xlink:role="http://www.xbrl.org/2008/role/label">Aftrek vanwege correlatie-effecten risico's</label:label>
    <gen:arc xlink:type="arc" xlink:arcrole="http://xbrl.org/arcrole/2008/element-label" xlink:from="loc_dnb_c26" xlink:to="label_dnb_c26" />
    <link:loc xlink:type="locator" xlink:href="apf004-rend.xml#dnb_c27" xlink:label="loc_dnb_c27" />
    <label:label xlink:type="resource" xlink:label="label_dnb_c27" xml:lang="en" xlink:role="http://www.xbrl.org/2008/role/label">Totaal aan te houden weerstandsvermogen</label:label>
    <gen:arc xlink:type="arc" xlink:arcrole="http://xbrl.org/arcrole/2008/element-label" xlink:from="loc_dnb_c27" xlink:to="label_dnb_c27" />
    <link:loc xlink:type="locator" xlink:href="apf004-rend.xml#dnb_c28" xlink:label="loc_dnb_c28" />
    <label:label xlink:type="resource" xlink:label="label_dnb_c28" xml:lang="en" xlink:role="http://www.xbrl.org/2008/role/label">Weerstandsvermogen (surplus/tekort)</label:label>
    <gen:arc xlink:type="arc" xlink:arcrole="http://xbrl.org/arcrole/2008/element-label" xlink:from="loc_dnb_c28" xlink:to="label_dnb_c28" />
  </gen:link>
</link:linkbase>