﻿<?xml version="1.0" encoding="utf-8"?>
<?taxonomy-version 2.9.0.0 ?> <?taxonomy-set-overall-version 2.9.0.0 ?>
<!--(C) EBA-->
<link:linkbase xmlns:xsi="http://www.w3.org/2001/XMLSchema-instance" xmlns:xlink="http://www.w3.org/1999/xlink" xmlns:link="http://www.xbrl.org/2003/linkbase" xmlns:gen="http://xbrl.org/2008/generic" xmlns:label="http://xbrl.org/2008/label" xsi:schemaLocation="http://www.xbrl.org/2003/linkbase http://www.xbrl.org/2003/xbrl-linkbase-2003-12-31.xsd http://xbrl.org/2008/generic http://www.xbrl.org/2008/generic-link.xsd http://xbrl.org/2008/label http://www.xbrl.org/2008/generic-label.xsd">
  <link:arcroleRef arcroleURI="http://xbrl.org/arcrole/2008/element-label" xlink:type="simple" xlink:href="http://www.xbrl.org/2008/generic-label.xsd#element-label" />
  <link:roleRef roleURI="http://www.eba.europa.eu/xbrl/role/dpm-db-id" xlink:type="simple" xlink:href="http://www.eba.europa.eu/eu/fr/xbrl/ext/model.xsd#dpm-db-id" />
  <gen:link xlink:type="extended" xlink:role="http://www.xbrl.org/2003/role/link">
    <link:loc xlink:type="locator" xlink:href="hier.xsd#eba_MC1" xlink:label="loc_eba_MC1" />
    <label:label xlink:type="resource" xlink:label="label_eba_MC1" xml:lang="en" xlink:role="http://www.eba.europa.eu/xbrl/role/dpm-db-id">3040</label:label>
    <gen:arc xlink:type="arc" xlink:arcrole="http://xbrl.org/arcrole/2008/element-label" xlink:from="loc_eba_MC1" xlink:to="label_eba_MC1" />
    <link:loc xlink:type="locator" xlink:href="hier.xsd#eba_MC10" xlink:label="loc_eba_MC10" />
    <label:label xlink:type="resource" xlink:label="label_eba_MC10" xml:lang="en" xlink:role="http://www.eba.europa.eu/xbrl/role/dpm-db-id">3180</label:label>
    <gen:arc xlink:type="arc" xlink:arcrole="http://xbrl.org/arcrole/2008/element-label" xlink:from="loc_eba_MC10" xlink:to="label_eba_MC10" />
    <link:loc xlink:type="locator" xlink:href="hier.xsd#eba_MC100" xlink:label="loc_eba_MC100" />
    <label:label xlink:type="resource" xlink:label="label_eba_MC100" xml:lang="en" xlink:role="http://www.eba.europa.eu/xbrl/role/dpm-db-id">3200</label:label>
    <gen:arc xlink:type="arc" xlink:arcrole="http://xbrl.org/arcrole/2008/element-label" xlink:from="loc_eba_MC100" xlink:to="label_eba_MC100" />
    <link:loc xlink:type="locator" xlink:href="hier.xsd#eba_MC101" xlink:label="loc_eba_MC101" />
    <label:label xlink:type="resource" xlink:label="label_eba_MC101" xml:lang="en" xlink:role="http://www.eba.europa.eu/xbrl/role/dpm-db-id">3220</label:label>
    <gen:arc xlink:type="arc" xlink:arcrole="http://xbrl.org/arcrole/2008/element-label" xlink:from="loc_eba_MC101" xlink:to="label_eba_MC101" />
    <link:loc xlink:type="locator" xlink:href="hier.xsd#eba_MC102" xlink:label="loc_eba_MC102" />
    <label:label xlink:type="resource" xlink:label="label_eba_MC102" xml:lang="en" xlink:role="http://www.eba.europa.eu/xbrl/role/dpm-db-id">3275</label:label>
    <gen:arc xlink:type="arc" xlink:arcrole="http://xbrl.org/arcrole/2008/element-label" xlink:from="loc_eba_MC102" xlink:to="label_eba_MC102" />
    <link:loc xlink:type="locator" xlink:href="hier.xsd#eba_MC103" xlink:label="loc_eba_MC103" />
    <label:label xlink:type="resource" xlink:label="label_eba_MC103" xml:lang="en" xlink:role="http://www.eba.europa.eu/xbrl/role/dpm-db-id">3295</label:label>
    <gen:arc xlink:type="arc" xlink:arcrole="http://xbrl.org/arcrole/2008/element-label" xlink:from="loc_eba_MC103" xlink:to="label_eba_MC103" />
    <link:loc xlink:type="locator" xlink:href="hier.xsd#eba_MC104" xlink:label="loc_eba_MC104" />
    <label:label xlink:type="resource" xlink:label="label_eba_MC104" xml:lang="en" xlink:role="http://www.eba.europa.eu/xbrl/role/dpm-db-id">3315</label:label>
    <gen:arc xlink:type="arc" xlink:arcrole="http://xbrl.org/arcrole/2008/element-label" xlink:from="loc_eba_MC104" xlink:to="label_eba_MC104" />
    <link:loc xlink:type="locator" xlink:href="hier.xsd#eba_MC11" xlink:label="loc_eba_MC11" />
    <label:label xlink:type="resource" xlink:label="label_eba_MC11" xml:lang="en" xlink:role="http://www.eba.europa.eu/xbrl/role/dpm-db-id">3350</label:label>
    <gen:arc xlink:type="arc" xlink:arcrole="http://xbrl.org/arcrole/2008/element-label" xlink:from="loc_eba_MC11" xlink:to="label_eba_MC11" />
    <link:loc xlink:type="locator" xlink:href="hier.xsd#eba_MC121" xlink:label="loc_eba_MC121" />
    <label:label xlink:type="resource" xlink:label="label_eba_MC121" xml:lang="en" xlink:role="http://www.eba.europa.eu/xbrl/role/dpm-db-id">3370</label:label>
    <gen:arc xlink:type="arc" xlink:arcrole="http://xbrl.org/arcrole/2008/element-label" xlink:from="loc_eba_MC121" xlink:to="label_eba_MC121" />
    <link:loc xlink:type="locator" xlink:href="hier.xsd#eba_MC123" xlink:label="loc_eba_MC123" />
    <label:label xlink:type="resource" xlink:label="label_eba_MC123" xml:lang="en" xlink:role="http://www.eba.europa.eu/xbrl/role/dpm-db-id">3465</label:label>
    <gen:arc xlink:type="arc" xlink:arcrole="http://xbrl.org/arcrole/2008/element-label" xlink:from="loc_eba_MC123" xlink:to="label_eba_MC123" />
    <link:loc xlink:type="locator" xlink:href="hier.xsd#eba_MC124" xlink:label="loc_eba_MC124" />
    <label:label xlink:type="resource" xlink:label="label_eba_MC124" xml:lang="en" xlink:role="http://www.eba.europa.eu/xbrl/role/dpm-db-id">3545</label:label>
    <gen:arc xlink:type="arc" xlink:arcrole="http://xbrl.org/arcrole/2008/element-label" xlink:from="loc_eba_MC124" xlink:to="label_eba_MC124" />
    <link:loc xlink:type="locator" xlink:href="hier.xsd#eba_MC128" xlink:label="loc_eba_MC128" />
    <label:label xlink:type="resource" xlink:label="label_eba_MC128" xml:lang="en" xlink:role="http://www.eba.europa.eu/xbrl/role/dpm-db-id">3585</label:label>
    <gen:arc xlink:type="arc" xlink:arcrole="http://xbrl.org/arcrole/2008/element-label" xlink:from="loc_eba_MC128" xlink:to="label_eba_MC128" />
    <link:loc xlink:type="locator" xlink:href="hier.xsd#eba_MC13" xlink:label="loc_eba_MC13" />
    <label:label xlink:type="resource" xlink:label="label_eba_MC13" xml:lang="en" xlink:role="http://www.eba.europa.eu/xbrl/role/dpm-db-id">3635</label:label>
    <gen:arc xlink:type="arc" xlink:arcrole="http://xbrl.org/arcrole/2008/element-label" xlink:from="loc_eba_MC13" xlink:to="label_eba_MC13" />
    <link:loc xlink:type="locator" xlink:href="hier.xsd#eba_MC130" xlink:label="loc_eba_MC130" />
    <label:label xlink:type="resource" xlink:label="label_eba_MC130" xml:lang="en" xlink:role="http://www.eba.europa.eu/xbrl/role/dpm-db-id">3665</label:label>
    <gen:arc xlink:type="arc" xlink:arcrole="http://xbrl.org/arcrole/2008/element-label" xlink:from="loc_eba_MC130" xlink:to="label_eba_MC130" />
    <link:loc xlink:type="locator" xlink:href="hier.xsd#eba_MC133" xlink:label="loc_eba_MC133" />
    <label:label xlink:type="resource" xlink:label="label_eba_MC133" xml:lang="en" xlink:role="http://www.eba.europa.eu/xbrl/role/dpm-db-id">3710</label:label>
    <gen:arc xlink:type="arc" xlink:arcrole="http://xbrl.org/arcrole/2008/element-label" xlink:from="loc_eba_MC133" xlink:to="label_eba_MC133" />
    <link:loc xlink:type="locator" xlink:href="hier.xsd#eba_MC134" xlink:label="loc_eba_MC134" />
    <label:label xlink:type="resource" xlink:label="label_eba_MC134" xml:lang="en" xlink:role="http://www.eba.europa.eu/xbrl/role/dpm-db-id">3735</label:label>
    <gen:arc xlink:type="arc" xlink:arcrole="http://xbrl.org/arcrole/2008/element-label" xlink:from="loc_eba_MC134" xlink:to="label_eba_MC134" />
    <link:loc xlink:type="locator" xlink:href="hier.xsd#eba_MC135" xlink:label="loc_eba_MC135" />
    <label:label xlink:type="resource" xlink:label="label_eba_MC135" xml:lang="en" xlink:role="http://www.eba.europa.eu/xbrl/role/dpm-db-id">3765</label:label>
    <gen:arc xlink:type="arc" xlink:arcrole="http://xbrl.org/arcrole/2008/element-label" xlink:from="loc_eba_MC135" xlink:to="label_eba_MC135" />
    <link:loc xlink:type="locator" xlink:href="hier.xsd#eba_MC14" xlink:label="loc_eba_MC14" />
    <label:label xlink:type="resource" xlink:label="label_eba_MC14" xml:lang="en" xlink:role="http://www.eba.europa.eu/xbrl/role/dpm-db-id">3795</label:label>
    <gen:arc xlink:type="arc" xlink:arcrole="http://xbrl.org/arcrole/2008/element-label" xlink:from="loc_eba_MC14" xlink:to="label_eba_MC14" />
    <link:loc xlink:type="locator" xlink:href="hier.xsd#eba_MC15" xlink:label="loc_eba_MC15" />
    <label:label xlink:type="resource" xlink:label="label_eba_MC15" xml:lang="en" xlink:role="http://www.eba.europa.eu/xbrl/role/dpm-db-id">3865</label:label>
    <gen:arc xlink:type="arc" xlink:arcrole="http://xbrl.org/arcrole/2008/element-label" xlink:from="loc_eba_MC15" xlink:to="label_eba_MC15" />
    <link:loc xlink:type="locator" xlink:href="hier.xsd#eba_MC16" xlink:label="loc_eba_MC16" />
    <label:label xlink:type="resource" xlink:label="label_eba_MC16" xml:lang="en" xlink:role="http://www.eba.europa.eu/xbrl/role/dpm-db-id">3900</label:label>
    <gen:arc xlink:type="arc" xlink:arcrole="http://xbrl.org/arcrole/2008/element-label" xlink:from="loc_eba_MC16" xlink:to="label_eba_MC16" />
    <link:loc xlink:type="locator" xlink:href="hier.xsd#eba_MC18" xlink:label="loc_eba_MC18" />
    <label:label xlink:type="resource" xlink:label="label_eba_MC18" xml:lang="en" xlink:role="http://www.eba.europa.eu/xbrl/role/dpm-db-id">3920</label:label>
    <gen:arc xlink:type="arc" xlink:arcrole="http://xbrl.org/arcrole/2008/element-label" xlink:from="loc_eba_MC18" xlink:to="label_eba_MC18" />
    <link:loc xlink:type="locator" xlink:href="hier.xsd#eba_MC2" xlink:label="loc_eba_MC2" />
    <label:label xlink:type="resource" xlink:label="label_eba_MC2" xml:lang="en" xlink:role="http://www.eba.europa.eu/xbrl/role/dpm-db-id">3955</label:label>
    <gen:arc xlink:type="arc" xlink:arcrole="http://xbrl.org/arcrole/2008/element-label" xlink:from="loc_eba_MC2" xlink:to="label_eba_MC2" />
    <link:loc xlink:type="locator" xlink:href="hier.xsd#eba_MC21" xlink:label="loc_eba_MC21" />
    <label:label xlink:type="resource" xlink:label="label_eba_MC21" xml:lang="en" xlink:role="http://www.eba.europa.eu/xbrl/role/dpm-db-id">3990</label:label>
    <gen:arc xlink:type="arc" xlink:arcrole="http://xbrl.org/arcrole/2008/element-label" xlink:from="loc_eba_MC21" xlink:to="label_eba_MC21" />
    <link:loc xlink:type="locator" xlink:href="hier.xsd#eba_MC22" xlink:label="loc_eba_MC22" />
    <label:label xlink:type="resource" xlink:label="label_eba_MC22" xml:lang="en" xlink:role="http://www.eba.europa.eu/xbrl/role/dpm-db-id">4015</label:label>
    <gen:arc xlink:type="arc" xlink:arcrole="http://xbrl.org/arcrole/2008/element-label" xlink:from="loc_eba_MC22" xlink:to="label_eba_MC22" />
    <link:loc xlink:type="locator" xlink:href="hier.xsd#eba_MC23" xlink:label="loc_eba_MC23" />
    <label:label xlink:type="resource" xlink:label="label_eba_MC23" xml:lang="en" xlink:role="http://www.eba.europa.eu/xbrl/role/dpm-db-id">4055</label:label>
    <gen:arc xlink:type="arc" xlink:arcrole="http://xbrl.org/arcrole/2008/element-label" xlink:from="loc_eba_MC23" xlink:to="label_eba_MC23" />
    <link:loc xlink:type="locator" xlink:href="hier.xsd#eba_MC24" xlink:label="loc_eba_MC24" />
    <label:label xlink:type="resource" xlink:label="label_eba_MC24" xml:lang="en" xlink:role="http://www.eba.europa.eu/xbrl/role/dpm-db-id">4080</label:label>
    <gen:arc xlink:type="arc" xlink:arcrole="http://xbrl.org/arcrole/2008/element-label" xlink:from="loc_eba_MC24" xlink:to="label_eba_MC24" />
    <link:loc xlink:type="locator" xlink:href="hier.xsd#eba_MC27" xlink:label="loc_eba_MC27" />
    <label:label xlink:type="resource" xlink:label="label_eba_MC27" xml:lang="en" xlink:role="http://www.eba.europa.eu/xbrl/role/dpm-db-id">4115</label:label>
    <gen:arc xlink:type="arc" xlink:arcrole="http://xbrl.org/arcrole/2008/element-label" xlink:from="loc_eba_MC27" xlink:to="label_eba_MC27" />
    <link:loc xlink:type="locator" xlink:href="hier.xsd#eba_MC28" xlink:label="loc_eba_MC28" />
    <label:label xlink:type="resource" xlink:label="label_eba_MC28" xml:lang="en" xlink:role="http://www.eba.europa.eu/xbrl/role/dpm-db-id">4145</label:label>
    <gen:arc xlink:type="arc" xlink:arcrole="http://xbrl.org/arcrole/2008/element-label" xlink:from="loc_eba_MC28" xlink:to="label_eba_MC28" />
    <link:loc xlink:type="locator" xlink:href="hier.xsd#eba_MC29" xlink:label="loc_eba_MC29" />
    <label:label xlink:type="resource" xlink:label="label_eba_MC29" xml:lang="en" xlink:role="http://www.eba.europa.eu/xbrl/role/dpm-db-id">4165</label:label>
    <gen:arc xlink:type="arc" xlink:arcrole="http://xbrl.org/arcrole/2008/element-label" xlink:from="loc_eba_MC29" xlink:to="label_eba_MC29" />
    <link:loc xlink:type="locator" xlink:href="hier.xsd#eba_MC3" xlink:label="loc_eba_MC3" />
    <label:label xlink:type="resource" xlink:label="label_eba_MC3" xml:lang="en" xlink:role="http://www.eba.europa.eu/xbrl/role/dpm-db-id">4185</label:label>
    <gen:arc xlink:type="arc" xlink:arcrole="http://xbrl.org/arcrole/2008/element-label" xlink:from="loc_eba_MC3" xlink:to="label_eba_MC3" />
    <link:loc xlink:type="locator" xlink:href="hier.xsd#eba_MC30" xlink:label="loc_eba_MC30" />
    <label:label xlink:type="resource" xlink:label="label_eba_MC30" xml:lang="en" xlink:role="http://www.eba.europa.eu/xbrl/role/dpm-db-id">4325</label:label>
    <gen:arc xlink:type="arc" xlink:arcrole="http://xbrl.org/arcrole/2008/element-label" xlink:from="loc_eba_MC30" xlink:to="label_eba_MC30" />
    <link:loc xlink:type="locator" xlink:href="hier.xsd#eba_MC33" xlink:label="loc_eba_MC33" />
    <label:label xlink:type="resource" xlink:label="label_eba_MC33" xml:lang="en" xlink:role="http://www.eba.europa.eu/xbrl/role/dpm-db-id">4350</label:label>
    <gen:arc xlink:type="arc" xlink:arcrole="http://xbrl.org/arcrole/2008/element-label" xlink:from="loc_eba_MC33" xlink:to="label_eba_MC33" />
    <link:loc xlink:type="locator" xlink:href="hier.xsd#eba_MC34" xlink:label="loc_eba_MC34" />
    <label:label xlink:type="resource" xlink:label="label_eba_MC34" xml:lang="en" xlink:role="http://www.eba.europa.eu/xbrl/role/dpm-db-id">4380</label:label>
    <gen:arc xlink:type="arc" xlink:arcrole="http://xbrl.org/arcrole/2008/element-label" xlink:from="loc_eba_MC34" xlink:to="label_eba_MC34" />
    <link:loc xlink:type="locator" xlink:href="hier.xsd#eba_MC41" xlink:label="loc_eba_MC41" />
    <label:label xlink:type="resource" xlink:label="label_eba_MC41" xml:lang="en" xlink:role="http://www.eba.europa.eu/xbrl/role/dpm-db-id">4405</label:label>
    <gen:arc xlink:type="arc" xlink:arcrole="http://xbrl.org/arcrole/2008/element-label" xlink:from="loc_eba_MC41" xlink:to="label_eba_MC41" />
    <link:loc xlink:type="locator" xlink:href="hier.xsd#eba_MC45" xlink:label="loc_eba_MC45" />
    <label:label xlink:type="resource" xlink:label="label_eba_MC45" xml:lang="en" xlink:role="http://www.eba.europa.eu/xbrl/role/dpm-db-id">4440</label:label>
    <gen:arc xlink:type="arc" xlink:arcrole="http://xbrl.org/arcrole/2008/element-label" xlink:from="loc_eba_MC45" xlink:to="label_eba_MC45" />
    <link:loc xlink:type="locator" xlink:href="hier.xsd#eba_MC48" xlink:label="loc_eba_MC48" />
    <label:label xlink:type="resource" xlink:label="label_eba_MC48" xml:lang="en" xlink:role="http://www.eba.europa.eu/xbrl/role/dpm-db-id">4465</label:label>
    <gen:arc xlink:type="arc" xlink:arcrole="http://xbrl.org/arcrole/2008/element-label" xlink:from="loc_eba_MC48" xlink:to="label_eba_MC48" />
    <link:loc xlink:type="locator" xlink:href="hier.xsd#eba_MC49" xlink:label="loc_eba_MC49" />
    <label:label xlink:type="resource" xlink:label="label_eba_MC49" xml:lang="en" xlink:role="http://www.eba.europa.eu/xbrl/role/dpm-db-id">4490</label:label>
    <gen:arc xlink:type="arc" xlink:arcrole="http://xbrl.org/arcrole/2008/element-label" xlink:from="loc_eba_MC49" xlink:to="label_eba_MC49" />
    <link:loc xlink:type="locator" xlink:href="hier.xsd#eba_MC51" xlink:label="loc_eba_MC51" />
    <label:label xlink:type="resource" xlink:label="label_eba_MC51" xml:lang="en" xlink:role="http://www.eba.europa.eu/xbrl/role/dpm-db-id">4515</label:label>
    <gen:arc xlink:type="arc" xlink:arcrole="http://xbrl.org/arcrole/2008/element-label" xlink:from="loc_eba_MC51" xlink:to="label_eba_MC51" />
    <link:loc xlink:type="locator" xlink:href="hier.xsd#eba_MC59" xlink:label="loc_eba_MC59" />
    <label:label xlink:type="resource" xlink:label="label_eba_MC59" xml:lang="en" xlink:role="http://www.eba.europa.eu/xbrl/role/dpm-db-id">4565</label:label>
    <gen:arc xlink:type="arc" xlink:arcrole="http://xbrl.org/arcrole/2008/element-label" xlink:from="loc_eba_MC59" xlink:to="label_eba_MC59" />
    <link:loc xlink:type="locator" xlink:href="hier.xsd#eba_MC61" xlink:label="loc_eba_MC61" />
    <label:label xlink:type="resource" xlink:label="label_eba_MC61" xml:lang="en" xlink:role="http://www.eba.europa.eu/xbrl/role/dpm-db-id">4595</label:label>
    <gen:arc xlink:type="arc" xlink:arcrole="http://xbrl.org/arcrole/2008/element-label" xlink:from="loc_eba_MC61" xlink:to="label_eba_MC61" />
    <link:loc xlink:type="locator" xlink:href="hier.xsd#eba_MC62" xlink:label="loc_eba_MC62" />
    <label:label xlink:type="resource" xlink:label="label_eba_MC62" xml:lang="en" xlink:role="http://www.eba.europa.eu/xbrl/role/dpm-db-id">4755</label:label>
    <gen:arc xlink:type="arc" xlink:arcrole="http://xbrl.org/arcrole/2008/element-label" xlink:from="loc_eba_MC62" xlink:to="label_eba_MC62" />
    <link:loc xlink:type="locator" xlink:href="hier.xsd#eba_MC63" xlink:label="loc_eba_MC63" />
    <label:label xlink:type="resource" xlink:label="label_eba_MC63" xml:lang="en" xlink:role="http://www.eba.europa.eu/xbrl/role/dpm-db-id">4780</label:label>
    <gen:arc xlink:type="arc" xlink:arcrole="http://xbrl.org/arcrole/2008/element-label" xlink:from="loc_eba_MC63" xlink:to="label_eba_MC63" />
    <link:loc xlink:type="locator" xlink:href="hier.xsd#eba_MC65" xlink:label="loc_eba_MC65" />
    <label:label xlink:type="resource" xlink:label="label_eba_MC65" xml:lang="en" xlink:role="http://www.eba.europa.eu/xbrl/role/dpm-db-id">4805</label:label>
    <gen:arc xlink:type="arc" xlink:arcrole="http://xbrl.org/arcrole/2008/element-label" xlink:from="loc_eba_MC65" xlink:to="label_eba_MC65" />
    <link:loc xlink:type="locator" xlink:href="hier.xsd#eba_MC66" xlink:label="loc_eba_MC66" />
    <label:label xlink:type="resource" xlink:label="label_eba_MC66" xml:lang="en" xlink:role="http://www.eba.europa.eu/xbrl/role/dpm-db-id">4835</label:label>
    <gen:arc xlink:type="arc" xlink:arcrole="http://xbrl.org/arcrole/2008/element-label" xlink:from="loc_eba_MC66" xlink:to="label_eba_MC66" />
    <link:loc xlink:type="locator" xlink:href="hier.xsd#eba_MC67" xlink:label="loc_eba_MC67" />
    <label:label xlink:type="resource" xlink:label="label_eba_MC67" xml:lang="en" xlink:role="http://www.eba.europa.eu/xbrl/role/dpm-db-id">4870</label:label>
    <gen:arc xlink:type="arc" xlink:arcrole="http://xbrl.org/arcrole/2008/element-label" xlink:from="loc_eba_MC67" xlink:to="label_eba_MC67" />
    <link:loc xlink:type="locator" xlink:href="hier.xsd#eba_MC69" xlink:label="loc_eba_MC69" />
    <label:label xlink:type="resource" xlink:label="label_eba_MC69" xml:lang="en" xlink:role="http://www.eba.europa.eu/xbrl/role/dpm-db-id">4910</label:label>
    <gen:arc xlink:type="arc" xlink:arcrole="http://xbrl.org/arcrole/2008/element-label" xlink:from="loc_eba_MC69" xlink:to="label_eba_MC69" />
    <link:loc xlink:type="locator" xlink:href="hier.xsd#eba_MC72" xlink:label="loc_eba_MC72" />
    <label:label xlink:type="resource" xlink:label="label_eba_MC72" xml:lang="en" xlink:role="http://www.eba.europa.eu/xbrl/role/dpm-db-id">4965</label:label>
    <gen:arc xlink:type="arc" xlink:arcrole="http://xbrl.org/arcrole/2008/element-label" xlink:from="loc_eba_MC72" xlink:to="label_eba_MC72" />
    <link:loc xlink:type="locator" xlink:href="hier.xsd#eba_MC77" xlink:label="loc_eba_MC77" />
    <label:label xlink:type="resource" xlink:label="label_eba_MC77" xml:lang="en" xlink:role="http://www.eba.europa.eu/xbrl/role/dpm-db-id">5005</label:label>
    <gen:arc xlink:type="arc" xlink:arcrole="http://xbrl.org/arcrole/2008/element-label" xlink:from="loc_eba_MC77" xlink:to="label_eba_MC77" />
    <link:loc xlink:type="locator" xlink:href="hier.xsd#eba_MC78" xlink:label="loc_eba_MC78" />
    <label:label xlink:type="resource" xlink:label="label_eba_MC78" xml:lang="en" xlink:role="http://www.eba.europa.eu/xbrl/role/dpm-db-id">5190</label:label>
    <gen:arc xlink:type="arc" xlink:arcrole="http://xbrl.org/arcrole/2008/element-label" xlink:from="loc_eba_MC78" xlink:to="label_eba_MC78" />
    <link:loc xlink:type="locator" xlink:href="hier.xsd#eba_MC85" xlink:label="loc_eba_MC85" />
    <label:label xlink:type="resource" xlink:label="label_eba_MC85" xml:lang="en" xlink:role="http://www.eba.europa.eu/xbrl/role/dpm-db-id">5210</label:label>
    <gen:arc xlink:type="arc" xlink:arcrole="http://xbrl.org/arcrole/2008/element-label" xlink:from="loc_eba_MC85" xlink:to="label_eba_MC85" />
    <link:loc xlink:type="locator" xlink:href="hier.xsd#eba_MC91" xlink:label="loc_eba_MC91" />
    <label:label xlink:type="resource" xlink:label="label_eba_MC91" xml:lang="en" xlink:role="http://www.eba.europa.eu/xbrl/role/dpm-db-id">5260</label:label>
    <gen:arc xlink:type="arc" xlink:arcrole="http://xbrl.org/arcrole/2008/element-label" xlink:from="loc_eba_MC91" xlink:to="label_eba_MC91" />
    <link:loc xlink:type="locator" xlink:href="hier.xsd#eba_MC92" xlink:label="loc_eba_MC92" />
    <label:label xlink:type="resource" xlink:label="label_eba_MC92" xml:lang="en" xlink:role="http://www.eba.europa.eu/xbrl/role/dpm-db-id">5280</label:label>
    <gen:arc xlink:type="arc" xlink:arcrole="http://xbrl.org/arcrole/2008/element-label" xlink:from="loc_eba_MC92" xlink:to="label_eba_MC92" />
    <link:loc xlink:type="locator" xlink:href="hier.xsd#eba_MC93" xlink:label="loc_eba_MC93" />
    <label:label xlink:type="resource" xlink:label="label_eba_MC93" xml:lang="en" xlink:role="http://www.eba.europa.eu/xbrl/role/dpm-db-id">5305</label:label>
    <gen:arc xlink:type="arc" xlink:arcrole="http://xbrl.org/arcrole/2008/element-label" xlink:from="loc_eba_MC93" xlink:to="label_eba_MC93" />
    <link:loc xlink:type="locator" xlink:href="hier.xsd#eba_MC95" xlink:label="loc_eba_MC95" />
    <label:label xlink:type="resource" xlink:label="label_eba_MC95" xml:lang="en" xlink:role="http://www.eba.europa.eu/xbrl/role/dpm-db-id">5325</label:label>
    <gen:arc xlink:type="arc" xlink:arcrole="http://xbrl.org/arcrole/2008/element-label" xlink:from="loc_eba_MC95" xlink:to="label_eba_MC95" />
    <link:loc xlink:type="locator" xlink:href="hier.xsd#eba_MC96" xlink:label="loc_eba_MC96" />
    <label:label xlink:type="resource" xlink:label="label_eba_MC96" xml:lang="en" xlink:role="http://www.eba.europa.eu/xbrl/role/dpm-db-id">5350</label:label>
    <gen:arc xlink:type="arc" xlink:arcrole="http://xbrl.org/arcrole/2008/element-label" xlink:from="loc_eba_MC96" xlink:to="label_eba_MC96" />
    <link:loc xlink:type="locator" xlink:href="hier.xsd#eba_MC98" xlink:label="loc_eba_MC98" />
    <label:label xlink:type="resource" xlink:label="label_eba_MC98" xml:lang="en" xlink:role="http://www.eba.europa.eu/xbrl/role/dpm-db-id">5370</label:label>
    <gen:arc xlink:type="arc" xlink:arcrole="http://xbrl.org/arcrole/2008/element-label" xlink:from="loc_eba_MC98" xlink:to="label_eba_MC98" />
    <link:loc xlink:type="locator" xlink:href="hier.xsd#eba_MC99" xlink:label="loc_eba_MC99" />
    <label:label xlink:type="resource" xlink:label="label_eba_MC99" xml:lang="en" xlink:role="http://www.eba.europa.eu/xbrl/role/dpm-db-id">5390</label:label>
    <gen:arc xlink:type="arc" xlink:arcrole="http://xbrl.org/arcrole/2008/element-label" xlink:from="loc_eba_MC99" xlink:to="label_eba_MC99" />
    <link:loc xlink:type="locator" xlink:href="hier.xsd#eba_MC79" xlink:label="loc_eba_MC79" />
    <label:label xlink:type="resource" xlink:label="label_eba_MC79" xml:lang="en" xlink:role="http://www.eba.europa.eu/xbrl/role/dpm-db-id">9300</label:label>
    <gen:arc xlink:type="arc" xlink:arcrole="http://xbrl.org/arcrole/2008/element-label" xlink:from="loc_eba_MC79" xlink:to="label_eba_MC79" />
    <link:loc xlink:type="locator" xlink:href="hier.xsd#eba_MC12" xlink:label="loc_eba_MC12" />
    <label:label xlink:type="resource" xlink:label="label_eba_MC12" xml:lang="en" xlink:role="http://www.eba.europa.eu/xbrl/role/dpm-db-id">12535</label:label>
    <gen:arc xlink:type="arc" xlink:arcrole="http://xbrl.org/arcrole/2008/element-label" xlink:from="loc_eba_MC12" xlink:to="label_eba_MC12" />
    <link:loc xlink:type="locator" xlink:href="hier.xsd#eba_MC17" xlink:label="loc_eba_MC17" />
    <label:label xlink:type="resource" xlink:label="label_eba_MC17" xml:lang="en" xlink:role="http://www.eba.europa.eu/xbrl/role/dpm-db-id">12541</label:label>
    <gen:arc xlink:type="arc" xlink:arcrole="http://xbrl.org/arcrole/2008/element-label" xlink:from="loc_eba_MC17" xlink:to="label_eba_MC17" />
    <link:loc xlink:type="locator" xlink:href="hier.xsd#eba_MC25" xlink:label="loc_eba_MC25" />
    <label:label xlink:type="resource" xlink:label="label_eba_MC25" xml:lang="en" xlink:role="http://www.eba.europa.eu/xbrl/role/dpm-db-id">12548</label:label>
    <gen:arc xlink:type="arc" xlink:arcrole="http://xbrl.org/arcrole/2008/element-label" xlink:from="loc_eba_MC25" xlink:to="label_eba_MC25" />
    <link:loc xlink:type="locator" xlink:href="hier.xsd#eba_MC26" xlink:label="loc_eba_MC26" />
    <label:label xlink:type="resource" xlink:label="label_eba_MC26" xml:lang="en" xlink:role="http://www.eba.europa.eu/xbrl/role/dpm-db-id">12549</label:label>
    <gen:arc xlink:type="arc" xlink:arcrole="http://xbrl.org/arcrole/2008/element-label" xlink:from="loc_eba_MC26" xlink:to="label_eba_MC26" />
    <link:loc xlink:type="locator" xlink:href="hier.xsd#eba_MC50" xlink:label="loc_eba_MC50" />
    <label:label xlink:type="resource" xlink:label="label_eba_MC50" xml:lang="en" xlink:role="http://www.eba.europa.eu/xbrl/role/dpm-db-id">12550</label:label>
    <gen:arc xlink:type="arc" xlink:arcrole="http://xbrl.org/arcrole/2008/element-label" xlink:from="loc_eba_MC50" xlink:to="label_eba_MC50" />
    <link:loc xlink:type="locator" xlink:href="hier.xsd#eba_MC52" xlink:label="loc_eba_MC52" />
    <label:label xlink:type="resource" xlink:label="label_eba_MC52" xml:lang="en" xlink:role="http://www.eba.europa.eu/xbrl/role/dpm-db-id">12551</label:label>
    <gen:arc xlink:type="arc" xlink:arcrole="http://xbrl.org/arcrole/2008/element-label" xlink:from="loc_eba_MC52" xlink:to="label_eba_MC52" />
    <link:loc xlink:type="locator" xlink:href="hier.xsd#eba_MC19" xlink:label="loc_eba_MC19" />
    <label:label xlink:type="resource" xlink:label="label_eba_MC19" xml:lang="en" xlink:role="http://www.eba.europa.eu/xbrl/role/dpm-db-id">12556</label:label>
    <gen:arc xlink:type="arc" xlink:arcrole="http://xbrl.org/arcrole/2008/element-label" xlink:from="loc_eba_MC19" xlink:to="label_eba_MC19" />
    <link:loc xlink:type="locator" xlink:href="hier.xsd#eba_MC105" xlink:label="loc_eba_MC105" />
    <label:label xlink:type="resource" xlink:label="label_eba_MC105" xml:lang="en" xlink:role="http://www.eba.europa.eu/xbrl/role/dpm-db-id">12564</label:label>
    <gen:arc xlink:type="arc" xlink:arcrole="http://xbrl.org/arcrole/2008/element-label" xlink:from="loc_eba_MC105" xlink:to="label_eba_MC105" />
    <link:loc xlink:type="locator" xlink:href="hier.xsd#eba_MC106" xlink:label="loc_eba_MC106" />
    <label:label xlink:type="resource" xlink:label="label_eba_MC106" xml:lang="en" xlink:role="http://www.eba.europa.eu/xbrl/role/dpm-db-id">12574</label:label>
    <gen:arc xlink:type="arc" xlink:arcrole="http://xbrl.org/arcrole/2008/element-label" xlink:from="loc_eba_MC106" xlink:to="label_eba_MC106" />
    <link:loc xlink:type="locator" xlink:href="hier.xsd#eba_MC31" xlink:label="loc_eba_MC31" />
    <label:label xlink:type="resource" xlink:label="label_eba_MC31" xml:lang="en" xlink:role="http://www.eba.europa.eu/xbrl/role/dpm-db-id">12576</label:label>
    <gen:arc xlink:type="arc" xlink:arcrole="http://xbrl.org/arcrole/2008/element-label" xlink:from="loc_eba_MC31" xlink:to="label_eba_MC31" />
    <link:loc xlink:type="locator" xlink:href="hier.xsd#eba_MC136" xlink:label="loc_eba_MC136" />
    <label:label xlink:type="resource" xlink:label="label_eba_MC136" xml:lang="en" xlink:role="http://www.eba.europa.eu/xbrl/role/dpm-db-id">12599</label:label>
    <gen:arc xlink:type="arc" xlink:arcrole="http://xbrl.org/arcrole/2008/element-label" xlink:from="loc_eba_MC136" xlink:to="label_eba_MC136" />
    <link:loc xlink:type="locator" xlink:href="hier.xsd#eba_MC137" xlink:label="loc_eba_MC137" />
    <label:label xlink:type="resource" xlink:label="label_eba_MC137" xml:lang="en" xlink:role="http://www.eba.europa.eu/xbrl/role/dpm-db-id">12600</label:label>
    <gen:arc xlink:type="arc" xlink:arcrole="http://xbrl.org/arcrole/2008/element-label" xlink:from="loc_eba_MC137" xlink:to="label_eba_MC137" />
    <link:loc xlink:type="locator" xlink:href="hier.xsd#eba_MC138" xlink:label="loc_eba_MC138" />
    <label:label xlink:type="resource" xlink:label="label_eba_MC138" xml:lang="en" xlink:role="http://www.eba.europa.eu/xbrl/role/dpm-db-id">12601</label:label>
    <gen:arc xlink:type="arc" xlink:arcrole="http://xbrl.org/arcrole/2008/element-label" xlink:from="loc_eba_MC138" xlink:to="label_eba_MC138" />
    <link:loc xlink:type="locator" xlink:href="hier.xsd#eba_MC139" xlink:label="loc_eba_MC139" />
    <label:label xlink:type="resource" xlink:label="label_eba_MC139" xml:lang="en" xlink:role="http://www.eba.europa.eu/xbrl/role/dpm-db-id">12602</label:label>
    <gen:arc xlink:type="arc" xlink:arcrole="http://xbrl.org/arcrole/2008/element-label" xlink:from="loc_eba_MC139" xlink:to="label_eba_MC139" />
    <link:loc xlink:type="locator" xlink:href="hier.xsd#eba_MC73" xlink:label="loc_eba_MC73" />
    <label:label xlink:type="resource" xlink:label="label_eba_MC73" xml:lang="en" xlink:role="http://www.eba.europa.eu/xbrl/role/dpm-db-id">12646</label:label>
    <gen:arc xlink:type="arc" xlink:arcrole="http://xbrl.org/arcrole/2008/element-label" xlink:from="loc_eba_MC73" xlink:to="label_eba_MC73" />
    <link:loc xlink:type="locator" xlink:href="hier.xsd#eba_MC74" xlink:label="loc_eba_MC74" />
    <label:label xlink:type="resource" xlink:label="label_eba_MC74" xml:lang="en" xlink:role="http://www.eba.europa.eu/xbrl/role/dpm-db-id">12647</label:label>
    <gen:arc xlink:type="arc" xlink:arcrole="http://xbrl.org/arcrole/2008/element-label" xlink:from="loc_eba_MC74" xlink:to="label_eba_MC74" />
    <link:loc xlink:type="locator" xlink:href="hier.xsd#eba_MC26_1" xlink:label="loc_eba_MC26_1." />
    <label:label xlink:type="resource" xlink:label="label_eba_MC26_1." xml:lang="en" xlink:role="http://www.eba.europa.eu/xbrl/role/dpm-db-id">12652</label:label>
    <gen:arc xlink:type="arc" xlink:arcrole="http://xbrl.org/arcrole/2008/element-label" xlink:from="loc_eba_MC26_1." xlink:to="label_eba_MC26_1." />
    <link:loc xlink:type="locator" xlink:href="hier.xsd#eba_MC74_1" xlink:label="loc_eba_MC74_1." />
    <label:label xlink:type="resource" xlink:label="label_eba_MC74_1." xml:lang="en" xlink:role="http://www.eba.europa.eu/xbrl/role/dpm-db-id">12667</label:label>
    <gen:arc xlink:type="arc" xlink:arcrole="http://xbrl.org/arcrole/2008/element-label" xlink:from="loc_eba_MC74_1." xlink:to="label_eba_MC74_1." />
    <link:loc xlink:type="locator" xlink:href="hier.xsd#eba_MC35" xlink:label="loc_eba_MC35" />
    <label:label xlink:type="resource" xlink:label="label_eba_MC35" xml:lang="en" xlink:role="http://www.eba.europa.eu/xbrl/role/dpm-db-id">12668</label:label>
    <gen:arc xlink:type="arc" xlink:arcrole="http://xbrl.org/arcrole/2008/element-label" xlink:from="loc_eba_MC35" xlink:to="label_eba_MC35" />
    <link:loc xlink:type="locator" xlink:href="hier.xsd#eba_MC36" xlink:label="loc_eba_MC36" />
    <label:label xlink:type="resource" xlink:label="label_eba_MC36" xml:lang="en" xlink:role="http://www.eba.europa.eu/xbrl/role/dpm-db-id">12671</label:label>
    <gen:arc xlink:type="arc" xlink:arcrole="http://xbrl.org/arcrole/2008/element-label" xlink:from="loc_eba_MC36" xlink:to="label_eba_MC36" />
  </gen:link>
</link:linkbase>