<ns0:linkbase xmlns:ns0="http://www.xbrl.org/2003/linkbase" xmlns:ns2="http://www.w3.org/1999/xlink" xmlns:ns3="http://xbrl.org/2005/xbrldt" xmlns:xsi="http://www.w3.org/2001/XMLSchema-instance" xsi:schemaLocation="http://www.xbrl.org/2003/linkbase http://www.xbrl.org/2003/xbrl-linkbase-2003-12-31.xsd">
    <ns0:arcroleRef arcroleURI="http://xbrl.org/int/dim/arcrole/dimension-domain" ns2:href="http://www.xbrl.org/2005/xbrldt-2005.xsd#dimension-domain" ns2:type="simple" />
    <ns0:arcroleRef arcroleURI="http://xbrl.org/int/dim/arcrole/dimension-default" ns2:href="http://www.xbrl.org/2005/xbrldt-2005.xsd#dimension-default" ns2:type="simple" />
    <ns0:arcroleRef arcroleURI="http://xbrl.org/int/dim/arcrole/hypercube-dimension" ns2:href="http://www.xbrl.org/2005/xbrldt-2005.xsd#hypercube-dimension" ns2:type="simple" />
    <ns0:roleRef roleURI="http://ferc.gov/form/2020-01-01/roles/Schedule/F1/ScheduleHydroelectricGeneratingPlantStatistics" ns2:href="form-1-sched-ScheduleHydroelectricGeneratingPlantStatistics_2020-01-01.xsd#roleType_ScheduleHydroelectricGeneratingPlantStatistics" ns2:type="simple" />
    <ns0:arcroleRef arcroleURI="http://xbrl.org/int/dim/arcrole/all" ns2:href="http://www.xbrl.org/2005/xbrldt-2005.xsd#all" ns2:type="simple" />
    <ns0:arcroleRef arcroleURI="http://xbrl.org/int/dim/arcrole/domain-member" ns2:href="http://www.xbrl.org/2005/xbrldt-2005.xsd#domain-member" ns2:type="simple" />
    <ns0:definitionLink ns2:role="http://ferc.gov/form/2020-01-01/roles/Schedule/F1/ScheduleHydroelectricGeneratingPlantStatistics" ns2:type="extended">
        <ns0:loc ns2:href="../../ferc-core_2020-01-01.xsd#ferc_ScheduleHydroelectricGeneratingPlantStatisticsAbstract" ns2:label="ferc_ScheduleHydroelectricGeneratingPlantStatisticsAbstract" ns2:type="locator" />
        <ns0:loc ns2:href="../../ferc-core_2020-01-01.xsd#ferc_HydroelectricGeneratingPlantStatisticsLineItems" ns2:label="ferc_HydroelectricGeneratingPlantStatisticsLineItems" ns2:type="locator" />
        <ns0:definitionArc order="1" ns2:arcrole="http://xbrl.org/int/dim/arcrole/domain-member" ns2:from="ferc_ScheduleHydroelectricGeneratingPlantStatisticsAbstract" ns2:to="ferc_HydroelectricGeneratingPlantStatisticsLineItems" ns2:type="arc" />
        <ns0:loc ns2:href="../../ferc-core_2020-01-01.xsd#ferc_HydroelectricGeneratingPlantStatisticsTable" ns2:label="ferc_HydroelectricGeneratingPlantStatisticsTable" ns2:type="locator" />
        <ns0:definitionArc order="1" ns2:arcrole="http://xbrl.org/int/dim/arcrole/all" ns2:from="ferc_HydroelectricGeneratingPlantStatisticsLineItems" ns2:to="ferc_HydroelectricGeneratingPlantStatisticsTable" ns2:type="arc" ns3:closed="true" ns3:contextElement="segment" />
        <ns0:loc ns2:href="../../ferc-core_2020-01-01.xsd#ferc_LicensedProjectNumberAndHydroelectricPlantNameAxis" ns2:label="ferc_LicensedProjectNumberAndHydroelectricPlantNameAxis" ns2:type="locator" />
        <ns0:definitionArc order="1" ns2:arcrole="http://xbrl.org/int/dim/arcrole/hypercube-dimension" ns2:from="ferc_HydroelectricGeneratingPlantStatisticsTable" ns2:to="ferc_LicensedProjectNumberAndHydroelectricPlantNameAxis" ns2:type="arc" />
        <ns0:loc ns2:href="../../ferc-core_2020-01-01.xsd#ferc_OrderNumber" ns2:label="ferc_OrderNumber" ns2:type="locator" />
        <ns0:definitionArc order="2" ns2:arcrole="http://xbrl.org/int/dim/arcrole/domain-member" ns2:from="ferc_HydroelectricGeneratingPlantStatisticsLineItems" ns2:to="ferc_OrderNumber" ns2:type="arc" />
        <ns0:loc ns2:href="../../ferc-core_2020-01-01.xsd#ferc_LicensedProjectNumber" ns2:label="ferc_LicensedProjectNumber" ns2:type="locator" />
        <ns0:definitionArc order="3" ns2:arcrole="http://xbrl.org/int/dim/arcrole/domain-member" ns2:from="ferc_HydroelectricGeneratingPlantStatisticsLineItems" ns2:to="ferc_LicensedProjectNumber" ns2:type="arc" />
        <ns0:loc ns2:href="../../ferc-core_2020-01-01.xsd#ferc_PlantName" ns2:label="ferc_PlantName" ns2:type="locator" />
        <ns0:definitionArc order="4" ns2:arcrole="http://xbrl.org/int/dim/arcrole/domain-member" ns2:from="ferc_HydroelectricGeneratingPlantStatisticsLineItems" ns2:to="ferc_PlantName" ns2:type="arc" />
        <ns0:loc ns2:href="../../ferc-core_2020-01-01.xsd#ferc_PlantKind" ns2:label="ferc_PlantKind" ns2:type="locator" />
        <ns0:definitionArc order="5" ns2:arcrole="http://xbrl.org/int/dim/arcrole/domain-member" ns2:from="ferc_HydroelectricGeneratingPlantStatisticsLineItems" ns2:to="ferc_PlantKind" ns2:type="arc" />
        <ns0:loc ns2:href="../../ferc-core_2020-01-01.xsd#ferc_PlantConstructionType" ns2:label="ferc_PlantConstructionType" ns2:type="locator" />
        <ns0:definitionArc order="6" ns2:arcrole="http://xbrl.org/int/dim/arcrole/domain-member" ns2:from="ferc_HydroelectricGeneratingPlantStatisticsLineItems" ns2:to="ferc_PlantConstructionType" ns2:type="arc" />
        <ns0:loc ns2:href="../../ferc-core_2020-01-01.xsd#ferc_YearPlantOriginallyConstructed" ns2:label="ferc_YearPlantOriginallyConstructed" ns2:type="locator" />
        <ns0:definitionArc order="7" ns2:arcrole="http://xbrl.org/int/dim/arcrole/domain-member" ns2:from="ferc_HydroelectricGeneratingPlantStatisticsLineItems" ns2:to="ferc_YearPlantOriginallyConstructed" ns2:type="arc" />
        <ns0:loc ns2:href="../../ferc-core_2020-01-01.xsd#ferc_YearLastUnitOfPlantInstalled" ns2:label="ferc_YearLastUnitOfPlantInstalled" ns2:type="locator" />
        <ns0:definitionArc order="8" ns2:arcrole="http://xbrl.org/int/dim/arcrole/domain-member" ns2:from="ferc_HydroelectricGeneratingPlantStatisticsLineItems" ns2:to="ferc_YearLastUnitOfPlantInstalled" ns2:type="arc" />
        <ns0:loc ns2:href="../../ferc-core_2020-01-01.xsd#ferc_InstalledCapacityOfPlant" ns2:label="ferc_InstalledCapacityOfPlant" ns2:type="locator" />
        <ns0:definitionArc order="9" ns2:arcrole="http://xbrl.org/int/dim/arcrole/domain-member" ns2:from="ferc_HydroelectricGeneratingPlantStatisticsLineItems" ns2:to="ferc_InstalledCapacityOfPlant" ns2:type="arc" />
        <ns0:loc ns2:href="../../ferc-core_2020-01-01.xsd#ferc_NetPeakDemandOnPlant" ns2:label="ferc_NetPeakDemandOnPlant" ns2:type="locator" />
        <ns0:definitionArc order="10" ns2:arcrole="http://xbrl.org/int/dim/arcrole/domain-member" ns2:from="ferc_HydroelectricGeneratingPlantStatisticsLineItems" ns2:to="ferc_NetPeakDemandOnPlant" ns2:type="arc" />
        <ns0:loc ns2:href="../../ferc-core_2020-01-01.xsd#ferc_PlantHoursConnectedToLoad" ns2:label="ferc_PlantHoursConnectedToLoad" ns2:type="locator" />
        <ns0:definitionArc order="11" ns2:arcrole="http://xbrl.org/int/dim/arcrole/domain-member" ns2:from="ferc_HydroelectricGeneratingPlantStatisticsLineItems" ns2:to="ferc_PlantHoursConnectedToLoad" ns2:type="arc" />
        <ns0:loc ns2:href="../../ferc-core_2020-01-01.xsd#ferc_NetPlantCapabilityAbstract" ns2:label="ferc_NetPlantCapabilityAbstract" ns2:type="locator" />
        <ns0:definitionArc order="12" ns2:arcrole="http://xbrl.org/int/dim/arcrole/domain-member" ns2:from="ferc_HydroelectricGeneratingPlantStatisticsLineItems" ns2:to="ferc_NetPlantCapabilityAbstract" ns2:type="arc" />
        <ns0:loc ns2:href="../../ferc-core_2020-01-01.xsd#ferc_NetPlantCapabilityUnderMostFavorableOperatingConditions" ns2:label="ferc_NetPlantCapabilityUnderMostFavorableOperatingConditions" ns2:type="locator" />
        <ns0:definitionArc order="1" ns2:arcrole="http://xbrl.org/int/dim/arcrole/domain-member" ns2:from="ferc_NetPlantCapabilityAbstract" ns2:to="ferc_NetPlantCapabilityUnderMostFavorableOperatingConditions" ns2:type="arc" />
        <ns0:loc ns2:href="../../ferc-core_2020-01-01.xsd#ferc_NetPlantCapabilityUnderMostAdverseOperatingConditions" ns2:label="ferc_NetPlantCapabilityUnderMostAdverseOperatingConditions" ns2:type="locator" />
        <ns0:definitionArc order="2" ns2:arcrole="http://xbrl.org/int/dim/arcrole/domain-member" ns2:from="ferc_NetPlantCapabilityAbstract" ns2:to="ferc_NetPlantCapabilityUnderMostAdverseOperatingConditions" ns2:type="arc" />
        <ns0:loc ns2:href="../../ferc-core_2020-01-01.xsd#ferc_PlantAverageNumberOfEmployees" ns2:label="ferc_PlantAverageNumberOfEmployees" ns2:type="locator" />
        <ns0:definitionArc order="3" ns2:arcrole="http://xbrl.org/int/dim/arcrole/domain-member" ns2:from="ferc_NetPlantCapabilityAbstract" ns2:to="ferc_PlantAverageNumberOfEmployees" ns2:type="arc" />
        <ns0:loc ns2:href="../../ferc-core_2020-01-01.xsd#ferc_NetGenerationExcludingPlantUse" ns2:label="ferc_NetGenerationExcludingPlantUse" ns2:type="locator" />
        <ns0:definitionArc order="4" ns2:arcrole="http://xbrl.org/int/dim/arcrole/domain-member" ns2:from="ferc_NetPlantCapabilityAbstract" ns2:to="ferc_NetGenerationExcludingPlantUse" ns2:type="arc" />
        <ns0:loc ns2:href="../../ferc-core_2020-01-01.xsd#ferc_CostOfPlantAbstract" ns2:label="ferc_CostOfPlantAbstract" ns2:type="locator" />
        <ns0:definitionArc order="13" ns2:arcrole="http://xbrl.org/int/dim/arcrole/domain-member" ns2:from="ferc_HydroelectricGeneratingPlantStatisticsLineItems" ns2:to="ferc_CostOfPlantAbstract" ns2:type="arc" />
        <ns0:loc ns2:href="../../ferc-core_2020-01-01.xsd#ferc_CostOfLandAndLandRightsHydroelectricProduction" ns2:label="ferc_CostOfLandAndLandRightsHydroelectricProduction" ns2:type="locator" />
        <ns0:definitionArc order="1" ns2:arcrole="http://xbrl.org/int/dim/arcrole/domain-member" ns2:from="ferc_CostOfPlantAbstract" ns2:to="ferc_CostOfLandAndLandRightsHydroelectricProduction" ns2:type="arc" />
        <ns0:loc ns2:href="../../ferc-core_2020-01-01.xsd#ferc_CostOfStructuresAndImprovementsHydroelectricProduction" ns2:label="ferc_CostOfStructuresAndImprovementsHydroelectricProduction" ns2:type="locator" />
        <ns0:definitionArc order="2" ns2:arcrole="http://xbrl.org/int/dim/arcrole/domain-member" ns2:from="ferc_CostOfPlantAbstract" ns2:to="ferc_CostOfStructuresAndImprovementsHydroelectricProduction" ns2:type="arc" />
        <ns0:loc ns2:href="../../ferc-core_2020-01-01.xsd#ferc_CostOfReservoirsDamsAndWaterwaysHydroelectricProduction" ns2:label="ferc_CostOfReservoirsDamsAndWaterwaysHydroelectricProduction" ns2:type="locator" />
        <ns0:definitionArc order="3" ns2:arcrole="http://xbrl.org/int/dim/arcrole/domain-member" ns2:from="ferc_CostOfPlantAbstract" ns2:to="ferc_CostOfReservoirsDamsAndWaterwaysHydroelectricProduction" ns2:type="arc" />
        <ns0:loc ns2:href="../../ferc-core_2020-01-01.xsd#ferc_EquipmentCostsHydroelectricProduction" ns2:label="ferc_EquipmentCostsHydroelectricProduction" ns2:type="locator" />
        <ns0:definitionArc order="4" ns2:arcrole="http://xbrl.org/int/dim/arcrole/domain-member" ns2:from="ferc_CostOfPlantAbstract" ns2:to="ferc_EquipmentCostsHydroelectricProduction" ns2:type="arc" />
        <ns0:loc ns2:href="../../ferc-core_2020-01-01.xsd#ferc_CostOfRoadsRailroadsAndBridgesHydroelectricProduction" ns2:label="ferc_CostOfRoadsRailroadsAndBridgesHydroelectricProduction" ns2:type="locator" />
        <ns0:definitionArc order="5" ns2:arcrole="http://xbrl.org/int/dim/arcrole/domain-member" ns2:from="ferc_CostOfPlantAbstract" ns2:to="ferc_CostOfRoadsRailroadsAndBridgesHydroelectricProduction" ns2:type="arc" />
        <ns0:loc ns2:href="../../ferc-core_2020-01-01.xsd#ferc_AssetRetirementCostsHydroelectricProduction" ns2:label="ferc_AssetRetirementCostsHydroelectricProduction" ns2:type="locator" />
        <ns0:definitionArc order="6" ns2:arcrole="http://xbrl.org/int/dim/arcrole/domain-member" ns2:from="ferc_CostOfPlantAbstract" ns2:to="ferc_AssetRetirementCostsHydroelectricProduction" ns2:type="arc" />
        <ns0:loc ns2:href="../../ferc-core_2020-01-01.xsd#ferc_CostOfPlant" ns2:label="ferc_CostOfPlant" ns2:type="locator" />
        <ns0:definitionArc order="7" ns2:arcrole="http://xbrl.org/int/dim/arcrole/domain-member" ns2:from="ferc_CostOfPlantAbstract" ns2:to="ferc_CostOfPlant" ns2:type="arc" />
        <ns0:loc ns2:href="../../ferc-core_2020-01-01.xsd#ferc_CostPerKilowattOfInstalledCapacity" ns2:label="ferc_CostPerKilowattOfInstalledCapacity" ns2:type="locator" />
        <ns0:definitionArc order="8" ns2:arcrole="http://xbrl.org/int/dim/arcrole/domain-member" ns2:from="ferc_CostOfPlantAbstract" ns2:to="ferc_CostPerKilowattOfInstalledCapacity" ns2:type="arc" />
        <ns0:loc ns2:href="../../ferc-core_2020-01-01.xsd#ferc_ProductionExpensesAbstract" ns2:label="ferc_ProductionExpensesAbstract" ns2:type="locator" />
        <ns0:definitionArc order="14" ns2:arcrole="http://xbrl.org/int/dim/arcrole/domain-member" ns2:from="ferc_HydroelectricGeneratingPlantStatisticsLineItems" ns2:to="ferc_ProductionExpensesAbstract" ns2:type="arc" />
        <ns0:loc ns2:href="../../ferc-core_2020-01-01.xsd#ferc_OperationSupervisionAndEngineeringExpense" ns2:label="ferc_OperationSupervisionAndEngineeringExpense" ns2:type="locator" />
        <ns0:definitionArc order="1" ns2:arcrole="http://xbrl.org/int/dim/arcrole/domain-member" ns2:from="ferc_ProductionExpensesAbstract" ns2:to="ferc_OperationSupervisionAndEngineeringExpense" ns2:type="arc" />
        <ns0:loc ns2:href="../../ferc-core_2020-01-01.xsd#ferc_WaterForPower" ns2:label="ferc_WaterForPower" ns2:type="locator" />
        <ns0:definitionArc order="2" ns2:arcrole="http://xbrl.org/int/dim/arcrole/domain-member" ns2:from="ferc_ProductionExpensesAbstract" ns2:to="ferc_WaterForPower" ns2:type="arc" />
        <ns0:loc ns2:href="../../ferc-core_2020-01-01.xsd#ferc_HydraulicExpenses" ns2:label="ferc_HydraulicExpenses" ns2:type="locator" />
        <ns0:definitionArc order="3" ns2:arcrole="http://xbrl.org/int/dim/arcrole/domain-member" ns2:from="ferc_ProductionExpensesAbstract" ns2:to="ferc_HydraulicExpenses" ns2:type="arc" />
        <ns0:loc ns2:href="../../ferc-core_2020-01-01.xsd#ferc_ElectricExpensesHydraulicPowerGeneration" ns2:label="ferc_ElectricExpensesHydraulicPowerGeneration" ns2:type="locator" />
        <ns0:definitionArc order="4" ns2:arcrole="http://xbrl.org/int/dim/arcrole/domain-member" ns2:from="ferc_ProductionExpensesAbstract" ns2:to="ferc_ElectricExpensesHydraulicPowerGeneration" ns2:type="arc" />
        <ns0:loc ns2:href="../../ferc-core_2020-01-01.xsd#ferc_MiscellaneousHydraulicPowerGenerationExpenses" ns2:label="ferc_MiscellaneousHydraulicPowerGenerationExpenses" ns2:type="locator" />
        <ns0:definitionArc order="5" ns2:arcrole="http://xbrl.org/int/dim/arcrole/domain-member" ns2:from="ferc_ProductionExpensesAbstract" ns2:to="ferc_MiscellaneousHydraulicPowerGenerationExpenses" ns2:type="arc" />
        <ns0:loc ns2:href="../../ferc-core_2020-01-01.xsd#ferc_RentsHydraulicPowerGeneration" ns2:label="ferc_RentsHydraulicPowerGeneration" ns2:type="locator" />
        <ns0:definitionArc order="6" ns2:arcrole="http://xbrl.org/int/dim/arcrole/domain-member" ns2:from="ferc_ProductionExpensesAbstract" ns2:to="ferc_RentsHydraulicPowerGeneration" ns2:type="arc" />
        <ns0:loc ns2:href="../../ferc-core_2020-01-01.xsd#ferc_MaintenanceSupervisionAndEngineeringHydraulicPowerGeneration" ns2:label="ferc_MaintenanceSupervisionAndEngineeringHydraulicPowerGeneration" ns2:type="locator" />
        <ns0:definitionArc order="7" ns2:arcrole="http://xbrl.org/int/dim/arcrole/domain-member" ns2:from="ferc_ProductionExpensesAbstract" ns2:to="ferc_MaintenanceSupervisionAndEngineeringHydraulicPowerGeneration" ns2:type="arc" />
        <ns0:loc ns2:href="../../ferc-core_2020-01-01.xsd#ferc_MaintenanceOfStructuresHydraulicPowerGeneration" ns2:label="ferc_MaintenanceOfStructuresHydraulicPowerGeneration" ns2:type="locator" />
        <ns0:definitionArc order="8" ns2:arcrole="http://xbrl.org/int/dim/arcrole/domain-member" ns2:from="ferc_ProductionExpensesAbstract" ns2:to="ferc_MaintenanceOfStructuresHydraulicPowerGeneration" ns2:type="arc" />
        <ns0:loc ns2:href="../../ferc-core_2020-01-01.xsd#ferc_MaintenanceOfReservoirsDamsAndWaterways" ns2:label="ferc_MaintenanceOfReservoirsDamsAndWaterways" ns2:type="locator" />
        <ns0:definitionArc order="9" ns2:arcrole="http://xbrl.org/int/dim/arcrole/domain-member" ns2:from="ferc_ProductionExpensesAbstract" ns2:to="ferc_MaintenanceOfReservoirsDamsAndWaterways" ns2:type="arc" />
        <ns0:loc ns2:href="../../ferc-core_2020-01-01.xsd#ferc_MaintenanceOfElectricPlantHydraulicPowerGeneration" ns2:label="ferc_MaintenanceOfElectricPlantHydraulicPowerGeneration" ns2:type="locator" />
        <ns0:definitionArc order="10" ns2:arcrole="http://xbrl.org/int/dim/arcrole/domain-member" ns2:from="ferc_ProductionExpensesAbstract" ns2:to="ferc_MaintenanceOfElectricPlantHydraulicPowerGeneration" ns2:type="arc" />
        <ns0:loc ns2:href="../../ferc-core_2020-01-01.xsd#ferc_MaintenanceOfMiscellaneousHydraulicPlant" ns2:label="ferc_MaintenanceOfMiscellaneousHydraulicPlant" ns2:type="locator" />
        <ns0:definitionArc order="11" ns2:arcrole="http://xbrl.org/int/dim/arcrole/domain-member" ns2:from="ferc_ProductionExpensesAbstract" ns2:to="ferc_MaintenanceOfMiscellaneousHydraulicPlant" ns2:type="arc" />
        <ns0:loc ns2:href="../../ferc-core_2020-01-01.xsd#ferc_PowerProductionExpensesHydraulicPower" ns2:label="ferc_PowerProductionExpensesHydraulicPower" ns2:type="locator" />
        <ns0:definitionArc order="15" ns2:arcrole="http://xbrl.org/int/dim/arcrole/domain-member" ns2:from="ferc_HydroelectricGeneratingPlantStatisticsLineItems" ns2:to="ferc_PowerProductionExpensesHydraulicPower" ns2:type="arc" />
        <ns0:loc ns2:href="../../ferc-core_2020-01-01.xsd#ferc_ExpensesPerNetKilowattHour" ns2:label="ferc_ExpensesPerNetKilowattHour" ns2:type="locator" />
        <ns0:definitionArc order="16" ns2:arcrole="http://xbrl.org/int/dim/arcrole/domain-member" ns2:from="ferc_HydroelectricGeneratingPlantStatisticsLineItems" ns2:to="ferc_ExpensesPerNetKilowattHour" ns2:type="arc" />
    </ns0:definitionLink>
    <ns0:definitionLink ns2:role="http://ferc.gov/form/2020-01-01/roles/Schedule/F1/ScheduleHydroelectricGeneratingPlantStatistics" ns2:type="extended" />
</ns0:linkbase>