<ns0:linkbase xmlns:ns0="http://www.xbrl.org/2003/linkbase" xmlns:ns2="http://www.w3.org/1999/xlink" xmlns:xsi="http://www.w3.org/2001/XMLSchema-instance" xsi:schemaLocation="http://www.xbrl.org/2003/linkbase http://www.xbrl.org/2003/xbrl-linkbase-2003-12-31.xsd">
    <ns0:roleRef roleURI="http://ferc.gov/form/2020-01-01/roles/Schedule/F1/ScheduleHydroelectricGeneratingPlantStatistics" ns2:href="form-1-sched-ScheduleHydroelectricGeneratingPlantStatistics_2020-01-01.xsd#roleType_ScheduleHydroelectricGeneratingPlantStatistics" ns2:type="simple" />
    <ns0:calculationLink ns2:role="http://ferc.gov/form/2020-01-01/roles/Schedule/F1/ScheduleHydroelectricGeneratingPlantStatistics" ns2:type="extended">
        <ns0:loc ns2:href="../../ferc-core_2020-01-01.xsd#ferc_CostOfPlant" ns2:label="ferc_CostOfPlant" ns2:type="locator" />
        <ns0:loc ns2:href="../../ferc-core_2020-01-01.xsd#ferc_CostOfLandAndLandRightsHydroelectricProduction" ns2:label="ferc_CostOfLandAndLandRightsHydroelectricProduction" ns2:type="locator" />
        <ns0:calculationArc order="1" weight="1" ns2:arcrole="http://www.xbrl.org/2003/arcrole/summation-item" ns2:from="ferc_CostOfPlant" ns2:to="ferc_CostOfLandAndLandRightsHydroelectricProduction" ns2:type="arc" />
        <ns0:loc ns2:href="../../ferc-core_2020-01-01.xsd#ferc_CostOfStructuresAndImprovementsHydroelectricProduction" ns2:label="ferc_CostOfStructuresAndImprovementsHydroelectricProduction" ns2:type="locator" />
        <ns0:calculationArc order="1" weight="1" ns2:arcrole="http://www.xbrl.org/2003/arcrole/summation-item" ns2:from="ferc_CostOfPlant" ns2:to="ferc_CostOfStructuresAndImprovementsHydroelectricProduction" ns2:type="arc" />
        <ns0:loc ns2:href="../../ferc-core_2020-01-01.xsd#ferc_CostOfReservoirsDamsAndWaterwaysHydroelectricProduction" ns2:label="ferc_CostOfReservoirsDamsAndWaterwaysHydroelectricProduction" ns2:type="locator" />
        <ns0:calculationArc order="1" weight="1" ns2:arcrole="http://www.xbrl.org/2003/arcrole/summation-item" ns2:from="ferc_CostOfPlant" ns2:to="ferc_CostOfReservoirsDamsAndWaterwaysHydroelectricProduction" ns2:type="arc" />
        <ns0:loc ns2:href="../../ferc-core_2020-01-01.xsd#ferc_EquipmentCostsHydroelectricProduction" ns2:label="ferc_EquipmentCostsHydroelectricProduction" ns2:type="locator" />
        <ns0:calculationArc order="1" weight="1" ns2:arcrole="http://www.xbrl.org/2003/arcrole/summation-item" ns2:from="ferc_CostOfPlant" ns2:to="ferc_EquipmentCostsHydroelectricProduction" ns2:type="arc" />
        <ns0:loc ns2:href="../../ferc-core_2020-01-01.xsd#ferc_CostOfRoadsRailroadsAndBridgesHydroelectricProduction" ns2:label="ferc_CostOfRoadsRailroadsAndBridgesHydroelectricProduction" ns2:type="locator" />
        <ns0:calculationArc order="1" weight="1" ns2:arcrole="http://www.xbrl.org/2003/arcrole/summation-item" ns2:from="ferc_CostOfPlant" ns2:to="ferc_CostOfRoadsRailroadsAndBridgesHydroelectricProduction" ns2:type="arc" />
        <ns0:loc ns2:href="../../ferc-core_2020-01-01.xsd#ferc_AssetRetirementCostsHydroelectricProduction" ns2:label="ferc_AssetRetirementCostsHydroelectricProduction" ns2:type="locator" />
        <ns0:calculationArc order="1" weight="1" ns2:arcrole="http://www.xbrl.org/2003/arcrole/summation-item" ns2:from="ferc_CostOfPlant" ns2:to="ferc_AssetRetirementCostsHydroelectricProduction" ns2:type="arc" />
        <ns0:loc ns2:href="../../ferc-core_2020-01-01.xsd#ferc_PowerProductionExpensesHydraulicPower" ns2:label="ferc_PowerProductionExpensesHydraulicPower" ns2:type="locator" />
        <ns0:loc ns2:href="../../ferc-core_2020-01-01.xsd#ferc_OperationSupervisionAndEngineeringExpense" ns2:label="ferc_OperationSupervisionAndEngineeringExpense" ns2:type="locator" />
        <ns0:calculationArc order="1" weight="1" ns2:arcrole="http://www.xbrl.org/2003/arcrole/summation-item" ns2:from="ferc_PowerProductionExpensesHydraulicPower" ns2:to="ferc_OperationSupervisionAndEngineeringExpense" ns2:type="arc" />
        <ns0:loc ns2:href="../../ferc-core_2020-01-01.xsd#ferc_WaterForPower" ns2:label="ferc_WaterForPower" ns2:type="locator" />
        <ns0:calculationArc order="1" weight="1" ns2:arcrole="http://www.xbrl.org/2003/arcrole/summation-item" ns2:from="ferc_PowerProductionExpensesHydraulicPower" ns2:to="ferc_WaterForPower" ns2:type="arc" />
        <ns0:loc ns2:href="../../ferc-core_2020-01-01.xsd#ferc_HydraulicExpenses" ns2:label="ferc_HydraulicExpenses" ns2:type="locator" />
        <ns0:calculationArc order="1" weight="1" ns2:arcrole="http://www.xbrl.org/2003/arcrole/summation-item" ns2:from="ferc_PowerProductionExpensesHydraulicPower" ns2:to="ferc_HydraulicExpenses" ns2:type="arc" />
        <ns0:loc ns2:href="../../ferc-core_2020-01-01.xsd#ferc_ElectricExpensesHydraulicPowerGeneration" ns2:label="ferc_ElectricExpensesHydraulicPowerGeneration" ns2:type="locator" />
        <ns0:calculationArc order="1" weight="1" ns2:arcrole="http://www.xbrl.org/2003/arcrole/summation-item" ns2:from="ferc_PowerProductionExpensesHydraulicPower" ns2:to="ferc_ElectricExpensesHydraulicPowerGeneration" ns2:type="arc" />
        <ns0:loc ns2:href="../../ferc-core_2020-01-01.xsd#ferc_MiscellaneousHydraulicPowerGenerationExpenses" ns2:label="ferc_MiscellaneousHydraulicPowerGenerationExpenses" ns2:type="locator" />
        <ns0:calculationArc order="1" weight="1" ns2:arcrole="http://www.xbrl.org/2003/arcrole/summation-item" ns2:from="ferc_PowerProductionExpensesHydraulicPower" ns2:to="ferc_MiscellaneousHydraulicPowerGenerationExpenses" ns2:type="arc" />
        <ns0:loc ns2:href="../../ferc-core_2020-01-01.xsd#ferc_RentsHydraulicPowerGeneration" ns2:label="ferc_RentsHydraulicPowerGeneration" ns2:type="locator" />
        <ns0:calculationArc order="1" weight="1" ns2:arcrole="http://www.xbrl.org/2003/arcrole/summation-item" ns2:from="ferc_PowerProductionExpensesHydraulicPower" ns2:to="ferc_RentsHydraulicPowerGeneration" ns2:type="arc" />
        <ns0:loc ns2:href="../../ferc-core_2020-01-01.xsd#ferc_MaintenanceSupervisionAndEngineeringHydraulicPowerGeneration" ns2:label="ferc_MaintenanceSupervisionAndEngineeringHydraulicPowerGeneration" ns2:type="locator" />
        <ns0:calculationArc order="1" weight="1" ns2:arcrole="http://www.xbrl.org/2003/arcrole/summation-item" ns2:from="ferc_PowerProductionExpensesHydraulicPower" ns2:to="ferc_MaintenanceSupervisionAndEngineeringHydraulicPowerGeneration" ns2:type="arc" />
        <ns0:loc ns2:href="../../ferc-core_2020-01-01.xsd#ferc_MaintenanceOfStructuresHydraulicPowerGeneration" ns2:label="ferc_MaintenanceOfStructuresHydraulicPowerGeneration" ns2:type="locator" />
        <ns0:calculationArc order="1" weight="1" ns2:arcrole="http://www.xbrl.org/2003/arcrole/summation-item" ns2:from="ferc_PowerProductionExpensesHydraulicPower" ns2:to="ferc_MaintenanceOfStructuresHydraulicPowerGeneration" ns2:type="arc" />
        <ns0:loc ns2:href="../../ferc-core_2020-01-01.xsd#ferc_MaintenanceOfReservoirsDamsAndWaterways" ns2:label="ferc_MaintenanceOfReservoirsDamsAndWaterways" ns2:type="locator" />
        <ns0:calculationArc order="1" weight="1" ns2:arcrole="http://www.xbrl.org/2003/arcrole/summation-item" ns2:from="ferc_PowerProductionExpensesHydraulicPower" ns2:to="ferc_MaintenanceOfReservoirsDamsAndWaterways" ns2:type="arc" />
        <ns0:loc ns2:href="../../ferc-core_2020-01-01.xsd#ferc_MaintenanceOfElectricPlantHydraulicPowerGeneration" ns2:label="ferc_MaintenanceOfElectricPlantHydraulicPowerGeneration" ns2:type="locator" />
        <ns0:calculationArc order="1" weight="1" ns2:arcrole="http://www.xbrl.org/2003/arcrole/summation-item" ns2:from="ferc_PowerProductionExpensesHydraulicPower" ns2:to="ferc_MaintenanceOfElectricPlantHydraulicPowerGeneration" ns2:type="arc" />
        <ns0:loc ns2:href="../../ferc-core_2020-01-01.xsd#ferc_MaintenanceOfMiscellaneousHydraulicPlant" ns2:label="ferc_MaintenanceOfMiscellaneousHydraulicPlant" ns2:type="locator" />
        <ns0:calculationArc order="1" weight="1" ns2:arcrole="http://www.xbrl.org/2003/arcrole/summation-item" ns2:from="ferc_PowerProductionExpensesHydraulicPower" ns2:to="ferc_MaintenanceOfMiscellaneousHydraulicPlant" ns2:type="arc" />
    </ns0:calculationLink>
</ns0:linkbase>