<ns0:linkbase xmlns:ns0="http://www.xbrl.org/2003/linkbase" xmlns:ns2="http://www.w3.org/1999/xlink" xmlns:xsi="http://www.w3.org/2001/XMLSchema-instance" xsi:schemaLocation="http://www.xbrl.org/2003/linkbase http://www.xbrl.org/2003/xbrl-linkbase-2003-12-31.xsd">
    <ns0:roleRef roleURI="http://ferc.gov/form/2020-01-01/roles/Schedule/F1F/NotesToFinancialStatements" ns2:href="form-1F-sched-NotesToFinancialStatements_2020-01-01.xsd#roleType_NotesToFinancialStatements" ns2:type="simple" />
    <ns0:roleRef roleURI="http://ferc.gov/form/2020-01-01/roles/label/F1FNotestoFinancialStatements" ns2:href="../../ferc-core-lab-roles_2020-01-01.xsd#F1FNotestoFinancialStatements" ns2:type="simple" />
    <ns0:presentationLink ns2:role="http://ferc.gov/form/2020-01-01/roles/Schedule/F1F/NotesToFinancialStatements" ns2:type="extended">
        <ns0:loc ns2:href="../../ferc-core_2020-01-01.xsd#ferc_ScheduleNotesToFinancialStatementsAbstract" ns2:label="ferc_ScheduleNotesToFinancialStatementsAbstract" ns2:type="locator" />
        <ns0:loc ns2:href="../../ferc-core_2020-01-01.xsd#ferc_NotesToFinancialStatementsTextBlock" ns2:label="ferc_NotesToFinancialStatementsTextBlock" ns2:type="locator" />
        <ns0:presentationArc order="1" preferredLabel="http://ferc.gov/form/2020-01-01/roles/label/F1FNotestoFinancialStatements" ns2:arcrole="http://www.xbrl.org/2003/arcrole/parent-child" ns2:from="ferc_ScheduleNotesToFinancialStatementsAbstract" ns2:to="ferc_NotesToFinancialStatementsTextBlock" ns2:type="arc" />
        <ns0:loc ns2:href="../../ferc-core_2020-01-01.xsd#ferc_DisclosureOfImportantDisclosuresRegardingTheFinancialStatementsTextBlock" ns2:label="ferc_DisclosureOfImportantDisclosuresRegardingTheFinancialStatementsTextBlock" ns2:type="locator" />
        <ns0:presentationArc order="1" ns2:arcrole="http://www.xbrl.org/2003/arcrole/parent-child" ns2:from="ferc_NotesToFinancialStatementsTextBlock" ns2:to="ferc_DisclosureOfImportantDisclosuresRegardingTheFinancialStatementsTextBlock" ns2:type="arc" />
        <ns0:loc ns2:href="../../ferc-core_2020-01-01.xsd#ferc_DisclosureOfSignificantContingentAssetsOrLiabilitiesTextBlock" ns2:label="ferc_DisclosureOfSignificantContingentAssetsOrLiabilitiesTextBlock" ns2:type="locator" />
        <ns0:presentationArc order="2" ns2:arcrole="http://www.xbrl.org/2003/arcrole/parent-child" ns2:from="ferc_NotesToFinancialStatementsTextBlock" ns2:to="ferc_DisclosureOfSignificantContingentAssetsOrLiabilitiesTextBlock" ns2:type="arc" />
        <ns0:loc ns2:href="../../ferc-core_2020-01-01.xsd#ferc_DisclosureOfAmountsRelatedToUtilityPlantAdjustmentsTextBlock" ns2:label="ferc_DisclosureOfAmountsRelatedToUtilityPlantAdjustmentsTextBlock" ns2:type="locator" />
        <ns0:presentationArc order="3" ns2:arcrole="http://www.xbrl.org/2003/arcrole/parent-child" ns2:from="ferc_NotesToFinancialStatementsTextBlock" ns2:to="ferc_DisclosureOfAmountsRelatedToUtilityPlantAdjustmentsTextBlock" ns2:type="arc" />
        <ns0:loc ns2:href="../../ferc-core_2020-01-01.xsd#ferc_DisclosureOfRateTreatmentWhereUnamortizedLossOnReacquiredDebtAndUnamortizedGainOnReacquiredDebtAccountsAreNotUsedTextBlock" ns2:label="ferc_DisclosureOfRateTreatmentWhereUnamortizedLossOnReacquiredDebtAndUnamortizedGainOnReacquiredDebtAccountsAreNotUsedTextBlock" ns2:type="locator" />
        <ns0:presentationArc order="4" ns2:arcrole="http://www.xbrl.org/2003/arcrole/parent-child" ns2:from="ferc_NotesToFinancialStatementsTextBlock" ns2:to="ferc_DisclosureOfRateTreatmentWhereUnamortizedLossOnReacquiredDebtAndUnamortizedGainOnReacquiredDebtAccountsAreNotUsedTextBlock" ns2:type="arc" />
        <ns0:loc ns2:href="../../ferc-core_2020-01-01.xsd#ferc_DisclosureOfRetainedEarningsRestrictionsTextBlock" ns2:label="ferc_DisclosureOfRetainedEarningsRestrictionsTextBlock" ns2:type="locator" />
        <ns0:presentationArc order="5" ns2:arcrole="http://www.xbrl.org/2003/arcrole/parent-child" ns2:from="ferc_NotesToFinancialStatementsTextBlock" ns2:to="ferc_DisclosureOfRetainedEarningsRestrictionsTextBlock" ns2:type="arc" />
        <ns0:loc ns2:href="../../ferc-core_2020-01-01.xsd#ferc_DisclosureOfApplicableNotesToSpecificPagesTextBlock" ns2:label="ferc_DisclosureOfApplicableNotesToSpecificPagesTextBlock" ns2:type="locator" />
        <ns0:presentationArc order="6" ns2:arcrole="http://www.xbrl.org/2003/arcrole/parent-child" ns2:from="ferc_NotesToFinancialStatementsTextBlock" ns2:to="ferc_DisclosureOfApplicableNotesToSpecificPagesTextBlock" ns2:type="arc" />
    </ns0:presentationLink>
</ns0:linkbase>