<ns0:linkbase xmlns:ns0="http://www.xbrl.org/2003/linkbase" xmlns:ns2="http://www.w3.org/1999/xlink" xmlns:xsi="http://www.w3.org/2001/XMLSchema-instance" xsi:schemaLocation="http://www.xbrl.org/2003/linkbase http://www.xbrl.org/2003/xbrl-linkbase-2003-12-31.xsd">
    <ns0:roleRef roleURI="http://ferc.gov/form/2020-01-01/roles/label/F1FISOorRTOSettlements" ns2:href="../../ferc-core-lab-roles_2020-01-01.xsd#F1FISOorRTOSettlements" ns2:type="simple" />
    <ns0:roleRef roleURI="http://ferc.gov/form/2020-01-01/roles/label/F1FTotal" ns2:href="../../ferc-core-lab-roles_2020-01-01.xsd#F1FTotal" ns2:type="simple" />
    <ns0:roleRef roleURI="http://ferc.gov/form/2020-01-01/roles/Schedule/F1F/AmountsIncludedInIsoRtoSettlementStatements" ns2:href="form-1F-sched-AmountsIncludedInIsoRtoSettlementStatements_2020-01-01.xsd#roleType_AmountsIncludedInIsoRtoSettlementStatements" ns2:type="simple" />
    <ns0:presentationLink ns2:role="http://ferc.gov/form/2020-01-01/roles/Schedule/F1F/AmountsIncludedInIsoRtoSettlementStatements" ns2:type="extended">
        <ns0:loc ns2:href="../../ferc-core_2020-01-01.xsd#ferc_ScheduleAmountsIncludedInIsoOrRtoSettlementAbstract" ns2:label="ferc_ScheduleAmountsIncludedInIsoOrRtoSettlementAbstract" ns2:type="locator" />
        <ns0:loc ns2:href="../../ferc-core_2020-01-01.xsd#ferc_IsoOrRtoSettlementsEnergyAbstract" ns2:label="ferc_IsoOrRtoSettlementsEnergyAbstract" ns2:type="locator" />
        <ns0:presentationArc order="1" preferredLabel="http://ferc.gov/form/2020-01-01/roles/label/F1FISOorRTOSettlements" ns2:arcrole="http://www.xbrl.org/2003/arcrole/parent-child" ns2:from="ferc_ScheduleAmountsIncludedInIsoOrRtoSettlementAbstract" ns2:to="ferc_IsoOrRtoSettlementsEnergyAbstract" ns2:type="arc" />
        <ns0:loc ns2:href="../../ferc-core_2020-01-01.xsd#ferc_IsoOrRtoSettlementsEnergyNetPurchasesPurchasedPower" ns2:label="ferc_IsoOrRtoSettlementsEnergyNetPurchasesPurchasedPower" ns2:type="locator" />
        <ns0:presentationArc order="1" preferredLabel="http://ferc.gov/form/2020-01-01/roles/label/F1FISOorRTOSettlements" ns2:arcrole="http://www.xbrl.org/2003/arcrole/parent-child" ns2:from="ferc_IsoOrRtoSettlementsEnergyAbstract" ns2:to="ferc_IsoOrRtoSettlementsEnergyNetPurchasesPurchasedPower" ns2:type="arc" />
        <ns0:loc ns2:href="../../ferc-core_2020-01-01.xsd#ferc_IsoOrRtoSettlementsEnergyNetSales" ns2:label="ferc_IsoOrRtoSettlementsEnergyNetSales" ns2:type="locator" />
        <ns0:presentationArc order="2" preferredLabel="http://ferc.gov/form/2020-01-01/roles/label/F1FISOorRTOSettlements" ns2:arcrole="http://www.xbrl.org/2003/arcrole/parent-child" ns2:from="ferc_IsoOrRtoSettlementsEnergyAbstract" ns2:to="ferc_IsoOrRtoSettlementsEnergyNetSales" ns2:type="arc" />
        <ns0:loc ns2:href="../../ferc-core_2020-01-01.xsd#ferc_IsoOrRtoSettlementsTransmissionRights" ns2:label="ferc_IsoOrRtoSettlementsTransmissionRights" ns2:type="locator" />
        <ns0:presentationArc order="2" preferredLabel="http://ferc.gov/form/2020-01-01/roles/label/F1FISOorRTOSettlements" ns2:arcrole="http://www.xbrl.org/2003/arcrole/parent-child" ns2:from="ferc_ScheduleAmountsIncludedInIsoOrRtoSettlementAbstract" ns2:to="ferc_IsoOrRtoSettlementsTransmissionRights" ns2:type="arc" />
        <ns0:loc ns2:href="../../ferc-core_2020-01-01.xsd#ferc_IsoOrRtoSettlementsAncillaryServices" ns2:label="ferc_IsoOrRtoSettlementsAncillaryServices" ns2:type="locator" />
        <ns0:presentationArc order="3" preferredLabel="http://ferc.gov/form/2020-01-01/roles/label/F1FISOorRTOSettlements" ns2:arcrole="http://www.xbrl.org/2003/arcrole/parent-child" ns2:from="ferc_ScheduleAmountsIncludedInIsoOrRtoSettlementAbstract" ns2:to="ferc_IsoOrRtoSettlementsAncillaryServices" ns2:type="arc" />
        <ns0:loc ns2:href="../../ferc-core_2020-01-01.xsd#ferc_IsoOrRtoSettlementsOtherItemsAbstract" ns2:label="ferc_IsoOrRtoSettlementsOtherItemsAbstract" ns2:type="locator" />
        <ns0:presentationArc order="4" preferredLabel="http://ferc.gov/form/2020-01-01/roles/label/F1FISOorRTOSettlements" ns2:arcrole="http://www.xbrl.org/2003/arcrole/parent-child" ns2:from="ferc_ScheduleAmountsIncludedInIsoOrRtoSettlementAbstract" ns2:to="ferc_IsoOrRtoSettlementsOtherItemsAbstract" ns2:type="arc" />
        <ns0:loc ns2:href="../../ferc-core_2020-01-01.xsd#ferc_AmountsIncludedInIsoOrRtoSettlementTable" ns2:label="ferc_AmountsIncludedInIsoOrRtoSettlementTable" ns2:type="locator" />
        <ns0:presentationArc order="1" ns2:arcrole="http://www.xbrl.org/2003/arcrole/parent-child" ns2:from="ferc_IsoOrRtoSettlementsOtherItemsAbstract" ns2:to="ferc_AmountsIncludedInIsoOrRtoSettlementTable" ns2:type="arc" />
        <ns0:loc ns2:href="../../ferc-core_2020-01-01.xsd#ferc_AmountsIncludedInIsoOrRtoSettlementStatementsAxis" ns2:label="ferc_AmountsIncludedInIsoOrRtoSettlementStatementsAxis" ns2:type="locator" />
        <ns0:presentationArc order="1" ns2:arcrole="http://www.xbrl.org/2003/arcrole/parent-child" ns2:from="ferc_AmountsIncludedInIsoOrRtoSettlementTable" ns2:to="ferc_AmountsIncludedInIsoOrRtoSettlementStatementsAxis" ns2:type="arc" />
        <ns0:loc ns2:href="../../ferc-core_2020-01-01.xsd#ferc_IsoOrRtoSettlementsLineItems" ns2:label="ferc_IsoOrRtoSettlementsLineItems" ns2:type="locator" />
        <ns0:presentationArc order="2" ns2:arcrole="http://www.xbrl.org/2003/arcrole/parent-child" ns2:from="ferc_AmountsIncludedInIsoOrRtoSettlementTable" ns2:to="ferc_IsoOrRtoSettlementsLineItems" ns2:type="arc" />
        <ns0:loc ns2:href="../../ferc-core_2020-01-01.xsd#ferc_IsoOrRtoSettlementsOtherItems" ns2:label="ferc_IsoOrRtoSettlementsOtherItems" ns2:type="locator" />
        <ns0:presentationArc order="1" ns2:arcrole="http://www.xbrl.org/2003/arcrole/parent-child" ns2:from="ferc_IsoOrRtoSettlementsLineItems" ns2:to="ferc_IsoOrRtoSettlementsOtherItems" ns2:type="arc" />
        <ns0:loc ns2:href="../../ferc-core_2020-01-01.xsd#ferc_IsoOrRtoSettlementsDescriptionOfOtherItems" ns2:label="ferc_IsoOrRtoSettlementsDescriptionOfOtherItems" ns2:type="locator" />
        <ns0:presentationArc order="2" ns2:arcrole="http://www.xbrl.org/2003/arcrole/parent-child" ns2:from="ferc_IsoOrRtoSettlementsLineItems" ns2:to="ferc_IsoOrRtoSettlementsDescriptionOfOtherItems" ns2:type="arc" />
        <ns0:loc ns2:href="../../ferc-core_2020-01-01.xsd#ferc_IsoOrRtoSettlements" ns2:label="ferc_IsoOrRtoSettlements" ns2:type="locator" />
        <ns0:presentationArc order="2" preferredLabel="http://ferc.gov/form/2020-01-01/roles/label/F1FTotal" ns2:arcrole="http://www.xbrl.org/2003/arcrole/parent-child" ns2:from="ferc_IsoOrRtoSettlementsOtherItemsAbstract" ns2:to="ferc_IsoOrRtoSettlements" ns2:type="arc" />
    </ns0:presentationLink>
</ns0:linkbase>