<ns0:linkbase xmlns:ns0="http://www.xbrl.org/2003/linkbase" xmlns:ns2="http://www.w3.org/1999/xlink" xmlns:ns3="http://www.ferc.gov/form/parts" xmlns:xsi="http://www.w3.org/2001/XMLSchema-instance" xsi:schemaLocation="http://www.xbrl.org/2003/linkbase http://www.xbrl.org/2003/xbrl-linkbase-2003-12-31.xsd                       http://www.ferc.gov/form/parts ferc-core-ref-parts_2020-01-01.xsd">
    <ns0:roleRef roleURI="http://ferc.gov/form/2020-01-01/roles/reference/elementSequence" ns2:href="ferc-core-ref-roles_2020-01-01.xsd#elementSequence" ns2:type="simple" />
    <ns0:referenceLink ns2:role="http://www.xbrl.org/2003/role/link" ns2:type="extended">
        <ns0:loc ns2:href="ferc-core_2020-01-01.xsd#ferc_AdjustmentsToRetainedEarningsCreditAbstract" ns2:label="ferc_AdjustmentsToRetainedEarningsCreditAbstract" ns2:type="locator" />
        <ns0:referenceArc order="1" ns2:arcrole="http://www.xbrl.org/2003/arcrole/concept-reference" ns2:from="ferc_AdjustmentsToRetainedEarningsCreditAbstract" ns2:to="label_ferc_AdjustmentsToRetainedEarningsCreditAbstract" ns2:type="arc" />
        <ns0:reference ns2:label="label_ferc_AdjustmentsToRetainedEarningsCreditAbstract" ns2:role="http://ferc.gov/form/2020-01-01/roles/reference/elementSequence" ns2:type="resource">
            <ns3:Form>Form1</ns3:Form>
            <ns3:ScheduleRole>http://ferc.gov/form/2020-01-01/roles/Schedule/F1/RetainedEarnings</ns3:ScheduleRole>
            <ns3:SequenceRole>http://ferc.gov/form/2020-01-01/roles/Schedule/F1/RetainedEarningsCredit</ns3:SequenceRole>
        </ns0:reference>
        <ns0:loc ns2:href="ferc-core_2020-01-01.xsd#ferc_AdjustmentsToRetainedEarningsDebitAbstract" ns2:label="ferc_AdjustmentsToRetainedEarningsDebitAbstract" ns2:type="locator" />
        <ns0:referenceArc order="1" ns2:arcrole="http://www.xbrl.org/2003/arcrole/concept-reference" ns2:from="ferc_AdjustmentsToRetainedEarningsDebitAbstract" ns2:to="label_ferc_AdjustmentsToRetainedEarningsDebitAbstract" ns2:type="arc" />
        <ns0:reference ns2:label="label_ferc_AdjustmentsToRetainedEarningsDebitAbstract" ns2:role="http://ferc.gov/form/2020-01-01/roles/reference/elementSequence" ns2:type="resource">
            <ns3:Form>Form1</ns3:Form>
            <ns3:ScheduleRole>http://ferc.gov/form/2020-01-01/roles/Schedule/F1/RetainedEarnings</ns3:ScheduleRole>
            <ns3:SequenceRole>http://ferc.gov/form/2020-01-01/roles/Schedule/F1/RetainedEarningsDebit</ns3:SequenceRole>
        </ns0:reference>
        <ns0:loc ns2:href="ferc-core_2020-01-01.xsd#ferc_AppropriationsOfRetainedEarningsAbstract" ns2:label="ferc_AppropriationsOfRetainedEarningsAbstract" ns2:type="locator" />
        <ns0:referenceArc order="1" ns2:arcrole="http://www.xbrl.org/2003/arcrole/concept-reference" ns2:from="ferc_AppropriationsOfRetainedEarningsAbstract" ns2:to="label_ferc_AppropriationsOfRetainedEarningsAbstract" ns2:type="arc" />
        <ns0:reference ns2:label="label_ferc_AppropriationsOfRetainedEarningsAbstract" ns2:role="http://ferc.gov/form/2020-01-01/roles/reference/elementSequence" ns2:type="resource">
            <ns3:Form>Form1</ns3:Form>
            <ns3:ScheduleRole>http://ferc.gov/form/2020-01-01/roles/Schedule/F1/RetainedEarnings</ns3:ScheduleRole>
            <ns3:SequenceRole>http://ferc.gov/form/2020-01-01/roles/Schedule/F1/RetainedEarningsAppropriations</ns3:SequenceRole>
        </ns0:reference>
        <ns0:loc ns2:href="ferc-core_2020-01-01.xsd#ferc_DividendsDeclaredPreferredStockAbstract" ns2:label="ferc_DividendsDeclaredPreferredStockAbstract" ns2:type="locator" />
        <ns0:referenceArc order="1" ns2:arcrole="http://www.xbrl.org/2003/arcrole/concept-reference" ns2:from="ferc_DividendsDeclaredPreferredStockAbstract" ns2:to="label_ferc_DividendsDeclaredPreferredStockAbstract" ns2:type="arc" />
        <ns0:reference ns2:label="label_ferc_DividendsDeclaredPreferredStockAbstract" ns2:role="http://ferc.gov/form/2020-01-01/roles/reference/elementSequence" ns2:type="resource">
            <ns3:Form>Form1</ns3:Form>
            <ns3:ScheduleRole>http://ferc.gov/form/2020-01-01/roles/Schedule/F1/RetainedEarnings</ns3:ScheduleRole>
            <ns3:SequenceRole>http://ferc.gov/form/2020-01-01/roles/Schedule/F1/RetainedEarningsPreferredStock</ns3:SequenceRole>
        </ns0:reference>
        <ns0:loc ns2:href="ferc-core_2020-01-01.xsd#ferc_DividendsDeclaredCommonStockAbstract" ns2:label="ferc_DividendsDeclaredCommonStockAbstract" ns2:type="locator" />
        <ns0:referenceArc order="1" ns2:arcrole="http://www.xbrl.org/2003/arcrole/concept-reference" ns2:from="ferc_DividendsDeclaredCommonStockAbstract" ns2:to="label_ferc_DividendsDeclaredCommonStockAbstract" ns2:type="arc" />
        <ns0:reference ns2:label="label_ferc_DividendsDeclaredCommonStockAbstract" ns2:role="http://ferc.gov/form/2020-01-01/roles/reference/elementSequence" ns2:type="resource">
            <ns3:Form>Form1</ns3:Form>
            <ns3:ScheduleRole>http://ferc.gov/form/2020-01-01/roles/Schedule/F1/RetainedEarnings</ns3:ScheduleRole>
            <ns3:SequenceRole>http://ferc.gov/form/2020-01-01/roles/Schedule/F1/RetainedEarningsCommonStock</ns3:SequenceRole>
        </ns0:reference>
        <ns0:loc ns2:href="ferc-core_2020-01-01.xsd#ferc_AppropriatedRetainedEarningsAbstract" ns2:label="ferc_AppropriatedRetainedEarningsAbstract" ns2:type="locator" />
        <ns0:referenceArc order="1" ns2:arcrole="http://www.xbrl.org/2003/arcrole/concept-reference" ns2:from="ferc_AppropriatedRetainedEarningsAbstract" ns2:to="label_ferc_AppropriatedRetainedEarningsAbstract" ns2:type="arc" />
        <ns0:reference ns2:label="label_ferc_AppropriatedRetainedEarningsAbstract" ns2:role="http://ferc.gov/form/2020-01-01/roles/reference/elementSequence" ns2:type="resource">
            <ns3:Form>Form1</ns3:Form>
            <ns3:ScheduleRole>http://ferc.gov/form/2020-01-01/roles/Schedule/F1/RetainedEarnings</ns3:ScheduleRole>
            <ns3:SequenceRole>http://ferc.gov/form/2020-01-01/roles/Schedule/F1/RetainedEarningsAppropriated</ns3:SequenceRole>
        </ns0:reference>
        <ns0:loc ns2:href="ferc-core_2020-01-01.xsd#ferc_ChangesUnappropriatedUndistributedSubsidiaryEarningsCredits" ns2:label="ferc_ChangesUnappropriatedUndistributedSubsidiaryEarningsCredits" ns2:type="locator" />
        <ns0:referenceArc order="1" ns2:arcrole="http://www.xbrl.org/2003/arcrole/concept-reference" ns2:from="ferc_ChangesUnappropriatedUndistributedSubsidiaryEarningsCredits" ns2:to="label_ferc_ChangesUnappropriatedUndistributedSubsidiaryEarningsCredits" ns2:type="arc" />
        <ns0:reference ns2:label="label_ferc_ChangesUnappropriatedUndistributedSubsidiaryEarningsCredits" ns2:role="http://ferc.gov/form/2020-01-01/roles/reference/elementSequence" ns2:type="resource">
            <ns3:Form>Form1</ns3:Form>
            <ns3:ScheduleRole>http://ferc.gov/form/2020-01-01/roles/Schedule/F1/RetainedEarnings</ns3:ScheduleRole>
            <ns3:SequenceRole>http://ferc.gov/form/2020-01-01/roles/Schedule/F1/UnappropriatedUndistributedSubsidiaryEarnings</ns3:SequenceRole>
        </ns0:reference>
        <ns0:loc ns2:href="ferc-core_2020-01-01.xsd#ferc_NoncashAdjustmentsToCashFlowsFromOperatingActivities" ns2:label="ferc_NoncashAdjustmentsToCashFlowsFromOperatingActivities" ns2:type="locator" />
        <ns0:referenceArc order="1" ns2:arcrole="http://www.xbrl.org/2003/arcrole/concept-reference" ns2:from="ferc_NoncashAdjustmentsToCashFlowsFromOperatingActivities" ns2:to="label_ferc_NoncashAdjustmentsToCashFlowsFromOperatingActivities" ns2:type="arc" />
        <ns0:reference ns2:label="label_ferc_NoncashAdjustmentsToCashFlowsFromOperatingActivities" ns2:role="http://ferc.gov/form/2020-01-01/roles/reference/elementSequence" ns2:type="resource">
            <ns3:Form>Form 1</ns3:Form>
            <ns3:ScheduleRole>http://ferc.gov/form/2020-01-01/roles/Schedule/F1/ScheduleStatementOfCashFlows</ns3:ScheduleRole>
            <ns3:SequenceRole>http://ferc.gov/form/2020-01-01/roles/Schedule/F1/ScheduleStatementOfCashFlowsSequenceOtherOperatingCashFlows</ns3:SequenceRole>
        </ns0:reference>
        <ns0:loc ns2:href="ferc-core_2020-01-01.xsd#ferc_OtherAdjustmentsToCashFlowsFromOperatingActivities" ns2:label="ferc_OtherAdjustmentsToCashFlowsFromOperatingActivities" ns2:type="locator" />
        <ns0:referenceArc order="1" ns2:arcrole="http://www.xbrl.org/2003/arcrole/concept-reference" ns2:from="ferc_OtherAdjustmentsToCashFlowsFromOperatingActivities" ns2:to="label_ferc_OtherAdjustmentsToCashFlowsFromOperatingActivities" ns2:type="arc" />
        <ns0:reference ns2:label="label_ferc_OtherAdjustmentsToCashFlowsFromOperatingActivities" ns2:role="http://ferc.gov/form/2020-01-01/roles/reference/elementSequence" ns2:type="resource">
            <ns3:Form>Form 1</ns3:Form>
            <ns3:ScheduleRole>http://ferc.gov/form/2020-01-01/roles/Schedule/F1/ScheduleStatementOfCashFlows</ns3:ScheduleRole>
            <ns3:SequenceRole>http://ferc.gov/form/2020-01-01/roles/Schedule/F1/ScheduleStatementOfCashFlowsSequenceOtherAdjustmentsToOperatingCashFlows</ns3:SequenceRole>
        </ns0:reference>
        <ns0:loc ns2:href="ferc-core_2020-01-01.xsd#ferc_OtherConstructionAndAcquisitionOfPlantInvestmentActivities" ns2:label="ferc_OtherConstructionAndAcquisitionOfPlantInvestmentActivities" ns2:type="locator" />
        <ns0:referenceArc order="1" ns2:arcrole="http://www.xbrl.org/2003/arcrole/concept-reference" ns2:from="ferc_OtherConstructionAndAcquisitionOfPlantInvestmentActivities" ns2:to="label_ferc_OtherConstructionAndAcquisitionOfPlantInvestmentActivities" ns2:type="arc" />
        <ns0:reference ns2:label="label_ferc_OtherConstructionAndAcquisitionOfPlantInvestmentActivities" ns2:role="http://ferc.gov/form/2020-01-01/roles/reference/elementSequence" ns2:type="resource">
            <ns3:Form>Form 1</ns3:Form>
            <ns3:ScheduleRole>http://ferc.gov/form/2020-01-01/roles/Schedule/F1/ScheduleStatementOfCashFlows</ns3:ScheduleRole>
            <ns3:SequenceRole>http://ferc.gov/form/2020-01-01/roles/Schedule/F1/ScheduleStatementOfCashFlowsSequenceOtherAdjustmentsForInvestingCashFlows</ns3:SequenceRole>
        </ns0:reference>
        <ns0:loc ns2:href="ferc-core_2020-01-01.xsd#ferc_OtherAdjustmentsToCashFlowsFromInvestmentActivities" ns2:label="ferc_OtherAdjustmentsToCashFlowsFromInvestmentActivities" ns2:type="locator" />
        <ns0:referenceArc order="1" ns2:arcrole="http://www.xbrl.org/2003/arcrole/concept-reference" ns2:from="ferc_OtherAdjustmentsToCashFlowsFromInvestmentActivities" ns2:to="label_ferc_OtherAdjustmentsToCashFlowsFromInvestmentActivities" ns2:type="arc" />
        <ns0:reference ns2:label="label_ferc_OtherAdjustmentsToCashFlowsFromInvestmentActivities" ns2:role="http://ferc.gov/form/2020-01-01/roles/reference/elementSequence" ns2:type="resource">
            <ns3:Form>Form 1</ns3:Form>
            <ns3:ScheduleRole>http://ferc.gov/form/2020-01-01/roles/Schedule/F1/ScheduleStatementOfCashFlows</ns3:ScheduleRole>
            <ns3:SequenceRole>http://ferc.gov/form/2020-01-01/roles/Schedule/F1/ScheduleStatementOfCashFlowsSequenceOtherItemsForInvestingCashFlows</ns3:SequenceRole>
        </ns0:reference>
        <ns0:loc ns2:href="ferc-core_2020-01-01.xsd#ferc_OtherAdjustmentsToCashFlowsFromFinancingActivities" ns2:label="ferc_OtherAdjustmentsToCashFlowsFromFinancingActivities" ns2:type="locator" />
        <ns0:referenceArc order="1" ns2:arcrole="http://www.xbrl.org/2003/arcrole/concept-reference" ns2:from="ferc_OtherAdjustmentsToCashFlowsFromFinancingActivities" ns2:to="label_ferc_OtherAdjustmentsToCashFlowsFromFinancingActivities" ns2:type="arc" />
        <ns0:reference ns2:label="label_ferc_OtherAdjustmentsToCashFlowsFromFinancingActivities" ns2:role="http://ferc.gov/form/2020-01-01/roles/reference/elementSequence" ns2:type="resource">
            <ns3:Form>Form 1</ns3:Form>
            <ns3:ScheduleRole>http://ferc.gov/form/2020-01-01/roles/Schedule/F1/ScheduleStatementOfCashFlows</ns3:ScheduleRole>
            <ns3:SequenceRole>http://ferc.gov/form/2020-01-01/roles/Schedule/F1/ScheduleStatementOfCashFlowsSequenceOtherAdjustmentsToFinancingCashFlows</ns3:SequenceRole>
        </ns0:reference>
        <ns0:loc ns2:href="ferc-core_2020-01-01.xsd#ferc_OtherAdjustmentsByOutsideSourcesToCashFlowsFromFinancingActivities" ns2:label="ferc_OtherAdjustmentsByOutsideSourcesToCashFlowsFromFinancingActivities" ns2:type="locator" />
        <ns0:referenceArc order="1" ns2:arcrole="http://www.xbrl.org/2003/arcrole/concept-reference" ns2:from="ferc_OtherAdjustmentsByOutsideSourcesToCashFlowsFromFinancingActivities" ns2:to="label_ferc_OtherAdjustmentsByOutsideSourcesToCashFlowsFromFinancingActivities" ns2:type="arc" />
        <ns0:reference ns2:label="label_ferc_OtherAdjustmentsByOutsideSourcesToCashFlowsFromFinancingActivities" ns2:role="http://ferc.gov/form/2020-01-01/roles/reference/elementSequence" ns2:type="resource">
            <ns3:Form>Form 1</ns3:Form>
            <ns3:ScheduleRole>http://ferc.gov/form/2020-01-01/roles/Schedule/F1/ScheduleStatementOfCashFlows</ns3:ScheduleRole>
            <ns3:SequenceRole>http://ferc.gov/form/2020-01-01/roles/Schedule/F1/ScheduleStatementOfCashFlowsSequenceOtherAdjustmentsByOutsideForcesToFinancingCashFlows</ns3:SequenceRole>
        </ns0:reference>
        <ns0:loc ns2:href="ferc-core_2020-01-01.xsd#ferc_OtherRetirementsOfBalancesImpactingCashFlowsFromFinancingActivities" ns2:label="ferc_OtherRetirementsOfBalancesImpactingCashFlowsFromFinancingActivities" ns2:type="locator" />
        <ns0:referenceArc order="1" ns2:arcrole="http://www.xbrl.org/2003/arcrole/concept-reference" ns2:from="ferc_OtherRetirementsOfBalancesImpactingCashFlowsFromFinancingActivities" ns2:to="label_ferc_OtherRetirementsOfBalancesImpactingCashFlowsFromFinancingActivities" ns2:type="arc" />
        <ns0:reference ns2:label="label_ferc_OtherRetirementsOfBalancesImpactingCashFlowsFromFinancingActivities" ns2:role="http://ferc.gov/form/2020-01-01/roles/reference/elementSequence" ns2:type="resource">
            <ns3:Form>Form 1</ns3:Form>
            <ns3:ScheduleRole>http://ferc.gov/form/2020-01-01/roles/Schedule/F1/ScheduleStatementOfCashFlows</ns3:ScheduleRole>
            <ns3:SequenceRole>http://ferc.gov/form/2020-01-01/roles/Schedule/F1/StatementOfCashFlowsOtherPaymentForRetirementToFinancingActivities</ns3:SequenceRole>
        </ns0:reference>
        <ns0:loc ns2:href="ferc-core_2020-01-01.xsd#ferc_OtherAccounts" ns2:label="ferc_OtherAccounts" ns2:type="locator" />
        <ns0:referenceArc order="1" ns2:arcrole="http://www.xbrl.org/2003/arcrole/concept-reference" ns2:from="ferc_OtherAccounts" ns2:to="label_ferc_OtherAccounts" ns2:type="arc" />
        <ns0:reference ns2:label="label_ferc_OtherAccounts" ns2:role="http://ferc.gov/form/2020-01-01/roles/reference/elementSequence" ns2:type="resource">
            <ns3:Form>Form 1</ns3:Form>
            <ns3:ScheduleRole>http://ferc.gov/form/2020-01-01/roles/Schedule/F1/AccumulatedProvisionForDepreciationOfElectricUtilityPlantA</ns3:ScheduleRole>
            <ns3:SequenceRole>http://ferc.gov/form/2020-01-01/roles/Schedule/F1/AccumulatedProvisionForDepreciationOfElectricUtilityPlantAOtherAccounts</ns3:SequenceRole>
        </ns0:reference>
        <ns0:loc ns2:href="ferc-core_2020-01-01.xsd#ferc_OtherAdjustmentsToAccumulatedDepreciation" ns2:label="ferc_OtherAdjustmentsToAccumulatedDepreciation" ns2:type="locator" />
        <ns0:referenceArc order="1" ns2:arcrole="http://www.xbrl.org/2003/arcrole/concept-reference" ns2:from="ferc_OtherAdjustmentsToAccumulatedDepreciation" ns2:to="label_ferc_OtherAdjustmentsToAccumulatedDepreciation" ns2:type="arc" />
        <ns0:reference ns2:label="label_ferc_OtherAdjustmentsToAccumulatedDepreciation" ns2:role="http://ferc.gov/form/2020-01-01/roles/reference/elementSequence" ns2:type="resource">
            <ns3:Form>Form 1</ns3:Form>
            <ns3:ScheduleRole>http://ferc.gov/form/2020-01-01/roles/Schedule/F1/AccumulatedProvisionForDepreciationOfElectricUtilityPlantA</ns3:ScheduleRole>
            <ns3:SequenceRole>http://ferc.gov/form/2020-01-01/roles/Schedule/F1/AccumulatedProvisionForDepreciationOfElectricUtilityPlantAOtherItems</ns3:SequenceRole>
        </ns0:reference>
        <ns0:loc ns2:href="ferc-core_2020-01-01.xsd#ferc_MaterialsAndSuppliesOtherClassesAbstract" ns2:label="ferc_MaterialsAndSuppliesOtherClassesAbstract" ns2:type="locator" />
        <ns0:referenceArc order="1" ns2:arcrole="http://www.xbrl.org/2003/arcrole/concept-reference" ns2:from="ferc_MaterialsAndSuppliesOtherClassesAbstract" ns2:to="label_ferc_MaterialsAndSuppliesOtherClassesAbstract" ns2:type="arc" />
        <ns0:reference ns2:label="label_ferc_MaterialsAndSuppliesOtherClassesAbstract" ns2:role="http://ferc.gov/form/2020-01-01/roles/reference/elementSequence" ns2:type="resource">
            <ns3:Form>Form 1</ns3:Form>
            <ns3:ScheduleRole>http://ferc.gov/form/2020-01-01/roles/Schedule/F1/ScheduleMaterialsAndSupplies</ns3:ScheduleRole>
            <ns3:SequenceRole>http://ferc.gov/form/2020-01-01/roles/Schedule/F1/ScheduleMaterialsAndSuppliesOtherClasses</ns3:SequenceRole>
        </ns0:reference>
        <ns0:loc ns2:href="ferc-core_2020-01-01.xsd#ferc_MaterialsAndSuppliesOtherClassesAbstract" ns2:label="ferc_MaterialsAndSuppliesOtherClassesAbstract_2" ns2:type="locator" />
        <ns0:referenceArc order="2" ns2:arcrole="http://www.xbrl.org/2003/arcrole/concept-reference" ns2:from="ferc_MaterialsAndSuppliesOtherClassesAbstract_2" ns2:to="label_ferc_MaterialsAndSuppliesOtherClassesAbstract_2" ns2:type="arc" />
        <ns0:reference ns2:label="label_ferc_MaterialsAndSuppliesOtherClassesAbstract_2" ns2:role="http://ferc.gov/form/2020-01-01/roles/reference/elementSequence" ns2:type="resource">
            <ns3:SequenceDimension>MaterialsAndSuppliesOtherClassesAxis</ns3:SequenceDimension>
        </ns0:reference>
        <ns0:loc ns2:href="ferc-core_2020-01-01.xsd#ferc_IncreasesDecreasesFromSalesOfDonationsReceivedFromStockholders" ns2:label="ferc_IncreasesDecreasesFromSalesOfDonationsReceivedFromStockholders" ns2:type="locator" />
        <ns0:referenceArc order="1" ns2:arcrole="http://www.xbrl.org/2003/arcrole/concept-reference" ns2:from="ferc_IncreasesDecreasesFromSalesOfDonationsReceivedFromStockholders" ns2:to="label_ferc_IncreasesDecreasesFromSalesOfDonationsReceivedFromStockholders" ns2:type="arc" />
        <ns0:reference ns2:label="label_ferc_IncreasesDecreasesFromSalesOfDonationsReceivedFromStockholders" ns2:role="http://ferc.gov/form/2020-01-01/roles/reference/elementSequence" ns2:type="resource">
            <ns3:Form>Form 1</ns3:Form>
            <ns3:ScheduleRole>http://ferc.gov/form/2020-01-01/roles/Schedule/F1/OtherPaidInCapitalTotal</ns3:ScheduleRole>
            <ns3:SequenceRole>http://ferc.gov/form/2020-01-01/roles/Schedule/F1/OtherPaidInCapitalDonations</ns3:SequenceRole>
        </ns0:reference>
        <ns0:loc ns2:href="ferc-core_2020-01-01.xsd#ferc_IncreasesDecreasesDueToReductionsInParOrStatedValueOfCapitalStock" ns2:label="ferc_IncreasesDecreasesDueToReductionsInParOrStatedValueOfCapitalStock" ns2:type="locator" />
        <ns0:referenceArc order="1" ns2:arcrole="http://www.xbrl.org/2003/arcrole/concept-reference" ns2:from="ferc_IncreasesDecreasesDueToReductionsInParOrStatedValueOfCapitalStock" ns2:to="label_ferc_IncreasesDecreasesDueToReductionsInParOrStatedValueOfCapitalStock" ns2:type="arc" />
        <ns0:reference ns2:label="label_ferc_IncreasesDecreasesDueToReductionsInParOrStatedValueOfCapitalStock" ns2:role="http://ferc.gov/form/2020-01-01/roles/reference/elementSequence" ns2:type="resource">
            <ns3:Form>Form 1</ns3:Form>
            <ns3:ScheduleRole>http://ferc.gov/form/2020-01-01/roles/Schedule/F1/OtherPaidInCapitalTotal</ns3:ScheduleRole>
            <ns3:SequenceRole>http://ferc.gov/form/2020-01-01/roles/Schedule/F1/OtherPaidInCapitalReduction</ns3:SequenceRole>
        </ns0:reference>
        <ns0:loc ns2:href="ferc-core_2020-01-01.xsd#ferc_IncreasesDecreasesFromGainOrResaleOrCancellationOfReacquiredCapitalStock" ns2:label="ferc_IncreasesDecreasesFromGainOrResaleOrCancellationOfReacquiredCapitalStock" ns2:type="locator" />
        <ns0:referenceArc order="1" ns2:arcrole="http://www.xbrl.org/2003/arcrole/concept-reference" ns2:from="ferc_IncreasesDecreasesFromGainOrResaleOrCancellationOfReacquiredCapitalStock" ns2:to="label_ferc_IncreasesDecreasesFromGainOrResaleOrCancellationOfReacquiredCapitalStock" ns2:type="arc" />
        <ns0:reference ns2:label="label_ferc_IncreasesDecreasesFromGainOrResaleOrCancellationOfReacquiredCapitalStock" ns2:role="http://ferc.gov/form/2020-01-01/roles/reference/elementSequence" ns2:type="resource">
            <ns3:Form>Form 1</ns3:Form>
            <ns3:ScheduleRole>http://ferc.gov/form/2020-01-01/roles/Schedule/F1/OtherPaidInCapitalTotal</ns3:ScheduleRole>
            <ns3:SequenceRole>http://ferc.gov/form/2020-01-01/roles/Schedule/F1/OtherPaidInCapitalRequiredCapitalStock</ns3:SequenceRole>
        </ns0:reference>
        <ns0:loc ns2:href="ferc-core_2020-01-01.xsd#ferc_IncreasesDecreasesDueToMiscellaneousPaidInCapital" ns2:label="ferc_IncreasesDecreasesDueToMiscellaneousPaidInCapital" ns2:type="locator" />
        <ns0:referenceArc order="1" ns2:arcrole="http://www.xbrl.org/2003/arcrole/concept-reference" ns2:from="ferc_IncreasesDecreasesDueToMiscellaneousPaidInCapital" ns2:to="label_ferc_IncreasesDecreasesDueToMiscellaneousPaidInCapital" ns2:type="arc" />
        <ns0:reference ns2:label="label_ferc_IncreasesDecreasesDueToMiscellaneousPaidInCapital" ns2:role="http://ferc.gov/form/2020-01-01/roles/reference/elementSequence" ns2:type="resource">
            <ns3:Form>Form 1</ns3:Form>
            <ns3:ScheduleRole>http://ferc.gov/form/2020-01-01/roles/Schedule/F1/OtherPaidInCapitalTotal</ns3:ScheduleRole>
            <ns3:SequenceRole>http://ferc.gov/form/2020-01-01/roles/Schedule/F1/OtherPaidInCapitalMiscellaneous</ns3:SequenceRole>
        </ns0:reference>
        <ns0:loc ns2:href="ferc-core_2020-01-01.xsd#ferc_IncreasesDecreasesInOtherPaidInCapital" ns2:label="ferc_IncreasesDecreasesInOtherPaidInCapital" ns2:type="locator" />
        <ns0:referenceArc order="1" ns2:arcrole="http://www.xbrl.org/2003/arcrole/concept-reference" ns2:from="ferc_IncreasesDecreasesInOtherPaidInCapital" ns2:to="label_ferc_IncreasesDecreasesInOtherPaidInCapital" ns2:type="arc" />
        <ns0:reference ns2:label="label_ferc_IncreasesDecreasesInOtherPaidInCapital" ns2:role="http://ferc.gov/form/2020-01-01/roles/reference/elementSequence" ns2:type="resource">
            <ns3:Form>Form 1</ns3:Form>
            <ns3:ScheduleRole>http://ferc.gov/form/2020-01-01/roles/Schedule/F1/OtherPaidInCapitalTotal</ns3:ScheduleRole>
            <ns3:SequenceRole>http://ferc.gov/form/2020-01-01/roles/Schedule/F1/OtherPaidInCapital</ns3:SequenceRole>
        </ns0:reference>
        <ns0:loc ns2:href="ferc-core_2020-01-01.xsd#ferc_ElectricOtherFacilitiesMember" ns2:label="ferc_ElectricOtherFacilitiesMember" ns2:type="locator" />
        <ns0:referenceArc order="1" ns2:arcrole="http://www.xbrl.org/2003/arcrole/concept-reference" ns2:from="ferc_ElectricOtherFacilitiesMember" ns2:to="label_ferc_ElectricOtherFacilitiesMember" ns2:type="arc" />
        <ns0:reference ns2:label="label_ferc_ElectricOtherFacilitiesMember" ns2:role="http://ferc.gov/form/2020-01-01/roles/reference/elementSequence" ns2:type="resource">
            <ns3:Form>Form 1</ns3:Form>
            <ns3:ScheduleRole>http://ferc.gov/form/2020-01-01/roles/Schedule/F1/ScheduleAccumulatedDeferredIncomeTaxesAcceleratedAmortizationPropertyUtilityTypes</ns3:ScheduleRole>
            <ns3:SequenceRole>http://ferc.gov/form/2020-01-01/roles/Schedule/F1/ScheduleAccumulatedDeferredIncomeTaxesAcceleratedAmortizationPropertyOtherElectric</ns3:SequenceRole>
            <ns3:SequenceDimension>ferc:AcceleratedAmortizationPropertyElectricOtherAxis</ns3:SequenceDimension>
        </ns0:reference>
        <ns0:loc ns2:href="ferc-core_2020-01-01.xsd#ferc_GasOtherFacilitiesMember" ns2:label="ferc_GasOtherFacilitiesMember" ns2:type="locator" />
        <ns0:referenceArc order="1" ns2:arcrole="http://www.xbrl.org/2003/arcrole/concept-reference" ns2:from="ferc_GasOtherFacilitiesMember" ns2:to="label_ferc_GasOtherFacilitiesMember" ns2:type="arc" />
        <ns0:reference ns2:label="label_ferc_GasOtherFacilitiesMember" ns2:role="http://ferc.gov/form/2020-01-01/roles/reference/elementSequence" ns2:type="resource">
            <ns3:Form>Form 1</ns3:Form>
            <ns3:ScheduleRole>http://ferc.gov/form/2020-01-01/roles/Schedule/F1/ScheduleAccumulatedDeferredIncomeTaxesAcceleratedAmortizationPropertyUtilityTypes</ns3:ScheduleRole>
            <ns3:SequenceRole>http://ferc.gov/form/2020-01-01/roles/Schedule/F1/ScheduleAccumulatedDeferredIncomeTaxesAcceleratedAmortizationPropertyOtherGas</ns3:SequenceRole>
            <ns3:SequenceDimension>ferc:AcceleratedAmortizationPropertyGasOtherAxis</ns3:SequenceDimension>
        </ns0:reference>
        <ns0:loc ns2:href="ferc-core_2020-01-01.xsd#ferc_OtherUtilityMember" ns2:label="ferc_OtherUtilityMember" ns2:type="locator" />
        <ns0:referenceArc order="1" ns2:arcrole="http://www.xbrl.org/2003/arcrole/concept-reference" ns2:from="ferc_OtherUtilityMember" ns2:to="label_ferc_OtherUtilityMember" ns2:type="arc" />
        <ns0:reference ns2:label="label_ferc_OtherUtilityMember" ns2:role="http://ferc.gov/form/2020-01-01/roles/reference/elementSequence" ns2:type="resource">
            <ns3:Form>Form 1</ns3:Form>
            <ns3:ScheduleRole>http://ferc.gov/form/2020-01-01/roles/Schedule/F1/ScheduleAccumulatedDeferredIncomeTaxesAcceleratedAmortizationPropertyUtilityTypes</ns3:ScheduleRole>
            <ns3:SequenceRole>http://ferc.gov/form/2020-01-01/roles/Schedule/F1/ScheduleAccumulatedDeferredIncomeTaxesAcceleratedAmortizationPropertyOther</ns3:SequenceRole>
            <ns3:SequenceDimension>ferc:AcceleratedAmortizationPropertyOtherAxis</ns3:SequenceDimension>
        </ns0:reference>
        <ns0:loc ns2:href="ferc-core_2020-01-01.xsd#ferc_OtherMiscellaneousOperatingRevenues" ns2:label="ferc_OtherMiscellaneousOperatingRevenues" ns2:type="locator" />
        <ns0:referenceArc order="1" ns2:arcrole="http://www.xbrl.org/2003/arcrole/concept-reference" ns2:from="ferc_OtherMiscellaneousOperatingRevenues" ns2:to="label_ferc_OtherMiscellaneousOperatingRevenues" ns2:type="arc" />
        <ns0:reference ns2:label="label_ferc_OtherMiscellaneousOperatingRevenues" ns2:role="http://ferc.gov/form/2020-01-01/roles/reference/elementSequence" ns2:type="resource">
            <ns3:Form>Form 1</ns3:Form>
            <ns3:ScheduleRole>http://ferc.gov/form/2020-01-01/roles/Schedule/F1/ScheduleElectricOperatingRevenues</ns3:ScheduleRole>
            <ns3:SequenceRole>http://ferc.gov/form/2020-01-01/roles/Schedule/F1/ScheduleElectricOperatingRevenuesOther</ns3:SequenceRole>
            <ns3:SequenceDimension>ferc:OtherMiscellaneousOperatingRevenuesAxis</ns3:SequenceDimension>
        </ns0:reference>
        <ns0:loc ns2:href="ferc-core_2020-01-01.xsd#ferc_SalariesAndWagesOtherAccountsAbstract" ns2:label="ferc_SalariesAndWagesOtherAccountsAbstract" ns2:type="locator" />
        <ns0:referenceArc order="1" ns2:arcrole="http://www.xbrl.org/2003/arcrole/concept-reference" ns2:from="ferc_SalariesAndWagesOtherAccountsAbstract" ns2:to="label_ferc_SalariesAndWagesOtherAccountsAbstract" ns2:type="arc" />
        <ns0:reference ns2:label="label_ferc_SalariesAndWagesOtherAccountsAbstract" ns2:role="http://ferc.gov/form/2020-01-01/roles/reference/elementSequence" ns2:type="resource">
            <ns3:Form>Form 1</ns3:Form>
            <ns3:ScheduleRole>http://ferc.gov/form/2020-01-01/roles/Schedule/F1/DistributionOfSalariesAndWages</ns3:ScheduleRole>
            <ns3:SequenceRole>http://ferc.gov/form/2020-01-01/roles/Schedule/F1/DistributionOfSalariesAndWagesOtherAccounts</ns3:SequenceRole>
            <ns3:SequenceDimension>ferc:DistributionOfSalariesAndWagesOtherAccountsAxis</ns3:SequenceDimension>
        </ns0:reference>
        <ns0:loc ns2:href="ferc-core_2020-01-01.xsd#ferc_OtherIsoOrRtoSettlementsAbstract" ns2:label="ferc_OtherIsoOrRtoSettlementsAbstract" ns2:type="locator" />
        <ns0:referenceArc order="1" ns2:arcrole="http://www.xbrl.org/2003/arcrole/concept-reference" ns2:from="ferc_OtherIsoOrRtoSettlementsAbstract" ns2:to="label_ferc_OtherIsoOrRtoSettlementsAbstract" ns2:type="arc" />
        <ns0:reference ns2:label="label_ferc_OtherIsoOrRtoSettlementsAbstract" ns2:role="http://ferc.gov/form/2020-01-01/roles/reference/elementSequence" ns2:type="resource">
            <ns3:Form>Form 1</ns3:Form>
            <ns3:ScheduleRole>http://ferc.gov/form/2020-01-01/roles/Schedule/F1/ScheduleAmountsIncludedInISORTOSettlementStatements</ns3:ScheduleRole>
            <ns3:SequenceRole>http://ferc.gov/form/2020-01-01/roles/Schedule/F1/ScheduleAmountsIncludedInISORTOSettlementStatementsOther</ns3:SequenceRole>
        </ns0:reference>
        <ns0:loc ns2:href="ferc-core_2020-01-01.xsd#ferc_AmortizationAbstract" ns2:label="ferc_AmortizationAbstract" ns2:type="locator" />
        <ns0:referenceArc order="1" ns2:arcrole="http://www.xbrl.org/2003/arcrole/concept-reference" ns2:from="ferc_AmortizationAbstract" ns2:to="label_ferc_AmortizationAbstract" ns2:type="arc" />
        <ns0:reference ns2:label="label_ferc_AmortizationAbstract" ns2:role="http://ferc.gov/form/2020-01-01/roles/reference/elementSequence" ns2:type="resource">
            <ns3:Form>Form1</ns3:Form>
            <ns3:ScheduleRole>http://ferc.gov/form/2020-01-01/roles/Schedule/F1F/StatementOfIncomeForTheYear</ns3:ScheduleRole>
            <ns3:SequenceRole>http://ferc.gov/form/2020-01-01/roles/Schedule/F1F/StatementOfIncomeForTheYearAmortizationExpense</ns3:SequenceRole>
        </ns0:reference>
        <ns0:loc ns2:href="ferc-core_2020-01-01.xsd#ferc_AdjustmentsToRetainedEarningsCreditAbstract" ns2:label="ferc_AdjustmentsToRetainedEarningsCreditAbstract_2" ns2:type="locator" />
        <ns0:referenceArc order="2" ns2:arcrole="http://www.xbrl.org/2003/arcrole/concept-reference" ns2:from="ferc_AdjustmentsToRetainedEarningsCreditAbstract_2" ns2:to="label_ferc_AdjustmentsToRetainedEarningsCreditAbstract_2" ns2:type="arc" />
        <ns0:reference ns2:label="label_ferc_AdjustmentsToRetainedEarningsCreditAbstract_2" ns2:role="http://ferc.gov/form/2020-01-01/roles/reference/elementSequence" ns2:type="resource">
            <ns3:Form>Form 1F</ns3:Form>
        </ns0:reference>
        <ns0:loc ns2:href="ferc-core_2020-01-01.xsd#ferc_AdjustmentsToRetainedEarningsCreditAbstract" ns2:label="ferc_AdjustmentsToRetainedEarningsCreditAbstract_3" ns2:type="locator" />
        <ns0:referenceArc order="3" ns2:arcrole="http://www.xbrl.org/2003/arcrole/concept-reference" ns2:from="ferc_AdjustmentsToRetainedEarningsCreditAbstract_3" ns2:to="label_ferc_AdjustmentsToRetainedEarningsCreditAbstract_3" ns2:type="arc" />
        <ns0:reference ns2:label="label_ferc_AdjustmentsToRetainedEarningsCreditAbstract_3" ns2:role="http://ferc.gov/form/2020-01-01/roles/reference/elementSequence" ns2:type="resource">
            <ns3:ScheduleRole>http://ferc.gov/form/2020-01-01/roles/Schedule/F1F/RetainedEarnings</ns3:ScheduleRole>
            <ns3:SequenceRole>http://ferc.gov/form/2020-01-01/roles/Schedule/F1F/RetainedEarningsCredit</ns3:SequenceRole>
        </ns0:reference>
        <ns0:loc ns2:href="ferc-core_2020-01-01.xsd#ferc_AdjustmentsToRetainedEarningsDebitAbstract" ns2:label="ferc_AdjustmentsToRetainedEarningsDebitAbstract_2" ns2:type="locator" />
        <ns0:referenceArc order="2" ns2:arcrole="http://www.xbrl.org/2003/arcrole/concept-reference" ns2:from="ferc_AdjustmentsToRetainedEarningsDebitAbstract_2" ns2:to="label_ferc_AdjustmentsToRetainedEarningsDebitAbstract_2" ns2:type="arc" />
        <ns0:reference ns2:label="label_ferc_AdjustmentsToRetainedEarningsDebitAbstract_2" ns2:role="http://ferc.gov/form/2020-01-01/roles/reference/elementSequence" ns2:type="resource">
            <ns3:Form>Form 1F</ns3:Form>
        </ns0:reference>
        <ns0:loc ns2:href="ferc-core_2020-01-01.xsd#ferc_AdjustmentsToRetainedEarningsDebitAbstract" ns2:label="ferc_AdjustmentsToRetainedEarningsDebitAbstract_3" ns2:type="locator" />
        <ns0:referenceArc order="3" ns2:arcrole="http://www.xbrl.org/2003/arcrole/concept-reference" ns2:from="ferc_AdjustmentsToRetainedEarningsDebitAbstract_3" ns2:to="label_ferc_AdjustmentsToRetainedEarningsDebitAbstract_3" ns2:type="arc" />
        <ns0:reference ns2:label="label_ferc_AdjustmentsToRetainedEarningsDebitAbstract_3" ns2:role="http://ferc.gov/form/2020-01-01/roles/reference/elementSequence" ns2:type="resource">
            <ns3:ScheduleRole>http://ferc.gov/form/2020-01-01/roles/Schedule/F1F/RetainedEarnings</ns3:ScheduleRole>
            <ns3:SequenceRole>http://ferc.gov/form/2020-01-01/roles/Schedule/F1F/RetainedEarningsDebit</ns3:SequenceRole>
        </ns0:reference>
        <ns0:loc ns2:href="ferc-core_2020-01-01.xsd#ferc_AppropriationsOfRetainedEarningsAbstract" ns2:label="ferc_AppropriationsOfRetainedEarningsAbstract_2" ns2:type="locator" />
        <ns0:referenceArc order="2" ns2:arcrole="http://www.xbrl.org/2003/arcrole/concept-reference" ns2:from="ferc_AppropriationsOfRetainedEarningsAbstract_2" ns2:to="label_ferc_AppropriationsOfRetainedEarningsAbstract_2" ns2:type="arc" />
        <ns0:reference ns2:label="label_ferc_AppropriationsOfRetainedEarningsAbstract_2" ns2:role="http://ferc.gov/form/2020-01-01/roles/reference/elementSequence" ns2:type="resource">
            <ns3:Form>Form 1F</ns3:Form>
        </ns0:reference>
        <ns0:loc ns2:href="ferc-core_2020-01-01.xsd#ferc_AppropriationsOfRetainedEarningsAbstract" ns2:label="ferc_AppropriationsOfRetainedEarningsAbstract_3" ns2:type="locator" />
        <ns0:referenceArc order="3" ns2:arcrole="http://www.xbrl.org/2003/arcrole/concept-reference" ns2:from="ferc_AppropriationsOfRetainedEarningsAbstract_3" ns2:to="label_ferc_AppropriationsOfRetainedEarningsAbstract_3" ns2:type="arc" />
        <ns0:reference ns2:label="label_ferc_AppropriationsOfRetainedEarningsAbstract_3" ns2:role="http://ferc.gov/form/2020-01-01/roles/reference/elementSequence" ns2:type="resource">
            <ns3:ScheduleRole>http://ferc.gov/form/2020-01-01/roles/Schedule/F1F/RetainedEarnings</ns3:ScheduleRole>
            <ns3:SequenceRole>http://ferc.gov/form/2020-01-01/roles/Schedule/F1F/RetainedEarningsAppropriations</ns3:SequenceRole>
        </ns0:reference>
        <ns0:loc ns2:href="ferc-core_2020-01-01.xsd#ferc_DividendsDeclaredPreferredStockAbstract" ns2:label="ferc_DividendsDeclaredPreferredStockAbstract_2" ns2:type="locator" />
        <ns0:referenceArc order="2" ns2:arcrole="http://www.xbrl.org/2003/arcrole/concept-reference" ns2:from="ferc_DividendsDeclaredPreferredStockAbstract_2" ns2:to="label_ferc_DividendsDeclaredPreferredStockAbstract_2" ns2:type="arc" />
        <ns0:reference ns2:label="label_ferc_DividendsDeclaredPreferredStockAbstract_2" ns2:role="http://ferc.gov/form/2020-01-01/roles/reference/elementSequence" ns2:type="resource">
            <ns3:Form>Form 1F</ns3:Form>
        </ns0:reference>
        <ns0:loc ns2:href="ferc-core_2020-01-01.xsd#ferc_DividendsDeclaredPreferredStockAbstract" ns2:label="ferc_DividendsDeclaredPreferredStockAbstract_3" ns2:type="locator" />
        <ns0:referenceArc order="3" ns2:arcrole="http://www.xbrl.org/2003/arcrole/concept-reference" ns2:from="ferc_DividendsDeclaredPreferredStockAbstract_3" ns2:to="label_ferc_DividendsDeclaredPreferredStockAbstract_3" ns2:type="arc" />
        <ns0:reference ns2:label="label_ferc_DividendsDeclaredPreferredStockAbstract_3" ns2:role="http://ferc.gov/form/2020-01-01/roles/reference/elementSequence" ns2:type="resource">
            <ns3:ScheduleRole>http://ferc.gov/form/2020-01-01/roles/Schedule/F1F/RetainedEarnings</ns3:ScheduleRole>
            <ns3:SequenceRole>http://ferc.gov/form/2020-01-01/roles/Schedule/F1F/RetainedEarningsPreferredStock</ns3:SequenceRole>
        </ns0:reference>
        <ns0:loc ns2:href="ferc-core_2020-01-01.xsd#ferc_DividendsDeclaredCommonStockAbstract" ns2:label="ferc_DividendsDeclaredCommonStockAbstract_2" ns2:type="locator" />
        <ns0:referenceArc order="2" ns2:arcrole="http://www.xbrl.org/2003/arcrole/concept-reference" ns2:from="ferc_DividendsDeclaredCommonStockAbstract_2" ns2:to="label_ferc_DividendsDeclaredCommonStockAbstract_2" ns2:type="arc" />
        <ns0:reference ns2:label="label_ferc_DividendsDeclaredCommonStockAbstract_2" ns2:role="http://ferc.gov/form/2020-01-01/roles/reference/elementSequence" ns2:type="resource">
            <ns3:Form>Form 1F</ns3:Form>
        </ns0:reference>
        <ns0:loc ns2:href="ferc-core_2020-01-01.xsd#ferc_DividendsDeclaredCommonStockAbstract" ns2:label="ferc_DividendsDeclaredCommonStockAbstract_3" ns2:type="locator" />
        <ns0:referenceArc order="3" ns2:arcrole="http://www.xbrl.org/2003/arcrole/concept-reference" ns2:from="ferc_DividendsDeclaredCommonStockAbstract_3" ns2:to="label_ferc_DividendsDeclaredCommonStockAbstract_3" ns2:type="arc" />
        <ns0:reference ns2:label="label_ferc_DividendsDeclaredCommonStockAbstract_3" ns2:role="http://ferc.gov/form/2020-01-01/roles/reference/elementSequence" ns2:type="resource">
            <ns3:ScheduleRole>http://ferc.gov/form/2020-01-01/roles/Schedule/F1F/RetainedEarnings</ns3:ScheduleRole>
            <ns3:SequenceRole>http://ferc.gov/form/2020-01-01/roles/Schedule/F1F/RetainedEarningsCommonStock</ns3:SequenceRole>
        </ns0:reference>
        <ns0:loc ns2:href="ferc-core_2020-01-01.xsd#ferc_AppropriatedRetainedEarningsAbstract" ns2:label="ferc_AppropriatedRetainedEarningsAbstract_2" ns2:type="locator" />
        <ns0:referenceArc order="2" ns2:arcrole="http://www.xbrl.org/2003/arcrole/concept-reference" ns2:from="ferc_AppropriatedRetainedEarningsAbstract_2" ns2:to="label_ferc_AppropriatedRetainedEarningsAbstract_2" ns2:type="arc" />
        <ns0:reference ns2:label="label_ferc_AppropriatedRetainedEarningsAbstract_2" ns2:role="http://ferc.gov/form/2020-01-01/roles/reference/elementSequence" ns2:type="resource">
            <ns3:Form>Form 1F</ns3:Form>
        </ns0:reference>
        <ns0:loc ns2:href="ferc-core_2020-01-01.xsd#ferc_AppropriatedRetainedEarningsAbstract" ns2:label="ferc_AppropriatedRetainedEarningsAbstract_3" ns2:type="locator" />
        <ns0:referenceArc order="3" ns2:arcrole="http://www.xbrl.org/2003/arcrole/concept-reference" ns2:from="ferc_AppropriatedRetainedEarningsAbstract_3" ns2:to="label_ferc_AppropriatedRetainedEarningsAbstract_3" ns2:type="arc" />
        <ns0:reference ns2:label="label_ferc_AppropriatedRetainedEarningsAbstract_3" ns2:role="http://ferc.gov/form/2020-01-01/roles/reference/elementSequence" ns2:type="resource">
            <ns3:ScheduleRole>http://ferc.gov/form/2020-01-01/roles/Schedule/F1F/RetainedEarnings</ns3:ScheduleRole>
            <ns3:SequenceRole>http://ferc.gov/form/2020-01-01/roles/Schedule/F1F/RetainedEarningsAppropriated</ns3:SequenceRole>
        </ns0:reference>
        <ns0:loc ns2:href="ferc-core_2020-01-01.xsd#ferc_NoncashAdjustmentsToCashFlowsFromOperatingActivities" ns2:label="ferc_NoncashAdjustmentsToCashFlowsFromOperatingActivities_2" ns2:type="locator" />
        <ns0:referenceArc order="2" ns2:arcrole="http://www.xbrl.org/2003/arcrole/concept-reference" ns2:from="ferc_NoncashAdjustmentsToCashFlowsFromOperatingActivities_2" ns2:to="label_ferc_NoncashAdjustmentsToCashFlowsFromOperatingActivities_2" ns2:type="arc" />
        <ns0:reference ns2:label="label_ferc_NoncashAdjustmentsToCashFlowsFromOperatingActivities_2" ns2:role="http://ferc.gov/form/2020-01-01/roles/reference/elementSequence" ns2:type="resource">
            <ns3:Form>Form 1F</ns3:Form>
            <ns3:ScheduleRole>http://ferc.gov/form/2020-01-01/roles/Schedule/F1F/StatementOfCashFlows</ns3:ScheduleRole>
            <ns3:SequenceRole>http://ferc.gov/form/2020-01-01/roles/Schedule/F1F/StatementOfCashFlowsSequenceOtherOperatingCashFlows</ns3:SequenceRole>
        </ns0:reference>
        <ns0:loc ns2:href="ferc-core_2020-01-01.xsd#ferc_OtherAdjustmentsToCashFlowsFromOperatingActivities" ns2:label="ferc_OtherAdjustmentsToCashFlowsFromOperatingActivities_2" ns2:type="locator" />
        <ns0:referenceArc order="2" ns2:arcrole="http://www.xbrl.org/2003/arcrole/concept-reference" ns2:from="ferc_OtherAdjustmentsToCashFlowsFromOperatingActivities_2" ns2:to="label_ferc_OtherAdjustmentsToCashFlowsFromOperatingActivities_2" ns2:type="arc" />
        <ns0:reference ns2:label="label_ferc_OtherAdjustmentsToCashFlowsFromOperatingActivities_2" ns2:role="http://ferc.gov/form/2020-01-01/roles/reference/elementSequence" ns2:type="resource">
            <ns3:Form>Form 1F</ns3:Form>
            <ns3:ScheduleRole>http://ferc.gov/form/2020-01-01/roles/Schedule/F1F/StatementOfCashFlows</ns3:ScheduleRole>
            <ns3:SequenceRole>http://ferc.gov/form/2020-01-01/roles/Schedule/F1F/StatementOfCashFlowsSequenceOtherAdjustmentstoOperatingCashFlows</ns3:SequenceRole>
        </ns0:reference>
        <ns0:loc ns2:href="ferc-core_2020-01-01.xsd#ferc_OtherConstructionAndAcquisitionOfPlantInvestmentActivities" ns2:label="ferc_OtherConstructionAndAcquisitionOfPlantInvestmentActivities_2" ns2:type="locator" />
        <ns0:referenceArc order="2" ns2:arcrole="http://www.xbrl.org/2003/arcrole/concept-reference" ns2:from="ferc_OtherConstructionAndAcquisitionOfPlantInvestmentActivities_2" ns2:to="label_ferc_OtherConstructionAndAcquisitionOfPlantInvestmentActivities_2" ns2:type="arc" />
        <ns0:reference ns2:label="label_ferc_OtherConstructionAndAcquisitionOfPlantInvestmentActivities_2" ns2:role="http://ferc.gov/form/2020-01-01/roles/reference/elementSequence" ns2:type="resource">
            <ns3:Form>Form 1F</ns3:Form>
            <ns3:ScheduleRole>http://ferc.gov/form/2020-01-01/roles/Schedule/F1F/StatementOfCashFlows</ns3:ScheduleRole>
            <ns3:SequenceRole>http://ferc.gov/form/2020-01-01/roles/Schedule/F1F/StatementOfCashFlowsSequenceOtherAdjustmentstoInvestingCashFlows</ns3:SequenceRole>
        </ns0:reference>
        <ns0:loc ns2:href="ferc-core_2020-01-01.xsd#ferc_OtherAdjustmentsToCashFlowsFromInvestmentActivities" ns2:label="ferc_OtherAdjustmentsToCashFlowsFromInvestmentActivities_2" ns2:type="locator" />
        <ns0:referenceArc order="2" ns2:arcrole="http://www.xbrl.org/2003/arcrole/concept-reference" ns2:from="ferc_OtherAdjustmentsToCashFlowsFromInvestmentActivities_2" ns2:to="label_ferc_OtherAdjustmentsToCashFlowsFromInvestmentActivities_2" ns2:type="arc" />
        <ns0:reference ns2:label="label_ferc_OtherAdjustmentsToCashFlowsFromInvestmentActivities_2" ns2:role="http://ferc.gov/form/2020-01-01/roles/reference/elementSequence" ns2:type="resource">
            <ns3:Form>Form 1F</ns3:Form>
            <ns3:ScheduleRole>http://ferc.gov/form/2020-01-01/roles/Schedule/F1F/StatementOfCashFlows</ns3:ScheduleRole>
            <ns3:SequenceRole>http://ferc.gov/form/2020-01-01/roles/Schedule/F1F/StatementOfCashFlowsSequenceOtherItemsforInvestingCashFlows</ns3:SequenceRole>
        </ns0:reference>
        <ns0:loc ns2:href="ferc-core_2020-01-01.xsd#ferc_OtherAdjustmentsToCashFlowsFromFinancingActivities" ns2:label="ferc_OtherAdjustmentsToCashFlowsFromFinancingActivities_2" ns2:type="locator" />
        <ns0:referenceArc order="2" ns2:arcrole="http://www.xbrl.org/2003/arcrole/concept-reference" ns2:from="ferc_OtherAdjustmentsToCashFlowsFromFinancingActivities_2" ns2:to="label_ferc_OtherAdjustmentsToCashFlowsFromFinancingActivities_2" ns2:type="arc" />
        <ns0:reference ns2:label="label_ferc_OtherAdjustmentsToCashFlowsFromFinancingActivities_2" ns2:role="http://ferc.gov/form/2020-01-01/roles/reference/elementSequence" ns2:type="resource">
            <ns3:Form>Form 1F</ns3:Form>
            <ns3:ScheduleRole>http://ferc.gov/form/2020-01-01/roles/Schedule/F1F/StatementOfCashFlows</ns3:ScheduleRole>
            <ns3:SequenceRole>http://ferc.gov/form/2020-01-01/roles/Schedule/F1F/StatementOfCashFlowsSequenceOtherAdjustmentstoFinancingCashFlows</ns3:SequenceRole>
        </ns0:reference>
        <ns0:loc ns2:href="ferc-core_2020-01-01.xsd#ferc_OtherAdjustmentsByOutsideSourcesToCashFlowsFromFinancingActivities" ns2:label="ferc_OtherAdjustmentsByOutsideSourcesToCashFlowsFromFinancingActivities_2" ns2:type="locator" />
        <ns0:referenceArc order="2" ns2:arcrole="http://www.xbrl.org/2003/arcrole/concept-reference" ns2:from="ferc_OtherAdjustmentsByOutsideSourcesToCashFlowsFromFinancingActivities_2" ns2:to="label_ferc_OtherAdjustmentsByOutsideSourcesToCashFlowsFromFinancingActivities_2" ns2:type="arc" />
        <ns0:reference ns2:label="label_ferc_OtherAdjustmentsByOutsideSourcesToCashFlowsFromFinancingActivities_2" ns2:role="http://ferc.gov/form/2020-01-01/roles/reference/elementSequence" ns2:type="resource">
            <ns3:Form>Form 1F</ns3:Form>
            <ns3:ScheduleRole>http://ferc.gov/form/2020-01-01/roles/Schedule/F1F/StatementOfCashFlows</ns3:ScheduleRole>
            <ns3:SequenceRole>http://ferc.gov/form/2020-01-01/roles/Schedule/F1F/StatementOfCashFlowsSequenceOtherAdjustmentsByOutsideForvestoFinancingCashFlows</ns3:SequenceRole>
        </ns0:reference>
        <ns0:loc ns2:href="ferc-core_2020-01-01.xsd#ferc_OtherRetirementsOfBalancesImpactingCashFlowsFromFinancingActivities" ns2:label="ferc_OtherRetirementsOfBalancesImpactingCashFlowsFromFinancingActivities_2" ns2:type="locator" />
        <ns0:referenceArc order="2" ns2:arcrole="http://www.xbrl.org/2003/arcrole/concept-reference" ns2:from="ferc_OtherRetirementsOfBalancesImpactingCashFlowsFromFinancingActivities_2" ns2:to="label_ferc_OtherRetirementsOfBalancesImpactingCashFlowsFromFinancingActivities_2" ns2:type="arc" />
        <ns0:reference ns2:label="label_ferc_OtherRetirementsOfBalancesImpactingCashFlowsFromFinancingActivities_2" ns2:role="http://ferc.gov/form/2020-01-01/roles/reference/elementSequence" ns2:type="resource">
            <ns3:Form>Form 1F</ns3:Form>
            <ns3:ScheduleRole>http://ferc.gov/form/2020-01-01/roles/Schedule/F1F/StatementOfCashFlows</ns3:ScheduleRole>
            <ns3:SequenceRole>http://ferc.gov/form/2020-01-01/roles/Schedule/F1F/StatementOfCashFlowsSequenceOtherRetirementsImpactingCashFlows</ns3:SequenceRole>
        </ns0:reference>
        <ns0:loc ns2:href="ferc-core_2020-01-01.xsd#ferc_OtherElectricPlantAdjustmentsRollforwardAbstract" ns2:label="ferc_OtherElectricPlantAdjustmentsRollforwardAbstract" ns2:type="locator" />
        <ns0:referenceArc order="1" ns2:arcrole="http://www.xbrl.org/2003/arcrole/concept-reference" ns2:from="ferc_OtherElectricPlantAdjustmentsRollforwardAbstract" ns2:to="label_ferc_OtherElectricPlantAdjustmentsRollforwardAbstract" ns2:type="arc" />
        <ns0:reference ns2:label="label_ferc_OtherElectricPlantAdjustmentsRollforwardAbstract" ns2:role="http://ferc.gov/form/2020-01-01/roles/reference/elementSequence" ns2:type="resource">
            <ns3:Form>F1F - 020 - Schedule - Utility Plant Data</ns3:Form>
            <ns3:ScheduleRole>http://ferc.gov/form/2020-01-01/roles/Schedule/F1F/UtilityPlantData</ns3:ScheduleRole>
            <ns3:SequenceRole>http://ferc.gov/form/2020-01-01/roles/Schedule/F1F/UtilityPlantDataAdjustments</ns3:SequenceRole>
            <ns3:SequenceDimension>ferc:OtherElectricPlantAdjustmentsAxis</ns3:SequenceDimension>
        </ns0:reference>
        <ns0:loc ns2:href="ferc-core_2020-01-01.xsd#ferc_OtherUtilityPlantRollforwardAbstract" ns2:label="ferc_OtherUtilityPlantRollforwardAbstract" ns2:type="locator" />
        <ns0:referenceArc order="1" ns2:arcrole="http://www.xbrl.org/2003/arcrole/concept-reference" ns2:from="ferc_OtherUtilityPlantRollforwardAbstract" ns2:to="label_ferc_OtherUtilityPlantRollforwardAbstract" ns2:type="arc" />
        <ns0:reference ns2:label="label_ferc_OtherUtilityPlantRollforwardAbstract" ns2:role="http://ferc.gov/form/2020-01-01/roles/reference/elementSequence" ns2:type="resource">
            <ns3:Form>F1F - 020 - Schedule - Utility Plant Data</ns3:Form>
            <ns3:ScheduleRole>http://ferc.gov/form/2020-01-01/roles/Schedule/F1F/UtilityPlantData</ns3:ScheduleRole>
            <ns3:SequenceRole>http://ferc.gov/form/2020-01-01/roles/Schedule/F1F/UtilityPlantDataDepartments</ns3:SequenceRole>
            <ns3:SequenceDimension>ferc:OtherUtilityPlantAxis</ns3:SequenceDimension>
        </ns0:reference>
    </ns0:referenceLink>
</ns0:linkbase>