<ns0:linkbase xmlns:ns0="http://www.xbrl.org/2003/linkbase" xmlns:ns2="http://www.w3.org/1999/xlink" xmlns:xsi="http://www.w3.org/2001/XMLSchema-instance" xsi:schemaLocation="http://www.xbrl.org/2003/linkbase http://www.xbrl.org/2003/xbrl-linkbase-2003-12-31.xsd                       http://xbrl.org/2008/generic http://www.xbrl.org/2008/generic-link.xsd">
    <ns0:arcroleRef arcroleURI="http://eforms.ferc.gov/form/2020-01-01/arcroles/schedule-form" ns2:href="ferc-core-arcroles_2020-01-01.xsd#schedule-form" ns2:type="simple" />
    <ns0:roleRef roleURI="http://ferc.gov/form/2020-01-01/roles/Schedule/F1F/TableOfContents" ns2:href="schedule/F1F-TableOfContents/form-1F-sched-TableOfContents_2020-01-01.xsd#roleType_TableOfContents" ns2:type="simple" />
    <ns0:roleRef roleURI="http://ferc.gov/form/2020-01-01/roles/Schedule/F1F/RetainedEarningsDebit" ns2:href="schedule/F1F-RetainedEarnings/form-1F-sched-RetainedEarnings_2020-01-01.xsd#roleType_RetainedEarningsDebit" ns2:type="simple" />
    <ns0:roleRef roleURI="http://ferc.gov/form/2020-01-01/roles/Schedule/F1/IncomeStatment" ns2:href="schedule/StatementOfIncome/form-1-sched-StatementOfIncome_2020-01-01.xsd#roleType_IncomeStatment" ns2:type="simple" />
    <ns0:roleRef roleURI="http://ferc.gov/form/2020-01-01/roles/Schedule/F1F/NotesToFinancialStatements" ns2:href="schedule/F1F-NotesToFinancialStatements/form-1F-sched-NotesToFinancialStatements_2020-01-01.xsd#roleType_NotesToFinancialStatements" ns2:type="simple" />
    <ns0:roleRef roleURI="http://ferc.gov/form/2020-01-01/roles/Schedule/F1F/StatementOfIncomeForTheYearAmortizationExpense" ns2:href="schedule/F1F-StatementOfIncomeForTheYear/form-1F-sched-StatementOfIncomeForTheYear_2020-01-01.xsd#roleType_StatementOfIncomeForTheYearAmortizationExpense" ns2:type="simple" />
    <ns0:roleRef roleURI="http://ferc.gov/form/2020-01-01/roles/Schedule/F1/RetainedEarningsAppropriations" ns2:href="schedule/RetainedEarnings/form-1-sched-RetainedEarnings_2020-01-01.xsd#roleType_RetainedEarningsAppropriations" ns2:type="simple" />
    <ns0:roleRef roleURI="http://ferc.gov/form/2020-01-01/roles/Schedule/F1/ScheduleOtherRegulatoryLiabilities" ns2:href="schedule/OtherRegulatoryLiabilities/form-1-sched-OtherRegulatoryLiabilities_2020-01-01.xsd#roleType_ScheduleOtherRegulatoryLiabilities" ns2:type="simple" />
    <ns0:roleRef roleURI="http://ferc.gov/form/2020-01-01/roles/Schedule/F1/ScheduleMonthlyTransmissionSystemPeakLoad" ns2:href="schedule/ScheduleMonthlyTransmissionSystemPeakLoad/form-1-sched-ScheduleMonthlyTransmissionSystemPeakLoad_2020-01-01.xsd#roleType_ScheduleMonthlyTransmissionSystemPeakLoad" ns2:type="simple" />
    <ns0:roleRef roleURI="http://ferc.gov/form/2020-01-01/roles/Schedule/F1F/AnnualCorporateOfficerCertification" ns2:href="schedule/F1F-AnnualCorporateOfficerCertification/form-1F-sched-AnnualCorporateOfficerCertification_2020-01-01.xsd#roleType_AnnualCorporateOfficerCertification" ns2:type="simple" />
    <ns0:roleRef roleURI="http://ferc.gov/form/2020-01-01/roles/Schedule/F1/PurchasedPower" ns2:href="schedule/PurchasedPower/form-1-sched-PurchasedPower_2020-01-01.xsd#roleType_PurchasedPower" ns2:type="simple" />
    <ns0:roleRef roleURI="http://ferc.gov/form/2020-01-01/roles/Schedule/F1F/RetainedEarningsPreferredStock" ns2:href="schedule/F1F-RetainedEarnings/form-1F-sched-RetainedEarnings_2020-01-01.xsd#roleType_RetainedEarningsPreferredStock" ns2:type="simple" />
    <ns0:roleRef roleURI="http://ferc.gov/form/2020-01-01/roles/Schedule/F1F/AllowancesPurchases" ns2:href="schedule/F1F-Allowances/form-1F-sched-Allowances_2020-01-01.xsd#roleType_AllowancesPurchases" ns2:type="simple" />
    <ns0:roleRef roleURI="http://ferc.gov/form/2020-01-01/roles/Schedule/F1/RetainedEarningsCommonStock" ns2:href="schedule/RetainedEarnings/form-1-sched-RetainedEarnings_2020-01-01.xsd#roleType_RetainedEarningsCommonStock" ns2:type="simple" />
    <ns0:roleRef roleURI="http://ferc.gov/form/2020-01-01/roles/Schedule/F1F/OtherRegulatoryAssets" ns2:href="schedule/F1F-OtherRegulatoryAssets/form-1F-sched-OtherRegulatoryAssets_2020-01-01.xsd#roleType_OtherRegulatoryAssets" ns2:type="simple" />
    <ns0:roleRef roleURI="http://ferc.gov/form/2020-01-01/roles/Schedule/F1F/TransmissionServiceAndGenerationInterconnectionStudyCosts" ns2:href="schedule/F1F-TransmissionServiceAndGenerationInterconnectionStudyCosts/form-1F-sched-TransmissionServiceAndGenerationInterconnectionStudyCosts_2020-01-01.xsd#roleType_TransmissionServiceAndGenerationInterconnectionStudyCosts" ns2:type="simple" />
    <ns0:roleRef roleURI="http://ferc.gov/form/2020-01-01/roles/Schedule/F1F/ComparativeBalanceSheetAssetsAndOtherDebits" ns2:href="schedule/F1F-ComparativeBalanceSheet/form-1F-sched-ComparativeBalanceSheet_2020-01-01.xsd#roleType_ComparativeBalanceSheetAssetsAndOtherDebits" ns2:type="simple" />
    <ns0:roleRef roleURI="http://ferc.gov/form/2020-01-01/roles/Schedule/F1F/StatementOfIncomeForTheYear" ns2:href="schedule/F1F-StatementOfIncomeForTheYear/form-1F-sched-StatementOfIncomeForTheYear_2020-01-01.xsd#roleType_StatementOfIncomeForTheYear" ns2:type="simple" />
    <ns0:roleRef roleURI="http://ferc.gov/form/2020-01-01/roles/Schedule/F1/UnappropriatedUndistributedSubsidiaryEarnings" ns2:href="schedule/RetainedEarnings/form-1-sched-RetainedEarnings_2020-01-01.xsd#roleType_UnappropriatedUndistributedSubsidiaryEarnings" ns2:type="simple" />
    <ns0:roleRef roleURI="http://ferc.gov/form/2020-01-01/roles/Schedule/F1F/SalesForResale" ns2:href="schedule/F1F-SalesForResale/form-1F-sched-SalesForResale_2020-01-01.xsd#roleType_SalesForResale" ns2:type="simple" />
    <ns0:roleRef roleURI="http://ferc.gov/form/2020-01-01/roles/Schedule/F1/ScheduleUtilityPlantAndAccumulatedProvisionsForDepreciation" ns2:href="schedule/ScheduleUtilityPlantAndAccumulatedProvisionsForDepreciation/form-1-sched-ScheduleUtilityPlantAndAccumulatedProvisionsForDepreciation_2020-01-01.xsd#roleType_ScheduleUtilityPlantAndAccumulatedProvisionsForDepreciation" ns2:type="simple" />
    <ns0:roleRef roleURI="http://ferc.gov/form/2020-01-01/roles/Schedule/F1F/UtilityPlantData" ns2:href="schedule/F1F-UtilityPlantData/form-1F-sched-UtilityPlantData_2020-01-01.xsd#roleType_UtilityPlantData" ns2:type="simple" />
    <ns0:roleRef roleURI="http://ferc.gov/form/2020-01-01/roles/Schedule/F1F/ComparativeBalanceSheetLiabilitiesAndOtherCredits" ns2:href="schedule/F1F-ComparativeBalanceSheet/form-1F-sched-ComparativeBalanceSheet_2020-01-01.xsd#roleType_ComparativeBalanceSheetLiabilitiesAndOtherCredits" ns2:type="simple" />
    <ns0:roleRef roleURI="http://ferc.gov/form/2020-01-01/roles/Schedule/F1/RetainedEarningsCredit" ns2:href="schedule/RetainedEarnings/form-1-sched-RetainedEarnings_2020-01-01.xsd#roleType_RetainedEarningsCredit" ns2:type="simple" />
    <ns0:roleRef roleURI="http://ferc.gov/form/2020-01-01/roles/Schedule/F1F/RetainedEarningsCredit" ns2:href="schedule/F1F-RetainedEarnings/form-1F-sched-RetainedEarnings_2020-01-01.xsd#roleType_RetainedEarningsCredit" ns2:type="simple" />
    <ns0:roleRef roleURI="http://ferc.gov/form/2020-01-01/roles/Schedule/F1/ScheduleSalesForResaleTotal" ns2:href="schedule/SalesForResale/form-1-sched-SalesForResale_2020-01-01.xsd#roleType_ScheduleSalesForResaleTotal" ns2:type="simple" />
    <ns0:roleRef roleURI="http://ferc.gov/form/2020-01-01/roles/Schedule/F1F/DataOnOfficersAndDirectors" ns2:href="schedule/F1F-DataOnOfficersAndDirectors/form-1F-sched-DataOnOfficersAndDirectors_2020-01-01.xsd#roleType_DataOnOfficersAndDirectors" ns2:type="simple" />
    <ns0:roleRef roleURI="http://ferc.gov/form/2020-01-01/roles/Schedule/F1/RetainedEarningsDebit" ns2:href="schedule/RetainedEarnings/form-1-sched-RetainedEarnings_2020-01-01.xsd#roleType_RetainedEarningsDebit" ns2:type="simple" />
    <ns0:roleRef roleURI="http://ferc.gov/form/2020-01-01/roles/Schedule/F1F/StatementOfCashFlows" ns2:href="schedule/F1F-StatementOfCashFlows/form-1F-sched-StatementOfCashFlows_2020-01-01.xsd#roleType_StatementOfCashFlows" ns2:type="simple" />
    <ns0:roleRef roleURI="http://ferc.gov/form/2020-01-01/roles/Schedule/F1F/UtilityPlantDataAdjustments" ns2:href="schedule/F1F-UtilityPlantData/form-1F-sched-UtilityPlantData_2020-01-01.xsd#roleType_UtilityPlantDataAdjustments" ns2:type="simple" />
    <ns0:roleRef roleURI="http://ferc.gov/form/2020-01-01/roles/Schedule/F1F/AllowancesOtherRelinquished" ns2:href="schedule/F1F-Allowances/form-1F-sched-Allowances_2020-01-01.xsd#roleType_AllowancesOtherRelinquished" ns2:type="simple" />
    <ns0:roleRef roleURI="http://ferc.gov/form/2020-01-01/roles/Schedule/F1/ScheduleSalesForResale" ns2:href="schedule/SalesForResale/form-1-sched-SalesForResale_2020-01-01.xsd#roleType_ScheduleSalesForResale" ns2:type="simple" />
    <ns0:roleRef roleURI="http://ferc.gov/form/2020-01-01/roles/Schedule/F1F/ElectricOperationsAndMaintenanceExpenses" ns2:href="schedule/F1F-ElectricOperationsAndMaintenanceExpenses/form-1F-sched-ElectricOperationsAndMaintenanceExpenses_2020-01-01.xsd#roleType_ElectricOperationsAndMaintenanceExpenses" ns2:type="simple" />
    <ns0:roleRef roleURI="http://ferc.gov/form/2020-01-01/roles/Schedule/F1/RetainedEarningsPreferredStock" ns2:href="schedule/RetainedEarnings/form-1-sched-RetainedEarnings_2020-01-01.xsd#roleType_RetainedEarningsPreferredStock" ns2:type="simple" />
    <ns0:roleRef roleURI="http://ferc.gov/form/2020-01-01/roles/Schedule/F1F/StatementOfCashFlowsSequenceOtherAdjustmentsByOutsideForvestoFinancingCashFlows" ns2:href="schedule/F1F-StatementOfCashFlows/form-1F-sched-StatementOfCashFlows_2020-01-01.xsd#roleType_StatementOfCashFlowsSequenceOtherAdjustmentsByOutsideForvestoFinancingCashFlows" ns2:type="simple" />
    <ns0:roleRef roleURI="http://ferc.gov/form/2020-01-01/roles/Schedule/F1F/UtilityPlantDataDepartments" ns2:href="schedule/F1F-UtilityPlantData/form-1F-sched-UtilityPlantData_2020-01-01.xsd#roleType_UtilityPlantDataDepartments" ns2:type="simple" />
    <ns0:roleRef roleURI="http://ferc.gov/form/2020-01-01/roles/Schedule/F1/StatementOfAccumulatedOtherComprehensiveIncomeComprehensiveIncomeAndHedgingActivities" ns2:href="schedule/StatementOfAccumOtherCompIncCompIncAndHedgingActivities/form-1-sched-StatementOfAccumOtherCompIncCompIncAndHedgingActivities_2020-01-01.xsd#roleType_StatementOfAccumulatedOtherComprehensiveIncomeComprehensiveIncomeAndHedgingActivities" ns2:type="simple" />
    <ns0:roleRef roleURI="http://ferc.gov/form/2020-01-01/roles/Schedule/F1/SchedulePurchasesAndSalesOfAncillaryServices" ns2:href="schedule/SchedulePurchasesAndSalesOfAncillaryServices/form-1-sched-SchedulePurchasesAndSalesOfAncillaryServices_2020-01-01.xsd#roleType_SchedulePurchasesAndSalesOfAncillaryServices" ns2:type="simple" />
    <ns0:roleRef roleURI="http://ferc.gov/form/2020-01-01/roles/Schedule/F1F/ElectricSalesDataForTheYear" ns2:href="schedule/F1F-ElectricSalesDataForTheYear/form-1F-sched-ElectricSalesDataForTheYear_2020-01-01.xsd#roleType_ElectricSalesDataForTheYear" ns2:type="simple" />
    <ns0:roleRef roleURI="http://ferc.gov/form/2020-01-01/roles/Schedule/F1/ScheduleAccumulatedProvisionForDepreciationOfElectricUtilityPlantB" ns2:href="schedule/AccumulatedProvisionForDepreciationOfElectricUtilityPlantA/form-1-sched-AccumulatedProvisionForDepreciationOfElectricUtilityPlantA_2020-01-01.xsd#roleType_ScheduleAccumulatedProvisionForDepreciationOfElectricUtilityPlantB" ns2:type="simple" />
    <ns0:roleRef roleURI="http://ferc.gov/form/2020-01-01/roles/Schedule/F1F/StatementOfCashFlowsSequenceOtherAdjustmentstoFinancingCashFlows" ns2:href="schedule/F1F-StatementOfCashFlows/form-1F-sched-StatementOfCashFlows_2020-01-01.xsd#roleType_StatementOfCashFlowsSequenceOtherAdjustmentstoFinancingCashFlows" ns2:type="simple" />
    <ns0:roleRef roleURI="http://ferc.gov/form/2020-01-01/roles/Schedule/F1/AccumulatedProvisionForDepreciationOfElectricUtilityPlantA" ns2:href="schedule/AccumulatedProvisionForDepreciationOfElectricUtilityPlantA/form-1-sched-AccumulatedProvisionForDepreciationOfElectricUtilityPlantA_2020-01-01.xsd#roleType_AccumulatedProvisionForDepreciationOfElectricUtilityPlantA" ns2:type="simple" />
    <ns0:roleRef roleURI="http://ferc.gov/form/2020-01-01/roles/Schedule/F1F/AllowancesCostOfSales" ns2:href="schedule/F1F-Allowances/form-1F-sched-Allowances_2020-01-01.xsd#roleType_AllowancesCostOfSales" ns2:type="simple" />
    <ns0:roleRef roleURI="http://ferc.gov/form/2020-01-01/roles/Schedule/F1F/CapitalStockData" ns2:href="schedule/F1F-CapitalStockData/form-1F-sched-CapitalStockData_2020-01-01.xsd#roleType_CapitalStockData" ns2:type="simple" />
    <ns0:roleRef roleURI="http://ferc.gov/form/2020-01-01/roles/Schedule/F1F/ElectricSalesDataForTheYearOther" ns2:href="schedule/F1F-ElectricSalesDataForTheYear/form-1F-sched-ElectricSalesDataForTheYear_2020-01-01.xsd#roleType_ElectricSalesDataForTheYearOther" ns2:type="simple" />
    <ns0:roleRef roleURI="http://ferc.gov/form/2020-01-01/roles/Schedule/F1F/StatementOfCashFlowsSequenceOtherAdjustmentstoInvestingCashFlows" ns2:href="schedule/F1F-StatementOfCashFlows/form-1F-sched-StatementOfCashFlows_2020-01-01.xsd#roleType_StatementOfCashFlowsSequenceOtherAdjustmentstoInvestingCashFlows" ns2:type="simple" />
    <ns0:roleRef roleURI="http://ferc.gov/form/2020-01-01/roles/Schedule/F1F/PurchasedPower" ns2:href="schedule/F1F-PurchasedPower/form-1F-sched-PurchasedPower_2020-01-01.xsd#roleType_PurchasedPower" ns2:type="simple" />
    <ns0:roleRef roleURI="http://ferc.gov/form/2020-01-01/roles/Schedule/F1F/FootnoteData" ns2:href="schedule/F1F-FootnoteData/form-1F-sched-FootnoteData_2020-01-01.xsd#roleType_FootnoteData" ns2:type="simple" />
    <ns0:roleRef roleURI="http://ferc.gov/form/2020-01-01/roles/Schedule/F1F/StatementOfCashFlowsSequenceOtherAdjustmentstoOperatingCashFlows" ns2:href="schedule/F1F-StatementOfCashFlows/form-1F-sched-StatementOfCashFlows_2020-01-01.xsd#roleType_StatementOfCashFlowsSequenceOtherAdjustmentstoOperatingCashFlows" ns2:type="simple" />
    <ns0:roleRef roleURI="http://ferc.gov/form/2020-01-01/roles/Schedule/F1/AccumulatedProvisionForDepreciationOfElectricUtilityPlantAOtherAccounts" ns2:href="schedule/AccumulatedProvisionForDepreciationOfElectricUtilityPlantA/form-1-sched-AccumulatedProvisionForDepreciationOfElectricUtilityPlantA_2020-01-01.xsd#roleType_AccumulatedProvisionForDepreciationOfElectricUtilityPlantAOtherAccounts" ns2:type="simple" />
    <ns0:roleRef roleURI="http://ferc.gov/form/2020-01-01/roles/Schedule/F1/ScheduleElectricOperatingRevenues" ns2:href="schedule/ElectricOperatingRevenues/form-1-sched-ElectricOperatingRevenues_2020-01-01.xsd#roleType_ScheduleElectricOperatingRevenues" ns2:type="simple" />
    <ns0:roleRef roleURI="http://ferc.gov/form/2020-01-01/roles/Schedule/F1F/RetainedEarnings" ns2:href="schedule/F1F-RetainedEarnings/form-1F-sched-RetainedEarnings_2020-01-01.xsd#roleType_RetainedEarnings" ns2:type="simple" />
    <ns0:roleRef roleURI="http://ferc.gov/form/2020-01-01/roles/Schedule/F1F/Identification" ns2:href="schedule/F1F-Identification/form-1F-sched-Identification_2020-01-01.xsd#roleType_Identification" ns2:type="simple" />
    <ns0:roleRef roleURI="http://ferc.gov/form/2020-01-01/roles/Schedule/F1F/StatementOfCashFlowsSequenceOtherItemsforInvestingCashFlows" ns2:href="schedule/F1F-StatementOfCashFlows/form-1F-sched-StatementOfCashFlows_2020-01-01.xsd#roleType_StatementOfCashFlowsSequenceOtherItemsforInvestingCashFlows" ns2:type="simple" />
    <ns0:roleRef roleURI="http://ferc.gov/form/2020-01-01/roles/Schedule/F1/AccumulatedProvisionForDepreciationOfElectricUtilityPlantAOtherItems" ns2:href="schedule/AccumulatedProvisionForDepreciationOfElectricUtilityPlantA/form-1-sched-AccumulatedProvisionForDepreciationOfElectricUtilityPlantA_2020-01-01.xsd#roleType_AccumulatedProvisionForDepreciationOfElectricUtilityPlantAOtherItems" ns2:type="simple" />
    <ns0:roleRef roleURI="http://ferc.gov/form/2020-01-01/roles/Schedule/F1/ScheduleElectricOperatingRevenuesOther" ns2:href="schedule/ElectricOperatingRevenues/form-1-sched-ElectricOperatingRevenues_2020-01-01.xsd#roleType_ScheduleElectricOperatingRevenuesOther" ns2:type="simple" />
    <ns0:roleRef roleURI="http://ferc.gov/form/2020-01-01/roles/Schedule/F1F/RetainedEarningsAppropriated" ns2:href="schedule/F1F-RetainedEarnings/form-1F-sched-RetainedEarnings_2020-01-01.xsd#roleType_RetainedEarningsAppropriated" ns2:type="simple" />
    <ns0:roleRef roleURI="http://ferc.gov/form/2020-01-01/roles/Schedule/F1F/Allowances" ns2:href="schedule/F1F-Allowances/form-1F-sched-Allowances_2020-01-01.xsd#roleType_Allowances" ns2:type="simple" />
    <ns0:roleRef roleURI="http://ferc.gov/form/2020-01-01/roles/Schedule/F1F/AmountsIncludedInIsoRtoSettlementStatements" ns2:href="schedule/F1F-AmountsIncludedInIsoRtoSettlementStatements/form-1F-sched-AmountsIncludedInIsoRtoSettlementStatements_2020-01-01.xsd#roleType_AmountsIncludedInIsoRtoSettlementStatements" ns2:type="simple" />
    <ns0:roleRef roleURI="http://ferc.gov/form/2020-01-01/roles/Schedule/F1/RetainedEarningsAppropriated" ns2:href="schedule/RetainedEarnings/form-1-sched-RetainedEarnings_2020-01-01.xsd#roleType_RetainedEarningsAppropriated" ns2:type="simple" />
    <ns0:roleRef roleURI="http://ferc.gov/form/2020-01-01/roles/Schedule/F1F/LongTermDebtData" ns2:href="schedule/F1F-LongTermDebtData/form-1F-sched-LongTermDebtData_2020-01-01.xsd#roleType_LongTermDebtData" ns2:type="simple" />
    <ns0:roleRef roleURI="http://ferc.gov/form/2020-01-01/roles/Schedule/F1F/StatementOfCashFlowsSequenceOtherOperatingCashFlows" ns2:href="schedule/F1F-StatementOfCashFlows/form-1F-sched-StatementOfCashFlows_2020-01-01.xsd#roleType_StatementOfCashFlowsSequenceOtherOperatingCashFlows" ns2:type="simple" />
    <ns0:roleRef roleURI="http://ferc.gov/form/2020-01-01/roles/Schedule/F1/ScheduleElectricOperatingRevenuesUnbilledRevenues" ns2:href="schedule/ElectricOperatingRevenues/form-1-sched-ElectricOperatingRevenues_2020-01-01.xsd#roleType_ScheduleElectricOperatingRevenuesUnbilledRevenues" ns2:type="simple" />
    <ns0:roleRef roleURI="http://ferc.gov/form/2020-01-01/roles/Schedule/F1/ComparativeBalanceSheetAssets" ns2:href="schedule/ComparativeBalanceSheet/form-1-sched-ComparativeBalanceSheet_2020-01-01.xsd#roleType_ComparativeBalanceSheetAssets" ns2:type="simple" />
    <ns0:roleRef roleURI="http://ferc.gov/form/2020-01-01/roles/Schedule/F1F/RetainedEarningsAppropriations" ns2:href="schedule/F1F-RetainedEarnings/form-1F-sched-RetainedEarnings_2020-01-01.xsd#roleType_RetainedEarningsAppropriations" ns2:type="simple" />
    <ns0:roleRef roleURI="http://ferc.gov/form/2020-01-01/roles/Schedule/F1/RetainedEarnings" ns2:href="schedule/RetainedEarnings/form-1-sched-RetainedEarnings_2020-01-01.xsd#roleType_RetainedEarnings" ns2:type="simple" />
    <ns0:roleRef roleURI="http://ferc.gov/form/2020-01-01/roles/Schedule/F1F/StatementOfCashFlowsSequenceOtherRetirementsImpactingCashFlows" ns2:href="schedule/F1F-StatementOfCashFlows/form-1F-sched-StatementOfCashFlows_2020-01-01.xsd#roleType_StatementOfCashFlowsSequenceOtherRetirementsImpactingCashFlows" ns2:type="simple" />
    <ns0:roleRef roleURI="http://ferc.gov/form/2020-01-01/roles/Schedule/F1/ComparativeBalanceSheetLiabilities" ns2:href="schedule/ComparativeBalanceSheet/form-1-sched-ComparativeBalanceSheet_2020-01-01.xsd#roleType_ComparativeBalanceSheetLiabilities" ns2:type="simple" />
    <ns0:roleRef roleURI="http://ferc.gov/form/2020-01-01/roles/Schedule/F1/ScheduleElectricOperationAndMaintenanceExpenses" ns2:href="schedule/ElectricOperationAndMaintenanceExpenses/form-1-sched-ElectricOperationAndMaintenanceExpenses_2020-01-01.xsd#roleType_ScheduleElectricOperationAndMaintenanceExpenses" ns2:type="simple" />
    <ns0:roleRef roleURI="http://ferc.gov/form/2020-01-01/roles/Schedule/F1F/RetainedEarningsCommonStock" ns2:href="schedule/F1F-RetainedEarnings/form-1F-sched-RetainedEarnings_2020-01-01.xsd#roleType_RetainedEarningsCommonStock" ns2:type="simple" />
    <ns0:roleRef roleURI="http://ferc.gov/form/2020-01-01/roles/Schedule/F1F/AccumulatedProvisionForDepreciationAndAmortizationOfUtilityPlant" ns2:href="schedule/F1F-AccumulatedProvisionForDepreciationAndAmortizationOfUtilityPlant/form-1F-sched-AccumulatedProvisionForDepreciationAndAmortizationOfUtilityPlant_2020-01-01.xsd#roleType_AccumulatedProvisionForDepreciationAndAmortizationOfUtilityPlant" ns2:type="simple" />
    <ns0:roleRef roleURI="http://ferc.gov/form/2020-01-01/roles/Schedule/F1/ElectricPlantInService" ns2:href="schedule/ElectricPlantInService/form-1-sched-ElectricPlantInService_2020-01-01.xsd#roleType_ElectricPlantInService" ns2:type="simple" />
    <ns0:presentationLink ns2:role="http://ferc.gov/form/2020-01-01/roles/Schedule/F1F/TableOfContents" ns2:type="extended">
        <ns0:loc ns2:href="ferc-core_2020-01-01.xsd#ferc_Form1FAbstract" ns2:label="lab_Form1FAbstract" ns2:type="locator" />
        <ns0:loc ns2:href="ferc-core_2020-01-01.xsd#ferc_ScheduleListOfSchedulesAbstract" ns2:label="lab_ScheduleListOfSchedulesAbstract" ns2:type="locator" />
        <ns0:presentationArc order="-1" ns2:arcrole="http://eforms.ferc.gov/form/2020-01-01/arcroles/schedule-form" ns2:from="lab_ScheduleListOfSchedulesAbstract" ns2:to="lab_Form1FAbstract" ns2:type="arc" />
    </ns0:presentationLink>
    <ns0:presentationLink ns2:role="http://ferc.gov/form/2020-01-01/roles/Schedule/F1F/AllowancesPurchases" ns2:type="extended">
        <ns0:loc ns2:href="ferc-core_2020-01-01.xsd#ferc_Form1FAbstract" ns2:label="lab_Form1FAbstract" ns2:type="locator" />
        <ns0:loc ns2:href="ferc-core_2020-01-01.xsd#ferc_ScheduleAllowanceInventoryAbstract" ns2:label="lab_ScheduleAllowanceInventoryAbstract" ns2:type="locator" />
        <ns0:presentationArc order="-1" ns2:arcrole="http://eforms.ferc.gov/form/2020-01-01/arcroles/schedule-form" ns2:from="lab_ScheduleAllowanceInventoryAbstract" ns2:to="lab_Form1FAbstract" ns2:type="arc" />
    </ns0:presentationLink>
    <ns0:presentationLink ns2:role="http://ferc.gov/form/2020-01-01/roles/Schedule/F1/PurchasedPower" ns2:type="extended">
        <ns0:loc ns2:href="ferc-core_2020-01-01.xsd#ferc_Form1FAbstract" ns2:label="lab_Form1FAbstract" ns2:type="locator" />
        <ns0:loc ns2:href="ferc-core_2020-01-01.xsd#ferc_SchedulePurchasedPowerAbstract" ns2:label="lab_SchedulePurchasedPowerAbstract" ns2:type="locator" />
        <ns0:presentationArc order="-1" ns2:arcrole="http://eforms.ferc.gov/form/2020-01-01/arcroles/schedule-form" ns2:from="lab_SchedulePurchasedPowerAbstract" ns2:to="lab_Form1FAbstract" ns2:type="arc" />
    </ns0:presentationLink>
    <ns0:presentationLink ns2:role="http://ferc.gov/form/2020-01-01/roles/Schedule/F1F/CapitalStockData" ns2:type="extended">
        <ns0:loc ns2:href="ferc-core_2020-01-01.xsd#ferc_Form1FAbstract" ns2:label="lab_Form1FAbstract" ns2:type="locator" />
        <ns0:loc ns2:href="ferc-core_2020-01-01.xsd#ferc_ScheduleCapitalStockAbstract" ns2:label="lab_ScheduleCapitalStockAbstract" ns2:type="locator" />
        <ns0:presentationArc order="-1" ns2:arcrole="http://eforms.ferc.gov/form/2020-01-01/arcroles/schedule-form" ns2:from="lab_ScheduleCapitalStockAbstract" ns2:to="lab_Form1FAbstract" ns2:type="arc" />
    </ns0:presentationLink>
    <ns0:presentationLink ns2:role="http://ferc.gov/form/2020-01-01/roles/Schedule/F1/RetainedEarningsCommonStock" ns2:type="extended">
        <ns0:loc ns2:href="ferc-core_2020-01-01.xsd#ferc_Form1FAbstract" ns2:label="lab_Form1FAbstract" ns2:type="locator" />
        <ns0:loc ns2:href="ferc-core_2020-01-01.xsd#ferc_ScheduleRetainedEarningsAbstract" ns2:label="lab_ScheduleRetainedEarningsAbstract" ns2:type="locator" />
        <ns0:presentationArc order="-1" ns2:arcrole="http://eforms.ferc.gov/form/2020-01-01/arcroles/schedule-form" ns2:from="lab_ScheduleRetainedEarningsAbstract" ns2:to="lab_Form1FAbstract" ns2:type="arc" />
    </ns0:presentationLink>
    <ns0:presentationLink ns2:role="http://ferc.gov/form/2020-01-01/roles/Schedule/F1F/NotesToFinancialStatements" ns2:type="extended">
        <ns0:loc ns2:href="ferc-core_2020-01-01.xsd#ferc_Form1FAbstract" ns2:label="lab_Form1FAbstract" ns2:type="locator" />
        <ns0:loc ns2:href="ferc-core_2020-01-01.xsd#ferc_ScheduleNotesToFinancialStatementsAbstract" ns2:label="lab_ScheduleNotesToFinancialStatementsAbstract" ns2:type="locator" />
        <ns0:presentationArc order="-1" ns2:arcrole="http://eforms.ferc.gov/form/2020-01-01/arcroles/schedule-form" ns2:from="lab_ScheduleNotesToFinancialStatementsAbstract" ns2:to="lab_Form1FAbstract" ns2:type="arc" />
    </ns0:presentationLink>
    <ns0:presentationLink ns2:role="http://ferc.gov/form/2020-01-01/roles/Schedule/F1F/OtherRegulatoryAssets" ns2:type="extended">
        <ns0:loc ns2:href="ferc-core_2020-01-01.xsd#ferc_Form1FAbstract" ns2:label="lab_Form1FAbstract" ns2:type="locator" />
        <ns0:loc ns2:href="ferc-core_2020-01-01.xsd#ferc_ScheduleOtherRegulatoryAssetsAbstract" ns2:label="lab_ScheduleOtherRegulatoryAssetsAbstract" ns2:type="locator" />
        <ns0:presentationArc order="-1" ns2:arcrole="http://eforms.ferc.gov/form/2020-01-01/arcroles/schedule-form" ns2:from="lab_ScheduleOtherRegulatoryAssetsAbstract" ns2:to="lab_Form1FAbstract" ns2:type="arc" />
    </ns0:presentationLink>
    <ns0:presentationLink ns2:role="http://ferc.gov/form/2020-01-01/roles/Schedule/F1F/RetainedEarningsPreferredStock" ns2:type="extended">
        <ns0:loc ns2:href="ferc-core_2020-01-01.xsd#ferc_Form1FAbstract" ns2:label="lab_Form1FAbstract" ns2:type="locator" />
        <ns0:loc ns2:href="ferc-core_2020-01-01.xsd#ferc_ScheduleRetainedEarningsAbstract" ns2:label="lab_ScheduleRetainedEarningsAbstract" ns2:type="locator" />
        <ns0:presentationArc order="-1" ns2:arcrole="http://eforms.ferc.gov/form/2020-01-01/arcroles/schedule-form" ns2:from="lab_ScheduleRetainedEarningsAbstract" ns2:to="lab_Form1FAbstract" ns2:type="arc" />
    </ns0:presentationLink>
    <ns0:presentationLink ns2:role="http://ferc.gov/form/2020-01-01/roles/Schedule/F1F/TransmissionServiceAndGenerationInterconnectionStudyCosts" ns2:type="extended">
        <ns0:loc ns2:href="ferc-core_2020-01-01.xsd#ferc_Form1FAbstract" ns2:label="lab_Form1FAbstract" ns2:type="locator" />
        <ns0:loc ns2:href="ferc-core_2020-01-01.xsd#ferc_ScheduleTransmissionServiceAndGenerationInterconnectionStudyCostsAbstract" ns2:label="lab_ScheduleTransmissionServiceAndGenerationInterconnectionStudyCostsAbstract" ns2:type="locator" />
        <ns0:presentationArc order="-1" ns2:arcrole="http://eforms.ferc.gov/form/2020-01-01/arcroles/schedule-form" ns2:from="lab_ScheduleTransmissionServiceAndGenerationInterconnectionStudyCostsAbstract" ns2:to="lab_Form1FAbstract" ns2:type="arc" />
    </ns0:presentationLink>
    <ns0:presentationLink ns2:role="http://ferc.gov/form/2020-01-01/roles/Schedule/F1/ScheduleUtilityPlantAndAccumulatedProvisionsForDepreciation" ns2:type="extended">
        <ns0:loc ns2:href="ferc-core_2020-01-01.xsd#ferc_Form1FAbstract" ns2:label="lab_Form1FAbstract" ns2:type="locator" />
        <ns0:loc ns2:href="ferc-core_2020-01-01.xsd#ferc_ScheduleSummaryOfUtilityPlantAndAccumulatedProvisionsForDepreciationAmortizationAndDepletionAbstract" ns2:label="lab_ScheduleSummaryOfUtilityPlantAndAccumulatedProvisionsForDepreciationAmortizationAndDepletionAbstract" ns2:type="locator" />
        <ns0:presentationArc order="-1" ns2:arcrole="http://eforms.ferc.gov/form/2020-01-01/arcroles/schedule-form" ns2:from="lab_ScheduleSummaryOfUtilityPlantAndAccumulatedProvisionsForDepreciationAmortizationAndDepletionAbstract" ns2:to="lab_Form1FAbstract" ns2:type="arc" />
    </ns0:presentationLink>
    <ns0:presentationLink ns2:role="http://ferc.gov/form/2020-01-01/roles/Schedule/F1F/ComparativeBalanceSheetLiabilitiesAndOtherCredits" ns2:type="extended">
        <ns0:loc ns2:href="ferc-core_2020-01-01.xsd#ferc_Form1FAbstract" ns2:label="lab_Form1FAbstract" ns2:type="locator" />
        <ns0:loc ns2:href="ferc-core_2020-01-01.xsd#ferc_ScheduleComparativeBalanceSheetLiabilitiesOtherCreditsAbstract" ns2:label="lab_ScheduleComparativeBalanceSheetLiabilitiesOtherCreditsAbstract" ns2:type="locator" />
        <ns0:presentationArc order="-1" ns2:arcrole="http://eforms.ferc.gov/form/2020-01-01/arcroles/schedule-form" ns2:from="lab_ScheduleComparativeBalanceSheetLiabilitiesOtherCreditsAbstract" ns2:to="lab_Form1FAbstract" ns2:type="arc" />
    </ns0:presentationLink>
    <ns0:presentationLink ns2:role="http://ferc.gov/form/2020-01-01/roles/Schedule/F1/RetainedEarningsCredit" ns2:type="extended">
        <ns0:loc ns2:href="ferc-core_2020-01-01.xsd#ferc_Form1FAbstract" ns2:label="lab_Form1FAbstract" ns2:type="locator" />
        <ns0:loc ns2:href="ferc-core_2020-01-01.xsd#ferc_ScheduleRetainedEarningsAbstract" ns2:label="lab_ScheduleRetainedEarningsAbstract" ns2:type="locator" />
        <ns0:presentationArc order="-1" ns2:arcrole="http://eforms.ferc.gov/form/2020-01-01/arcroles/schedule-form" ns2:from="lab_ScheduleRetainedEarningsAbstract" ns2:to="lab_Form1FAbstract" ns2:type="arc" />
    </ns0:presentationLink>
    <ns0:presentationLink ns2:role="http://ferc.gov/form/2020-01-01/roles/Schedule/F1F/SalesForResale" ns2:type="extended">
        <ns0:loc ns2:href="ferc-core_2020-01-01.xsd#ferc_Form1FAbstract" ns2:label="lab_Form1FAbstract" ns2:type="locator" />
        <ns0:loc ns2:href="ferc-core_2020-01-01.xsd#ferc_ScheduleSalesForResaleShortAbstract" ns2:label="lab_ScheduleSalesForResaleShortAbstract" ns2:type="locator" />
        <ns0:presentationArc order="-1" ns2:arcrole="http://eforms.ferc.gov/form/2020-01-01/arcroles/schedule-form" ns2:from="lab_ScheduleSalesForResaleShortAbstract" ns2:to="lab_Form1FAbstract" ns2:type="arc" />
    </ns0:presentationLink>
    <ns0:presentationLink ns2:role="http://ferc.gov/form/2020-01-01/roles/Schedule/F1F/UtilityPlantData" ns2:type="extended">
        <ns0:loc ns2:href="ferc-core_2020-01-01.xsd#ferc_Form1FAbstract" ns2:label="lab_Form1FAbstract" ns2:type="locator" />
        <ns0:loc ns2:href="ferc-core_2020-01-01.xsd#ferc_ScheduleUtilityPlantDataAbstract" ns2:label="lab_ScheduleUtilityPlantDataAbstract" ns2:type="locator" />
        <ns0:presentationArc order="-1" ns2:arcrole="http://eforms.ferc.gov/form/2020-01-01/arcroles/schedule-form" ns2:from="lab_ScheduleUtilityPlantDataAbstract" ns2:to="lab_Form1FAbstract" ns2:type="arc" />
    </ns0:presentationLink>
    <ns0:presentationLink ns2:role="http://ferc.gov/form/2020-01-01/roles/Schedule/F1/UnappropriatedUndistributedSubsidiaryEarnings" ns2:type="extended">
        <ns0:loc ns2:href="ferc-core_2020-01-01.xsd#ferc_Form1FAbstract" ns2:label="lab_Form1FAbstract" ns2:type="locator" />
        <ns0:loc ns2:href="ferc-core_2020-01-01.xsd#ferc_ScheduleStatementOfRetainedEarningsAbstract" ns2:label="lab_ScheduleStatementOfRetainedEarningsAbstract" ns2:type="locator" />
        <ns0:presentationArc order="-1" ns2:arcrole="http://eforms.ferc.gov/form/2020-01-01/arcroles/schedule-form" ns2:from="lab_ScheduleStatementOfRetainedEarningsAbstract" ns2:to="lab_Form1FAbstract" ns2:type="arc" />
    </ns0:presentationLink>
    <ns0:presentationLink ns2:role="http://ferc.gov/form/2020-01-01/roles/Schedule/F1/ScheduleSalesForResaleTotal" ns2:type="extended">
        <ns0:loc ns2:href="ferc-core_2020-01-01.xsd#ferc_Form1FAbstract" ns2:label="lab_Form1FAbstract" ns2:type="locator" />
        <ns0:loc ns2:href="ferc-core_2020-01-01.xsd#ferc_ScheduleSalesForResaleAbstract" ns2:label="lab_ScheduleSalesForResaleAbstract" ns2:type="locator" />
        <ns0:presentationArc order="-1" ns2:arcrole="http://eforms.ferc.gov/form/2020-01-01/arcroles/schedule-form" ns2:from="lab_ScheduleSalesForResaleAbstract" ns2:to="lab_Form1FAbstract" ns2:type="arc" />
    </ns0:presentationLink>
    <ns0:presentationLink ns2:role="http://ferc.gov/form/2020-01-01/roles/Schedule/F1F/DataOnOfficersAndDirectors" ns2:type="extended">
        <ns0:loc ns2:href="ferc-core_2020-01-01.xsd#ferc_Form1FAbstract" ns2:label="lab_Form1FAbstract" ns2:type="locator" />
        <ns0:loc ns2:href="ferc-core_2020-01-01.xsd#ferc_ScheduleDataOnOfficersAndDirectorsAbstract" ns2:label="lab_ScheduleDataOnOfficersAndDirectorsAbstract" ns2:type="locator" />
        <ns0:presentationArc order="-1" ns2:arcrole="http://eforms.ferc.gov/form/2020-01-01/arcroles/schedule-form" ns2:from="lab_ScheduleDataOnOfficersAndDirectorsAbstract" ns2:to="lab_Form1FAbstract" ns2:type="arc" />
    </ns0:presentationLink>
    <ns0:presentationLink ns2:role="http://ferc.gov/form/2020-01-01/roles/Schedule/F1/RetainedEarningsDebit" ns2:type="extended">
        <ns0:loc ns2:href="ferc-core_2020-01-01.xsd#ferc_Form1FAbstract" ns2:label="lab_Form1FAbstract" ns2:type="locator" />
        <ns0:loc ns2:href="ferc-core_2020-01-01.xsd#ferc_ScheduleRetainedEarningsAbstract" ns2:label="lab_ScheduleRetainedEarningsAbstract" ns2:type="locator" />
        <ns0:presentationArc order="-1" ns2:arcrole="http://eforms.ferc.gov/form/2020-01-01/arcroles/schedule-form" ns2:from="lab_ScheduleRetainedEarningsAbstract" ns2:to="lab_Form1FAbstract" ns2:type="arc" />
    </ns0:presentationLink>
    <ns0:presentationLink ns2:role="http://ferc.gov/form/2020-01-01/roles/Schedule/F1F/StatementOfCashFlows" ns2:type="extended">
        <ns0:loc ns2:href="ferc-core_2020-01-01.xsd#ferc_Form1FAbstract" ns2:label="lab_Form1FAbstract" ns2:type="locator" />
        <ns0:loc ns2:href="ferc-core_2020-01-01.xsd#ferc_ScheduleStatementOfCashFlowsAbstract" ns2:label="lab_ScheduleStatementOfCashFlowsAbstract" ns2:type="locator" />
        <ns0:presentationArc order="-1" ns2:arcrole="http://eforms.ferc.gov/form/2020-01-01/arcroles/schedule-form" ns2:from="lab_ScheduleStatementOfCashFlowsAbstract" ns2:to="lab_Form1FAbstract" ns2:type="arc" />
    </ns0:presentationLink>
    <ns0:presentationLink ns2:role="http://ferc.gov/form/2020-01-01/roles/Schedule/F1F/UtilityPlantDataAdjustments" ns2:type="extended">
        <ns0:loc ns2:href="ferc-core_2020-01-01.xsd#ferc_Form1FAbstract" ns2:label="lab_Form1FAbstract" ns2:type="locator" />
        <ns0:loc ns2:href="ferc-core_2020-01-01.xsd#ferc_ScheduleUtilityPlantDataAbstract" ns2:label="lab_ScheduleUtilityPlantDataAbstract" ns2:type="locator" />
        <ns0:presentationArc order="-1" ns2:arcrole="http://eforms.ferc.gov/form/2020-01-01/arcroles/schedule-form" ns2:from="lab_ScheduleUtilityPlantDataAbstract" ns2:to="lab_Form1FAbstract" ns2:type="arc" />
    </ns0:presentationLink>
    <ns0:presentationLink ns2:role="http://ferc.gov/form/2020-01-01/roles/Schedule/F1/ScheduleSalesForResale" ns2:type="extended">
        <ns0:loc ns2:href="ferc-core_2020-01-01.xsd#ferc_Form1FAbstract" ns2:label="lab_Form1FAbstract" ns2:type="locator" />
        <ns0:loc ns2:href="ferc-core_2020-01-01.xsd#ferc_ScheduleSalesForResaleAbstract" ns2:label="lab_ScheduleSalesForResaleAbstract" ns2:type="locator" />
        <ns0:presentationArc order="-1" ns2:arcrole="http://eforms.ferc.gov/form/2020-01-01/arcroles/schedule-form" ns2:from="lab_ScheduleSalesForResaleAbstract" ns2:to="lab_Form1FAbstract" ns2:type="arc" />
    </ns0:presentationLink>
    <ns0:presentationLink ns2:role="http://ferc.gov/form/2020-01-01/roles/Schedule/F1F/AccumulatedProvisionForDepreciationAndAmortizationOfUtilityPlant" ns2:type="extended">
        <ns0:loc ns2:href="ferc-core_2020-01-01.xsd#ferc_Form1FAbstract" ns2:label="lab_Form1FAbstract" ns2:type="locator" />
        <ns0:loc ns2:href="ferc-core_2020-01-01.xsd#ferc_ScheduleAccumulatedProvisionForDepreciationAndAmortizationOfUtilityPlantAbstract" ns2:label="lab_ScheduleAccumulatedProvisionForDepreciationAndAmortizationOfUtilityPlantAbstract" ns2:type="locator" />
        <ns0:presentationArc order="-1" ns2:arcrole="http://eforms.ferc.gov/form/2020-01-01/arcroles/schedule-form" ns2:from="lab_ScheduleAccumulatedProvisionForDepreciationAndAmortizationOfUtilityPlantAbstract" ns2:to="lab_Form1FAbstract" ns2:type="arc" />
    </ns0:presentationLink>
    <ns0:presentationLink ns2:role="http://ferc.gov/form/2020-01-01/roles/Schedule/F1/RetainedEarningsPreferredStock" ns2:type="extended">
        <ns0:loc ns2:href="ferc-core_2020-01-01.xsd#ferc_Form1FAbstract" ns2:label="lab_Form1FAbstract" ns2:type="locator" />
        <ns0:loc ns2:href="ferc-core_2020-01-01.xsd#ferc_ScheduleRetainedEarningsAbstract" ns2:label="lab_ScheduleRetainedEarningsAbstract" ns2:type="locator" />
        <ns0:presentationArc order="-1" ns2:arcrole="http://eforms.ferc.gov/form/2020-01-01/arcroles/schedule-form" ns2:from="lab_ScheduleRetainedEarningsAbstract" ns2:to="lab_Form1FAbstract" ns2:type="arc" />
    </ns0:presentationLink>
    <ns0:presentationLink ns2:role="http://ferc.gov/form/2020-01-01/roles/Schedule/F1F/AllowancesOtherRelinquished" ns2:type="extended">
        <ns0:loc ns2:href="ferc-core_2020-01-01.xsd#ferc_Form1FAbstract" ns2:label="lab_Form1FAbstract" ns2:type="locator" />
        <ns0:loc ns2:href="ferc-core_2020-01-01.xsd#ferc_ScheduleAllowanceInventoryAbstract" ns2:label="lab_ScheduleAllowanceInventoryAbstract" ns2:type="locator" />
        <ns0:presentationArc order="-1" ns2:arcrole="http://eforms.ferc.gov/form/2020-01-01/arcroles/schedule-form" ns2:from="lab_ScheduleAllowanceInventoryAbstract" ns2:to="lab_Form1FAbstract" ns2:type="arc" />
    </ns0:presentationLink>
    <ns0:presentationLink ns2:role="http://ferc.gov/form/2020-01-01/roles/Schedule/F1F/ElectricOperationsAndMaintenanceExpenses" ns2:type="extended">
        <ns0:loc ns2:href="ferc-core_2020-01-01.xsd#ferc_Form1FAbstract" ns2:label="lab_Form1FAbstract" ns2:type="locator" />
        <ns0:loc ns2:href="ferc-core_2020-01-01.xsd#ferc_ScheduleElectricOperationsAndMaintenanceExpensesShortAbstract" ns2:label="lab_ScheduleElectricOperationsAndMaintenanceExpensesShortAbstract" ns2:type="locator" />
        <ns0:presentationArc order="-1" ns2:arcrole="http://eforms.ferc.gov/form/2020-01-01/arcroles/schedule-form" ns2:from="lab_ScheduleElectricOperationsAndMaintenanceExpensesShortAbstract" ns2:to="lab_Form1FAbstract" ns2:type="arc" />
    </ns0:presentationLink>
    <ns0:presentationLink ns2:role="http://ferc.gov/form/2020-01-01/roles/Schedule/F1F/StatementOfCashFlowsSequenceOtherAdjustmentsByOutsideForvestoFinancingCashFlows" ns2:type="extended">
        <ns0:loc ns2:href="ferc-core_2020-01-01.xsd#ferc_Form1FAbstract" ns2:label="lab_Form1FAbstract" ns2:type="locator" />
        <ns0:loc ns2:href="ferc-core_2020-01-01.xsd#ferc_ScheduleStatementOfCashFlowsAbstract" ns2:label="lab_ScheduleStatementOfCashFlowsAbstract" ns2:type="locator" />
        <ns0:presentationArc order="-1" ns2:arcrole="http://eforms.ferc.gov/form/2020-01-01/arcroles/schedule-form" ns2:from="lab_ScheduleStatementOfCashFlowsAbstract" ns2:to="lab_Form1FAbstract" ns2:type="arc" />
    </ns0:presentationLink>
    <ns0:presentationLink ns2:role="http://ferc.gov/form/2020-01-01/roles/Schedule/F1F/RetainedEarningsDebit" ns2:type="extended">
        <ns0:loc ns2:href="ferc-core_2020-01-01.xsd#ferc_Form1FAbstract" ns2:label="lab_Form1FAbstract" ns2:type="locator" />
        <ns0:loc ns2:href="ferc-core_2020-01-01.xsd#ferc_ScheduleRetainedEarningsAbstract" ns2:label="lab_ScheduleRetainedEarningsAbstract" ns2:type="locator" />
        <ns0:presentationArc order="-1" ns2:arcrole="http://eforms.ferc.gov/form/2020-01-01/arcroles/schedule-form" ns2:from="lab_ScheduleRetainedEarningsAbstract" ns2:to="lab_Form1FAbstract" ns2:type="arc" />
    </ns0:presentationLink>
    <ns0:presentationLink ns2:role="http://ferc.gov/form/2020-01-01/roles/Schedule/F1F/StatementOfIncomeForTheYearAmortizationExpense" ns2:type="extended">
        <ns0:loc ns2:href="ferc-core_2020-01-01.xsd#ferc_Form1FAbstract" ns2:label="lab_Form1FAbstract" ns2:type="locator" />
        <ns0:loc ns2:href="ferc-core_2020-01-01.xsd#ferc_ScheduleStatementOfIncomeAbstract" ns2:label="lab_ScheduleStatementOfIncomeAbstract" ns2:type="locator" />
        <ns0:presentationArc order="-1" ns2:arcrole="http://eforms.ferc.gov/form/2020-01-01/arcroles/schedule-form" ns2:from="lab_ScheduleStatementOfIncomeAbstract" ns2:to="lab_Form1FAbstract" ns2:type="arc" />
    </ns0:presentationLink>
    <ns0:presentationLink ns2:role="http://ferc.gov/form/2020-01-01/roles/Schedule/F1F/UtilityPlantDataDepartments" ns2:type="extended">
        <ns0:loc ns2:href="ferc-core_2020-01-01.xsd#ferc_Form1FAbstract" ns2:label="lab_Form1FAbstract" ns2:type="locator" />
        <ns0:loc ns2:href="ferc-core_2020-01-01.xsd#ferc_ScheduleUtilityPlantDataAbstract" ns2:label="lab_ScheduleUtilityPlantDataAbstract" ns2:type="locator" />
        <ns0:presentationArc order="-1" ns2:arcrole="http://eforms.ferc.gov/form/2020-01-01/arcroles/schedule-form" ns2:from="lab_ScheduleUtilityPlantDataAbstract" ns2:to="lab_Form1FAbstract" ns2:type="arc" />
    </ns0:presentationLink>
    <ns0:presentationLink ns2:role="http://ferc.gov/form/2020-01-01/roles/Schedule/F1/SchedulePurchasesAndSalesOfAncillaryServices" ns2:type="extended">
        <ns0:loc ns2:href="ferc-core_2020-01-01.xsd#ferc_Form1FAbstract" ns2:label="lab_Form1FAbstract" ns2:type="locator" />
        <ns0:loc ns2:href="ferc-core_2020-01-01.xsd#ferc_SchedulePurchasesSalesOfAncillaryServicesAbstract" ns2:label="lab_SchedulePurchasesSalesOfAncillaryServicesAbstract" ns2:type="locator" />
        <ns0:presentationArc order="-1" ns2:arcrole="http://eforms.ferc.gov/form/2020-01-01/arcroles/schedule-form" ns2:from="lab_SchedulePurchasesSalesOfAncillaryServicesAbstract" ns2:to="lab_Form1FAbstract" ns2:type="arc" />
    </ns0:presentationLink>
    <ns0:presentationLink ns2:role="http://ferc.gov/form/2020-01-01/roles/Schedule/F1F/ElectricSalesDataForTheYear" ns2:type="extended">
        <ns0:loc ns2:href="ferc-core_2020-01-01.xsd#ferc_Form1FAbstract" ns2:label="lab_Form1FAbstract" ns2:type="locator" />
        <ns0:loc ns2:href="ferc-core_2020-01-01.xsd#ferc_ScheduleElectricSalesDataForTheYearAbstract" ns2:label="lab_ScheduleElectricSalesDataForTheYearAbstract" ns2:type="locator" />
        <ns0:presentationArc order="-1" ns2:arcrole="http://eforms.ferc.gov/form/2020-01-01/arcroles/schedule-form" ns2:from="lab_ScheduleElectricSalesDataForTheYearAbstract" ns2:to="lab_Form1FAbstract" ns2:type="arc" />
    </ns0:presentationLink>
    <ns0:presentationLink ns2:role="http://ferc.gov/form/2020-01-01/roles/Schedule/F1/ScheduleAccumulatedProvisionForDepreciationOfElectricUtilityPlantB" ns2:type="extended">
        <ns0:loc ns2:href="ferc-core_2020-01-01.xsd#ferc_Form1FAbstract" ns2:label="lab_Form1FAbstract" ns2:type="locator" />
        <ns0:loc ns2:href="ferc-core_2020-01-01.xsd#ferc_ScheduleAccumulatedProvisionForDepreciationOfElectricUtilityPlantAbstract" ns2:label="lab_ScheduleAccumulatedProvisionForDepreciationOfElectricUtilityPlantAbstract" ns2:type="locator" />
        <ns0:presentationArc order="-1" ns2:arcrole="http://eforms.ferc.gov/form/2020-01-01/arcroles/schedule-form" ns2:from="lab_ScheduleAccumulatedProvisionForDepreciationOfElectricUtilityPlantAbstract" ns2:to="lab_Form1FAbstract" ns2:type="arc" />
    </ns0:presentationLink>
    <ns0:presentationLink ns2:role="http://ferc.gov/form/2020-01-01/roles/Schedule/F1F/StatementOfCashFlowsSequenceOtherAdjustmentstoFinancingCashFlows" ns2:type="extended">
        <ns0:loc ns2:href="ferc-core_2020-01-01.xsd#ferc_Form1FAbstract" ns2:label="lab_Form1FAbstract" ns2:type="locator" />
        <ns0:loc ns2:href="ferc-core_2020-01-01.xsd#ferc_ScheduleStatementOfCashFlowsAbstract" ns2:label="lab_ScheduleStatementOfCashFlowsAbstract" ns2:type="locator" />
        <ns0:presentationArc order="-1" ns2:arcrole="http://eforms.ferc.gov/form/2020-01-01/arcroles/schedule-form" ns2:from="lab_ScheduleStatementOfCashFlowsAbstract" ns2:to="lab_Form1FAbstract" ns2:type="arc" />
    </ns0:presentationLink>
    <ns0:presentationLink ns2:role="http://ferc.gov/form/2020-01-01/roles/Schedule/F1/StatementOfAccumulatedOtherComprehensiveIncomeComprehensiveIncomeAndHedgingActivities" ns2:type="extended">
        <ns0:loc ns2:href="ferc-core_2020-01-01.xsd#ferc_Form1FAbstract" ns2:label="lab_Form1FAbstract" ns2:type="locator" />
        <ns0:loc ns2:href="ferc-core_2020-01-01.xsd#ferc_ScheduleStatementOfAccumulatedOtherComprehensiveIncomeAndHedgingActivitiesAbstract" ns2:label="lab_ScheduleStatementOfAccumulatedOtherComprehensiveIncomeAndHedgingActivitiesAbstract" ns2:type="locator" />
        <ns0:presentationArc order="-1" ns2:arcrole="http://eforms.ferc.gov/form/2020-01-01/arcroles/schedule-form" ns2:from="lab_ScheduleStatementOfAccumulatedOtherComprehensiveIncomeAndHedgingActivitiesAbstract" ns2:to="lab_Form1FAbstract" ns2:type="arc" />
    </ns0:presentationLink>
    <ns0:presentationLink ns2:role="http://ferc.gov/form/2020-01-01/roles/Schedule/F1F/ElectricSalesDataForTheYearOther" ns2:type="extended">
        <ns0:loc ns2:href="ferc-core_2020-01-01.xsd#ferc_Form1FAbstract" ns2:label="lab_Form1FAbstract" ns2:type="locator" />
        <ns0:loc ns2:href="ferc-core_2020-01-01.xsd#ferc_ScheduleElectricSalesDataForTheYearAbstract" ns2:label="lab_ScheduleElectricSalesDataForTheYearAbstract" ns2:type="locator" />
        <ns0:presentationArc order="-1" ns2:arcrole="http://eforms.ferc.gov/form/2020-01-01/arcroles/schedule-form" ns2:from="lab_ScheduleElectricSalesDataForTheYearAbstract" ns2:to="lab_Form1FAbstract" ns2:type="arc" />
    </ns0:presentationLink>
    <ns0:presentationLink ns2:role="http://ferc.gov/form/2020-01-01/roles/Schedule/F1F/StatementOfCashFlowsSequenceOtherAdjustmentstoInvestingCashFlows" ns2:type="extended">
        <ns0:loc ns2:href="ferc-core_2020-01-01.xsd#ferc_Form1FAbstract" ns2:label="lab_Form1FAbstract" ns2:type="locator" />
        <ns0:loc ns2:href="ferc-core_2020-01-01.xsd#ferc_ScheduleStatementOfCashFlowsAbstract" ns2:label="lab_ScheduleStatementOfCashFlowsAbstract" ns2:type="locator" />
        <ns0:presentationArc order="-1" ns2:arcrole="http://eforms.ferc.gov/form/2020-01-01/arcroles/schedule-form" ns2:from="lab_ScheduleStatementOfCashFlowsAbstract" ns2:to="lab_Form1FAbstract" ns2:type="arc" />
    </ns0:presentationLink>
    <ns0:presentationLink ns2:role="http://ferc.gov/form/2020-01-01/roles/Schedule/F1F/PurchasedPower" ns2:type="extended">
        <ns0:loc ns2:href="ferc-core_2020-01-01.xsd#ferc_Form1FAbstract" ns2:label="lab_Form1FAbstract" ns2:type="locator" />
        <ns0:loc ns2:href="ferc-core_2020-01-01.xsd#ferc_SchedulePurchasedPowerShortAbstract" ns2:label="lab_SchedulePurchasedPowerShortAbstract" ns2:type="locator" />
        <ns0:presentationArc order="-1" ns2:arcrole="http://eforms.ferc.gov/form/2020-01-01/arcroles/schedule-form" ns2:from="lab_SchedulePurchasedPowerShortAbstract" ns2:to="lab_Form1FAbstract" ns2:type="arc" />
    </ns0:presentationLink>
    <ns0:presentationLink ns2:role="http://ferc.gov/form/2020-01-01/roles/Schedule/F1F/AllowancesCostOfSales" ns2:type="extended">
        <ns0:loc ns2:href="ferc-core_2020-01-01.xsd#ferc_Form1FAbstract" ns2:label="lab_Form1FAbstract" ns2:type="locator" />
        <ns0:loc ns2:href="ferc-core_2020-01-01.xsd#ferc_ScheduleAllowanceInventoryAbstract" ns2:label="lab_ScheduleAllowanceInventoryAbstract" ns2:type="locator" />
        <ns0:presentationArc order="-1" ns2:arcrole="http://eforms.ferc.gov/form/2020-01-01/arcroles/schedule-form" ns2:from="lab_ScheduleAllowanceInventoryAbstract" ns2:to="lab_Form1FAbstract" ns2:type="arc" />
    </ns0:presentationLink>
    <ns0:presentationLink ns2:role="http://ferc.gov/form/2020-01-01/roles/Schedule/F1F/ComparativeBalanceSheetAssetsAndOtherDebits" ns2:type="extended">
        <ns0:loc ns2:href="ferc-core_2020-01-01.xsd#ferc_Form1FAbstract" ns2:label="lab_Form1FAbstract" ns2:type="locator" />
        <ns0:loc ns2:href="ferc-core_2020-01-01.xsd#ferc_ScheduleComparativeBalanceSheetAssetsAndOtherDebitsAbstract" ns2:label="lab_ScheduleComparativeBalanceSheetAssetsAndOtherDebitsAbstract" ns2:type="locator" />
        <ns0:presentationArc order="-1" ns2:arcrole="http://eforms.ferc.gov/form/2020-01-01/arcroles/schedule-form" ns2:from="lab_ScheduleComparativeBalanceSheetAssetsAndOtherDebitsAbstract" ns2:to="lab_Form1FAbstract" ns2:type="arc" />
    </ns0:presentationLink>
    <ns0:presentationLink ns2:role="http://ferc.gov/form/2020-01-01/roles/Schedule/F1F/FootnoteData" ns2:type="extended">
        <ns0:loc ns2:href="ferc-core_2020-01-01.xsd#ferc_Form1FAbstract" ns2:label="lab_Form1FAbstract" ns2:type="locator" />
        <ns0:loc ns2:href="ferc-core_2020-01-01.xsd#ferc_ScheduleFootnoteDataAbstract" ns2:label="lab_ScheduleFootnoteDataAbstract" ns2:type="locator" />
        <ns0:presentationArc order="-1" ns2:arcrole="http://eforms.ferc.gov/form/2020-01-01/arcroles/schedule-form" ns2:from="lab_ScheduleFootnoteDataAbstract" ns2:to="lab_Form1FAbstract" ns2:type="arc" />
    </ns0:presentationLink>
    <ns0:presentationLink ns2:role="http://ferc.gov/form/2020-01-01/roles/Schedule/F1F/StatementOfCashFlowsSequenceOtherAdjustmentstoOperatingCashFlows" ns2:type="extended">
        <ns0:loc ns2:href="ferc-core_2020-01-01.xsd#ferc_Form1FAbstract" ns2:label="lab_Form1FAbstract" ns2:type="locator" />
        <ns0:loc ns2:href="ferc-core_2020-01-01.xsd#ferc_ScheduleStatementOfCashFlowsAbstract" ns2:label="lab_ScheduleStatementOfCashFlowsAbstract" ns2:type="locator" />
        <ns0:presentationArc order="-1" ns2:arcrole="http://eforms.ferc.gov/form/2020-01-01/arcroles/schedule-form" ns2:from="lab_ScheduleStatementOfCashFlowsAbstract" ns2:to="lab_Form1FAbstract" ns2:type="arc" />
    </ns0:presentationLink>
    <ns0:presentationLink ns2:role="http://ferc.gov/form/2020-01-01/roles/Schedule/F1/AccumulatedProvisionForDepreciationOfElectricUtilityPlantAOtherAccounts" ns2:type="extended">
        <ns0:loc ns2:href="ferc-core_2020-01-01.xsd#ferc_Form1FAbstract" ns2:label="lab_Form1FAbstract" ns2:type="locator" />
        <ns0:loc ns2:href="ferc-core_2020-01-01.xsd#ferc_ScheduleAccumulatedProvisionForDepreciationOfElectricUtilityPlantAbstract" ns2:label="lab_ScheduleAccumulatedProvisionForDepreciationOfElectricUtilityPlantAbstract" ns2:type="locator" />
        <ns0:presentationArc order="-1" ns2:arcrole="http://eforms.ferc.gov/form/2020-01-01/arcroles/schedule-form" ns2:from="lab_ScheduleAccumulatedProvisionForDepreciationOfElectricUtilityPlantAbstract" ns2:to="lab_Form1FAbstract" ns2:type="arc" />
    </ns0:presentationLink>
    <ns0:presentationLink ns2:role="http://ferc.gov/form/2020-01-01/roles/Schedule/F1/ScheduleElectricOperatingRevenues" ns2:type="extended">
        <ns0:loc ns2:href="ferc-core_2020-01-01.xsd#ferc_Form1FAbstract" ns2:label="lab_Form1FAbstract" ns2:type="locator" />
        <ns0:loc ns2:href="ferc-core_2020-01-01.xsd#ferc_ScheduleElectricOperatingRevenuesAbstract" ns2:label="lab_ScheduleElectricOperatingRevenuesAbstract" ns2:type="locator" />
        <ns0:presentationArc order="-1" ns2:arcrole="http://eforms.ferc.gov/form/2020-01-01/arcroles/schedule-form" ns2:from="lab_ScheduleElectricOperatingRevenuesAbstract" ns2:to="lab_Form1FAbstract" ns2:type="arc" />
    </ns0:presentationLink>
    <ns0:presentationLink ns2:role="http://ferc.gov/form/2020-01-01/roles/Schedule/F1F/RetainedEarnings" ns2:type="extended">
        <ns0:loc ns2:href="ferc-core_2020-01-01.xsd#ferc_Form1FAbstract" ns2:label="lab_Form1FAbstract" ns2:type="locator" />
        <ns0:loc ns2:href="ferc-core_2020-01-01.xsd#ferc_ScheduleRetainedEarningsAbstract" ns2:label="lab_ScheduleRetainedEarningsAbstract" ns2:type="locator" />
        <ns0:presentationArc order="-1" ns2:arcrole="http://eforms.ferc.gov/form/2020-01-01/arcroles/schedule-form" ns2:from="lab_ScheduleRetainedEarningsAbstract" ns2:to="lab_Form1FAbstract" ns2:type="arc" />
    </ns0:presentationLink>
    <ns0:presentationLink ns2:role="http://ferc.gov/form/2020-01-01/roles/Schedule/F1F/Identification" ns2:type="extended">
        <ns0:loc ns2:href="ferc-core_2020-01-01.xsd#ferc_Form1FAbstract" ns2:label="lab_Form1FAbstract" ns2:type="locator" />
        <ns0:loc ns2:href="ferc-core_2020-01-01.xsd#ferc_ScheduleIdentificationAbstract" ns2:label="lab_ScheduleIdentificationAbstract" ns2:type="locator" />
        <ns0:presentationArc order="-1" ns2:arcrole="http://eforms.ferc.gov/form/2020-01-01/arcroles/schedule-form" ns2:from="lab_ScheduleIdentificationAbstract" ns2:to="lab_Form1FAbstract" ns2:type="arc" />
    </ns0:presentationLink>
    <ns0:presentationLink ns2:role="http://ferc.gov/form/2020-01-01/roles/Schedule/F1F/StatementOfCashFlowsSequenceOtherItemsforInvestingCashFlows" ns2:type="extended">
        <ns0:loc ns2:href="ferc-core_2020-01-01.xsd#ferc_Form1FAbstract" ns2:label="lab_Form1FAbstract" ns2:type="locator" />
        <ns0:loc ns2:href="ferc-core_2020-01-01.xsd#ferc_ScheduleStatementOfCashFlowsAbstract" ns2:label="lab_ScheduleStatementOfCashFlowsAbstract" ns2:type="locator" />
        <ns0:presentationArc order="-1" ns2:arcrole="http://eforms.ferc.gov/form/2020-01-01/arcroles/schedule-form" ns2:from="lab_ScheduleStatementOfCashFlowsAbstract" ns2:to="lab_Form1FAbstract" ns2:type="arc" />
    </ns0:presentationLink>
    <ns0:presentationLink ns2:role="http://ferc.gov/form/2020-01-01/roles/Schedule/F1/AccumulatedProvisionForDepreciationOfElectricUtilityPlantAOtherItems" ns2:type="extended">
        <ns0:loc ns2:href="ferc-core_2020-01-01.xsd#ferc_Form1FAbstract" ns2:label="lab_Form1FAbstract" ns2:type="locator" />
        <ns0:loc ns2:href="ferc-core_2020-01-01.xsd#ferc_ScheduleAccumulatedProvisionForDepreciationOfElectricUtilityPlantAbstract" ns2:label="lab_ScheduleAccumulatedProvisionForDepreciationOfElectricUtilityPlantAbstract" ns2:type="locator" />
        <ns0:presentationArc order="-1" ns2:arcrole="http://eforms.ferc.gov/form/2020-01-01/arcroles/schedule-form" ns2:from="lab_ScheduleAccumulatedProvisionForDepreciationOfElectricUtilityPlantAbstract" ns2:to="lab_Form1FAbstract" ns2:type="arc" />
    </ns0:presentationLink>
    <ns0:presentationLink ns2:role="http://ferc.gov/form/2020-01-01/roles/Schedule/F1/ScheduleElectricOperatingRevenuesOther" ns2:type="extended">
        <ns0:loc ns2:href="ferc-core_2020-01-01.xsd#ferc_Form1FAbstract" ns2:label="lab_Form1FAbstract" ns2:type="locator" />
        <ns0:loc ns2:href="ferc-core_2020-01-01.xsd#ferc_ScheduleElectricOperatingRevenuesAbstract" ns2:label="lab_ScheduleElectricOperatingRevenuesAbstract" ns2:type="locator" />
        <ns0:presentationArc order="-1" ns2:arcrole="http://eforms.ferc.gov/form/2020-01-01/arcroles/schedule-form" ns2:from="lab_ScheduleElectricOperatingRevenuesAbstract" ns2:to="lab_Form1FAbstract" ns2:type="arc" />
    </ns0:presentationLink>
    <ns0:presentationLink ns2:role="http://ferc.gov/form/2020-01-01/roles/Schedule/F1F/RetainedEarningsAppropriated" ns2:type="extended">
        <ns0:loc ns2:href="ferc-core_2020-01-01.xsd#ferc_Form1FAbstract" ns2:label="lab_Form1FAbstract" ns2:type="locator" />
        <ns0:loc ns2:href="ferc-core_2020-01-01.xsd#ferc_ScheduleRetainedEarningsAbstract" ns2:label="lab_ScheduleRetainedEarningsAbstract" ns2:type="locator" />
        <ns0:presentationArc order="-1" ns2:arcrole="http://eforms.ferc.gov/form/2020-01-01/arcroles/schedule-form" ns2:from="lab_ScheduleRetainedEarningsAbstract" ns2:to="lab_Form1FAbstract" ns2:type="arc" />
    </ns0:presentationLink>
    <ns0:presentationLink ns2:role="http://ferc.gov/form/2020-01-01/roles/Schedule/F1F/LongTermDebtData" ns2:type="extended">
        <ns0:loc ns2:href="ferc-core_2020-01-01.xsd#ferc_Form1FAbstract" ns2:label="lab_Form1FAbstract" ns2:type="locator" />
        <ns0:loc ns2:href="ferc-core_2020-01-01.xsd#ferc_ScheduleLongTermDebtAbstract" ns2:label="lab_ScheduleLongTermDebtAbstract" ns2:type="locator" />
        <ns0:presentationArc order="-1" ns2:arcrole="http://eforms.ferc.gov/form/2020-01-01/arcroles/schedule-form" ns2:from="lab_ScheduleLongTermDebtAbstract" ns2:to="lab_Form1FAbstract" ns2:type="arc" />
    </ns0:presentationLink>
    <ns0:presentationLink ns2:role="http://ferc.gov/form/2020-01-01/roles/Schedule/F1F/StatementOfCashFlowsSequenceOtherOperatingCashFlows" ns2:type="extended">
        <ns0:loc ns2:href="ferc-core_2020-01-01.xsd#ferc_Form1FAbstract" ns2:label="lab_Form1FAbstract" ns2:type="locator" />
        <ns0:loc ns2:href="ferc-core_2020-01-01.xsd#ferc_ScheduleStatementOfCashFlowsAbstract" ns2:label="lab_ScheduleStatementOfCashFlowsAbstract" ns2:type="locator" />
        <ns0:presentationArc order="-1" ns2:arcrole="http://eforms.ferc.gov/form/2020-01-01/arcroles/schedule-form" ns2:from="lab_ScheduleStatementOfCashFlowsAbstract" ns2:to="lab_Form1FAbstract" ns2:type="arc" />
    </ns0:presentationLink>
    <ns0:presentationLink ns2:role="http://ferc.gov/form/2020-01-01/roles/Schedule/F1/ScheduleElectricOperatingRevenuesUnbilledRevenues" ns2:type="extended">
        <ns0:loc ns2:href="ferc-core_2020-01-01.xsd#ferc_Form1FAbstract" ns2:label="lab_Form1FAbstract" ns2:type="locator" />
        <ns0:loc ns2:href="ferc-core_2020-01-01.xsd#ferc_ScheduleElectricOperatingRevenuesAbstract" ns2:label="lab_ScheduleElectricOperatingRevenuesAbstract" ns2:type="locator" />
        <ns0:presentationArc order="-1" ns2:arcrole="http://eforms.ferc.gov/form/2020-01-01/arcroles/schedule-form" ns2:from="lab_ScheduleElectricOperatingRevenuesAbstract" ns2:to="lab_Form1FAbstract" ns2:type="arc" />
    </ns0:presentationLink>
    <ns0:presentationLink ns2:role="http://ferc.gov/form/2020-01-01/roles/Schedule/F1/ComparativeBalanceSheetAssets" ns2:type="extended">
        <ns0:loc ns2:href="ferc-core_2020-01-01.xsd#ferc_Form1FAbstract" ns2:label="lab_Form1FAbstract" ns2:type="locator" />
        <ns0:loc ns2:href="ferc-core_2020-01-01.xsd#ferc_ScheduleComparativeBalanceSheetAssetsAndOtherDebitsAbstract" ns2:label="lab_ScheduleComparativeBalanceSheetAssetsAndOtherDebitsAbstract" ns2:type="locator" />
        <ns0:presentationArc order="-1" ns2:arcrole="http://eforms.ferc.gov/form/2020-01-01/arcroles/schedule-form" ns2:from="lab_ScheduleComparativeBalanceSheetAssetsAndOtherDebitsAbstract" ns2:to="lab_Form1FAbstract" ns2:type="arc" />
    </ns0:presentationLink>
    <ns0:presentationLink ns2:role="http://ferc.gov/form/2020-01-01/roles/Schedule/F1F/Allowances" ns2:type="extended">
        <ns0:loc ns2:href="ferc-core_2020-01-01.xsd#ferc_Form1FAbstract" ns2:label="lab_Form1FAbstract" ns2:type="locator" />
        <ns0:loc ns2:href="ferc-core_2020-01-01.xsd#ferc_ScheduleAllowanceInventoryAbstract" ns2:label="lab_ScheduleAllowanceInventoryAbstract" ns2:type="locator" />
        <ns0:presentationArc order="-1" ns2:arcrole="http://eforms.ferc.gov/form/2020-01-01/arcroles/schedule-form" ns2:from="lab_ScheduleAllowanceInventoryAbstract" ns2:to="lab_Form1FAbstract" ns2:type="arc" />
    </ns0:presentationLink>
    <ns0:presentationLink ns2:role="http://ferc.gov/form/2020-01-01/roles/Schedule/F1F/RetainedEarningsAppropriations" ns2:type="extended">
        <ns0:loc ns2:href="ferc-core_2020-01-01.xsd#ferc_Form1FAbstract" ns2:label="lab_Form1FAbstract" ns2:type="locator" />
        <ns0:loc ns2:href="ferc-core_2020-01-01.xsd#ferc_ScheduleRetainedEarningsAbstract" ns2:label="lab_ScheduleRetainedEarningsAbstract" ns2:type="locator" />
        <ns0:presentationArc order="-1" ns2:arcrole="http://eforms.ferc.gov/form/2020-01-01/arcroles/schedule-form" ns2:from="lab_ScheduleRetainedEarningsAbstract" ns2:to="lab_Form1FAbstract" ns2:type="arc" />
    </ns0:presentationLink>
    <ns0:presentationLink ns2:role="http://ferc.gov/form/2020-01-01/roles/Schedule/F1F/AmountsIncludedInIsoRtoSettlementStatements" ns2:type="extended">
        <ns0:loc ns2:href="ferc-core_2020-01-01.xsd#ferc_Form1FAbstract" ns2:label="lab_Form1FAbstract" ns2:type="locator" />
        <ns0:loc ns2:href="ferc-core_2020-01-01.xsd#ferc_ScheduleAmountsIncludedInIsoOrRtoSettlementAbstract" ns2:label="lab_ScheduleAmountsIncludedInIsoOrRtoSettlementAbstract" ns2:type="locator" />
        <ns0:presentationArc order="-1" ns2:arcrole="http://eforms.ferc.gov/form/2020-01-01/arcroles/schedule-form" ns2:from="lab_ScheduleAmountsIncludedInIsoOrRtoSettlementAbstract" ns2:to="lab_Form1FAbstract" ns2:type="arc" />
    </ns0:presentationLink>
    <ns0:presentationLink ns2:role="http://ferc.gov/form/2020-01-01/roles/Schedule/F1/RetainedEarnings" ns2:type="extended">
        <ns0:loc ns2:href="ferc-core_2020-01-01.xsd#ferc_Form1FAbstract" ns2:label="lab_Form1FAbstract" ns2:type="locator" />
        <ns0:loc ns2:href="ferc-core_2020-01-01.xsd#ferc_ScheduleRetainedEarningsAbstract" ns2:label="lab_ScheduleRetainedEarningsAbstract" ns2:type="locator" />
        <ns0:presentationArc order="-1" ns2:arcrole="http://eforms.ferc.gov/form/2020-01-01/arcroles/schedule-form" ns2:from="lab_ScheduleRetainedEarningsAbstract" ns2:to="lab_Form1FAbstract" ns2:type="arc" />
    </ns0:presentationLink>
    <ns0:presentationLink ns2:role="http://ferc.gov/form/2020-01-01/roles/Schedule/F1F/StatementOfCashFlowsSequenceOtherRetirementsImpactingCashFlows" ns2:type="extended">
        <ns0:loc ns2:href="ferc-core_2020-01-01.xsd#ferc_Form1FAbstract" ns2:label="lab_Form1FAbstract" ns2:type="locator" />
        <ns0:loc ns2:href="ferc-core_2020-01-01.xsd#ferc_ScheduleStatementOfCashFlowsAbstract" ns2:label="lab_ScheduleStatementOfCashFlowsAbstract" ns2:type="locator" />
        <ns0:presentationArc order="-1" ns2:arcrole="http://eforms.ferc.gov/form/2020-01-01/arcroles/schedule-form" ns2:from="lab_ScheduleStatementOfCashFlowsAbstract" ns2:to="lab_Form1FAbstract" ns2:type="arc" />
    </ns0:presentationLink>
    <ns0:presentationLink ns2:role="http://ferc.gov/form/2020-01-01/roles/Schedule/F1/ComparativeBalanceSheetLiabilities" ns2:type="extended">
        <ns0:loc ns2:href="ferc-core_2020-01-01.xsd#ferc_Form1FAbstract" ns2:label="lab_Form1FAbstract" ns2:type="locator" />
        <ns0:loc ns2:href="ferc-core_2020-01-01.xsd#ferc_ScheduleComparativeBalanceSheetLiabilitiesOtherCreditsAbstract" ns2:label="lab_ScheduleComparativeBalanceSheetLiabilitiesOtherCreditsAbstract" ns2:type="locator" />
        <ns0:presentationArc order="-1" ns2:arcrole="http://eforms.ferc.gov/form/2020-01-01/arcroles/schedule-form" ns2:from="lab_ScheduleComparativeBalanceSheetLiabilitiesOtherCreditsAbstract" ns2:to="lab_Form1FAbstract" ns2:type="arc" />
    </ns0:presentationLink>
    <ns0:presentationLink ns2:role="http://ferc.gov/form/2020-01-01/roles/Schedule/F1/ScheduleElectricOperationAndMaintenanceExpenses" ns2:type="extended">
        <ns0:loc ns2:href="ferc-core_2020-01-01.xsd#ferc_Form1FAbstract" ns2:label="lab_Form1FAbstract" ns2:type="locator" />
        <ns0:loc ns2:href="ferc-core_2020-01-01.xsd#ferc_ScheduleElectricOperationsAndMaintenanceExpensesAbstract" ns2:label="lab_ScheduleElectricOperationsAndMaintenanceExpensesAbstract" ns2:type="locator" />
        <ns0:presentationArc order="-1" ns2:arcrole="http://eforms.ferc.gov/form/2020-01-01/arcroles/schedule-form" ns2:from="lab_ScheduleElectricOperationsAndMaintenanceExpensesAbstract" ns2:to="lab_Form1FAbstract" ns2:type="arc" />
    </ns0:presentationLink>
    <ns0:presentationLink ns2:role="http://ferc.gov/form/2020-01-01/roles/Schedule/F1F/RetainedEarningsCommonStock" ns2:type="extended">
        <ns0:loc ns2:href="ferc-core_2020-01-01.xsd#ferc_Form1FAbstract" ns2:label="lab_Form1FAbstract" ns2:type="locator" />
        <ns0:loc ns2:href="ferc-core_2020-01-01.xsd#ferc_ScheduleRetainedEarningsAbstract" ns2:label="lab_ScheduleRetainedEarningsAbstract" ns2:type="locator" />
        <ns0:presentationArc order="-1" ns2:arcrole="http://eforms.ferc.gov/form/2020-01-01/arcroles/schedule-form" ns2:from="lab_ScheduleRetainedEarningsAbstract" ns2:to="lab_Form1FAbstract" ns2:type="arc" />
    </ns0:presentationLink>
    <ns0:presentationLink ns2:role="http://ferc.gov/form/2020-01-01/roles/Schedule/F1/AccumulatedProvisionForDepreciationOfElectricUtilityPlantA" ns2:type="extended">
        <ns0:loc ns2:href="ferc-core_2020-01-01.xsd#ferc_Form1FAbstract" ns2:label="lab_Form1FAbstract" ns2:type="locator" />
        <ns0:loc ns2:href="ferc-core_2020-01-01.xsd#ferc_ScheduleAccumulatedProvisionForDepreciationOfElectricUtilityPlantAbstract" ns2:label="lab_ScheduleAccumulatedProvisionForDepreciationOfElectricUtilityPlantAbstract" ns2:type="locator" />
        <ns0:presentationArc order="-1" ns2:arcrole="http://eforms.ferc.gov/form/2020-01-01/arcroles/schedule-form" ns2:from="lab_ScheduleAccumulatedProvisionForDepreciationOfElectricUtilityPlantAbstract" ns2:to="lab_Form1FAbstract" ns2:type="arc" />
    </ns0:presentationLink>
    <ns0:presentationLink ns2:role="http://ferc.gov/form/2020-01-01/roles/Schedule/F1/RetainedEarningsAppropriated" ns2:type="extended">
        <ns0:loc ns2:href="ferc-core_2020-01-01.xsd#ferc_Form1FAbstract" ns2:label="lab_Form1FAbstract" ns2:type="locator" />
        <ns0:loc ns2:href="ferc-core_2020-01-01.xsd#ferc_ScheduleRetainedEarningsAbstract" ns2:label="lab_ScheduleRetainedEarningsAbstract" ns2:type="locator" />
        <ns0:presentationArc order="-1" ns2:arcrole="http://eforms.ferc.gov/form/2020-01-01/arcroles/schedule-form" ns2:from="lab_ScheduleRetainedEarningsAbstract" ns2:to="lab_Form1FAbstract" ns2:type="arc" />
    </ns0:presentationLink>
    <ns0:presentationLink ns2:role="http://ferc.gov/form/2020-01-01/roles/Schedule/F1F/AnnualCorporateOfficerCertification" ns2:type="extended">
        <ns0:loc ns2:href="ferc-core_2020-01-01.xsd#ferc_Form1FAbstract" ns2:label="lab_Form1FAbstract" ns2:type="locator" />
        <ns0:loc ns2:href="ferc-core_2020-01-01.xsd#ferc_ScheduleAnnualReportCorporateOfficerCertificationAbstract" ns2:label="lab_ScheduleAnnualReportCorporateOfficerCertificationAbstract" ns2:type="locator" />
        <ns0:presentationArc order="-1" ns2:arcrole="http://eforms.ferc.gov/form/2020-01-01/arcroles/schedule-form" ns2:from="lab_ScheduleAnnualReportCorporateOfficerCertificationAbstract" ns2:to="lab_Form1FAbstract" ns2:type="arc" />
    </ns0:presentationLink>
    <ns0:presentationLink ns2:role="http://ferc.gov/form/2020-01-01/roles/Schedule/F1/ElectricPlantInService" ns2:type="extended">
        <ns0:loc ns2:href="ferc-core_2020-01-01.xsd#ferc_Form1FAbstract" ns2:label="lab_Form1FAbstract" ns2:type="locator" />
        <ns0:loc ns2:href="ferc-core_2020-01-01.xsd#ferc_ScheduleElectricPlantInServiceAbstract" ns2:label="lab_ScheduleElectricPlantInServiceAbstract" ns2:type="locator" />
        <ns0:presentationArc order="-1" ns2:arcrole="http://eforms.ferc.gov/form/2020-01-01/arcroles/schedule-form" ns2:from="lab_ScheduleElectricPlantInServiceAbstract" ns2:to="lab_Form1FAbstract" ns2:type="arc" />
    </ns0:presentationLink>
    <ns0:presentationLink ns2:role="http://ferc.gov/form/2020-01-01/roles/Schedule/F1/ScheduleMonthlyTransmissionSystemPeakLoad" ns2:type="extended">
        <ns0:loc ns2:href="ferc-core_2020-01-01.xsd#ferc_Form1FAbstract" ns2:label="lab_Form1FAbstract" ns2:type="locator" />
        <ns0:loc ns2:href="ferc-core_2020-01-01.xsd#ferc_ScheduleMonthlyTransmissionSystemPeakLoadAbstract" ns2:label="lab_ScheduleMonthlyTransmissionSystemPeakLoadAbstract" ns2:type="locator" />
        <ns0:presentationArc order="-1" ns2:arcrole="http://eforms.ferc.gov/form/2020-01-01/arcroles/schedule-form" ns2:from="lab_ScheduleMonthlyTransmissionSystemPeakLoadAbstract" ns2:to="lab_Form1FAbstract" ns2:type="arc" />
    </ns0:presentationLink>
    <ns0:presentationLink ns2:role="http://ferc.gov/form/2020-01-01/roles/Schedule/F1F/RetainedEarningsCredit" ns2:type="extended">
        <ns0:loc ns2:href="ferc-core_2020-01-01.xsd#ferc_Form1FAbstract" ns2:label="lab_Form1FAbstract" ns2:type="locator" />
        <ns0:loc ns2:href="ferc-core_2020-01-01.xsd#ferc_ScheduleRetainedEarningsAbstract" ns2:label="lab_ScheduleRetainedEarningsAbstract" ns2:type="locator" />
        <ns0:presentationArc order="-1" ns2:arcrole="http://eforms.ferc.gov/form/2020-01-01/arcroles/schedule-form" ns2:from="lab_ScheduleRetainedEarningsAbstract" ns2:to="lab_Form1FAbstract" ns2:type="arc" />
    </ns0:presentationLink>
    <ns0:presentationLink ns2:role="http://ferc.gov/form/2020-01-01/roles/Schedule/F1/IncomeStatment" ns2:type="extended">
        <ns0:loc ns2:href="ferc-core_2020-01-01.xsd#ferc_Form1FAbstract" ns2:label="lab_Form1FAbstract" ns2:type="locator" />
        <ns0:loc ns2:href="ferc-core_2020-01-01.xsd#ferc_ScheduleStatementOfIncomeAbstract" ns2:label="lab_ScheduleStatementOfIncomeAbstract" ns2:type="locator" />
        <ns0:presentationArc order="-1" ns2:arcrole="http://eforms.ferc.gov/form/2020-01-01/arcroles/schedule-form" ns2:from="lab_ScheduleStatementOfIncomeAbstract" ns2:to="lab_Form1FAbstract" ns2:type="arc" />
    </ns0:presentationLink>
    <ns0:presentationLink ns2:role="http://ferc.gov/form/2020-01-01/roles/Schedule/F1F/StatementOfIncomeForTheYear" ns2:type="extended">
        <ns0:loc ns2:href="ferc-core_2020-01-01.xsd#ferc_Form1FAbstract" ns2:label="lab_Form1FAbstract" ns2:type="locator" />
        <ns0:loc ns2:href="ferc-core_2020-01-01.xsd#ferc_ScheduleStatementOfIncomeAbstract" ns2:label="lab_ScheduleStatementOfIncomeAbstract" ns2:type="locator" />
        <ns0:presentationArc order="-1" ns2:arcrole="http://eforms.ferc.gov/form/2020-01-01/arcroles/schedule-form" ns2:from="lab_ScheduleStatementOfIncomeAbstract" ns2:to="lab_Form1FAbstract" ns2:type="arc" />
    </ns0:presentationLink>
    <ns0:presentationLink ns2:role="http://ferc.gov/form/2020-01-01/roles/Schedule/F1/RetainedEarningsAppropriations" ns2:type="extended">
        <ns0:loc ns2:href="ferc-core_2020-01-01.xsd#ferc_Form1FAbstract" ns2:label="lab_Form1FAbstract" ns2:type="locator" />
        <ns0:loc ns2:href="ferc-core_2020-01-01.xsd#ferc_ScheduleRetainedEarningsAbstract" ns2:label="lab_ScheduleRetainedEarningsAbstract" ns2:type="locator" />
        <ns0:presentationArc order="-1" ns2:arcrole="http://eforms.ferc.gov/form/2020-01-01/arcroles/schedule-form" ns2:from="lab_ScheduleRetainedEarningsAbstract" ns2:to="lab_Form1FAbstract" ns2:type="arc" />
    </ns0:presentationLink>
    <ns0:presentationLink ns2:role="http://ferc.gov/form/2020-01-01/roles/Schedule/F1/ScheduleOtherRegulatoryLiabilities" ns2:type="extended">
        <ns0:loc ns2:href="ferc-core_2020-01-01.xsd#ferc_Form1FAbstract" ns2:label="lab_Form1FAbstract" ns2:type="locator" />
        <ns0:loc ns2:href="ferc-core_2020-01-01.xsd#ferc_ScheduleOtherRegulatoryLiabilitiesAbstract" ns2:label="lab_ScheduleOtherRegulatoryLiabilitiesAbstract" ns2:type="locator" />
        <ns0:presentationArc order="-1" ns2:arcrole="http://eforms.ferc.gov/form/2020-01-01/arcroles/schedule-form" ns2:from="lab_ScheduleOtherRegulatoryLiabilitiesAbstract" ns2:to="lab_Form1FAbstract" ns2:type="arc" />
    </ns0:presentationLink>
</ns0:linkbase>