<ns0:linkbase xmlns:ns0="http://www.xbrl.org/2003/linkbase" xmlns:ns2="http://www.w3.org/1999/xlink" xmlns:ns3="http://xbrl.org/2005/xbrldt" xmlns:xsi="http://www.w3.org/2001/XMLSchema-instance" xsi:schemaLocation="http://www.xbrl.org/2003/linkbase http://www.xbrl.org/2003/xbrl-linkbase-2003-12-31.xsd">
    <ns0:roleRef roleURI="http://ferc.gov/form/2020-01-01/roles/Schedule/F1F/TransmissionServiceAndGenerationInterconnectionStudyCosts" ns2:href="form-1F-sched-TransmissionServiceAndGenerationInterconnectionStudyCosts_2020-01-01.xsd#roleType_TransmissionServiceAndGenerationInterconnectionStudyCosts" ns2:type="simple" />
    <ns0:arcroleRef arcroleURI="http://xbrl.org/int/dim/arcrole/dimension-domain" ns2:href="http://www.xbrl.org/2005/xbrldt-2005.xsd#dimension-domain" ns2:type="simple" />
    <ns0:roleRef roleURI="http://ferc.gov/form/2020-01-01/roles/Schedule/F1F/TransmissionServiceAndGenerationInterconnectionStudyCostsTotals" ns2:href="form-1F-sched-TransmissionServiceAndGenerationInterconnectionStudyCosts_2020-01-01.xsd#roleType_TransmissionServiceAndGenerationInterconnectionStudyCostsTotals" ns2:type="simple" />
    <ns0:arcroleRef arcroleURI="http://xbrl.org/int/dim/arcrole/dimension-default" ns2:href="http://www.xbrl.org/2005/xbrldt-2005.xsd#dimension-default" ns2:type="simple" />
    <ns0:arcroleRef arcroleURI="http://xbrl.org/int/dim/arcrole/hypercube-dimension" ns2:href="http://www.xbrl.org/2005/xbrldt-2005.xsd#hypercube-dimension" ns2:type="simple" />
    <ns0:arcroleRef arcroleURI="http://xbrl.org/int/dim/arcrole/all" ns2:href="http://www.xbrl.org/2005/xbrldt-2005.xsd#all" ns2:type="simple" />
    <ns0:arcroleRef arcroleURI="http://xbrl.org/int/dim/arcrole/domain-member" ns2:href="http://www.xbrl.org/2005/xbrldt-2005.xsd#domain-member" ns2:type="simple" />
    <ns0:definitionLink ns2:role="http://ferc.gov/form/2020-01-01/roles/Schedule/F1F/TransmissionServiceAndGenerationInterconnectionStudyCosts" ns2:type="extended">
        <ns0:loc ns2:href="../../ferc-core_2020-01-01.xsd#ferc_ScheduleTransmissionServiceAndGenerationInterconnectionStudyCostsAbstract" ns2:label="ferc_ScheduleTransmissionServiceAndGenerationInterconnectionStudyCostsAbstract" ns2:type="locator" />
        <ns0:loc ns2:href="../../ferc-core_2020-01-01.xsd#ferc_TransmissionServiceAndGenerationInterconnectionStudyCostsLineItems" ns2:label="ferc_TransmissionServiceAndGenerationInterconnectionStudyCostsLineItems" ns2:type="locator" />
        <ns0:definitionArc order="1" ns2:arcrole="http://xbrl.org/int/dim/arcrole/domain-member" ns2:from="ferc_ScheduleTransmissionServiceAndGenerationInterconnectionStudyCostsAbstract" ns2:to="ferc_TransmissionServiceAndGenerationInterconnectionStudyCostsLineItems" ns2:type="arc" />
        <ns0:loc ns2:href="../../ferc-core_2020-01-01.xsd#ferc_TransmissionServiceAndGenerationInterconnectionStudyCostsTable" ns2:label="ferc_TransmissionServiceAndGenerationInterconnectionStudyCostsTable" ns2:type="locator" />
        <ns0:definitionArc order="1" ns2:arcrole="http://xbrl.org/int/dim/arcrole/all" ns2:from="ferc_TransmissionServiceAndGenerationInterconnectionStudyCostsLineItems" ns2:to="ferc_TransmissionServiceAndGenerationInterconnectionStudyCostsTable" ns2:type="arc" ns3:closed="true" ns3:contextElement="segment" />
        <ns0:loc ns2:href="../../ferc-core_2020-01-01.xsd#ferc_TransmissionServiceAndGenerationInterconnectionStudyCostsAxis" ns2:label="ferc_TransmissionServiceAndGenerationInterconnectionStudyCostsAxis" ns2:type="locator" />
        <ns0:definitionArc order="1" ns2:arcrole="http://xbrl.org/int/dim/arcrole/hypercube-dimension" ns2:from="ferc_TransmissionServiceAndGenerationInterconnectionStudyCostsTable" ns2:to="ferc_TransmissionServiceAndGenerationInterconnectionStudyCostsAxis" ns2:type="arc" />
        <ns0:loc ns2:href="../../ferc-core_2020-01-01.xsd#ferc_StudyTypeAxis" ns2:label="ferc_StudyTypeAxis" ns2:type="locator" />
        <ns0:definitionArc order="2" ns2:arcrole="http://xbrl.org/int/dim/arcrole/hypercube-dimension" ns2:from="ferc_TransmissionServiceAndGenerationInterconnectionStudyCostsTable" ns2:to="ferc_StudyTypeAxis" ns2:type="arc" />
        <ns0:loc ns2:href="../../ferc-core_2020-01-01.xsd#ferc_StudyTypeDomain" ns2:label="ferc_StudyTypeDomain" ns2:type="locator" />
        <ns0:definitionArc order="1" ns2:arcrole="http://xbrl.org/int/dim/arcrole/dimension-domain" ns2:from="ferc_StudyTypeAxis" ns2:to="ferc_StudyTypeDomain" ns2:type="arc" />
        <ns0:loc ns2:href="../../ferc-core_2020-01-01.xsd#ferc_TransmissionStudiesMember" ns2:label="ferc_TransmissionStudiesMember" ns2:type="locator" />
        <ns0:definitionArc order="1" ns2:arcrole="http://xbrl.org/int/dim/arcrole/domain-member" ns2:from="ferc_StudyTypeDomain" ns2:to="ferc_TransmissionStudiesMember" ns2:type="arc" />
        <ns0:loc ns2:href="../../ferc-core_2020-01-01.xsd#ferc_GenerationStudiesMember" ns2:label="ferc_GenerationStudiesMember" ns2:type="locator" />
        <ns0:definitionArc order="2" ns2:arcrole="http://xbrl.org/int/dim/arcrole/domain-member" ns2:from="ferc_StudyTypeDomain" ns2:to="ferc_GenerationStudiesMember" ns2:type="arc" />
        <ns0:loc ns2:href="../../ferc-core_2020-01-01.xsd#ferc_OrderNumber" ns2:label="ferc_OrderNumber" ns2:type="locator" />
        <ns0:definitionArc order="2" ns2:arcrole="http://xbrl.org/int/dim/arcrole/domain-member" ns2:from="ferc_TransmissionServiceAndGenerationInterconnectionStudyCostsLineItems" ns2:to="ferc_OrderNumber" ns2:type="arc" />
        <ns0:loc ns2:href="../../ferc-core_2020-01-01.xsd#ferc_TransmissionStudiesAbstract" ns2:label="ferc_TransmissionStudiesAbstract" ns2:type="locator" />
        <ns0:definitionArc order="3" ns2:arcrole="http://xbrl.org/int/dim/arcrole/domain-member" ns2:from="ferc_TransmissionServiceAndGenerationInterconnectionStudyCostsLineItems" ns2:to="ferc_TransmissionStudiesAbstract" ns2:type="arc" />
        <ns0:loc ns2:href="../../ferc-core_2020-01-01.xsd#ferc_DescriptionOfStudyPerformed" ns2:label="ferc_DescriptionOfStudyPerformed" ns2:type="locator" />
        <ns0:definitionArc order="1" ns2:arcrole="http://xbrl.org/int/dim/arcrole/domain-member" ns2:from="ferc_TransmissionStudiesAbstract" ns2:to="ferc_DescriptionOfStudyPerformed" ns2:type="arc" />
        <ns0:loc ns2:href="../../ferc-core_2020-01-01.xsd#ferc_StudyCostsIncurred" ns2:label="ferc_StudyCostsIncurred" ns2:type="locator" />
        <ns0:definitionArc order="2" ns2:arcrole="http://xbrl.org/int/dim/arcrole/domain-member" ns2:from="ferc_TransmissionStudiesAbstract" ns2:to="ferc_StudyCostsIncurred" ns2:type="arc" />
        <ns0:loc ns2:href="../../ferc-core_2020-01-01.xsd#ferc_StudyCostsAccountCharged" ns2:label="ferc_StudyCostsAccountCharged" ns2:type="locator" />
        <ns0:definitionArc order="3" ns2:arcrole="http://xbrl.org/int/dim/arcrole/domain-member" ns2:from="ferc_TransmissionStudiesAbstract" ns2:to="ferc_StudyCostsAccountCharged" ns2:type="arc" />
        <ns0:loc ns2:href="../../ferc-core_2020-01-01.xsd#ferc_StudyCostsReimbursements" ns2:label="ferc_StudyCostsReimbursements" ns2:type="locator" />
        <ns0:definitionArc order="4" ns2:arcrole="http://xbrl.org/int/dim/arcrole/domain-member" ns2:from="ferc_TransmissionStudiesAbstract" ns2:to="ferc_StudyCostsReimbursements" ns2:type="arc" />
        <ns0:loc ns2:href="../../ferc-core_2020-01-01.xsd#ferc_StudyCostsAccountReimbursed" ns2:label="ferc_StudyCostsAccountReimbursed" ns2:type="locator" />
        <ns0:definitionArc order="5" ns2:arcrole="http://xbrl.org/int/dim/arcrole/domain-member" ns2:from="ferc_TransmissionStudiesAbstract" ns2:to="ferc_StudyCostsAccountReimbursed" ns2:type="arc" />
        <ns0:loc ns2:href="../../ferc-core_2020-01-01.xsd#ferc_GenerationStudiesAbstract" ns2:label="ferc_GenerationStudiesAbstract" ns2:type="locator" />
        <ns0:definitionArc order="4" ns2:arcrole="http://xbrl.org/int/dim/arcrole/domain-member" ns2:from="ferc_TransmissionServiceAndGenerationInterconnectionStudyCostsLineItems" ns2:to="ferc_GenerationStudiesAbstract" ns2:type="arc" />
        <ns0:definitionArc order="1" ns2:arcrole="http://xbrl.org/int/dim/arcrole/domain-member" ns2:from="ferc_GenerationStudiesAbstract" ns2:to="ferc_DescriptionOfStudyPerformed" ns2:type="arc" />
        <ns0:definitionArc order="2" ns2:arcrole="http://xbrl.org/int/dim/arcrole/domain-member" ns2:from="ferc_GenerationStudiesAbstract" ns2:to="ferc_StudyCostsIncurred" ns2:type="arc" />
        <ns0:definitionArc order="3" ns2:arcrole="http://xbrl.org/int/dim/arcrole/domain-member" ns2:from="ferc_GenerationStudiesAbstract" ns2:to="ferc_StudyCostsAccountCharged" ns2:type="arc" />
        <ns0:definitionArc order="4" ns2:arcrole="http://xbrl.org/int/dim/arcrole/domain-member" ns2:from="ferc_GenerationStudiesAbstract" ns2:to="ferc_StudyCostsReimbursements" ns2:type="arc" />
        <ns0:definitionArc order="5" ns2:arcrole="http://xbrl.org/int/dim/arcrole/domain-member" ns2:from="ferc_GenerationStudiesAbstract" ns2:to="ferc_StudyCostsAccountReimbursed" ns2:type="arc" />
    </ns0:definitionLink>
    <ns0:definitionLink ns2:role="http://ferc.gov/form/2020-01-01/roles/Schedule/F1F/TransmissionServiceAndGenerationInterconnectionStudyCostsTotals" ns2:type="extended">
        <ns0:loc ns2:href="../../ferc-core_2020-01-01.xsd#ferc_ScheduleTransmissionServiceAndGenerationInterconnectionStudyCostsAbstract" ns2:label="ferc_ScheduleTransmissionServiceAndGenerationInterconnectionStudyCostsAbstract" ns2:type="locator" />
        <ns0:loc ns2:href="../../ferc-core_2020-01-01.xsd#ferc_TransmissionServiceAndGenerationInterconnectionStudyCostsTotalLineItems" ns2:label="ferc_TransmissionServiceAndGenerationInterconnectionStudyCostsTotalLineItems" ns2:type="locator" />
        <ns0:definitionArc order="1" ns2:arcrole="http://xbrl.org/int/dim/arcrole/domain-member" ns2:from="ferc_ScheduleTransmissionServiceAndGenerationInterconnectionStudyCostsAbstract" ns2:to="ferc_TransmissionServiceAndGenerationInterconnectionStudyCostsTotalLineItems" ns2:type="arc" />
        <ns0:loc ns2:href="../../ferc-core_2020-01-01.xsd#ferc_TransmissionServiceAndGenerationInterconnectionStudyCostsTotalTable" ns2:label="ferc_TransmissionServiceAndGenerationInterconnectionStudyCostsTotalTable" ns2:type="locator" />
        <ns0:definitionArc order="1" ns2:arcrole="http://xbrl.org/int/dim/arcrole/all" ns2:from="ferc_TransmissionServiceAndGenerationInterconnectionStudyCostsTotalLineItems" ns2:to="ferc_TransmissionServiceAndGenerationInterconnectionStudyCostsTotalTable" ns2:type="arc" ns3:closed="true" ns3:contextElement="segment" />
        <ns0:loc ns2:href="../../ferc-core_2020-01-01.xsd#ferc_StudyTypeAxis" ns2:label="ferc_StudyTypeAxis" ns2:type="locator" />
        <ns0:definitionArc order="1" ns2:arcrole="http://xbrl.org/int/dim/arcrole/hypercube-dimension" ns2:from="ferc_TransmissionServiceAndGenerationInterconnectionStudyCostsTotalTable" ns2:to="ferc_StudyTypeAxis" ns2:type="arc" />
        <ns0:loc ns2:href="../../ferc-core_2020-01-01.xsd#ferc_StudyTypeDomain" ns2:label="ferc_StudyTypeDomain" ns2:type="locator" />
        <ns0:definitionArc order="1" ns2:arcrole="http://xbrl.org/int/dim/arcrole/dimension-domain" ns2:from="ferc_StudyTypeAxis" ns2:to="ferc_StudyTypeDomain" ns2:type="arc" />
        <ns0:loc ns2:href="../../ferc-core_2020-01-01.xsd#ferc_TransmissionStudiesMember" ns2:label="ferc_TransmissionStudiesMember" ns2:type="locator" />
        <ns0:definitionArc order="1" ns2:arcrole="http://xbrl.org/int/dim/arcrole/domain-member" ns2:from="ferc_StudyTypeDomain" ns2:to="ferc_TransmissionStudiesMember" ns2:type="arc" />
        <ns0:loc ns2:href="../../ferc-core_2020-01-01.xsd#ferc_GenerationStudiesMember" ns2:label="ferc_GenerationStudiesMember" ns2:type="locator" />
        <ns0:definitionArc order="2" ns2:arcrole="http://xbrl.org/int/dim/arcrole/domain-member" ns2:from="ferc_StudyTypeDomain" ns2:to="ferc_GenerationStudiesMember" ns2:type="arc" />
        <ns0:loc ns2:href="../../ferc-core_2020-01-01.xsd#ferc_StudyCostsIncurred" ns2:label="ferc_StudyCostsIncurred" ns2:type="locator" />
        <ns0:definitionArc order="2" ns2:arcrole="http://xbrl.org/int/dim/arcrole/domain-member" ns2:from="ferc_TransmissionServiceAndGenerationInterconnectionStudyCostsTotalLineItems" ns2:to="ferc_StudyCostsIncurred" ns2:type="arc" />
        <ns0:loc ns2:href="../../ferc-core_2020-01-01.xsd#ferc_StudyCostsReimbursements" ns2:label="ferc_StudyCostsReimbursements" ns2:type="locator" />
        <ns0:definitionArc order="3" ns2:arcrole="http://xbrl.org/int/dim/arcrole/domain-member" ns2:from="ferc_TransmissionServiceAndGenerationInterconnectionStudyCostsTotalLineItems" ns2:to="ferc_StudyCostsReimbursements" ns2:type="arc" />
    </ns0:definitionLink>
    <ns0:definitionLink ns2:role="http://ferc.gov/form/2020-01-01/roles/Schedule/F1F/TransmissionServiceAndGenerationInterconnectionStudyCosts" ns2:type="extended">
        <ns0:loc ns2:href="../../ferc-core_2020-01-01.xsd#ferc_StudyTypeAxis" ns2:label="ferc_StudyTypeAxis" ns2:type="locator" />
        <ns0:loc ns2:href="../../ferc-core_2020-01-01.xsd#ferc_StudyTypeDomain" ns2:label="ferc_StudyTypeDomain" ns2:type="locator" />
        <ns0:definitionArc order="1" ns2:arcrole="http://xbrl.org/int/dim/arcrole/dimension-default" ns2:from="ferc_StudyTypeAxis" ns2:to="ferc_StudyTypeDomain" ns2:type="arc" />
    </ns0:definitionLink>
    <ns0:definitionLink ns2:role="http://ferc.gov/form/2020-01-01/roles/Schedule/F1F/TransmissionServiceAndGenerationInterconnectionStudyCostsTotals" ns2:type="extended">
        <ns0:loc ns2:href="../../ferc-core_2020-01-01.xsd#ferc_StudyTypeAxis" ns2:label="ferc_StudyTypeAxis" ns2:type="locator" />
        <ns0:loc ns2:href="../../ferc-core_2020-01-01.xsd#ferc_StudyTypeDomain" ns2:label="ferc_StudyTypeDomain" ns2:type="locator" />
        <ns0:definitionArc order="1" ns2:arcrole="http://xbrl.org/int/dim/arcrole/dimension-default" ns2:from="ferc_StudyTypeAxis" ns2:to="ferc_StudyTypeDomain" ns2:type="arc" />
    </ns0:definitionLink>
</ns0:linkbase>