<ns0:linkbase xmlns:ns0="http://www.xbrl.org/2003/linkbase" xmlns:ns2="http://www.w3.org/1999/xlink" xmlns:xsi="http://www.w3.org/2001/XMLSchema-instance" xsi:schemaLocation="http://www.xbrl.org/2003/linkbase http://www.xbrl.org/2003/xbrl-linkbase-2003-12-31.xsd">
    <ns0:roleRef roleURI="http://ferc.gov/form/2020-01-01/roles/Schedule/F1/CorporationsControledByRespondent" ns2:href="form-1-sched-CorporationsControledByRespondent_2020-01-01.xsd#roleType_CorporationsControledByRespondent" ns2:type="simple" />
    <ns0:roleRef roleURI="http://ferc.gov/form/2020-01-01/roles/label/F1CorporationsControlledByRespondent" ns2:href="../../ferc-core-lab-roles_2020-01-01.xsd#F1CorporationsControlledByRespondent" ns2:type="simple" />
    <ns0:presentationLink ns2:role="http://ferc.gov/form/2020-01-01/roles/Schedule/F1/CorporationsControledByRespondent" ns2:type="extended">
        <ns0:loc ns2:href="../../ferc-core_2020-01-01.xsd#ferc_ScheduleCorporationsControlledByRespondentAbstract" ns2:label="ferc_ScheduleCorporationsControlledByRespondentAbstract" ns2:type="locator" />
        <ns0:loc ns2:href="../../ferc-core_2020-01-01.xsd#ferc_CorporationsControlledByRespondentTable" ns2:label="ferc_CorporationsControlledByRespondentTable" ns2:type="locator" />
        <ns0:presentationArc order="1" ns2:arcrole="http://www.xbrl.org/2003/arcrole/parent-child" ns2:from="ferc_ScheduleCorporationsControlledByRespondentAbstract" ns2:to="ferc_CorporationsControlledByRespondentTable" ns2:type="arc" />
        <ns0:loc ns2:href="../../ferc-core_2020-01-01.xsd#ferc_CorporationsControlledByRespondentAxis" ns2:label="ferc_CorporationsControlledByRespondentAxis" ns2:type="locator" />
        <ns0:presentationArc order="1" ns2:arcrole="http://www.xbrl.org/2003/arcrole/parent-child" ns2:from="ferc_CorporationsControlledByRespondentTable" ns2:to="ferc_CorporationsControlledByRespondentAxis" ns2:type="arc" />
        <ns0:loc ns2:href="../../ferc-core_2020-01-01.xsd#ferc_CorporationsControlledByRespondentLineItems" ns2:label="ferc_CorporationsControlledByRespondentLineItems" ns2:type="locator" />
        <ns0:presentationArc order="2" ns2:arcrole="http://www.xbrl.org/2003/arcrole/parent-child" ns2:from="ferc_CorporationsControlledByRespondentTable" ns2:to="ferc_CorporationsControlledByRespondentLineItems" ns2:type="arc" />
        <ns0:loc ns2:href="../../ferc-core_2020-01-01.xsd#ferc_OrderNumber" ns2:label="ferc_OrderNumber" ns2:type="locator" />
        <ns0:presentationArc order="1" ns2:arcrole="http://www.xbrl.org/2003/arcrole/parent-child" ns2:from="ferc_CorporationsControlledByRespondentLineItems" ns2:to="ferc_OrderNumber" ns2:type="arc" />
        <ns0:loc ns2:href="../../ferc-core_2020-01-01.xsd#ferc_NameOfCompanyControlledByRespondent" ns2:label="ferc_NameOfCompanyControlledByRespondent" ns2:type="locator" />
        <ns0:presentationArc order="2" preferredLabel="http://ferc.gov/form/2020-01-01/roles/label/F1CorporationsControlledByRespondent" ns2:arcrole="http://www.xbrl.org/2003/arcrole/parent-child" ns2:from="ferc_CorporationsControlledByRespondentLineItems" ns2:to="ferc_NameOfCompanyControlledByRespondent" ns2:type="arc" />
        <ns0:loc ns2:href="../../ferc-core_2020-01-01.xsd#ferc_CompanyControlledByRespondentKindOfBusinessDescription" ns2:label="ferc_CompanyControlledByRespondentKindOfBusinessDescription" ns2:type="locator" />
        <ns0:presentationArc order="3" preferredLabel="http://ferc.gov/form/2020-01-01/roles/label/F1CorporationsControlledByRespondent" ns2:arcrole="http://www.xbrl.org/2003/arcrole/parent-child" ns2:from="ferc_CorporationsControlledByRespondentLineItems" ns2:to="ferc_CompanyControlledByRespondentKindOfBusinessDescription" ns2:type="arc" />
        <ns0:loc ns2:href="../../ferc-core_2020-01-01.xsd#ferc_VotingStockOwnedByRespondentPercentage" ns2:label="ferc_VotingStockOwnedByRespondentPercentage" ns2:type="locator" />
        <ns0:presentationArc order="4" preferredLabel="http://ferc.gov/form/2020-01-01/roles/label/F1CorporationsControlledByRespondent" ns2:arcrole="http://www.xbrl.org/2003/arcrole/parent-child" ns2:from="ferc_CorporationsControlledByRespondentLineItems" ns2:to="ferc_VotingStockOwnedByRespondentPercentage" ns2:type="arc" />
        <ns0:loc ns2:href="../../ferc-core_2020-01-01.xsd#ferc_FootnoteReferences" ns2:label="ferc_FootnoteReferences" ns2:type="locator" />
        <ns0:presentationArc order="5" preferredLabel="http://ferc.gov/form/2020-01-01/roles/label/F1CorporationsControlledByRespondent" ns2:arcrole="http://www.xbrl.org/2003/arcrole/parent-child" ns2:from="ferc_CorporationsControlledByRespondentLineItems" ns2:to="ferc_FootnoteReferences" ns2:type="arc" />
    </ns0:presentationLink>
</ns0:linkbase>