<ns0:linkbase xmlns:ns0="http://www.xbrl.org/2003/linkbase" xmlns:ns2="http://www.w3.org/1999/xlink" xmlns:ns3="http://xbrl.org/2005/xbrldt" xmlns:xsi="http://www.w3.org/2001/XMLSchema-instance" xsi:schemaLocation="http://www.xbrl.org/2003/linkbase http://www.xbrl.org/2003/xbrl-linkbase-2003-12-31.xsd">
    <ns0:roleRef roleURI="http://ferc.gov/form/2020-01-01/roles/Schedule/F1/ScheduleElectricEnergyAccount" ns2:href="form-1-sched-ScheduleElectricEnergyAccount_2020-01-01.xsd#roleType_ScheduleElectricEnergyAccount" ns2:type="simple" />
    <ns0:arcroleRef arcroleURI="http://xbrl.org/int/dim/arcrole/dimension-domain" ns2:href="http://www.xbrl.org/2005/xbrldt-2005.xsd#dimension-domain" ns2:type="simple" />
    <ns0:arcroleRef arcroleURI="http://xbrl.org/int/dim/arcrole/dimension-default" ns2:href="http://www.xbrl.org/2005/xbrldt-2005.xsd#dimension-default" ns2:type="simple" />
    <ns0:arcroleRef arcroleURI="http://xbrl.org/int/dim/arcrole/hypercube-dimension" ns2:href="http://www.xbrl.org/2005/xbrldt-2005.xsd#hypercube-dimension" ns2:type="simple" />
    <ns0:arcroleRef arcroleURI="http://xbrl.org/int/dim/arcrole/all" ns2:href="http://www.xbrl.org/2005/xbrldt-2005.xsd#all" ns2:type="simple" />
    <ns0:arcroleRef arcroleURI="http://xbrl.org/int/dim/arcrole/domain-member" ns2:href="http://www.xbrl.org/2005/xbrldt-2005.xsd#domain-member" ns2:type="simple" />
    <ns0:definitionLink ns2:role="http://ferc.gov/form/2020-01-01/roles/Schedule/F1/ScheduleElectricEnergyAccount" ns2:type="extended">
        <ns0:loc ns2:href="../../ferc-core_2020-01-01.xsd#ferc_ScheduleElectricEnergyAccountAbstract" ns2:label="ferc_ScheduleElectricEnergyAccountAbstract" ns2:type="locator" />
        <ns0:loc ns2:href="../../ferc-core_2020-01-01.xsd#ferc_ElectricEnergyAccountLineItems" ns2:label="ferc_ElectricEnergyAccountLineItems" ns2:type="locator" />
        <ns0:definitionArc order="1" ns2:arcrole="http://xbrl.org/int/dim/arcrole/domain-member" ns2:from="ferc_ScheduleElectricEnergyAccountAbstract" ns2:to="ferc_ElectricEnergyAccountLineItems" ns2:type="arc" />
        <ns0:loc ns2:href="../../ferc-core_2020-01-01.xsd#ferc_ElectricEnergyAccountTable" ns2:label="ferc_ElectricEnergyAccountTable" ns2:type="locator" />
        <ns0:definitionArc order="1" ns2:arcrole="http://xbrl.org/int/dim/arcrole/all" ns2:from="ferc_ElectricEnergyAccountLineItems" ns2:to="ferc_ElectricEnergyAccountTable" ns2:type="arc" ns3:closed="true" ns3:contextElement="segment" />
        <ns0:loc ns2:href="../../ferc-core_2020-01-01.xsd#ferc_SourcesOfEnergyAbstract" ns2:label="ferc_SourcesOfEnergyAbstract" ns2:type="locator" />
        <ns0:definitionArc order="2" ns2:arcrole="http://xbrl.org/int/dim/arcrole/domain-member" ns2:from="ferc_ElectricEnergyAccountLineItems" ns2:to="ferc_SourcesOfEnergyAbstract" ns2:type="arc" />
        <ns0:loc ns2:href="../../ferc-core_2020-01-01.xsd#ferc_GenerationExcludingStationUseAbstract" ns2:label="ferc_GenerationExcludingStationUseAbstract" ns2:type="locator" />
        <ns0:definitionArc order="1" ns2:arcrole="http://xbrl.org/int/dim/arcrole/domain-member" ns2:from="ferc_SourcesOfEnergyAbstract" ns2:to="ferc_GenerationExcludingStationUseAbstract" ns2:type="arc" />
        <ns0:loc ns2:href="../../ferc-core_2020-01-01.xsd#ferc_SteamGeneration" ns2:label="ferc_SteamGeneration" ns2:type="locator" />
        <ns0:definitionArc order="1" ns2:arcrole="http://xbrl.org/int/dim/arcrole/domain-member" ns2:from="ferc_GenerationExcludingStationUseAbstract" ns2:to="ferc_SteamGeneration" ns2:type="arc" />
        <ns0:loc ns2:href="../../ferc-core_2020-01-01.xsd#ferc_NuclearGeneration" ns2:label="ferc_NuclearGeneration" ns2:type="locator" />
        <ns0:definitionArc order="2" ns2:arcrole="http://xbrl.org/int/dim/arcrole/domain-member" ns2:from="ferc_GenerationExcludingStationUseAbstract" ns2:to="ferc_NuclearGeneration" ns2:type="arc" />
        <ns0:loc ns2:href="../../ferc-core_2020-01-01.xsd#ferc_HydroConventionalGeneration" ns2:label="ferc_HydroConventionalGeneration" ns2:type="locator" />
        <ns0:definitionArc order="3" ns2:arcrole="http://xbrl.org/int/dim/arcrole/domain-member" ns2:from="ferc_GenerationExcludingStationUseAbstract" ns2:to="ferc_HydroConventionalGeneration" ns2:type="arc" />
        <ns0:loc ns2:href="../../ferc-core_2020-01-01.xsd#ferc_HydroPumpedStorageGeneration" ns2:label="ferc_HydroPumpedStorageGeneration" ns2:type="locator" />
        <ns0:definitionArc order="4" ns2:arcrole="http://xbrl.org/int/dim/arcrole/domain-member" ns2:from="ferc_GenerationExcludingStationUseAbstract" ns2:to="ferc_HydroPumpedStorageGeneration" ns2:type="arc" />
        <ns0:loc ns2:href="../../ferc-core_2020-01-01.xsd#ferc_OtherEnergyGeneration" ns2:label="ferc_OtherEnergyGeneration" ns2:type="locator" />
        <ns0:definitionArc order="5" ns2:arcrole="http://xbrl.org/int/dim/arcrole/domain-member" ns2:from="ferc_GenerationExcludingStationUseAbstract" ns2:to="ferc_OtherEnergyGeneration" ns2:type="arc" />
        <ns0:loc ns2:href="../../ferc-core_2020-01-01.xsd#ferc_PumpingEnergy" ns2:label="ferc_PumpingEnergy" ns2:type="locator" />
        <ns0:definitionArc order="6" ns2:arcrole="http://xbrl.org/int/dim/arcrole/domain-member" ns2:from="ferc_GenerationExcludingStationUseAbstract" ns2:to="ferc_PumpingEnergy" ns2:type="arc" />
        <ns0:loc ns2:href="../../ferc-core_2020-01-01.xsd#ferc_NetEnergyGeneration" ns2:label="ferc_NetEnergyGeneration" ns2:type="locator" />
        <ns0:definitionArc order="7" ns2:arcrole="http://xbrl.org/int/dim/arcrole/domain-member" ns2:from="ferc_GenerationExcludingStationUseAbstract" ns2:to="ferc_NetEnergyGeneration" ns2:type="arc" />
        <ns0:loc ns2:href="../../ferc-core_2020-01-01.xsd#ferc_MegawattHoursPurchasedOtherThanStorage" ns2:label="ferc_MegawattHoursPurchasedOtherThanStorage" ns2:type="locator" />
        <ns0:definitionArc order="8" ns2:arcrole="http://xbrl.org/int/dim/arcrole/domain-member" ns2:from="ferc_GenerationExcludingStationUseAbstract" ns2:to="ferc_MegawattHoursPurchasedOtherThanStorage" ns2:type="arc" />
        <ns0:loc ns2:href="../../ferc-core_2020-01-01.xsd#ferc_MegawattHoursPurchasedForEnergyStorage" ns2:label="ferc_MegawattHoursPurchasedForEnergyStorage" ns2:type="locator" />
        <ns0:definitionArc order="9" ns2:arcrole="http://xbrl.org/int/dim/arcrole/domain-member" ns2:from="ferc_GenerationExcludingStationUseAbstract" ns2:to="ferc_MegawattHoursPurchasedForEnergyStorage" ns2:type="arc" />
        <ns0:loc ns2:href="../../ferc-core_2020-01-01.xsd#ferc_PowerExchangesAbstract" ns2:label="ferc_PowerExchangesAbstract" ns2:type="locator" />
        <ns0:definitionArc order="2" ns2:arcrole="http://xbrl.org/int/dim/arcrole/domain-member" ns2:from="ferc_SourcesOfEnergyAbstract" ns2:to="ferc_PowerExchangesAbstract" ns2:type="arc" />
        <ns0:loc ns2:href="../../ferc-core_2020-01-01.xsd#ferc_EnergyReceivedThroughPowerExchanges" ns2:label="ferc_EnergyReceivedThroughPowerExchanges" ns2:type="locator" />
        <ns0:definitionArc order="1" ns2:arcrole="http://xbrl.org/int/dim/arcrole/domain-member" ns2:from="ferc_PowerExchangesAbstract" ns2:to="ferc_EnergyReceivedThroughPowerExchanges" ns2:type="arc" />
        <ns0:loc ns2:href="../../ferc-core_2020-01-01.xsd#ferc_EnergyDeliveredThroughPowerExchanges" ns2:label="ferc_EnergyDeliveredThroughPowerExchanges" ns2:type="locator" />
        <ns0:definitionArc order="2" ns2:arcrole="http://xbrl.org/int/dim/arcrole/domain-member" ns2:from="ferc_PowerExchangesAbstract" ns2:to="ferc_EnergyDeliveredThroughPowerExchanges" ns2:type="arc" />
        <ns0:loc ns2:href="../../ferc-core_2020-01-01.xsd#ferc_NetEnergyThroughPowerExchanges" ns2:label="ferc_NetEnergyThroughPowerExchanges" ns2:type="locator" />
        <ns0:definitionArc order="3" ns2:arcrole="http://xbrl.org/int/dim/arcrole/domain-member" ns2:from="ferc_PowerExchangesAbstract" ns2:to="ferc_NetEnergyThroughPowerExchanges" ns2:type="arc" />
        <ns0:loc ns2:href="../../ferc-core_2020-01-01.xsd#ferc_TransmissionForOthersWheelingAbstract" ns2:label="ferc_TransmissionForOthersWheelingAbstract" ns2:type="locator" />
        <ns0:definitionArc order="3" ns2:arcrole="http://xbrl.org/int/dim/arcrole/domain-member" ns2:from="ferc_SourcesOfEnergyAbstract" ns2:to="ferc_TransmissionForOthersWheelingAbstract" ns2:type="arc" />
        <ns0:loc ns2:href="../../ferc-core_2020-01-01.xsd#ferc_ElectricPowerWheelingEnergyReceived" ns2:label="ferc_ElectricPowerWheelingEnergyReceived" ns2:type="locator" />
        <ns0:definitionArc order="1" ns2:arcrole="http://xbrl.org/int/dim/arcrole/domain-member" ns2:from="ferc_TransmissionForOthersWheelingAbstract" ns2:to="ferc_ElectricPowerWheelingEnergyReceived" ns2:type="arc" />
        <ns0:loc ns2:href="../../ferc-core_2020-01-01.xsd#ferc_ElectricPowerWheelingEnergyDelivered" ns2:label="ferc_ElectricPowerWheelingEnergyDelivered" ns2:type="locator" />
        <ns0:definitionArc order="2" ns2:arcrole="http://xbrl.org/int/dim/arcrole/domain-member" ns2:from="ferc_TransmissionForOthersWheelingAbstract" ns2:to="ferc_ElectricPowerWheelingEnergyDelivered" ns2:type="arc" />
        <ns0:loc ns2:href="../../ferc-core_2020-01-01.xsd#ferc_NetTransmissionEnergyForOthersElectricPowerWheeling" ns2:label="ferc_NetTransmissionEnergyForOthersElectricPowerWheeling" ns2:type="locator" />
        <ns0:definitionArc order="3" ns2:arcrole="http://xbrl.org/int/dim/arcrole/domain-member" ns2:from="ferc_TransmissionForOthersWheelingAbstract" ns2:to="ferc_NetTransmissionEnergyForOthersElectricPowerWheeling" ns2:type="arc" />
        <ns0:loc ns2:href="../../ferc-core_2020-01-01.xsd#ferc_TransmissionLossesByOthersElectricPowerWheeling" ns2:label="ferc_TransmissionLossesByOthersElectricPowerWheeling" ns2:type="locator" />
        <ns0:definitionArc order="4" ns2:arcrole="http://xbrl.org/int/dim/arcrole/domain-member" ns2:from="ferc_TransmissionForOthersWheelingAbstract" ns2:to="ferc_TransmissionLossesByOthersElectricPowerWheeling" ns2:type="arc" />
        <ns0:loc ns2:href="../../ferc-core_2020-01-01.xsd#ferc_SourcesOfEnergy" ns2:label="ferc_SourcesOfEnergy" ns2:type="locator" />
        <ns0:definitionArc order="4" ns2:arcrole="http://xbrl.org/int/dim/arcrole/domain-member" ns2:from="ferc_SourcesOfEnergyAbstract" ns2:to="ferc_SourcesOfEnergy" ns2:type="arc" />
        <ns0:loc ns2:href="../../ferc-core_2020-01-01.xsd#ferc_DispositionOfEnergyAbstract" ns2:label="ferc_DispositionOfEnergyAbstract" ns2:type="locator" />
        <ns0:definitionArc order="5" ns2:arcrole="http://xbrl.org/int/dim/arcrole/domain-member" ns2:from="ferc_SourcesOfEnergyAbstract" ns2:to="ferc_DispositionOfEnergyAbstract" ns2:type="arc" />
        <ns0:loc ns2:href="../../ferc-core_2020-01-01.xsd#ferc_MegawattHoursSoldSalesToUltimateConsumers" ns2:label="ferc_MegawattHoursSoldSalesToUltimateConsumers" ns2:type="locator" />
        <ns0:definitionArc order="1" ns2:arcrole="http://xbrl.org/int/dim/arcrole/domain-member" ns2:from="ferc_DispositionOfEnergyAbstract" ns2:to="ferc_MegawattHoursSoldSalesToUltimateConsumers" ns2:type="arc" />
        <ns0:loc ns2:href="../../ferc-core_2020-01-01.xsd#ferc_MegawattHoursSoldRequirementsSales" ns2:label="ferc_MegawattHoursSoldRequirementsSales" ns2:type="locator" />
        <ns0:definitionArc order="2" ns2:arcrole="http://xbrl.org/int/dim/arcrole/domain-member" ns2:from="ferc_DispositionOfEnergyAbstract" ns2:to="ferc_MegawattHoursSoldRequirementsSales" ns2:type="arc" />
        <ns0:loc ns2:href="../../ferc-core_2020-01-01.xsd#ferc_MegawattHoursSoldNonRequirementsSales" ns2:label="ferc_MegawattHoursSoldNonRequirementsSales" ns2:type="locator" />
        <ns0:definitionArc order="3" ns2:arcrole="http://xbrl.org/int/dim/arcrole/domain-member" ns2:from="ferc_DispositionOfEnergyAbstract" ns2:to="ferc_MegawattHoursSoldNonRequirementsSales" ns2:type="arc" />
        <ns0:loc ns2:href="../../ferc-core_2020-01-01.xsd#ferc_NonChargedEnergy" ns2:label="ferc_NonChargedEnergy" ns2:type="locator" />
        <ns0:definitionArc order="4" ns2:arcrole="http://xbrl.org/int/dim/arcrole/domain-member" ns2:from="ferc_DispositionOfEnergyAbstract" ns2:to="ferc_NonChargedEnergy" ns2:type="arc" />
        <ns0:loc ns2:href="../../ferc-core_2020-01-01.xsd#ferc_InternalUseEnergy" ns2:label="ferc_InternalUseEnergy" ns2:type="locator" />
        <ns0:definitionArc order="5" ns2:arcrole="http://xbrl.org/int/dim/arcrole/domain-member" ns2:from="ferc_DispositionOfEnergyAbstract" ns2:to="ferc_InternalUseEnergy" ns2:type="arc" />
        <ns0:loc ns2:href="../../ferc-core_2020-01-01.xsd#ferc_EnergyLosses" ns2:label="ferc_EnergyLosses" ns2:type="locator" />
        <ns0:definitionArc order="6" ns2:arcrole="http://xbrl.org/int/dim/arcrole/domain-member" ns2:from="ferc_DispositionOfEnergyAbstract" ns2:to="ferc_EnergyLosses" ns2:type="arc" />
        <ns0:loc ns2:href="../../ferc-core_2020-01-01.xsd#ferc_EnergyStored" ns2:label="ferc_EnergyStored" ns2:type="locator" />
        <ns0:definitionArc order="7" ns2:arcrole="http://xbrl.org/int/dim/arcrole/domain-member" ns2:from="ferc_DispositionOfEnergyAbstract" ns2:to="ferc_EnergyStored" ns2:type="arc" />
        <ns0:loc ns2:href="../../ferc-core_2020-01-01.xsd#ferc_DispositionOfEnergy" ns2:label="ferc_DispositionOfEnergy" ns2:type="locator" />
        <ns0:definitionArc order="6" ns2:arcrole="http://xbrl.org/int/dim/arcrole/domain-member" ns2:from="ferc_SourcesOfEnergyAbstract" ns2:to="ferc_DispositionOfEnergy" ns2:type="arc" />
    </ns0:definitionLink>
    <ns0:definitionLink ns2:role="http://ferc.gov/form/2020-01-01/roles/Schedule/F1/ScheduleElectricEnergyAccount" ns2:type="extended" />
</ns0:linkbase>