<ns0:linkbase xmlns:ns0="http://www.xbrl.org/2003/linkbase" xmlns:ns2="http://www.w3.org/1999/xlink" xmlns:xsi="http://www.w3.org/2001/XMLSchema-instance" xsi:schemaLocation="http://www.xbrl.org/2003/linkbase http://www.xbrl.org/2003/xbrl-linkbase-2003-12-31.xsd">
    <ns0:roleRef roleURI="http://ferc.gov/form/2020-01-01/roles/Schedule/F1/ScheduleElectricEnergyAccount" ns2:href="form-1-sched-ScheduleElectricEnergyAccount_2020-01-01.xsd#roleType_ScheduleElectricEnergyAccount" ns2:type="simple" />
    <ns0:calculationLink ns2:role="http://ferc.gov/form/2020-01-01/roles/Schedule/F1/ScheduleElectricEnergyAccount" ns2:type="extended">
        <ns0:loc ns2:href="../../ferc-core_2020-01-01.xsd#ferc_NetEnergyGeneration" ns2:label="ferc_NetEnergyGeneration" ns2:type="locator" />
        <ns0:loc ns2:href="../../ferc-core_2020-01-01.xsd#ferc_SteamGeneration" ns2:label="ferc_SteamGeneration" ns2:type="locator" />
        <ns0:calculationArc order="1" weight="1" ns2:arcrole="http://www.xbrl.org/2003/arcrole/summation-item" ns2:from="ferc_NetEnergyGeneration" ns2:to="ferc_SteamGeneration" ns2:type="arc" />
        <ns0:loc ns2:href="../../ferc-core_2020-01-01.xsd#ferc_NuclearGeneration" ns2:label="ferc_NuclearGeneration" ns2:type="locator" />
        <ns0:calculationArc order="1" weight="1" ns2:arcrole="http://www.xbrl.org/2003/arcrole/summation-item" ns2:from="ferc_NetEnergyGeneration" ns2:to="ferc_NuclearGeneration" ns2:type="arc" />
        <ns0:loc ns2:href="../../ferc-core_2020-01-01.xsd#ferc_HydroConventionalGeneration" ns2:label="ferc_HydroConventionalGeneration" ns2:type="locator" />
        <ns0:calculationArc order="1" weight="1" ns2:arcrole="http://www.xbrl.org/2003/arcrole/summation-item" ns2:from="ferc_NetEnergyGeneration" ns2:to="ferc_HydroConventionalGeneration" ns2:type="arc" />
        <ns0:loc ns2:href="../../ferc-core_2020-01-01.xsd#ferc_HydroPumpedStorageGeneration" ns2:label="ferc_HydroPumpedStorageGeneration" ns2:type="locator" />
        <ns0:calculationArc order="1" weight="1" ns2:arcrole="http://www.xbrl.org/2003/arcrole/summation-item" ns2:from="ferc_NetEnergyGeneration" ns2:to="ferc_HydroPumpedStorageGeneration" ns2:type="arc" />
        <ns0:loc ns2:href="../../ferc-core_2020-01-01.xsd#ferc_OtherEnergyGeneration" ns2:label="ferc_OtherEnergyGeneration" ns2:type="locator" />
        <ns0:calculationArc order="1" weight="1" ns2:arcrole="http://www.xbrl.org/2003/arcrole/summation-item" ns2:from="ferc_NetEnergyGeneration" ns2:to="ferc_OtherEnergyGeneration" ns2:type="arc" />
        <ns0:loc ns2:href="../../ferc-core_2020-01-01.xsd#ferc_PumpingEnergy" ns2:label="ferc_PumpingEnergy" ns2:type="locator" />
        <ns0:calculationArc order="1" weight="1" ns2:arcrole="http://www.xbrl.org/2003/arcrole/summation-item" ns2:from="ferc_NetEnergyGeneration" ns2:to="ferc_PumpingEnergy" ns2:type="arc" />
        <ns0:loc ns2:href="../../ferc-core_2020-01-01.xsd#ferc_SourcesOfEnergy" ns2:label="ferc_SourcesOfEnergy" ns2:type="locator" />
        <ns0:calculationArc order="1" weight="1" ns2:arcrole="http://www.xbrl.org/2003/arcrole/summation-item" ns2:from="ferc_SourcesOfEnergy" ns2:to="ferc_NetEnergyGeneration" ns2:type="arc" />
        <ns0:loc ns2:href="../../ferc-core_2020-01-01.xsd#ferc_MegawattHoursPurchasedOtherThanStorage" ns2:label="ferc_MegawattHoursPurchasedOtherThanStorage" ns2:type="locator" />
        <ns0:calculationArc order="1" weight="1" ns2:arcrole="http://www.xbrl.org/2003/arcrole/summation-item" ns2:from="ferc_SourcesOfEnergy" ns2:to="ferc_MegawattHoursPurchasedOtherThanStorage" ns2:type="arc" />
        <ns0:loc ns2:href="../../ferc-core_2020-01-01.xsd#ferc_MegawattHoursPurchasedForEnergyStorage" ns2:label="ferc_MegawattHoursPurchasedForEnergyStorage" ns2:type="locator" />
        <ns0:calculationArc order="1" weight="1" ns2:arcrole="http://www.xbrl.org/2003/arcrole/summation-item" ns2:from="ferc_SourcesOfEnergy" ns2:to="ferc_MegawattHoursPurchasedForEnergyStorage" ns2:type="arc" />
        <ns0:loc ns2:href="../../ferc-core_2020-01-01.xsd#ferc_NetEnergyThroughPowerExchanges" ns2:label="ferc_NetEnergyThroughPowerExchanges" ns2:type="locator" />
        <ns0:loc ns2:href="../../ferc-core_2020-01-01.xsd#ferc_EnergyReceivedThroughPowerExchanges" ns2:label="ferc_EnergyReceivedThroughPowerExchanges" ns2:type="locator" />
        <ns0:calculationArc order="1" weight="1" ns2:arcrole="http://www.xbrl.org/2003/arcrole/summation-item" ns2:from="ferc_NetEnergyThroughPowerExchanges" ns2:to="ferc_EnergyReceivedThroughPowerExchanges" ns2:type="arc" />
        <ns0:loc ns2:href="../../ferc-core_2020-01-01.xsd#ferc_EnergyDeliveredThroughPowerExchanges" ns2:label="ferc_EnergyDeliveredThroughPowerExchanges" ns2:type="locator" />
        <ns0:calculationArc order="1" weight="-1" ns2:arcrole="http://www.xbrl.org/2003/arcrole/summation-item" ns2:from="ferc_NetEnergyThroughPowerExchanges" ns2:to="ferc_EnergyDeliveredThroughPowerExchanges" ns2:type="arc" />
        <ns0:calculationArc order="1" weight="1" ns2:arcrole="http://www.xbrl.org/2003/arcrole/summation-item" ns2:from="ferc_SourcesOfEnergy" ns2:to="ferc_NetEnergyThroughPowerExchanges" ns2:type="arc" />
        <ns0:loc ns2:href="../../ferc-core_2020-01-01.xsd#ferc_NetTransmissionEnergyForOthersElectricPowerWheeling" ns2:label="ferc_NetTransmissionEnergyForOthersElectricPowerWheeling" ns2:type="locator" />
        <ns0:loc ns2:href="../../ferc-core_2020-01-01.xsd#ferc_ElectricPowerWheelingEnergyReceived" ns2:label="ferc_ElectricPowerWheelingEnergyReceived" ns2:type="locator" />
        <ns0:calculationArc order="1" weight="1" ns2:arcrole="http://www.xbrl.org/2003/arcrole/summation-item" ns2:from="ferc_NetTransmissionEnergyForOthersElectricPowerWheeling" ns2:to="ferc_ElectricPowerWheelingEnergyReceived" ns2:type="arc" />
        <ns0:loc ns2:href="../../ferc-core_2020-01-01.xsd#ferc_ElectricPowerWheelingEnergyDelivered" ns2:label="ferc_ElectricPowerWheelingEnergyDelivered" ns2:type="locator" />
        <ns0:calculationArc order="1" weight="-1" ns2:arcrole="http://www.xbrl.org/2003/arcrole/summation-item" ns2:from="ferc_NetTransmissionEnergyForOthersElectricPowerWheeling" ns2:to="ferc_ElectricPowerWheelingEnergyDelivered" ns2:type="arc" />
        <ns0:calculationArc order="1" weight="1" ns2:arcrole="http://www.xbrl.org/2003/arcrole/summation-item" ns2:from="ferc_SourcesOfEnergy" ns2:to="ferc_NetTransmissionEnergyForOthersElectricPowerWheeling" ns2:type="arc" />
        <ns0:loc ns2:href="../../ferc-core_2020-01-01.xsd#ferc_TransmissionLossesByOthersElectricPowerWheeling" ns2:label="ferc_TransmissionLossesByOthersElectricPowerWheeling" ns2:type="locator" />
        <ns0:calculationArc order="1" weight="1" ns2:arcrole="http://www.xbrl.org/2003/arcrole/summation-item" ns2:from="ferc_SourcesOfEnergy" ns2:to="ferc_TransmissionLossesByOthersElectricPowerWheeling" ns2:type="arc" />
        <ns0:loc ns2:href="../../ferc-core_2020-01-01.xsd#ferc_DispositionOfEnergy" ns2:label="ferc_DispositionOfEnergy" ns2:type="locator" />
        <ns0:loc ns2:href="../../ferc-core_2020-01-01.xsd#ferc_MegawattHoursSoldSalesToUltimateConsumers" ns2:label="ferc_MegawattHoursSoldSalesToUltimateConsumers" ns2:type="locator" />
        <ns0:calculationArc order="1" weight="1" ns2:arcrole="http://www.xbrl.org/2003/arcrole/summation-item" ns2:from="ferc_DispositionOfEnergy" ns2:to="ferc_MegawattHoursSoldSalesToUltimateConsumers" ns2:type="arc" />
        <ns0:loc ns2:href="../../ferc-core_2020-01-01.xsd#ferc_MegawattHoursSoldRequirementsSales" ns2:label="ferc_MegawattHoursSoldRequirementsSales" ns2:type="locator" />
        <ns0:calculationArc order="1" weight="1" ns2:arcrole="http://www.xbrl.org/2003/arcrole/summation-item" ns2:from="ferc_DispositionOfEnergy" ns2:to="ferc_MegawattHoursSoldRequirementsSales" ns2:type="arc" />
        <ns0:loc ns2:href="../../ferc-core_2020-01-01.xsd#ferc_MegawattHoursSoldNonRequirementsSales" ns2:label="ferc_MegawattHoursSoldNonRequirementsSales" ns2:type="locator" />
        <ns0:calculationArc order="1" weight="1" ns2:arcrole="http://www.xbrl.org/2003/arcrole/summation-item" ns2:from="ferc_DispositionOfEnergy" ns2:to="ferc_MegawattHoursSoldNonRequirementsSales" ns2:type="arc" />
        <ns0:loc ns2:href="../../ferc-core_2020-01-01.xsd#ferc_NonChargedEnergy" ns2:label="ferc_NonChargedEnergy" ns2:type="locator" />
        <ns0:calculationArc order="1" weight="1" ns2:arcrole="http://www.xbrl.org/2003/arcrole/summation-item" ns2:from="ferc_DispositionOfEnergy" ns2:to="ferc_NonChargedEnergy" ns2:type="arc" />
        <ns0:loc ns2:href="../../ferc-core_2020-01-01.xsd#ferc_InternalUseEnergy" ns2:label="ferc_InternalUseEnergy" ns2:type="locator" />
        <ns0:calculationArc order="1" weight="1" ns2:arcrole="http://www.xbrl.org/2003/arcrole/summation-item" ns2:from="ferc_DispositionOfEnergy" ns2:to="ferc_InternalUseEnergy" ns2:type="arc" />
        <ns0:loc ns2:href="../../ferc-core_2020-01-01.xsd#ferc_EnergyLosses" ns2:label="ferc_EnergyLosses" ns2:type="locator" />
        <ns0:calculationArc order="1" weight="1" ns2:arcrole="http://www.xbrl.org/2003/arcrole/summation-item" ns2:from="ferc_DispositionOfEnergy" ns2:to="ferc_EnergyLosses" ns2:type="arc" />
        <ns0:loc ns2:href="../../ferc-core_2020-01-01.xsd#ferc_EnergyStored" ns2:label="ferc_EnergyStored" ns2:type="locator" />
        <ns0:calculationArc order="1" weight="-1" ns2:arcrole="http://www.xbrl.org/2003/arcrole/summation-item" ns2:from="ferc_DispositionOfEnergy" ns2:to="ferc_EnergyStored" ns2:type="arc" />
    </ns0:calculationLink>
</ns0:linkbase>