<ns0:linkbase xmlns:ns0="http://www.xbrl.org/2003/linkbase" xmlns:ns2="http://www.w3.org/1999/xlink" xmlns:xsi="http://www.w3.org/2001/XMLSchema-instance" xsi:schemaLocation="http://www.xbrl.org/2003/linkbase http://www.xbrl.org/2003/xbrl-linkbase-2003-12-31.xsd">
    <ns0:roleRef roleURI="http://ferc.gov/form/2020-01-01/roles/label/F1Total" ns2:href="../../ferc-core-lab-roles_2020-01-01.xsd#F1Total" ns2:type="simple" />
    <ns0:roleRef roleURI="http://ferc.gov/form/2020-01-01/roles/Schedule/F1/TransmissionOfElectricityByOther" ns2:href="form-1-sched-TransmissionOfElectricityByOther_2020-01-01.xsd#roleType_TransmissionOfElectricityByOther" ns2:type="simple" />
    <ns0:roleRef roleURI="http://ferc.gov/form/2020-01-01/roles/label/F1TransmissionOfElectricityByOthers" ns2:href="../../ferc-core-lab-roles_2020-01-01.xsd#F1TransmissionOfElectricityByOthers" ns2:type="simple" />
    <ns0:presentationLink ns2:role="http://ferc.gov/form/2020-01-01/roles/Schedule/F1/TransmissionOfElectricityByOther" ns2:type="extended">
        <ns0:loc ns2:href="../../ferc-core_2020-01-01.xsd#ferc_ScheduleTransmissionOfElectricityByOthersAbstract" ns2:label="ferc_ScheduleTransmissionOfElectricityByOthersAbstract" ns2:type="locator" />
        <ns0:loc ns2:href="../../ferc-core_2020-01-01.xsd#ferc_TransmissionOfElectricityByOthersTable" ns2:label="ferc_TransmissionOfElectricityByOthersTable" ns2:type="locator" />
        <ns0:presentationArc order="1" ns2:arcrole="http://www.xbrl.org/2003/arcrole/parent-child" ns2:from="ferc_ScheduleTransmissionOfElectricityByOthersAbstract" ns2:to="ferc_TransmissionOfElectricityByOthersTable" ns2:type="arc" />
        <ns0:loc ns2:href="../../ferc-core_2020-01-01.xsd#ferc_TransmissionOfElectricityByOthersAxis" ns2:label="ferc_TransmissionOfElectricityByOthersAxis" ns2:type="locator" />
        <ns0:presentationArc order="1" ns2:arcrole="http://www.xbrl.org/2003/arcrole/parent-child" ns2:from="ferc_TransmissionOfElectricityByOthersTable" ns2:to="ferc_TransmissionOfElectricityByOthersAxis" ns2:type="arc" />
        <ns0:loc ns2:href="../../ferc-core_2020-01-01.xsd#ferc_TransmissionOfElectricityByOthersLineItems" ns2:label="ferc_TransmissionOfElectricityByOthersLineItems" ns2:type="locator" />
        <ns0:presentationArc order="2" ns2:arcrole="http://www.xbrl.org/2003/arcrole/parent-child" ns2:from="ferc_TransmissionOfElectricityByOthersTable" ns2:to="ferc_TransmissionOfElectricityByOthersLineItems" ns2:type="arc" />
        <ns0:loc ns2:href="../../ferc-core_2020-01-01.xsd#ferc_OrderNumber" ns2:label="ferc_OrderNumber" ns2:type="locator" />
        <ns0:presentationArc order="1" ns2:arcrole="http://www.xbrl.org/2003/arcrole/parent-child" ns2:from="ferc_TransmissionOfElectricityByOthersLineItems" ns2:to="ferc_OrderNumber" ns2:type="arc" />
        <ns0:loc ns2:href="../../ferc-core_2020-01-01.xsd#ferc_NameOfCompanyOrPublicAuthorityTransmissionOfElectricityByOthers" ns2:label="ferc_NameOfCompanyOrPublicAuthorityTransmissionOfElectricityByOthers" ns2:type="locator" />
        <ns0:presentationArc order="2" preferredLabel="http://ferc.gov/form/2020-01-01/roles/label/F1TransmissionOfElectricityByOthers" ns2:arcrole="http://www.xbrl.org/2003/arcrole/parent-child" ns2:from="ferc_TransmissionOfElectricityByOthersLineItems" ns2:to="ferc_NameOfCompanyOrPublicAuthorityTransmissionOfElectricityByOthers" ns2:type="arc" />
        <ns0:loc ns2:href="../../ferc-core_2020-01-01.xsd#ferc_StatisticalClassificationCode" ns2:label="ferc_StatisticalClassificationCode" ns2:type="locator" />
        <ns0:presentationArc order="3" preferredLabel="http://ferc.gov/form/2020-01-01/roles/label/F1TransmissionOfElectricityByOthers" ns2:arcrole="http://www.xbrl.org/2003/arcrole/parent-child" ns2:from="ferc_TransmissionOfElectricityByOthersLineItems" ns2:to="ferc_StatisticalClassificationCode" ns2:type="arc" />
        <ns0:loc ns2:href="../../ferc-core_2020-01-01.xsd#ferc_TransmissionOfElectricityByOthersEnergyReceived" ns2:label="ferc_TransmissionOfElectricityByOthersEnergyReceived" ns2:type="locator" />
        <ns0:presentationArc order="4" preferredLabel="http://ferc.gov/form/2020-01-01/roles/label/F1TransmissionOfElectricityByOthers" ns2:arcrole="http://www.xbrl.org/2003/arcrole/parent-child" ns2:from="ferc_TransmissionOfElectricityByOthersLineItems" ns2:to="ferc_TransmissionOfElectricityByOthersEnergyReceived" ns2:type="arc" />
        <ns0:loc ns2:href="../../ferc-core_2020-01-01.xsd#ferc_TransmissionOfElectricityByOthersEnergyDelivered" ns2:label="ferc_TransmissionOfElectricityByOthersEnergyDelivered" ns2:type="locator" />
        <ns0:presentationArc order="5" preferredLabel="http://ferc.gov/form/2020-01-01/roles/label/F1TransmissionOfElectricityByOthers" ns2:arcrole="http://www.xbrl.org/2003/arcrole/parent-child" ns2:from="ferc_TransmissionOfElectricityByOthersLineItems" ns2:to="ferc_TransmissionOfElectricityByOthersEnergyDelivered" ns2:type="arc" />
        <ns0:loc ns2:href="../../ferc-core_2020-01-01.xsd#ferc_DemandChargesTransmissionOfElectricityByOthers" ns2:label="ferc_DemandChargesTransmissionOfElectricityByOthers" ns2:type="locator" />
        <ns0:presentationArc order="6" preferredLabel="http://ferc.gov/form/2020-01-01/roles/label/F1TransmissionOfElectricityByOthers" ns2:arcrole="http://www.xbrl.org/2003/arcrole/parent-child" ns2:from="ferc_TransmissionOfElectricityByOthersLineItems" ns2:to="ferc_DemandChargesTransmissionOfElectricityByOthers" ns2:type="arc" />
        <ns0:loc ns2:href="../../ferc-core_2020-01-01.xsd#ferc_EnergyChargesTransmissionOfElectricityByOthers" ns2:label="ferc_EnergyChargesTransmissionOfElectricityByOthers" ns2:type="locator" />
        <ns0:presentationArc order="7" preferredLabel="http://ferc.gov/form/2020-01-01/roles/label/F1TransmissionOfElectricityByOthers" ns2:arcrole="http://www.xbrl.org/2003/arcrole/parent-child" ns2:from="ferc_TransmissionOfElectricityByOthersLineItems" ns2:to="ferc_EnergyChargesTransmissionOfElectricityByOthers" ns2:type="arc" />
        <ns0:loc ns2:href="../../ferc-core_2020-01-01.xsd#ferc_OtherChargesTransmissionOfElectricityByOthers" ns2:label="ferc_OtherChargesTransmissionOfElectricityByOthers" ns2:type="locator" />
        <ns0:presentationArc order="8" preferredLabel="http://ferc.gov/form/2020-01-01/roles/label/F1TransmissionOfElectricityByOthers" ns2:arcrole="http://www.xbrl.org/2003/arcrole/parent-child" ns2:from="ferc_TransmissionOfElectricityByOthersLineItems" ns2:to="ferc_OtherChargesTransmissionOfElectricityByOthers" ns2:type="arc" />
        <ns0:loc ns2:href="../../ferc-core_2020-01-01.xsd#ferc_ChargesForTransmissionOfElectricityByOthers" ns2:label="ferc_ChargesForTransmissionOfElectricityByOthers" ns2:type="locator" />
        <ns0:presentationArc order="9" preferredLabel="http://ferc.gov/form/2020-01-01/roles/label/F1TransmissionOfElectricityByOthers" ns2:arcrole="http://www.xbrl.org/2003/arcrole/parent-child" ns2:from="ferc_TransmissionOfElectricityByOthersLineItems" ns2:to="ferc_ChargesForTransmissionOfElectricityByOthers" ns2:type="arc" />
        <ns0:presentationArc order="2" preferredLabel="http://ferc.gov/form/2020-01-01/roles/label/F1Total" ns2:arcrole="http://www.xbrl.org/2003/arcrole/parent-child" ns2:from="ferc_ScheduleTransmissionOfElectricityByOthersAbstract" ns2:to="ferc_TransmissionOfElectricityByOthersEnergyReceived" ns2:type="arc" />
        <ns0:presentationArc order="3" preferredLabel="http://ferc.gov/form/2020-01-01/roles/label/F1Total" ns2:arcrole="http://www.xbrl.org/2003/arcrole/parent-child" ns2:from="ferc_ScheduleTransmissionOfElectricityByOthersAbstract" ns2:to="ferc_TransmissionOfElectricityByOthersEnergyDelivered" ns2:type="arc" />
        <ns0:presentationArc order="4" preferredLabel="http://ferc.gov/form/2020-01-01/roles/label/F1Total" ns2:arcrole="http://www.xbrl.org/2003/arcrole/parent-child" ns2:from="ferc_ScheduleTransmissionOfElectricityByOthersAbstract" ns2:to="ferc_DemandChargesTransmissionOfElectricityByOthers" ns2:type="arc" />
        <ns0:presentationArc order="5" preferredLabel="http://ferc.gov/form/2020-01-01/roles/label/F1Total" ns2:arcrole="http://www.xbrl.org/2003/arcrole/parent-child" ns2:from="ferc_ScheduleTransmissionOfElectricityByOthersAbstract" ns2:to="ferc_EnergyChargesTransmissionOfElectricityByOthers" ns2:type="arc" />
        <ns0:presentationArc order="6" preferredLabel="http://ferc.gov/form/2020-01-01/roles/label/F1Total" ns2:arcrole="http://www.xbrl.org/2003/arcrole/parent-child" ns2:from="ferc_ScheduleTransmissionOfElectricityByOthersAbstract" ns2:to="ferc_OtherChargesTransmissionOfElectricityByOthers" ns2:type="arc" />
        <ns0:presentationArc order="7" preferredLabel="http://ferc.gov/form/2020-01-01/roles/label/F1Total" ns2:arcrole="http://www.xbrl.org/2003/arcrole/parent-child" ns2:from="ferc_ScheduleTransmissionOfElectricityByOthersAbstract" ns2:to="ferc_ChargesForTransmissionOfElectricityByOthers" ns2:type="arc" />
    </ns0:presentationLink>
</ns0:linkbase>