<ns0:linkbase xmlns:ns0="http://www.xbrl.org/2003/linkbase" xmlns:ns2="http://www.w3.org/1999/xlink" xmlns:xsi="http://www.w3.org/2001/XMLSchema-instance" xsi:schemaLocation="http://www.xbrl.org/2003/linkbase http://www.xbrl.org/2003/xbrl-linkbase-2003-12-31.xsd">
    <ns0:roleRef roleURI="http://ferc.gov/form/2020-01-01/roles/Schedule/F1/TransmissionOfElectricityByOther" ns2:href="form-1-sched-TransmissionOfElectricityByOther_2020-01-01.xsd#roleType_TransmissionOfElectricityByOther" ns2:type="simple" />
    <ns0:calculationLink ns2:role="http://ferc.gov/form/2020-01-01/roles/Schedule/F1/TransmissionOfElectricityByOther" ns2:type="extended">
        <ns0:loc ns2:href="../../ferc-core_2020-01-01.xsd#ferc_ChargesForTransmissionOfElectricityByOthers" ns2:label="ferc_ChargesForTransmissionOfElectricityByOthers" ns2:type="locator" />
        <ns0:loc ns2:href="../../ferc-core_2020-01-01.xsd#ferc_DemandChargesTransmissionOfElectricityByOthers" ns2:label="ferc_DemandChargesTransmissionOfElectricityByOthers" ns2:type="locator" />
        <ns0:calculationArc order="1" weight="1" ns2:arcrole="http://www.xbrl.org/2003/arcrole/summation-item" ns2:from="ferc_ChargesForTransmissionOfElectricityByOthers" ns2:to="ferc_DemandChargesTransmissionOfElectricityByOthers" ns2:type="arc" />
        <ns0:loc ns2:href="../../ferc-core_2020-01-01.xsd#ferc_EnergyChargesTransmissionOfElectricityByOthers" ns2:label="ferc_EnergyChargesTransmissionOfElectricityByOthers" ns2:type="locator" />
        <ns0:calculationArc order="1" weight="1" ns2:arcrole="http://www.xbrl.org/2003/arcrole/summation-item" ns2:from="ferc_ChargesForTransmissionOfElectricityByOthers" ns2:to="ferc_EnergyChargesTransmissionOfElectricityByOthers" ns2:type="arc" />
        <ns0:loc ns2:href="../../ferc-core_2020-01-01.xsd#ferc_OtherChargesTransmissionOfElectricityByOthers" ns2:label="ferc_OtherChargesTransmissionOfElectricityByOthers" ns2:type="locator" />
        <ns0:calculationArc order="1" weight="1" ns2:arcrole="http://www.xbrl.org/2003/arcrole/summation-item" ns2:from="ferc_ChargesForTransmissionOfElectricityByOthers" ns2:to="ferc_OtherChargesTransmissionOfElectricityByOthers" ns2:type="arc" />
    </ns0:calculationLink>
</ns0:linkbase>