﻿<?xml version="1.0" encoding="utf-8"?>
<!--© DNB-->
<link:linkbase xmlns:xsi="http://www.w3.org/2001/XMLSchema-instance" xmlns:xlink="http://www.w3.org/1999/xlink" xmlns:link="http://www.xbrl.org/2003/linkbase" xsi:schemaLocation="http://www.xbrl.org/2003/linkbase http://www.xbrl.org/2003/xbrl-linkbase-2003-12-31.xsd">
  <link:labelLink xlink:type="extended" xlink:role="http://www.xbrl.org/2003/role/link">
    <link:loc xlink:type="locator" xlink:href="met.xsd#dnb_bi001" xlink:label="loc_dnb_bi001" />
    <link:label xlink:type="resource" xlink:label="label_dnb_bi001" xml:lang="en" xlink:role="http://www.xbrl.org/2003/role/label">Windstorm coverage granted (true/false)</link:label>
    <link:labelArc xlink:type="arc" xlink:arcrole="http://www.xbrl.org/2003/arcrole/concept-label" xlink:from="loc_dnb_bi001" xlink:to="label_dnb_bi001" />
    <link:label xlink:type="resource" xlink:label="label_dnb_bi001_2" xml:lang="en" xlink:role="http://www.xbrl.org/2003/role/documentation">bi001</link:label>
    <link:labelArc xlink:type="arc" xlink:arcrole="http://www.xbrl.org/2003/arcrole/concept-label" xlink:from="loc_dnb_bi001" xlink:to="label_dnb_bi001_2" />
    <link:loc xlink:type="locator" xlink:href="met.xsd#dnb_ei001" xlink:label="loc_dnb_ei001" />
    <link:label xlink:type="resource" xlink:label="label_dnb_ei001" xml:lang="en" xlink:role="http://www.xbrl.org/2003/role/label">Valuation (IFRS/BW)</link:label>
    <link:labelArc xlink:type="arc" xlink:arcrole="http://www.xbrl.org/2003/arcrole/concept-label" xlink:from="loc_dnb_ei001" xlink:to="label_dnb_ei001" />
    <link:label xlink:type="resource" xlink:label="label_dnb_ei001_1" xml:lang="en" xlink:role="http://www.xbrl.org/2003/role/verboseLabel">Basis for accounting principles (IFRS or BW).</link:label>
    <link:labelArc xlink:type="arc" xlink:arcrole="http://www.xbrl.org/2003/arcrole/concept-label" xlink:from="loc_dnb_ei001" xlink:to="label_dnb_ei001_1" />
    <link:label xlink:type="resource" xlink:label="label_dnb_ei001_2" xml:lang="en" xlink:role="http://www.xbrl.org/2003/role/documentation">ei001</link:label>
    <link:labelArc xlink:type="arc" xlink:arcrole="http://www.xbrl.org/2003/arcrole/concept-label" xlink:from="loc_dnb_ei001" xlink:to="label_dnb_ei001_2" />
    <link:loc xlink:type="locator" xlink:href="met.xsd#dnb_ei002" xlink:label="loc_dnb_ei002" />
    <link:label xlink:type="resource" xlink:label="label_dnb_ei002" xml:lang="en" xlink:role="http://www.xbrl.org/2003/role/label">Line of business (Life/Non-life/Reinsurance)</link:label>
    <link:labelArc xlink:type="arc" xlink:arcrole="http://www.xbrl.org/2003/arcrole/concept-label" xlink:from="loc_dnb_ei002" xlink:to="label_dnb_ei002" />
    <link:label xlink:type="resource" xlink:label="label_dnb_ei002_1" xml:lang="en" xlink:role="http://www.xbrl.org/2003/role/verboseLabel">Category of insurance business.</link:label>
    <link:labelArc xlink:type="arc" xlink:arcrole="http://www.xbrl.org/2003/arcrole/concept-label" xlink:from="loc_dnb_ei002" xlink:to="label_dnb_ei002_1" />
    <link:label xlink:type="resource" xlink:label="label_dnb_ei002_2" xml:lang="en" xlink:role="http://www.xbrl.org/2003/role/documentation">ei002</link:label>
    <link:labelArc xlink:type="arc" xlink:arcrole="http://www.xbrl.org/2003/arcrole/concept-label" xlink:from="loc_dnb_ei002" xlink:to="label_dnb_ei002_2" />
    <link:loc xlink:type="locator" xlink:href="met.xsd#dnb_ii001" xlink:label="loc_dnb_ii001" />
    <link:label xlink:type="resource" xlink:label="label_dnb_ii001" xml:lang="en" xlink:role="http://www.xbrl.org/2003/role/label">Average number of employees</link:label>
    <link:labelArc xlink:type="arc" xlink:arcrole="http://www.xbrl.org/2003/arcrole/concept-label" xlink:from="loc_dnb_ii001" xlink:to="label_dnb_ii001" />
    <link:label xlink:type="resource" xlink:label="label_dnb_ii001_2" xml:lang="en" xlink:role="http://www.xbrl.org/2003/role/documentation">ii001</link:label>
    <link:labelArc xlink:type="arc" xlink:arcrole="http://www.xbrl.org/2003/arcrole/concept-label" xlink:from="loc_dnb_ii001" xlink:to="label_dnb_ii001_2" />
    <link:loc xlink:type="locator" xlink:href="met.xsd#dnb_ii002" xlink:label="loc_dnb_ii002" />
    <link:label xlink:type="resource" xlink:label="label_dnb_ii002" xml:lang="en" xlink:role="http://www.xbrl.org/2003/role/label">Average number</link:label>
    <link:labelArc xlink:type="arc" xlink:arcrole="http://www.xbrl.org/2003/arcrole/concept-label" xlink:from="loc_dnb_ii002" xlink:to="label_dnb_ii002" />
    <link:label xlink:type="resource" xlink:label="label_dnb_ii002_2" xml:lang="en" xlink:role="http://www.xbrl.org/2003/role/documentation">ii002</link:label>
    <link:labelArc xlink:type="arc" xlink:arcrole="http://www.xbrl.org/2003/arcrole/concept-label" xlink:from="loc_dnb_ii002" xlink:to="label_dnb_ii002_2" />
    <link:loc xlink:type="locator" xlink:href="met.xsd#dnb_ii003" xlink:label="loc_dnb_ii003" />
    <link:label xlink:type="resource" xlink:label="label_dnb_ii003" xml:lang="en" xlink:role="http://www.xbrl.org/2003/role/label">Number</link:label>
    <link:labelArc xlink:type="arc" xlink:arcrole="http://www.xbrl.org/2003/arcrole/concept-label" xlink:from="loc_dnb_ii003" xlink:to="label_dnb_ii003" />
    <link:label xlink:type="resource" xlink:label="label_dnb_ii003_2" xml:lang="en" xlink:role="http://www.xbrl.org/2003/role/documentation">ii003</link:label>
    <link:labelArc xlink:type="arc" xlink:arcrole="http://www.xbrl.org/2003/arcrole/concept-label" xlink:from="loc_dnb_ii003" xlink:to="label_dnb_ii003_2" />
    <link:loc xlink:type="locator" xlink:href="met.xsd#dnb_mi001" xlink:label="loc_dnb_mi001" />
    <link:label xlink:type="resource" xlink:label="label_dnb_mi001" xml:lang="en" xlink:role="http://www.xbrl.org/2003/role/label">Gross market values</link:label>
    <link:labelArc xlink:type="arc" xlink:arcrole="http://www.xbrl.org/2003/arcrole/concept-label" xlink:from="loc_dnb_mi001" xlink:to="label_dnb_mi001" />
    <link:label xlink:type="resource" xlink:label="label_dnb_mi001_1" xml:lang="en" xlink:role="http://www.xbrl.org/2003/role/verboseLabel">Gross market values are defined as the sum of the absolute values of all open contracts with either positive or negative replacement values evaluated at market prices prevailing at the reporting date. Replacement values stand for the price to be received or paid if the instrument were sold in the market at the time of reporting. Market values are the amounts at which a contract could be exchanged in a current transaction between willing parties, other than in a forced or liquidation sale.</link:label>
    <link:labelArc xlink:type="arc" xlink:arcrole="http://www.xbrl.org/2003/arcrole/concept-label" xlink:from="loc_dnb_mi001" xlink:to="label_dnb_mi001_1" />
    <link:label xlink:type="resource" xlink:label="label_dnb_mi001_2" xml:lang="en" xlink:role="http://www.xbrl.org/2003/role/documentation">mi001</link:label>
    <link:labelArc xlink:type="arc" xlink:arcrole="http://www.xbrl.org/2003/arcrole/concept-label" xlink:from="loc_dnb_mi001" xlink:to="label_dnb_mi001_2" />
    <link:loc xlink:type="locator" xlink:href="met.xsd#dnb_mi002" xlink:label="loc_dnb_mi002" />
    <link:label xlink:type="resource" xlink:label="label_dnb_mi002" xml:lang="en" xlink:role="http://www.xbrl.org/2003/role/label">Net market values</link:label>
    <link:labelArc xlink:type="arc" xlink:arcrole="http://www.xbrl.org/2003/arcrole/concept-label" xlink:from="loc_dnb_mi002" xlink:to="label_dnb_mi002" />
    <link:label xlink:type="resource" xlink:label="label_dnb_mi002_1" xml:lang="en" xlink:role="http://www.xbrl.org/2003/role/verboseLabel">For contracts, which have a positive (negative) market value, reporting institutions are requested to report the market value (i.e. current credit exposure (liabilities)) after taking account of legally enforceable bilateral netting agreements.</link:label>
    <link:labelArc xlink:type="arc" xlink:arcrole="http://www.xbrl.org/2003/arcrole/concept-label" xlink:from="loc_dnb_mi002" xlink:to="label_dnb_mi002_1" />
    <link:label xlink:type="resource" xlink:label="label_dnb_mi002_2" xml:lang="en" xlink:role="http://www.xbrl.org/2003/role/documentation">mi002</link:label>
    <link:labelArc xlink:type="arc" xlink:arcrole="http://www.xbrl.org/2003/arcrole/concept-label" xlink:from="loc_dnb_mi002" xlink:to="label_dnb_mi002_2" />
    <link:loc xlink:type="locator" xlink:href="met.xsd#dnb_mi003" xlink:label="loc_dnb_mi003" />
    <link:label xlink:type="resource" xlink:label="label_dnb_mi003" xml:lang="en" xlink:role="http://www.xbrl.org/2003/role/label">Nominal or notional amount</link:label>
    <link:labelArc xlink:type="arc" xlink:arcrole="http://www.xbrl.org/2003/arcrole/concept-label" xlink:from="loc_dnb_mi003" xlink:to="label_dnb_mi003" />
    <link:label xlink:type="resource" xlink:label="label_dnb_mi003_1" xml:lang="en" xlink:role="http://www.xbrl.org/2003/role/verboseLabel">Nominal or notional amounts outstanding are defined as the gross nominal or notional value of all deals concluded and not yet settled at the reporting date. The data should in principle be reported on a consolidated basis. For contracts with variable nominal or notional principal amounts, the basis for reporting should be the nominal or notional principal amounts at the time of reporting.</link:label>
    <link:labelArc xlink:type="arc" xlink:arcrole="http://www.xbrl.org/2003/arcrole/concept-label" xlink:from="loc_dnb_mi003" xlink:to="label_dnb_mi003_1" />
    <link:label xlink:type="resource" xlink:label="label_dnb_mi003_2" xml:lang="en" xlink:role="http://www.xbrl.org/2003/role/documentation">mi003</link:label>
    <link:labelArc xlink:type="arc" xlink:arcrole="http://www.xbrl.org/2003/arcrole/concept-label" xlink:from="loc_dnb_mi003" xlink:to="label_dnb_mi003_2" />
    <link:loc xlink:type="locator" xlink:href="met.xsd#dnb_mi004" xlink:label="loc_dnb_mi004" />
    <link:label xlink:type="resource" xlink:label="label_dnb_mi004" xml:lang="en" xlink:role="http://www.xbrl.org/2003/role/label">Amount</link:label>
    <link:labelArc xlink:type="arc" xlink:arcrole="http://www.xbrl.org/2003/arcrole/concept-label" xlink:from="loc_dnb_mi004" xlink:to="label_dnb_mi004" />
    <link:label xlink:type="resource" xlink:label="label_dnb_mi004_2" xml:lang="en" xlink:role="http://www.xbrl.org/2003/role/documentation">mi004</link:label>
    <link:labelArc xlink:type="arc" xlink:arcrole="http://www.xbrl.org/2003/arcrole/concept-label" xlink:from="loc_dnb_mi004" xlink:to="label_dnb_mi004_2" />
    <link:loc xlink:type="locator" xlink:href="met.xsd#dnb_mi005" xlink:label="loc_dnb_mi005" />
    <link:label xlink:type="resource" xlink:label="label_dnb_mi005" xml:lang="en" xlink:role="http://www.xbrl.org/2003/role/label">Gross amount</link:label>
    <link:labelArc xlink:type="arc" xlink:arcrole="http://www.xbrl.org/2003/arcrole/concept-label" xlink:from="loc_dnb_mi005" xlink:to="label_dnb_mi005" />
    <link:label xlink:type="resource" xlink:label="label_dnb_mi005_2" xml:lang="en" xlink:role="http://www.xbrl.org/2003/role/documentation">mi005</link:label>
    <link:labelArc xlink:type="arc" xlink:arcrole="http://www.xbrl.org/2003/arcrole/concept-label" xlink:from="loc_dnb_mi005" xlink:to="label_dnb_mi005_2" />
    <link:loc xlink:type="locator" xlink:href="met.xsd#dnb_mi006" xlink:label="loc_dnb_mi006" />
    <link:label xlink:type="resource" xlink:label="label_dnb_mi006" xml:lang="en" xlink:role="http://www.xbrl.org/2003/role/label">Reinsurance amount</link:label>
    <link:labelArc xlink:type="arc" xlink:arcrole="http://www.xbrl.org/2003/arcrole/concept-label" xlink:from="loc_dnb_mi006" xlink:to="label_dnb_mi006" />
    <link:label xlink:type="resource" xlink:label="label_dnb_mi006_2" xml:lang="en" xlink:role="http://www.xbrl.org/2003/role/documentation">mi006</link:label>
    <link:labelArc xlink:type="arc" xlink:arcrole="http://www.xbrl.org/2003/arcrole/concept-label" xlink:from="loc_dnb_mi006" xlink:to="label_dnb_mi006_2" />
    <link:loc xlink:type="locator" xlink:href="met.xsd#dnb_mi007" xlink:label="loc_dnb_mi007" />
    <link:label xlink:type="resource" xlink:label="label_dnb_mi007" xml:lang="en" xlink:role="http://www.xbrl.org/2003/role/label">Amount net of reinsurance</link:label>
    <link:labelArc xlink:type="arc" xlink:arcrole="http://www.xbrl.org/2003/arcrole/concept-label" xlink:from="loc_dnb_mi007" xlink:to="label_dnb_mi007" />
    <link:label xlink:type="resource" xlink:label="label_dnb_mi007_2" xml:lang="en" xlink:role="http://www.xbrl.org/2003/role/documentation">mi007</link:label>
    <link:labelArc xlink:type="arc" xlink:arcrole="http://www.xbrl.org/2003/arcrole/concept-label" xlink:from="loc_dnb_mi007" xlink:to="label_dnb_mi007_2" />
    <link:loc xlink:type="locator" xlink:href="met.xsd#dnb_pi001" xlink:label="loc_dnb_pi001" />
    <link:label xlink:type="resource" xlink:label="label_dnb_pi001" xml:lang="en" xlink:role="http://www.xbrl.org/2003/role/label">Weighted percentage</link:label>
    <link:labelArc xlink:type="arc" xlink:arcrole="http://www.xbrl.org/2003/arcrole/concept-label" xlink:from="loc_dnb_pi001" xlink:to="label_dnb_pi001" />
    <link:label xlink:type="resource" xlink:label="label_dnb_pi001_2" xml:lang="en" xlink:role="http://www.xbrl.org/2003/role/documentation">pi001</link:label>
    <link:labelArc xlink:type="arc" xlink:arcrole="http://www.xbrl.org/2003/arcrole/concept-label" xlink:from="loc_dnb_pi001" xlink:to="label_dnb_pi001_2" />
    <link:loc xlink:type="locator" xlink:href="met.xsd#dnb_pi002" xlink:label="loc_dnb_pi002" />
    <link:label xlink:type="resource" xlink:label="label_dnb_pi002" xml:lang="en" xlink:role="http://www.xbrl.org/2003/role/label">Percentage</link:label>
    <link:labelArc xlink:type="arc" xlink:arcrole="http://www.xbrl.org/2003/arcrole/concept-label" xlink:from="loc_dnb_pi002" xlink:to="label_dnb_pi002" />
    <link:label xlink:type="resource" xlink:label="label_dnb_pi002_2" xml:lang="en" xlink:role="http://www.xbrl.org/2003/role/documentation">pi002</link:label>
    <link:labelArc xlink:type="arc" xlink:arcrole="http://www.xbrl.org/2003/arcrole/concept-label" xlink:from="loc_dnb_pi002" xlink:to="label_dnb_pi002_2" />
    <link:loc xlink:type="locator" xlink:href="met.xsd#dnb_si001" xlink:label="loc_dnb_si001" />
    <link:label xlink:type="resource" xlink:label="label_dnb_si001" xml:lang="en" xlink:role="http://www.xbrl.org/2003/role/label">Explanation funeral insurance</link:label>
    <link:labelArc xlink:type="arc" xlink:arcrole="http://www.xbrl.org/2003/arcrole/concept-label" xlink:from="loc_dnb_si001" xlink:to="label_dnb_si001" />
    <link:label xlink:type="resource" xlink:label="label_dnb_si001_2" xml:lang="en" xlink:role="http://www.xbrl.org/2003/role/documentation">si001</link:label>
    <link:labelArc xlink:type="arc" xlink:arcrole="http://www.xbrl.org/2003/arcrole/concept-label" xlink:from="loc_dnb_si001" xlink:to="label_dnb_si001_2" />
    <link:loc xlink:type="locator" xlink:href="met.xsd#dnb_si002" xlink:label="loc_dnb_si002" />
    <link:label xlink:type="resource" xlink:label="label_dnb_si002" xml:lang="en" xlink:role="http://www.xbrl.org/2003/role/label">Explanation package value</link:label>
    <link:labelArc xlink:type="arc" xlink:arcrole="http://www.xbrl.org/2003/arcrole/concept-label" xlink:from="loc_dnb_si002" xlink:to="label_dnb_si002" />
    <link:label xlink:type="resource" xlink:label="label_dnb_si002_2" xml:lang="en" xlink:role="http://www.xbrl.org/2003/role/documentation">si002</link:label>
    <link:labelArc xlink:type="arc" xlink:arcrole="http://www.xbrl.org/2003/arcrole/concept-label" xlink:from="loc_dnb_si002" xlink:to="label_dnb_si002_2" />
    <link:loc xlink:type="locator" xlink:href="met.xsd#dnb_si003" xlink:label="loc_dnb_si003" />
    <link:label xlink:type="resource" xlink:label="label_dnb_si003" xml:lang="en" xlink:role="http://www.xbrl.org/2003/role/label">Name contact person</link:label>
    <link:labelArc xlink:type="arc" xlink:arcrole="http://www.xbrl.org/2003/arcrole/concept-label" xlink:from="loc_dnb_si003" xlink:to="label_dnb_si003" />
    <link:label xlink:type="resource" xlink:label="label_dnb_si003_2" xml:lang="en" xlink:role="http://www.xbrl.org/2003/role/documentation">si003</link:label>
    <link:labelArc xlink:type="arc" xlink:arcrole="http://www.xbrl.org/2003/arcrole/concept-label" xlink:from="loc_dnb_si003" xlink:to="label_dnb_si003_2" />
    <link:loc xlink:type="locator" xlink:href="met.xsd#dnb_si004" xlink:label="loc_dnb_si004" />
    <link:label xlink:type="resource" xlink:label="label_dnb_si004" xml:lang="en" xlink:role="http://www.xbrl.org/2003/role/label">Telephone number</link:label>
    <link:labelArc xlink:type="arc" xlink:arcrole="http://www.xbrl.org/2003/arcrole/concept-label" xlink:from="loc_dnb_si004" xlink:to="label_dnb_si004" />
    <link:label xlink:type="resource" xlink:label="label_dnb_si004_2" xml:lang="en" xlink:role="http://www.xbrl.org/2003/role/documentation">si004</link:label>
    <link:labelArc xlink:type="arc" xlink:arcrole="http://www.xbrl.org/2003/arcrole/concept-label" xlink:from="loc_dnb_si004" xlink:to="label_dnb_si004_2" />
    <link:loc xlink:type="locator" xlink:href="met.xsd#dnb_si005" xlink:label="loc_dnb_si005" />
    <link:label xlink:type="resource" xlink:label="label_dnb_si005" xml:lang="en" xlink:role="http://www.xbrl.org/2003/role/label">Email address</link:label>
    <link:labelArc xlink:type="arc" xlink:arcrole="http://www.xbrl.org/2003/arcrole/concept-label" xlink:from="loc_dnb_si005" xlink:to="label_dnb_si005" />
    <link:label xlink:type="resource" xlink:label="label_dnb_si005_2" xml:lang="en" xlink:role="http://www.xbrl.org/2003/role/documentation">si005</link:label>
    <link:labelArc xlink:type="arc" xlink:arcrole="http://www.xbrl.org/2003/arcrole/concept-label" xlink:from="loc_dnb_si005" xlink:to="label_dnb_si005_2" />
  </link:labelLink>
</link:linkbase>