﻿<?xml version="1.0" encoding="utf-8"?>
<!--© DNB-->
<link:linkbase xmlns:xsi="http://www.w3.org/2001/XMLSchema-instance" xmlns:xlink="http://www.w3.org/1999/xlink" xmlns:link="http://www.xbrl.org/2003/linkbase" xmlns:gen="http://xbrl.org/2008/generic" xmlns:label="http://xbrl.org/2008/label" xmlns:formula="http://xbrl.org/2008/formula" xmlns:df="http://xbrl.org/2008/filter/dimension" xmlns:table="http://xbrl.org/2014/table" xmlns:model="http://www.eurofiling.info/xbrl/ext/model" xmlns:dnb_met="http://www.dnb.nl/xbrl/dict/met" xmlns:dnb_dim="http://www.dnb.nl/xbrl/dict/dim" xmlns:dnb_ppi_dom001="http://www.dnb.nl/xbrl/dict/dom/ppi_dom001" xmlns:dnb_ppi_dom004="http://www.dnb.nl/xbrl/dict/dom/ppi_dom004" xmlns:dnb_ppi_dom005="http://www.dnb.nl/xbrl/dict/dom/ppi_dom005" xsi:schemaLocation="http://www.xbrl.org/2003/linkbase http://www.xbrl.org/2003/xbrl-linkbase-2003-12-31.xsd http://xbrl.org/2008/generic http://www.xbrl.org/2008/generic-link.xsd http://xbrl.org/2008/label http://www.xbrl.org/2008/generic-label.xsd http://xbrl.org/2008/formula http://www.xbrl.org/2008/formula.xsd http://xbrl.org/2008/filter/dimension http://www.xbrl.org/2008/dimension-filter.xsd http://xbrl.org/2014/table http://www.xbrl.org/2014/table.xsd http://www.eurofiling.info/xbrl/ext/model http://www.eurofiling.info/eu/fr/xbrl/ext/model.xsd">
  <link:arcroleRef arcroleURI="http://xbrl.org/arcrole/2014/breakdown-tree" xlink:type="simple" xlink:href="http://www.xbrl.org/2014/table.xsd#breakdown-tree" />
  <link:arcroleRef arcroleURI="http://xbrl.org/arcrole/2014/definition-node-subtree" xlink:type="simple" xlink:href="http://www.xbrl.org/2014/table.xsd#definition-node-subtree" />
  <link:arcroleRef arcroleURI="http://xbrl.org/arcrole/2014/table-breakdown" xlink:type="simple" xlink:href="http://www.xbrl.org/2014/table.xsd#table-breakdown" />
  <link:roleRef roleURI="http://www.dnb.nl/xbrl/role/fws/DNB-NR/ppi-2019-06/2019-12-31/tab/T5" xlink:type="simple" xlink:href="t5.xsd#role" />
  <gen:link xlink:type="extended" xlink:role="http://www.dnb.nl/xbrl/role/fws/DNB-NR/ppi-2019-06/2019-12-31/tab/T5">
    <table:table xlink:type="resource" xlink:label="dnb_tT5" id="dnb_tT5" />
    <table:breakdown xlink:type="resource" xlink:label="dnb_a1" parentChildOrder="parent-first" id="dnb_a1" />
    <table:ruleNode xlink:type="resource" xlink:label="dnb_a1.root" abstract="true" merge="true" id="dnb_a1.root" />
    <table:breakdownTreeArc xlink:type="arc" xlink:arcrole="http://xbrl.org/arcrole/2014/breakdown-tree" xlink:from="dnb_a1" xlink:to="dnb_a1.root" order="0" />
    <table:ruleNode xlink:type="resource" xlink:label="dnb_c1" id="dnb_c1">
      <formula:concept>
        <formula:qname>dnb_met:mi_ppi_005</formula:qname>
      </formula:concept>
      <formula:explicitDimension dimension="dnb_dim:ppi_dim001">
        <formula:member>
          <formula:qname>dnb_ppi_dom001:mem004</formula:qname>
        </formula:member>
      </formula:explicitDimension>
    </table:ruleNode>
    <table:definitionNodeSubtreeArc xlink:type="arc" xlink:arcrole="http://xbrl.org/arcrole/2014/definition-node-subtree" xlink:from="dnb_a1.root" xlink:to="dnb_c1" order="1" />
    <table:tableBreakdownArc xlink:type="arc" xlink:arcrole="http://xbrl.org/arcrole/2014/table-breakdown" xlink:from="dnb_tT5" xlink:to="dnb_a1" axis="x" order="1" />
    <table:breakdown xlink:type="resource" xlink:label="dnb_a2" parentChildOrder="parent-first" id="dnb_a2" />
    <table:ruleNode xlink:type="resource" xlink:label="dnb_a2.root" abstract="true" merge="true" id="dnb_a2.root" />
    <table:breakdownTreeArc xlink:type="arc" xlink:arcrole="http://xbrl.org/arcrole/2014/breakdown-tree" xlink:from="dnb_a2" xlink:to="dnb_a2.root" order="0" />
    <table:ruleNode xlink:type="resource" xlink:label="dnb_c2" abstract="true" id="dnb_c2" />
    <table:ruleNode xlink:type="resource" xlink:label="dnb_c3" id="dnb_c3">
      <formula:explicitDimension dimension="dnb_dim:ppi_dim003">
        <formula:member>
          <formula:qname>dnb_ppi_dom004:mem008</formula:qname>
        </formula:member>
      </formula:explicitDimension>
      <formula:explicitDimension dimension="dnb_dim:ppi_dim004">
        <formula:member>
          <formula:qname>dnb_ppi_dom005:mem083</formula:qname>
        </formula:member>
      </formula:explicitDimension>
    </table:ruleNode>
    <table:definitionNodeSubtreeArc xlink:type="arc" xlink:arcrole="http://xbrl.org/arcrole/2014/definition-node-subtree" xlink:from="dnb_c2" xlink:to="dnb_c3" order="1" />
    <table:ruleNode xlink:type="resource" xlink:label="dnb_c4" id="dnb_c4">
      <formula:explicitDimension dimension="dnb_dim:ppi_dim003">
        <formula:member>
          <formula:qname>dnb_ppi_dom004:mem008</formula:qname>
        </formula:member>
      </formula:explicitDimension>
      <formula:explicitDimension dimension="dnb_dim:ppi_dim004">
        <formula:member>
          <formula:qname>dnb_ppi_dom005:mem023</formula:qname>
        </formula:member>
      </formula:explicitDimension>
    </table:ruleNode>
    <table:definitionNodeSubtreeArc xlink:type="arc" xlink:arcrole="http://xbrl.org/arcrole/2014/definition-node-subtree" xlink:from="dnb_c2" xlink:to="dnb_c4" order="2" />
    <table:ruleNode xlink:type="resource" xlink:label="dnb_c5" id="dnb_c5">
      <formula:explicitDimension dimension="dnb_dim:ppi_dim003">
        <formula:member>
          <formula:qname>dnb_ppi_dom004:mem008</formula:qname>
        </formula:member>
      </formula:explicitDimension>
      <formula:explicitDimension dimension="dnb_dim:ppi_dim004">
        <formula:member>
          <formula:qname>dnb_ppi_dom005:mem033</formula:qname>
        </formula:member>
      </formula:explicitDimension>
    </table:ruleNode>
    <table:definitionNodeSubtreeArc xlink:type="arc" xlink:arcrole="http://xbrl.org/arcrole/2014/definition-node-subtree" xlink:from="dnb_c2" xlink:to="dnb_c5" order="3" />
    <table:ruleNode xlink:type="resource" xlink:label="dnb_c6" id="dnb_c6">
      <formula:explicitDimension dimension="dnb_dim:ppi_dim003">
        <formula:member>
          <formula:qname>dnb_ppi_dom004:mem008</formula:qname>
        </formula:member>
      </formula:explicitDimension>
      <formula:explicitDimension dimension="dnb_dim:ppi_dim004">
        <formula:member>
          <formula:qname>dnb_ppi_dom005:mem084</formula:qname>
        </formula:member>
      </formula:explicitDimension>
    </table:ruleNode>
    <table:definitionNodeSubtreeArc xlink:type="arc" xlink:arcrole="http://xbrl.org/arcrole/2014/definition-node-subtree" xlink:from="dnb_c2" xlink:to="dnb_c6" order="4" />
    <table:ruleNode xlink:type="resource" xlink:label="dnb_c7" id="dnb_c7">
      <formula:explicitDimension dimension="dnb_dim:ppi_dim003">
        <formula:member>
          <formula:qname>dnb_ppi_dom004:mem008</formula:qname>
        </formula:member>
      </formula:explicitDimension>
      <formula:explicitDimension dimension="dnb_dim:ppi_dim004">
        <formula:member>
          <formula:qname>dnb_ppi_dom005:mem085</formula:qname>
        </formula:member>
      </formula:explicitDimension>
    </table:ruleNode>
    <table:definitionNodeSubtreeArc xlink:type="arc" xlink:arcrole="http://xbrl.org/arcrole/2014/definition-node-subtree" xlink:from="dnb_c2" xlink:to="dnb_c7" order="5" />
    <table:ruleNode xlink:type="resource" xlink:label="dnb_c8" id="dnb_c8">
      <formula:explicitDimension dimension="dnb_dim:ppi_dim003">
        <formula:member>
          <formula:qname>dnb_ppi_dom004:mem008</formula:qname>
        </formula:member>
      </formula:explicitDimension>
      <formula:explicitDimension dimension="dnb_dim:ppi_dim004">
        <formula:member>
          <formula:qname>dnb_ppi_dom005:mem086</formula:qname>
        </formula:member>
      </formula:explicitDimension>
    </table:ruleNode>
    <table:definitionNodeSubtreeArc xlink:type="arc" xlink:arcrole="http://xbrl.org/arcrole/2014/definition-node-subtree" xlink:from="dnb_c2" xlink:to="dnb_c8" order="6" />
    <table:ruleNode xlink:type="resource" xlink:label="dnb_c9" id="dnb_c9">
      <formula:explicitDimension dimension="dnb_dim:ppi_dim003">
        <formula:member>
          <formula:qname>dnb_ppi_dom004:mem008</formula:qname>
        </formula:member>
      </formula:explicitDimension>
      <formula:explicitDimension dimension="dnb_dim:ppi_dim004">
        <formula:member>
          <formula:qname>dnb_ppi_dom005:mem087</formula:qname>
        </formula:member>
      </formula:explicitDimension>
    </table:ruleNode>
    <table:definitionNodeSubtreeArc xlink:type="arc" xlink:arcrole="http://xbrl.org/arcrole/2014/definition-node-subtree" xlink:from="dnb_c2" xlink:to="dnb_c9" order="7" />
    <table:ruleNode xlink:type="resource" xlink:label="dnb_c10" id="dnb_c10">
      <formula:explicitDimension dimension="dnb_dim:ppi_dim003">
        <formula:member>
          <formula:qname>dnb_ppi_dom004:mem008</formula:qname>
        </formula:member>
      </formula:explicitDimension>
      <formula:explicitDimension dimension="dnb_dim:ppi_dim004">
        <formula:member>
          <formula:qname>dnb_ppi_dom005:mem088</formula:qname>
        </formula:member>
      </formula:explicitDimension>
    </table:ruleNode>
    <table:definitionNodeSubtreeArc xlink:type="arc" xlink:arcrole="http://xbrl.org/arcrole/2014/definition-node-subtree" xlink:from="dnb_c2" xlink:to="dnb_c10" order="8" />
    <table:ruleNode xlink:type="resource" xlink:label="dnb_c11" id="dnb_c11">
      <formula:explicitDimension dimension="dnb_dim:ppi_dim003">
        <formula:member>
          <formula:qname>dnb_ppi_dom004:mem008</formula:qname>
        </formula:member>
      </formula:explicitDimension>
      <formula:explicitDimension dimension="dnb_dim:ppi_dim004">
        <formula:member>
          <formula:qname>dnb_ppi_dom005:mem089</formula:qname>
        </formula:member>
      </formula:explicitDimension>
    </table:ruleNode>
    <table:definitionNodeSubtreeArc xlink:type="arc" xlink:arcrole="http://xbrl.org/arcrole/2014/definition-node-subtree" xlink:from="dnb_c2" xlink:to="dnb_c11" order="9" />
    <table:definitionNodeSubtreeArc xlink:type="arc" xlink:arcrole="http://xbrl.org/arcrole/2014/definition-node-subtree" xlink:from="dnb_a2.root" xlink:to="dnb_c2" order="1" />
    <table:ruleNode xlink:type="resource" xlink:label="dnb_c12" abstract="true" id="dnb_c12" />
    <table:ruleNode xlink:type="resource" xlink:label="dnb_c13" id="dnb_c13">
      <formula:explicitDimension dimension="dnb_dim:ppi_dim003">
        <formula:member>
          <formula:qname>dnb_ppi_dom004:mem009</formula:qname>
        </formula:member>
      </formula:explicitDimension>
      <formula:explicitDimension dimension="dnb_dim:ppi_dim004">
        <formula:member>
          <formula:qname>dnb_ppi_dom005:mem090</formula:qname>
        </formula:member>
      </formula:explicitDimension>
    </table:ruleNode>
    <table:definitionNodeSubtreeArc xlink:type="arc" xlink:arcrole="http://xbrl.org/arcrole/2014/definition-node-subtree" xlink:from="dnb_c12" xlink:to="dnb_c13" order="1" />
    <table:ruleNode xlink:type="resource" xlink:label="dnb_c14" id="dnb_c14">
      <formula:explicitDimension dimension="dnb_dim:ppi_dim003">
        <formula:member>
          <formula:qname>dnb_ppi_dom004:mem009</formula:qname>
        </formula:member>
      </formula:explicitDimension>
      <formula:explicitDimension dimension="dnb_dim:ppi_dim004">
        <formula:member>
          <formula:qname>dnb_ppi_dom005:mem091</formula:qname>
        </formula:member>
      </formula:explicitDimension>
    </table:ruleNode>
    <table:definitionNodeSubtreeArc xlink:type="arc" xlink:arcrole="http://xbrl.org/arcrole/2014/definition-node-subtree" xlink:from="dnb_c12" xlink:to="dnb_c14" order="2" />
    <table:definitionNodeSubtreeArc xlink:type="arc" xlink:arcrole="http://xbrl.org/arcrole/2014/definition-node-subtree" xlink:from="dnb_a2.root" xlink:to="dnb_c12" order="2" />
    <table:ruleNode xlink:type="resource" xlink:label="dnb_c15" abstract="true" id="dnb_c15" />
    <table:ruleNode xlink:type="resource" xlink:label="dnb_c16" id="dnb_c16">
      <formula:explicitDimension dimension="dnb_dim:ppi_dim003">
        <formula:member>
          <formula:qname>dnb_ppi_dom004:mem010</formula:qname>
        </formula:member>
      </formula:explicitDimension>
      <formula:explicitDimension dimension="dnb_dim:ppi_dim004">
        <formula:member>
          <formula:qname>dnb_ppi_dom005:mem092</formula:qname>
        </formula:member>
      </formula:explicitDimension>
    </table:ruleNode>
    <table:definitionNodeSubtreeArc xlink:type="arc" xlink:arcrole="http://xbrl.org/arcrole/2014/definition-node-subtree" xlink:from="dnb_c15" xlink:to="dnb_c16" order="1" />
    <table:ruleNode xlink:type="resource" xlink:label="dnb_c17" id="dnb_c17">
      <formula:explicitDimension dimension="dnb_dim:ppi_dim003">
        <formula:member>
          <formula:qname>dnb_ppi_dom004:mem010</formula:qname>
        </formula:member>
      </formula:explicitDimension>
      <formula:explicitDimension dimension="dnb_dim:ppi_dim004">
        <formula:member>
          <formula:qname>dnb_ppi_dom005:mem093</formula:qname>
        </formula:member>
      </formula:explicitDimension>
    </table:ruleNode>
    <table:definitionNodeSubtreeArc xlink:type="arc" xlink:arcrole="http://xbrl.org/arcrole/2014/definition-node-subtree" xlink:from="dnb_c15" xlink:to="dnb_c17" order="2" />
    <table:ruleNode xlink:type="resource" xlink:label="dnb_c18" id="dnb_c18">
      <formula:explicitDimension dimension="dnb_dim:ppi_dim003">
        <formula:member>
          <formula:qname>dnb_ppi_dom004:mem010</formula:qname>
        </formula:member>
      </formula:explicitDimension>
      <formula:explicitDimension dimension="dnb_dim:ppi_dim004">
        <formula:member>
          <formula:qname>dnb_ppi_dom005:mem094</formula:qname>
        </formula:member>
      </formula:explicitDimension>
    </table:ruleNode>
    <table:definitionNodeSubtreeArc xlink:type="arc" xlink:arcrole="http://xbrl.org/arcrole/2014/definition-node-subtree" xlink:from="dnb_c15" xlink:to="dnb_c18" order="3" />
    <table:definitionNodeSubtreeArc xlink:type="arc" xlink:arcrole="http://xbrl.org/arcrole/2014/definition-node-subtree" xlink:from="dnb_a2.root" xlink:to="dnb_c15" order="3" />
    <table:ruleNode xlink:type="resource" xlink:label="dnb_c19" abstract="true" id="dnb_c19" />
    <table:ruleNode xlink:type="resource" xlink:label="dnb_c20" id="dnb_c20">
      <formula:explicitDimension dimension="dnb_dim:ppi_dim003">
        <formula:member>
          <formula:qname>dnb_ppi_dom004:mem011</formula:qname>
        </formula:member>
      </formula:explicitDimension>
      <formula:explicitDimension dimension="dnb_dim:ppi_dim004">
        <formula:member>
          <formula:qname>dnb_ppi_dom005:mem095</formula:qname>
        </formula:member>
      </formula:explicitDimension>
    </table:ruleNode>
    <table:definitionNodeSubtreeArc xlink:type="arc" xlink:arcrole="http://xbrl.org/arcrole/2014/definition-node-subtree" xlink:from="dnb_c19" xlink:to="dnb_c20" order="1" />
    <table:ruleNode xlink:type="resource" xlink:label="dnb_c21" id="dnb_c21">
      <formula:explicitDimension dimension="dnb_dim:ppi_dim003">
        <formula:member>
          <formula:qname>dnb_ppi_dom004:mem011</formula:qname>
        </formula:member>
      </formula:explicitDimension>
      <formula:explicitDimension dimension="dnb_dim:ppi_dim004">
        <formula:member>
          <formula:qname>dnb_ppi_dom005:mem096</formula:qname>
        </formula:member>
      </formula:explicitDimension>
    </table:ruleNode>
    <table:definitionNodeSubtreeArc xlink:type="arc" xlink:arcrole="http://xbrl.org/arcrole/2014/definition-node-subtree" xlink:from="dnb_c19" xlink:to="dnb_c21" order="2" />
    <table:ruleNode xlink:type="resource" xlink:label="dnb_c22" id="dnb_c22">
      <formula:explicitDimension dimension="dnb_dim:ppi_dim003">
        <formula:member>
          <formula:qname>dnb_ppi_dom004:mem011</formula:qname>
        </formula:member>
      </formula:explicitDimension>
      <formula:explicitDimension dimension="dnb_dim:ppi_dim004">
        <formula:member>
          <formula:qname>dnb_ppi_dom005:mem097</formula:qname>
        </formula:member>
      </formula:explicitDimension>
    </table:ruleNode>
    <table:definitionNodeSubtreeArc xlink:type="arc" xlink:arcrole="http://xbrl.org/arcrole/2014/definition-node-subtree" xlink:from="dnb_c19" xlink:to="dnb_c22" order="3" />
    <table:ruleNode xlink:type="resource" xlink:label="dnb_c23" id="dnb_c23">
      <formula:explicitDimension dimension="dnb_dim:ppi_dim003">
        <formula:member>
          <formula:qname>dnb_ppi_dom004:mem011</formula:qname>
        </formula:member>
      </formula:explicitDimension>
      <formula:explicitDimension dimension="dnb_dim:ppi_dim004">
        <formula:member>
          <formula:qname>dnb_ppi_dom005:mem098</formula:qname>
        </formula:member>
      </formula:explicitDimension>
    </table:ruleNode>
    <table:definitionNodeSubtreeArc xlink:type="arc" xlink:arcrole="http://xbrl.org/arcrole/2014/definition-node-subtree" xlink:from="dnb_c19" xlink:to="dnb_c23" order="4" />
    <table:ruleNode xlink:type="resource" xlink:label="dnb_c24" id="dnb_c24">
      <formula:explicitDimension dimension="dnb_dim:ppi_dim003">
        <formula:member>
          <formula:qname>dnb_ppi_dom004:mem011</formula:qname>
        </formula:member>
      </formula:explicitDimension>
      <formula:explicitDimension dimension="dnb_dim:ppi_dim004">
        <formula:member>
          <formula:qname>dnb_ppi_dom005:mem099</formula:qname>
        </formula:member>
      </formula:explicitDimension>
    </table:ruleNode>
    <table:definitionNodeSubtreeArc xlink:type="arc" xlink:arcrole="http://xbrl.org/arcrole/2014/definition-node-subtree" xlink:from="dnb_c19" xlink:to="dnb_c24" order="5" />
    <table:ruleNode xlink:type="resource" xlink:label="dnb_c25" id="dnb_c25">
      <formula:explicitDimension dimension="dnb_dim:ppi_dim003">
        <formula:member>
          <formula:qname>dnb_ppi_dom004:mem011</formula:qname>
        </formula:member>
      </formula:explicitDimension>
      <formula:explicitDimension dimension="dnb_dim:ppi_dim004">
        <formula:member>
          <formula:qname>dnb_ppi_dom005:mem100</formula:qname>
        </formula:member>
      </formula:explicitDimension>
    </table:ruleNode>
    <table:definitionNodeSubtreeArc xlink:type="arc" xlink:arcrole="http://xbrl.org/arcrole/2014/definition-node-subtree" xlink:from="dnb_c19" xlink:to="dnb_c25" order="6" />
    <table:ruleNode xlink:type="resource" xlink:label="dnb_c26" id="dnb_c26">
      <formula:explicitDimension dimension="dnb_dim:ppi_dim003">
        <formula:member>
          <formula:qname>dnb_ppi_dom004:mem011</formula:qname>
        </formula:member>
      </formula:explicitDimension>
      <formula:explicitDimension dimension="dnb_dim:ppi_dim004">
        <formula:member>
          <formula:qname>dnb_ppi_dom005:mem101</formula:qname>
        </formula:member>
      </formula:explicitDimension>
    </table:ruleNode>
    <table:definitionNodeSubtreeArc xlink:type="arc" xlink:arcrole="http://xbrl.org/arcrole/2014/definition-node-subtree" xlink:from="dnb_c19" xlink:to="dnb_c26" order="7" />
    <table:definitionNodeSubtreeArc xlink:type="arc" xlink:arcrole="http://xbrl.org/arcrole/2014/definition-node-subtree" xlink:from="dnb_a2.root" xlink:to="dnb_c19" order="4" />
    <table:tableBreakdownArc xlink:type="arc" xlink:arcrole="http://xbrl.org/arcrole/2014/table-breakdown" xlink:from="dnb_tT5" xlink:to="dnb_a2" axis="y" order="2" />
  </gen:link>
</link:linkbase>