﻿<?xml version="1.0" encoding="utf-8"?>
<!--© DNB-->
<tp:taxonomyPackage xml:lang="en" xsi:schemaLocation="http://xbrl.org/2016/taxonomy-package http://www.xbrl.org/2016/taxonomy-package.xsd" xmlns:xsi="http://www.w3.org/2001/XMLSchema-instance" xmlns:tp="http://xbrl.org/2016/taxonomy-package">
  <tp:identifier>urn:dnb:xbrl:ppi:2.1.0</tp:identifier>
  <tp:name xml:lang="nl">Premiepensioeninstellingen rapportage</tp:name>
  <tp:description xml:lang="nl">Premiepensioeninstellingen rapportage 2.1.0</tp:description>
  <tp:version>2.1.0</tp:version>
  <tp:publisher xml:lang="nl">www.dnb.nl</tp:publisher>
  <tp:publisher xml:lang="en">www.dnb.nl</tp:publisher>
  <tp:publisherURL >http://www.dnb.nl/</tp:publisherURL>
  <tp:publisherCountry >NL</tp:publisherCountry>
  <tp:publicationDate>2019-12-31</tp:publicationDate>
  <tp:entryPoints>
    <tp:entryPoint>
      <tp:name>PPI-ALL</tp:name>
      <tp:description>Module met alle tabellen</tp:description>
      <tp:entryPointDocument href="http://www.dnb.nl/nl/fr/xbrl/fws/dnb-nr/ppi-2019-06/2019-12-31/mod/ppi-all.xsd"/>
    </tp:entryPoint>
    <tp:entryPoint>
      <tp:name>PPI-KW</tp:name>
      <tp:description>Premiepensioeninstellingen, Kwartaalrapportage</tp:description>
      <tp:entryPointDocument href="http://www.dnb.nl/nl/fr/xbrl/fws/dnb-nr/ppi-2019-06/2019-12-31/mod/ppi-kw.xsd"/>
    </tp:entryPoint>
    <tp:entryPoint>
      <tp:name>PPI-J</tp:name>
      <tp:description>Premiepensioeninstellingen, Jaarrapportage</tp:description>
      <tp:entryPointDocument href="http://www.dnb.nl/nl/fr/xbrl/fws/dnb-nr/ppi-2019-06/2019-12-31/mod/ppi-j.xsd"/>
    </tp:entryPoint>
  </tp:entryPoints>
</tp:taxonomyPackage>