<ns0:linkbase xmlns:ns0="http://www.xbrl.org/2003/linkbase" xmlns:ns2="http://www.w3.org/1999/xlink" xmlns:ns3="http://xbrl.org/2005/xbrldt" xmlns:xsi="http://www.w3.org/2001/XMLSchema-instance" xsi:schemaLocation="http://www.xbrl.org/2003/linkbase http://www.xbrl.org/2003/xbrl-linkbase-2003-12-31.xsd">
    <ns0:arcroleRef arcroleURI="http://xbrl.org/int/dim/arcrole/dimension-domain" ns2:href="http://www.xbrl.org/2005/xbrldt-2005.xsd#dimension-domain" ns2:type="simple" />
    <ns0:arcroleRef arcroleURI="http://xbrl.org/int/dim/arcrole/dimension-default" ns2:href="http://www.xbrl.org/2005/xbrldt-2005.xsd#dimension-default" ns2:type="simple" />
    <ns0:arcroleRef arcroleURI="http://xbrl.org/int/dim/arcrole/hypercube-dimension" ns2:href="http://www.xbrl.org/2005/xbrldt-2005.xsd#hypercube-dimension" ns2:type="simple" />
    <ns0:roleRef roleURI="http://ferc.gov/form/2020-01-01/roles/Schedule/F1F/ComparativeBalanceSheetLiabilitiesAndOtherCredits" ns2:href="form-1F-sched-ComparativeBalanceSheet_2020-01-01.xsd#roleType_ComparativeBalanceSheetLiabilitiesAndOtherCredits" ns2:type="simple" />
    <ns0:arcroleRef arcroleURI="http://xbrl.org/int/dim/arcrole/all" ns2:href="http://www.xbrl.org/2005/xbrldt-2005.xsd#all" ns2:type="simple" />
    <ns0:arcroleRef arcroleURI="http://xbrl.org/int/dim/arcrole/domain-member" ns2:href="http://www.xbrl.org/2005/xbrldt-2005.xsd#domain-member" ns2:type="simple" />
    <ns0:roleRef roleURI="http://ferc.gov/form/2020-01-01/roles/Schedule/F1F/ComparativeBalanceSheetAssetsAndOtherDebits" ns2:href="form-1F-sched-ComparativeBalanceSheet_2020-01-01.xsd#roleType_ComparativeBalanceSheetAssetsAndOtherDebits" ns2:type="simple" />
    <ns0:definitionLink ns2:role="http://ferc.gov/form/2020-01-01/roles/Schedule/F1F/ComparativeBalanceSheetAssetsAndOtherDebits" ns2:type="extended">
        <ns0:loc ns2:href="../../ferc-core_2020-01-01.xsd#ferc_ScheduleComparativeBalanceSheetAssetsAndOtherDebitsAbstract" ns2:label="ferc_ScheduleComparativeBalanceSheetAssetsAndOtherDebitsAbstract" ns2:type="locator" />
        <ns0:loc ns2:href="../../ferc-core_2020-01-01.xsd#ferc_ComparativeBalanceSheetLineItems" ns2:label="ferc_ComparativeBalanceSheetLineItems" ns2:type="locator" />
        <ns0:definitionArc order="1" ns2:arcrole="http://xbrl.org/int/dim/arcrole/domain-member" ns2:from="ferc_ScheduleComparativeBalanceSheetAssetsAndOtherDebitsAbstract" ns2:to="ferc_ComparativeBalanceSheetLineItems" ns2:type="arc" />
        <ns0:loc ns2:href="../../ferc-core_2020-01-01.xsd#ferc_ComparativeBalanceSheetTable" ns2:label="ferc_ComparativeBalanceSheetTable" ns2:type="locator" />
        <ns0:definitionArc order="1" ns2:arcrole="http://xbrl.org/int/dim/arcrole/all" ns2:from="ferc_ComparativeBalanceSheetLineItems" ns2:to="ferc_ComparativeBalanceSheetTable" ns2:type="arc" ns3:closed="true" ns3:contextElement="segment" />
        <ns0:loc ns2:href="../../ferc-core_2020-01-01.xsd#ferc_AssetsAndOtherDebitsAbstract" ns2:label="ferc_AssetsAndOtherDebitsAbstract" ns2:type="locator" />
        <ns0:definitionArc order="2" ns2:arcrole="http://xbrl.org/int/dim/arcrole/domain-member" ns2:from="ferc_ComparativeBalanceSheetLineItems" ns2:to="ferc_AssetsAndOtherDebitsAbstract" ns2:type="arc" />
        <ns0:loc ns2:href="../../ferc-core_2020-01-01.xsd#ferc_UtilityPlantAndConstructionWorkInProgress" ns2:label="ferc_UtilityPlantAndConstructionWorkInProgress" ns2:type="locator" />
        <ns0:definitionArc order="1" ns2:arcrole="http://xbrl.org/int/dim/arcrole/domain-member" ns2:from="ferc_AssetsAndOtherDebitsAbstract" ns2:to="ferc_UtilityPlantAndConstructionWorkInProgress" ns2:type="arc" />
        <ns0:loc ns2:href="../../ferc-core_2020-01-01.xsd#ferc_AccumulatedProvisionForDepreciationAndAmortizationOfElectricAndOtherUtilityPlant" ns2:label="ferc_AccumulatedProvisionForDepreciationAndAmortizationOfElectricAndOtherUtilityPlant" ns2:type="locator" />
        <ns0:definitionArc order="2" ns2:arcrole="http://xbrl.org/int/dim/arcrole/domain-member" ns2:from="ferc_AssetsAndOtherDebitsAbstract" ns2:to="ferc_AccumulatedProvisionForDepreciationAndAmortizationOfElectricAndOtherUtilityPlant" ns2:type="arc" />
        <ns0:loc ns2:href="../../ferc-core_2020-01-01.xsd#ferc_UtilityPlantNet" ns2:label="ferc_UtilityPlantNet" ns2:type="locator" />
        <ns0:definitionArc order="3" ns2:arcrole="http://xbrl.org/int/dim/arcrole/domain-member" ns2:from="ferc_AssetsAndOtherDebitsAbstract" ns2:to="ferc_UtilityPlantNet" ns2:type="arc" />
        <ns0:loc ns2:href="../../ferc-core_2020-01-01.xsd#ferc_OtherElectricPlantAdjustments" ns2:label="ferc_OtherElectricPlantAdjustments" ns2:type="locator" />
        <ns0:definitionArc order="4" ns2:arcrole="http://xbrl.org/int/dim/arcrole/domain-member" ns2:from="ferc_AssetsAndOtherDebitsAbstract" ns2:to="ferc_OtherElectricPlantAdjustments" ns2:type="arc" />
        <ns0:loc ns2:href="../../ferc-core_2020-01-01.xsd#ferc_GasStoredUndergroundNoncurrent" ns2:label="ferc_GasStoredUndergroundNoncurrent" ns2:type="locator" />
        <ns0:definitionArc order="5" ns2:arcrole="http://xbrl.org/int/dim/arcrole/domain-member" ns2:from="ferc_AssetsAndOtherDebitsAbstract" ns2:to="ferc_GasStoredUndergroundNoncurrent" ns2:type="arc" />
        <ns0:loc ns2:href="../../ferc-core_2020-01-01.xsd#ferc_NonutilityProperty" ns2:label="ferc_NonutilityProperty" ns2:type="locator" />
        <ns0:definitionArc order="6" ns2:arcrole="http://xbrl.org/int/dim/arcrole/domain-member" ns2:from="ferc_AssetsAndOtherDebitsAbstract" ns2:to="ferc_NonutilityProperty" ns2:type="arc" />
        <ns0:loc ns2:href="../../ferc-core_2020-01-01.xsd#ferc_AccumulatedProvisionForDepreciationAndAmortizationOfNonutilityProperty" ns2:label="ferc_AccumulatedProvisionForDepreciationAndAmortizationOfNonutilityProperty" ns2:type="locator" />
        <ns0:definitionArc order="7" ns2:arcrole="http://xbrl.org/int/dim/arcrole/domain-member" ns2:from="ferc_AssetsAndOtherDebitsAbstract" ns2:to="ferc_AccumulatedProvisionForDepreciationAndAmortizationOfNonutilityProperty" ns2:type="arc" />
        <ns0:loc ns2:href="../../ferc-core_2020-01-01.xsd#ferc_NoncurrentPortionOfAllowances" ns2:label="ferc_NoncurrentPortionOfAllowances" ns2:type="locator" />
        <ns0:definitionArc order="8" ns2:arcrole="http://xbrl.org/int/dim/arcrole/domain-member" ns2:from="ferc_AssetsAndOtherDebitsAbstract" ns2:to="ferc_NoncurrentPortionOfAllowances" ns2:type="arc" />
        <ns0:loc ns2:href="../../ferc-core_2020-01-01.xsd#ferc_OtherInvestmentsAndSpecialFunds" ns2:label="ferc_OtherInvestmentsAndSpecialFunds" ns2:type="locator" />
        <ns0:definitionArc order="9" ns2:arcrole="http://xbrl.org/int/dim/arcrole/domain-member" ns2:from="ferc_AssetsAndOtherDebitsAbstract" ns2:to="ferc_OtherInvestmentsAndSpecialFunds" ns2:type="arc" />
        <ns0:loc ns2:href="../../ferc-core_2020-01-01.xsd#ferc_CurrentAndAccruedAssetsAbstract" ns2:label="ferc_CurrentAndAccruedAssetsAbstract" ns2:type="locator" />
        <ns0:definitionArc order="3" ns2:arcrole="http://xbrl.org/int/dim/arcrole/domain-member" ns2:from="ferc_ComparativeBalanceSheetLineItems" ns2:to="ferc_CurrentAndAccruedAssetsAbstract" ns2:type="arc" />
        <ns0:loc ns2:href="../../ferc-core_2020-01-01.xsd#ferc_CashAndWorkingFunds" ns2:label="ferc_CashAndWorkingFunds" ns2:type="locator" />
        <ns0:definitionArc order="1" ns2:arcrole="http://xbrl.org/int/dim/arcrole/domain-member" ns2:from="ferc_CurrentAndAccruedAssetsAbstract" ns2:to="ferc_CashAndWorkingFunds" ns2:type="arc" />
        <ns0:loc ns2:href="../../ferc-core_2020-01-01.xsd#ferc_TemporaryCashInvestments" ns2:label="ferc_TemporaryCashInvestments" ns2:type="locator" />
        <ns0:definitionArc order="2" ns2:arcrole="http://xbrl.org/int/dim/arcrole/domain-member" ns2:from="ferc_CurrentAndAccruedAssetsAbstract" ns2:to="ferc_TemporaryCashInvestments" ns2:type="arc" />
        <ns0:loc ns2:href="../../ferc-core_2020-01-01.xsd#ferc_NotesAndAccountsReceivable" ns2:label="ferc_NotesAndAccountsReceivable" ns2:type="locator" />
        <ns0:definitionArc order="3" ns2:arcrole="http://xbrl.org/int/dim/arcrole/domain-member" ns2:from="ferc_CurrentAndAccruedAssetsAbstract" ns2:to="ferc_NotesAndAccountsReceivable" ns2:type="arc" />
        <ns0:loc ns2:href="../../ferc-core_2020-01-01.xsd#ferc_AccumulatedProvisionForUncollectibleAccountsCredit" ns2:label="ferc_AccumulatedProvisionForUncollectibleAccountsCredit" ns2:type="locator" />
        <ns0:definitionArc order="4" ns2:arcrole="http://xbrl.org/int/dim/arcrole/domain-member" ns2:from="ferc_CurrentAndAccruedAssetsAbstract" ns2:to="ferc_AccumulatedProvisionForUncollectibleAccountsCredit" ns2:type="arc" />
        <ns0:loc ns2:href="../../ferc-core_2020-01-01.xsd#ferc_PlantMaterialsAndOperatingSupplies" ns2:label="ferc_PlantMaterialsAndOperatingSupplies" ns2:type="locator" />
        <ns0:definitionArc order="5" ns2:arcrole="http://xbrl.org/int/dim/arcrole/domain-member" ns2:from="ferc_CurrentAndAccruedAssetsAbstract" ns2:to="ferc_PlantMaterialsAndOperatingSupplies" ns2:type="arc" />
        <ns0:loc ns2:href="../../ferc-core_2020-01-01.xsd#ferc_AllowanceInventoryAndWithheld" ns2:label="ferc_AllowanceInventoryAndWithheld" ns2:type="locator" />
        <ns0:definitionArc order="6" ns2:arcrole="http://xbrl.org/int/dim/arcrole/domain-member" ns2:from="ferc_CurrentAndAccruedAssetsAbstract" ns2:to="ferc_AllowanceInventoryAndWithheld" ns2:type="arc" />
        <ns0:definitionArc order="7" ns2:arcrole="http://xbrl.org/int/dim/arcrole/domain-member" ns2:from="ferc_CurrentAndAccruedAssetsAbstract" ns2:to="ferc_NoncurrentPortionOfAllowances" ns2:type="arc" />
        <ns0:loc ns2:href="../../ferc-core_2020-01-01.xsd#ferc_GasStored" ns2:label="ferc_GasStored" ns2:type="locator" />
        <ns0:definitionArc order="8" ns2:arcrole="http://xbrl.org/int/dim/arcrole/domain-member" ns2:from="ferc_CurrentAndAccruedAssetsAbstract" ns2:to="ferc_GasStored" ns2:type="arc" />
        <ns0:loc ns2:href="../../ferc-core_2020-01-01.xsd#ferc_Prepayments" ns2:label="ferc_Prepayments" ns2:type="locator" />
        <ns0:definitionArc order="9" ns2:arcrole="http://xbrl.org/int/dim/arcrole/domain-member" ns2:from="ferc_CurrentAndAccruedAssetsAbstract" ns2:to="ferc_Prepayments" ns2:type="arc" />
        <ns0:loc ns2:href="../../ferc-core_2020-01-01.xsd#ferc_MiscellaneousCurrentAndAccruedAssets" ns2:label="ferc_MiscellaneousCurrentAndAccruedAssets" ns2:type="locator" />
        <ns0:definitionArc order="10" ns2:arcrole="http://xbrl.org/int/dim/arcrole/domain-member" ns2:from="ferc_CurrentAndAccruedAssetsAbstract" ns2:to="ferc_MiscellaneousCurrentAndAccruedAssets" ns2:type="arc" />
        <ns0:loc ns2:href="../../ferc-core_2020-01-01.xsd#ferc_DerivativeInstrumentAssets" ns2:label="ferc_DerivativeInstrumentAssets" ns2:type="locator" />
        <ns0:definitionArc order="11" ns2:arcrole="http://xbrl.org/int/dim/arcrole/domain-member" ns2:from="ferc_CurrentAndAccruedAssetsAbstract" ns2:to="ferc_DerivativeInstrumentAssets" ns2:type="arc" />
        <ns0:loc ns2:href="../../ferc-core_2020-01-01.xsd#ferc_DerivativeInstrumentAssetsHedges" ns2:label="ferc_DerivativeInstrumentAssetsHedges" ns2:type="locator" />
        <ns0:definitionArc order="12" ns2:arcrole="http://xbrl.org/int/dim/arcrole/domain-member" ns2:from="ferc_CurrentAndAccruedAssetsAbstract" ns2:to="ferc_DerivativeInstrumentAssetsHedges" ns2:type="arc" />
        <ns0:loc ns2:href="../../ferc-core_2020-01-01.xsd#ferc_CurrentAndAccruedAssets" ns2:label="ferc_CurrentAndAccruedAssets" ns2:type="locator" />
        <ns0:definitionArc order="13" ns2:arcrole="http://xbrl.org/int/dim/arcrole/domain-member" ns2:from="ferc_CurrentAndAccruedAssetsAbstract" ns2:to="ferc_CurrentAndAccruedAssets" ns2:type="arc" />
        <ns0:loc ns2:href="../../ferc-core_2020-01-01.xsd#ferc_DeferredDebitsAbstract" ns2:label="ferc_DeferredDebitsAbstract" ns2:type="locator" />
        <ns0:definitionArc order="4" ns2:arcrole="http://xbrl.org/int/dim/arcrole/domain-member" ns2:from="ferc_ComparativeBalanceSheetLineItems" ns2:to="ferc_DeferredDebitsAbstract" ns2:type="arc" />
        <ns0:loc ns2:href="../../ferc-core_2020-01-01.xsd#ferc_UnamortizedDebtExpense" ns2:label="ferc_UnamortizedDebtExpense" ns2:type="locator" />
        <ns0:definitionArc order="1" ns2:arcrole="http://xbrl.org/int/dim/arcrole/domain-member" ns2:from="ferc_DeferredDebitsAbstract" ns2:to="ferc_UnamortizedDebtExpense" ns2:type="arc" />
        <ns0:loc ns2:href="../../ferc-core_2020-01-01.xsd#ferc_ExtraordinaryPropertyLosses" ns2:label="ferc_ExtraordinaryPropertyLosses" ns2:type="locator" />
        <ns0:definitionArc order="2" ns2:arcrole="http://xbrl.org/int/dim/arcrole/domain-member" ns2:from="ferc_DeferredDebitsAbstract" ns2:to="ferc_ExtraordinaryPropertyLosses" ns2:type="arc" />
        <ns0:loc ns2:href="../../ferc-core_2020-01-01.xsd#ferc_UnrecoveredPlantAndRegulatoryStudyCosts" ns2:label="ferc_UnrecoveredPlantAndRegulatoryStudyCosts" ns2:type="locator" />
        <ns0:definitionArc order="3" ns2:arcrole="http://xbrl.org/int/dim/arcrole/domain-member" ns2:from="ferc_DeferredDebitsAbstract" ns2:to="ferc_UnrecoveredPlantAndRegulatoryStudyCosts" ns2:type="arc" />
        <ns0:loc ns2:href="../../ferc-core_2020-01-01.xsd#ferc_OtherRegulatoryAssets" ns2:label="ferc_OtherRegulatoryAssets" ns2:type="locator" />
        <ns0:definitionArc order="4" ns2:arcrole="http://xbrl.org/int/dim/arcrole/domain-member" ns2:from="ferc_DeferredDebitsAbstract" ns2:to="ferc_OtherRegulatoryAssets" ns2:type="arc" />
        <ns0:loc ns2:href="../../ferc-core_2020-01-01.xsd#ferc_MiscellaneousDeferredDebits" ns2:label="ferc_MiscellaneousDeferredDebits" ns2:type="locator" />
        <ns0:definitionArc order="5" ns2:arcrole="http://xbrl.org/int/dim/arcrole/domain-member" ns2:from="ferc_DeferredDebitsAbstract" ns2:to="ferc_MiscellaneousDeferredDebits" ns2:type="arc" />
        <ns0:loc ns2:href="../../ferc-core_2020-01-01.xsd#ferc_DeferredLossesFromDispositionOfUtilityPlant" ns2:label="ferc_DeferredLossesFromDispositionOfUtilityPlant" ns2:type="locator" />
        <ns0:definitionArc order="6" ns2:arcrole="http://xbrl.org/int/dim/arcrole/domain-member" ns2:from="ferc_DeferredDebitsAbstract" ns2:to="ferc_DeferredLossesFromDispositionOfUtilityPlant" ns2:type="arc" />
        <ns0:loc ns2:href="../../ferc-core_2020-01-01.xsd#ferc_UnamortizedLossOnReacquiredDebt" ns2:label="ferc_UnamortizedLossOnReacquiredDebt" ns2:type="locator" />
        <ns0:definitionArc order="7" ns2:arcrole="http://xbrl.org/int/dim/arcrole/domain-member" ns2:from="ferc_DeferredDebitsAbstract" ns2:to="ferc_UnamortizedLossOnReacquiredDebt" ns2:type="arc" />
        <ns0:loc ns2:href="../../ferc-core_2020-01-01.xsd#ferc_AccumulatedDeferredIncomeTaxes" ns2:label="ferc_AccumulatedDeferredIncomeTaxes" ns2:type="locator" />
        <ns0:definitionArc order="8" ns2:arcrole="http://xbrl.org/int/dim/arcrole/domain-member" ns2:from="ferc_DeferredDebitsAbstract" ns2:to="ferc_AccumulatedDeferredIncomeTaxes" ns2:type="arc" />
        <ns0:loc ns2:href="../../ferc-core_2020-01-01.xsd#ferc_UnrecoveredPurchasedGasCosts" ns2:label="ferc_UnrecoveredPurchasedGasCosts" ns2:type="locator" />
        <ns0:definitionArc order="9" ns2:arcrole="http://xbrl.org/int/dim/arcrole/domain-member" ns2:from="ferc_DeferredDebitsAbstract" ns2:to="ferc_UnrecoveredPurchasedGasCosts" ns2:type="arc" />
        <ns0:loc ns2:href="../../ferc-core_2020-01-01.xsd#ferc_DeferredDebits" ns2:label="ferc_DeferredDebits" ns2:type="locator" />
        <ns0:definitionArc order="10" ns2:arcrole="http://xbrl.org/int/dim/arcrole/domain-member" ns2:from="ferc_DeferredDebitsAbstract" ns2:to="ferc_DeferredDebits" ns2:type="arc" />
        <ns0:loc ns2:href="../../ferc-core_2020-01-01.xsd#ferc_AssetsAndOtherDebits" ns2:label="ferc_AssetsAndOtherDebits" ns2:type="locator" />
        <ns0:definitionArc order="5" ns2:arcrole="http://xbrl.org/int/dim/arcrole/domain-member" ns2:from="ferc_ComparativeBalanceSheetLineItems" ns2:to="ferc_AssetsAndOtherDebits" ns2:type="arc" />
    </ns0:definitionLink>
    <ns0:definitionLink ns2:role="http://ferc.gov/form/2020-01-01/roles/Schedule/F1F/ComparativeBalanceSheetLiabilitiesAndOtherCredits" ns2:type="extended">
        <ns0:loc ns2:href="../../ferc-core_2020-01-01.xsd#ferc_ScheduleComparativeBalanceSheetLiabilitiesOtherCreditsAbstract" ns2:label="ferc_ScheduleComparativeBalanceSheetLiabilitiesOtherCreditsAbstract" ns2:type="locator" />
        <ns0:loc ns2:href="../../ferc-core_2020-01-01.xsd#ferc_ComparativeBalanceSheetLineItems" ns2:label="ferc_ComparativeBalanceSheetLineItems" ns2:type="locator" />
        <ns0:definitionArc order="1" ns2:arcrole="http://xbrl.org/int/dim/arcrole/domain-member" ns2:from="ferc_ScheduleComparativeBalanceSheetLiabilitiesOtherCreditsAbstract" ns2:to="ferc_ComparativeBalanceSheetLineItems" ns2:type="arc" />
        <ns0:loc ns2:href="../../ferc-core_2020-01-01.xsd#ferc_ComparativeBalanceSheetTable" ns2:label="ferc_ComparativeBalanceSheetTable" ns2:type="locator" />
        <ns0:definitionArc order="1" ns2:arcrole="http://xbrl.org/int/dim/arcrole/all" ns2:from="ferc_ComparativeBalanceSheetLineItems" ns2:to="ferc_ComparativeBalanceSheetTable" ns2:type="arc" ns3:closed="true" ns3:contextElement="segment" />
        <ns0:loc ns2:href="../../ferc-core_2020-01-01.xsd#ferc_LiabilitiesAndOtherCreditsAbstract" ns2:label="ferc_LiabilitiesAndOtherCreditsAbstract" ns2:type="locator" />
        <ns0:definitionArc order="2" ns2:arcrole="http://xbrl.org/int/dim/arcrole/domain-member" ns2:from="ferc_ComparativeBalanceSheetLineItems" ns2:to="ferc_LiabilitiesAndOtherCreditsAbstract" ns2:type="arc" />
        <ns0:loc ns2:href="../../ferc-core_2020-01-01.xsd#ferc_CommonStockIssued" ns2:label="ferc_CommonStockIssued" ns2:type="locator" />
        <ns0:definitionArc order="1" ns2:arcrole="http://xbrl.org/int/dim/arcrole/domain-member" ns2:from="ferc_LiabilitiesAndOtherCreditsAbstract" ns2:to="ferc_CommonStockIssued" ns2:type="arc" />
        <ns0:loc ns2:href="../../ferc-core_2020-01-01.xsd#ferc_PreferredStockIssued" ns2:label="ferc_PreferredStockIssued" ns2:type="locator" />
        <ns0:definitionArc order="2" ns2:arcrole="http://xbrl.org/int/dim/arcrole/domain-member" ns2:from="ferc_LiabilitiesAndOtherCreditsAbstract" ns2:to="ferc_PreferredStockIssued" ns2:type="arc" />
        <ns0:loc ns2:href="../../ferc-core_2020-01-01.xsd#ferc_MiscellaneousPaidInCapital" ns2:label="ferc_MiscellaneousPaidInCapital" ns2:type="locator" />
        <ns0:definitionArc order="3" ns2:arcrole="http://xbrl.org/int/dim/arcrole/domain-member" ns2:from="ferc_LiabilitiesAndOtherCreditsAbstract" ns2:to="ferc_MiscellaneousPaidInCapital" ns2:type="arc" />
        <ns0:loc ns2:href="../../ferc-core_2020-01-01.xsd#ferc_InstallmentsReceivedOnCapitalStock" ns2:label="ferc_InstallmentsReceivedOnCapitalStock" ns2:type="locator" />
        <ns0:definitionArc order="4" ns2:arcrole="http://xbrl.org/int/dim/arcrole/domain-member" ns2:from="ferc_LiabilitiesAndOtherCreditsAbstract" ns2:to="ferc_InstallmentsReceivedOnCapitalStock" ns2:type="arc" />
        <ns0:loc ns2:href="../../ferc-core_2020-01-01.xsd#ferc_DiscountOnCapitalStock" ns2:label="ferc_DiscountOnCapitalStock" ns2:type="locator" />
        <ns0:definitionArc order="5" ns2:arcrole="http://xbrl.org/int/dim/arcrole/domain-member" ns2:from="ferc_LiabilitiesAndOtherCreditsAbstract" ns2:to="ferc_DiscountOnCapitalStock" ns2:type="arc" />
        <ns0:loc ns2:href="../../ferc-core_2020-01-01.xsd#ferc_CapitalStockExpense" ns2:label="ferc_CapitalStockExpense" ns2:type="locator" />
        <ns0:definitionArc order="6" ns2:arcrole="http://xbrl.org/int/dim/arcrole/domain-member" ns2:from="ferc_LiabilitiesAndOtherCreditsAbstract" ns2:to="ferc_CapitalStockExpense" ns2:type="arc" />
        <ns0:loc ns2:href="../../ferc-core_2020-01-01.xsd#ferc_RetainedEarnings" ns2:label="ferc_RetainedEarnings" ns2:type="locator" />
        <ns0:definitionArc order="7" ns2:arcrole="http://xbrl.org/int/dim/arcrole/domain-member" ns2:from="ferc_LiabilitiesAndOtherCreditsAbstract" ns2:to="ferc_RetainedEarnings" ns2:type="arc" />
        <ns0:loc ns2:href="../../ferc-core_2020-01-01.xsd#ferc_ReacquiredCapitalStock" ns2:label="ferc_ReacquiredCapitalStock" ns2:type="locator" />
        <ns0:definitionArc order="8" ns2:arcrole="http://xbrl.org/int/dim/arcrole/domain-member" ns2:from="ferc_LiabilitiesAndOtherCreditsAbstract" ns2:to="ferc_ReacquiredCapitalStock" ns2:type="arc" />
        <ns0:loc ns2:href="../../ferc-core_2020-01-01.xsd#ferc_NoncorporateProprietorship" ns2:label="ferc_NoncorporateProprietorship" ns2:type="locator" />
        <ns0:definitionArc order="9" ns2:arcrole="http://xbrl.org/int/dim/arcrole/domain-member" ns2:from="ferc_LiabilitiesAndOtherCreditsAbstract" ns2:to="ferc_NoncorporateProprietorship" ns2:type="arc" />
        <ns0:loc ns2:href="../../ferc-core_2020-01-01.xsd#ferc_AccumulatedOtherComprehensiveIncome" ns2:label="ferc_AccumulatedOtherComprehensiveIncome" ns2:type="locator" />
        <ns0:definitionArc order="10" ns2:arcrole="http://xbrl.org/int/dim/arcrole/domain-member" ns2:from="ferc_LiabilitiesAndOtherCreditsAbstract" ns2:to="ferc_AccumulatedOtherComprehensiveIncome" ns2:type="arc" />
        <ns0:loc ns2:href="../../ferc-core_2020-01-01.xsd#ferc_ProprietaryCapital" ns2:label="ferc_ProprietaryCapital" ns2:type="locator" />
        <ns0:definitionArc order="11" ns2:arcrole="http://xbrl.org/int/dim/arcrole/domain-member" ns2:from="ferc_LiabilitiesAndOtherCreditsAbstract" ns2:to="ferc_ProprietaryCapital" ns2:type="arc" />
        <ns0:loc ns2:href="../../ferc-core_2020-01-01.xsd#ferc_Bonds" ns2:label="ferc_Bonds" ns2:type="locator" />
        <ns0:definitionArc order="12" ns2:arcrole="http://xbrl.org/int/dim/arcrole/domain-member" ns2:from="ferc_LiabilitiesAndOtherCreditsAbstract" ns2:to="ferc_Bonds" ns2:type="arc" />
        <ns0:loc ns2:href="../../ferc-core_2020-01-01.xsd#ferc_AdvancesFromAssociatedCompanies" ns2:label="ferc_AdvancesFromAssociatedCompanies" ns2:type="locator" />
        <ns0:definitionArc order="13" ns2:arcrole="http://xbrl.org/int/dim/arcrole/domain-member" ns2:from="ferc_LiabilitiesAndOtherCreditsAbstract" ns2:to="ferc_AdvancesFromAssociatedCompanies" ns2:type="arc" />
        <ns0:loc ns2:href="../../ferc-core_2020-01-01.xsd#ferc_OtherLongTermDebt" ns2:label="ferc_OtherLongTermDebt" ns2:type="locator" />
        <ns0:definitionArc order="14" ns2:arcrole="http://xbrl.org/int/dim/arcrole/domain-member" ns2:from="ferc_LiabilitiesAndOtherCreditsAbstract" ns2:to="ferc_OtherLongTermDebt" ns2:type="arc" />
        <ns0:loc ns2:href="../../ferc-core_2020-01-01.xsd#ferc_UnamortizedPremiumOnLongTermDebt" ns2:label="ferc_UnamortizedPremiumOnLongTermDebt" ns2:type="locator" />
        <ns0:definitionArc order="15" ns2:arcrole="http://xbrl.org/int/dim/arcrole/domain-member" ns2:from="ferc_LiabilitiesAndOtherCreditsAbstract" ns2:to="ferc_UnamortizedPremiumOnLongTermDebt" ns2:type="arc" />
        <ns0:loc ns2:href="../../ferc-core_2020-01-01.xsd#ferc_UnamortizedDiscountOnLongTermDebtDebit" ns2:label="ferc_UnamortizedDiscountOnLongTermDebtDebit" ns2:type="locator" />
        <ns0:definitionArc order="16" ns2:arcrole="http://xbrl.org/int/dim/arcrole/domain-member" ns2:from="ferc_LiabilitiesAndOtherCreditsAbstract" ns2:to="ferc_UnamortizedDiscountOnLongTermDebtDebit" ns2:type="arc" />
        <ns0:loc ns2:href="../../ferc-core_2020-01-01.xsd#ferc_LongTermDebt" ns2:label="ferc_LongTermDebt" ns2:type="locator" />
        <ns0:definitionArc order="17" ns2:arcrole="http://xbrl.org/int/dim/arcrole/domain-member" ns2:from="ferc_LiabilitiesAndOtherCreditsAbstract" ns2:to="ferc_LongTermDebt" ns2:type="arc" />
        <ns0:loc ns2:href="../../ferc-core_2020-01-01.xsd#ferc_OtherNoncurrentLiabilitiesAbstract" ns2:label="ferc_OtherNoncurrentLiabilitiesAbstract" ns2:type="locator" />
        <ns0:definitionArc order="3" ns2:arcrole="http://xbrl.org/int/dim/arcrole/domain-member" ns2:from="ferc_ComparativeBalanceSheetLineItems" ns2:to="ferc_OtherNoncurrentLiabilitiesAbstract" ns2:type="arc" />
        <ns0:loc ns2:href="../../ferc-core_2020-01-01.xsd#ferc_ObligationsUnderCapitalLeaseNoncurrent" ns2:label="ferc_ObligationsUnderCapitalLeaseNoncurrent" ns2:type="locator" />
        <ns0:definitionArc order="1" ns2:arcrole="http://xbrl.org/int/dim/arcrole/domain-member" ns2:from="ferc_OtherNoncurrentLiabilitiesAbstract" ns2:to="ferc_ObligationsUnderCapitalLeaseNoncurrent" ns2:type="arc" />
        <ns0:loc ns2:href="../../ferc-core_2020-01-01.xsd#ferc_AccumulatedProvisionForPropertyInsurance" ns2:label="ferc_AccumulatedProvisionForPropertyInsurance" ns2:type="locator" />
        <ns0:definitionArc order="2" ns2:arcrole="http://xbrl.org/int/dim/arcrole/domain-member" ns2:from="ferc_OtherNoncurrentLiabilitiesAbstract" ns2:to="ferc_AccumulatedProvisionForPropertyInsurance" ns2:type="arc" />
        <ns0:loc ns2:href="../../ferc-core_2020-01-01.xsd#ferc_AccumulatedProvisionForInjuriesAndDamages" ns2:label="ferc_AccumulatedProvisionForInjuriesAndDamages" ns2:type="locator" />
        <ns0:definitionArc order="3" ns2:arcrole="http://xbrl.org/int/dim/arcrole/domain-member" ns2:from="ferc_OtherNoncurrentLiabilitiesAbstract" ns2:to="ferc_AccumulatedProvisionForInjuriesAndDamages" ns2:type="arc" />
        <ns0:loc ns2:href="../../ferc-core_2020-01-01.xsd#ferc_AccumulatedProvisionForPensionsAndBenefits" ns2:label="ferc_AccumulatedProvisionForPensionsAndBenefits" ns2:type="locator" />
        <ns0:definitionArc order="4" ns2:arcrole="http://xbrl.org/int/dim/arcrole/domain-member" ns2:from="ferc_OtherNoncurrentLiabilitiesAbstract" ns2:to="ferc_AccumulatedProvisionForPensionsAndBenefits" ns2:type="arc" />
        <ns0:loc ns2:href="../../ferc-core_2020-01-01.xsd#ferc_AccumulatedMiscellaneousOperatingProvisions" ns2:label="ferc_AccumulatedMiscellaneousOperatingProvisions" ns2:type="locator" />
        <ns0:definitionArc order="5" ns2:arcrole="http://xbrl.org/int/dim/arcrole/domain-member" ns2:from="ferc_OtherNoncurrentLiabilitiesAbstract" ns2:to="ferc_AccumulatedMiscellaneousOperatingProvisions" ns2:type="arc" />
        <ns0:loc ns2:href="../../ferc-core_2020-01-01.xsd#ferc_AccumulatedProvisionForRateRefunds" ns2:label="ferc_AccumulatedProvisionForRateRefunds" ns2:type="locator" />
        <ns0:definitionArc order="6" ns2:arcrole="http://xbrl.org/int/dim/arcrole/domain-member" ns2:from="ferc_OtherNoncurrentLiabilitiesAbstract" ns2:to="ferc_AccumulatedProvisionForRateRefunds" ns2:type="arc" />
        <ns0:loc ns2:href="../../ferc-core_2020-01-01.xsd#ferc_AssetRetirementObligations" ns2:label="ferc_AssetRetirementObligations" ns2:type="locator" />
        <ns0:definitionArc order="7" ns2:arcrole="http://xbrl.org/int/dim/arcrole/domain-member" ns2:from="ferc_OtherNoncurrentLiabilitiesAbstract" ns2:to="ferc_AssetRetirementObligations" ns2:type="arc" />
        <ns0:loc ns2:href="../../ferc-core_2020-01-01.xsd#ferc_OtherNoncurrentLiabilities" ns2:label="ferc_OtherNoncurrentLiabilities" ns2:type="locator" />
        <ns0:definitionArc order="8" ns2:arcrole="http://xbrl.org/int/dim/arcrole/domain-member" ns2:from="ferc_OtherNoncurrentLiabilitiesAbstract" ns2:to="ferc_OtherNoncurrentLiabilities" ns2:type="arc" />
        <ns0:loc ns2:href="../../ferc-core_2020-01-01.xsd#ferc_CurrentAndAccruedLiabilitiesAbstract" ns2:label="ferc_CurrentAndAccruedLiabilitiesAbstract" ns2:type="locator" />
        <ns0:definitionArc order="4" ns2:arcrole="http://xbrl.org/int/dim/arcrole/domain-member" ns2:from="ferc_ComparativeBalanceSheetLineItems" ns2:to="ferc_CurrentAndAccruedLiabilitiesAbstract" ns2:type="arc" />
        <ns0:loc ns2:href="../../ferc-core_2020-01-01.xsd#ferc_NotesAndAccountsPayable" ns2:label="ferc_NotesAndAccountsPayable" ns2:type="locator" />
        <ns0:definitionArc order="1" ns2:arcrole="http://xbrl.org/int/dim/arcrole/domain-member" ns2:from="ferc_CurrentAndAccruedLiabilitiesAbstract" ns2:to="ferc_NotesAndAccountsPayable" ns2:type="arc" />
        <ns0:loc ns2:href="../../ferc-core_2020-01-01.xsd#ferc_CustomerDeposits" ns2:label="ferc_CustomerDeposits" ns2:type="locator" />
        <ns0:definitionArc order="2" ns2:arcrole="http://xbrl.org/int/dim/arcrole/domain-member" ns2:from="ferc_CurrentAndAccruedLiabilitiesAbstract" ns2:to="ferc_CustomerDeposits" ns2:type="arc" />
        <ns0:loc ns2:href="../../ferc-core_2020-01-01.xsd#ferc_TaxesAccrued" ns2:label="ferc_TaxesAccrued" ns2:type="locator" />
        <ns0:definitionArc order="3" ns2:arcrole="http://xbrl.org/int/dim/arcrole/domain-member" ns2:from="ferc_CurrentAndAccruedLiabilitiesAbstract" ns2:to="ferc_TaxesAccrued" ns2:type="arc" />
        <ns0:loc ns2:href="../../ferc-core_2020-01-01.xsd#ferc_InterestAccrued" ns2:label="ferc_InterestAccrued" ns2:type="locator" />
        <ns0:definitionArc order="4" ns2:arcrole="http://xbrl.org/int/dim/arcrole/domain-member" ns2:from="ferc_CurrentAndAccruedLiabilitiesAbstract" ns2:to="ferc_InterestAccrued" ns2:type="arc" />
        <ns0:loc ns2:href="../../ferc-core_2020-01-01.xsd#ferc_MiscellaneousCurrentAndAccruedLiabilities" ns2:label="ferc_MiscellaneousCurrentAndAccruedLiabilities" ns2:type="locator" />
        <ns0:definitionArc order="5" ns2:arcrole="http://xbrl.org/int/dim/arcrole/domain-member" ns2:from="ferc_CurrentAndAccruedLiabilitiesAbstract" ns2:to="ferc_MiscellaneousCurrentAndAccruedLiabilities" ns2:type="arc" />
        <ns0:loc ns2:href="../../ferc-core_2020-01-01.xsd#ferc_ObligationsUnderCapitalLeasesCurrent" ns2:label="ferc_ObligationsUnderCapitalLeasesCurrent" ns2:type="locator" />
        <ns0:definitionArc order="6" ns2:arcrole="http://xbrl.org/int/dim/arcrole/domain-member" ns2:from="ferc_CurrentAndAccruedLiabilitiesAbstract" ns2:to="ferc_ObligationsUnderCapitalLeasesCurrent" ns2:type="arc" />
        <ns0:loc ns2:href="../../ferc-core_2020-01-01.xsd#ferc_DerivativesInstrumentLiabilities" ns2:label="ferc_DerivativesInstrumentLiabilities" ns2:type="locator" />
        <ns0:definitionArc order="7" ns2:arcrole="http://xbrl.org/int/dim/arcrole/domain-member" ns2:from="ferc_CurrentAndAccruedLiabilitiesAbstract" ns2:to="ferc_DerivativesInstrumentLiabilities" ns2:type="arc" />
        <ns0:loc ns2:href="../../ferc-core_2020-01-01.xsd#ferc_DerivativeInstrumentLiabilitiesHedges" ns2:label="ferc_DerivativeInstrumentLiabilitiesHedges" ns2:type="locator" />
        <ns0:definitionArc order="8" ns2:arcrole="http://xbrl.org/int/dim/arcrole/domain-member" ns2:from="ferc_CurrentAndAccruedLiabilitiesAbstract" ns2:to="ferc_DerivativeInstrumentLiabilitiesHedges" ns2:type="arc" />
        <ns0:loc ns2:href="../../ferc-core_2020-01-01.xsd#ferc_CurrentAndAccruedLiabilities" ns2:label="ferc_CurrentAndAccruedLiabilities" ns2:type="locator" />
        <ns0:definitionArc order="9" ns2:arcrole="http://xbrl.org/int/dim/arcrole/domain-member" ns2:from="ferc_CurrentAndAccruedLiabilitiesAbstract" ns2:to="ferc_CurrentAndAccruedLiabilities" ns2:type="arc" />
        <ns0:loc ns2:href="../../ferc-core_2020-01-01.xsd#ferc_DeferredCreditsAbstract" ns2:label="ferc_DeferredCreditsAbstract" ns2:type="locator" />
        <ns0:definitionArc order="5" ns2:arcrole="http://xbrl.org/int/dim/arcrole/domain-member" ns2:from="ferc_ComparativeBalanceSheetLineItems" ns2:to="ferc_DeferredCreditsAbstract" ns2:type="arc" />
        <ns0:loc ns2:href="../../ferc-core_2020-01-01.xsd#ferc_CustomerAdvancesForConstruction" ns2:label="ferc_CustomerAdvancesForConstruction" ns2:type="locator" />
        <ns0:definitionArc order="1" ns2:arcrole="http://xbrl.org/int/dim/arcrole/domain-member" ns2:from="ferc_DeferredCreditsAbstract" ns2:to="ferc_CustomerAdvancesForConstruction" ns2:type="arc" />
        <ns0:loc ns2:href="../../ferc-core_2020-01-01.xsd#ferc_OtherDeferredCredits" ns2:label="ferc_OtherDeferredCredits" ns2:type="locator" />
        <ns0:definitionArc order="2" ns2:arcrole="http://xbrl.org/int/dim/arcrole/domain-member" ns2:from="ferc_DeferredCreditsAbstract" ns2:to="ferc_OtherDeferredCredits" ns2:type="arc" />
        <ns0:loc ns2:href="../../ferc-core_2020-01-01.xsd#ferc_OtherRegulatoryLiabilities" ns2:label="ferc_OtherRegulatoryLiabilities" ns2:type="locator" />
        <ns0:definitionArc order="3" ns2:arcrole="http://xbrl.org/int/dim/arcrole/domain-member" ns2:from="ferc_DeferredCreditsAbstract" ns2:to="ferc_OtherRegulatoryLiabilities" ns2:type="arc" />
        <ns0:loc ns2:href="../../ferc-core_2020-01-01.xsd#ferc_AccumulatedDeferredInvestmentTaxCredits" ns2:label="ferc_AccumulatedDeferredInvestmentTaxCredits" ns2:type="locator" />
        <ns0:definitionArc order="4" ns2:arcrole="http://xbrl.org/int/dim/arcrole/domain-member" ns2:from="ferc_DeferredCreditsAbstract" ns2:to="ferc_AccumulatedDeferredInvestmentTaxCredits" ns2:type="arc" />
        <ns0:loc ns2:href="../../ferc-core_2020-01-01.xsd#ferc_DeferredGainsFromDispositionOfUtilityPlant" ns2:label="ferc_DeferredGainsFromDispositionOfUtilityPlant" ns2:type="locator" />
        <ns0:definitionArc order="5" ns2:arcrole="http://xbrl.org/int/dim/arcrole/domain-member" ns2:from="ferc_DeferredCreditsAbstract" ns2:to="ferc_DeferredGainsFromDispositionOfUtilityPlant" ns2:type="arc" />
        <ns0:loc ns2:href="../../ferc-core_2020-01-01.xsd#ferc_UnamortizedGainOnReacquiredDebt" ns2:label="ferc_UnamortizedGainOnReacquiredDebt" ns2:type="locator" />
        <ns0:definitionArc order="6" ns2:arcrole="http://xbrl.org/int/dim/arcrole/domain-member" ns2:from="ferc_DeferredCreditsAbstract" ns2:to="ferc_UnamortizedGainOnReacquiredDebt" ns2:type="arc" />
        <ns0:loc ns2:href="../../ferc-core_2020-01-01.xsd#ferc_AccumulatedDeferredIncomeTaxesAcceleratedAmortizationPropertyOtherPropertyAndOther" ns2:label="ferc_AccumulatedDeferredIncomeTaxesAcceleratedAmortizationPropertyOtherPropertyAndOther" ns2:type="locator" />
        <ns0:definitionArc order="7" ns2:arcrole="http://xbrl.org/int/dim/arcrole/domain-member" ns2:from="ferc_DeferredCreditsAbstract" ns2:to="ferc_AccumulatedDeferredIncomeTaxesAcceleratedAmortizationPropertyOtherPropertyAndOther" ns2:type="arc" />
        <ns0:loc ns2:href="../../ferc-core_2020-01-01.xsd#ferc_DeferredCredits" ns2:label="ferc_DeferredCredits" ns2:type="locator" />
        <ns0:definitionArc order="8" ns2:arcrole="http://xbrl.org/int/dim/arcrole/domain-member" ns2:from="ferc_DeferredCreditsAbstract" ns2:to="ferc_DeferredCredits" ns2:type="arc" />
        <ns0:loc ns2:href="../../ferc-core_2020-01-01.xsd#ferc_LiabilitiesAndOtherCredits" ns2:label="ferc_LiabilitiesAndOtherCredits" ns2:type="locator" />
        <ns0:definitionArc order="6" ns2:arcrole="http://xbrl.org/int/dim/arcrole/domain-member" ns2:from="ferc_ComparativeBalanceSheetLineItems" ns2:to="ferc_LiabilitiesAndOtherCredits" ns2:type="arc" />
    </ns0:definitionLink>
    <ns0:definitionLink ns2:role="http://ferc.gov/form/2020-01-01/roles/Schedule/F1F/ComparativeBalanceSheetAssetsAndOtherDebits" ns2:type="extended" />
    <ns0:definitionLink ns2:role="http://ferc.gov/form/2020-01-01/roles/Schedule/F1F/ComparativeBalanceSheetLiabilitiesAndOtherCredits" ns2:type="extended" />
</ns0:linkbase>