﻿<?xml version="1.0" encoding="utf-8"?>
<?taxonomy-version 2.9.0.1?> <?taxonomy-set-overall-version 2.9.0.1?>
<!--(C) EBA-->
<link:linkbase xmlns:xsi="http://www.w3.org/2001/XMLSchema-instance" xmlns:xlink="http://www.w3.org/1999/xlink" xmlns:link="http://www.xbrl.org/2003/linkbase" xmlns:gen="http://xbrl.org/2008/generic" xmlns:label="http://xbrl.org/2008/label" xsi:schemaLocation="http://www.xbrl.org/2003/linkbase http://www.xbrl.org/2003/xbrl-linkbase-2003-12-31.xsd http://xbrl.org/2008/generic http://www.xbrl.org/2008/generic-link.xsd http://xbrl.org/2008/label http://www.xbrl.org/2008/generic-label.xsd">
  <link:arcroleRef arcroleURI="http://xbrl.org/arcrole/2008/element-label" xlink:type="simple" xlink:href="http://www.xbrl.org/2008/generic-label.xsd#element-label" />
  <link:roleRef roleURI="http://www.eba.europa.eu/xbrl/role/dpm-db-id" xlink:type="simple" xlink:href="http://www.eba.europa.eu/eu/fr/xbrl/ext/model.xsd#dpm-db-id" />
  <gen:link xlink:type="extended" xlink:role="http://www.xbrl.org/2003/role/link">
    <link:loc xlink:type="locator" xlink:href="hier.xsd#eba_ZZ1" xlink:label="loc_eba_ZZ1" />
    <label:label xlink:type="resource" xlink:label="label_eba_ZZ1" xml:lang="en" xlink:role="http://www.eba.europa.eu/xbrl/role/dpm-db-id">10210</label:label>
    <gen:arc xlink:type="arc" xlink:arcrole="http://xbrl.org/arcrole/2008/element-label" xlink:from="loc_eba_ZZ1" xlink:to="label_eba_ZZ1" />
    <link:loc xlink:type="locator" xlink:href="hier.xsd#eba_ZZ2" xlink:label="loc_eba_ZZ2" />
    <label:label xlink:type="resource" xlink:label="label_eba_ZZ2" xml:lang="en" xlink:role="http://www.eba.europa.eu/xbrl/role/dpm-db-id">10235</label:label>
    <gen:arc xlink:type="arc" xlink:arcrole="http://xbrl.org/arcrole/2008/element-label" xlink:from="loc_eba_ZZ2" xlink:to="label_eba_ZZ2" />
    <link:loc xlink:type="locator" xlink:href="hier.xsd#eba_ZZ3" xlink:label="loc_eba_ZZ3" />
    <label:label xlink:type="resource" xlink:label="label_eba_ZZ3" xml:lang="en" xlink:role="http://www.eba.europa.eu/xbrl/role/dpm-db-id">10280</label:label>
    <gen:arc xlink:type="arc" xlink:arcrole="http://xbrl.org/arcrole/2008/element-label" xlink:from="loc_eba_ZZ3" xlink:to="label_eba_ZZ3" />
    <link:loc xlink:type="locator" xlink:href="hier.xsd#eba_ZZ4" xlink:label="loc_eba_ZZ4" />
    <label:label xlink:type="resource" xlink:label="label_eba_ZZ4" xml:lang="en" xlink:role="http://www.eba.europa.eu/xbrl/role/dpm-db-id">10295</label:label>
    <gen:arc xlink:type="arc" xlink:arcrole="http://xbrl.org/arcrole/2008/element-label" xlink:from="loc_eba_ZZ4" xlink:to="label_eba_ZZ4" />
    <link:loc xlink:type="locator" xlink:href="hier.xsd#eba_ZZ6" xlink:label="loc_eba_ZZ6" />
    <label:label xlink:type="resource" xlink:label="label_eba_ZZ6" xml:lang="en" xlink:role="http://www.eba.europa.eu/xbrl/role/dpm-db-id">10330</label:label>
    <gen:arc xlink:type="arc" xlink:arcrole="http://xbrl.org/arcrole/2008/element-label" xlink:from="loc_eba_ZZ6" xlink:to="label_eba_ZZ6" />
    <link:loc xlink:type="locator" xlink:href="hier.xsd#eba_ZZ7" xlink:label="loc_eba_ZZ7" />
    <label:label xlink:type="resource" xlink:label="label_eba_ZZ7" xml:lang="en" xlink:role="http://www.eba.europa.eu/xbrl/role/dpm-db-id">10355</label:label>
    <gen:arc xlink:type="arc" xlink:arcrole="http://xbrl.org/arcrole/2008/element-label" xlink:from="loc_eba_ZZ7" xlink:to="label_eba_ZZ7" />
    <link:loc xlink:type="locator" xlink:href="hier.xsd#eba_ZZ8" xlink:label="loc_eba_ZZ8" />
    <label:label xlink:type="resource" xlink:label="label_eba_ZZ8" xml:lang="en" xlink:role="http://www.eba.europa.eu/xbrl/role/dpm-db-id">10370</label:label>
    <gen:arc xlink:type="arc" xlink:arcrole="http://xbrl.org/arcrole/2008/element-label" xlink:from="loc_eba_ZZ8" xlink:to="label_eba_ZZ8" />
    <link:loc xlink:type="locator" xlink:href="hier.xsd#eba_ZZ9" xlink:label="loc_eba_ZZ9" />
    <label:label xlink:type="resource" xlink:label="label_eba_ZZ9" xml:lang="en" xlink:role="http://www.eba.europa.eu/xbrl/role/dpm-db-id">10385</label:label>
    <gen:arc xlink:type="arc" xlink:arcrole="http://xbrl.org/arcrole/2008/element-label" xlink:from="loc_eba_ZZ9" xlink:to="label_eba_ZZ9" />
    <link:loc xlink:type="locator" xlink:href="hier.xsd#eba_ZZ10" xlink:label="loc_eba_ZZ10" />
    <label:label xlink:type="resource" xlink:label="label_eba_ZZ10" xml:lang="en" xlink:role="http://www.eba.europa.eu/xbrl/role/dpm-db-id">12552</label:label>
    <gen:arc xlink:type="arc" xlink:arcrole="http://xbrl.org/arcrole/2008/element-label" xlink:from="loc_eba_ZZ10" xlink:to="label_eba_ZZ10" />
    <link:loc xlink:type="locator" xlink:href="hier.xsd#eba_ZZ11" xlink:label="loc_eba_ZZ11" />
    <label:label xlink:type="resource" xlink:label="label_eba_ZZ11" xml:lang="en" xlink:role="http://www.eba.europa.eu/xbrl/role/dpm-db-id">12569</label:label>
    <gen:arc xlink:type="arc" xlink:arcrole="http://xbrl.org/arcrole/2008/element-label" xlink:from="loc_eba_ZZ11" xlink:to="label_eba_ZZ11" />
    <link:loc xlink:type="locator" xlink:href="hier.xsd#eba_ZZ12" xlink:label="loc_eba_ZZ12" />
    <label:label xlink:type="resource" xlink:label="label_eba_ZZ12" xml:lang="en" xlink:role="http://www.eba.europa.eu/xbrl/role/dpm-db-id">12570</label:label>
    <gen:arc xlink:type="arc" xlink:arcrole="http://xbrl.org/arcrole/2008/element-label" xlink:from="loc_eba_ZZ12" xlink:to="label_eba_ZZ12" />
    <link:loc xlink:type="locator" xlink:href="hier.xsd#eba_ZZ13" xlink:label="loc_eba_ZZ13" />
    <label:label xlink:type="resource" xlink:label="label_eba_ZZ13" xml:lang="en" xlink:role="http://www.eba.europa.eu/xbrl/role/dpm-db-id">12571</label:label>
    <gen:arc xlink:type="arc" xlink:arcrole="http://xbrl.org/arcrole/2008/element-label" xlink:from="loc_eba_ZZ13" xlink:to="label_eba_ZZ13" />
    <link:loc xlink:type="locator" xlink:href="hier.xsd#eba_ZZ14" xlink:label="loc_eba_ZZ14" />
    <label:label xlink:type="resource" xlink:label="label_eba_ZZ14" xml:lang="en" xlink:role="http://www.eba.europa.eu/xbrl/role/dpm-db-id">12618</label:label>
    <gen:arc xlink:type="arc" xlink:arcrole="http://xbrl.org/arcrole/2008/element-label" xlink:from="loc_eba_ZZ14" xlink:to="label_eba_ZZ14" />
    <link:loc xlink:type="locator" xlink:href="hier.xsd#eba_ZZ15" xlink:label="loc_eba_ZZ15" />
    <label:label xlink:type="resource" xlink:label="label_eba_ZZ15" xml:lang="en" xlink:role="http://www.eba.europa.eu/xbrl/role/dpm-db-id">12619</label:label>
    <gen:arc xlink:type="arc" xlink:arcrole="http://xbrl.org/arcrole/2008/element-label" xlink:from="loc_eba_ZZ15" xlink:to="label_eba_ZZ15" />
    <link:loc xlink:type="locator" xlink:href="hier.xsd#eba_ZZ16" xlink:label="loc_eba_ZZ16" />
    <label:label xlink:type="resource" xlink:label="label_eba_ZZ16" xml:lang="en" xlink:role="http://www.eba.europa.eu/xbrl/role/dpm-db-id">12620</label:label>
    <gen:arc xlink:type="arc" xlink:arcrole="http://xbrl.org/arcrole/2008/element-label" xlink:from="loc_eba_ZZ16" xlink:to="label_eba_ZZ16" />
    <link:loc xlink:type="locator" xlink:href="hier.xsd#eba_ZZ17" xlink:label="loc_eba_ZZ17" />
    <label:label xlink:type="resource" xlink:label="label_eba_ZZ17" xml:lang="en" xlink:role="http://www.eba.europa.eu/xbrl/role/dpm-db-id">12622</label:label>
    <gen:arc xlink:type="arc" xlink:arcrole="http://xbrl.org/arcrole/2008/element-label" xlink:from="loc_eba_ZZ17" xlink:to="label_eba_ZZ17" />
    <link:loc xlink:type="locator" xlink:href="hier.xsd#eba_ZZ18" xlink:label="loc_eba_ZZ18" />
    <label:label xlink:type="resource" xlink:label="label_eba_ZZ18" xml:lang="en" xlink:role="http://www.eba.europa.eu/xbrl/role/dpm-db-id">12623</label:label>
    <gen:arc xlink:type="arc" xlink:arcrole="http://xbrl.org/arcrole/2008/element-label" xlink:from="loc_eba_ZZ18" xlink:to="label_eba_ZZ18" />
    <link:loc xlink:type="locator" xlink:href="hier.xsd#eba_ZZ19" xlink:label="loc_eba_ZZ19" />
    <label:label xlink:type="resource" xlink:label="label_eba_ZZ19" xml:lang="en" xlink:role="http://www.eba.europa.eu/xbrl/role/dpm-db-id">12624</label:label>
    <gen:arc xlink:type="arc" xlink:arcrole="http://xbrl.org/arcrole/2008/element-label" xlink:from="loc_eba_ZZ19" xlink:to="label_eba_ZZ19" />
    <link:loc xlink:type="locator" xlink:href="hier.xsd#eba_ZZ20" xlink:label="loc_eba_ZZ20" />
    <label:label xlink:type="resource" xlink:label="label_eba_ZZ20" xml:lang="en" xlink:role="http://www.eba.europa.eu/xbrl/role/dpm-db-id">12625</label:label>
    <gen:arc xlink:type="arc" xlink:arcrole="http://xbrl.org/arcrole/2008/element-label" xlink:from="loc_eba_ZZ20" xlink:to="label_eba_ZZ20" />
    <link:loc xlink:type="locator" xlink:href="hier.xsd#eba_ZZ22" xlink:label="loc_eba_ZZ22" />
    <label:label xlink:type="resource" xlink:label="label_eba_ZZ22" xml:lang="en" xlink:role="http://www.eba.europa.eu/xbrl/role/dpm-db-id">12627</label:label>
    <gen:arc xlink:type="arc" xlink:arcrole="http://xbrl.org/arcrole/2008/element-label" xlink:from="loc_eba_ZZ22" xlink:to="label_eba_ZZ22" />
    <link:loc xlink:type="locator" xlink:href="hier.xsd#eba_ZZ23" xlink:label="loc_eba_ZZ23" />
    <label:label xlink:type="resource" xlink:label="label_eba_ZZ23" xml:lang="en" xlink:role="http://www.eba.europa.eu/xbrl/role/dpm-db-id">12628</label:label>
    <gen:arc xlink:type="arc" xlink:arcrole="http://xbrl.org/arcrole/2008/element-label" xlink:from="loc_eba_ZZ23" xlink:to="label_eba_ZZ23" />
    <link:loc xlink:type="locator" xlink:href="hier.xsd#eba_ZZ24" xlink:label="loc_eba_ZZ24" />
    <label:label xlink:type="resource" xlink:label="label_eba_ZZ24" xml:lang="en" xlink:role="http://www.eba.europa.eu/xbrl/role/dpm-db-id">12629</label:label>
    <gen:arc xlink:type="arc" xlink:arcrole="http://xbrl.org/arcrole/2008/element-label" xlink:from="loc_eba_ZZ24" xlink:to="label_eba_ZZ24" />
    <link:loc xlink:type="locator" xlink:href="hier.xsd#eba_ZZ25" xlink:label="loc_eba_ZZ25" />
    <label:label xlink:type="resource" xlink:label="label_eba_ZZ25" xml:lang="en" xlink:role="http://www.eba.europa.eu/xbrl/role/dpm-db-id">12630</label:label>
    <gen:arc xlink:type="arc" xlink:arcrole="http://xbrl.org/arcrole/2008/element-label" xlink:from="loc_eba_ZZ25" xlink:to="label_eba_ZZ25" />
    <link:loc xlink:type="locator" xlink:href="hier.xsd#eba_ZZ26" xlink:label="loc_eba_ZZ26" />
    <label:label xlink:type="resource" xlink:label="label_eba_ZZ26" xml:lang="en" xlink:role="http://www.eba.europa.eu/xbrl/role/dpm-db-id">12632</label:label>
    <gen:arc xlink:type="arc" xlink:arcrole="http://xbrl.org/arcrole/2008/element-label" xlink:from="loc_eba_ZZ26" xlink:to="label_eba_ZZ26" />
    <link:loc xlink:type="locator" xlink:href="hier.xsd#eba_ZZ27" xlink:label="loc_eba_ZZ27" />
    <label:label xlink:type="resource" xlink:label="label_eba_ZZ27" xml:lang="en" xlink:role="http://www.eba.europa.eu/xbrl/role/dpm-db-id">12633</label:label>
    <gen:arc xlink:type="arc" xlink:arcrole="http://xbrl.org/arcrole/2008/element-label" xlink:from="loc_eba_ZZ27" xlink:to="label_eba_ZZ27" />
    <link:loc xlink:type="locator" xlink:href="hier.xsd#eba_ZZ28" xlink:label="loc_eba_ZZ28" />
    <label:label xlink:type="resource" xlink:label="label_eba_ZZ28" xml:lang="en" xlink:role="http://www.eba.europa.eu/xbrl/role/dpm-db-id">12634</label:label>
    <gen:arc xlink:type="arc" xlink:arcrole="http://xbrl.org/arcrole/2008/element-label" xlink:from="loc_eba_ZZ28" xlink:to="label_eba_ZZ28" />
    <link:loc xlink:type="locator" xlink:href="hier.xsd#eba_ZZ29" xlink:label="loc_eba_ZZ29" />
    <label:label xlink:type="resource" xlink:label="label_eba_ZZ29" xml:lang="en" xlink:role="http://www.eba.europa.eu/xbrl/role/dpm-db-id">12635</label:label>
    <gen:arc xlink:type="arc" xlink:arcrole="http://xbrl.org/arcrole/2008/element-label" xlink:from="loc_eba_ZZ29" xlink:to="label_eba_ZZ29" />
    <link:loc xlink:type="locator" xlink:href="hier.xsd#eba_ZZ30" xlink:label="loc_eba_ZZ30" />
    <label:label xlink:type="resource" xlink:label="label_eba_ZZ30" xml:lang="en" xlink:role="http://www.eba.europa.eu/xbrl/role/dpm-db-id">12636</label:label>
    <gen:arc xlink:type="arc" xlink:arcrole="http://xbrl.org/arcrole/2008/element-label" xlink:from="loc_eba_ZZ30" xlink:to="label_eba_ZZ30" />
    <link:loc xlink:type="locator" xlink:href="hier.xsd#eba_ZZ31" xlink:label="loc_eba_ZZ31" />
    <label:label xlink:type="resource" xlink:label="label_eba_ZZ31" xml:lang="en" xlink:role="http://www.eba.europa.eu/xbrl/role/dpm-db-id">12637</label:label>
    <gen:arc xlink:type="arc" xlink:arcrole="http://xbrl.org/arcrole/2008/element-label" xlink:from="loc_eba_ZZ31" xlink:to="label_eba_ZZ31" />
    <link:loc xlink:type="locator" xlink:href="hier.xsd#eba_ZZ32" xlink:label="loc_eba_ZZ32" />
    <label:label xlink:type="resource" xlink:label="label_eba_ZZ32" xml:lang="en" xlink:role="http://www.eba.europa.eu/xbrl/role/dpm-db-id">12638</label:label>
    <gen:arc xlink:type="arc" xlink:arcrole="http://xbrl.org/arcrole/2008/element-label" xlink:from="loc_eba_ZZ32" xlink:to="label_eba_ZZ32" />
    <link:loc xlink:type="locator" xlink:href="hier.xsd#eba_ZZ33" xlink:label="loc_eba_ZZ33" />
    <label:label xlink:type="resource" xlink:label="label_eba_ZZ33" xml:lang="en" xlink:role="http://www.eba.europa.eu/xbrl/role/dpm-db-id">12639</label:label>
    <gen:arc xlink:type="arc" xlink:arcrole="http://xbrl.org/arcrole/2008/element-label" xlink:from="loc_eba_ZZ33" xlink:to="label_eba_ZZ33" />
    <link:loc xlink:type="locator" xlink:href="hier.xsd#eba_ZZ34" xlink:label="loc_eba_ZZ34" />
    <label:label xlink:type="resource" xlink:label="label_eba_ZZ34" xml:lang="en" xlink:role="http://www.eba.europa.eu/xbrl/role/dpm-db-id">12640</label:label>
    <gen:arc xlink:type="arc" xlink:arcrole="http://xbrl.org/arcrole/2008/element-label" xlink:from="loc_eba_ZZ34" xlink:to="label_eba_ZZ34" />
    <link:loc xlink:type="locator" xlink:href="hier.xsd#eba_ZZ35" xlink:label="loc_eba_ZZ35" />
    <label:label xlink:type="resource" xlink:label="label_eba_ZZ35" xml:lang="en" xlink:role="http://www.eba.europa.eu/xbrl/role/dpm-db-id">12641</label:label>
    <gen:arc xlink:type="arc" xlink:arcrole="http://xbrl.org/arcrole/2008/element-label" xlink:from="loc_eba_ZZ35" xlink:to="label_eba_ZZ35" />
    <link:loc xlink:type="locator" xlink:href="hier.xsd#eba_ZZ36" xlink:label="loc_eba_ZZ36" />
    <label:label xlink:type="resource" xlink:label="label_eba_ZZ36" xml:lang="en" xlink:role="http://www.eba.europa.eu/xbrl/role/dpm-db-id">12644</label:label>
    <gen:arc xlink:type="arc" xlink:arcrole="http://xbrl.org/arcrole/2008/element-label" xlink:from="loc_eba_ZZ36" xlink:to="label_eba_ZZ36" />
    <link:loc xlink:type="locator" xlink:href="hier.xsd#eba_ZZ37" xlink:label="loc_eba_ZZ37" />
    <label:label xlink:type="resource" xlink:label="label_eba_ZZ37" xml:lang="en" xlink:role="http://www.eba.europa.eu/xbrl/role/dpm-db-id">12648</label:label>
    <gen:arc xlink:type="arc" xlink:arcrole="http://xbrl.org/arcrole/2008/element-label" xlink:from="loc_eba_ZZ37" xlink:to="label_eba_ZZ37" />
    <link:loc xlink:type="locator" xlink:href="hier.xsd#eba_ZZ6_1" xlink:label="loc_eba_ZZ6_1." />
    <label:label xlink:type="resource" xlink:label="label_eba_ZZ6_1." xml:lang="en" xlink:role="http://www.eba.europa.eu/xbrl/role/dpm-db-id">12654</label:label>
    <gen:arc xlink:type="arc" xlink:arcrole="http://xbrl.org/arcrole/2008/element-label" xlink:from="loc_eba_ZZ6_1." xlink:to="label_eba_ZZ6_1." />
    <link:loc xlink:type="locator" xlink:href="hier.xsd#eba_ZZ13_1" xlink:label="loc_eba_ZZ13_1." />
    <label:label xlink:type="resource" xlink:label="label_eba_ZZ13_1." xml:lang="en" xlink:role="http://www.eba.europa.eu/xbrl/role/dpm-db-id">12655</label:label>
    <gen:arc xlink:type="arc" xlink:arcrole="http://xbrl.org/arcrole/2008/element-label" xlink:from="loc_eba_ZZ13_1." xlink:to="label_eba_ZZ13_1." />
    <link:loc xlink:type="locator" xlink:href="hier.xsd#eba_ZZ38" xlink:label="loc_eba_ZZ38" />
    <label:label xlink:type="resource" xlink:label="label_eba_ZZ38" xml:lang="en" xlink:role="http://www.eba.europa.eu/xbrl/role/dpm-db-id">12661</label:label>
    <gen:arc xlink:type="arc" xlink:arcrole="http://xbrl.org/arcrole/2008/element-label" xlink:from="loc_eba_ZZ38" xlink:to="label_eba_ZZ38" />
    <link:loc xlink:type="locator" xlink:href="hier.xsd#eba_ZZ39" xlink:label="loc_eba_ZZ39" />
    <label:label xlink:type="resource" xlink:label="label_eba_ZZ39" xml:lang="en" xlink:role="http://www.eba.europa.eu/xbrl/role/dpm-db-id">12662</label:label>
    <gen:arc xlink:type="arc" xlink:arcrole="http://xbrl.org/arcrole/2008/element-label" xlink:from="loc_eba_ZZ39" xlink:to="label_eba_ZZ39" />
    <link:loc xlink:type="locator" xlink:href="hier.xsd#eba_ZZ33_1" xlink:label="loc_eba_ZZ33_1." />
    <label:label xlink:type="resource" xlink:label="label_eba_ZZ33_1." xml:lang="en" xlink:role="http://www.eba.europa.eu/xbrl/role/dpm-db-id">12666</label:label>
    <gen:arc xlink:type="arc" xlink:arcrole="http://xbrl.org/arcrole/2008/element-label" xlink:from="loc_eba_ZZ33_1." xlink:to="label_eba_ZZ33_1." />
    <link:loc xlink:type="locator" xlink:href="hier.xsd#eba_ZZ40" xlink:label="loc_eba_ZZ40" />
    <label:label xlink:type="resource" xlink:label="label_eba_ZZ40" xml:lang="en" xlink:role="http://www.eba.europa.eu/xbrl/role/dpm-db-id">12669</label:label>
    <gen:arc xlink:type="arc" xlink:arcrole="http://xbrl.org/arcrole/2008/element-label" xlink:from="loc_eba_ZZ40" xlink:to="label_eba_ZZ40" />
    <link:loc xlink:type="locator" xlink:href="hier.xsd#eba_ZZ41" xlink:label="loc_eba_ZZ41" />
    <label:label xlink:type="resource" xlink:label="label_eba_ZZ41" xml:lang="en" xlink:role="http://www.eba.europa.eu/xbrl/role/dpm-db-id">12670</label:label>
    <gen:arc xlink:type="arc" xlink:arcrole="http://xbrl.org/arcrole/2008/element-label" xlink:from="loc_eba_ZZ41" xlink:to="label_eba_ZZ41" />
    <link:loc xlink:type="locator" xlink:href="hier.xsd#eba_ZZ42" xlink:label="loc_eba_ZZ42" />
    <label:label xlink:type="resource" xlink:label="label_eba_ZZ42" xml:lang="en" xlink:role="http://www.eba.europa.eu/xbrl/role/dpm-db-id">12677</label:label>
    <gen:arc xlink:type="arc" xlink:arcrole="http://xbrl.org/arcrole/2008/element-label" xlink:from="loc_eba_ZZ42" xlink:to="label_eba_ZZ42" />
    <link:loc xlink:type="locator" xlink:href="hier.xsd#eba_ZZ43" xlink:label="loc_eba_ZZ43" />
    <label:label xlink:type="resource" xlink:label="label_eba_ZZ43" xml:lang="en" xlink:role="http://www.eba.europa.eu/xbrl/role/dpm-db-id">12678</label:label>
    <gen:arc xlink:type="arc" xlink:arcrole="http://xbrl.org/arcrole/2008/element-label" xlink:from="loc_eba_ZZ43" xlink:to="label_eba_ZZ43" />
    <link:loc xlink:type="locator" xlink:href="hier.xsd#eba_ZZ44" xlink:label="loc_eba_ZZ44" />
    <label:label xlink:type="resource" xlink:label="label_eba_ZZ44" xml:lang="en" xlink:role="http://www.eba.europa.eu/xbrl/role/dpm-db-id">12679</label:label>
    <gen:arc xlink:type="arc" xlink:arcrole="http://xbrl.org/arcrole/2008/element-label" xlink:from="loc_eba_ZZ44" xlink:to="label_eba_ZZ44" />
    <link:loc xlink:type="locator" xlink:href="hier.xsd#eba_ZZ45" xlink:label="loc_eba_ZZ45" />
    <label:label xlink:type="resource" xlink:label="label_eba_ZZ45" xml:lang="en" xlink:role="http://www.eba.europa.eu/xbrl/role/dpm-db-id">12680</label:label>
    <gen:arc xlink:type="arc" xlink:arcrole="http://xbrl.org/arcrole/2008/element-label" xlink:from="loc_eba_ZZ45" xlink:to="label_eba_ZZ45" />
    <link:loc xlink:type="locator" xlink:href="hier.xsd#eba_ZZ46" xlink:label="loc_eba_ZZ46" />
    <label:label xlink:type="resource" xlink:label="label_eba_ZZ46" xml:lang="en" xlink:role="http://www.eba.europa.eu/xbrl/role/dpm-db-id">12681</label:label>
    <gen:arc xlink:type="arc" xlink:arcrole="http://xbrl.org/arcrole/2008/element-label" xlink:from="loc_eba_ZZ46" xlink:to="label_eba_ZZ46" />
    <link:loc xlink:type="locator" xlink:href="hier.xsd#eba_ZZ47" xlink:label="loc_eba_ZZ47" />
    <label:label xlink:type="resource" xlink:label="label_eba_ZZ47" xml:lang="en" xlink:role="http://www.eba.europa.eu/xbrl/role/dpm-db-id">12682</label:label>
    <gen:arc xlink:type="arc" xlink:arcrole="http://xbrl.org/arcrole/2008/element-label" xlink:from="loc_eba_ZZ47" xlink:to="label_eba_ZZ47" />
    <link:loc xlink:type="locator" xlink:href="hier.xsd#eba_ZZ23_1" xlink:label="loc_eba_ZZ23_1." />
    <label:label xlink:type="resource" xlink:label="label_eba_ZZ23_1." xml:lang="en" xlink:role="http://www.eba.europa.eu/xbrl/role/dpm-db-id">12689</label:label>
    <gen:arc xlink:type="arc" xlink:arcrole="http://xbrl.org/arcrole/2008/element-label" xlink:from="loc_eba_ZZ23_1." xlink:to="label_eba_ZZ23_1." />
    <link:loc xlink:type="locator" xlink:href="hier.xsd#eba_ZZ49" xlink:label="loc_eba_ZZ49" />
    <label:label xlink:type="resource" xlink:label="label_eba_ZZ49" xml:lang="en" xlink:role="http://www.eba.europa.eu/xbrl/role/dpm-db-id">12691</label:label>
    <gen:arc xlink:type="arc" xlink:arcrole="http://xbrl.org/arcrole/2008/element-label" xlink:from="loc_eba_ZZ49" xlink:to="label_eba_ZZ49" />
    <link:loc xlink:type="locator" xlink:href="hier.xsd#eba_ZZ50" xlink:label="loc_eba_ZZ50" />
    <label:label xlink:type="resource" xlink:label="label_eba_ZZ50" xml:lang="en" xlink:role="http://www.eba.europa.eu/xbrl/role/dpm-db-id">12692</label:label>
    <gen:arc xlink:type="arc" xlink:arcrole="http://xbrl.org/arcrole/2008/element-label" xlink:from="loc_eba_ZZ50" xlink:to="label_eba_ZZ50" />
    <link:loc xlink:type="locator" xlink:href="hier.xsd#eba_ZZ51" xlink:label="loc_eba_ZZ51" />
    <label:label xlink:type="resource" xlink:label="label_eba_ZZ51" xml:lang="en" xlink:role="http://www.eba.europa.eu/xbrl/role/dpm-db-id">12693</label:label>
    <gen:arc xlink:type="arc" xlink:arcrole="http://xbrl.org/arcrole/2008/element-label" xlink:from="loc_eba_ZZ51" xlink:to="label_eba_ZZ51" />
    <link:loc xlink:type="locator" xlink:href="hier.xsd#eba_ZZ52" xlink:label="loc_eba_ZZ52" />
    <label:label xlink:type="resource" xlink:label="label_eba_ZZ52" xml:lang="en" xlink:role="http://www.eba.europa.eu/xbrl/role/dpm-db-id">12694</label:label>
    <gen:arc xlink:type="arc" xlink:arcrole="http://xbrl.org/arcrole/2008/element-label" xlink:from="loc_eba_ZZ52" xlink:to="label_eba_ZZ52" />
    <link:loc xlink:type="locator" xlink:href="hier.xsd#eba_ZZ53" xlink:label="loc_eba_ZZ53" />
    <label:label xlink:type="resource" xlink:label="label_eba_ZZ53" xml:lang="en" xlink:role="http://www.eba.europa.eu/xbrl/role/dpm-db-id">12695</label:label>
    <gen:arc xlink:type="arc" xlink:arcrole="http://xbrl.org/arcrole/2008/element-label" xlink:from="loc_eba_ZZ53" xlink:to="label_eba_ZZ53" />
    <link:loc xlink:type="locator" xlink:href="hier.xsd#eba_ZZ54" xlink:label="loc_eba_ZZ54" />
    <label:label xlink:type="resource" xlink:label="label_eba_ZZ54" xml:lang="en" xlink:role="http://www.eba.europa.eu/xbrl/role/dpm-db-id">12697</label:label>
    <gen:arc xlink:type="arc" xlink:arcrole="http://xbrl.org/arcrole/2008/element-label" xlink:from="loc_eba_ZZ54" xlink:to="label_eba_ZZ54" />
  </gen:link>
</link:linkbase>