﻿<?xml version="1.0" encoding="utf-8"?>
<!--© DNB-->
<link:linkbase xmlns:xsi="http://www.w3.org/2001/XMLSchema-instance" xmlns:xlink="http://www.w3.org/1999/xlink" xmlns:link="http://www.xbrl.org/2003/linkbase" xsi:schemaLocation="http://www.xbrl.org/2003/linkbase http://www.xbrl.org/2003/xbrl-linkbase-2003-12-31.xsd">
  <link:labelLink xlink:type="extended" xlink:role="http://www.xbrl.org/2003/role/link">
    <link:loc xlink:type="locator" xlink:href="exp.xsd#dnb_dom001" xlink:label="loc_dnb_dom001" />
    <link:label xlink:type="resource" xlink:label="label_dnb_dom001" xml:lang="en" xlink:role="http://www.xbrl.org/2003/role/label">Boolean</link:label>
    <link:labelArc xlink:type="arc" xlink:arcrole="http://www.xbrl.org/2003/arcrole/concept-label" xlink:from="loc_dnb_dom001" xlink:to="label_dnb_dom001" />
    <link:label xlink:type="resource" xlink:label="label_dnb_dom001_1" xml:lang="en" xlink:role="http://www.xbrl.org/2003/role/documentation">BOOLEAN</link:label>
    <link:labelArc xlink:type="arc" xlink:arcrole="http://www.xbrl.org/2003/arcrole/concept-label" xlink:from="loc_dnb_dom001" xlink:to="label_dnb_dom001_1" />
    <link:label xlink:type="resource" xlink:label="label_dnb_dom001_2" xml:lang="en" xlink:role="http://www.xbrl.org/2003/role/verboseLabel">Dimensions having only two values (usually denoted true and false).</link:label>
    <link:labelArc xlink:type="arc" xlink:arcrole="http://www.xbrl.org/2003/arcrole/concept-label" xlink:from="loc_dnb_dom001" xlink:to="label_dnb_dom001_2" />
    <link:loc xlink:type="locator" xlink:href="exp.xsd#dnb_dom002" xlink:label="loc_dnb_dom002" />
    <link:label xlink:type="resource" xlink:label="label_dnb_dom002" xml:lang="en" xlink:role="http://www.xbrl.org/2003/role/label">Counterparty</link:label>
    <link:labelArc xlink:type="arc" xlink:arcrole="http://www.xbrl.org/2003/arcrole/concept-label" xlink:from="loc_dnb_dom002" xlink:to="label_dnb_dom002" />
    <link:label xlink:type="resource" xlink:label="label_dnb_dom002_1" xml:lang="en" xlink:role="http://www.xbrl.org/2003/role/documentation">CPTY</link:label>
    <link:labelArc xlink:type="arc" xlink:arcrole="http://www.xbrl.org/2003/arcrole/concept-label" xlink:from="loc_dnb_dom002" xlink:to="label_dnb_dom002_1" />
    <link:label xlink:type="resource" xlink:label="label_dnb_dom002_2" xml:lang="en" xlink:role="http://www.xbrl.org/2003/role/verboseLabel">Party other than the reporting institution in a contract or transaction.</link:label>
    <link:labelArc xlink:type="arc" xlink:arcrole="http://www.xbrl.org/2003/arcrole/concept-label" xlink:from="loc_dnb_dom002" xlink:to="label_dnb_dom002_2" />
    <link:loc xlink:type="locator" xlink:href="exp.xsd#dnb_dom003" xlink:label="loc_dnb_dom003" />
    <link:label xlink:type="resource" xlink:label="label_dnb_dom003" xml:lang="en" xlink:role="http://www.xbrl.org/2003/role/label">Currency</link:label>
    <link:labelArc xlink:type="arc" xlink:arcrole="http://www.xbrl.org/2003/arcrole/concept-label" xlink:from="loc_dnb_dom003" xlink:to="label_dnb_dom003" />
    <link:label xlink:type="resource" xlink:label="label_dnb_dom003_1" xml:lang="en" xlink:role="http://www.xbrl.org/2003/role/documentation">CURRENCY</link:label>
    <link:labelArc xlink:type="arc" xlink:arcrole="http://www.xbrl.org/2003/arcrole/concept-label" xlink:from="loc_dnb_dom003" xlink:to="label_dnb_dom003_1" />
    <link:label xlink:type="resource" xlink:label="label_dnb_dom003_2" xml:lang="en" xlink:role="http://www.xbrl.org/2003/role/verboseLabel">Currency.</link:label>
    <link:labelArc xlink:type="arc" xlink:arcrole="http://www.xbrl.org/2003/arcrole/concept-label" xlink:from="loc_dnb_dom003" xlink:to="label_dnb_dom003_2" />
    <link:loc xlink:type="locator" xlink:href="exp.xsd#dnb_dom004" xlink:label="loc_dnb_dom004" />
    <link:label xlink:type="resource" xlink:label="label_dnb_dom004" xml:lang="en" xlink:role="http://www.xbrl.org/2003/role/label">External ratings</link:label>
    <link:labelArc xlink:type="arc" xlink:arcrole="http://www.xbrl.org/2003/arcrole/concept-label" xlink:from="loc_dnb_dom004" xlink:to="label_dnb_dom004" />
    <link:label xlink:type="resource" xlink:label="label_dnb_dom004_1" xml:lang="en" xlink:role="http://www.xbrl.org/2003/role/documentation">EXT-RAT</link:label>
    <link:labelArc xlink:type="arc" xlink:arcrole="http://www.xbrl.org/2003/arcrole/concept-label" xlink:from="loc_dnb_dom004" xlink:to="label_dnb_dom004_1" />
    <link:label xlink:type="resource" xlink:label="label_dnb_dom004_2" xml:lang="en" xlink:role="http://www.xbrl.org/2003/role/verboseLabel">Concepts related with external credit ratings.</link:label>
    <link:labelArc xlink:type="arc" xlink:arcrole="http://www.xbrl.org/2003/arcrole/concept-label" xlink:from="loc_dnb_dom004" xlink:to="label_dnb_dom004_2" />
    <link:loc xlink:type="locator" xlink:href="exp.xsd#dnb_dom005" xlink:label="loc_dnb_dom005" />
    <link:label xlink:type="resource" xlink:label="label_dnb_dom005" xml:lang="en" xlink:role="http://www.xbrl.org/2003/role/label">Geographical area</link:label>
    <link:labelArc xlink:type="arc" xlink:arcrole="http://www.xbrl.org/2003/arcrole/concept-label" xlink:from="loc_dnb_dom005" xlink:to="label_dnb_dom005" />
    <link:label xlink:type="resource" xlink:label="label_dnb_dom005_1" xml:lang="en" xlink:role="http://www.xbrl.org/2003/role/documentation">GEO-AREA</link:label>
    <link:labelArc xlink:type="arc" xlink:arcrole="http://www.xbrl.org/2003/arcrole/concept-label" xlink:from="loc_dnb_dom005" xlink:to="label_dnb_dom005_1" />
    <link:label xlink:type="resource" xlink:label="label_dnb_dom005_2" xml:lang="en" xlink:role="http://www.xbrl.org/2003/role/verboseLabel">Geographical area.</link:label>
    <link:labelArc xlink:type="arc" xlink:arcrole="http://www.xbrl.org/2003/arcrole/concept-label" xlink:from="loc_dnb_dom005" xlink:to="label_dnb_dom005_2" />
    <link:loc xlink:type="locator" xlink:href="exp.xsd#dnb_dom006" xlink:label="loc_dnb_dom006" />
    <link:label xlink:type="resource" xlink:label="label_dnb_dom006" xml:lang="en" xlink:role="http://www.xbrl.org/2003/role/label">Instruments</link:label>
    <link:labelArc xlink:type="arc" xlink:arcrole="http://www.xbrl.org/2003/arcrole/concept-label" xlink:from="loc_dnb_dom006" xlink:to="label_dnb_dom006" />
    <link:label xlink:type="resource" xlink:label="label_dnb_dom006_1" xml:lang="en" xlink:role="http://www.xbrl.org/2003/role/documentation">INSTR</link:label>
    <link:labelArc xlink:type="arc" xlink:arcrole="http://www.xbrl.org/2003/arcrole/concept-label" xlink:from="loc_dnb_dom006" xlink:to="label_dnb_dom006_1" />
    <link:label xlink:type="resource" xlink:label="label_dnb_dom006_2" xml:lang="en" xlink:role="http://www.xbrl.org/2003/role/verboseLabel">Instrument types of derivative contracts.</link:label>
    <link:labelArc xlink:type="arc" xlink:arcrole="http://www.xbrl.org/2003/arcrole/concept-label" xlink:from="loc_dnb_dom006" xlink:to="label_dnb_dom006_2" />
    <link:loc xlink:type="locator" xlink:href="exp.xsd#dnb_dom007" xlink:label="loc_dnb_dom007" />
    <link:label xlink:type="resource" xlink:label="label_dnb_dom007" xml:lang="en" xlink:role="http://www.xbrl.org/2003/role/label">Market</link:label>
    <link:labelArc xlink:type="arc" xlink:arcrole="http://www.xbrl.org/2003/arcrole/concept-label" xlink:from="loc_dnb_dom007" xlink:to="label_dnb_dom007" />
    <link:label xlink:type="resource" xlink:label="label_dnb_dom007_1" xml:lang="en" xlink:role="http://www.xbrl.org/2003/role/documentation">MARKET</link:label>
    <link:labelArc xlink:type="arc" xlink:arcrole="http://www.xbrl.org/2003/arcrole/concept-label" xlink:from="loc_dnb_dom007" xlink:to="label_dnb_dom007_1" />
    <link:label xlink:type="resource" xlink:label="label_dnb_dom007_2" xml:lang="en" xlink:role="http://www.xbrl.org/2003/role/verboseLabel">The market on which a derivative is traded. A derivative can be traded over-the-counter (OTC) or on an exchange market.</link:label>
    <link:labelArc xlink:type="arc" xlink:arcrole="http://www.xbrl.org/2003/arcrole/concept-label" xlink:from="loc_dnb_dom007" xlink:to="label_dnb_dom007_2" />
    <link:loc xlink:type="locator" xlink:href="exp.xsd#dnb_dom008" xlink:label="loc_dnb_dom008" />
    <link:label xlink:type="resource" xlink:label="label_dnb_dom008" xml:lang="en" xlink:role="http://www.xbrl.org/2003/role/label">Sector</link:label>
    <link:labelArc xlink:type="arc" xlink:arcrole="http://www.xbrl.org/2003/arcrole/concept-label" xlink:from="loc_dnb_dom008" xlink:to="label_dnb_dom008" />
    <link:label xlink:type="resource" xlink:label="label_dnb_dom008_1" xml:lang="en" xlink:role="http://www.xbrl.org/2003/role/documentation">SECTOR</link:label>
    <link:labelArc xlink:type="arc" xlink:arcrole="http://www.xbrl.org/2003/arcrole/concept-label" xlink:from="loc_dnb_dom008" xlink:to="label_dnb_dom008_1" />
    <link:label xlink:type="resource" xlink:label="label_dnb_dom008_2" xml:lang="en" xlink:role="http://www.xbrl.org/2003/role/verboseLabel">Economic sector.</link:label>
    <link:labelArc xlink:type="arc" xlink:arcrole="http://www.xbrl.org/2003/arcrole/concept-label" xlink:from="loc_dnb_dom008" xlink:to="label_dnb_dom008_2" />
    <link:loc xlink:type="locator" xlink:href="exp.xsd#dnb_dom009" xlink:label="loc_dnb_dom009" />
    <link:label xlink:type="resource" xlink:label="label_dnb_dom009" xml:lang="en" xlink:role="http://www.xbrl.org/2003/role/label">Time interval</link:label>
    <link:labelArc xlink:type="arc" xlink:arcrole="http://www.xbrl.org/2003/arcrole/concept-label" xlink:from="loc_dnb_dom009" xlink:to="label_dnb_dom009" />
    <link:label xlink:type="resource" xlink:label="label_dnb_dom009_1" xml:lang="en" xlink:role="http://www.xbrl.org/2003/role/documentation">TIME-INT</link:label>
    <link:labelArc xlink:type="arc" xlink:arcrole="http://www.xbrl.org/2003/arcrole/concept-label" xlink:from="loc_dnb_dom009" xlink:to="label_dnb_dom009_1" />
    <link:label xlink:type="resource" xlink:label="label_dnb_dom009_2" xml:lang="en" xlink:role="http://www.xbrl.org/2003/role/verboseLabel">Time bands.</link:label>
    <link:labelArc xlink:type="arc" xlink:arcrole="http://www.xbrl.org/2003/arcrole/concept-label" xlink:from="loc_dnb_dom009" xlink:to="label_dnb_dom009_2" />
    <link:loc xlink:type="locator" xlink:href="exp.xsd#dnb_dom010" xlink:label="loc_dnb_dom010" />
    <link:label xlink:type="resource" xlink:label="label_dnb_dom010" xml:lang="en" xlink:role="http://www.xbrl.org/2003/role/label">Type of risk</link:label>
    <link:labelArc xlink:type="arc" xlink:arcrole="http://www.xbrl.org/2003/arcrole/concept-label" xlink:from="loc_dnb_dom010" xlink:to="label_dnb_dom010" />
    <link:label xlink:type="resource" xlink:label="label_dnb_dom010_1" xml:lang="en" xlink:role="http://www.xbrl.org/2003/role/documentation">TYP-RISK</link:label>
    <link:labelArc xlink:type="arc" xlink:arcrole="http://www.xbrl.org/2003/arcrole/concept-label" xlink:from="loc_dnb_dom010" xlink:to="label_dnb_dom010_1" />
    <link:label xlink:type="resource" xlink:label="label_dnb_dom010_2" xml:lang="en" xlink:role="http://www.xbrl.org/2003/role/verboseLabel">Indicates the type of risk arising from exposures or transactions (e.g. credit risk).</link:label>
    <link:labelArc xlink:type="arc" xlink:arcrole="http://www.xbrl.org/2003/arcrole/concept-label" xlink:from="loc_dnb_dom010" xlink:to="label_dnb_dom010_2" />
    <link:loc xlink:type="locator" xlink:href="exp.xsd#dnb_dom011" xlink:label="loc_dnb_dom011" />
    <link:label xlink:type="resource" xlink:label="label_dnb_dom011" xml:lang="en" xlink:role="http://www.xbrl.org/2003/role/label">Type of valuation</link:label>
    <link:labelArc xlink:type="arc" xlink:arcrole="http://www.xbrl.org/2003/arcrole/concept-label" xlink:from="loc_dnb_dom011" xlink:to="label_dnb_dom011" />
    <link:label xlink:type="resource" xlink:label="label_dnb_dom011_1" xml:lang="en" xlink:role="http://www.xbrl.org/2003/role/documentation">TYP-VALTN</link:label>
    <link:labelArc xlink:type="arc" xlink:arcrole="http://www.xbrl.org/2003/arcrole/concept-label" xlink:from="loc_dnb_dom011" xlink:to="label_dnb_dom011_1" />
    <link:label xlink:type="resource" xlink:label="label_dnb_dom011_2" xml:lang="en" xlink:role="http://www.xbrl.org/2003/role/verboseLabel">Indicates which valuation is used for valuating the specific items.</link:label>
    <link:labelArc xlink:type="arc" xlink:arcrole="http://www.xbrl.org/2003/arcrole/concept-label" xlink:from="loc_dnb_dom011" xlink:to="label_dnb_dom011_2" />
    <link:loc xlink:type="locator" xlink:href="exp.xsd#dnb_dom012" xlink:label="loc_dnb_dom012" />
    <link:label xlink:type="resource" xlink:label="label_dnb_dom012" xml:lang="en" xlink:role="http://www.xbrl.org/2003/role/label">Type of business</link:label>
    <link:labelArc xlink:type="arc" xlink:arcrole="http://www.xbrl.org/2003/arcrole/concept-label" xlink:from="loc_dnb_dom012" xlink:to="label_dnb_dom012" />
    <link:label xlink:type="resource" xlink:label="label_dnb_dom012_1" xml:lang="en" xlink:role="http://www.xbrl.org/2003/role/documentation">TYP-BSNSS</link:label>
    <link:labelArc xlink:type="arc" xlink:arcrole="http://www.xbrl.org/2003/arcrole/concept-label" xlink:from="loc_dnb_dom012" xlink:to="label_dnb_dom012_1" />
    <link:label xlink:type="resource" xlink:label="label_dnb_dom012_2" xml:lang="en" xlink:role="http://www.xbrl.org/2003/role/verboseLabel">Type of business.</link:label>
    <link:labelArc xlink:type="arc" xlink:arcrole="http://www.xbrl.org/2003/arcrole/concept-label" xlink:from="loc_dnb_dom012" xlink:to="label_dnb_dom012_2" />
    <link:loc xlink:type="locator" xlink:href="exp.xsd#dnb_dom013" xlink:label="loc_dnb_dom013" />
    <link:label xlink:type="resource" xlink:label="label_dnb_dom013" xml:lang="en" xlink:role="http://www.xbrl.org/2003/role/label">Time reference</link:label>
    <link:labelArc xlink:type="arc" xlink:arcrole="http://www.xbrl.org/2003/arcrole/concept-label" xlink:from="loc_dnb_dom013" xlink:to="label_dnb_dom013" />
    <link:label xlink:type="resource" xlink:label="label_dnb_dom013_1" xml:lang="en" xlink:role="http://www.xbrl.org/2003/role/documentation">TIME-REF</link:label>
    <link:labelArc xlink:type="arc" xlink:arcrole="http://www.xbrl.org/2003/arcrole/concept-label" xlink:from="loc_dnb_dom013" xlink:to="label_dnb_dom013_1" />
    <link:label xlink:type="resource" xlink:label="label_dnb_dom013_2" xml:lang="en" xlink:role="http://www.xbrl.org/2003/role/verboseLabel">Time bands.</link:label>
    <link:labelArc xlink:type="arc" xlink:arcrole="http://www.xbrl.org/2003/arcrole/concept-label" xlink:from="loc_dnb_dom013" xlink:to="label_dnb_dom013_2" />
    <link:loc xlink:type="locator" xlink:href="exp.xsd#dnb_dom014" xlink:label="loc_dnb_dom014" />
    <link:label xlink:type="resource" xlink:label="label_dnb_dom014" xml:lang="en" xlink:role="http://www.xbrl.org/2003/role/label">Main categories</link:label>
    <link:labelArc xlink:type="arc" xlink:arcrole="http://www.xbrl.org/2003/arcrole/concept-label" xlink:from="loc_dnb_dom014" xlink:to="label_dnb_dom014" />
    <link:label xlink:type="resource" xlink:label="label_dnb_dom014_1" xml:lang="en" xlink:role="http://www.xbrl.org/2003/role/documentation">MAIN-CAT</link:label>
    <link:labelArc xlink:type="arc" xlink:arcrole="http://www.xbrl.org/2003/arcrole/concept-label" xlink:from="loc_dnb_dom014" xlink:to="label_dnb_dom014_1" />
    <link:label xlink:type="resource" xlink:label="label_dnb_dom014_2" xml:lang="en" xlink:role="http://www.xbrl.org/2003/role/verboseLabel">Main categories.</link:label>
    <link:labelArc xlink:type="arc" xlink:arcrole="http://www.xbrl.org/2003/arcrole/concept-label" xlink:from="loc_dnb_dom014" xlink:to="label_dnb_dom014_2" />
    <link:loc xlink:type="locator" xlink:href="exp.xsd#dnb_dom015" xlink:label="loc_dnb_dom015" />
    <link:label xlink:type="resource" xlink:label="label_dnb_dom015" xml:lang="en" xlink:role="http://www.xbrl.org/2003/role/label">Type of premium</link:label>
    <link:labelArc xlink:type="arc" xlink:arcrole="http://www.xbrl.org/2003/arcrole/concept-label" xlink:from="loc_dnb_dom015" xlink:to="label_dnb_dom015" />
    <link:label xlink:type="resource" xlink:label="label_dnb_dom015_1" xml:lang="en" xlink:role="http://www.xbrl.org/2003/role/documentation">TYP-PREM</link:label>
    <link:labelArc xlink:type="arc" xlink:arcrole="http://www.xbrl.org/2003/arcrole/concept-label" xlink:from="loc_dnb_dom015" xlink:to="label_dnb_dom015_1" />
    <link:label xlink:type="resource" xlink:label="label_dnb_dom015_2" xml:lang="en" xlink:role="http://www.xbrl.org/2003/role/verboseLabel">Type of premium.</link:label>
    <link:labelArc xlink:type="arc" xlink:arcrole="http://www.xbrl.org/2003/arcrole/concept-label" xlink:from="loc_dnb_dom015" xlink:to="label_dnb_dom015_2" />
    <link:loc xlink:type="locator" xlink:href="exp.xsd#dnb_dom016" xlink:label="loc_dnb_dom016" />
    <link:label xlink:type="resource" xlink:label="label_dnb_dom016" xml:lang="en" xlink:role="http://www.xbrl.org/2003/role/label">Type of insured</link:label>
    <link:labelArc xlink:type="arc" xlink:arcrole="http://www.xbrl.org/2003/arcrole/concept-label" xlink:from="loc_dnb_dom016" xlink:to="label_dnb_dom016" />
    <link:label xlink:type="resource" xlink:label="label_dnb_dom016_1" xml:lang="en" xlink:role="http://www.xbrl.org/2003/role/documentation">TYP-INSRD</link:label>
    <link:labelArc xlink:type="arc" xlink:arcrole="http://www.xbrl.org/2003/arcrole/concept-label" xlink:from="loc_dnb_dom016" xlink:to="label_dnb_dom016_1" />
    <link:label xlink:type="resource" xlink:label="label_dnb_dom016_2" xml:lang="en" xlink:role="http://www.xbrl.org/2003/role/verboseLabel">Type of insured.</link:label>
    <link:labelArc xlink:type="arc" xlink:arcrole="http://www.xbrl.org/2003/arcrole/concept-label" xlink:from="loc_dnb_dom016" xlink:to="label_dnb_dom016_2" />
    <link:loc xlink:type="locator" xlink:href="exp.xsd#dnb_dom017" xlink:label="loc_dnb_dom017" />
    <link:label xlink:type="resource" xlink:label="label_dnb_dom017" xml:lang="en" xlink:role="http://www.xbrl.org/2003/role/label">Type of account</link:label>
    <link:labelArc xlink:type="arc" xlink:arcrole="http://www.xbrl.org/2003/arcrole/concept-label" xlink:from="loc_dnb_dom017" xlink:to="label_dnb_dom017" />
    <link:label xlink:type="resource" xlink:label="label_dnb_dom017_1" xml:lang="en" xlink:role="http://www.xbrl.org/2003/role/documentation">TYP-ACC</link:label>
    <link:labelArc xlink:type="arc" xlink:arcrole="http://www.xbrl.org/2003/arcrole/concept-label" xlink:from="loc_dnb_dom017" xlink:to="label_dnb_dom017_1" />
    <link:label xlink:type="resource" xlink:label="label_dnb_dom017_2" xml:lang="en" xlink:role="http://www.xbrl.org/2003/role/verboseLabel">Specifies the subdivision of the financial statements.</link:label>
    <link:labelArc xlink:type="arc" xlink:arcrole="http://www.xbrl.org/2003/arcrole/concept-label" xlink:from="loc_dnb_dom017" xlink:to="label_dnb_dom017_2" />
    <link:loc xlink:type="locator" xlink:href="exp.xsd#dnb_dom018" xlink:label="loc_dnb_dom018" />
    <link:label xlink:type="resource" xlink:label="label_dnb_dom018" xml:lang="en" xlink:role="http://www.xbrl.org/2003/role/label">Category</link:label>
    <link:labelArc xlink:type="arc" xlink:arcrole="http://www.xbrl.org/2003/arcrole/concept-label" xlink:from="loc_dnb_dom018" xlink:to="label_dnb_dom018" />
    <link:label xlink:type="resource" xlink:label="label_dnb_dom018_1" xml:lang="en" xlink:role="http://www.xbrl.org/2003/role/documentation">CATEGORY</link:label>
    <link:labelArc xlink:type="arc" xlink:arcrole="http://www.xbrl.org/2003/arcrole/concept-label" xlink:from="loc_dnb_dom018" xlink:to="label_dnb_dom018_1" />
    <link:label xlink:type="resource" xlink:label="label_dnb_dom018_2" xml:lang="en" xlink:role="http://www.xbrl.org/2003/role/verboseLabel">Category.</link:label>
    <link:labelArc xlink:type="arc" xlink:arcrole="http://www.xbrl.org/2003/arcrole/concept-label" xlink:from="loc_dnb_dom018" xlink:to="label_dnb_dom018_2" />
    <link:loc xlink:type="locator" xlink:href="exp.xsd#dnb_dom019" xlink:label="loc_dnb_dom019" />
    <link:label xlink:type="resource" xlink:label="label_dnb_dom019" xml:lang="en" xlink:role="http://www.xbrl.org/2003/role/label">Type of capital</link:label>
    <link:labelArc xlink:type="arc" xlink:arcrole="http://www.xbrl.org/2003/arcrole/concept-label" xlink:from="loc_dnb_dom019" xlink:to="label_dnb_dom019" />
    <link:label xlink:type="resource" xlink:label="label_dnb_dom019_1" xml:lang="en" xlink:role="http://www.xbrl.org/2003/role/documentation">TYP-CAPTL</link:label>
    <link:labelArc xlink:type="arc" xlink:arcrole="http://www.xbrl.org/2003/arcrole/concept-label" xlink:from="loc_dnb_dom019" xlink:to="label_dnb_dom019_1" />
    <link:label xlink:type="resource" xlink:label="label_dnb_dom019_2" xml:lang="en" xlink:role="http://www.xbrl.org/2003/role/verboseLabel">Specifies the type of capital.</link:label>
    <link:labelArc xlink:type="arc" xlink:arcrole="http://www.xbrl.org/2003/arcrole/concept-label" xlink:from="loc_dnb_dom019" xlink:to="label_dnb_dom019_2" />
    <link:loc xlink:type="locator" xlink:href="exp.xsd#dnb_dom020" xlink:label="loc_dnb_dom020" />
    <link:label xlink:type="resource" xlink:label="label_dnb_dom020" xml:lang="en" xlink:role="http://www.xbrl.org/2003/role/label">Type of exposure</link:label>
    <link:labelArc xlink:type="arc" xlink:arcrole="http://www.xbrl.org/2003/arcrole/concept-label" xlink:from="loc_dnb_dom020" xlink:to="label_dnb_dom020" />
    <link:label xlink:type="resource" xlink:label="label_dnb_dom020_1" xml:lang="en" xlink:role="http://www.xbrl.org/2003/role/documentation">TYP-EXPSR</link:label>
    <link:labelArc xlink:type="arc" xlink:arcrole="http://www.xbrl.org/2003/arcrole/concept-label" xlink:from="loc_dnb_dom020" xlink:to="label_dnb_dom020_1" />
    <link:label xlink:type="resource" xlink:label="label_dnb_dom020_2" xml:lang="en" xlink:role="http://www.xbrl.org/2003/role/verboseLabel">Specifies the type of exposure.</link:label>
    <link:labelArc xlink:type="arc" xlink:arcrole="http://www.xbrl.org/2003/arcrole/concept-label" xlink:from="loc_dnb_dom020" xlink:to="label_dnb_dom020_2" />
    <link:loc xlink:type="locator" xlink:href="exp.xsd#dnb_dom021" xlink:label="loc_dnb_dom021" />
    <link:label xlink:type="resource" xlink:label="label_dnb_dom021" xml:lang="en" xlink:role="http://www.xbrl.org/2003/role/label">Type of model</link:label>
    <link:labelArc xlink:type="arc" xlink:arcrole="http://www.xbrl.org/2003/arcrole/concept-label" xlink:from="loc_dnb_dom021" xlink:to="label_dnb_dom021" />
    <link:label xlink:type="resource" xlink:label="label_dnb_dom021_1" xml:lang="en" xlink:role="http://www.xbrl.org/2003/role/documentation">TYP-MODEL</link:label>
    <link:labelArc xlink:type="arc" xlink:arcrole="http://www.xbrl.org/2003/arcrole/concept-label" xlink:from="loc_dnb_dom021" xlink:to="label_dnb_dom021_1" />
    <link:label xlink:type="resource" xlink:label="label_dnb_dom021_2" xml:lang="en" xlink:role="http://www.xbrl.org/2003/role/verboseLabel">Indicates which model is used to calculate the exposure.</link:label>
    <link:labelArc xlink:type="arc" xlink:arcrole="http://www.xbrl.org/2003/arcrole/concept-label" xlink:from="loc_dnb_dom021" xlink:to="label_dnb_dom021_2" />
    <link:loc xlink:type="locator" xlink:href="exp.xsd#dnb_dom022" xlink:label="loc_dnb_dom022" />
    <link:label xlink:type="resource" xlink:label="label_dnb_dom022" xml:lang="en" xlink:role="http://www.xbrl.org/2003/role/label">Type of insurance</link:label>
    <link:labelArc xlink:type="arc" xlink:arcrole="http://www.xbrl.org/2003/arcrole/concept-label" xlink:from="loc_dnb_dom022" xlink:to="label_dnb_dom022" />
    <link:label xlink:type="resource" xlink:label="label_dnb_dom022_1" xml:lang="en" xlink:role="http://www.xbrl.org/2003/role/documentation">TYP-INSRNC</link:label>
    <link:labelArc xlink:type="arc" xlink:arcrole="http://www.xbrl.org/2003/arcrole/concept-label" xlink:from="loc_dnb_dom022" xlink:to="label_dnb_dom022_1" />
    <link:label xlink:type="resource" xlink:label="label_dnb_dom022_2" xml:lang="en" xlink:role="http://www.xbrl.org/2003/role/verboseLabel">Indicates which kind of insurance is covered.</link:label>
    <link:labelArc xlink:type="arc" xlink:arcrole="http://www.xbrl.org/2003/arcrole/concept-label" xlink:from="loc_dnb_dom022" xlink:to="label_dnb_dom022_2" />
    <link:loc xlink:type="locator" xlink:href="exp.xsd#dnb_dom023" xlink:label="loc_dnb_dom023" />
    <link:label xlink:type="resource" xlink:label="label_dnb_dom023" xml:lang="en" xlink:role="http://www.xbrl.org/2003/role/label">Type of value</link:label>
    <link:labelArc xlink:type="arc" xlink:arcrole="http://www.xbrl.org/2003/arcrole/concept-label" xlink:from="loc_dnb_dom023" xlink:to="label_dnb_dom023" />
    <link:label xlink:type="resource" xlink:label="label_dnb_dom023_1" xml:lang="en" xlink:role="http://www.xbrl.org/2003/role/documentation">TYP-VAL</link:label>
    <link:labelArc xlink:type="arc" xlink:arcrole="http://www.xbrl.org/2003/arcrole/concept-label" xlink:from="loc_dnb_dom023" xlink:to="label_dnb_dom023_1" />
    <link:label xlink:type="resource" xlink:label="label_dnb_dom023_2" xml:lang="en" xlink:role="http://www.xbrl.org/2003/role/verboseLabel">Specifies the type of value.</link:label>
    <link:labelArc xlink:type="arc" xlink:arcrole="http://www.xbrl.org/2003/arcrole/concept-label" xlink:from="loc_dnb_dom023" xlink:to="label_dnb_dom023_2" />
    <link:loc xlink:type="locator" xlink:href="exp.xsd#dnb_dom024" xlink:label="loc_dnb_dom024" />
    <link:label xlink:type="resource" xlink:label="label_dnb_dom024" xml:lang="en" xlink:role="http://www.xbrl.org/2003/role/label">Type of benefit</link:label>
    <link:labelArc xlink:type="arc" xlink:arcrole="http://www.xbrl.org/2003/arcrole/concept-label" xlink:from="loc_dnb_dom024" xlink:to="label_dnb_dom024" />
    <link:label xlink:type="resource" xlink:label="label_dnb_dom024_1" xml:lang="en" xlink:role="http://www.xbrl.org/2003/role/documentation">TYP-BENFT</link:label>
    <link:labelArc xlink:type="arc" xlink:arcrole="http://www.xbrl.org/2003/arcrole/concept-label" xlink:from="loc_dnb_dom024" xlink:to="label_dnb_dom024_1" />
    <link:label xlink:type="resource" xlink:label="label_dnb_dom024_2" xml:lang="en" xlink:role="http://www.xbrl.org/2003/role/verboseLabel">Specifies the type of benefit.</link:label>
    <link:labelArc xlink:type="arc" xlink:arcrole="http://www.xbrl.org/2003/arcrole/concept-label" xlink:from="loc_dnb_dom024" xlink:to="label_dnb_dom024_2" />
    <link:loc xlink:type="locator" xlink:href="exp.xsd#dnb_dom025" xlink:label="loc_dnb_dom025" />
    <link:label xlink:type="resource" xlink:label="label_dnb_dom025" xml:lang="en" xlink:role="http://www.xbrl.org/2003/role/label">Collateral and/or guarantees</link:label>
    <link:labelArc xlink:type="arc" xlink:arcrole="http://www.xbrl.org/2003/arcrole/concept-label" xlink:from="loc_dnb_dom025" xlink:to="label_dnb_dom025" />
    <link:label xlink:type="resource" xlink:label="label_dnb_dom025_1" xml:lang="en" xlink:role="http://www.xbrl.org/2003/role/documentation">COLL-GUARNTS</link:label>
    <link:labelArc xlink:type="arc" xlink:arcrole="http://www.xbrl.org/2003/arcrole/concept-label" xlink:from="loc_dnb_dom025" xlink:to="label_dnb_dom025_1" />
    <link:label xlink:type="resource" xlink:label="label_dnb_dom025_2" xml:lang="en" xlink:role="http://www.xbrl.org/2003/role/verboseLabel">Specifies the Collateral and/or guarantees</link:label>
    <link:labelArc xlink:type="arc" xlink:arcrole="http://www.xbrl.org/2003/arcrole/concept-label" xlink:from="loc_dnb_dom025" xlink:to="label_dnb_dom025_2" />
    <link:loc xlink:type="locator" xlink:href="exp.xsd#dnb_dom026" xlink:label="loc_dnb_dom026" />
    <link:label xlink:type="resource" xlink:label="label_dnb_dom026" xml:lang="en" xlink:role="http://www.xbrl.org/2003/role/label">Interest rate methodology</link:label>
    <link:labelArc xlink:type="arc" xlink:arcrole="http://www.xbrl.org/2003/arcrole/concept-label" xlink:from="loc_dnb_dom026" xlink:to="label_dnb_dom026" />
    <link:label xlink:type="resource" xlink:label="label_dnb_dom026_1" xml:lang="en" xlink:role="http://www.xbrl.org/2003/role/documentation">INT-RATE-METH</link:label>
    <link:labelArc xlink:type="arc" xlink:arcrole="http://www.xbrl.org/2003/arcrole/concept-label" xlink:from="loc_dnb_dom026" xlink:to="label_dnb_dom026_1" />
    <link:label xlink:type="resource" xlink:label="label_dnb_dom026_2" xml:lang="en" xlink:role="http://www.xbrl.org/2003/role/verboseLabel">Specifies the interest rate methodology used</link:label>
    <link:labelArc xlink:type="arc" xlink:arcrole="http://www.xbrl.org/2003/arcrole/concept-label" xlink:from="loc_dnb_dom026" xlink:to="label_dnb_dom026_2" />
    <link:loc xlink:type="locator" xlink:href="exp.xsd#dnb_dom027" xlink:label="loc_dnb_dom027" />
    <link:label xlink:type="resource" xlink:label="label_dnb_dom027" xml:lang="en" xlink:role="http://www.xbrl.org/2003/role/label">Balance side</link:label>
    <link:labelArc xlink:type="arc" xlink:arcrole="http://www.xbrl.org/2003/arcrole/concept-label" xlink:from="loc_dnb_dom027" xlink:to="label_dnb_dom027" />
    <link:label xlink:type="resource" xlink:label="label_dnb_dom027_1" xml:lang="en" xlink:role="http://www.xbrl.org/2003/role/documentation">BLNCE-SIDE</link:label>
    <link:labelArc xlink:type="arc" xlink:arcrole="http://www.xbrl.org/2003/arcrole/concept-label" xlink:from="loc_dnb_dom027" xlink:to="label_dnb_dom027_1" />
    <link:label xlink:type="resource" xlink:label="label_dnb_dom027_2" xml:lang="en" xlink:role="http://www.xbrl.org/2003/role/verboseLabel">Specifies the balance side</link:label>
    <link:labelArc xlink:type="arc" xlink:arcrole="http://www.xbrl.org/2003/arcrole/concept-label" xlink:from="loc_dnb_dom027" xlink:to="label_dnb_dom027_2" />
    <link:loc xlink:type="locator" xlink:href="exp.xsd#dnb_dom028" xlink:label="loc_dnb_dom028" />
    <link:label xlink:type="resource" xlink:label="label_dnb_dom028" xml:lang="en" xlink:role="http://www.xbrl.org/2003/role/label">Balance item</link:label>
    <link:labelArc xlink:type="arc" xlink:arcrole="http://www.xbrl.org/2003/arcrole/concept-label" xlink:from="loc_dnb_dom028" xlink:to="label_dnb_dom028" />
    <link:label xlink:type="resource" xlink:label="label_dnb_dom028_1" xml:lang="en" xlink:role="http://www.xbrl.org/2003/role/documentation">BLNCE-ITEM</link:label>
    <link:labelArc xlink:type="arc" xlink:arcrole="http://www.xbrl.org/2003/arcrole/concept-label" xlink:from="loc_dnb_dom028" xlink:to="label_dnb_dom028_1" />
    <link:label xlink:type="resource" xlink:label="label_dnb_dom028_2" xml:lang="en" xlink:role="http://www.xbrl.org/2003/role/verboseLabel">Specifies the balance item</link:label>
    <link:labelArc xlink:type="arc" xlink:arcrole="http://www.xbrl.org/2003/arcrole/concept-label" xlink:from="loc_dnb_dom028" xlink:to="label_dnb_dom028_2" />
    <link:loc xlink:type="locator" xlink:href="exp.xsd#dnb_dom029" xlink:label="loc_dnb_dom029" />
    <link:label xlink:type="resource" xlink:label="label_dnb_dom029" xml:lang="en" xlink:role="http://www.xbrl.org/2003/role/label">Type of securitisation</link:label>
    <link:labelArc xlink:type="arc" xlink:arcrole="http://www.xbrl.org/2003/arcrole/concept-label" xlink:from="loc_dnb_dom029" xlink:to="label_dnb_dom029" />
    <link:label xlink:type="resource" xlink:label="label_dnb_dom029_1" xml:lang="en" xlink:role="http://www.xbrl.org/2003/role/documentation">TYP-SECUR</link:label>
    <link:labelArc xlink:type="arc" xlink:arcrole="http://www.xbrl.org/2003/arcrole/concept-label" xlink:from="loc_dnb_dom029" xlink:to="label_dnb_dom029_1" />
    <link:label xlink:type="resource" xlink:label="label_dnb_dom029_2" xml:lang="en" xlink:role="http://www.xbrl.org/2003/role/verboseLabel">Specifies the type of securisation</link:label>
    <link:labelArc xlink:type="arc" xlink:arcrole="http://www.xbrl.org/2003/arcrole/concept-label" xlink:from="loc_dnb_dom029" xlink:to="label_dnb_dom029_2" />
    <link:loc xlink:type="locator" xlink:href="exp.xsd#dnb_dom030" xlink:label="loc_dnb_dom030" />
    <link:label xlink:type="resource" xlink:label="label_dnb_dom030" xml:lang="en" xlink:role="http://www.xbrl.org/2003/role/label">Country</link:label>
    <link:labelArc xlink:type="arc" xlink:arcrole="http://www.xbrl.org/2003/arcrole/concept-label" xlink:from="loc_dnb_dom030" xlink:to="label_dnb_dom030" />
    <link:label xlink:type="resource" xlink:label="label_dnb_dom030_1" xml:lang="en" xlink:role="http://www.xbrl.org/2003/role/documentation">CNTR</link:label>
    <link:labelArc xlink:type="arc" xlink:arcrole="http://www.xbrl.org/2003/arcrole/concept-label" xlink:from="loc_dnb_dom030" xlink:to="label_dnb_dom030_1" />
    <link:label xlink:type="resource" xlink:label="label_dnb_dom030_2" xml:lang="en" xlink:role="http://www.xbrl.org/2003/role/verboseLabel">Specifies the country</link:label>
    <link:labelArc xlink:type="arc" xlink:arcrole="http://www.xbrl.org/2003/arcrole/concept-label" xlink:from="loc_dnb_dom030" xlink:to="label_dnb_dom030_2" />
    <link:loc xlink:type="locator" xlink:href="exp.xsd#dnb_dom031" xlink:label="loc_dnb_dom031" />
    <link:label xlink:type="resource" xlink:label="label_dnb_dom031" xml:lang="en" xlink:role="http://www.xbrl.org/2003/role/label">Measure</link:label>
    <link:labelArc xlink:type="arc" xlink:arcrole="http://www.xbrl.org/2003/arcrole/concept-label" xlink:from="loc_dnb_dom031" xlink:to="label_dnb_dom031" />
    <link:label xlink:type="resource" xlink:label="label_dnb_dom031_1" xml:lang="en" xlink:role="http://www.xbrl.org/2003/role/documentation">MEASURE</link:label>
    <link:labelArc xlink:type="arc" xlink:arcrole="http://www.xbrl.org/2003/arcrole/concept-label" xlink:from="loc_dnb_dom031" xlink:to="label_dnb_dom031_1" />
    <link:label xlink:type="resource" xlink:label="label_dnb_dom031_2" xml:lang="en" xlink:role="http://www.xbrl.org/2003/role/verboseLabel">Specifies the measure</link:label>
    <link:labelArc xlink:type="arc" xlink:arcrole="http://www.xbrl.org/2003/arcrole/concept-label" xlink:from="loc_dnb_dom031" xlink:to="label_dnb_dom031_2" />
    <link:loc xlink:type="locator" xlink:href="exp.xsd#dnb_dom032" xlink:label="loc_dnb_dom032" />
    <link:label xlink:type="resource" xlink:label="label_dnb_dom032" xml:lang="en" xlink:role="http://www.xbrl.org/2003/role/label">Type of measure</link:label>
    <link:labelArc xlink:type="arc" xlink:arcrole="http://www.xbrl.org/2003/arcrole/concept-label" xlink:from="loc_dnb_dom032" xlink:to="label_dnb_dom032" />
    <link:label xlink:type="resource" xlink:label="label_dnb_dom032_1" xml:lang="en" xlink:role="http://www.xbrl.org/2003/role/documentation">TYP-MEASURE</link:label>
    <link:labelArc xlink:type="arc" xlink:arcrole="http://www.xbrl.org/2003/arcrole/concept-label" xlink:from="loc_dnb_dom032" xlink:to="label_dnb_dom032_1" />
    <link:label xlink:type="resource" xlink:label="label_dnb_dom032_2" xml:lang="en" xlink:role="http://www.xbrl.org/2003/role/verboseLabel">Specifies the type of measure</link:label>
    <link:labelArc xlink:type="arc" xlink:arcrole="http://www.xbrl.org/2003/arcrole/concept-label" xlink:from="loc_dnb_dom032" xlink:to="label_dnb_dom032_2" />
    <link:loc xlink:type="locator" xlink:href="exp.xsd#dnb_dom033" xlink:label="loc_dnb_dom033" />
    <link:label xlink:type="resource" xlink:label="label_dnb_dom033" xml:lang="en" xlink:role="http://www.xbrl.org/2003/role/label">Amount category</link:label>
    <link:labelArc xlink:type="arc" xlink:arcrole="http://www.xbrl.org/2003/arcrole/concept-label" xlink:from="loc_dnb_dom033" xlink:to="label_dnb_dom033" />
    <link:label xlink:type="resource" xlink:label="label_dnb_dom033_1" xml:lang="en" xlink:role="http://www.xbrl.org/2003/role/documentation">AMOUNT-CAT</link:label>
    <link:labelArc xlink:type="arc" xlink:arcrole="http://www.xbrl.org/2003/arcrole/concept-label" xlink:from="loc_dnb_dom033" xlink:to="label_dnb_dom033_1" />
    <link:label xlink:type="resource" xlink:label="label_dnb_dom033_2" xml:lang="en" xlink:role="http://www.xbrl.org/2003/role/verboseLabel">Specifies the amount category</link:label>
    <link:labelArc xlink:type="arc" xlink:arcrole="http://www.xbrl.org/2003/arcrole/concept-label" xlink:from="loc_dnb_dom033" xlink:to="label_dnb_dom033_2" />
    <link:loc xlink:type="locator" xlink:href="exp.xsd#dnb_dom034" xlink:label="loc_dnb_dom034" />
    <link:label xlink:type="resource" xlink:label="label_dnb_dom034" xml:lang="en" xlink:role="http://www.xbrl.org/2003/role/label">Type of transfer</link:label>
    <link:labelArc xlink:type="arc" xlink:arcrole="http://www.xbrl.org/2003/arcrole/concept-label" xlink:from="loc_dnb_dom034" xlink:to="label_dnb_dom034" />
    <link:label xlink:type="resource" xlink:label="label_dnb_dom034_1" xml:lang="en" xlink:role="http://www.xbrl.org/2003/role/documentation">TYP-TRNSFR</link:label>
    <link:labelArc xlink:type="arc" xlink:arcrole="http://www.xbrl.org/2003/arcrole/concept-label" xlink:from="loc_dnb_dom034" xlink:to="label_dnb_dom034_1" />
    <link:label xlink:type="resource" xlink:label="label_dnb_dom034_2" xml:lang="en" xlink:role="http://www.xbrl.org/2003/role/verboseLabel">Specifies the type of transfer</link:label>
    <link:labelArc xlink:type="arc" xlink:arcrole="http://www.xbrl.org/2003/arcrole/concept-label" xlink:from="loc_dnb_dom034" xlink:to="label_dnb_dom034_2" />
    <link:loc xlink:type="locator" xlink:href="exp.xsd#dnb_dom035" xlink:label="loc_dnb_dom035" />
    <link:label xlink:type="resource" xlink:label="label_dnb_dom035" xml:lang="en" xlink:role="http://www.xbrl.org/2003/role/label">Interest rate reset</link:label>
    <link:labelArc xlink:type="arc" xlink:arcrole="http://www.xbrl.org/2003/arcrole/concept-label" xlink:from="loc_dnb_dom035" xlink:to="label_dnb_dom035" />
    <link:label xlink:type="resource" xlink:label="label_dnb_dom035_1" xml:lang="en" xlink:role="http://www.xbrl.org/2003/role/documentation">INT-RATE-RST</link:label>
    <link:labelArc xlink:type="arc" xlink:arcrole="http://www.xbrl.org/2003/arcrole/concept-label" xlink:from="loc_dnb_dom035" xlink:to="label_dnb_dom035_1" />
    <link:label xlink:type="resource" xlink:label="label_dnb_dom035_2" xml:lang="en" xlink:role="http://www.xbrl.org/2003/role/verboseLabel">Specifies the Interes rate reset</link:label>
    <link:labelArc xlink:type="arc" xlink:arcrole="http://www.xbrl.org/2003/arcrole/concept-label" xlink:from="loc_dnb_dom035" xlink:to="label_dnb_dom035_2" />
    <link:loc xlink:type="locator" xlink:href="exp.xsd#dnb_dom036" xlink:label="loc_dnb_dom036" />
    <link:label xlink:type="resource" xlink:label="label_dnb_dom036" xml:lang="en" xlink:role="http://www.xbrl.org/2003/role/label">Foreign counterparty</link:label>
    <link:labelArc xlink:type="arc" xlink:arcrole="http://www.xbrl.org/2003/arcrole/concept-label" xlink:from="loc_dnb_dom036" xlink:to="label_dnb_dom036" />
    <link:label xlink:type="resource" xlink:label="label_dnb_dom036_1" xml:lang="en" xlink:role="http://www.xbrl.org/2003/role/documentation">FOREIGN-CPTY</link:label>
    <link:labelArc xlink:type="arc" xlink:arcrole="http://www.xbrl.org/2003/arcrole/concept-label" xlink:from="loc_dnb_dom036" xlink:to="label_dnb_dom036_1" />
    <link:label xlink:type="resource" xlink:label="label_dnb_dom036_2" xml:lang="en" xlink:role="http://www.xbrl.org/2003/role/verboseLabel">Specifies the foreign counterparty</link:label>
    <link:labelArc xlink:type="arc" xlink:arcrole="http://www.xbrl.org/2003/arcrole/concept-label" xlink:from="loc_dnb_dom036" xlink:to="label_dnb_dom036_2" />
    <link:loc xlink:type="locator" xlink:href="exp.xsd#dnb_dom037" xlink:label="loc_dnb_dom037" />
    <link:label xlink:type="resource" xlink:label="label_dnb_dom037" xml:lang="en" xlink:role="http://www.xbrl.org/2003/role/label">Type of balance</link:label>
    <link:labelArc xlink:type="arc" xlink:arcrole="http://www.xbrl.org/2003/arcrole/concept-label" xlink:from="loc_dnb_dom037" xlink:to="label_dnb_dom037" />
    <link:label xlink:type="resource" xlink:label="label_dnb_dom037_1" xml:lang="en" xlink:role="http://www.xbrl.org/2003/role/documentation">TYP-BAL</link:label>
    <link:labelArc xlink:type="arc" xlink:arcrole="http://www.xbrl.org/2003/arcrole/concept-label" xlink:from="loc_dnb_dom037" xlink:to="label_dnb_dom037_1" />
    <link:label xlink:type="resource" xlink:label="label_dnb_dom037_2" xml:lang="en" xlink:role="http://www.xbrl.org/2003/role/verboseLabel">Specifies the type of balance</link:label>
    <link:labelArc xlink:type="arc" xlink:arcrole="http://www.xbrl.org/2003/arcrole/concept-label" xlink:from="loc_dnb_dom037" xlink:to="label_dnb_dom037_2" />
    <link:loc xlink:type="locator" xlink:href="exp.xsd#dnb_dom038" xlink:label="loc_dnb_dom038" />
    <link:label xlink:type="resource" xlink:label="label_dnb_dom038" xml:lang="en" xlink:role="http://www.xbrl.org/2003/role/label">Loan to value</link:label>
    <link:labelArc xlink:type="arc" xlink:arcrole="http://www.xbrl.org/2003/arcrole/concept-label" xlink:from="loc_dnb_dom038" xlink:to="label_dnb_dom038" />
    <link:label xlink:type="resource" xlink:label="label_dnb_dom038_1" xml:lang="en" xlink:role="http://www.xbrl.org/2003/role/documentation">LTV</link:label>
    <link:labelArc xlink:type="arc" xlink:arcrole="http://www.xbrl.org/2003/arcrole/concept-label" xlink:from="loc_dnb_dom038" xlink:to="label_dnb_dom038_1" />
    <link:label xlink:type="resource" xlink:label="label_dnb_dom038_2" xml:lang="en" xlink:role="http://www.xbrl.org/2003/role/verboseLabel">Specifies the Loan to value</link:label>
    <link:labelArc xlink:type="arc" xlink:arcrole="http://www.xbrl.org/2003/arcrole/concept-label" xlink:from="loc_dnb_dom038" xlink:to="label_dnb_dom038_2" />
    <link:loc xlink:type="locator" xlink:href="exp.xsd#dnb_dom039" xlink:label="loc_dnb_dom039" />
    <link:label xlink:type="resource" xlink:label="label_dnb_dom039" xml:lang="en" xlink:role="http://www.xbrl.org/2003/role/label">Nace rev 2</link:label>
    <link:labelArc xlink:type="arc" xlink:arcrole="http://www.xbrl.org/2003/arcrole/concept-label" xlink:from="loc_dnb_dom039" xlink:to="label_dnb_dom039" />
    <link:label xlink:type="resource" xlink:label="label_dnb_dom039_1" xml:lang="en" xlink:role="http://www.xbrl.org/2003/role/documentation">NACE-REV-2</link:label>
    <link:labelArc xlink:type="arc" xlink:arcrole="http://www.xbrl.org/2003/arcrole/concept-label" xlink:from="loc_dnb_dom039" xlink:to="label_dnb_dom039_1" />
    <link:label xlink:type="resource" xlink:label="label_dnb_dom039_2" xml:lang="en" xlink:role="http://www.xbrl.org/2003/role/verboseLabel">Specifies the statistical economic activities (NACE rev2 breakdown )</link:label>
    <link:labelArc xlink:type="arc" xlink:arcrole="http://www.xbrl.org/2003/arcrole/concept-label" xlink:from="loc_dnb_dom039" xlink:to="label_dnb_dom039_2" />
    <link:loc xlink:type="locator" xlink:href="exp.xsd#dnb_dom040" xlink:label="loc_dnb_dom040" />
    <link:label xlink:type="resource" xlink:label="label_dnb_dom040" xml:lang="en" xlink:role="http://www.xbrl.org/2003/role/label">Capital guarantees</link:label>
    <link:labelArc xlink:type="arc" xlink:arcrole="http://www.xbrl.org/2003/arcrole/concept-label" xlink:from="loc_dnb_dom040" xlink:to="label_dnb_dom040" />
    <link:label xlink:type="resource" xlink:label="label_dnb_dom040_1" xml:lang="en" xlink:role="http://www.xbrl.org/2003/role/documentation">CAP-GUARNTS</link:label>
    <link:labelArc xlink:type="arc" xlink:arcrole="http://www.xbrl.org/2003/arcrole/concept-label" xlink:from="loc_dnb_dom040" xlink:to="label_dnb_dom040_1" />
    <link:label xlink:type="resource" xlink:label="label_dnb_dom040_2" xml:lang="en" xlink:role="http://www.xbrl.org/2003/role/verboseLabel">Specifies the Capital guarantees</link:label>
    <link:labelArc xlink:type="arc" xlink:arcrole="http://www.xbrl.org/2003/arcrole/concept-label" xlink:from="loc_dnb_dom040" xlink:to="label_dnb_dom040_2" />
    <link:loc xlink:type="locator" xlink:href="exp.xsd#dnb_dom041" xlink:label="loc_dnb_dom041" />
    <link:label xlink:type="resource" xlink:label="label_dnb_dom041" xml:lang="en" xlink:role="http://www.xbrl.org/2003/role/label">Payment processing type</link:label>
    <link:labelArc xlink:type="arc" xlink:arcrole="http://www.xbrl.org/2003/arcrole/concept-label" xlink:from="loc_dnb_dom041" xlink:to="label_dnb_dom041" />
    <link:label xlink:type="resource" xlink:label="label_dnb_dom041_1" xml:lang="en" xlink:role="http://www.xbrl.org/2003/role/documentation">PAYM-PRCSS-TYP</link:label>
    <link:labelArc xlink:type="arc" xlink:arcrole="http://www.xbrl.org/2003/arcrole/concept-label" xlink:from="loc_dnb_dom041" xlink:to="label_dnb_dom041_1" />
    <link:label xlink:type="resource" xlink:label="label_dnb_dom041_2" xml:lang="en" xlink:role="http://www.xbrl.org/2003/role/verboseLabel">Specifies the payment processing type</link:label>
    <link:labelArc xlink:type="arc" xlink:arcrole="http://www.xbrl.org/2003/arcrole/concept-label" xlink:from="loc_dnb_dom041" xlink:to="label_dnb_dom041_2" />
    <link:loc xlink:type="locator" xlink:href="exp.xsd#dnb_dom042" xlink:label="loc_dnb_dom042" />
    <link:label xlink:type="resource" xlink:label="label_dnb_dom042" xml:lang="en" xlink:role="http://www.xbrl.org/2003/role/label">Payment processing category</link:label>
    <link:labelArc xlink:type="arc" xlink:arcrole="http://www.xbrl.org/2003/arcrole/concept-label" xlink:from="loc_dnb_dom042" xlink:to="label_dnb_dom042" />
    <link:label xlink:type="resource" xlink:label="label_dnb_dom042_1" xml:lang="en" xlink:role="http://www.xbrl.org/2003/role/documentation">PAYM-PRCSS-CAT</link:label>
    <link:labelArc xlink:type="arc" xlink:arcrole="http://www.xbrl.org/2003/arcrole/concept-label" xlink:from="loc_dnb_dom042" xlink:to="label_dnb_dom042_1" />
    <link:label xlink:type="resource" xlink:label="label_dnb_dom042_2" xml:lang="en" xlink:role="http://www.xbrl.org/2003/role/verboseLabel">Specifies the payment processing category</link:label>
    <link:labelArc xlink:type="arc" xlink:arcrole="http://www.xbrl.org/2003/arcrole/concept-label" xlink:from="loc_dnb_dom042" xlink:to="label_dnb_dom042_2" />
    <link:loc xlink:type="locator" xlink:href="exp.xsd#dnb_dom043" xlink:label="loc_dnb_dom043" />
    <link:label xlink:type="resource" xlink:label="label_dnb_dom043" xml:lang="en" xlink:role="http://www.xbrl.org/2003/role/label">Type of maximum authorization request</link:label>
    <link:labelArc xlink:type="arc" xlink:arcrole="http://www.xbrl.org/2003/arcrole/concept-label" xlink:from="loc_dnb_dom043" xlink:to="label_dnb_dom043" />
    <link:label xlink:type="resource" xlink:label="label_dnb_dom043_1" xml:lang="en" xlink:role="http://www.xbrl.org/2003/role/documentation">TYP-MAX-AUTH-REQ</link:label>
    <link:labelArc xlink:type="arc" xlink:arcrole="http://www.xbrl.org/2003/arcrole/concept-label" xlink:from="loc_dnb_dom043" xlink:to="label_dnb_dom043_1" />
    <link:label xlink:type="resource" xlink:label="label_dnb_dom043_2" xml:lang="en" xlink:role="http://www.xbrl.org/2003/role/verboseLabel">Specifies the type of maximum authorization request</link:label>
    <link:labelArc xlink:type="arc" xlink:arcrole="http://www.xbrl.org/2003/arcrole/concept-label" xlink:from="loc_dnb_dom043" xlink:to="label_dnb_dom043_2" />
    <link:loc xlink:type="locator" xlink:href="exp.xsd#dnb_dom044" xlink:label="loc_dnb_dom044" />
    <link:label xlink:type="resource" xlink:label="label_dnb_dom044" xml:lang="en" xlink:role="http://www.xbrl.org/2003/role/label">Counterparty authorization request</link:label>
    <link:labelArc xlink:type="arc" xlink:arcrole="http://www.xbrl.org/2003/arcrole/concept-label" xlink:from="loc_dnb_dom044" xlink:to="label_dnb_dom044" />
    <link:label xlink:type="resource" xlink:label="label_dnb_dom044_1" xml:lang="en" xlink:role="http://www.xbrl.org/2003/role/documentation">CPTY-AUTH-REQ</link:label>
    <link:labelArc xlink:type="arc" xlink:arcrole="http://www.xbrl.org/2003/arcrole/concept-label" xlink:from="loc_dnb_dom044" xlink:to="label_dnb_dom044_1" />
    <link:label xlink:type="resource" xlink:label="label_dnb_dom044_2" xml:lang="en" xlink:role="http://www.xbrl.org/2003/role/verboseLabel">Specifies the counterparty authorization request</link:label>
    <link:labelArc xlink:type="arc" xlink:arcrole="http://www.xbrl.org/2003/arcrole/concept-label" xlink:from="loc_dnb_dom044" xlink:to="label_dnb_dom044_2" />
    <link:loc xlink:type="locator" xlink:href="exp.xsd#dnb_dom045" xlink:label="loc_dnb_dom045" />
    <link:label xlink:type="resource" xlink:label="label_dnb_dom045" xml:lang="en" xlink:role="http://www.xbrl.org/2003/role/label">Type of payment</link:label>
    <link:labelArc xlink:type="arc" xlink:arcrole="http://www.xbrl.org/2003/arcrole/concept-label" xlink:from="loc_dnb_dom045" xlink:to="label_dnb_dom045" />
    <link:label xlink:type="resource" xlink:label="label_dnb_dom045_1" xml:lang="en" xlink:role="http://www.xbrl.org/2003/role/documentation">TYP-PAYMNT</link:label>
    <link:labelArc xlink:type="arc" xlink:arcrole="http://www.xbrl.org/2003/arcrole/concept-label" xlink:from="loc_dnb_dom045" xlink:to="label_dnb_dom045_1" />
    <link:label xlink:type="resource" xlink:label="label_dnb_dom045_2" xml:lang="en" xlink:role="http://www.xbrl.org/2003/role/verboseLabel">Specifies the type of payment</link:label>
    <link:labelArc xlink:type="arc" xlink:arcrole="http://www.xbrl.org/2003/arcrole/concept-label" xlink:from="loc_dnb_dom045" xlink:to="label_dnb_dom045_2" />
  </link:labelLink>
</link:linkbase>