﻿<?xml version="1.0" encoding="utf-8"?>
<!--© DNB-->
<link:linkbase xmlns:xsi="http://www.w3.org/2001/XMLSchema-instance" xmlns:xlink="http://www.w3.org/1999/xlink" xmlns:link="http://www.xbrl.org/2003/linkbase" xmlns:gen="http://xbrl.org/2008/generic" xmlns:label="http://xbrl.org/2008/label" xsi:schemaLocation="http://www.xbrl.org/2003/linkbase http://www.xbrl.org/2003/xbrl-linkbase-2003-12-31.xsd http://xbrl.org/2008/generic http://www.xbrl.org/2008/generic-link.xsd http://xbrl.org/2008/label http://www.xbrl.org/2008/generic-label.xsd">
  <link:arcroleRef arcroleURI="http://www.eurofiling.info/xbrl/arcrole/group-table" xlink:type="simple" xlink:href="http://www.eurofiling.info/eu/fr/xbrl/ext/model.xsd#group-table" />
  <gen:link xlink:type="extended" xlink:role="http://www.xbrl.org/2003/role/link">
    <link:loc xlink:type="locator" xlink:href="ftk-all.xsd#dnb_FTK-ALL" xlink:label="loc_dnb_FTK-ALL" />
    <link:loc xlink:type="locator" xlink:href="../tab/tab.xsd#dnb_tgTG-CG1" xlink:label="loc_dnb_tgTG-CG1" />
    <gen:arc xlink:type="arc" xlink:arcrole="http://www.eurofiling.info/xbrl/arcrole/group-table" xlink:from="loc_dnb_FTK-ALL" xlink:to="loc_dnb_tgTG-CG1" order="1" />
    <link:loc xlink:type="locator" xlink:href="../tab/k000/k000-rend.xml#dnb_tK000" xlink:label="loc_dnb_tK000" />
    <gen:arc xlink:type="arc" xlink:arcrole="http://www.eurofiling.info/xbrl/arcrole/group-table" xlink:from="loc_dnb_tgTG-CG1" xlink:to="loc_dnb_tK000" order="1" />
    <link:loc xlink:type="locator" xlink:href="../tab/tab.xsd#dnb_tgTG-DG1" xlink:label="loc_dnb_tgTG-DG1" />
    <gen:arc xlink:type="arc" xlink:arcrole="http://www.eurofiling.info/xbrl/arcrole/group-table" xlink:from="loc_dnb_FTK-ALL" xlink:to="loc_dnb_tgTG-DG1" order="2" />
    <link:loc xlink:type="locator" xlink:href="../tab/m101/m101-rend.xml#dnb_tM101" xlink:label="loc_dnb_tM101" />
    <gen:arc xlink:type="arc" xlink:arcrole="http://www.eurofiling.info/xbrl/arcrole/group-table" xlink:from="loc_dnb_tgTG-DG1" xlink:to="loc_dnb_tM101" order="1" />
    <link:loc xlink:type="locator" xlink:href="../tab/tab.xsd#dnb_tgTG-BEL1" xlink:label="loc_dnb_tgTG-BEL1" />
    <gen:arc xlink:type="arc" xlink:arcrole="http://www.eurofiling.info/xbrl/arcrole/group-table" xlink:from="loc_dnb_FTK-ALL" xlink:to="loc_dnb_tgTG-BEL1" order="3" />
    <link:loc xlink:type="locator" xlink:href="../tab/k050/k050-rend.xml#dnb_tK050" xlink:label="loc_dnb_tK050" />
    <gen:arc xlink:type="arc" xlink:arcrole="http://www.eurofiling.info/xbrl/arcrole/group-table" xlink:from="loc_dnb_tgTG-BEL1" xlink:to="loc_dnb_tK050" order="1" />
    <link:loc xlink:type="locator" xlink:href="../tab/k201-1/k201-1-rend.xml#dnb_tK201-1" xlink:label="loc_dnb_tK201-1" />
    <gen:arc xlink:type="arc" xlink:arcrole="http://www.eurofiling.info/xbrl/arcrole/group-table" xlink:from="loc_dnb_tgTG-BEL1" xlink:to="loc_dnb_tK201-1" order="2" />
    <link:loc xlink:type="locator" xlink:href="../tab/k201-2/k201-2-rend.xml#dnb_tK201-2" xlink:label="loc_dnb_tK201-2" />
    <gen:arc xlink:type="arc" xlink:arcrole="http://www.eurofiling.info/xbrl/arcrole/group-table" xlink:from="loc_dnb_tgTG-BEL1" xlink:to="loc_dnb_tK201-2" order="3" />
    <link:loc xlink:type="locator" xlink:href="../tab/k202/k202-rend.xml#dnb_tK202" xlink:label="loc_dnb_tK202" />
    <gen:arc xlink:type="arc" xlink:arcrole="http://www.eurofiling.info/xbrl/arcrole/group-table" xlink:from="loc_dnb_tgTG-BEL1" xlink:to="loc_dnb_tK202" order="4" />
    <link:loc xlink:type="locator" xlink:href="../tab/k203/k203-rend.xml#dnb_tK203" xlink:label="loc_dnb_tK203" />
    <gen:arc xlink:type="arc" xlink:arcrole="http://www.eurofiling.info/xbrl/arcrole/group-table" xlink:from="loc_dnb_tgTG-BEL1" xlink:to="loc_dnb_tK203" order="5" />
    <link:loc xlink:type="locator" xlink:href="../tab/k204/k204-rend.xml#dnb_tK204" xlink:label="loc_dnb_tK204" />
    <gen:arc xlink:type="arc" xlink:arcrole="http://www.eurofiling.info/xbrl/arcrole/group-table" xlink:from="loc_dnb_tgTG-BEL1" xlink:to="loc_dnb_tK204" order="6" />
    <link:loc xlink:type="locator" xlink:href="../tab/k205/k205-rend.xml#dnb_tK205" xlink:label="loc_dnb_tK205" />
    <gen:arc xlink:type="arc" xlink:arcrole="http://www.eurofiling.info/xbrl/arcrole/group-table" xlink:from="loc_dnb_tgTG-BEL1" xlink:to="loc_dnb_tK205" order="7" />
    <link:loc xlink:type="locator" xlink:href="../tab/k206/k206-rend.xml#dnb_tK206" xlink:label="loc_dnb_tK206" />
    <gen:arc xlink:type="arc" xlink:arcrole="http://www.eurofiling.info/xbrl/arcrole/group-table" xlink:from="loc_dnb_tgTG-BEL1" xlink:to="loc_dnb_tK206" order="8" />
    <link:loc xlink:type="locator" xlink:href="../tab/k207/k207-rend.xml#dnb_tK207" xlink:label="loc_dnb_tK207" />
    <gen:arc xlink:type="arc" xlink:arcrole="http://www.eurofiling.info/xbrl/arcrole/group-table" xlink:from="loc_dnb_tgTG-BEL1" xlink:to="loc_dnb_tK207" order="9" />
    <link:loc xlink:type="locator" xlink:href="../tab/tab.xsd#dnb_tgTG-BEL2" xlink:label="loc_dnb_tgTG-BEL2" />
    <gen:arc xlink:type="arc" xlink:arcrole="http://www.eurofiling.info/xbrl/arcrole/group-table" xlink:from="loc_dnb_FTK-ALL" xlink:to="loc_dnb_tgTG-BEL2" order="4" />
    <link:loc xlink:type="locator" xlink:href="../tab/k208a/k208a-rend.xml#dnb_tK208A" xlink:label="loc_dnb_tK208A" />
    <gen:arc xlink:type="arc" xlink:arcrole="http://www.eurofiling.info/xbrl/arcrole/group-table" xlink:from="loc_dnb_tgTG-BEL2" xlink:to="loc_dnb_tK208A" order="1" />
    <link:loc xlink:type="locator" xlink:href="../tab/k208b/k208b-rend.xml#dnb_tK208B" xlink:label="loc_dnb_tK208B" />
    <gen:arc xlink:type="arc" xlink:arcrole="http://www.eurofiling.info/xbrl/arcrole/group-table" xlink:from="loc_dnb_tgTG-BEL2" xlink:to="loc_dnb_tK208B" order="2" />
    <link:loc xlink:type="locator" xlink:href="../tab/k209a/k209a-rend.xml#dnb_tK209A" xlink:label="loc_dnb_tK209A" />
    <gen:arc xlink:type="arc" xlink:arcrole="http://www.eurofiling.info/xbrl/arcrole/group-table" xlink:from="loc_dnb_tgTG-BEL2" xlink:to="loc_dnb_tK209A" order="3" />
    <link:loc xlink:type="locator" xlink:href="../tab/k209b/k209b-rend.xml#dnb_tK209B" xlink:label="loc_dnb_tK209B" />
    <gen:arc xlink:type="arc" xlink:arcrole="http://www.eurofiling.info/xbrl/arcrole/group-table" xlink:from="loc_dnb_tgTG-BEL2" xlink:to="loc_dnb_tK209B" order="4" />
    <link:loc xlink:type="locator" xlink:href="../tab/k210a/k210a-rend.xml#dnb_tK210A" xlink:label="loc_dnb_tK210A" />
    <gen:arc xlink:type="arc" xlink:arcrole="http://www.eurofiling.info/xbrl/arcrole/group-table" xlink:from="loc_dnb_tgTG-BEL2" xlink:to="loc_dnb_tK210A" order="5" />
    <link:loc xlink:type="locator" xlink:href="../tab/k210b/k210b-rend.xml#dnb_tK210B" xlink:label="loc_dnb_tK210B" />
    <gen:arc xlink:type="arc" xlink:arcrole="http://www.eurofiling.info/xbrl/arcrole/group-table" xlink:from="loc_dnb_tgTG-BEL2" xlink:to="loc_dnb_tK210B" order="6" />
    <link:loc xlink:type="locator" xlink:href="../tab/tab.xsd#dnb_tgTG-BEL3" xlink:label="loc_dnb_tgTG-BEL3" />
    <gen:arc xlink:type="arc" xlink:arcrole="http://www.eurofiling.info/xbrl/arcrole/group-table" xlink:from="loc_dnb_FTK-ALL" xlink:to="loc_dnb_tgTG-BEL3" order="5" />
    <link:loc xlink:type="locator" xlink:href="../tab/k101-1/k101-1-rend.xml#dnb_tK101-1" xlink:label="loc_dnb_tK101-1" />
    <gen:arc xlink:type="arc" xlink:arcrole="http://www.eurofiling.info/xbrl/arcrole/group-table" xlink:from="loc_dnb_tgTG-BEL3" xlink:to="loc_dnb_tK101-1" order="1" />
    <link:loc xlink:type="locator" xlink:href="../tab/k101-2/k101-2-rend.xml#dnb_tK101-2" xlink:label="loc_dnb_tK101-2" />
    <gen:arc xlink:type="arc" xlink:arcrole="http://www.eurofiling.info/xbrl/arcrole/group-table" xlink:from="loc_dnb_tgTG-BEL3" xlink:to="loc_dnb_tK101-2" order="2" />
    <link:loc xlink:type="locator" xlink:href="../tab/tab.xsd#dnb_tgTG-JS1" xlink:label="loc_dnb_tgTG-JS1" />
    <gen:arc xlink:type="arc" xlink:arcrole="http://www.eurofiling.info/xbrl/arcrole/group-table" xlink:from="loc_dnb_FTK-ALL" xlink:to="loc_dnb_tgTG-JS1" order="6" />
    <link:loc xlink:type="locator" xlink:href="../tab/j101-1/j101-1-rend.xml#dnb_tJ101-1" xlink:label="loc_dnb_tJ101-1" />
    <gen:arc xlink:type="arc" xlink:arcrole="http://www.eurofiling.info/xbrl/arcrole/group-table" xlink:from="loc_dnb_tgTG-JS1" xlink:to="loc_dnb_tJ101-1" order="1" />
    <link:loc xlink:type="locator" xlink:href="../tab/j101-2/j101-2-rend.xml#dnb_tJ101-2" xlink:label="loc_dnb_tJ101-2" />
    <gen:arc xlink:type="arc" xlink:arcrole="http://www.eurofiling.info/xbrl/arcrole/group-table" xlink:from="loc_dnb_tgTG-JS1" xlink:to="loc_dnb_tJ101-2" order="2" />
    <link:loc xlink:type="locator" xlink:href="../tab/j101-3/j101-3-rend.xml#dnb_tJ101-3" xlink:label="loc_dnb_tJ101-3" />
    <gen:arc xlink:type="arc" xlink:arcrole="http://www.eurofiling.info/xbrl/arcrole/group-table" xlink:from="loc_dnb_tgTG-JS1" xlink:to="loc_dnb_tJ101-3" order="3" />
    <link:loc xlink:type="locator" xlink:href="../tab/j101-4/j101-4-rend.xml#dnb_tJ101-4" xlink:label="loc_dnb_tJ101-4" />
    <gen:arc xlink:type="arc" xlink:arcrole="http://www.eurofiling.info/xbrl/arcrole/group-table" xlink:from="loc_dnb_tgTG-JS1" xlink:to="loc_dnb_tJ101-4" order="4" />
    <link:loc xlink:type="locator" xlink:href="../tab/j101-5/j101-5-rend.xml#dnb_tJ101-5" xlink:label="loc_dnb_tJ101-5" />
    <gen:arc xlink:type="arc" xlink:arcrole="http://www.eurofiling.info/xbrl/arcrole/group-table" xlink:from="loc_dnb_tgTG-JS1" xlink:to="loc_dnb_tJ101-5" order="5" />
    <link:loc xlink:type="locator" xlink:href="../tab/j101-6/j101-6-rend.xml#dnb_tJ101-6" xlink:label="loc_dnb_tJ101-6" />
    <gen:arc xlink:type="arc" xlink:arcrole="http://www.eurofiling.info/xbrl/arcrole/group-table" xlink:from="loc_dnb_tgTG-JS1" xlink:to="loc_dnb_tJ101-6" order="6" />
    <link:loc xlink:type="locator" xlink:href="../tab/j101-7/j101-7-rend.xml#dnb_tJ101-7" xlink:label="loc_dnb_tJ101-7" />
    <gen:arc xlink:type="arc" xlink:arcrole="http://www.eurofiling.info/xbrl/arcrole/group-table" xlink:from="loc_dnb_tgTG-JS1" xlink:to="loc_dnb_tJ101-7" order="7" />
    <link:loc xlink:type="locator" xlink:href="../tab/j101-8/j101-8-rend.xml#dnb_tJ101-8" xlink:label="loc_dnb_tJ101-8" />
    <gen:arc xlink:type="arc" xlink:arcrole="http://www.eurofiling.info/xbrl/arcrole/group-table" xlink:from="loc_dnb_tgTG-JS1" xlink:to="loc_dnb_tJ101-8" order="8" />
    <link:loc xlink:type="locator" xlink:href="../tab/j101-9/j101-9-rend.xml#dnb_tJ101-9" xlink:label="loc_dnb_tJ101-9" />
    <gen:arc xlink:type="arc" xlink:arcrole="http://www.eurofiling.info/xbrl/arcrole/group-table" xlink:from="loc_dnb_tgTG-JS1" xlink:to="loc_dnb_tJ101-9" order="9" />
    <link:loc xlink:type="locator" xlink:href="../tab/j101-10/j101-10-rend.xml#dnb_tJ101-10" xlink:label="loc_dnb_tJ101-10" />
    <gen:arc xlink:type="arc" xlink:arcrole="http://www.eurofiling.info/xbrl/arcrole/group-table" xlink:from="loc_dnb_tgTG-JS1" xlink:to="loc_dnb_tJ101-10" order="10" />
    <link:loc xlink:type="locator" xlink:href="../tab/j101-11/j101-11-rend.xml#dnb_tJ101-11" xlink:label="loc_dnb_tJ101-11" />
    <gen:arc xlink:type="arc" xlink:arcrole="http://www.eurofiling.info/xbrl/arcrole/group-table" xlink:from="loc_dnb_tgTG-JS1" xlink:to="loc_dnb_tJ101-11" order="11" />
    <link:loc xlink:type="locator" xlink:href="../tab/j101-12/j101-12-rend.xml#dnb_tJ101-12" xlink:label="loc_dnb_tJ101-12" />
    <gen:arc xlink:type="arc" xlink:arcrole="http://www.eurofiling.info/xbrl/arcrole/group-table" xlink:from="loc_dnb_tgTG-JS1" xlink:to="loc_dnb_tJ101-12" order="12" />
    <link:loc xlink:type="locator" xlink:href="../tab/tab.xsd#dnb_tgTG-JS2" xlink:label="loc_dnb_tgTG-JS2" />
    <gen:arc xlink:type="arc" xlink:arcrole="http://www.eurofiling.info/xbrl/arcrole/group-table" xlink:from="loc_dnb_FTK-ALL" xlink:to="loc_dnb_tgTG-JS2" order="7" />
    <link:loc xlink:type="locator" xlink:href="../tab/j102-1/j102-1-rend.xml#dnb_tJ102-1" xlink:label="loc_dnb_tJ102-1" />
    <gen:arc xlink:type="arc" xlink:arcrole="http://www.eurofiling.info/xbrl/arcrole/group-table" xlink:from="loc_dnb_tgTG-JS2" xlink:to="loc_dnb_tJ102-1" order="1" />
    <link:loc xlink:type="locator" xlink:href="../tab/j102-2/j102-2-rend.xml#dnb_tJ102-2" xlink:label="loc_dnb_tJ102-2" />
    <gen:arc xlink:type="arc" xlink:arcrole="http://www.eurofiling.info/xbrl/arcrole/group-table" xlink:from="loc_dnb_tgTG-JS2" xlink:to="loc_dnb_tJ102-2" order="2" />
    <link:loc xlink:type="locator" xlink:href="../tab/j102-3/j102-3-rend.xml#dnb_tJ102-3" xlink:label="loc_dnb_tJ102-3" />
    <gen:arc xlink:type="arc" xlink:arcrole="http://www.eurofiling.info/xbrl/arcrole/group-table" xlink:from="loc_dnb_tgTG-JS2" xlink:to="loc_dnb_tJ102-3" order="3" />
    <link:loc xlink:type="locator" xlink:href="../tab/tab.xsd#dnb_tgTG-JS3" xlink:label="loc_dnb_tgTG-JS3" />
    <gen:arc xlink:type="arc" xlink:arcrole="http://www.eurofiling.info/xbrl/arcrole/group-table" xlink:from="loc_dnb_FTK-ALL" xlink:to="loc_dnb_tgTG-JS3" order="8" />
    <link:loc xlink:type="locator" xlink:href="../tab/j301-1/j301-1-rend.xml#dnb_tJ301-1" xlink:label="loc_dnb_tJ301-1" />
    <gen:arc xlink:type="arc" xlink:arcrole="http://www.eurofiling.info/xbrl/arcrole/group-table" xlink:from="loc_dnb_tgTG-JS3" xlink:to="loc_dnb_tJ301-1" order="1" />
    <link:loc xlink:type="locator" xlink:href="../tab/j301-2/j301-2-rend.xml#dnb_tJ301-2" xlink:label="loc_dnb_tJ301-2" />
    <gen:arc xlink:type="arc" xlink:arcrole="http://www.eurofiling.info/xbrl/arcrole/group-table" xlink:from="loc_dnb_tgTG-JS3" xlink:to="loc_dnb_tJ301-2" order="2" />
    <link:loc xlink:type="locator" xlink:href="../tab/j301-3/j301-3-rend.xml#dnb_tJ301-3" xlink:label="loc_dnb_tJ301-3" />
    <gen:arc xlink:type="arc" xlink:arcrole="http://www.eurofiling.info/xbrl/arcrole/group-table" xlink:from="loc_dnb_tgTG-JS3" xlink:to="loc_dnb_tJ301-3" order="3" />
    <link:loc xlink:type="locator" xlink:href="../tab/j301-4/j301-4-rend.xml#dnb_tJ301-4" xlink:label="loc_dnb_tJ301-4" />
    <gen:arc xlink:type="arc" xlink:arcrole="http://www.eurofiling.info/xbrl/arcrole/group-table" xlink:from="loc_dnb_tgTG-JS3" xlink:to="loc_dnb_tJ301-4" order="4" />
    <link:loc xlink:type="locator" xlink:href="../tab/j301-5/j301-5-rend.xml#dnb_tJ301-5" xlink:label="loc_dnb_tJ301-5" />
    <gen:arc xlink:type="arc" xlink:arcrole="http://www.eurofiling.info/xbrl/arcrole/group-table" xlink:from="loc_dnb_tgTG-JS3" xlink:to="loc_dnb_tJ301-5" order="5" />
    <link:loc xlink:type="locator" xlink:href="../tab/j301-6/j301-6-rend.xml#dnb_tJ301-6" xlink:label="loc_dnb_tJ301-6" />
    <gen:arc xlink:type="arc" xlink:arcrole="http://www.eurofiling.info/xbrl/arcrole/group-table" xlink:from="loc_dnb_tgTG-JS3" xlink:to="loc_dnb_tJ301-6" order="6" />
    <link:loc xlink:type="locator" xlink:href="../tab/j301-7/j301-7-rend.xml#dnb_tJ301-7" xlink:label="loc_dnb_tJ301-7" />
    <gen:arc xlink:type="arc" xlink:arcrole="http://www.eurofiling.info/xbrl/arcrole/group-table" xlink:from="loc_dnb_tgTG-JS3" xlink:to="loc_dnb_tJ301-7" order="7" />
    <link:loc xlink:type="locator" xlink:href="../tab/j301-8/j301-8-rend.xml#dnb_tJ301-8" xlink:label="loc_dnb_tJ301-8" />
    <gen:arc xlink:type="arc" xlink:arcrole="http://www.eurofiling.info/xbrl/arcrole/group-table" xlink:from="loc_dnb_tgTG-JS3" xlink:to="loc_dnb_tJ301-8" order="8" />
    <link:loc xlink:type="locator" xlink:href="../tab/j301-9/j301-9-rend.xml#dnb_tJ301-9" xlink:label="loc_dnb_tJ301-9" />
    <gen:arc xlink:type="arc" xlink:arcrole="http://www.eurofiling.info/xbrl/arcrole/group-table" xlink:from="loc_dnb_tgTG-JS3" xlink:to="loc_dnb_tJ301-9" order="9" />
    <link:loc xlink:type="locator" xlink:href="../tab/j301-10/j301-10-rend.xml#dnb_tJ301-10" xlink:label="loc_dnb_tJ301-10" />
    <gen:arc xlink:type="arc" xlink:arcrole="http://www.eurofiling.info/xbrl/arcrole/group-table" xlink:from="loc_dnb_tgTG-JS3" xlink:to="loc_dnb_tJ301-10" order="10" />
    <link:loc xlink:type="locator" xlink:href="../tab/j301-11/j301-11-rend.xml#dnb_tJ301-11" xlink:label="loc_dnb_tJ301-11" />
    <gen:arc xlink:type="arc" xlink:arcrole="http://www.eurofiling.info/xbrl/arcrole/group-table" xlink:from="loc_dnb_tgTG-JS3" xlink:to="loc_dnb_tJ301-11" order="11" />
    <link:loc xlink:type="locator" xlink:href="../tab/j301-12/j301-12-rend.xml#dnb_tJ301-12" xlink:label="loc_dnb_tJ301-12" />
    <gen:arc xlink:type="arc" xlink:arcrole="http://www.eurofiling.info/xbrl/arcrole/group-table" xlink:from="loc_dnb_tgTG-JS3" xlink:to="loc_dnb_tJ301-12" order="12" />
    <link:loc xlink:type="locator" xlink:href="../tab/j301-13/j301-13-rend.xml#dnb_tJ301-13" xlink:label="loc_dnb_tJ301-13" />
    <gen:arc xlink:type="arc" xlink:arcrole="http://www.eurofiling.info/xbrl/arcrole/group-table" xlink:from="loc_dnb_tgTG-JS3" xlink:to="loc_dnb_tJ301-13" order="13" />
    <link:loc xlink:type="locator" xlink:href="../tab/j301-14/j301-14-rend.xml#dnb_tJ301-14" xlink:label="loc_dnb_tJ301-14" />
    <gen:arc xlink:type="arc" xlink:arcrole="http://www.eurofiling.info/xbrl/arcrole/group-table" xlink:from="loc_dnb_tgTG-JS3" xlink:to="loc_dnb_tJ301-14" order="14" />
    <link:loc xlink:type="locator" xlink:href="../tab/tab.xsd#dnb_tgTG-JS4" xlink:label="loc_dnb_tgTG-JS4" />
    <gen:arc xlink:type="arc" xlink:arcrole="http://www.eurofiling.info/xbrl/arcrole/group-table" xlink:from="loc_dnb_FTK-ALL" xlink:to="loc_dnb_tgTG-JS4" order="9" />
    <link:loc xlink:type="locator" xlink:href="../tab/j302-1/j302-1-rend.xml#dnb_tJ302-1" xlink:label="loc_dnb_tJ302-1" />
    <gen:arc xlink:type="arc" xlink:arcrole="http://www.eurofiling.info/xbrl/arcrole/group-table" xlink:from="loc_dnb_tgTG-JS4" xlink:to="loc_dnb_tJ302-1" order="1" />
    <link:loc xlink:type="locator" xlink:href="../tab/j302-2/j302-2-rend.xml#dnb_tJ302-2" xlink:label="loc_dnb_tJ302-2" />
    <gen:arc xlink:type="arc" xlink:arcrole="http://www.eurofiling.info/xbrl/arcrole/group-table" xlink:from="loc_dnb_tgTG-JS4" xlink:to="loc_dnb_tJ302-2" order="2" />
    <link:loc xlink:type="locator" xlink:href="../tab/j302-3/j302-3-rend.xml#dnb_tJ302-3" xlink:label="loc_dnb_tJ302-3" />
    <gen:arc xlink:type="arc" xlink:arcrole="http://www.eurofiling.info/xbrl/arcrole/group-table" xlink:from="loc_dnb_tgTG-JS4" xlink:to="loc_dnb_tJ302-3" order="3" />
    <link:loc xlink:type="locator" xlink:href="../tab/j302-4/j302-4-rend.xml#dnb_tJ302-4" xlink:label="loc_dnb_tJ302-4" />
    <gen:arc xlink:type="arc" xlink:arcrole="http://www.eurofiling.info/xbrl/arcrole/group-table" xlink:from="loc_dnb_tgTG-JS4" xlink:to="loc_dnb_tJ302-4" order="4" />
    <link:loc xlink:type="locator" xlink:href="../tab/j302-5/j302-5-rend.xml#dnb_tJ302-5" xlink:label="loc_dnb_tJ302-5" />
    <gen:arc xlink:type="arc" xlink:arcrole="http://www.eurofiling.info/xbrl/arcrole/group-table" xlink:from="loc_dnb_tgTG-JS4" xlink:to="loc_dnb_tJ302-5" order="5" />
    <link:loc xlink:type="locator" xlink:href="../tab/j302-6/j302-6-rend.xml#dnb_tJ302-6" xlink:label="loc_dnb_tJ302-6" />
    <gen:arc xlink:type="arc" xlink:arcrole="http://www.eurofiling.info/xbrl/arcrole/group-table" xlink:from="loc_dnb_tgTG-JS4" xlink:to="loc_dnb_tJ302-6" order="6" />
    <link:loc xlink:type="locator" xlink:href="../tab/j302-7/j302-7-rend.xml#dnb_tJ302-7" xlink:label="loc_dnb_tJ302-7" />
    <gen:arc xlink:type="arc" xlink:arcrole="http://www.eurofiling.info/xbrl/arcrole/group-table" xlink:from="loc_dnb_tgTG-JS4" xlink:to="loc_dnb_tJ302-7" order="7" />
    <link:loc xlink:type="locator" xlink:href="../tab/j302-8/j302-8-rend.xml#dnb_tJ302-8" xlink:label="loc_dnb_tJ302-8" />
    <gen:arc xlink:type="arc" xlink:arcrole="http://www.eurofiling.info/xbrl/arcrole/group-table" xlink:from="loc_dnb_tgTG-JS4" xlink:to="loc_dnb_tJ302-8" order="8" />
    <link:loc xlink:type="locator" xlink:href="../tab/j302-9/j302-9-rend.xml#dnb_tJ302-9" xlink:label="loc_dnb_tJ302-9" />
    <gen:arc xlink:type="arc" xlink:arcrole="http://www.eurofiling.info/xbrl/arcrole/group-table" xlink:from="loc_dnb_tgTG-JS4" xlink:to="loc_dnb_tJ302-9" order="9" />
    <link:loc xlink:type="locator" xlink:href="../tab/j302-10/j302-10-rend.xml#dnb_tJ302-10" xlink:label="loc_dnb_tJ302-10" />
    <gen:arc xlink:type="arc" xlink:arcrole="http://www.eurofiling.info/xbrl/arcrole/group-table" xlink:from="loc_dnb_tgTG-JS4" xlink:to="loc_dnb_tJ302-10" order="10" />
    <link:loc xlink:type="locator" xlink:href="../tab/j302-11/j302-11-rend.xml#dnb_tJ302-11" xlink:label="loc_dnb_tJ302-11" />
    <gen:arc xlink:type="arc" xlink:arcrole="http://www.eurofiling.info/xbrl/arcrole/group-table" xlink:from="loc_dnb_tgTG-JS4" xlink:to="loc_dnb_tJ302-11" order="11" />
    <link:loc xlink:type="locator" xlink:href="../tab/j302-12/j302-12-rend.xml#dnb_tJ302-12" xlink:label="loc_dnb_tJ302-12" />
    <gen:arc xlink:type="arc" xlink:arcrole="http://www.eurofiling.info/xbrl/arcrole/group-table" xlink:from="loc_dnb_tgTG-JS4" xlink:to="loc_dnb_tJ302-12" order="12" />
    <link:loc xlink:type="locator" xlink:href="../tab/tab.xsd#dnb_tgTG-JS5" xlink:label="loc_dnb_tgTG-JS5" />
    <gen:arc xlink:type="arc" xlink:arcrole="http://www.eurofiling.info/xbrl/arcrole/group-table" xlink:from="loc_dnb_FTK-ALL" xlink:to="loc_dnb_tgTG-JS5" order="10" />
    <link:loc xlink:type="locator" xlink:href="../tab/j307/j307-rend.xml#dnb_tJ307" xlink:label="loc_dnb_tJ307" />
    <gen:arc xlink:type="arc" xlink:arcrole="http://www.eurofiling.info/xbrl/arcrole/group-table" xlink:from="loc_dnb_tgTG-JS5" xlink:to="loc_dnb_tJ307" order="1" />
    <link:loc xlink:type="locator" xlink:href="../tab/tab.xsd#dnb_tgTG-JS6" xlink:label="loc_dnb_tgTG-JS6" />
    <gen:arc xlink:type="arc" xlink:arcrole="http://www.eurofiling.info/xbrl/arcrole/group-table" xlink:from="loc_dnb_FTK-ALL" xlink:to="loc_dnb_tgTG-JS6" order="11" />
    <link:loc xlink:type="locator" xlink:href="../tab/j309-1/j309-1-rend.xml#dnb_tJ309-1" xlink:label="loc_dnb_tJ309-1" />
    <gen:arc xlink:type="arc" xlink:arcrole="http://www.eurofiling.info/xbrl/arcrole/group-table" xlink:from="loc_dnb_tgTG-JS6" xlink:to="loc_dnb_tJ309-1" order="1" />
    <link:loc xlink:type="locator" xlink:href="../tab/j309-2/j309-2-rend.xml#dnb_tJ309-2" xlink:label="loc_dnb_tJ309-2" />
    <gen:arc xlink:type="arc" xlink:arcrole="http://www.eurofiling.info/xbrl/arcrole/group-table" xlink:from="loc_dnb_tgTG-JS6" xlink:to="loc_dnb_tJ309-2" order="2" />
    <link:loc xlink:type="locator" xlink:href="../tab/tab.xsd#dnb_tgTG-JS7" xlink:label="loc_dnb_tgTG-JS7" />
    <gen:arc xlink:type="arc" xlink:arcrole="http://www.eurofiling.info/xbrl/arcrole/group-table" xlink:from="loc_dnb_FTK-ALL" xlink:to="loc_dnb_tgTG-JS7" order="12" />
    <link:loc xlink:type="locator" xlink:href="../tab/j311/j311-rend.xml#dnb_tJ311" xlink:label="loc_dnb_tJ311" />
    <gen:arc xlink:type="arc" xlink:arcrole="http://www.eurofiling.info/xbrl/arcrole/group-table" xlink:from="loc_dnb_tgTG-JS7" xlink:to="loc_dnb_tJ311" order="1" />
    <link:loc xlink:type="locator" xlink:href="../tab/j312-1/j312-1-rend.xml#dnb_tJ312-1" xlink:label="loc_dnb_tJ312-1" />
    <gen:arc xlink:type="arc" xlink:arcrole="http://www.eurofiling.info/xbrl/arcrole/group-table" xlink:from="loc_dnb_tgTG-JS7" xlink:to="loc_dnb_tJ312-1" order="2" />
    <link:loc xlink:type="locator" xlink:href="../tab/j312-2/j312-2-rend.xml#dnb_tJ312-2" xlink:label="loc_dnb_tJ312-2" />
    <gen:arc xlink:type="arc" xlink:arcrole="http://www.eurofiling.info/xbrl/arcrole/group-table" xlink:from="loc_dnb_tgTG-JS7" xlink:to="loc_dnb_tJ312-2" order="3" />
    <link:loc xlink:type="locator" xlink:href="../tab/tab.xsd#dnb_tgTG-JS8" xlink:label="loc_dnb_tgTG-JS8" />
    <gen:arc xlink:type="arc" xlink:arcrole="http://www.eurofiling.info/xbrl/arcrole/group-table" xlink:from="loc_dnb_FTK-ALL" xlink:to="loc_dnb_tgTG-JS8" order="13" />
    <link:loc xlink:type="locator" xlink:href="../tab/j401/j401-rend.xml#dnb_tJ401" xlink:label="loc_dnb_tJ401" />
    <gen:arc xlink:type="arc" xlink:arcrole="http://www.eurofiling.info/xbrl/arcrole/group-table" xlink:from="loc_dnb_tgTG-JS8" xlink:to="loc_dnb_tJ401" order="1" />
    <link:loc xlink:type="locator" xlink:href="../tab/j402-1/j402-1-rend.xml#dnb_tJ402-1" xlink:label="loc_dnb_tJ402-1" />
    <gen:arc xlink:type="arc" xlink:arcrole="http://www.eurofiling.info/xbrl/arcrole/group-table" xlink:from="loc_dnb_tgTG-JS8" xlink:to="loc_dnb_tJ402-1" order="2" />
    <link:loc xlink:type="locator" xlink:href="../tab/j402-2/j402-2-rend.xml#dnb_tJ402-2" xlink:label="loc_dnb_tJ402-2" />
    <gen:arc xlink:type="arc" xlink:arcrole="http://www.eurofiling.info/xbrl/arcrole/group-table" xlink:from="loc_dnb_tgTG-JS8" xlink:to="loc_dnb_tJ402-2" order="3" />
    <link:loc xlink:type="locator" xlink:href="../tab/j402-3/j402-3-rend.xml#dnb_tJ402-3" xlink:label="loc_dnb_tJ402-3" />
    <gen:arc xlink:type="arc" xlink:arcrole="http://www.eurofiling.info/xbrl/arcrole/group-table" xlink:from="loc_dnb_tgTG-JS8" xlink:to="loc_dnb_tJ402-3" order="4" />
    <link:loc xlink:type="locator" xlink:href="../tab/tab.xsd#dnb_tgTG-JS9" xlink:label="loc_dnb_tgTG-JS9" />
    <gen:arc xlink:type="arc" xlink:arcrole="http://www.eurofiling.info/xbrl/arcrole/group-table" xlink:from="loc_dnb_FTK-ALL" xlink:to="loc_dnb_tgTG-JS9" order="14" />
    <link:loc xlink:type="locator" xlink:href="../tab/j402-4/j402-4-rend.xml#dnb_tJ402-4" xlink:label="loc_dnb_tJ402-4" />
    <gen:arc xlink:type="arc" xlink:arcrole="http://www.eurofiling.info/xbrl/arcrole/group-table" xlink:from="loc_dnb_tgTG-JS9" xlink:to="loc_dnb_tJ402-4" order="1" />
    <link:loc xlink:type="locator" xlink:href="../tab/j402-5/j402-5-rend.xml#dnb_tJ402-5" xlink:label="loc_dnb_tJ402-5" />
    <gen:arc xlink:type="arc" xlink:arcrole="http://www.eurofiling.info/xbrl/arcrole/group-table" xlink:from="loc_dnb_tgTG-JS9" xlink:to="loc_dnb_tJ402-5" order="2" />
    <link:loc xlink:type="locator" xlink:href="../tab/tab.xsd#dnb_tgTG-JS10" xlink:label="loc_dnb_tgTG-JS10" />
    <gen:arc xlink:type="arc" xlink:arcrole="http://www.eurofiling.info/xbrl/arcrole/group-table" xlink:from="loc_dnb_FTK-ALL" xlink:to="loc_dnb_tgTG-JS10" order="15" />
    <link:loc xlink:type="locator" xlink:href="../tab/j403-1/j403-1-rend.xml#dnb_tJ403-1" xlink:label="loc_dnb_tJ403-1" />
    <gen:arc xlink:type="arc" xlink:arcrole="http://www.eurofiling.info/xbrl/arcrole/group-table" xlink:from="loc_dnb_tgTG-JS10" xlink:to="loc_dnb_tJ403-1" order="1" />
    <link:loc xlink:type="locator" xlink:href="../tab/j403-2/j403-2-rend.xml#dnb_tJ403-2" xlink:label="loc_dnb_tJ403-2" />
    <gen:arc xlink:type="arc" xlink:arcrole="http://www.eurofiling.info/xbrl/arcrole/group-table" xlink:from="loc_dnb_tgTG-JS10" xlink:to="loc_dnb_tJ403-2" order="2" />
    <link:loc xlink:type="locator" xlink:href="../tab/j403-3/j403-3-rend.xml#dnb_tJ403-3" xlink:label="loc_dnb_tJ403-3" />
    <gen:arc xlink:type="arc" xlink:arcrole="http://www.eurofiling.info/xbrl/arcrole/group-table" xlink:from="loc_dnb_tgTG-JS10" xlink:to="loc_dnb_tJ403-3" order="3" />
    <link:loc xlink:type="locator" xlink:href="../tab/j403-4/j403-4-rend.xml#dnb_tJ403-4" xlink:label="loc_dnb_tJ403-4" />
    <gen:arc xlink:type="arc" xlink:arcrole="http://www.eurofiling.info/xbrl/arcrole/group-table" xlink:from="loc_dnb_tgTG-JS10" xlink:to="loc_dnb_tJ403-4" order="4" />
    <link:loc xlink:type="locator" xlink:href="../tab/j403-5/j403-5-rend.xml#dnb_tJ403-5" xlink:label="loc_dnb_tJ403-5" />
    <gen:arc xlink:type="arc" xlink:arcrole="http://www.eurofiling.info/xbrl/arcrole/group-table" xlink:from="loc_dnb_tgTG-JS10" xlink:to="loc_dnb_tJ403-5" order="5" />
    <link:loc xlink:type="locator" xlink:href="../tab/j403-6/j403-6-rend.xml#dnb_tJ403-6" xlink:label="loc_dnb_tJ403-6" />
    <gen:arc xlink:type="arc" xlink:arcrole="http://www.eurofiling.info/xbrl/arcrole/group-table" xlink:from="loc_dnb_tgTG-JS10" xlink:to="loc_dnb_tJ403-6" order="6" />
    <link:loc xlink:type="locator" xlink:href="../tab/tab.xsd#dnb_tgTG-JS11" xlink:label="loc_dnb_tgTG-JS11" />
    <gen:arc xlink:type="arc" xlink:arcrole="http://www.eurofiling.info/xbrl/arcrole/group-table" xlink:from="loc_dnb_FTK-ALL" xlink:to="loc_dnb_tgTG-JS11" order="16" />
    <link:loc xlink:type="locator" xlink:href="../tab/j501/j501-rend.xml#dnb_tJ501" xlink:label="loc_dnb_tJ501" />
    <gen:arc xlink:type="arc" xlink:arcrole="http://www.eurofiling.info/xbrl/arcrole/group-table" xlink:from="loc_dnb_tgTG-JS11" xlink:to="loc_dnb_tJ501" order="1" />
    <link:loc xlink:type="locator" xlink:href="../tab/j502-1/j502-1-rend.xml#dnb_tJ502-1" xlink:label="loc_dnb_tJ502-1" />
    <gen:arc xlink:type="arc" xlink:arcrole="http://www.eurofiling.info/xbrl/arcrole/group-table" xlink:from="loc_dnb_tgTG-JS11" xlink:to="loc_dnb_tJ502-1" order="2" />
    <link:loc xlink:type="locator" xlink:href="../tab/j502-2/j502-2-rend.xml#dnb_tJ502-2" xlink:label="loc_dnb_tJ502-2" />
    <gen:arc xlink:type="arc" xlink:arcrole="http://www.eurofiling.info/xbrl/arcrole/group-table" xlink:from="loc_dnb_tgTG-JS11" xlink:to="loc_dnb_tJ502-2" order="3" />
    <link:loc xlink:type="locator" xlink:href="../tab/j502-3/j502-3-rend.xml#dnb_tJ502-3" xlink:label="loc_dnb_tJ502-3" />
    <gen:arc xlink:type="arc" xlink:arcrole="http://www.eurofiling.info/xbrl/arcrole/group-table" xlink:from="loc_dnb_tgTG-JS11" xlink:to="loc_dnb_tJ502-3" order="4" />
    <link:loc xlink:type="locator" xlink:href="../tab/j503/j503-rend.xml#dnb_tJ503" xlink:label="loc_dnb_tJ503" />
    <gen:arc xlink:type="arc" xlink:arcrole="http://www.eurofiling.info/xbrl/arcrole/group-table" xlink:from="loc_dnb_tgTG-JS11" xlink:to="loc_dnb_tJ503" order="5" />
    <link:loc xlink:type="locator" xlink:href="../tab/tab.xsd#dnb_tgTG-JS12" xlink:label="loc_dnb_tgTG-JS12" />
    <gen:arc xlink:type="arc" xlink:arcrole="http://www.eurofiling.info/xbrl/arcrole/group-table" xlink:from="loc_dnb_FTK-ALL" xlink:to="loc_dnb_tgTG-JS12" order="17" />
    <link:loc xlink:type="locator" xlink:href="../tab/j601-1/j601-1-rend.xml#dnb_tJ601-1" xlink:label="loc_dnb_tJ601-1" />
    <gen:arc xlink:type="arc" xlink:arcrole="http://www.eurofiling.info/xbrl/arcrole/group-table" xlink:from="loc_dnb_tgTG-JS12" xlink:to="loc_dnb_tJ601-1" order="1" />
    <link:loc xlink:type="locator" xlink:href="../tab/j601-2/j601-2-rend.xml#dnb_tJ601-2" xlink:label="loc_dnb_tJ601-2" />
    <gen:arc xlink:type="arc" xlink:arcrole="http://www.eurofiling.info/xbrl/arcrole/group-table" xlink:from="loc_dnb_tgTG-JS12" xlink:to="loc_dnb_tJ601-2" order="2" />
    <link:loc xlink:type="locator" xlink:href="../tab/j601-3/j601-3-rend.xml#dnb_tJ601-3" xlink:label="loc_dnb_tJ601-3" />
    <gen:arc xlink:type="arc" xlink:arcrole="http://www.eurofiling.info/xbrl/arcrole/group-table" xlink:from="loc_dnb_tgTG-JS12" xlink:to="loc_dnb_tJ601-3" order="3" />
    <link:loc xlink:type="locator" xlink:href="../tab/j601-4/j601-4-rend.xml#dnb_tJ601-4" xlink:label="loc_dnb_tJ601-4" />
    <gen:arc xlink:type="arc" xlink:arcrole="http://www.eurofiling.info/xbrl/arcrole/group-table" xlink:from="loc_dnb_tgTG-JS12" xlink:to="loc_dnb_tJ601-4" order="4" />
    <link:loc xlink:type="locator" xlink:href="../tab/j601-5/j601-5-rend.xml#dnb_tJ601-5" xlink:label="loc_dnb_tJ601-5" />
    <gen:arc xlink:type="arc" xlink:arcrole="http://www.eurofiling.info/xbrl/arcrole/group-table" xlink:from="loc_dnb_tgTG-JS12" xlink:to="loc_dnb_tJ601-5" order="5" />
    <link:loc xlink:type="locator" xlink:href="../tab/tab.xsd#dnb_tgTG-JS13" xlink:label="loc_dnb_tgTG-JS13" />
    <gen:arc xlink:type="arc" xlink:arcrole="http://www.eurofiling.info/xbrl/arcrole/group-table" xlink:from="loc_dnb_FTK-ALL" xlink:to="loc_dnb_tgTG-JS13" order="18" />
    <link:loc xlink:type="locator" xlink:href="../tab/j603/j603-rend.xml#dnb_tJ603" xlink:label="loc_dnb_tJ603" />
    <gen:arc xlink:type="arc" xlink:arcrole="http://www.eurofiling.info/xbrl/arcrole/group-table" xlink:from="loc_dnb_tgTG-JS13" xlink:to="loc_dnb_tJ603" order="1" />
    <link:loc xlink:type="locator" xlink:href="../tab/tab.xsd#dnb_tgTG-JS14" xlink:label="loc_dnb_tgTG-JS14" />
    <gen:arc xlink:type="arc" xlink:arcrole="http://www.eurofiling.info/xbrl/arcrole/group-table" xlink:from="loc_dnb_FTK-ALL" xlink:to="loc_dnb_tgTG-JS14" order="19" />
    <link:loc xlink:type="locator" xlink:href="../tab/j604a/j604a-rend.xml#dnb_tJ604A" xlink:label="loc_dnb_tJ604A" />
    <gen:arc xlink:type="arc" xlink:arcrole="http://www.eurofiling.info/xbrl/arcrole/group-table" xlink:from="loc_dnb_tgTG-JS14" xlink:to="loc_dnb_tJ604A" order="1" />
    <link:loc xlink:type="locator" xlink:href="../tab/j604b/j604b-rend.xml#dnb_tJ604B" xlink:label="loc_dnb_tJ604B" />
    <gen:arc xlink:type="arc" xlink:arcrole="http://www.eurofiling.info/xbrl/arcrole/group-table" xlink:from="loc_dnb_tgTG-JS14" xlink:to="loc_dnb_tJ604B" order="2" />
    <link:loc xlink:type="locator" xlink:href="../tab/tab.xsd#dnb_tgTG-JS15" xlink:label="loc_dnb_tgTG-JS15" />
    <gen:arc xlink:type="arc" xlink:arcrole="http://www.eurofiling.info/xbrl/arcrole/group-table" xlink:from="loc_dnb_FTK-ALL" xlink:to="loc_dnb_tgTG-JS15" order="20" />
    <link:loc xlink:type="locator" xlink:href="../tab/j605-1/j605-1-rend.xml#dnb_tJ605-1" xlink:label="loc_dnb_tJ605-1" />
    <gen:arc xlink:type="arc" xlink:arcrole="http://www.eurofiling.info/xbrl/arcrole/group-table" xlink:from="loc_dnb_tgTG-JS15" xlink:to="loc_dnb_tJ605-1" order="1" />
    <link:loc xlink:type="locator" xlink:href="../tab/j605-2/j605-2-rend.xml#dnb_tJ605-2" xlink:label="loc_dnb_tJ605-2" />
    <gen:arc xlink:type="arc" xlink:arcrole="http://www.eurofiling.info/xbrl/arcrole/group-table" xlink:from="loc_dnb_tgTG-JS15" xlink:to="loc_dnb_tJ605-2" order="2" />
    <link:loc xlink:type="locator" xlink:href="../tab/tab.xsd#dnb_tgTG-JS16" xlink:label="loc_dnb_tgTG-JS16" />
    <gen:arc xlink:type="arc" xlink:arcrole="http://www.eurofiling.info/xbrl/arcrole/group-table" xlink:from="loc_dnb_FTK-ALL" xlink:to="loc_dnb_tgTG-JS16" order="21" />
    <link:loc xlink:type="locator" xlink:href="../tab/j701-1/j701-1-rend.xml#dnb_tJ701-1" xlink:label="loc_dnb_tJ701-1" />
    <gen:arc xlink:type="arc" xlink:arcrole="http://www.eurofiling.info/xbrl/arcrole/group-table" xlink:from="loc_dnb_tgTG-JS16" xlink:to="loc_dnb_tJ701-1" order="1" />
    <link:loc xlink:type="locator" xlink:href="../tab/j701-2/j701-2-rend.xml#dnb_tJ701-2" xlink:label="loc_dnb_tJ701-2" />
    <gen:arc xlink:type="arc" xlink:arcrole="http://www.eurofiling.info/xbrl/arcrole/group-table" xlink:from="loc_dnb_tgTG-JS16" xlink:to="loc_dnb_tJ701-2" order="2" />
    <link:loc xlink:type="locator" xlink:href="../tab/j701-3/j701-3-rend.xml#dnb_tJ701-3" xlink:label="loc_dnb_tJ701-3" />
    <gen:arc xlink:type="arc" xlink:arcrole="http://www.eurofiling.info/xbrl/arcrole/group-table" xlink:from="loc_dnb_tgTG-JS16" xlink:to="loc_dnb_tJ701-3" order="3" />
    <link:loc xlink:type="locator" xlink:href="../tab/tab.xsd#dnb_tgTG-JS17" xlink:label="loc_dnb_tgTG-JS17" />
    <gen:arc xlink:type="arc" xlink:arcrole="http://www.eurofiling.info/xbrl/arcrole/group-table" xlink:from="loc_dnb_FTK-ALL" xlink:to="loc_dnb_tgTG-JS17" order="22" />
    <link:loc xlink:type="locator" xlink:href="../tab/j801/j801-rend.xml#dnb_tJ801" xlink:label="loc_dnb_tJ801" />
    <gen:arc xlink:type="arc" xlink:arcrole="http://www.eurofiling.info/xbrl/arcrole/group-table" xlink:from="loc_dnb_tgTG-JS17" xlink:to="loc_dnb_tJ801" order="1" />
    <link:loc xlink:type="locator" xlink:href="../tab/tab.xsd#dnb_tgTG-JS18" xlink:label="loc_dnb_tgTG-JS18" />
    <gen:arc xlink:type="arc" xlink:arcrole="http://www.eurofiling.info/xbrl/arcrole/group-table" xlink:from="loc_dnb_FTK-ALL" xlink:to="loc_dnb_tgTG-JS18" order="23" />
    <link:loc xlink:type="locator" xlink:href="../tab/j802/j802-rend.xml#dnb_tJ802" xlink:label="loc_dnb_tJ802" />
    <gen:arc xlink:type="arc" xlink:arcrole="http://www.eurofiling.info/xbrl/arcrole/group-table" xlink:from="loc_dnb_tgTG-JS18" xlink:to="loc_dnb_tJ802" order="1" />
    <link:loc xlink:type="locator" xlink:href="../tab/tab.xsd#dnb_tgTG-JS19" xlink:label="loc_dnb_tgTG-JS19" />
    <gen:arc xlink:type="arc" xlink:arcrole="http://www.eurofiling.info/xbrl/arcrole/group-table" xlink:from="loc_dnb_FTK-ALL" xlink:to="loc_dnb_tgTG-JS19" order="24" />
    <link:loc xlink:type="locator" xlink:href="../tab/j901-1/j901-1-rend.xml#dnb_tJ901-1" xlink:label="loc_dnb_tJ901-1" />
    <gen:arc xlink:type="arc" xlink:arcrole="http://www.eurofiling.info/xbrl/arcrole/group-table" xlink:from="loc_dnb_tgTG-JS19" xlink:to="loc_dnb_tJ901-1" order="1" />
    <link:loc xlink:type="locator" xlink:href="../tab/j901-2/j901-2-rend.xml#dnb_tJ901-2" xlink:label="loc_dnb_tJ901-2" />
    <gen:arc xlink:type="arc" xlink:arcrole="http://www.eurofiling.info/xbrl/arcrole/group-table" xlink:from="loc_dnb_tgTG-JS19" xlink:to="loc_dnb_tJ901-2" order="2" />
    <link:loc xlink:type="locator" xlink:href="../tab/tab.xsd#dnb_tgTG-JS20" xlink:label="loc_dnb_tgTG-JS20" />
    <gen:arc xlink:type="arc" xlink:arcrole="http://www.eurofiling.info/xbrl/arcrole/group-table" xlink:from="loc_dnb_FTK-ALL" xlink:to="loc_dnb_tgTG-JS20" order="25" />
    <link:loc xlink:type="locator" xlink:href="../tab/j902/j902-rend.xml#dnb_tJ902" xlink:label="loc_dnb_tJ902" />
    <gen:arc xlink:type="arc" xlink:arcrole="http://www.eurofiling.info/xbrl/arcrole/group-table" xlink:from="loc_dnb_tgTG-JS20" xlink:to="loc_dnb_tJ902" order="1" />
    <link:loc xlink:type="locator" xlink:href="../tab/j903/j903-rend.xml#dnb_tJ903" xlink:label="loc_dnb_tJ903" />
    <gen:arc xlink:type="arc" xlink:arcrole="http://www.eurofiling.info/xbrl/arcrole/group-table" xlink:from="loc_dnb_tgTG-JS20" xlink:to="loc_dnb_tJ903" order="2" />
    <link:loc xlink:type="locator" xlink:href="../tab/tab.xsd#dnb_tgTG-JS21" xlink:label="loc_dnb_tgTG-JS21" />
    <gen:arc xlink:type="arc" xlink:arcrole="http://www.eurofiling.info/xbrl/arcrole/group-table" xlink:from="loc_dnb_FTK-ALL" xlink:to="loc_dnb_tgTG-JS21" order="26" />
    <link:loc xlink:type="locator" xlink:href="../tab/j904/j904-rend.xml#dnb_tJ904" xlink:label="loc_dnb_tJ904" />
    <gen:arc xlink:type="arc" xlink:arcrole="http://www.eurofiling.info/xbrl/arcrole/group-table" xlink:from="loc_dnb_tgTG-JS21" xlink:to="loc_dnb_tJ904" order="1" />
    <link:loc xlink:type="locator" xlink:href="../tab/tab.xsd#dnb_tgTG-PR1" xlink:label="loc_dnb_tgTG-PR1" />
    <gen:arc xlink:type="arc" xlink:arcrole="http://www.eurofiling.info/xbrl/arcrole/group-table" xlink:from="loc_dnb_FTK-ALL" xlink:to="loc_dnb_tgTG-PR1" order="27" />
    <link:loc xlink:type="locator" xlink:href="../tab/k401-1/k401-1-rend.xml#dnb_tK401-1" xlink:label="loc_dnb_tK401-1" />
    <gen:arc xlink:type="arc" xlink:arcrole="http://www.eurofiling.info/xbrl/arcrole/group-table" xlink:from="loc_dnb_tgTG-PR1" xlink:to="loc_dnb_tK401-1" order="1" />
    <link:loc xlink:type="locator" xlink:href="../tab/k401-2/k401-2-rend.xml#dnb_tK401-2" xlink:label="loc_dnb_tK401-2" />
    <gen:arc xlink:type="arc" xlink:arcrole="http://www.eurofiling.info/xbrl/arcrole/group-table" xlink:from="loc_dnb_tgTG-PR1" xlink:to="loc_dnb_tK401-2" order="2" />
    <link:loc xlink:type="locator" xlink:href="../tab/k401-3/k401-3-rend.xml#dnb_tK401-3" xlink:label="loc_dnb_tK401-3" />
    <gen:arc xlink:type="arc" xlink:arcrole="http://www.eurofiling.info/xbrl/arcrole/group-table" xlink:from="loc_dnb_tgTG-PR1" xlink:to="loc_dnb_tK401-3" order="3" />
    <link:loc xlink:type="locator" xlink:href="../tab/k401-4/k401-4-rend.xml#dnb_tK401-4" xlink:label="loc_dnb_tK401-4" />
    <gen:arc xlink:type="arc" xlink:arcrole="http://www.eurofiling.info/xbrl/arcrole/group-table" xlink:from="loc_dnb_tgTG-PR1" xlink:to="loc_dnb_tK401-4" order="4" />
    <link:loc xlink:type="locator" xlink:href="../tab/k401-5/k401-5-rend.xml#dnb_tK401-5" xlink:label="loc_dnb_tK401-5" />
    <gen:arc xlink:type="arc" xlink:arcrole="http://www.eurofiling.info/xbrl/arcrole/group-table" xlink:from="loc_dnb_tgTG-PR1" xlink:to="loc_dnb_tK401-5" order="5" />
    <link:loc xlink:type="locator" xlink:href="../tab/k401-6/k401-6-rend.xml#dnb_tK401-6" xlink:label="loc_dnb_tK401-6" />
    <gen:arc xlink:type="arc" xlink:arcrole="http://www.eurofiling.info/xbrl/arcrole/group-table" xlink:from="loc_dnb_tgTG-PR1" xlink:to="loc_dnb_tK401-6" order="6" />
    <link:loc xlink:type="locator" xlink:href="../tab/tab.xsd#dnb_tgTG-PR2" xlink:label="loc_dnb_tgTG-PR2" />
    <gen:arc xlink:type="arc" xlink:arcrole="http://www.eurofiling.info/xbrl/arcrole/group-table" xlink:from="loc_dnb_FTK-ALL" xlink:to="loc_dnb_tgTG-PR2" order="28" />
    <link:loc xlink:type="locator" xlink:href="../tab/k402/k402-rend.xml#dnb_tK402" xlink:label="loc_dnb_tK402" />
    <gen:arc xlink:type="arc" xlink:arcrole="http://www.eurofiling.info/xbrl/arcrole/group-table" xlink:from="loc_dnb_tgTG-PR2" xlink:to="loc_dnb_tK402" order="1" />
    <link:loc xlink:type="locator" xlink:href="../tab/tab.xsd#dnb_tgTG-RG1" xlink:label="loc_dnb_tgTG-RG1" />
    <gen:arc xlink:type="arc" xlink:arcrole="http://www.eurofiling.info/xbrl/arcrole/group-table" xlink:from="loc_dnb_FTK-ALL" xlink:to="loc_dnb_tgTG-RG1" order="29" />
    <link:loc xlink:type="locator" xlink:href="../tab/k602/k602-rend.xml#dnb_tK602" xlink:label="loc_dnb_tK602" />
    <gen:arc xlink:type="arc" xlink:arcrole="http://www.eurofiling.info/xbrl/arcrole/group-table" xlink:from="loc_dnb_tgTG-RG1" xlink:to="loc_dnb_tK602" order="1" />
    <link:loc xlink:type="locator" xlink:href="../tab/tab.xsd#dnb_tgTG-HP1" xlink:label="loc_dnb_tgTG-HP1" />
    <gen:arc xlink:type="arc" xlink:arcrole="http://www.eurofiling.info/xbrl/arcrole/group-table" xlink:from="loc_dnb_FTK-ALL" xlink:to="loc_dnb_tgTG-HP1" order="30" />
    <link:loc xlink:type="locator" xlink:href="../tab/k501-1/k501-1-rend.xml#dnb_tK501-1" xlink:label="loc_dnb_tK501-1" />
    <gen:arc xlink:type="arc" xlink:arcrole="http://www.eurofiling.info/xbrl/arcrole/group-table" xlink:from="loc_dnb_tgTG-HP1" xlink:to="loc_dnb_tK501-1" order="1" />
    <link:loc xlink:type="locator" xlink:href="../tab/k501-2/k501-2-rend.xml#dnb_tK501-2" xlink:label="loc_dnb_tK501-2" />
    <gen:arc xlink:type="arc" xlink:arcrole="http://www.eurofiling.info/xbrl/arcrole/group-table" xlink:from="loc_dnb_tgTG-HP1" xlink:to="loc_dnb_tK501-2" order="2" />
    <link:loc xlink:type="locator" xlink:href="../tab/tab.xsd#dnb_tgTG-HP2" xlink:label="loc_dnb_tgTG-HP2" />
    <gen:arc xlink:type="arc" xlink:arcrole="http://www.eurofiling.info/xbrl/arcrole/group-table" xlink:from="loc_dnb_FTK-ALL" xlink:to="loc_dnb_tgTG-HP2" order="31" />
    <link:loc xlink:type="locator" xlink:href="../tab/k502-1/k502-1-rend.xml#dnb_tK502-1" xlink:label="loc_dnb_tK502-1" />
    <gen:arc xlink:type="arc" xlink:arcrole="http://www.eurofiling.info/xbrl/arcrole/group-table" xlink:from="loc_dnb_tgTG-HP2" xlink:to="loc_dnb_tK502-1" order="1" />
    <link:loc xlink:type="locator" xlink:href="../tab/k502-2/k502-2-rend.xml#dnb_tK502-2" xlink:label="loc_dnb_tK502-2" />
    <gen:arc xlink:type="arc" xlink:arcrole="http://www.eurofiling.info/xbrl/arcrole/group-table" xlink:from="loc_dnb_tgTG-HP2" xlink:to="loc_dnb_tK502-2" order="2" />
    <link:loc xlink:type="locator" xlink:href="../tab/tab.xsd#dnb_tgTG-HBT1" xlink:label="loc_dnb_tgTG-HBT1" />
    <gen:arc xlink:type="arc" xlink:arcrole="http://www.eurofiling.info/xbrl/arcrole/group-table" xlink:from="loc_dnb_FTK-ALL" xlink:to="loc_dnb_tgTG-HBT1" order="32" />
    <link:loc xlink:type="locator" xlink:href="../tab/hbt/hbt-rend.xml#dnb_tHBT" xlink:label="loc_dnb_tHBT" />
    <gen:arc xlink:type="arc" xlink:arcrole="http://www.eurofiling.info/xbrl/arcrole/group-table" xlink:from="loc_dnb_tgTG-HBT1" xlink:to="loc_dnb_tHBT" order="1" />
    <link:loc xlink:type="locator" xlink:href="../tab/tab.xsd#dnb_tgTG-APF1" xlink:label="loc_dnb_tgTG-APF1" />
    <gen:arc xlink:type="arc" xlink:arcrole="http://www.eurofiling.info/xbrl/arcrole/group-table" xlink:from="loc_dnb_FTK-ALL" xlink:to="loc_dnb_tgTG-APF1" order="33" />
    <link:loc xlink:type="locator" xlink:href="../tab/apf001-1/apf001-1-rend.xml#dnb_tAPF001-1" xlink:label="loc_dnb_tAPF001-1" />
    <gen:arc xlink:type="arc" xlink:arcrole="http://www.eurofiling.info/xbrl/arcrole/group-table" xlink:from="loc_dnb_tgTG-APF1" xlink:to="loc_dnb_tAPF001-1" order="1" />
    <link:loc xlink:type="locator" xlink:href="../tab/apf001-2/apf001-2-rend.xml#dnb_tAPF001-2" xlink:label="loc_dnb_tAPF001-2" />
    <gen:arc xlink:type="arc" xlink:arcrole="http://www.eurofiling.info/xbrl/arcrole/group-table" xlink:from="loc_dnb_tgTG-APF1" xlink:to="loc_dnb_tAPF001-2" order="2" />
    <link:loc xlink:type="locator" xlink:href="../tab/tab.xsd#dnb_tgTG-APF2" xlink:label="loc_dnb_tgTG-APF2" />
    <gen:arc xlink:type="arc" xlink:arcrole="http://www.eurofiling.info/xbrl/arcrole/group-table" xlink:from="loc_dnb_FTK-ALL" xlink:to="loc_dnb_tgTG-APF2" order="34" />
    <link:loc xlink:type="locator" xlink:href="../tab/apf002/apf002-rend.xml#dnb_tAPF002" xlink:label="loc_dnb_tAPF002" />
    <gen:arc xlink:type="arc" xlink:arcrole="http://www.eurofiling.info/xbrl/arcrole/group-table" xlink:from="loc_dnb_tgTG-APF2" xlink:to="loc_dnb_tAPF002" order="1" />
    <link:loc xlink:type="locator" xlink:href="../tab/tab.xsd#dnb_tgTG-APF3" xlink:label="loc_dnb_tgTG-APF3" />
    <gen:arc xlink:type="arc" xlink:arcrole="http://www.eurofiling.info/xbrl/arcrole/group-table" xlink:from="loc_dnb_FTK-ALL" xlink:to="loc_dnb_tgTG-APF3" order="35" />
    <link:loc xlink:type="locator" xlink:href="../tab/apf003/apf003-rend.xml#dnb_tAPF003" xlink:label="loc_dnb_tAPF003" />
    <gen:arc xlink:type="arc" xlink:arcrole="http://www.eurofiling.info/xbrl/arcrole/group-table" xlink:from="loc_dnb_tgTG-APF3" xlink:to="loc_dnb_tAPF003" order="1" />
    <link:loc xlink:type="locator" xlink:href="../tab/tab.xsd#dnb_tgTG-APF4" xlink:label="loc_dnb_tgTG-APF4" />
    <gen:arc xlink:type="arc" xlink:arcrole="http://www.eurofiling.info/xbrl/arcrole/group-table" xlink:from="loc_dnb_FTK-ALL" xlink:to="loc_dnb_tgTG-APF4" order="36" />
    <link:loc xlink:type="locator" xlink:href="../tab/apf004/apf004-rend.xml#dnb_tAPF004" xlink:label="loc_dnb_tAPF004" />
    <gen:arc xlink:type="arc" xlink:arcrole="http://www.eurofiling.info/xbrl/arcrole/group-table" xlink:from="loc_dnb_tgTG-APF4" xlink:to="loc_dnb_tAPF004" order="1" />
    <link:loc xlink:type="locator" xlink:href="../tab/tab.xsd#dnb_tgTG-APF5" xlink:label="loc_dnb_tgTG-APF5" />
    <gen:arc xlink:type="arc" xlink:arcrole="http://www.eurofiling.info/xbrl/arcrole/group-table" xlink:from="loc_dnb_FTK-ALL" xlink:to="loc_dnb_tgTG-APF5" order="37" />
    <link:loc xlink:type="locator" xlink:href="../tab/apf005/apf005-rend.xml#dnb_tAPF005" xlink:label="loc_dnb_tAPF005" />
    <gen:arc xlink:type="arc" xlink:arcrole="http://www.eurofiling.info/xbrl/arcrole/group-table" xlink:from="loc_dnb_tgTG-APF5" xlink:to="loc_dnb_tAPF005" order="1" />
    <link:loc xlink:type="locator" xlink:href="../tab/tab.xsd#dnb_tgTG-APF6" xlink:label="loc_dnb_tgTG-APF6" />
    <gen:arc xlink:type="arc" xlink:arcrole="http://www.eurofiling.info/xbrl/arcrole/group-table" xlink:from="loc_dnb_FTK-ALL" xlink:to="loc_dnb_tgTG-APF6" order="38" />
    <link:loc xlink:type="locator" xlink:href="../tab/apf006-1/apf006-1-rend.xml#dnb_tAPF006-1" xlink:label="loc_dnb_tAPF006-1" />
    <gen:arc xlink:type="arc" xlink:arcrole="http://www.eurofiling.info/xbrl/arcrole/group-table" xlink:from="loc_dnb_tgTG-APF6" xlink:to="loc_dnb_tAPF006-1" order="1" />
    <link:loc xlink:type="locator" xlink:href="../tab/apf006-2/apf006-2-rend.xml#dnb_tAPF006-2" xlink:label="loc_dnb_tAPF006-2" />
    <gen:arc xlink:type="arc" xlink:arcrole="http://www.eurofiling.info/xbrl/arcrole/group-table" xlink:from="loc_dnb_tgTG-APF6" xlink:to="loc_dnb_tAPF006-2" order="2" />
    <link:loc xlink:type="locator" xlink:href="../tab/apf006-3/apf006-3-rend.xml#dnb_tAPF006-3" xlink:label="loc_dnb_tAPF006-3" />
    <gen:arc xlink:type="arc" xlink:arcrole="http://www.eurofiling.info/xbrl/arcrole/group-table" xlink:from="loc_dnb_tgTG-APF6" xlink:to="loc_dnb_tAPF006-3" order="3" />
    <link:loc xlink:type="locator" xlink:href="../tab/apf006-4/apf006-4-rend.xml#dnb_tAPF006-4" xlink:label="loc_dnb_tAPF006-4" />
    <gen:arc xlink:type="arc" xlink:arcrole="http://www.eurofiling.info/xbrl/arcrole/group-table" xlink:from="loc_dnb_tgTG-APF6" xlink:to="loc_dnb_tAPF006-4" order="4" />
    <link:loc xlink:type="locator" xlink:href="../tab/apf006-5/apf006-5-rend.xml#dnb_tAPF006-5" xlink:label="loc_dnb_tAPF006-5" />
    <gen:arc xlink:type="arc" xlink:arcrole="http://www.eurofiling.info/xbrl/arcrole/group-table" xlink:from="loc_dnb_tgTG-APF6" xlink:to="loc_dnb_tAPF006-5" order="5" />
    <link:loc xlink:type="locator" xlink:href="../tab/apf006-6/apf006-6-rend.xml#dnb_tAPF006-6" xlink:label="loc_dnb_tAPF006-6" />
    <gen:arc xlink:type="arc" xlink:arcrole="http://www.eurofiling.info/xbrl/arcrole/group-table" xlink:from="loc_dnb_tgTG-APF6" xlink:to="loc_dnb_tAPF006-6" order="6" />
    <link:loc xlink:type="locator" xlink:href="../tab/apf006-7/apf006-7-rend.xml#dnb_tAPF006-7" xlink:label="loc_dnb_tAPF006-7" />
    <gen:arc xlink:type="arc" xlink:arcrole="http://www.eurofiling.info/xbrl/arcrole/group-table" xlink:from="loc_dnb_tgTG-APF6" xlink:to="loc_dnb_tAPF006-7" order="7" />
  </gen:link>
</link:linkbase>