﻿<?xml version="1.0" encoding="utf-8"?>
<!--© DNB-->
<link:linkbase xmlns:xsi="http://www.w3.org/2001/XMLSchema-instance" xmlns:xlink="http://www.w3.org/1999/xlink" xmlns:link="http://www.xbrl.org/2003/linkbase" xmlns:gen="http://xbrl.org/2008/generic" xmlns:label="http://xbrl.org/2008/label" xsi:schemaLocation="http://www.xbrl.org/2003/linkbase http://www.xbrl.org/2003/xbrl-linkbase-2003-12-31.xsd http://xbrl.org/2008/generic http://www.xbrl.org/2008/generic-link.xsd http://xbrl.org/2008/label http://www.xbrl.org/2008/generic-label.xsd">
  <link:arcroleRef arcroleURI="http://www.eurofiling.info/xbrl/arcrole/group-table" xlink:type="simple" xlink:href="http://www.eurofiling.info/eu/fr/xbrl/ext/model.xsd#group-table" />
  <gen:link xlink:type="extended" xlink:role="http://www.xbrl.org/2003/role/link">
    <link:loc xlink:type="locator" xlink:href="ftk-bel.xsd#dnb_FTK-BEL" xlink:label="loc_dnb_FTK-BEL" />
    <link:loc xlink:type="locator" xlink:href="../tab/tab.xsd#dnb_tgTG-CG1" xlink:label="loc_dnb_tgTG-CG1" />
    <gen:arc xlink:type="arc" xlink:arcrole="http://www.eurofiling.info/xbrl/arcrole/group-table" xlink:from="loc_dnb_FTK-BEL" xlink:to="loc_dnb_tgTG-CG1" order="1" />
    <link:loc xlink:type="locator" xlink:href="../tab/k000/k000-rend.xml#dnb_tK000" xlink:label="loc_dnb_tK000" />
    <gen:arc xlink:type="arc" xlink:arcrole="http://www.eurofiling.info/xbrl/arcrole/group-table" xlink:from="loc_dnb_tgTG-CG1" xlink:to="loc_dnb_tK000" order="1" />
    <link:loc xlink:type="locator" xlink:href="../tab/tab.xsd#dnb_tgTG-BEL1" xlink:label="loc_dnb_tgTG-BEL1" />
    <gen:arc xlink:type="arc" xlink:arcrole="http://www.eurofiling.info/xbrl/arcrole/group-table" xlink:from="loc_dnb_FTK-BEL" xlink:to="loc_dnb_tgTG-BEL1" order="2" />
    <link:loc xlink:type="locator" xlink:href="../tab/k050/k050-rend.xml#dnb_tK050" xlink:label="loc_dnb_tK050" />
    <gen:arc xlink:type="arc" xlink:arcrole="http://www.eurofiling.info/xbrl/arcrole/group-table" xlink:from="loc_dnb_tgTG-BEL1" xlink:to="loc_dnb_tK050" order="1" />
    <link:loc xlink:type="locator" xlink:href="../tab/k201-1/k201-1-rend.xml#dnb_tK201-1" xlink:label="loc_dnb_tK201-1" />
    <gen:arc xlink:type="arc" xlink:arcrole="http://www.eurofiling.info/xbrl/arcrole/group-table" xlink:from="loc_dnb_tgTG-BEL1" xlink:to="loc_dnb_tK201-1" order="2" />
    <link:loc xlink:type="locator" xlink:href="../tab/k201-2/k201-2-rend.xml#dnb_tK201-2" xlink:label="loc_dnb_tK201-2" />
    <gen:arc xlink:type="arc" xlink:arcrole="http://www.eurofiling.info/xbrl/arcrole/group-table" xlink:from="loc_dnb_tgTG-BEL1" xlink:to="loc_dnb_tK201-2" order="3" />
    <link:loc xlink:type="locator" xlink:href="../tab/k202/k202-rend.xml#dnb_tK202" xlink:label="loc_dnb_tK202" />
    <gen:arc xlink:type="arc" xlink:arcrole="http://www.eurofiling.info/xbrl/arcrole/group-table" xlink:from="loc_dnb_tgTG-BEL1" xlink:to="loc_dnb_tK202" order="4" />
    <link:loc xlink:type="locator" xlink:href="../tab/k203/k203-rend.xml#dnb_tK203" xlink:label="loc_dnb_tK203" />
    <gen:arc xlink:type="arc" xlink:arcrole="http://www.eurofiling.info/xbrl/arcrole/group-table" xlink:from="loc_dnb_tgTG-BEL1" xlink:to="loc_dnb_tK203" order="5" />
    <link:loc xlink:type="locator" xlink:href="../tab/k204/k204-rend.xml#dnb_tK204" xlink:label="loc_dnb_tK204" />
    <gen:arc xlink:type="arc" xlink:arcrole="http://www.eurofiling.info/xbrl/arcrole/group-table" xlink:from="loc_dnb_tgTG-BEL1" xlink:to="loc_dnb_tK204" order="6" />
    <link:loc xlink:type="locator" xlink:href="../tab/k205/k205-rend.xml#dnb_tK205" xlink:label="loc_dnb_tK205" />
    <gen:arc xlink:type="arc" xlink:arcrole="http://www.eurofiling.info/xbrl/arcrole/group-table" xlink:from="loc_dnb_tgTG-BEL1" xlink:to="loc_dnb_tK205" order="7" />
    <link:loc xlink:type="locator" xlink:href="../tab/k206/k206-rend.xml#dnb_tK206" xlink:label="loc_dnb_tK206" />
    <gen:arc xlink:type="arc" xlink:arcrole="http://www.eurofiling.info/xbrl/arcrole/group-table" xlink:from="loc_dnb_tgTG-BEL1" xlink:to="loc_dnb_tK206" order="8" />
    <link:loc xlink:type="locator" xlink:href="../tab/k207/k207-rend.xml#dnb_tK207" xlink:label="loc_dnb_tK207" />
    <gen:arc xlink:type="arc" xlink:arcrole="http://www.eurofiling.info/xbrl/arcrole/group-table" xlink:from="loc_dnb_tgTG-BEL1" xlink:to="loc_dnb_tK207" order="9" />
    <link:loc xlink:type="locator" xlink:href="../tab/tab.xsd#dnb_tgTG-BEL2" xlink:label="loc_dnb_tgTG-BEL2" />
    <gen:arc xlink:type="arc" xlink:arcrole="http://www.eurofiling.info/xbrl/arcrole/group-table" xlink:from="loc_dnb_FTK-BEL" xlink:to="loc_dnb_tgTG-BEL2" order="3" />
    <link:loc xlink:type="locator" xlink:href="../tab/k208a/k208a-rend.xml#dnb_tK208A" xlink:label="loc_dnb_tK208A" />
    <gen:arc xlink:type="arc" xlink:arcrole="http://www.eurofiling.info/xbrl/arcrole/group-table" xlink:from="loc_dnb_tgTG-BEL2" xlink:to="loc_dnb_tK208A" order="1" />
    <link:loc xlink:type="locator" xlink:href="../tab/k208b/k208b-rend.xml#dnb_tK208B" xlink:label="loc_dnb_tK208B" />
    <gen:arc xlink:type="arc" xlink:arcrole="http://www.eurofiling.info/xbrl/arcrole/group-table" xlink:from="loc_dnb_tgTG-BEL2" xlink:to="loc_dnb_tK208B" order="2" />
    <link:loc xlink:type="locator" xlink:href="../tab/k209a/k209a-rend.xml#dnb_tK209A" xlink:label="loc_dnb_tK209A" />
    <gen:arc xlink:type="arc" xlink:arcrole="http://www.eurofiling.info/xbrl/arcrole/group-table" xlink:from="loc_dnb_tgTG-BEL2" xlink:to="loc_dnb_tK209A" order="3" />
    <link:loc xlink:type="locator" xlink:href="../tab/k209b/k209b-rend.xml#dnb_tK209B" xlink:label="loc_dnb_tK209B" />
    <gen:arc xlink:type="arc" xlink:arcrole="http://www.eurofiling.info/xbrl/arcrole/group-table" xlink:from="loc_dnb_tgTG-BEL2" xlink:to="loc_dnb_tK209B" order="4" />
    <link:loc xlink:type="locator" xlink:href="../tab/k210a/k210a-rend.xml#dnb_tK210A" xlink:label="loc_dnb_tK210A" />
    <gen:arc xlink:type="arc" xlink:arcrole="http://www.eurofiling.info/xbrl/arcrole/group-table" xlink:from="loc_dnb_tgTG-BEL2" xlink:to="loc_dnb_tK210A" order="5" />
    <link:loc xlink:type="locator" xlink:href="../tab/k210b/k210b-rend.xml#dnb_tK210B" xlink:label="loc_dnb_tK210B" />
    <gen:arc xlink:type="arc" xlink:arcrole="http://www.eurofiling.info/xbrl/arcrole/group-table" xlink:from="loc_dnb_tgTG-BEL2" xlink:to="loc_dnb_tK210B" order="6" />
    <link:loc xlink:type="locator" xlink:href="../tab/tab.xsd#dnb_tgTG-BEL3" xlink:label="loc_dnb_tgTG-BEL3" />
    <gen:arc xlink:type="arc" xlink:arcrole="http://www.eurofiling.info/xbrl/arcrole/group-table" xlink:from="loc_dnb_FTK-BEL" xlink:to="loc_dnb_tgTG-BEL3" order="4" />
    <link:loc xlink:type="locator" xlink:href="../tab/k101-1/k101-1-rend.xml#dnb_tK101-1" xlink:label="loc_dnb_tK101-1" />
    <gen:arc xlink:type="arc" xlink:arcrole="http://www.eurofiling.info/xbrl/arcrole/group-table" xlink:from="loc_dnb_tgTG-BEL3" xlink:to="loc_dnb_tK101-1" order="1" />
    <link:loc xlink:type="locator" xlink:href="../tab/k101-2/k101-2-rend.xml#dnb_tK101-2" xlink:label="loc_dnb_tK101-2" />
    <gen:arc xlink:type="arc" xlink:arcrole="http://www.eurofiling.info/xbrl/arcrole/group-table" xlink:from="loc_dnb_tgTG-BEL3" xlink:to="loc_dnb_tK101-2" order="2" />
  </gen:link>
</link:linkbase>