﻿<?xml version="1.0" encoding="utf-8"?>
<!--© DNB-->
<link:linkbase xmlns:xsi="http://www.w3.org/2001/XMLSchema-instance" xmlns:xlink="http://www.w3.org/1999/xlink" xmlns:link="http://www.xbrl.org/2003/linkbase" xmlns:gen="http://xbrl.org/2008/generic" xmlns:label="http://xbrl.org/2008/label" xsi:schemaLocation="http://www.xbrl.org/2003/linkbase http://www.xbrl.org/2003/xbrl-linkbase-2003-12-31.xsd http://xbrl.org/2008/generic http://www.xbrl.org/2008/generic-link.xsd http://xbrl.org/2008/label http://www.xbrl.org/2008/generic-label.xsd">
  <link:arcroleRef arcroleURI="http://www.eurofiling.info/xbrl/arcrole/group-table" xlink:type="simple" xlink:href="http://www.eurofiling.info/eu/fr/xbrl/ext/model.xsd#group-table" />
  <gen:link xlink:type="extended" xlink:role="http://www.xbrl.org/2003/role/link">
    <link:loc xlink:type="locator" xlink:href="ftk-pr.xsd#dnb_FTK-PR" xlink:label="loc_dnb_FTK-PR" />
    <link:loc xlink:type="locator" xlink:href="../tab/tab.xsd#dnb_tgTG-CG1" xlink:label="loc_dnb_tgTG-CG1" />
    <gen:arc xlink:type="arc" xlink:arcrole="http://www.eurofiling.info/xbrl/arcrole/group-table" xlink:from="loc_dnb_FTK-PR" xlink:to="loc_dnb_tgTG-CG1" order="1" />
    <link:loc xlink:type="locator" xlink:href="../tab/k000/k000-rend.xml#dnb_tK000" xlink:label="loc_dnb_tK000" />
    <gen:arc xlink:type="arc" xlink:arcrole="http://www.eurofiling.info/xbrl/arcrole/group-table" xlink:from="loc_dnb_tgTG-CG1" xlink:to="loc_dnb_tK000" order="1" />
    <link:loc xlink:type="locator" xlink:href="../tab/tab.xsd#dnb_tgTG-PR1" xlink:label="loc_dnb_tgTG-PR1" />
    <gen:arc xlink:type="arc" xlink:arcrole="http://www.eurofiling.info/xbrl/arcrole/group-table" xlink:from="loc_dnb_FTK-PR" xlink:to="loc_dnb_tgTG-PR1" order="2" />
    <link:loc xlink:type="locator" xlink:href="../tab/k401-1/k401-1-rend.xml#dnb_tK401-1" xlink:label="loc_dnb_tK401-1" />
    <gen:arc xlink:type="arc" xlink:arcrole="http://www.eurofiling.info/xbrl/arcrole/group-table" xlink:from="loc_dnb_tgTG-PR1" xlink:to="loc_dnb_tK401-1" order="1" />
    <link:loc xlink:type="locator" xlink:href="../tab/k401-2/k401-2-rend.xml#dnb_tK401-2" xlink:label="loc_dnb_tK401-2" />
    <gen:arc xlink:type="arc" xlink:arcrole="http://www.eurofiling.info/xbrl/arcrole/group-table" xlink:from="loc_dnb_tgTG-PR1" xlink:to="loc_dnb_tK401-2" order="2" />
    <link:loc xlink:type="locator" xlink:href="../tab/k401-3/k401-3-rend.xml#dnb_tK401-3" xlink:label="loc_dnb_tK401-3" />
    <gen:arc xlink:type="arc" xlink:arcrole="http://www.eurofiling.info/xbrl/arcrole/group-table" xlink:from="loc_dnb_tgTG-PR1" xlink:to="loc_dnb_tK401-3" order="3" />
    <link:loc xlink:type="locator" xlink:href="../tab/k401-4/k401-4-rend.xml#dnb_tK401-4" xlink:label="loc_dnb_tK401-4" />
    <gen:arc xlink:type="arc" xlink:arcrole="http://www.eurofiling.info/xbrl/arcrole/group-table" xlink:from="loc_dnb_tgTG-PR1" xlink:to="loc_dnb_tK401-4" order="4" />
    <link:loc xlink:type="locator" xlink:href="../tab/k401-5/k401-5-rend.xml#dnb_tK401-5" xlink:label="loc_dnb_tK401-5" />
    <gen:arc xlink:type="arc" xlink:arcrole="http://www.eurofiling.info/xbrl/arcrole/group-table" xlink:from="loc_dnb_tgTG-PR1" xlink:to="loc_dnb_tK401-5" order="5" />
    <link:loc xlink:type="locator" xlink:href="../tab/k401-6/k401-6-rend.xml#dnb_tK401-6" xlink:label="loc_dnb_tK401-6" />
    <gen:arc xlink:type="arc" xlink:arcrole="http://www.eurofiling.info/xbrl/arcrole/group-table" xlink:from="loc_dnb_tgTG-PR1" xlink:to="loc_dnb_tK401-6" order="6" />
    <link:loc xlink:type="locator" xlink:href="../tab/tab.xsd#dnb_tgTG-PR2" xlink:label="loc_dnb_tgTG-PR2" />
    <gen:arc xlink:type="arc" xlink:arcrole="http://www.eurofiling.info/xbrl/arcrole/group-table" xlink:from="loc_dnb_FTK-PR" xlink:to="loc_dnb_tgTG-PR2" order="3" />
    <link:loc xlink:type="locator" xlink:href="../tab/k402/k402-rend.xml#dnb_tK402" xlink:label="loc_dnb_tK402" />
    <gen:arc xlink:type="arc" xlink:arcrole="http://www.eurofiling.info/xbrl/arcrole/group-table" xlink:from="loc_dnb_tgTG-PR2" xlink:to="loc_dnb_tK402" order="1" />
  </gen:link>
</link:linkbase>