﻿<?xml version="1.0" encoding="utf-8"?>
<!--© DNB-->
<link:linkbase xmlns:xsi="http://www.w3.org/2001/XMLSchema-instance" xmlns:xlink="http://www.w3.org/1999/xlink" xmlns:link="http://www.xbrl.org/2003/linkbase" xmlns:gen="http://xbrl.org/2008/generic" xmlns:label="http://xbrl.org/2008/label" xsi:schemaLocation="http://www.xbrl.org/2003/linkbase http://www.xbrl.org/2003/xbrl-linkbase-2003-12-31.xsd http://xbrl.org/2008/generic http://www.xbrl.org/2008/generic-link.xsd http://xbrl.org/2008/label http://www.xbrl.org/2008/generic-label.xsd">
  <link:arcroleRef arcroleURI="http://www.eurofiling.info/xbrl/arcrole/group-table" xlink:type="simple" xlink:href="http://www.eurofiling.info/eu/fr/xbrl/ext/model.xsd#group-table" />
  <gen:link xlink:type="extended" xlink:role="http://www.xbrl.org/2003/role/link">
    <link:loc xlink:type="locator" xlink:href="ftk-hp.xsd#dnb_FTK-HP" xlink:label="loc_dnb_FTK-HP" />
    <link:loc xlink:type="locator" xlink:href="../tab/tab.xsd#dnb_tgTG-CG1" xlink:label="loc_dnb_tgTG-CG1" />
    <gen:arc xlink:type="arc" xlink:arcrole="http://www.eurofiling.info/xbrl/arcrole/group-table" xlink:from="loc_dnb_FTK-HP" xlink:to="loc_dnb_tgTG-CG1" order="1" />
    <link:loc xlink:type="locator" xlink:href="../tab/k000/k000-rend.xml#dnb_tK000" xlink:label="loc_dnb_tK000" />
    <gen:arc xlink:type="arc" xlink:arcrole="http://www.eurofiling.info/xbrl/arcrole/group-table" xlink:from="loc_dnb_tgTG-CG1" xlink:to="loc_dnb_tK000" order="1" />
    <link:loc xlink:type="locator" xlink:href="../tab/tab.xsd#dnb_tgTG-HP1" xlink:label="loc_dnb_tgTG-HP1" />
    <gen:arc xlink:type="arc" xlink:arcrole="http://www.eurofiling.info/xbrl/arcrole/group-table" xlink:from="loc_dnb_FTK-HP" xlink:to="loc_dnb_tgTG-HP1" order="2" />
    <link:loc xlink:type="locator" xlink:href="../tab/k501-1/k501-1-rend.xml#dnb_tK501-1" xlink:label="loc_dnb_tK501-1" />
    <gen:arc xlink:type="arc" xlink:arcrole="http://www.eurofiling.info/xbrl/arcrole/group-table" xlink:from="loc_dnb_tgTG-HP1" xlink:to="loc_dnb_tK501-1" order="1" />
    <link:loc xlink:type="locator" xlink:href="../tab/k501-2/k501-2-rend.xml#dnb_tK501-2" xlink:label="loc_dnb_tK501-2" />
    <gen:arc xlink:type="arc" xlink:arcrole="http://www.eurofiling.info/xbrl/arcrole/group-table" xlink:from="loc_dnb_tgTG-HP1" xlink:to="loc_dnb_tK501-2" order="2" />
    <link:loc xlink:type="locator" xlink:href="../tab/tab.xsd#dnb_tgTG-HP2" xlink:label="loc_dnb_tgTG-HP2" />
    <gen:arc xlink:type="arc" xlink:arcrole="http://www.eurofiling.info/xbrl/arcrole/group-table" xlink:from="loc_dnb_FTK-HP" xlink:to="loc_dnb_tgTG-HP2" order="3" />
    <link:loc xlink:type="locator" xlink:href="../tab/k502-1/k502-1-rend.xml#dnb_tK502-1" xlink:label="loc_dnb_tK502-1" />
    <gen:arc xlink:type="arc" xlink:arcrole="http://www.eurofiling.info/xbrl/arcrole/group-table" xlink:from="loc_dnb_tgTG-HP2" xlink:to="loc_dnb_tK502-1" order="1" />
    <link:loc xlink:type="locator" xlink:href="../tab/k502-2/k502-2-rend.xml#dnb_tK502-2" xlink:label="loc_dnb_tK502-2" />
    <gen:arc xlink:type="arc" xlink:arcrole="http://www.eurofiling.info/xbrl/arcrole/group-table" xlink:from="loc_dnb_tgTG-HP2" xlink:to="loc_dnb_tK502-2" order="2" />
  </gen:link>
</link:linkbase>