<ns0:linkbase xmlns:ns0="http://www.xbrl.org/2003/linkbase" xmlns:ns2="http://www.w3.org/1999/xlink" xmlns:ns3="http://xbrl.org/2005/xbrldt" xmlns:xsi="http://www.w3.org/2001/XMLSchema-instance" xsi:schemaLocation="http://www.xbrl.org/2003/linkbase http://www.xbrl.org/2003/xbrl-linkbase-2003-12-31.xsd">
    <ns0:arcroleRef arcroleURI="http://xbrl.org/int/dim/arcrole/dimension-domain" ns2:href="http://www.xbrl.org/2005/xbrldt-2005.xsd#dimension-domain" ns2:type="simple" />
    <ns0:roleRef roleURI="http://ferc.gov/form/2020-01-01/roles/Schedule/F1/ScheduleElectricOperationAndMaintenanceExpenses" ns2:href="form-1-sched-ElectricOperationAndMaintenanceExpenses_2020-01-01.xsd#roleType_ScheduleElectricOperationAndMaintenanceExpenses" ns2:type="simple" />
    <ns0:arcroleRef arcroleURI="http://xbrl.org/int/dim/arcrole/dimension-default" ns2:href="http://www.xbrl.org/2005/xbrldt-2005.xsd#dimension-default" ns2:type="simple" />
    <ns0:arcroleRef arcroleURI="http://xbrl.org/int/dim/arcrole/hypercube-dimension" ns2:href="http://www.xbrl.org/2005/xbrldt-2005.xsd#hypercube-dimension" ns2:type="simple" />
    <ns0:arcroleRef arcroleURI="http://xbrl.org/int/dim/arcrole/all" ns2:href="http://www.xbrl.org/2005/xbrldt-2005.xsd#all" ns2:type="simple" />
    <ns0:arcroleRef arcroleURI="http://xbrl.org/int/dim/arcrole/domain-member" ns2:href="http://www.xbrl.org/2005/xbrldt-2005.xsd#domain-member" ns2:type="simple" />
    <ns0:definitionLink ns2:role="http://ferc.gov/form/2020-01-01/roles/Schedule/F1/ScheduleElectricOperationAndMaintenanceExpenses" ns2:type="extended">
        <ns0:loc ns2:href="../../ferc-core_2020-01-01.xsd#ferc_ScheduleElectricOperationsAndMaintenanceExpensesAbstract" ns2:label="ferc_ScheduleElectricOperationsAndMaintenanceExpensesAbstract" ns2:type="locator" />
        <ns0:loc ns2:href="../../ferc-core_2020-01-01.xsd#ferc_OperationsAndMaintenanceExpensesLineItems" ns2:label="ferc_OperationsAndMaintenanceExpensesLineItems" ns2:type="locator" />
        <ns0:definitionArc order="1" ns2:arcrole="http://xbrl.org/int/dim/arcrole/domain-member" ns2:from="ferc_ScheduleElectricOperationsAndMaintenanceExpensesAbstract" ns2:to="ferc_OperationsAndMaintenanceExpensesLineItems" ns2:type="arc" />
        <ns0:loc ns2:href="../../ferc-core_2020-01-01.xsd#ferc_OperationsAndMaintenanceExpensesTable" ns2:label="ferc_OperationsAndMaintenanceExpensesTable" ns2:type="locator" />
        <ns0:definitionArc order="1" ns2:arcrole="http://xbrl.org/int/dim/arcrole/all" ns2:from="ferc_OperationsAndMaintenanceExpensesLineItems" ns2:to="ferc_OperationsAndMaintenanceExpensesTable" ns2:type="arc" ns3:closed="true" ns3:contextElement="segment" />
        <ns0:loc ns2:href="../../ferc-core_2020-01-01.xsd#ferc_PowerProductionExpensesAbstract" ns2:label="ferc_PowerProductionExpensesAbstract" ns2:type="locator" />
        <ns0:definitionArc order="2" ns2:arcrole="http://xbrl.org/int/dim/arcrole/domain-member" ns2:from="ferc_OperationsAndMaintenanceExpensesLineItems" ns2:to="ferc_PowerProductionExpensesAbstract" ns2:type="arc" />
        <ns0:loc ns2:href="../../ferc-core_2020-01-01.xsd#ferc_SteamPowerGenerationAbstract" ns2:label="ferc_SteamPowerGenerationAbstract" ns2:type="locator" />
        <ns0:definitionArc order="1" ns2:arcrole="http://xbrl.org/int/dim/arcrole/domain-member" ns2:from="ferc_PowerProductionExpensesAbstract" ns2:to="ferc_SteamPowerGenerationAbstract" ns2:type="arc" />
        <ns0:loc ns2:href="../../ferc-core_2020-01-01.xsd#ferc_SteamPowerGenerationOperationAbstract" ns2:label="ferc_SteamPowerGenerationOperationAbstract" ns2:type="locator" />
        <ns0:definitionArc order="1" ns2:arcrole="http://xbrl.org/int/dim/arcrole/domain-member" ns2:from="ferc_SteamPowerGenerationAbstract" ns2:to="ferc_SteamPowerGenerationOperationAbstract" ns2:type="arc" />
        <ns0:loc ns2:href="../../ferc-core_2020-01-01.xsd#ferc_OperationSupervisionAndEngineeringSteamPowerGeneration" ns2:label="ferc_OperationSupervisionAndEngineeringSteamPowerGeneration" ns2:type="locator" />
        <ns0:definitionArc order="1" ns2:arcrole="http://xbrl.org/int/dim/arcrole/domain-member" ns2:from="ferc_SteamPowerGenerationOperationAbstract" ns2:to="ferc_OperationSupervisionAndEngineeringSteamPowerGeneration" ns2:type="arc" />
        <ns0:loc ns2:href="../../ferc-core_2020-01-01.xsd#ferc_FuelSteamPowerGeneration" ns2:label="ferc_FuelSteamPowerGeneration" ns2:type="locator" />
        <ns0:definitionArc order="2" ns2:arcrole="http://xbrl.org/int/dim/arcrole/domain-member" ns2:from="ferc_SteamPowerGenerationOperationAbstract" ns2:to="ferc_FuelSteamPowerGeneration" ns2:type="arc" />
        <ns0:loc ns2:href="../../ferc-core_2020-01-01.xsd#ferc_SteamExpensesSteamPowerGeneration" ns2:label="ferc_SteamExpensesSteamPowerGeneration" ns2:type="locator" />
        <ns0:definitionArc order="3" ns2:arcrole="http://xbrl.org/int/dim/arcrole/domain-member" ns2:from="ferc_SteamPowerGenerationOperationAbstract" ns2:to="ferc_SteamExpensesSteamPowerGeneration" ns2:type="arc" />
        <ns0:loc ns2:href="../../ferc-core_2020-01-01.xsd#ferc_SteamFromOtherSources" ns2:label="ferc_SteamFromOtherSources" ns2:type="locator" />
        <ns0:definitionArc order="4" ns2:arcrole="http://xbrl.org/int/dim/arcrole/domain-member" ns2:from="ferc_SteamPowerGenerationOperationAbstract" ns2:to="ferc_SteamFromOtherSources" ns2:type="arc" />
        <ns0:loc ns2:href="../../ferc-core_2020-01-01.xsd#ferc_SteamTransferredCredit" ns2:label="ferc_SteamTransferredCredit" ns2:type="locator" />
        <ns0:definitionArc order="5" ns2:arcrole="http://xbrl.org/int/dim/arcrole/domain-member" ns2:from="ferc_SteamPowerGenerationOperationAbstract" ns2:to="ferc_SteamTransferredCredit" ns2:type="arc" />
        <ns0:loc ns2:href="../../ferc-core_2020-01-01.xsd#ferc_ElectricExpensesSteamPowerGeneration" ns2:label="ferc_ElectricExpensesSteamPowerGeneration" ns2:type="locator" />
        <ns0:definitionArc order="6" ns2:arcrole="http://xbrl.org/int/dim/arcrole/domain-member" ns2:from="ferc_SteamPowerGenerationOperationAbstract" ns2:to="ferc_ElectricExpensesSteamPowerGeneration" ns2:type="arc" />
        <ns0:loc ns2:href="../../ferc-core_2020-01-01.xsd#ferc_MiscellaneousSteamPowerExpenses" ns2:label="ferc_MiscellaneousSteamPowerExpenses" ns2:type="locator" />
        <ns0:definitionArc order="7" ns2:arcrole="http://xbrl.org/int/dim/arcrole/domain-member" ns2:from="ferc_SteamPowerGenerationOperationAbstract" ns2:to="ferc_MiscellaneousSteamPowerExpenses" ns2:type="arc" />
        <ns0:loc ns2:href="../../ferc-core_2020-01-01.xsd#ferc_RentsSteamPowerGeneration" ns2:label="ferc_RentsSteamPowerGeneration" ns2:type="locator" />
        <ns0:definitionArc order="8" ns2:arcrole="http://xbrl.org/int/dim/arcrole/domain-member" ns2:from="ferc_SteamPowerGenerationOperationAbstract" ns2:to="ferc_RentsSteamPowerGeneration" ns2:type="arc" />
        <ns0:loc ns2:href="../../ferc-core_2020-01-01.xsd#ferc_Allowances" ns2:label="ferc_Allowances" ns2:type="locator" />
        <ns0:definitionArc order="9" ns2:arcrole="http://xbrl.org/int/dim/arcrole/domain-member" ns2:from="ferc_SteamPowerGenerationOperationAbstract" ns2:to="ferc_Allowances" ns2:type="arc" />
        <ns0:loc ns2:href="../../ferc-core_2020-01-01.xsd#ferc_SteamPowerGenerationOperationsExpense" ns2:label="ferc_SteamPowerGenerationOperationsExpense" ns2:type="locator" />
        <ns0:definitionArc order="10" ns2:arcrole="http://xbrl.org/int/dim/arcrole/domain-member" ns2:from="ferc_SteamPowerGenerationOperationAbstract" ns2:to="ferc_SteamPowerGenerationOperationsExpense" ns2:type="arc" />
        <ns0:loc ns2:href="../../ferc-core_2020-01-01.xsd#ferc_SteamPowerGenerationMaintenanceAbstract" ns2:label="ferc_SteamPowerGenerationMaintenanceAbstract" ns2:type="locator" />
        <ns0:definitionArc order="2" ns2:arcrole="http://xbrl.org/int/dim/arcrole/domain-member" ns2:from="ferc_SteamPowerGenerationAbstract" ns2:to="ferc_SteamPowerGenerationMaintenanceAbstract" ns2:type="arc" />
        <ns0:loc ns2:href="../../ferc-core_2020-01-01.xsd#ferc_MaintenanceSupervisionAndEngineeringSteamPowerGeneration" ns2:label="ferc_MaintenanceSupervisionAndEngineeringSteamPowerGeneration" ns2:type="locator" />
        <ns0:definitionArc order="1" ns2:arcrole="http://xbrl.org/int/dim/arcrole/domain-member" ns2:from="ferc_SteamPowerGenerationMaintenanceAbstract" ns2:to="ferc_MaintenanceSupervisionAndEngineeringSteamPowerGeneration" ns2:type="arc" />
        <ns0:loc ns2:href="../../ferc-core_2020-01-01.xsd#ferc_MaintenanceOfStructuresSteamPowerGeneration" ns2:label="ferc_MaintenanceOfStructuresSteamPowerGeneration" ns2:type="locator" />
        <ns0:definitionArc order="2" ns2:arcrole="http://xbrl.org/int/dim/arcrole/domain-member" ns2:from="ferc_SteamPowerGenerationMaintenanceAbstract" ns2:to="ferc_MaintenanceOfStructuresSteamPowerGeneration" ns2:type="arc" />
        <ns0:loc ns2:href="../../ferc-core_2020-01-01.xsd#ferc_MaintenanceOfBoilerPlantSteamPowerGeneration" ns2:label="ferc_MaintenanceOfBoilerPlantSteamPowerGeneration" ns2:type="locator" />
        <ns0:definitionArc order="3" ns2:arcrole="http://xbrl.org/int/dim/arcrole/domain-member" ns2:from="ferc_SteamPowerGenerationMaintenanceAbstract" ns2:to="ferc_MaintenanceOfBoilerPlantSteamPowerGeneration" ns2:type="arc" />
        <ns0:loc ns2:href="../../ferc-core_2020-01-01.xsd#ferc_MaintenanceOfElectricPlantSteamPowerGeneration" ns2:label="ferc_MaintenanceOfElectricPlantSteamPowerGeneration" ns2:type="locator" />
        <ns0:definitionArc order="4" ns2:arcrole="http://xbrl.org/int/dim/arcrole/domain-member" ns2:from="ferc_SteamPowerGenerationMaintenanceAbstract" ns2:to="ferc_MaintenanceOfElectricPlantSteamPowerGeneration" ns2:type="arc" />
        <ns0:loc ns2:href="../../ferc-core_2020-01-01.xsd#ferc_MaintenanceOfMiscellaneousSteamPlant" ns2:label="ferc_MaintenanceOfMiscellaneousSteamPlant" ns2:type="locator" />
        <ns0:definitionArc order="5" ns2:arcrole="http://xbrl.org/int/dim/arcrole/domain-member" ns2:from="ferc_SteamPowerGenerationMaintenanceAbstract" ns2:to="ferc_MaintenanceOfMiscellaneousSteamPlant" ns2:type="arc" />
        <ns0:loc ns2:href="../../ferc-core_2020-01-01.xsd#ferc_SteamPowerGenerationMaintenanceExpense" ns2:label="ferc_SteamPowerGenerationMaintenanceExpense" ns2:type="locator" />
        <ns0:definitionArc order="6" ns2:arcrole="http://xbrl.org/int/dim/arcrole/domain-member" ns2:from="ferc_SteamPowerGenerationMaintenanceAbstract" ns2:to="ferc_SteamPowerGenerationMaintenanceExpense" ns2:type="arc" />
        <ns0:loc ns2:href="../../ferc-core_2020-01-01.xsd#ferc_PowerProductionExpensesSteamPower" ns2:label="ferc_PowerProductionExpensesSteamPower" ns2:type="locator" />
        <ns0:definitionArc order="3" ns2:arcrole="http://xbrl.org/int/dim/arcrole/domain-member" ns2:from="ferc_SteamPowerGenerationAbstract" ns2:to="ferc_PowerProductionExpensesSteamPower" ns2:type="arc" />
        <ns0:loc ns2:href="../../ferc-core_2020-01-01.xsd#ferc_NuclearPowerGenerationAbstract" ns2:label="ferc_NuclearPowerGenerationAbstract" ns2:type="locator" />
        <ns0:definitionArc order="2" ns2:arcrole="http://xbrl.org/int/dim/arcrole/domain-member" ns2:from="ferc_PowerProductionExpensesAbstract" ns2:to="ferc_NuclearPowerGenerationAbstract" ns2:type="arc" />
        <ns0:loc ns2:href="../../ferc-core_2020-01-01.xsd#ferc_NuclearPowerGenerationOperationAbstract" ns2:label="ferc_NuclearPowerGenerationOperationAbstract" ns2:type="locator" />
        <ns0:definitionArc order="1" ns2:arcrole="http://xbrl.org/int/dim/arcrole/domain-member" ns2:from="ferc_NuclearPowerGenerationAbstract" ns2:to="ferc_NuclearPowerGenerationOperationAbstract" ns2:type="arc" />
        <ns0:loc ns2:href="../../ferc-core_2020-01-01.xsd#ferc_OperationSupervisionAndEngineeringNuclearPowerGeneration" ns2:label="ferc_OperationSupervisionAndEngineeringNuclearPowerGeneration" ns2:type="locator" />
        <ns0:definitionArc order="1" ns2:arcrole="http://xbrl.org/int/dim/arcrole/domain-member" ns2:from="ferc_NuclearPowerGenerationOperationAbstract" ns2:to="ferc_OperationSupervisionAndEngineeringNuclearPowerGeneration" ns2:type="arc" />
        <ns0:loc ns2:href="../../ferc-core_2020-01-01.xsd#ferc_NuclearFuelExpense" ns2:label="ferc_NuclearFuelExpense" ns2:type="locator" />
        <ns0:definitionArc order="2" ns2:arcrole="http://xbrl.org/int/dim/arcrole/domain-member" ns2:from="ferc_NuclearPowerGenerationOperationAbstract" ns2:to="ferc_NuclearFuelExpense" ns2:type="arc" />
        <ns0:loc ns2:href="../../ferc-core_2020-01-01.xsd#ferc_CoolantsAndWater" ns2:label="ferc_CoolantsAndWater" ns2:type="locator" />
        <ns0:definitionArc order="3" ns2:arcrole="http://xbrl.org/int/dim/arcrole/domain-member" ns2:from="ferc_NuclearPowerGenerationOperationAbstract" ns2:to="ferc_CoolantsAndWater" ns2:type="arc" />
        <ns0:loc ns2:href="../../ferc-core_2020-01-01.xsd#ferc_SteamExpensesNuclearPowerGeneration" ns2:label="ferc_SteamExpensesNuclearPowerGeneration" ns2:type="locator" />
        <ns0:definitionArc order="4" ns2:arcrole="http://xbrl.org/int/dim/arcrole/domain-member" ns2:from="ferc_NuclearPowerGenerationOperationAbstract" ns2:to="ferc_SteamExpensesNuclearPowerGeneration" ns2:type="arc" />
        <ns0:loc ns2:href="../../ferc-core_2020-01-01.xsd#ferc_SteamFromOtherSourcesNuclearPowerGeneration" ns2:label="ferc_SteamFromOtherSourcesNuclearPowerGeneration" ns2:type="locator" />
        <ns0:definitionArc order="5" ns2:arcrole="http://xbrl.org/int/dim/arcrole/domain-member" ns2:from="ferc_NuclearPowerGenerationOperationAbstract" ns2:to="ferc_SteamFromOtherSourcesNuclearPowerGeneration" ns2:type="arc" />
        <ns0:loc ns2:href="../../ferc-core_2020-01-01.xsd#ferc_SteamTransferredCreditNuclearPowerGeneration" ns2:label="ferc_SteamTransferredCreditNuclearPowerGeneration" ns2:type="locator" />
        <ns0:definitionArc order="6" ns2:arcrole="http://xbrl.org/int/dim/arcrole/domain-member" ns2:from="ferc_NuclearPowerGenerationOperationAbstract" ns2:to="ferc_SteamTransferredCreditNuclearPowerGeneration" ns2:type="arc" />
        <ns0:loc ns2:href="../../ferc-core_2020-01-01.xsd#ferc_ElectricExpensesNuclearPowerGeneration" ns2:label="ferc_ElectricExpensesNuclearPowerGeneration" ns2:type="locator" />
        <ns0:definitionArc order="7" ns2:arcrole="http://xbrl.org/int/dim/arcrole/domain-member" ns2:from="ferc_NuclearPowerGenerationOperationAbstract" ns2:to="ferc_ElectricExpensesNuclearPowerGeneration" ns2:type="arc" />
        <ns0:loc ns2:href="../../ferc-core_2020-01-01.xsd#ferc_MiscellaneousNuclearPowerExpenses" ns2:label="ferc_MiscellaneousNuclearPowerExpenses" ns2:type="locator" />
        <ns0:definitionArc order="8" ns2:arcrole="http://xbrl.org/int/dim/arcrole/domain-member" ns2:from="ferc_NuclearPowerGenerationOperationAbstract" ns2:to="ferc_MiscellaneousNuclearPowerExpenses" ns2:type="arc" />
        <ns0:loc ns2:href="../../ferc-core_2020-01-01.xsd#ferc_RentsNuclearPowerGeneration" ns2:label="ferc_RentsNuclearPowerGeneration" ns2:type="locator" />
        <ns0:definitionArc order="9" ns2:arcrole="http://xbrl.org/int/dim/arcrole/domain-member" ns2:from="ferc_NuclearPowerGenerationOperationAbstract" ns2:to="ferc_RentsNuclearPowerGeneration" ns2:type="arc" />
        <ns0:loc ns2:href="../../ferc-core_2020-01-01.xsd#ferc_NuclearPowerGenerationOperationsExpense" ns2:label="ferc_NuclearPowerGenerationOperationsExpense" ns2:type="locator" />
        <ns0:definitionArc order="10" ns2:arcrole="http://xbrl.org/int/dim/arcrole/domain-member" ns2:from="ferc_NuclearPowerGenerationOperationAbstract" ns2:to="ferc_NuclearPowerGenerationOperationsExpense" ns2:type="arc" />
        <ns0:loc ns2:href="../../ferc-core_2020-01-01.xsd#ferc_NuclearPowerGenerationMaintenanceAbstract" ns2:label="ferc_NuclearPowerGenerationMaintenanceAbstract" ns2:type="locator" />
        <ns0:definitionArc order="2" ns2:arcrole="http://xbrl.org/int/dim/arcrole/domain-member" ns2:from="ferc_NuclearPowerGenerationAbstract" ns2:to="ferc_NuclearPowerGenerationMaintenanceAbstract" ns2:type="arc" />
        <ns0:loc ns2:href="../../ferc-core_2020-01-01.xsd#ferc_MaintenanceSupervisionAndEngineeringNuclearPowerGeneration" ns2:label="ferc_MaintenanceSupervisionAndEngineeringNuclearPowerGeneration" ns2:type="locator" />
        <ns0:definitionArc order="1" ns2:arcrole="http://xbrl.org/int/dim/arcrole/domain-member" ns2:from="ferc_NuclearPowerGenerationMaintenanceAbstract" ns2:to="ferc_MaintenanceSupervisionAndEngineeringNuclearPowerGeneration" ns2:type="arc" />
        <ns0:loc ns2:href="../../ferc-core_2020-01-01.xsd#ferc_MaintenanceOfStructuresNuclearPowerGeneration" ns2:label="ferc_MaintenanceOfStructuresNuclearPowerGeneration" ns2:type="locator" />
        <ns0:definitionArc order="2" ns2:arcrole="http://xbrl.org/int/dim/arcrole/domain-member" ns2:from="ferc_NuclearPowerGenerationMaintenanceAbstract" ns2:to="ferc_MaintenanceOfStructuresNuclearPowerGeneration" ns2:type="arc" />
        <ns0:loc ns2:href="../../ferc-core_2020-01-01.xsd#ferc_MaintenanceOfReactorPlantEquipmentNuclearPowerGeneration" ns2:label="ferc_MaintenanceOfReactorPlantEquipmentNuclearPowerGeneration" ns2:type="locator" />
        <ns0:definitionArc order="3" ns2:arcrole="http://xbrl.org/int/dim/arcrole/domain-member" ns2:from="ferc_NuclearPowerGenerationMaintenanceAbstract" ns2:to="ferc_MaintenanceOfReactorPlantEquipmentNuclearPowerGeneration" ns2:type="arc" />
        <ns0:loc ns2:href="../../ferc-core_2020-01-01.xsd#ferc_MaintenanceOfElectricPlantNuclearPowerGeneration" ns2:label="ferc_MaintenanceOfElectricPlantNuclearPowerGeneration" ns2:type="locator" />
        <ns0:definitionArc order="4" ns2:arcrole="http://xbrl.org/int/dim/arcrole/domain-member" ns2:from="ferc_NuclearPowerGenerationMaintenanceAbstract" ns2:to="ferc_MaintenanceOfElectricPlantNuclearPowerGeneration" ns2:type="arc" />
        <ns0:loc ns2:href="../../ferc-core_2020-01-01.xsd#ferc_MaintenanceOfMiscellaneousNuclearPlant" ns2:label="ferc_MaintenanceOfMiscellaneousNuclearPlant" ns2:type="locator" />
        <ns0:definitionArc order="5" ns2:arcrole="http://xbrl.org/int/dim/arcrole/domain-member" ns2:from="ferc_NuclearPowerGenerationMaintenanceAbstract" ns2:to="ferc_MaintenanceOfMiscellaneousNuclearPlant" ns2:type="arc" />
        <ns0:loc ns2:href="../../ferc-core_2020-01-01.xsd#ferc_NuclearPowerGenerationMaintenanceExpense" ns2:label="ferc_NuclearPowerGenerationMaintenanceExpense" ns2:type="locator" />
        <ns0:definitionArc order="6" ns2:arcrole="http://xbrl.org/int/dim/arcrole/domain-member" ns2:from="ferc_NuclearPowerGenerationMaintenanceAbstract" ns2:to="ferc_NuclearPowerGenerationMaintenanceExpense" ns2:type="arc" />
        <ns0:loc ns2:href="../../ferc-core_2020-01-01.xsd#ferc_PowerProductionExpensesNuclearPower" ns2:label="ferc_PowerProductionExpensesNuclearPower" ns2:type="locator" />
        <ns0:definitionArc order="3" ns2:arcrole="http://xbrl.org/int/dim/arcrole/domain-member" ns2:from="ferc_NuclearPowerGenerationAbstract" ns2:to="ferc_PowerProductionExpensesNuclearPower" ns2:type="arc" />
        <ns0:loc ns2:href="../../ferc-core_2020-01-01.xsd#ferc_HydraulicPowerGenerationAbstract" ns2:label="ferc_HydraulicPowerGenerationAbstract" ns2:type="locator" />
        <ns0:definitionArc order="3" ns2:arcrole="http://xbrl.org/int/dim/arcrole/domain-member" ns2:from="ferc_PowerProductionExpensesAbstract" ns2:to="ferc_HydraulicPowerGenerationAbstract" ns2:type="arc" />
        <ns0:loc ns2:href="../../ferc-core_2020-01-01.xsd#ferc_HydraulicPowerGenerationOperationAbstract" ns2:label="ferc_HydraulicPowerGenerationOperationAbstract" ns2:type="locator" />
        <ns0:definitionArc order="1" ns2:arcrole="http://xbrl.org/int/dim/arcrole/domain-member" ns2:from="ferc_HydraulicPowerGenerationAbstract" ns2:to="ferc_HydraulicPowerGenerationOperationAbstract" ns2:type="arc" />
        <ns0:loc ns2:href="../../ferc-core_2020-01-01.xsd#ferc_OperationSupervisionAndEngineeringHydraulicPowerGeneration" ns2:label="ferc_OperationSupervisionAndEngineeringHydraulicPowerGeneration" ns2:type="locator" />
        <ns0:definitionArc order="1" ns2:arcrole="http://xbrl.org/int/dim/arcrole/domain-member" ns2:from="ferc_HydraulicPowerGenerationOperationAbstract" ns2:to="ferc_OperationSupervisionAndEngineeringHydraulicPowerGeneration" ns2:type="arc" />
        <ns0:loc ns2:href="../../ferc-core_2020-01-01.xsd#ferc_WaterForPower" ns2:label="ferc_WaterForPower" ns2:type="locator" />
        <ns0:definitionArc order="2" ns2:arcrole="http://xbrl.org/int/dim/arcrole/domain-member" ns2:from="ferc_HydraulicPowerGenerationOperationAbstract" ns2:to="ferc_WaterForPower" ns2:type="arc" />
        <ns0:loc ns2:href="../../ferc-core_2020-01-01.xsd#ferc_HydraulicExpenses" ns2:label="ferc_HydraulicExpenses" ns2:type="locator" />
        <ns0:definitionArc order="3" ns2:arcrole="http://xbrl.org/int/dim/arcrole/domain-member" ns2:from="ferc_HydraulicPowerGenerationOperationAbstract" ns2:to="ferc_HydraulicExpenses" ns2:type="arc" />
        <ns0:loc ns2:href="../../ferc-core_2020-01-01.xsd#ferc_ElectricExpensesHydraulicPowerGeneration" ns2:label="ferc_ElectricExpensesHydraulicPowerGeneration" ns2:type="locator" />
        <ns0:definitionArc order="4" ns2:arcrole="http://xbrl.org/int/dim/arcrole/domain-member" ns2:from="ferc_HydraulicPowerGenerationOperationAbstract" ns2:to="ferc_ElectricExpensesHydraulicPowerGeneration" ns2:type="arc" />
        <ns0:loc ns2:href="../../ferc-core_2020-01-01.xsd#ferc_MiscellaneousHydraulicPowerGenerationExpenses" ns2:label="ferc_MiscellaneousHydraulicPowerGenerationExpenses" ns2:type="locator" />
        <ns0:definitionArc order="5" ns2:arcrole="http://xbrl.org/int/dim/arcrole/domain-member" ns2:from="ferc_HydraulicPowerGenerationOperationAbstract" ns2:to="ferc_MiscellaneousHydraulicPowerGenerationExpenses" ns2:type="arc" />
        <ns0:loc ns2:href="../../ferc-core_2020-01-01.xsd#ferc_RentsHydraulicPowerGeneration" ns2:label="ferc_RentsHydraulicPowerGeneration" ns2:type="locator" />
        <ns0:definitionArc order="6" ns2:arcrole="http://xbrl.org/int/dim/arcrole/domain-member" ns2:from="ferc_HydraulicPowerGenerationOperationAbstract" ns2:to="ferc_RentsHydraulicPowerGeneration" ns2:type="arc" />
        <ns0:loc ns2:href="../../ferc-core_2020-01-01.xsd#ferc_HydraulicPowerGenerationOperationsExpense" ns2:label="ferc_HydraulicPowerGenerationOperationsExpense" ns2:type="locator" />
        <ns0:definitionArc order="7" ns2:arcrole="http://xbrl.org/int/dim/arcrole/domain-member" ns2:from="ferc_HydraulicPowerGenerationOperationAbstract" ns2:to="ferc_HydraulicPowerGenerationOperationsExpense" ns2:type="arc" />
        <ns0:loc ns2:href="../../ferc-core_2020-01-01.xsd#ferc_HydraulicPowerGenerationContinuedAbstract" ns2:label="ferc_HydraulicPowerGenerationContinuedAbstract" ns2:type="locator" />
        <ns0:definitionArc order="4" ns2:arcrole="http://xbrl.org/int/dim/arcrole/domain-member" ns2:from="ferc_PowerProductionExpensesAbstract" ns2:to="ferc_HydraulicPowerGenerationContinuedAbstract" ns2:type="arc" />
        <ns0:loc ns2:href="../../ferc-core_2020-01-01.xsd#ferc_HydraulicPowerGenerationMaintenanceAbstract" ns2:label="ferc_HydraulicPowerGenerationMaintenanceAbstract" ns2:type="locator" />
        <ns0:definitionArc order="1" ns2:arcrole="http://xbrl.org/int/dim/arcrole/domain-member" ns2:from="ferc_HydraulicPowerGenerationContinuedAbstract" ns2:to="ferc_HydraulicPowerGenerationMaintenanceAbstract" ns2:type="arc" />
        <ns0:loc ns2:href="../../ferc-core_2020-01-01.xsd#ferc_MaintenanceSupervisionAndEngineeringHydraulicPowerGeneration" ns2:label="ferc_MaintenanceSupervisionAndEngineeringHydraulicPowerGeneration" ns2:type="locator" />
        <ns0:definitionArc order="1" ns2:arcrole="http://xbrl.org/int/dim/arcrole/domain-member" ns2:from="ferc_HydraulicPowerGenerationMaintenanceAbstract" ns2:to="ferc_MaintenanceSupervisionAndEngineeringHydraulicPowerGeneration" ns2:type="arc" />
        <ns0:loc ns2:href="../../ferc-core_2020-01-01.xsd#ferc_MaintenanceOfStructuresHydraulicPowerGeneration" ns2:label="ferc_MaintenanceOfStructuresHydraulicPowerGeneration" ns2:type="locator" />
        <ns0:definitionArc order="2" ns2:arcrole="http://xbrl.org/int/dim/arcrole/domain-member" ns2:from="ferc_HydraulicPowerGenerationMaintenanceAbstract" ns2:to="ferc_MaintenanceOfStructuresHydraulicPowerGeneration" ns2:type="arc" />
        <ns0:loc ns2:href="../../ferc-core_2020-01-01.xsd#ferc_MaintenanceOfReservoirsDamsAndWaterways" ns2:label="ferc_MaintenanceOfReservoirsDamsAndWaterways" ns2:type="locator" />
        <ns0:definitionArc order="3" ns2:arcrole="http://xbrl.org/int/dim/arcrole/domain-member" ns2:from="ferc_HydraulicPowerGenerationMaintenanceAbstract" ns2:to="ferc_MaintenanceOfReservoirsDamsAndWaterways" ns2:type="arc" />
        <ns0:loc ns2:href="../../ferc-core_2020-01-01.xsd#ferc_MaintenanceOfElectricPlantHydraulicPowerGeneration" ns2:label="ferc_MaintenanceOfElectricPlantHydraulicPowerGeneration" ns2:type="locator" />
        <ns0:definitionArc order="4" ns2:arcrole="http://xbrl.org/int/dim/arcrole/domain-member" ns2:from="ferc_HydraulicPowerGenerationMaintenanceAbstract" ns2:to="ferc_MaintenanceOfElectricPlantHydraulicPowerGeneration" ns2:type="arc" />
        <ns0:loc ns2:href="../../ferc-core_2020-01-01.xsd#ferc_MaintenanceOfMiscellaneousHydraulicPlant" ns2:label="ferc_MaintenanceOfMiscellaneousHydraulicPlant" ns2:type="locator" />
        <ns0:definitionArc order="5" ns2:arcrole="http://xbrl.org/int/dim/arcrole/domain-member" ns2:from="ferc_HydraulicPowerGenerationMaintenanceAbstract" ns2:to="ferc_MaintenanceOfMiscellaneousHydraulicPlant" ns2:type="arc" />
        <ns0:loc ns2:href="../../ferc-core_2020-01-01.xsd#ferc_HydraulicPowerGenerationMaintenanceExpense" ns2:label="ferc_HydraulicPowerGenerationMaintenanceExpense" ns2:type="locator" />
        <ns0:definitionArc order="6" ns2:arcrole="http://xbrl.org/int/dim/arcrole/domain-member" ns2:from="ferc_HydraulicPowerGenerationMaintenanceAbstract" ns2:to="ferc_HydraulicPowerGenerationMaintenanceExpense" ns2:type="arc" />
        <ns0:loc ns2:href="../../ferc-core_2020-01-01.xsd#ferc_PowerProductionExpensesHydraulicPower" ns2:label="ferc_PowerProductionExpensesHydraulicPower" ns2:type="locator" />
        <ns0:definitionArc order="2" ns2:arcrole="http://xbrl.org/int/dim/arcrole/domain-member" ns2:from="ferc_HydraulicPowerGenerationContinuedAbstract" ns2:to="ferc_PowerProductionExpensesHydraulicPower" ns2:type="arc" />
        <ns0:loc ns2:href="../../ferc-core_2020-01-01.xsd#ferc_OtherPowerGenerationAbstract" ns2:label="ferc_OtherPowerGenerationAbstract" ns2:type="locator" />
        <ns0:definitionArc order="5" ns2:arcrole="http://xbrl.org/int/dim/arcrole/domain-member" ns2:from="ferc_PowerProductionExpensesAbstract" ns2:to="ferc_OtherPowerGenerationAbstract" ns2:type="arc" />
        <ns0:loc ns2:href="../../ferc-core_2020-01-01.xsd#ferc_OtherPowerGenerationOperationAbstract" ns2:label="ferc_OtherPowerGenerationOperationAbstract" ns2:type="locator" />
        <ns0:definitionArc order="1" ns2:arcrole="http://xbrl.org/int/dim/arcrole/domain-member" ns2:from="ferc_OtherPowerGenerationAbstract" ns2:to="ferc_OtherPowerGenerationOperationAbstract" ns2:type="arc" />
        <ns0:loc ns2:href="../../ferc-core_2020-01-01.xsd#ferc_OperationSupervisionAndEngineeringOtherPowerGeneration" ns2:label="ferc_OperationSupervisionAndEngineeringOtherPowerGeneration" ns2:type="locator" />
        <ns0:definitionArc order="1" ns2:arcrole="http://xbrl.org/int/dim/arcrole/domain-member" ns2:from="ferc_OtherPowerGenerationOperationAbstract" ns2:to="ferc_OperationSupervisionAndEngineeringOtherPowerGeneration" ns2:type="arc" />
        <ns0:loc ns2:href="../../ferc-core_2020-01-01.xsd#ferc_Fuel" ns2:label="ferc_Fuel" ns2:type="locator" />
        <ns0:definitionArc order="2" ns2:arcrole="http://xbrl.org/int/dim/arcrole/domain-member" ns2:from="ferc_OtherPowerGenerationOperationAbstract" ns2:to="ferc_Fuel" ns2:type="arc" />
        <ns0:loc ns2:href="../../ferc-core_2020-01-01.xsd#ferc_GenerationExpenses" ns2:label="ferc_GenerationExpenses" ns2:type="locator" />
        <ns0:definitionArc order="3" ns2:arcrole="http://xbrl.org/int/dim/arcrole/domain-member" ns2:from="ferc_OtherPowerGenerationOperationAbstract" ns2:to="ferc_GenerationExpenses" ns2:type="arc" />
        <ns0:loc ns2:href="../../ferc-core_2020-01-01.xsd#ferc_OperationOfEnergyStorageEquipment" ns2:label="ferc_OperationOfEnergyStorageEquipment" ns2:type="locator" />
        <ns0:definitionArc order="4" ns2:arcrole="http://xbrl.org/int/dim/arcrole/domain-member" ns2:from="ferc_OtherPowerGenerationOperationAbstract" ns2:to="ferc_OperationOfEnergyStorageEquipment" ns2:type="arc" />
        <ns0:loc ns2:href="../../ferc-core_2020-01-01.xsd#ferc_MiscellaneousOtherPowerGenerationExpenses" ns2:label="ferc_MiscellaneousOtherPowerGenerationExpenses" ns2:type="locator" />
        <ns0:definitionArc order="5" ns2:arcrole="http://xbrl.org/int/dim/arcrole/domain-member" ns2:from="ferc_OtherPowerGenerationOperationAbstract" ns2:to="ferc_MiscellaneousOtherPowerGenerationExpenses" ns2:type="arc" />
        <ns0:loc ns2:href="../../ferc-core_2020-01-01.xsd#ferc_RentsOtherPowerGeneration" ns2:label="ferc_RentsOtherPowerGeneration" ns2:type="locator" />
        <ns0:definitionArc order="6" ns2:arcrole="http://xbrl.org/int/dim/arcrole/domain-member" ns2:from="ferc_OtherPowerGenerationOperationAbstract" ns2:to="ferc_RentsOtherPowerGeneration" ns2:type="arc" />
        <ns0:loc ns2:href="../../ferc-core_2020-01-01.xsd#ferc_OtherPowerGenerationOperationsExpense" ns2:label="ferc_OtherPowerGenerationOperationsExpense" ns2:type="locator" />
        <ns0:definitionArc order="7" ns2:arcrole="http://xbrl.org/int/dim/arcrole/domain-member" ns2:from="ferc_OtherPowerGenerationOperationAbstract" ns2:to="ferc_OtherPowerGenerationOperationsExpense" ns2:type="arc" />
        <ns0:loc ns2:href="../../ferc-core_2020-01-01.xsd#ferc_OtherPowerGenerationMaintenanceAbstract" ns2:label="ferc_OtherPowerGenerationMaintenanceAbstract" ns2:type="locator" />
        <ns0:definitionArc order="2" ns2:arcrole="http://xbrl.org/int/dim/arcrole/domain-member" ns2:from="ferc_OtherPowerGenerationAbstract" ns2:to="ferc_OtherPowerGenerationMaintenanceAbstract" ns2:type="arc" />
        <ns0:loc ns2:href="../../ferc-core_2020-01-01.xsd#ferc_MaintenanceSupervisionAndEngineeringOtherPowerGeneration" ns2:label="ferc_MaintenanceSupervisionAndEngineeringOtherPowerGeneration" ns2:type="locator" />
        <ns0:definitionArc order="1" ns2:arcrole="http://xbrl.org/int/dim/arcrole/domain-member" ns2:from="ferc_OtherPowerGenerationMaintenanceAbstract" ns2:to="ferc_MaintenanceSupervisionAndEngineeringOtherPowerGeneration" ns2:type="arc" />
        <ns0:loc ns2:href="../../ferc-core_2020-01-01.xsd#ferc_MaintenanceOfStructures" ns2:label="ferc_MaintenanceOfStructures" ns2:type="locator" />
        <ns0:definitionArc order="2" ns2:arcrole="http://xbrl.org/int/dim/arcrole/domain-member" ns2:from="ferc_OtherPowerGenerationMaintenanceAbstract" ns2:to="ferc_MaintenanceOfStructures" ns2:type="arc" />
        <ns0:loc ns2:href="../../ferc-core_2020-01-01.xsd#ferc_MaintenanceOfGeneratingAndElectricPlant" ns2:label="ferc_MaintenanceOfGeneratingAndElectricPlant" ns2:type="locator" />
        <ns0:definitionArc order="3" ns2:arcrole="http://xbrl.org/int/dim/arcrole/domain-member" ns2:from="ferc_OtherPowerGenerationMaintenanceAbstract" ns2:to="ferc_MaintenanceOfGeneratingAndElectricPlant" ns2:type="arc" />
        <ns0:loc ns2:href="../../ferc-core_2020-01-01.xsd#ferc_MaintenanceOfEnergyStorageEquipmentOtherPowerGeneration" ns2:label="ferc_MaintenanceOfEnergyStorageEquipmentOtherPowerGeneration" ns2:type="locator" />
        <ns0:definitionArc order="4" ns2:arcrole="http://xbrl.org/int/dim/arcrole/domain-member" ns2:from="ferc_OtherPowerGenerationMaintenanceAbstract" ns2:to="ferc_MaintenanceOfEnergyStorageEquipmentOtherPowerGeneration" ns2:type="arc" />
        <ns0:loc ns2:href="../../ferc-core_2020-01-01.xsd#ferc_MaintenanceOfMiscellaneousOtherPowerGenerationPlant" ns2:label="ferc_MaintenanceOfMiscellaneousOtherPowerGenerationPlant" ns2:type="locator" />
        <ns0:definitionArc order="5" ns2:arcrole="http://xbrl.org/int/dim/arcrole/domain-member" ns2:from="ferc_OtherPowerGenerationMaintenanceAbstract" ns2:to="ferc_MaintenanceOfMiscellaneousOtherPowerGenerationPlant" ns2:type="arc" />
        <ns0:loc ns2:href="../../ferc-core_2020-01-01.xsd#ferc_OtherPowerGenerationMaintenanceExpense" ns2:label="ferc_OtherPowerGenerationMaintenanceExpense" ns2:type="locator" />
        <ns0:definitionArc order="6" ns2:arcrole="http://xbrl.org/int/dim/arcrole/domain-member" ns2:from="ferc_OtherPowerGenerationMaintenanceAbstract" ns2:to="ferc_OtherPowerGenerationMaintenanceExpense" ns2:type="arc" />
        <ns0:loc ns2:href="../../ferc-core_2020-01-01.xsd#ferc_PowerProductionExpensesOtherPower" ns2:label="ferc_PowerProductionExpensesOtherPower" ns2:type="locator" />
        <ns0:definitionArc order="3" ns2:arcrole="http://xbrl.org/int/dim/arcrole/domain-member" ns2:from="ferc_OtherPowerGenerationAbstract" ns2:to="ferc_PowerProductionExpensesOtherPower" ns2:type="arc" />
        <ns0:loc ns2:href="../../ferc-core_2020-01-01.xsd#ferc_OtherPowerSuplyExpensesAbstract" ns2:label="ferc_OtherPowerSuplyExpensesAbstract" ns2:type="locator" />
        <ns0:definitionArc order="6" ns2:arcrole="http://xbrl.org/int/dim/arcrole/domain-member" ns2:from="ferc_PowerProductionExpensesAbstract" ns2:to="ferc_OtherPowerSuplyExpensesAbstract" ns2:type="arc" />
        <ns0:loc ns2:href="../../ferc-core_2020-01-01.xsd#ferc_PurchasedPower" ns2:label="ferc_PurchasedPower" ns2:type="locator" />
        <ns0:definitionArc order="1" ns2:arcrole="http://xbrl.org/int/dim/arcrole/domain-member" ns2:from="ferc_OtherPowerSuplyExpensesAbstract" ns2:to="ferc_PurchasedPower" ns2:type="arc" />
        <ns0:loc ns2:href="../../ferc-core_2020-01-01.xsd#ferc_PowerPurchasedForStorageOperations" ns2:label="ferc_PowerPurchasedForStorageOperations" ns2:type="locator" />
        <ns0:definitionArc order="2" ns2:arcrole="http://xbrl.org/int/dim/arcrole/domain-member" ns2:from="ferc_OtherPowerSuplyExpensesAbstract" ns2:to="ferc_PowerPurchasedForStorageOperations" ns2:type="arc" />
        <ns0:loc ns2:href="../../ferc-core_2020-01-01.xsd#ferc_SystemControlAndLoadDispatchingElectric" ns2:label="ferc_SystemControlAndLoadDispatchingElectric" ns2:type="locator" />
        <ns0:definitionArc order="3" ns2:arcrole="http://xbrl.org/int/dim/arcrole/domain-member" ns2:from="ferc_OtherPowerSuplyExpensesAbstract" ns2:to="ferc_SystemControlAndLoadDispatchingElectric" ns2:type="arc" />
        <ns0:loc ns2:href="../../ferc-core_2020-01-01.xsd#ferc_OtherExpensesOtherPowerSupplyExpenses" ns2:label="ferc_OtherExpensesOtherPowerSupplyExpenses" ns2:type="locator" />
        <ns0:definitionArc order="4" ns2:arcrole="http://xbrl.org/int/dim/arcrole/domain-member" ns2:from="ferc_OtherPowerSuplyExpensesAbstract" ns2:to="ferc_OtherExpensesOtherPowerSupplyExpenses" ns2:type="arc" />
        <ns0:loc ns2:href="../../ferc-core_2020-01-01.xsd#ferc_OtherPowerSupplyExpense" ns2:label="ferc_OtherPowerSupplyExpense" ns2:type="locator" />
        <ns0:definitionArc order="5" ns2:arcrole="http://xbrl.org/int/dim/arcrole/domain-member" ns2:from="ferc_OtherPowerSuplyExpensesAbstract" ns2:to="ferc_OtherPowerSupplyExpense" ns2:type="arc" />
        <ns0:loc ns2:href="../../ferc-core_2020-01-01.xsd#ferc_PowerProductionExpenses" ns2:label="ferc_PowerProductionExpenses" ns2:type="locator" />
        <ns0:definitionArc order="7" ns2:arcrole="http://xbrl.org/int/dim/arcrole/domain-member" ns2:from="ferc_PowerProductionExpensesAbstract" ns2:to="ferc_PowerProductionExpenses" ns2:type="arc" />
        <ns0:loc ns2:href="../../ferc-core_2020-01-01.xsd#ferc_TransmissionExpensesAbstract" ns2:label="ferc_TransmissionExpensesAbstract" ns2:type="locator" />
        <ns0:definitionArc order="3" ns2:arcrole="http://xbrl.org/int/dim/arcrole/domain-member" ns2:from="ferc_OperationsAndMaintenanceExpensesLineItems" ns2:to="ferc_TransmissionExpensesAbstract" ns2:type="arc" />
        <ns0:loc ns2:href="../../ferc-core_2020-01-01.xsd#ferc_TransmissionExpensesOperationAbstract" ns2:label="ferc_TransmissionExpensesOperationAbstract" ns2:type="locator" />
        <ns0:definitionArc order="1" ns2:arcrole="http://xbrl.org/int/dim/arcrole/domain-member" ns2:from="ferc_TransmissionExpensesAbstract" ns2:to="ferc_TransmissionExpensesOperationAbstract" ns2:type="arc" />
        <ns0:loc ns2:href="../../ferc-core_2020-01-01.xsd#ferc_OperationSupervisionAndEngineeringElectricTransmissionExpenses" ns2:label="ferc_OperationSupervisionAndEngineeringElectricTransmissionExpenses" ns2:type="locator" />
        <ns0:definitionArc order="1" ns2:arcrole="http://xbrl.org/int/dim/arcrole/domain-member" ns2:from="ferc_TransmissionExpensesOperationAbstract" ns2:to="ferc_OperationSupervisionAndEngineeringElectricTransmissionExpenses" ns2:type="arc" />
        <ns0:loc ns2:href="../../ferc-core_2020-01-01.xsd#ferc_LoadDispatchReliability" ns2:label="ferc_LoadDispatchReliability" ns2:type="locator" />
        <ns0:definitionArc order="2" ns2:arcrole="http://xbrl.org/int/dim/arcrole/domain-member" ns2:from="ferc_TransmissionExpensesOperationAbstract" ns2:to="ferc_LoadDispatchReliability" ns2:type="arc" />
        <ns0:loc ns2:href="../../ferc-core_2020-01-01.xsd#ferc_LoadDispatchMonitorAndOperateTransmissionSystem" ns2:label="ferc_LoadDispatchMonitorAndOperateTransmissionSystem" ns2:type="locator" />
        <ns0:definitionArc order="3" ns2:arcrole="http://xbrl.org/int/dim/arcrole/domain-member" ns2:from="ferc_TransmissionExpensesOperationAbstract" ns2:to="ferc_LoadDispatchMonitorAndOperateTransmissionSystem" ns2:type="arc" />
        <ns0:loc ns2:href="../../ferc-core_2020-01-01.xsd#ferc_LoadDispatchTransmissionServiceAndScheduling" ns2:label="ferc_LoadDispatchTransmissionServiceAndScheduling" ns2:type="locator" />
        <ns0:definitionArc order="4" ns2:arcrole="http://xbrl.org/int/dim/arcrole/domain-member" ns2:from="ferc_TransmissionExpensesOperationAbstract" ns2:to="ferc_LoadDispatchTransmissionServiceAndScheduling" ns2:type="arc" />
        <ns0:loc ns2:href="../../ferc-core_2020-01-01.xsd#ferc_SchedulingSystemControlAndDispatchServices" ns2:label="ferc_SchedulingSystemControlAndDispatchServices" ns2:type="locator" />
        <ns0:definitionArc order="5" ns2:arcrole="http://xbrl.org/int/dim/arcrole/domain-member" ns2:from="ferc_TransmissionExpensesOperationAbstract" ns2:to="ferc_SchedulingSystemControlAndDispatchServices" ns2:type="arc" />
        <ns0:loc ns2:href="../../ferc-core_2020-01-01.xsd#ferc_ReliabilityPlanningAndStandardsDevelopment" ns2:label="ferc_ReliabilityPlanningAndStandardsDevelopment" ns2:type="locator" />
        <ns0:definitionArc order="6" ns2:arcrole="http://xbrl.org/int/dim/arcrole/domain-member" ns2:from="ferc_TransmissionExpensesOperationAbstract" ns2:to="ferc_ReliabilityPlanningAndStandardsDevelopment" ns2:type="arc" />
        <ns0:loc ns2:href="../../ferc-core_2020-01-01.xsd#ferc_TransmissionServiceStudies" ns2:label="ferc_TransmissionServiceStudies" ns2:type="locator" />
        <ns0:definitionArc order="7" ns2:arcrole="http://xbrl.org/int/dim/arcrole/domain-member" ns2:from="ferc_TransmissionExpensesOperationAbstract" ns2:to="ferc_TransmissionServiceStudies" ns2:type="arc" />
        <ns0:loc ns2:href="../../ferc-core_2020-01-01.xsd#ferc_GenerationInterconnectionStudies" ns2:label="ferc_GenerationInterconnectionStudies" ns2:type="locator" />
        <ns0:definitionArc order="8" ns2:arcrole="http://xbrl.org/int/dim/arcrole/domain-member" ns2:from="ferc_TransmissionExpensesOperationAbstract" ns2:to="ferc_GenerationInterconnectionStudies" ns2:type="arc" />
        <ns0:loc ns2:href="../../ferc-core_2020-01-01.xsd#ferc_ReliabilityPlanningAndStandardsDevelopmentServices" ns2:label="ferc_ReliabilityPlanningAndStandardsDevelopmentServices" ns2:type="locator" />
        <ns0:definitionArc order="9" ns2:arcrole="http://xbrl.org/int/dim/arcrole/domain-member" ns2:from="ferc_TransmissionExpensesOperationAbstract" ns2:to="ferc_ReliabilityPlanningAndStandardsDevelopmentServices" ns2:type="arc" />
        <ns0:loc ns2:href="../../ferc-core_2020-01-01.xsd#ferc_StationExpensesTransmissionExpense" ns2:label="ferc_StationExpensesTransmissionExpense" ns2:type="locator" />
        <ns0:definitionArc order="10" ns2:arcrole="http://xbrl.org/int/dim/arcrole/domain-member" ns2:from="ferc_TransmissionExpensesOperationAbstract" ns2:to="ferc_StationExpensesTransmissionExpense" ns2:type="arc" />
        <ns0:loc ns2:href="../../ferc-core_2020-01-01.xsd#ferc_OperationOfEnergyStorageEquipmentTransmissionExpense" ns2:label="ferc_OperationOfEnergyStorageEquipmentTransmissionExpense" ns2:type="locator" />
        <ns0:definitionArc order="11" ns2:arcrole="http://xbrl.org/int/dim/arcrole/domain-member" ns2:from="ferc_TransmissionExpensesOperationAbstract" ns2:to="ferc_OperationOfEnergyStorageEquipmentTransmissionExpense" ns2:type="arc" />
        <ns0:loc ns2:href="../../ferc-core_2020-01-01.xsd#ferc_OverheadLineExpense" ns2:label="ferc_OverheadLineExpense" ns2:type="locator" />
        <ns0:definitionArc order="12" ns2:arcrole="http://xbrl.org/int/dim/arcrole/domain-member" ns2:from="ferc_TransmissionExpensesOperationAbstract" ns2:to="ferc_OverheadLineExpense" ns2:type="arc" />
        <ns0:loc ns2:href="../../ferc-core_2020-01-01.xsd#ferc_UndergroundLineExpensesTransmissionExpense" ns2:label="ferc_UndergroundLineExpensesTransmissionExpense" ns2:type="locator" />
        <ns0:definitionArc order="13" ns2:arcrole="http://xbrl.org/int/dim/arcrole/domain-member" ns2:from="ferc_TransmissionExpensesOperationAbstract" ns2:to="ferc_UndergroundLineExpensesTransmissionExpense" ns2:type="arc" />
        <ns0:loc ns2:href="../../ferc-core_2020-01-01.xsd#ferc_TransmissionOfElectricityByOthers" ns2:label="ferc_TransmissionOfElectricityByOthers" ns2:type="locator" />
        <ns0:definitionArc order="14" ns2:arcrole="http://xbrl.org/int/dim/arcrole/domain-member" ns2:from="ferc_TransmissionExpensesOperationAbstract" ns2:to="ferc_TransmissionOfElectricityByOthers" ns2:type="arc" />
        <ns0:loc ns2:href="../../ferc-core_2020-01-01.xsd#ferc_MiscellaneousTransmissionExpenses" ns2:label="ferc_MiscellaneousTransmissionExpenses" ns2:type="locator" />
        <ns0:definitionArc order="15" ns2:arcrole="http://xbrl.org/int/dim/arcrole/domain-member" ns2:from="ferc_TransmissionExpensesOperationAbstract" ns2:to="ferc_MiscellaneousTransmissionExpenses" ns2:type="arc" />
        <ns0:loc ns2:href="../../ferc-core_2020-01-01.xsd#ferc_RentsTransmissionElectricExpense" ns2:label="ferc_RentsTransmissionElectricExpense" ns2:type="locator" />
        <ns0:definitionArc order="16" ns2:arcrole="http://xbrl.org/int/dim/arcrole/domain-member" ns2:from="ferc_TransmissionExpensesOperationAbstract" ns2:to="ferc_RentsTransmissionElectricExpense" ns2:type="arc" />
        <ns0:loc ns2:href="../../ferc-core_2020-01-01.xsd#ferc_TransmissionOperationExpense" ns2:label="ferc_TransmissionOperationExpense" ns2:type="locator" />
        <ns0:definitionArc order="17" ns2:arcrole="http://xbrl.org/int/dim/arcrole/domain-member" ns2:from="ferc_TransmissionExpensesOperationAbstract" ns2:to="ferc_TransmissionOperationExpense" ns2:type="arc" />
        <ns0:loc ns2:href="../../ferc-core_2020-01-01.xsd#ferc_TransmissionMaintenanceAbstract" ns2:label="ferc_TransmissionMaintenanceAbstract" ns2:type="locator" />
        <ns0:definitionArc order="2" ns2:arcrole="http://xbrl.org/int/dim/arcrole/domain-member" ns2:from="ferc_TransmissionExpensesAbstract" ns2:to="ferc_TransmissionMaintenanceAbstract" ns2:type="arc" />
        <ns0:loc ns2:href="../../ferc-core_2020-01-01.xsd#ferc_MaintenanceSupervisionAndEngineeringElectricTransmissionExpenses" ns2:label="ferc_MaintenanceSupervisionAndEngineeringElectricTransmissionExpenses" ns2:type="locator" />
        <ns0:definitionArc order="1" ns2:arcrole="http://xbrl.org/int/dim/arcrole/domain-member" ns2:from="ferc_TransmissionMaintenanceAbstract" ns2:to="ferc_MaintenanceSupervisionAndEngineeringElectricTransmissionExpenses" ns2:type="arc" />
        <ns0:loc ns2:href="../../ferc-core_2020-01-01.xsd#ferc_MaintenanceOfStructuresTransmissionExpense" ns2:label="ferc_MaintenanceOfStructuresTransmissionExpense" ns2:type="locator" />
        <ns0:definitionArc order="2" ns2:arcrole="http://xbrl.org/int/dim/arcrole/domain-member" ns2:from="ferc_TransmissionMaintenanceAbstract" ns2:to="ferc_MaintenanceOfStructuresTransmissionExpense" ns2:type="arc" />
        <ns0:loc ns2:href="../../ferc-core_2020-01-01.xsd#ferc_MaintenanceOfComputerHardwareTransmission" ns2:label="ferc_MaintenanceOfComputerHardwareTransmission" ns2:type="locator" />
        <ns0:definitionArc order="3" ns2:arcrole="http://xbrl.org/int/dim/arcrole/domain-member" ns2:from="ferc_TransmissionMaintenanceAbstract" ns2:to="ferc_MaintenanceOfComputerHardwareTransmission" ns2:type="arc" />
        <ns0:loc ns2:href="../../ferc-core_2020-01-01.xsd#ferc_MaintenanceOfComputerSoftwareTransmission" ns2:label="ferc_MaintenanceOfComputerSoftwareTransmission" ns2:type="locator" />
        <ns0:definitionArc order="4" ns2:arcrole="http://xbrl.org/int/dim/arcrole/domain-member" ns2:from="ferc_TransmissionMaintenanceAbstract" ns2:to="ferc_MaintenanceOfComputerSoftwareTransmission" ns2:type="arc" />
        <ns0:loc ns2:href="../../ferc-core_2020-01-01.xsd#ferc_MaintenanceOfCommunicationEquipmentElectricTransmission" ns2:label="ferc_MaintenanceOfCommunicationEquipmentElectricTransmission" ns2:type="locator" />
        <ns0:definitionArc order="5" ns2:arcrole="http://xbrl.org/int/dim/arcrole/domain-member" ns2:from="ferc_TransmissionMaintenanceAbstract" ns2:to="ferc_MaintenanceOfCommunicationEquipmentElectricTransmission" ns2:type="arc" />
        <ns0:loc ns2:href="../../ferc-core_2020-01-01.xsd#ferc_MaintenanceOfMiscellaneousRegionalTransmissionPlant" ns2:label="ferc_MaintenanceOfMiscellaneousRegionalTransmissionPlant" ns2:type="locator" />
        <ns0:definitionArc order="6" ns2:arcrole="http://xbrl.org/int/dim/arcrole/domain-member" ns2:from="ferc_TransmissionMaintenanceAbstract" ns2:to="ferc_MaintenanceOfMiscellaneousRegionalTransmissionPlant" ns2:type="arc" />
        <ns0:loc ns2:href="../../ferc-core_2020-01-01.xsd#ferc_MaintenanceOfStationEquipmentTransmission" ns2:label="ferc_MaintenanceOfStationEquipmentTransmission" ns2:type="locator" />
        <ns0:definitionArc order="7" ns2:arcrole="http://xbrl.org/int/dim/arcrole/domain-member" ns2:from="ferc_TransmissionMaintenanceAbstract" ns2:to="ferc_MaintenanceOfStationEquipmentTransmission" ns2:type="arc" />
        <ns0:loc ns2:href="../../ferc-core_2020-01-01.xsd#ferc_MaintenanceOfEnergyStorageEquipmentTransmission" ns2:label="ferc_MaintenanceOfEnergyStorageEquipmentTransmission" ns2:type="locator" />
        <ns0:definitionArc order="8" ns2:arcrole="http://xbrl.org/int/dim/arcrole/domain-member" ns2:from="ferc_TransmissionMaintenanceAbstract" ns2:to="ferc_MaintenanceOfEnergyStorageEquipmentTransmission" ns2:type="arc" />
        <ns0:loc ns2:href="../../ferc-core_2020-01-01.xsd#ferc_MaintenanceOfOverheadLinesTransmission" ns2:label="ferc_MaintenanceOfOverheadLinesTransmission" ns2:type="locator" />
        <ns0:definitionArc order="9" ns2:arcrole="http://xbrl.org/int/dim/arcrole/domain-member" ns2:from="ferc_TransmissionMaintenanceAbstract" ns2:to="ferc_MaintenanceOfOverheadLinesTransmission" ns2:type="arc" />
        <ns0:loc ns2:href="../../ferc-core_2020-01-01.xsd#ferc_MaintenanceOfUndergroundLinesTransmission" ns2:label="ferc_MaintenanceOfUndergroundLinesTransmission" ns2:type="locator" />
        <ns0:definitionArc order="10" ns2:arcrole="http://xbrl.org/int/dim/arcrole/domain-member" ns2:from="ferc_TransmissionMaintenanceAbstract" ns2:to="ferc_MaintenanceOfUndergroundLinesTransmission" ns2:type="arc" />
        <ns0:loc ns2:href="../../ferc-core_2020-01-01.xsd#ferc_MaintenanceOfMiscellaneousTransmissionPlant" ns2:label="ferc_MaintenanceOfMiscellaneousTransmissionPlant" ns2:type="locator" />
        <ns0:definitionArc order="11" ns2:arcrole="http://xbrl.org/int/dim/arcrole/domain-member" ns2:from="ferc_TransmissionMaintenanceAbstract" ns2:to="ferc_MaintenanceOfMiscellaneousTransmissionPlant" ns2:type="arc" />
        <ns0:loc ns2:href="../../ferc-core_2020-01-01.xsd#ferc_TransmissionMaintenanceExpenseElectric" ns2:label="ferc_TransmissionMaintenanceExpenseElectric" ns2:type="locator" />
        <ns0:definitionArc order="12" ns2:arcrole="http://xbrl.org/int/dim/arcrole/domain-member" ns2:from="ferc_TransmissionMaintenanceAbstract" ns2:to="ferc_TransmissionMaintenanceExpenseElectric" ns2:type="arc" />
        <ns0:loc ns2:href="../../ferc-core_2020-01-01.xsd#ferc_TransmissionExpenses" ns2:label="ferc_TransmissionExpenses" ns2:type="locator" />
        <ns0:definitionArc order="3" ns2:arcrole="http://xbrl.org/int/dim/arcrole/domain-member" ns2:from="ferc_TransmissionExpensesAbstract" ns2:to="ferc_TransmissionExpenses" ns2:type="arc" />
        <ns0:loc ns2:href="../../ferc-core_2020-01-01.xsd#ferc_RegionalMarketExpensesAbstract" ns2:label="ferc_RegionalMarketExpensesAbstract" ns2:type="locator" />
        <ns0:definitionArc order="4" ns2:arcrole="http://xbrl.org/int/dim/arcrole/domain-member" ns2:from="ferc_OperationsAndMaintenanceExpensesLineItems" ns2:to="ferc_RegionalMarketExpensesAbstract" ns2:type="arc" />
        <ns0:loc ns2:href="../../ferc-core_2020-01-01.xsd#ferc_RegionalMarketExpensesOperationAbstract" ns2:label="ferc_RegionalMarketExpensesOperationAbstract" ns2:type="locator" />
        <ns0:definitionArc order="1" ns2:arcrole="http://xbrl.org/int/dim/arcrole/domain-member" ns2:from="ferc_RegionalMarketExpensesAbstract" ns2:to="ferc_RegionalMarketExpensesOperationAbstract" ns2:type="arc" />
        <ns0:loc ns2:href="../../ferc-core_2020-01-01.xsd#ferc_OperationSupervision" ns2:label="ferc_OperationSupervision" ns2:type="locator" />
        <ns0:definitionArc order="1" ns2:arcrole="http://xbrl.org/int/dim/arcrole/domain-member" ns2:from="ferc_RegionalMarketExpensesOperationAbstract" ns2:to="ferc_OperationSupervision" ns2:type="arc" />
        <ns0:loc ns2:href="../../ferc-core_2020-01-01.xsd#ferc_DayAheadAndRealTimeMarketAdministration" ns2:label="ferc_DayAheadAndRealTimeMarketAdministration" ns2:type="locator" />
        <ns0:definitionArc order="2" ns2:arcrole="http://xbrl.org/int/dim/arcrole/domain-member" ns2:from="ferc_RegionalMarketExpensesOperationAbstract" ns2:to="ferc_DayAheadAndRealTimeMarketAdministration" ns2:type="arc" />
        <ns0:loc ns2:href="../../ferc-core_2020-01-01.xsd#ferc_TransmissionRightsMarketAdministration" ns2:label="ferc_TransmissionRightsMarketAdministration" ns2:type="locator" />
        <ns0:definitionArc order="3" ns2:arcrole="http://xbrl.org/int/dim/arcrole/domain-member" ns2:from="ferc_RegionalMarketExpensesOperationAbstract" ns2:to="ferc_TransmissionRightsMarketAdministration" ns2:type="arc" />
        <ns0:loc ns2:href="../../ferc-core_2020-01-01.xsd#ferc_CapacityMarketAdministration" ns2:label="ferc_CapacityMarketAdministration" ns2:type="locator" />
        <ns0:definitionArc order="4" ns2:arcrole="http://xbrl.org/int/dim/arcrole/domain-member" ns2:from="ferc_RegionalMarketExpensesOperationAbstract" ns2:to="ferc_CapacityMarketAdministration" ns2:type="arc" />
        <ns0:loc ns2:href="../../ferc-core_2020-01-01.xsd#ferc_AncillaryServicesMarketAdministration" ns2:label="ferc_AncillaryServicesMarketAdministration" ns2:type="locator" />
        <ns0:definitionArc order="5" ns2:arcrole="http://xbrl.org/int/dim/arcrole/domain-member" ns2:from="ferc_RegionalMarketExpensesOperationAbstract" ns2:to="ferc_AncillaryServicesMarketAdministration" ns2:type="arc" />
        <ns0:loc ns2:href="../../ferc-core_2020-01-01.xsd#ferc_MarketMonitoringAndCompliance" ns2:label="ferc_MarketMonitoringAndCompliance" ns2:type="locator" />
        <ns0:definitionArc order="6" ns2:arcrole="http://xbrl.org/int/dim/arcrole/domain-member" ns2:from="ferc_RegionalMarketExpensesOperationAbstract" ns2:to="ferc_MarketMonitoringAndCompliance" ns2:type="arc" />
        <ns0:loc ns2:href="../../ferc-core_2020-01-01.xsd#ferc_MarketFacilitationMonitoringAndComplianceServices" ns2:label="ferc_MarketFacilitationMonitoringAndComplianceServices" ns2:type="locator" />
        <ns0:definitionArc order="7" ns2:arcrole="http://xbrl.org/int/dim/arcrole/domain-member" ns2:from="ferc_RegionalMarketExpensesOperationAbstract" ns2:to="ferc_MarketFacilitationMonitoringAndComplianceServices" ns2:type="arc" />
        <ns0:loc ns2:href="../../ferc-core_2020-01-01.xsd#ferc_RentsRegionalMarketExpenses" ns2:label="ferc_RentsRegionalMarketExpenses" ns2:type="locator" />
        <ns0:definitionArc order="8" ns2:arcrole="http://xbrl.org/int/dim/arcrole/domain-member" ns2:from="ferc_RegionalMarketExpensesOperationAbstract" ns2:to="ferc_RentsRegionalMarketExpenses" ns2:type="arc" />
        <ns0:loc ns2:href="../../ferc-core_2020-01-01.xsd#ferc_RegionalMarketOperationExpense" ns2:label="ferc_RegionalMarketOperationExpense" ns2:type="locator" />
        <ns0:definitionArc order="9" ns2:arcrole="http://xbrl.org/int/dim/arcrole/domain-member" ns2:from="ferc_RegionalMarketExpensesOperationAbstract" ns2:to="ferc_RegionalMarketOperationExpense" ns2:type="arc" />
        <ns0:loc ns2:href="../../ferc-core_2020-01-01.xsd#ferc_RegionalMarketExpensesMaintenanceAbstract" ns2:label="ferc_RegionalMarketExpensesMaintenanceAbstract" ns2:type="locator" />
        <ns0:definitionArc order="2" ns2:arcrole="http://xbrl.org/int/dim/arcrole/domain-member" ns2:from="ferc_RegionalMarketExpensesAbstract" ns2:to="ferc_RegionalMarketExpensesMaintenanceAbstract" ns2:type="arc" />
        <ns0:loc ns2:href="../../ferc-core_2020-01-01.xsd#ferc_MaintenanceOfStructuresAndImprovementsRegionalMarketExpenses" ns2:label="ferc_MaintenanceOfStructuresAndImprovementsRegionalMarketExpenses" ns2:type="locator" />
        <ns0:definitionArc order="1" ns2:arcrole="http://xbrl.org/int/dim/arcrole/domain-member" ns2:from="ferc_RegionalMarketExpensesMaintenanceAbstract" ns2:to="ferc_MaintenanceOfStructuresAndImprovementsRegionalMarketExpenses" ns2:type="arc" />
        <ns0:loc ns2:href="../../ferc-core_2020-01-01.xsd#ferc_MaintenanceOfComputerHardware" ns2:label="ferc_MaintenanceOfComputerHardware" ns2:type="locator" />
        <ns0:definitionArc order="2" ns2:arcrole="http://xbrl.org/int/dim/arcrole/domain-member" ns2:from="ferc_RegionalMarketExpensesMaintenanceAbstract" ns2:to="ferc_MaintenanceOfComputerHardware" ns2:type="arc" />
        <ns0:loc ns2:href="../../ferc-core_2020-01-01.xsd#ferc_MaintenanceOfComputerSoftware" ns2:label="ferc_MaintenanceOfComputerSoftware" ns2:type="locator" />
        <ns0:definitionArc order="3" ns2:arcrole="http://xbrl.org/int/dim/arcrole/domain-member" ns2:from="ferc_RegionalMarketExpensesMaintenanceAbstract" ns2:to="ferc_MaintenanceOfComputerSoftware" ns2:type="arc" />
        <ns0:loc ns2:href="../../ferc-core_2020-01-01.xsd#ferc_MaintenanceOfCommunicationEquipmentRegionalMarketExpenses" ns2:label="ferc_MaintenanceOfCommunicationEquipmentRegionalMarketExpenses" ns2:type="locator" />
        <ns0:definitionArc order="4" ns2:arcrole="http://xbrl.org/int/dim/arcrole/domain-member" ns2:from="ferc_RegionalMarketExpensesMaintenanceAbstract" ns2:to="ferc_MaintenanceOfCommunicationEquipmentRegionalMarketExpenses" ns2:type="arc" />
        <ns0:loc ns2:href="../../ferc-core_2020-01-01.xsd#ferc_MaintenanceOfMiscellaneousMarketOperationPlant" ns2:label="ferc_MaintenanceOfMiscellaneousMarketOperationPlant" ns2:type="locator" />
        <ns0:definitionArc order="5" ns2:arcrole="http://xbrl.org/int/dim/arcrole/domain-member" ns2:from="ferc_RegionalMarketExpensesMaintenanceAbstract" ns2:to="ferc_MaintenanceOfMiscellaneousMarketOperationPlant" ns2:type="arc" />
        <ns0:loc ns2:href="../../ferc-core_2020-01-01.xsd#ferc_RegionalMarketMaintenanceExpense" ns2:label="ferc_RegionalMarketMaintenanceExpense" ns2:type="locator" />
        <ns0:definitionArc order="6" ns2:arcrole="http://xbrl.org/int/dim/arcrole/domain-member" ns2:from="ferc_RegionalMarketExpensesMaintenanceAbstract" ns2:to="ferc_RegionalMarketMaintenanceExpense" ns2:type="arc" />
        <ns0:loc ns2:href="../../ferc-core_2020-01-01.xsd#ferc_RegionalMarketExpenses" ns2:label="ferc_RegionalMarketExpenses" ns2:type="locator" />
        <ns0:definitionArc order="3" ns2:arcrole="http://xbrl.org/int/dim/arcrole/domain-member" ns2:from="ferc_RegionalMarketExpensesAbstract" ns2:to="ferc_RegionalMarketExpenses" ns2:type="arc" />
        <ns0:loc ns2:href="../../ferc-core_2020-01-01.xsd#ferc_DistributionExpensesAbstract" ns2:label="ferc_DistributionExpensesAbstract" ns2:type="locator" />
        <ns0:definitionArc order="5" ns2:arcrole="http://xbrl.org/int/dim/arcrole/domain-member" ns2:from="ferc_OperationsAndMaintenanceExpensesLineItems" ns2:to="ferc_DistributionExpensesAbstract" ns2:type="arc" />
        <ns0:loc ns2:href="../../ferc-core_2020-01-01.xsd#ferc_DistributionExpensesOperationAbstract" ns2:label="ferc_DistributionExpensesOperationAbstract" ns2:type="locator" />
        <ns0:definitionArc order="1" ns2:arcrole="http://xbrl.org/int/dim/arcrole/domain-member" ns2:from="ferc_DistributionExpensesAbstract" ns2:to="ferc_DistributionExpensesOperationAbstract" ns2:type="arc" />
        <ns0:loc ns2:href="../../ferc-core_2020-01-01.xsd#ferc_OperationSupervisionAndEngineeringDistributionExpense" ns2:label="ferc_OperationSupervisionAndEngineeringDistributionExpense" ns2:type="locator" />
        <ns0:definitionArc order="1" ns2:arcrole="http://xbrl.org/int/dim/arcrole/domain-member" ns2:from="ferc_DistributionExpensesOperationAbstract" ns2:to="ferc_OperationSupervisionAndEngineeringDistributionExpense" ns2:type="arc" />
        <ns0:loc ns2:href="../../ferc-core_2020-01-01.xsd#ferc_LoadDispatching" ns2:label="ferc_LoadDispatching" ns2:type="locator" />
        <ns0:definitionArc order="2" ns2:arcrole="http://xbrl.org/int/dim/arcrole/domain-member" ns2:from="ferc_DistributionExpensesOperationAbstract" ns2:to="ferc_LoadDispatching" ns2:type="arc" />
        <ns0:loc ns2:href="../../ferc-core_2020-01-01.xsd#ferc_StationExpensesDistribution" ns2:label="ferc_StationExpensesDistribution" ns2:type="locator" />
        <ns0:definitionArc order="3" ns2:arcrole="http://xbrl.org/int/dim/arcrole/domain-member" ns2:from="ferc_DistributionExpensesOperationAbstract" ns2:to="ferc_StationExpensesDistribution" ns2:type="arc" />
        <ns0:loc ns2:href="../../ferc-core_2020-01-01.xsd#ferc_OverheadLineExpenses" ns2:label="ferc_OverheadLineExpenses" ns2:type="locator" />
        <ns0:definitionArc order="4" ns2:arcrole="http://xbrl.org/int/dim/arcrole/domain-member" ns2:from="ferc_DistributionExpensesOperationAbstract" ns2:to="ferc_OverheadLineExpenses" ns2:type="arc" />
        <ns0:loc ns2:href="../../ferc-core_2020-01-01.xsd#ferc_UndergroundLineExpenses" ns2:label="ferc_UndergroundLineExpenses" ns2:type="locator" />
        <ns0:definitionArc order="5" ns2:arcrole="http://xbrl.org/int/dim/arcrole/domain-member" ns2:from="ferc_DistributionExpensesOperationAbstract" ns2:to="ferc_UndergroundLineExpenses" ns2:type="arc" />
        <ns0:loc ns2:href="../../ferc-core_2020-01-01.xsd#ferc_OperationOfEnergyStorageEquipmentDistribution" ns2:label="ferc_OperationOfEnergyStorageEquipmentDistribution" ns2:type="locator" />
        <ns0:definitionArc order="6" ns2:arcrole="http://xbrl.org/int/dim/arcrole/domain-member" ns2:from="ferc_DistributionExpensesOperationAbstract" ns2:to="ferc_OperationOfEnergyStorageEquipmentDistribution" ns2:type="arc" />
        <ns0:loc ns2:href="../../ferc-core_2020-01-01.xsd#ferc_StreetLightingAndSignalSystemExpenses" ns2:label="ferc_StreetLightingAndSignalSystemExpenses" ns2:type="locator" />
        <ns0:definitionArc order="7" ns2:arcrole="http://xbrl.org/int/dim/arcrole/domain-member" ns2:from="ferc_DistributionExpensesOperationAbstract" ns2:to="ferc_StreetLightingAndSignalSystemExpenses" ns2:type="arc" />
        <ns0:loc ns2:href="../../ferc-core_2020-01-01.xsd#ferc_MeterExpenses" ns2:label="ferc_MeterExpenses" ns2:type="locator" />
        <ns0:definitionArc order="8" ns2:arcrole="http://xbrl.org/int/dim/arcrole/domain-member" ns2:from="ferc_DistributionExpensesOperationAbstract" ns2:to="ferc_MeterExpenses" ns2:type="arc" />
        <ns0:loc ns2:href="../../ferc-core_2020-01-01.xsd#ferc_CustomerInstallationsExpenses" ns2:label="ferc_CustomerInstallationsExpenses" ns2:type="locator" />
        <ns0:definitionArc order="9" ns2:arcrole="http://xbrl.org/int/dim/arcrole/domain-member" ns2:from="ferc_DistributionExpensesOperationAbstract" ns2:to="ferc_CustomerInstallationsExpenses" ns2:type="arc" />
        <ns0:loc ns2:href="../../ferc-core_2020-01-01.xsd#ferc_MiscellaneousDistributionExpenses" ns2:label="ferc_MiscellaneousDistributionExpenses" ns2:type="locator" />
        <ns0:definitionArc order="10" ns2:arcrole="http://xbrl.org/int/dim/arcrole/domain-member" ns2:from="ferc_DistributionExpensesOperationAbstract" ns2:to="ferc_MiscellaneousDistributionExpenses" ns2:type="arc" />
        <ns0:loc ns2:href="../../ferc-core_2020-01-01.xsd#ferc_RentsDistributionExpense" ns2:label="ferc_RentsDistributionExpense" ns2:type="locator" />
        <ns0:definitionArc order="11" ns2:arcrole="http://xbrl.org/int/dim/arcrole/domain-member" ns2:from="ferc_DistributionExpensesOperationAbstract" ns2:to="ferc_RentsDistributionExpense" ns2:type="arc" />
        <ns0:loc ns2:href="../../ferc-core_2020-01-01.xsd#ferc_DistributionOperationExpensesElectric" ns2:label="ferc_DistributionOperationExpensesElectric" ns2:type="locator" />
        <ns0:definitionArc order="12" ns2:arcrole="http://xbrl.org/int/dim/arcrole/domain-member" ns2:from="ferc_DistributionExpensesOperationAbstract" ns2:to="ferc_DistributionOperationExpensesElectric" ns2:type="arc" />
        <ns0:loc ns2:href="../../ferc-core_2020-01-01.xsd#ferc_DistributionExpensesMaintenanceAbstract" ns2:label="ferc_DistributionExpensesMaintenanceAbstract" ns2:type="locator" />
        <ns0:definitionArc order="2" ns2:arcrole="http://xbrl.org/int/dim/arcrole/domain-member" ns2:from="ferc_DistributionExpensesAbstract" ns2:to="ferc_DistributionExpensesMaintenanceAbstract" ns2:type="arc" />
        <ns0:loc ns2:href="../../ferc-core_2020-01-01.xsd#ferc_MaintenanceSupervisionAndEngineering" ns2:label="ferc_MaintenanceSupervisionAndEngineering" ns2:type="locator" />
        <ns0:definitionArc order="1" ns2:arcrole="http://xbrl.org/int/dim/arcrole/domain-member" ns2:from="ferc_DistributionExpensesMaintenanceAbstract" ns2:to="ferc_MaintenanceSupervisionAndEngineering" ns2:type="arc" />
        <ns0:loc ns2:href="../../ferc-core_2020-01-01.xsd#ferc_MaintenanceOfStructuresDistributionExpense" ns2:label="ferc_MaintenanceOfStructuresDistributionExpense" ns2:type="locator" />
        <ns0:definitionArc order="2" ns2:arcrole="http://xbrl.org/int/dim/arcrole/domain-member" ns2:from="ferc_DistributionExpensesMaintenanceAbstract" ns2:to="ferc_MaintenanceOfStructuresDistributionExpense" ns2:type="arc" />
        <ns0:loc ns2:href="../../ferc-core_2020-01-01.xsd#ferc_MaintenanceOfStationEquipment" ns2:label="ferc_MaintenanceOfStationEquipment" ns2:type="locator" />
        <ns0:definitionArc order="3" ns2:arcrole="http://xbrl.org/int/dim/arcrole/domain-member" ns2:from="ferc_DistributionExpensesMaintenanceAbstract" ns2:to="ferc_MaintenanceOfStationEquipment" ns2:type="arc" />
        <ns0:loc ns2:href="../../ferc-core_2020-01-01.xsd#ferc_MaintenanceOfEnergyStorageEquipment" ns2:label="ferc_MaintenanceOfEnergyStorageEquipment" ns2:type="locator" />
        <ns0:definitionArc order="4" ns2:arcrole="http://xbrl.org/int/dim/arcrole/domain-member" ns2:from="ferc_DistributionExpensesMaintenanceAbstract" ns2:to="ferc_MaintenanceOfEnergyStorageEquipment" ns2:type="arc" />
        <ns0:loc ns2:href="../../ferc-core_2020-01-01.xsd#ferc_MaintenanceOfOverheadLines" ns2:label="ferc_MaintenanceOfOverheadLines" ns2:type="locator" />
        <ns0:definitionArc order="5" ns2:arcrole="http://xbrl.org/int/dim/arcrole/domain-member" ns2:from="ferc_DistributionExpensesMaintenanceAbstract" ns2:to="ferc_MaintenanceOfOverheadLines" ns2:type="arc" />
        <ns0:loc ns2:href="../../ferc-core_2020-01-01.xsd#ferc_MaintenanceOfUndergroundLines" ns2:label="ferc_MaintenanceOfUndergroundLines" ns2:type="locator" />
        <ns0:definitionArc order="6" ns2:arcrole="http://xbrl.org/int/dim/arcrole/domain-member" ns2:from="ferc_DistributionExpensesMaintenanceAbstract" ns2:to="ferc_MaintenanceOfUndergroundLines" ns2:type="arc" />
        <ns0:loc ns2:href="../../ferc-core_2020-01-01.xsd#ferc_MaintenanceOfLineTransformers" ns2:label="ferc_MaintenanceOfLineTransformers" ns2:type="locator" />
        <ns0:definitionArc order="7" ns2:arcrole="http://xbrl.org/int/dim/arcrole/domain-member" ns2:from="ferc_DistributionExpensesMaintenanceAbstract" ns2:to="ferc_MaintenanceOfLineTransformers" ns2:type="arc" />
        <ns0:loc ns2:href="../../ferc-core_2020-01-01.xsd#ferc_MaintenanceOfStreetLightingAndSignalSystems" ns2:label="ferc_MaintenanceOfStreetLightingAndSignalSystems" ns2:type="locator" />
        <ns0:definitionArc order="8" ns2:arcrole="http://xbrl.org/int/dim/arcrole/domain-member" ns2:from="ferc_DistributionExpensesMaintenanceAbstract" ns2:to="ferc_MaintenanceOfStreetLightingAndSignalSystems" ns2:type="arc" />
        <ns0:loc ns2:href="../../ferc-core_2020-01-01.xsd#ferc_MaintenanceOfMeters" ns2:label="ferc_MaintenanceOfMeters" ns2:type="locator" />
        <ns0:definitionArc order="9" ns2:arcrole="http://xbrl.org/int/dim/arcrole/domain-member" ns2:from="ferc_DistributionExpensesMaintenanceAbstract" ns2:to="ferc_MaintenanceOfMeters" ns2:type="arc" />
        <ns0:loc ns2:href="../../ferc-core_2020-01-01.xsd#ferc_MaintenanceOfMiscellaneousDistributionPlant" ns2:label="ferc_MaintenanceOfMiscellaneousDistributionPlant" ns2:type="locator" />
        <ns0:definitionArc order="10" ns2:arcrole="http://xbrl.org/int/dim/arcrole/domain-member" ns2:from="ferc_DistributionExpensesMaintenanceAbstract" ns2:to="ferc_MaintenanceOfMiscellaneousDistributionPlant" ns2:type="arc" />
        <ns0:loc ns2:href="../../ferc-core_2020-01-01.xsd#ferc_DistributionMaintenanceExpenseElectric" ns2:label="ferc_DistributionMaintenanceExpenseElectric" ns2:type="locator" />
        <ns0:definitionArc order="11" ns2:arcrole="http://xbrl.org/int/dim/arcrole/domain-member" ns2:from="ferc_DistributionExpensesMaintenanceAbstract" ns2:to="ferc_DistributionMaintenanceExpenseElectric" ns2:type="arc" />
        <ns0:loc ns2:href="../../ferc-core_2020-01-01.xsd#ferc_DistributionExpenses" ns2:label="ferc_DistributionExpenses" ns2:type="locator" />
        <ns0:definitionArc order="3" ns2:arcrole="http://xbrl.org/int/dim/arcrole/domain-member" ns2:from="ferc_DistributionExpensesAbstract" ns2:to="ferc_DistributionExpenses" ns2:type="arc" />
        <ns0:loc ns2:href="../../ferc-core_2020-01-01.xsd#ferc_CustomerAccountsExpensesAbstract" ns2:label="ferc_CustomerAccountsExpensesAbstract" ns2:type="locator" />
        <ns0:definitionArc order="6" ns2:arcrole="http://xbrl.org/int/dim/arcrole/domain-member" ns2:from="ferc_OperationsAndMaintenanceExpensesLineItems" ns2:to="ferc_CustomerAccountsExpensesAbstract" ns2:type="arc" />
        <ns0:loc ns2:href="../../ferc-core_2020-01-01.xsd#ferc_CustomerAccountsExpensesOperationsAbstract" ns2:label="ferc_CustomerAccountsExpensesOperationsAbstract" ns2:type="locator" />
        <ns0:definitionArc order="1" ns2:arcrole="http://xbrl.org/int/dim/arcrole/domain-member" ns2:from="ferc_CustomerAccountsExpensesAbstract" ns2:to="ferc_CustomerAccountsExpensesOperationsAbstract" ns2:type="arc" />
        <ns0:loc ns2:href="../../ferc-core_2020-01-01.xsd#ferc_SupervisionCustomerAccountExpenses" ns2:label="ferc_SupervisionCustomerAccountExpenses" ns2:type="locator" />
        <ns0:definitionArc order="1" ns2:arcrole="http://xbrl.org/int/dim/arcrole/domain-member" ns2:from="ferc_CustomerAccountsExpensesOperationsAbstract" ns2:to="ferc_SupervisionCustomerAccountExpenses" ns2:type="arc" />
        <ns0:loc ns2:href="../../ferc-core_2020-01-01.xsd#ferc_MeterReadingExpenses" ns2:label="ferc_MeterReadingExpenses" ns2:type="locator" />
        <ns0:definitionArc order="2" ns2:arcrole="http://xbrl.org/int/dim/arcrole/domain-member" ns2:from="ferc_CustomerAccountsExpensesOperationsAbstract" ns2:to="ferc_MeterReadingExpenses" ns2:type="arc" />
        <ns0:loc ns2:href="../../ferc-core_2020-01-01.xsd#ferc_CustomerRecordsAndCollectionExpenses" ns2:label="ferc_CustomerRecordsAndCollectionExpenses" ns2:type="locator" />
        <ns0:definitionArc order="3" ns2:arcrole="http://xbrl.org/int/dim/arcrole/domain-member" ns2:from="ferc_CustomerAccountsExpensesOperationsAbstract" ns2:to="ferc_CustomerRecordsAndCollectionExpenses" ns2:type="arc" />
        <ns0:loc ns2:href="../../ferc-core_2020-01-01.xsd#ferc_UncollectibleAccounts" ns2:label="ferc_UncollectibleAccounts" ns2:type="locator" />
        <ns0:definitionArc order="4" ns2:arcrole="http://xbrl.org/int/dim/arcrole/domain-member" ns2:from="ferc_CustomerAccountsExpensesOperationsAbstract" ns2:to="ferc_UncollectibleAccounts" ns2:type="arc" />
        <ns0:loc ns2:href="../../ferc-core_2020-01-01.xsd#ferc_MiscellaneousCustomerAccountsExpenses" ns2:label="ferc_MiscellaneousCustomerAccountsExpenses" ns2:type="locator" />
        <ns0:definitionArc order="5" ns2:arcrole="http://xbrl.org/int/dim/arcrole/domain-member" ns2:from="ferc_CustomerAccountsExpensesOperationsAbstract" ns2:to="ferc_MiscellaneousCustomerAccountsExpenses" ns2:type="arc" />
        <ns0:loc ns2:href="../../ferc-core_2020-01-01.xsd#ferc_CustomerAccountExpenses" ns2:label="ferc_CustomerAccountExpenses" ns2:type="locator" />
        <ns0:definitionArc order="6" ns2:arcrole="http://xbrl.org/int/dim/arcrole/domain-member" ns2:from="ferc_CustomerAccountsExpensesOperationsAbstract" ns2:to="ferc_CustomerAccountExpenses" ns2:type="arc" />
        <ns0:loc ns2:href="../../ferc-core_2020-01-01.xsd#ferc_CustomerServiceAndInformationalExpensesAbstract" ns2:label="ferc_CustomerServiceAndInformationalExpensesAbstract" ns2:type="locator" />
        <ns0:definitionArc order="7" ns2:arcrole="http://xbrl.org/int/dim/arcrole/domain-member" ns2:from="ferc_OperationsAndMaintenanceExpensesLineItems" ns2:to="ferc_CustomerServiceAndInformationalExpensesAbstract" ns2:type="arc" />
        <ns0:loc ns2:href="../../ferc-core_2020-01-01.xsd#ferc_CustomerServiceAndInformationalExpensesOperationAbstract" ns2:label="ferc_CustomerServiceAndInformationalExpensesOperationAbstract" ns2:type="locator" />
        <ns0:definitionArc order="1" ns2:arcrole="http://xbrl.org/int/dim/arcrole/domain-member" ns2:from="ferc_CustomerServiceAndInformationalExpensesAbstract" ns2:to="ferc_CustomerServiceAndInformationalExpensesOperationAbstract" ns2:type="arc" />
        <ns0:loc ns2:href="../../ferc-core_2020-01-01.xsd#ferc_SupervisionCustomerServiceAndInformationExpenses" ns2:label="ferc_SupervisionCustomerServiceAndInformationExpenses" ns2:type="locator" />
        <ns0:definitionArc order="1" ns2:arcrole="http://xbrl.org/int/dim/arcrole/domain-member" ns2:from="ferc_CustomerServiceAndInformationalExpensesOperationAbstract" ns2:to="ferc_SupervisionCustomerServiceAndInformationExpenses" ns2:type="arc" />
        <ns0:loc ns2:href="../../ferc-core_2020-01-01.xsd#ferc_CustomerAssistanceExpenses" ns2:label="ferc_CustomerAssistanceExpenses" ns2:type="locator" />
        <ns0:definitionArc order="2" ns2:arcrole="http://xbrl.org/int/dim/arcrole/domain-member" ns2:from="ferc_CustomerServiceAndInformationalExpensesOperationAbstract" ns2:to="ferc_CustomerAssistanceExpenses" ns2:type="arc" />
        <ns0:loc ns2:href="../../ferc-core_2020-01-01.xsd#ferc_InformationalAndInstructionalAdvertisingExpenses" ns2:label="ferc_InformationalAndInstructionalAdvertisingExpenses" ns2:type="locator" />
        <ns0:definitionArc order="3" ns2:arcrole="http://xbrl.org/int/dim/arcrole/domain-member" ns2:from="ferc_CustomerServiceAndInformationalExpensesOperationAbstract" ns2:to="ferc_InformationalAndInstructionalAdvertisingExpenses" ns2:type="arc" />
        <ns0:loc ns2:href="../../ferc-core_2020-01-01.xsd#ferc_MiscellaneousCustomerServiceAndInformationalExpenses" ns2:label="ferc_MiscellaneousCustomerServiceAndInformationalExpenses" ns2:type="locator" />
        <ns0:definitionArc order="4" ns2:arcrole="http://xbrl.org/int/dim/arcrole/domain-member" ns2:from="ferc_CustomerServiceAndInformationalExpensesOperationAbstract" ns2:to="ferc_MiscellaneousCustomerServiceAndInformationalExpenses" ns2:type="arc" />
        <ns0:loc ns2:href="../../ferc-core_2020-01-01.xsd#ferc_CustomerServiceAndInformationExpenses" ns2:label="ferc_CustomerServiceAndInformationExpenses" ns2:type="locator" />
        <ns0:definitionArc order="5" ns2:arcrole="http://xbrl.org/int/dim/arcrole/domain-member" ns2:from="ferc_CustomerServiceAndInformationalExpensesOperationAbstract" ns2:to="ferc_CustomerServiceAndInformationExpenses" ns2:type="arc" />
        <ns0:loc ns2:href="../../ferc-core_2020-01-01.xsd#ferc_SalesExpenseAbstract" ns2:label="ferc_SalesExpenseAbstract" ns2:type="locator" />
        <ns0:definitionArc order="8" ns2:arcrole="http://xbrl.org/int/dim/arcrole/domain-member" ns2:from="ferc_OperationsAndMaintenanceExpensesLineItems" ns2:to="ferc_SalesExpenseAbstract" ns2:type="arc" />
        <ns0:loc ns2:href="../../ferc-core_2020-01-01.xsd#ferc_SalesExpenseOperationAbstract" ns2:label="ferc_SalesExpenseOperationAbstract" ns2:type="locator" />
        <ns0:definitionArc order="1" ns2:arcrole="http://xbrl.org/int/dim/arcrole/domain-member" ns2:from="ferc_SalesExpenseAbstract" ns2:to="ferc_SalesExpenseOperationAbstract" ns2:type="arc" />
        <ns0:loc ns2:href="../../ferc-core_2020-01-01.xsd#ferc_SupervisionSalesExpense" ns2:label="ferc_SupervisionSalesExpense" ns2:type="locator" />
        <ns0:definitionArc order="1" ns2:arcrole="http://xbrl.org/int/dim/arcrole/domain-member" ns2:from="ferc_SalesExpenseOperationAbstract" ns2:to="ferc_SupervisionSalesExpense" ns2:type="arc" />
        <ns0:loc ns2:href="../../ferc-core_2020-01-01.xsd#ferc_DemonstratingAndSellingExpenses" ns2:label="ferc_DemonstratingAndSellingExpenses" ns2:type="locator" />
        <ns0:definitionArc order="2" ns2:arcrole="http://xbrl.org/int/dim/arcrole/domain-member" ns2:from="ferc_SalesExpenseOperationAbstract" ns2:to="ferc_DemonstratingAndSellingExpenses" ns2:type="arc" />
        <ns0:loc ns2:href="../../ferc-core_2020-01-01.xsd#ferc_AdvertisingExpenses" ns2:label="ferc_AdvertisingExpenses" ns2:type="locator" />
        <ns0:definitionArc order="3" ns2:arcrole="http://xbrl.org/int/dim/arcrole/domain-member" ns2:from="ferc_SalesExpenseOperationAbstract" ns2:to="ferc_AdvertisingExpenses" ns2:type="arc" />
        <ns0:loc ns2:href="../../ferc-core_2020-01-01.xsd#ferc_MiscellaneousSalesExpenses" ns2:label="ferc_MiscellaneousSalesExpenses" ns2:type="locator" />
        <ns0:definitionArc order="4" ns2:arcrole="http://xbrl.org/int/dim/arcrole/domain-member" ns2:from="ferc_SalesExpenseOperationAbstract" ns2:to="ferc_MiscellaneousSalesExpenses" ns2:type="arc" />
        <ns0:loc ns2:href="../../ferc-core_2020-01-01.xsd#ferc_SalesExpenses" ns2:label="ferc_SalesExpenses" ns2:type="locator" />
        <ns0:definitionArc order="5" ns2:arcrole="http://xbrl.org/int/dim/arcrole/domain-member" ns2:from="ferc_SalesExpenseOperationAbstract" ns2:to="ferc_SalesExpenses" ns2:type="arc" />
        <ns0:loc ns2:href="../../ferc-core_2020-01-01.xsd#ferc_AdministrativeAndGeneralExpensesAbstract" ns2:label="ferc_AdministrativeAndGeneralExpensesAbstract" ns2:type="locator" />
        <ns0:definitionArc order="9" ns2:arcrole="http://xbrl.org/int/dim/arcrole/domain-member" ns2:from="ferc_OperationsAndMaintenanceExpensesLineItems" ns2:to="ferc_AdministrativeAndGeneralExpensesAbstract" ns2:type="arc" />
        <ns0:loc ns2:href="../../ferc-core_2020-01-01.xsd#ferc_AdministrativeAndGeneralExpensesOperationAbstract" ns2:label="ferc_AdministrativeAndGeneralExpensesOperationAbstract" ns2:type="locator" />
        <ns0:definitionArc order="1" ns2:arcrole="http://xbrl.org/int/dim/arcrole/domain-member" ns2:from="ferc_AdministrativeAndGeneralExpensesAbstract" ns2:to="ferc_AdministrativeAndGeneralExpensesOperationAbstract" ns2:type="arc" />
        <ns0:loc ns2:href="../../ferc-core_2020-01-01.xsd#ferc_AdministrativeAndGeneralSalaries" ns2:label="ferc_AdministrativeAndGeneralSalaries" ns2:type="locator" />
        <ns0:definitionArc order="1" ns2:arcrole="http://xbrl.org/int/dim/arcrole/domain-member" ns2:from="ferc_AdministrativeAndGeneralExpensesOperationAbstract" ns2:to="ferc_AdministrativeAndGeneralSalaries" ns2:type="arc" />
        <ns0:loc ns2:href="../../ferc-core_2020-01-01.xsd#ferc_OfficeSuppliesAndExpenses" ns2:label="ferc_OfficeSuppliesAndExpenses" ns2:type="locator" />
        <ns0:definitionArc order="2" ns2:arcrole="http://xbrl.org/int/dim/arcrole/domain-member" ns2:from="ferc_AdministrativeAndGeneralExpensesOperationAbstract" ns2:to="ferc_OfficeSuppliesAndExpenses" ns2:type="arc" />
        <ns0:loc ns2:href="../../ferc-core_2020-01-01.xsd#ferc_AdministrativeExpensesTransferredCredit" ns2:label="ferc_AdministrativeExpensesTransferredCredit" ns2:type="locator" />
        <ns0:definitionArc order="3" ns2:arcrole="http://xbrl.org/int/dim/arcrole/domain-member" ns2:from="ferc_AdministrativeAndGeneralExpensesOperationAbstract" ns2:to="ferc_AdministrativeExpensesTransferredCredit" ns2:type="arc" />
        <ns0:loc ns2:href="../../ferc-core_2020-01-01.xsd#ferc_OutsideServicesEmployed" ns2:label="ferc_OutsideServicesEmployed" ns2:type="locator" />
        <ns0:definitionArc order="4" ns2:arcrole="http://xbrl.org/int/dim/arcrole/domain-member" ns2:from="ferc_AdministrativeAndGeneralExpensesOperationAbstract" ns2:to="ferc_OutsideServicesEmployed" ns2:type="arc" />
        <ns0:loc ns2:href="../../ferc-core_2020-01-01.xsd#ferc_PropertyInsurance" ns2:label="ferc_PropertyInsurance" ns2:type="locator" />
        <ns0:definitionArc order="5" ns2:arcrole="http://xbrl.org/int/dim/arcrole/domain-member" ns2:from="ferc_AdministrativeAndGeneralExpensesOperationAbstract" ns2:to="ferc_PropertyInsurance" ns2:type="arc" />
        <ns0:loc ns2:href="../../ferc-core_2020-01-01.xsd#ferc_InjuriesAndDamages" ns2:label="ferc_InjuriesAndDamages" ns2:type="locator" />
        <ns0:definitionArc order="6" ns2:arcrole="http://xbrl.org/int/dim/arcrole/domain-member" ns2:from="ferc_AdministrativeAndGeneralExpensesOperationAbstract" ns2:to="ferc_InjuriesAndDamages" ns2:type="arc" />
        <ns0:loc ns2:href="../../ferc-core_2020-01-01.xsd#ferc_EmployeePensionsAndBenefits" ns2:label="ferc_EmployeePensionsAndBenefits" ns2:type="locator" />
        <ns0:definitionArc order="7" ns2:arcrole="http://xbrl.org/int/dim/arcrole/domain-member" ns2:from="ferc_AdministrativeAndGeneralExpensesOperationAbstract" ns2:to="ferc_EmployeePensionsAndBenefits" ns2:type="arc" />
        <ns0:loc ns2:href="../../ferc-core_2020-01-01.xsd#ferc_FranchiseRequirements" ns2:label="ferc_FranchiseRequirements" ns2:type="locator" />
        <ns0:definitionArc order="8" ns2:arcrole="http://xbrl.org/int/dim/arcrole/domain-member" ns2:from="ferc_AdministrativeAndGeneralExpensesOperationAbstract" ns2:to="ferc_FranchiseRequirements" ns2:type="arc" />
        <ns0:loc ns2:href="../../ferc-core_2020-01-01.xsd#ferc_RegulatoryCommissionExpenses" ns2:label="ferc_RegulatoryCommissionExpenses" ns2:type="locator" />
        <ns0:definitionArc order="9" ns2:arcrole="http://xbrl.org/int/dim/arcrole/domain-member" ns2:from="ferc_AdministrativeAndGeneralExpensesOperationAbstract" ns2:to="ferc_RegulatoryCommissionExpenses" ns2:type="arc" />
        <ns0:loc ns2:href="../../ferc-core_2020-01-01.xsd#ferc_DuplicateChargesCredit" ns2:label="ferc_DuplicateChargesCredit" ns2:type="locator" />
        <ns0:definitionArc order="10" ns2:arcrole="http://xbrl.org/int/dim/arcrole/domain-member" ns2:from="ferc_AdministrativeAndGeneralExpensesOperationAbstract" ns2:to="ferc_DuplicateChargesCredit" ns2:type="arc" />
        <ns0:loc ns2:href="../../ferc-core_2020-01-01.xsd#ferc_GeneralAdvertisingExpenses" ns2:label="ferc_GeneralAdvertisingExpenses" ns2:type="locator" />
        <ns0:definitionArc order="11" ns2:arcrole="http://xbrl.org/int/dim/arcrole/domain-member" ns2:from="ferc_AdministrativeAndGeneralExpensesOperationAbstract" ns2:to="ferc_GeneralAdvertisingExpenses" ns2:type="arc" />
        <ns0:loc ns2:href="../../ferc-core_2020-01-01.xsd#ferc_MiscellaneousGeneralExpenses" ns2:label="ferc_MiscellaneousGeneralExpenses" ns2:type="locator" />
        <ns0:definitionArc order="12" ns2:arcrole="http://xbrl.org/int/dim/arcrole/domain-member" ns2:from="ferc_AdministrativeAndGeneralExpensesOperationAbstract" ns2:to="ferc_MiscellaneousGeneralExpenses" ns2:type="arc" />
        <ns0:loc ns2:href="../../ferc-core_2020-01-01.xsd#ferc_RentsAdministrativeAndGeneralExpense" ns2:label="ferc_RentsAdministrativeAndGeneralExpense" ns2:type="locator" />
        <ns0:definitionArc order="13" ns2:arcrole="http://xbrl.org/int/dim/arcrole/domain-member" ns2:from="ferc_AdministrativeAndGeneralExpensesOperationAbstract" ns2:to="ferc_RentsAdministrativeAndGeneralExpense" ns2:type="arc" />
        <ns0:loc ns2:href="../../ferc-core_2020-01-01.xsd#ferc_AdministrativeAndGeneralOperationExpense" ns2:label="ferc_AdministrativeAndGeneralOperationExpense" ns2:type="locator" />
        <ns0:definitionArc order="14" ns2:arcrole="http://xbrl.org/int/dim/arcrole/domain-member" ns2:from="ferc_AdministrativeAndGeneralExpensesOperationAbstract" ns2:to="ferc_AdministrativeAndGeneralOperationExpense" ns2:type="arc" />
        <ns0:loc ns2:href="../../ferc-core_2020-01-01.xsd#ferc_AdministrativeAndGeneralExpensesMaintenanceAbstract" ns2:label="ferc_AdministrativeAndGeneralExpensesMaintenanceAbstract" ns2:type="locator" />
        <ns0:definitionArc order="2" ns2:arcrole="http://xbrl.org/int/dim/arcrole/domain-member" ns2:from="ferc_AdministrativeAndGeneralExpensesAbstract" ns2:to="ferc_AdministrativeAndGeneralExpensesMaintenanceAbstract" ns2:type="arc" />
        <ns0:loc ns2:href="../../ferc-core_2020-01-01.xsd#ferc_MaintenanceOfGeneralPlant" ns2:label="ferc_MaintenanceOfGeneralPlant" ns2:type="locator" />
        <ns0:definitionArc order="1" ns2:arcrole="http://xbrl.org/int/dim/arcrole/domain-member" ns2:from="ferc_AdministrativeAndGeneralExpensesMaintenanceAbstract" ns2:to="ferc_MaintenanceOfGeneralPlant" ns2:type="arc" />
        <ns0:loc ns2:href="../../ferc-core_2020-01-01.xsd#ferc_AdministrativeAndGeneralExpenses" ns2:label="ferc_AdministrativeAndGeneralExpenses" ns2:type="locator" />
        <ns0:definitionArc order="2" ns2:arcrole="http://xbrl.org/int/dim/arcrole/domain-member" ns2:from="ferc_AdministrativeAndGeneralExpensesMaintenanceAbstract" ns2:to="ferc_AdministrativeAndGeneralExpenses" ns2:type="arc" />
        <ns0:loc ns2:href="../../ferc-core_2020-01-01.xsd#ferc_OperationsAndMaintenanceExpensesElectric" ns2:label="ferc_OperationsAndMaintenanceExpensesElectric" ns2:type="locator" />
        <ns0:definitionArc order="10" ns2:arcrole="http://xbrl.org/int/dim/arcrole/domain-member" ns2:from="ferc_OperationsAndMaintenanceExpensesLineItems" ns2:to="ferc_OperationsAndMaintenanceExpensesElectric" ns2:type="arc" />
    </ns0:definitionLink>
    <ns0:definitionLink ns2:role="http://ferc.gov/form/2020-01-01/roles/Schedule/F1/ScheduleElectricOperationAndMaintenanceExpenses" ns2:type="extended" />
</ns0:linkbase>