﻿<?xml version="1.0" encoding="utf-8"?>
<!--© DNB-->
<link:linkbase xmlns:xsi="http://www.w3.org/2001/XMLSchema-instance" xmlns:xlink="http://www.w3.org/1999/xlink" xmlns:link="http://www.xbrl.org/2003/linkbase" xsi:schemaLocation="http://www.xbrl.org/2003/linkbase http://www.xbrl.org/2003/xbrl-linkbase-2003-12-31.xsd">
  <link:roleRef roleURI="http://www.dnb.nl/xbrl/role/dict/dom/dom031/001" xlink:type="simple" xlink:href="hier.xsd#dnb_001" />
  <link:presentationLink xlink:type="extended" xlink:role="http://www.dnb.nl/xbrl/role/dict/dom/dom031/001">
    <link:loc xlink:type="locator" xlink:href="../exp.xsd#dnb_dom031" xlink:label="loc_dnb_dom031" />
    <link:loc xlink:type="locator" xlink:href="mem.xsd#dnb_mem000" xlink:label="loc_dnb_mem000" />
    <link:presentationArc xlink:type="arc" xlink:arcrole="http://www.xbrl.org/2003/arcrole/parent-child" xlink:from="loc_dnb_dom031" xlink:to="loc_dnb_mem000" order="1" />
    <link:loc xlink:type="locator" xlink:href="mem.xsd#dnb_mem012" xlink:label="loc_dnb_mem012" />
    <link:presentationArc xlink:type="arc" xlink:arcrole="http://www.xbrl.org/2003/arcrole/parent-child" xlink:from="loc_dnb_mem000" xlink:to="loc_dnb_mem012" order="1" />
    <link:loc xlink:type="locator" xlink:href="mem.xsd#dnb_mem018" xlink:label="loc_dnb_mem018" />
    <link:presentationArc xlink:type="arc" xlink:arcrole="http://www.xbrl.org/2003/arcrole/parent-child" xlink:from="loc_dnb_mem000" xlink:to="loc_dnb_mem018" order="2" />
  </link:presentationLink>
</link:linkbase>