<?xml version="1.0" encoding="utf-8"?>
<!--(C) Eurofiling Foundation p.f.
Version History
1.0.0 original version
1.0.1 2017-11-19 includes version numbering and commenting
-->
<?version 1.0.1?>
<link:linkbase xmlns:xsi="http://www.w3.org/2001/XMLSchema-instance" xmlns:xlink="http://www.w3.org/1999/xlink" xmlns:link="http://www.xbrl.org/2003/linkbase" xsi:schemaLocation=" http://www.xbrl.org/2003/linkbase http://www.xbrl.org/2003/xbrl-linkbase-2003-12-31.xsd">
  <link:labelLink xlink:type="extended" xlink:role="http://www.xbrl.org/2003/role/link">
    <link:loc xlink:type="locator" xlink:href="mem.xsd#eu_x0" xlink:label="loc_eu_x0"/>
    <link:label xlink:type="resource" xlink:label="label_eu_x0" xml:lang="en" xlink:role="http://www.xbrl.org/2003/role/label">Total/NA</link:label>
    <link:labelArc xlink:type="arc" xlink:arcrole="http://www.xbrl.org/2003/arcrole/concept-label" xlink:from="loc_eu_x0" xlink:to="label_eu_x0"/>
    <link:loc xlink:type="locator" xlink:href="mem.xsd#eu_EUR" xlink:label="loc_eu_EUR"/>
    <link:label xlink:type="resource" xlink:label="label_eu_EUR" xml:lang="en" xlink:role="http://www.xbrl.org/2003/role/label">EUR</link:label>
    <link:labelArc xlink:type="arc" xlink:arcrole="http://www.xbrl.org/2003/arcrole/concept-label" xlink:from="loc_eu_EUR" xlink:to="label_eu_EUR"/>
    <link:loc xlink:type="locator" xlink:href="mem.xsd#eu_AED" xlink:label="loc_eu_AED"/>
    <link:label xlink:type="resource" xlink:label="label_eu_AED" xml:lang="en" xlink:role="http://www.xbrl.org/2003/role/label">AED</link:label>
    <link:labelArc xlink:type="arc" xlink:arcrole="http://www.xbrl.org/2003/arcrole/concept-label" xlink:from="loc_eu_AED" xlink:to="label_eu_AED"/>
    <link:loc xlink:type="locator" xlink:href="mem.xsd#eu_AFN" xlink:label="loc_eu_AFN"/>
    <link:label xlink:type="resource" xlink:label="label_eu_AFN" xml:lang="en" xlink:role="http://www.xbrl.org/2003/role/label">AFN</link:label>
    <link:labelArc xlink:type="arc" xlink:arcrole="http://www.xbrl.org/2003/arcrole/concept-label" xlink:from="loc_eu_AFN" xlink:to="label_eu_AFN"/>
    <link:loc xlink:type="locator" xlink:href="mem.xsd#eu_ALL" xlink:label="loc_eu_ALL"/>
    <link:label xlink:type="resource" xlink:label="label_eu_ALL" xml:lang="en" xlink:role="http://www.xbrl.org/2003/role/label">ALL</link:label>
    <link:labelArc xlink:type="arc" xlink:arcrole="http://www.xbrl.org/2003/arcrole/concept-label" xlink:from="loc_eu_ALL" xlink:to="label_eu_ALL"/>
    <link:loc xlink:type="locator" xlink:href="mem.xsd#eu_AMD" xlink:label="loc_eu_AMD"/>
    <link:label xlink:type="resource" xlink:label="label_eu_AMD" xml:lang="en" xlink:role="http://www.xbrl.org/2003/role/label">AMD</link:label>
    <link:labelArc xlink:type="arc" xlink:arcrole="http://www.xbrl.org/2003/arcrole/concept-label" xlink:from="loc_eu_AMD" xlink:to="label_eu_AMD"/>
    <link:loc xlink:type="locator" xlink:href="mem.xsd#eu_ANG" xlink:label="loc_eu_ANG"/>
    <link:label xlink:type="resource" xlink:label="label_eu_ANG" xml:lang="en" xlink:role="http://www.xbrl.org/2003/role/label">ANG</link:label>
    <link:labelArc xlink:type="arc" xlink:arcrole="http://www.xbrl.org/2003/arcrole/concept-label" xlink:from="loc_eu_ANG" xlink:to="label_eu_ANG"/>
    <link:loc xlink:type="locator" xlink:href="mem.xsd#eu_AOA" xlink:label="loc_eu_AOA"/>
    <link:label xlink:type="resource" xlink:label="label_eu_AOA" xml:lang="en" xlink:role="http://www.xbrl.org/2003/role/label">AOA</link:label>
    <link:labelArc xlink:type="arc" xlink:arcrole="http://www.xbrl.org/2003/arcrole/concept-label" xlink:from="loc_eu_AOA" xlink:to="label_eu_AOA"/>
    <link:loc xlink:type="locator" xlink:href="mem.xsd#eu_ARS" xlink:label="loc_eu_ARS"/>
    <link:label xlink:type="resource" xlink:label="label_eu_ARS" xml:lang="en" xlink:role="http://www.xbrl.org/2003/role/label">ARS</link:label>
    <link:labelArc xlink:type="arc" xlink:arcrole="http://www.xbrl.org/2003/arcrole/concept-label" xlink:from="loc_eu_ARS" xlink:to="label_eu_ARS"/>
    <link:loc xlink:type="locator" xlink:href="mem.xsd#eu_AUD" xlink:label="loc_eu_AUD"/>
    <link:label xlink:type="resource" xlink:label="label_eu_AUD" xml:lang="en" xlink:role="http://www.xbrl.org/2003/role/label">AUD</link:label>
    <link:labelArc xlink:type="arc" xlink:arcrole="http://www.xbrl.org/2003/arcrole/concept-label" xlink:from="loc_eu_AUD" xlink:to="label_eu_AUD"/>
    <link:loc xlink:type="locator" xlink:href="mem.xsd#eu_AWG" xlink:label="loc_eu_AWG"/>
    <link:label xlink:type="resource" xlink:label="label_eu_AWG" xml:lang="en" xlink:role="http://www.xbrl.org/2003/role/label">AWG</link:label>
    <link:labelArc xlink:type="arc" xlink:arcrole="http://www.xbrl.org/2003/arcrole/concept-label" xlink:from="loc_eu_AWG" xlink:to="label_eu_AWG"/>
    <link:loc xlink:type="locator" xlink:href="mem.xsd#eu_AZN" xlink:label="loc_eu_AZN"/>
    <link:label xlink:type="resource" xlink:label="label_eu_AZN" xml:lang="en" xlink:role="http://www.xbrl.org/2003/role/label">AZN</link:label>
    <link:labelArc xlink:type="arc" xlink:arcrole="http://www.xbrl.org/2003/arcrole/concept-label" xlink:from="loc_eu_AZN" xlink:to="label_eu_AZN"/>
    <link:loc xlink:type="locator" xlink:href="mem.xsd#eu_BAM" xlink:label="loc_eu_BAM"/>
    <link:label xlink:type="resource" xlink:label="label_eu_BAM" xml:lang="en" xlink:role="http://www.xbrl.org/2003/role/label">BAM</link:label>
    <link:labelArc xlink:type="arc" xlink:arcrole="http://www.xbrl.org/2003/arcrole/concept-label" xlink:from="loc_eu_BAM" xlink:to="label_eu_BAM"/>
    <link:loc xlink:type="locator" xlink:href="mem.xsd#eu_BBD" xlink:label="loc_eu_BBD"/>
    <link:label xlink:type="resource" xlink:label="label_eu_BBD" xml:lang="en" xlink:role="http://www.xbrl.org/2003/role/label">BBD</link:label>
    <link:labelArc xlink:type="arc" xlink:arcrole="http://www.xbrl.org/2003/arcrole/concept-label" xlink:from="loc_eu_BBD" xlink:to="label_eu_BBD"/>
    <link:loc xlink:type="locator" xlink:href="mem.xsd#eu_BDT" xlink:label="loc_eu_BDT"/>
    <link:label xlink:type="resource" xlink:label="label_eu_BDT" xml:lang="en" xlink:role="http://www.xbrl.org/2003/role/label">BDT</link:label>
    <link:labelArc xlink:type="arc" xlink:arcrole="http://www.xbrl.org/2003/arcrole/concept-label" xlink:from="loc_eu_BDT" xlink:to="label_eu_BDT"/>
    <link:loc xlink:type="locator" xlink:href="mem.xsd#eu_BGN" xlink:label="loc_eu_BGN"/>
    <link:label xlink:type="resource" xlink:label="label_eu_BGN" xml:lang="en" xlink:role="http://www.xbrl.org/2003/role/label">BGN</link:label>
    <link:labelArc xlink:type="arc" xlink:arcrole="http://www.xbrl.org/2003/arcrole/concept-label" xlink:from="loc_eu_BGN" xlink:to="label_eu_BGN"/>
    <link:loc xlink:type="locator" xlink:href="mem.xsd#eu_BHD" xlink:label="loc_eu_BHD"/>
    <link:label xlink:type="resource" xlink:label="label_eu_BHD" xml:lang="en" xlink:role="http://www.xbrl.org/2003/role/label">BHD</link:label>
    <link:labelArc xlink:type="arc" xlink:arcrole="http://www.xbrl.org/2003/arcrole/concept-label" xlink:from="loc_eu_BHD" xlink:to="label_eu_BHD"/>
    <link:loc xlink:type="locator" xlink:href="mem.xsd#eu_BIF" xlink:label="loc_eu_BIF"/>
    <link:label xlink:type="resource" xlink:label="label_eu_BIF" xml:lang="en" xlink:role="http://www.xbrl.org/2003/role/label">BIF</link:label>
    <link:labelArc xlink:type="arc" xlink:arcrole="http://www.xbrl.org/2003/arcrole/concept-label" xlink:from="loc_eu_BIF" xlink:to="label_eu_BIF"/>
    <link:loc xlink:type="locator" xlink:href="mem.xsd#eu_BMD" xlink:label="loc_eu_BMD"/>
    <link:label xlink:type="resource" xlink:label="label_eu_BMD" xml:lang="en" xlink:role="http://www.xbrl.org/2003/role/label">BMD</link:label>
    <link:labelArc xlink:type="arc" xlink:arcrole="http://www.xbrl.org/2003/arcrole/concept-label" xlink:from="loc_eu_BMD" xlink:to="label_eu_BMD"/>
    <link:loc xlink:type="locator" xlink:href="mem.xsd#eu_BND" xlink:label="loc_eu_BND"/>
    <link:label xlink:type="resource" xlink:label="label_eu_BND" xml:lang="en" xlink:role="http://www.xbrl.org/2003/role/label">BND</link:label>
    <link:labelArc xlink:type="arc" xlink:arcrole="http://www.xbrl.org/2003/arcrole/concept-label" xlink:from="loc_eu_BND" xlink:to="label_eu_BND"/>
    <link:loc xlink:type="locator" xlink:href="mem.xsd#eu_BOB" xlink:label="loc_eu_BOB"/>
    <link:label xlink:type="resource" xlink:label="label_eu_BOB" xml:lang="en" xlink:role="http://www.xbrl.org/2003/role/label">BOB</link:label>
    <link:labelArc xlink:type="arc" xlink:arcrole="http://www.xbrl.org/2003/arcrole/concept-label" xlink:from="loc_eu_BOB" xlink:to="label_eu_BOB"/>
    <link:loc xlink:type="locator" xlink:href="mem.xsd#eu_BOV" xlink:label="loc_eu_BOV"/>
    <link:label xlink:type="resource" xlink:label="label_eu_BOV" xml:lang="en" xlink:role="http://www.xbrl.org/2003/role/label">BOV</link:label>
    <link:labelArc xlink:type="arc" xlink:arcrole="http://www.xbrl.org/2003/arcrole/concept-label" xlink:from="loc_eu_BOV" xlink:to="label_eu_BOV"/>
    <link:loc xlink:type="locator" xlink:href="mem.xsd#eu_BRL" xlink:label="loc_eu_BRL"/>
    <link:label xlink:type="resource" xlink:label="label_eu_BRL" xml:lang="en" xlink:role="http://www.xbrl.org/2003/role/label">BRL</link:label>
    <link:labelArc xlink:type="arc" xlink:arcrole="http://www.xbrl.org/2003/arcrole/concept-label" xlink:from="loc_eu_BRL" xlink:to="label_eu_BRL"/>
    <link:loc xlink:type="locator" xlink:href="mem.xsd#eu_BSD" xlink:label="loc_eu_BSD"/>
    <link:label xlink:type="resource" xlink:label="label_eu_BSD" xml:lang="en" xlink:role="http://www.xbrl.org/2003/role/label">BSD</link:label>
    <link:labelArc xlink:type="arc" xlink:arcrole="http://www.xbrl.org/2003/arcrole/concept-label" xlink:from="loc_eu_BSD" xlink:to="label_eu_BSD"/>
    <link:loc xlink:type="locator" xlink:href="mem.xsd#eu_BTN" xlink:label="loc_eu_BTN"/>
    <link:label xlink:type="resource" xlink:label="label_eu_BTN" xml:lang="en" xlink:role="http://www.xbrl.org/2003/role/label">BTN</link:label>
    <link:labelArc xlink:type="arc" xlink:arcrole="http://www.xbrl.org/2003/arcrole/concept-label" xlink:from="loc_eu_BTN" xlink:to="label_eu_BTN"/>
    <link:loc xlink:type="locator" xlink:href="mem.xsd#eu_BWP" xlink:label="loc_eu_BWP"/>
    <link:label xlink:type="resource" xlink:label="label_eu_BWP" xml:lang="en" xlink:role="http://www.xbrl.org/2003/role/label">BWP</link:label>
    <link:labelArc xlink:type="arc" xlink:arcrole="http://www.xbrl.org/2003/arcrole/concept-label" xlink:from="loc_eu_BWP" xlink:to="label_eu_BWP"/>
    <link:loc xlink:type="locator" xlink:href="mem.xsd#eu_BYR" xlink:label="loc_eu_BYR"/>
    <link:label xlink:type="resource" xlink:label="label_eu_BYR" xml:lang="en" xlink:role="http://www.xbrl.org/2003/role/label">BYR</link:label>
    <link:labelArc xlink:type="arc" xlink:arcrole="http://www.xbrl.org/2003/arcrole/concept-label" xlink:from="loc_eu_BYR" xlink:to="label_eu_BYR"/>
    <link:loc xlink:type="locator" xlink:href="mem.xsd#eu_BZD" xlink:label="loc_eu_BZD"/>
    <link:label xlink:type="resource" xlink:label="label_eu_BZD" xml:lang="en" xlink:role="http://www.xbrl.org/2003/role/label">BZD</link:label>
    <link:labelArc xlink:type="arc" xlink:arcrole="http://www.xbrl.org/2003/arcrole/concept-label" xlink:from="loc_eu_BZD" xlink:to="label_eu_BZD"/>
    <link:loc xlink:type="locator" xlink:href="mem.xsd#eu_CAD" xlink:label="loc_eu_CAD"/>
    <link:label xlink:type="resource" xlink:label="label_eu_CAD" xml:lang="en" xlink:role="http://www.xbrl.org/2003/role/label">CAD</link:label>
    <link:labelArc xlink:type="arc" xlink:arcrole="http://www.xbrl.org/2003/arcrole/concept-label" xlink:from="loc_eu_CAD" xlink:to="label_eu_CAD"/>
    <link:loc xlink:type="locator" xlink:href="mem.xsd#eu_CDF" xlink:label="loc_eu_CDF"/>
    <link:label xlink:type="resource" xlink:label="label_eu_CDF" xml:lang="en" xlink:role="http://www.xbrl.org/2003/role/label">CDF</link:label>
    <link:labelArc xlink:type="arc" xlink:arcrole="http://www.xbrl.org/2003/arcrole/concept-label" xlink:from="loc_eu_CDF" xlink:to="label_eu_CDF"/>
    <link:loc xlink:type="locator" xlink:href="mem.xsd#eu_CHE" xlink:label="loc_eu_CHE"/>
    <link:label xlink:type="resource" xlink:label="label_eu_CHE" xml:lang="en" xlink:role="http://www.xbrl.org/2003/role/label">CHE</link:label>
    <link:labelArc xlink:type="arc" xlink:arcrole="http://www.xbrl.org/2003/arcrole/concept-label" xlink:from="loc_eu_CHE" xlink:to="label_eu_CHE"/>
    <link:loc xlink:type="locator" xlink:href="mem.xsd#eu_CHF" xlink:label="loc_eu_CHF"/>
    <link:label xlink:type="resource" xlink:label="label_eu_CHF" xml:lang="en" xlink:role="http://www.xbrl.org/2003/role/label">CHF</link:label>
    <link:labelArc xlink:type="arc" xlink:arcrole="http://www.xbrl.org/2003/arcrole/concept-label" xlink:from="loc_eu_CHF" xlink:to="label_eu_CHF"/>
    <link:loc xlink:type="locator" xlink:href="mem.xsd#eu_CHW" xlink:label="loc_eu_CHW"/>
    <link:label xlink:type="resource" xlink:label="label_eu_CHW" xml:lang="en" xlink:role="http://www.xbrl.org/2003/role/label">CHW</link:label>
    <link:labelArc xlink:type="arc" xlink:arcrole="http://www.xbrl.org/2003/arcrole/concept-label" xlink:from="loc_eu_CHW" xlink:to="label_eu_CHW"/>
    <link:loc xlink:type="locator" xlink:href="mem.xsd#eu_CLF" xlink:label="loc_eu_CLF"/>
    <link:label xlink:type="resource" xlink:label="label_eu_CLF" xml:lang="en" xlink:role="http://www.xbrl.org/2003/role/label">CLF</link:label>
    <link:labelArc xlink:type="arc" xlink:arcrole="http://www.xbrl.org/2003/arcrole/concept-label" xlink:from="loc_eu_CLF" xlink:to="label_eu_CLF"/>
    <link:loc xlink:type="locator" xlink:href="mem.xsd#eu_CLP" xlink:label="loc_eu_CLP"/>
    <link:label xlink:type="resource" xlink:label="label_eu_CLP" xml:lang="en" xlink:role="http://www.xbrl.org/2003/role/label">CLP</link:label>
    <link:labelArc xlink:type="arc" xlink:arcrole="http://www.xbrl.org/2003/arcrole/concept-label" xlink:from="loc_eu_CLP" xlink:to="label_eu_CLP"/>
    <link:loc xlink:type="locator" xlink:href="mem.xsd#eu_CNY" xlink:label="loc_eu_CNY"/>
    <link:label xlink:type="resource" xlink:label="label_eu_CNY" xml:lang="en" xlink:role="http://www.xbrl.org/2003/role/label">CNY</link:label>
    <link:labelArc xlink:type="arc" xlink:arcrole="http://www.xbrl.org/2003/arcrole/concept-label" xlink:from="loc_eu_CNY" xlink:to="label_eu_CNY"/>
    <link:loc xlink:type="locator" xlink:href="mem.xsd#eu_COP" xlink:label="loc_eu_COP"/>
    <link:label xlink:type="resource" xlink:label="label_eu_COP" xml:lang="en" xlink:role="http://www.xbrl.org/2003/role/label">COP</link:label>
    <link:labelArc xlink:type="arc" xlink:arcrole="http://www.xbrl.org/2003/arcrole/concept-label" xlink:from="loc_eu_COP" xlink:to="label_eu_COP"/>
    <link:loc xlink:type="locator" xlink:href="mem.xsd#eu_COU" xlink:label="loc_eu_COU"/>
    <link:label xlink:type="resource" xlink:label="label_eu_COU" xml:lang="en" xlink:role="http://www.xbrl.org/2003/role/label">COU</link:label>
    <link:labelArc xlink:type="arc" xlink:arcrole="http://www.xbrl.org/2003/arcrole/concept-label" xlink:from="loc_eu_COU" xlink:to="label_eu_COU"/>
    <link:loc xlink:type="locator" xlink:href="mem.xsd#eu_CRC" xlink:label="loc_eu_CRC"/>
    <link:label xlink:type="resource" xlink:label="label_eu_CRC" xml:lang="en" xlink:role="http://www.xbrl.org/2003/role/label">CRC</link:label>
    <link:labelArc xlink:type="arc" xlink:arcrole="http://www.xbrl.org/2003/arcrole/concept-label" xlink:from="loc_eu_CRC" xlink:to="label_eu_CRC"/>
    <link:loc xlink:type="locator" xlink:href="mem.xsd#eu_CUC" xlink:label="loc_eu_CUC"/>
    <link:label xlink:type="resource" xlink:label="label_eu_CUC" xml:lang="en" xlink:role="http://www.xbrl.org/2003/role/label">CUC</link:label>
    <link:labelArc xlink:type="arc" xlink:arcrole="http://www.xbrl.org/2003/arcrole/concept-label" xlink:from="loc_eu_CUC" xlink:to="label_eu_CUC"/>
    <link:loc xlink:type="locator" xlink:href="mem.xsd#eu_CUP" xlink:label="loc_eu_CUP"/>
    <link:label xlink:type="resource" xlink:label="label_eu_CUP" xml:lang="en" xlink:role="http://www.xbrl.org/2003/role/label">CUP</link:label>
    <link:labelArc xlink:type="arc" xlink:arcrole="http://www.xbrl.org/2003/arcrole/concept-label" xlink:from="loc_eu_CUP" xlink:to="label_eu_CUP"/>
    <link:loc xlink:type="locator" xlink:href="mem.xsd#eu_CVE" xlink:label="loc_eu_CVE"/>
    <link:label xlink:type="resource" xlink:label="label_eu_CVE" xml:lang="en" xlink:role="http://www.xbrl.org/2003/role/label">CVE</link:label>
    <link:labelArc xlink:type="arc" xlink:arcrole="http://www.xbrl.org/2003/arcrole/concept-label" xlink:from="loc_eu_CVE" xlink:to="label_eu_CVE"/>
    <link:loc xlink:type="locator" xlink:href="mem.xsd#eu_CZK" xlink:label="loc_eu_CZK"/>
    <link:label xlink:type="resource" xlink:label="label_eu_CZK" xml:lang="en" xlink:role="http://www.xbrl.org/2003/role/label">CZK</link:label>
    <link:labelArc xlink:type="arc" xlink:arcrole="http://www.xbrl.org/2003/arcrole/concept-label" xlink:from="loc_eu_CZK" xlink:to="label_eu_CZK"/>
    <link:loc xlink:type="locator" xlink:href="mem.xsd#eu_DJF" xlink:label="loc_eu_DJF"/>
    <link:label xlink:type="resource" xlink:label="label_eu_DJF" xml:lang="en" xlink:role="http://www.xbrl.org/2003/role/label">DJF</link:label>
    <link:labelArc xlink:type="arc" xlink:arcrole="http://www.xbrl.org/2003/arcrole/concept-label" xlink:from="loc_eu_DJF" xlink:to="label_eu_DJF"/>
    <link:loc xlink:type="locator" xlink:href="mem.xsd#eu_DKK" xlink:label="loc_eu_DKK"/>
    <link:label xlink:type="resource" xlink:label="label_eu_DKK" xml:lang="en" xlink:role="http://www.xbrl.org/2003/role/label">DKK</link:label>
    <link:labelArc xlink:type="arc" xlink:arcrole="http://www.xbrl.org/2003/arcrole/concept-label" xlink:from="loc_eu_DKK" xlink:to="label_eu_DKK"/>
    <link:loc xlink:type="locator" xlink:href="mem.xsd#eu_DOP" xlink:label="loc_eu_DOP"/>
    <link:label xlink:type="resource" xlink:label="label_eu_DOP" xml:lang="en" xlink:role="http://www.xbrl.org/2003/role/label">DOP</link:label>
    <link:labelArc xlink:type="arc" xlink:arcrole="http://www.xbrl.org/2003/arcrole/concept-label" xlink:from="loc_eu_DOP" xlink:to="label_eu_DOP"/>
    <link:loc xlink:type="locator" xlink:href="mem.xsd#eu_DZD" xlink:label="loc_eu_DZD"/>
    <link:label xlink:type="resource" xlink:label="label_eu_DZD" xml:lang="en" xlink:role="http://www.xbrl.org/2003/role/label">DZD</link:label>
    <link:labelArc xlink:type="arc" xlink:arcrole="http://www.xbrl.org/2003/arcrole/concept-label" xlink:from="loc_eu_DZD" xlink:to="label_eu_DZD"/>
    <link:loc xlink:type="locator" xlink:href="mem.xsd#eu_EEK" xlink:label="loc_eu_EEK"/>
    <link:label xlink:type="resource" xlink:label="label_eu_EEK" xml:lang="en" xlink:role="http://www.xbrl.org/2003/role/label">EEK</link:label>
    <link:labelArc xlink:type="arc" xlink:arcrole="http://www.xbrl.org/2003/arcrole/concept-label" xlink:from="loc_eu_EEK" xlink:to="label_eu_EEK"/>
    <link:loc xlink:type="locator" xlink:href="mem.xsd#eu_EGP" xlink:label="loc_eu_EGP"/>
    <link:label xlink:type="resource" xlink:label="label_eu_EGP" xml:lang="en" xlink:role="http://www.xbrl.org/2003/role/label">EGP</link:label>
    <link:labelArc xlink:type="arc" xlink:arcrole="http://www.xbrl.org/2003/arcrole/concept-label" xlink:from="loc_eu_EGP" xlink:to="label_eu_EGP"/>
    <link:loc xlink:type="locator" xlink:href="mem.xsd#eu_ERN" xlink:label="loc_eu_ERN"/>
    <link:label xlink:type="resource" xlink:label="label_eu_ERN" xml:lang="en" xlink:role="http://www.xbrl.org/2003/role/label">ERN</link:label>
    <link:labelArc xlink:type="arc" xlink:arcrole="http://www.xbrl.org/2003/arcrole/concept-label" xlink:from="loc_eu_ERN" xlink:to="label_eu_ERN"/>
    <link:loc xlink:type="locator" xlink:href="mem.xsd#eu_ETB" xlink:label="loc_eu_ETB"/>
    <link:label xlink:type="resource" xlink:label="label_eu_ETB" xml:lang="en" xlink:role="http://www.xbrl.org/2003/role/label">ETB</link:label>
    <link:labelArc xlink:type="arc" xlink:arcrole="http://www.xbrl.org/2003/arcrole/concept-label" xlink:from="loc_eu_ETB" xlink:to="label_eu_ETB"/>
    <link:loc xlink:type="locator" xlink:href="mem.xsd#eu_FJD" xlink:label="loc_eu_FJD"/>
    <link:label xlink:type="resource" xlink:label="label_eu_FJD" xml:lang="en" xlink:role="http://www.xbrl.org/2003/role/label">FJD</link:label>
    <link:labelArc xlink:type="arc" xlink:arcrole="http://www.xbrl.org/2003/arcrole/concept-label" xlink:from="loc_eu_FJD" xlink:to="label_eu_FJD"/>
    <link:loc xlink:type="locator" xlink:href="mem.xsd#eu_FKP" xlink:label="loc_eu_FKP"/>
    <link:label xlink:type="resource" xlink:label="label_eu_FKP" xml:lang="en" xlink:role="http://www.xbrl.org/2003/role/label">FKP</link:label>
    <link:labelArc xlink:type="arc" xlink:arcrole="http://www.xbrl.org/2003/arcrole/concept-label" xlink:from="loc_eu_FKP" xlink:to="label_eu_FKP"/>
    <link:loc xlink:type="locator" xlink:href="mem.xsd#eu_GBP" xlink:label="loc_eu_GBP"/>
    <link:label xlink:type="resource" xlink:label="label_eu_GBP" xml:lang="en" xlink:role="http://www.xbrl.org/2003/role/label">GBP</link:label>
    <link:labelArc xlink:type="arc" xlink:arcrole="http://www.xbrl.org/2003/arcrole/concept-label" xlink:from="loc_eu_GBP" xlink:to="label_eu_GBP"/>
    <link:loc xlink:type="locator" xlink:href="mem.xsd#eu_GEL" xlink:label="loc_eu_GEL"/>
    <link:label xlink:type="resource" xlink:label="label_eu_GEL" xml:lang="en" xlink:role="http://www.xbrl.org/2003/role/label">GEL</link:label>
    <link:labelArc xlink:type="arc" xlink:arcrole="http://www.xbrl.org/2003/arcrole/concept-label" xlink:from="loc_eu_GEL" xlink:to="label_eu_GEL"/>
    <link:loc xlink:type="locator" xlink:href="mem.xsd#eu_GHS" xlink:label="loc_eu_GHS"/>
    <link:label xlink:type="resource" xlink:label="label_eu_GHS" xml:lang="en" xlink:role="http://www.xbrl.org/2003/role/label">GHS</link:label>
    <link:labelArc xlink:type="arc" xlink:arcrole="http://www.xbrl.org/2003/arcrole/concept-label" xlink:from="loc_eu_GHS" xlink:to="label_eu_GHS"/>
    <link:loc xlink:type="locator" xlink:href="mem.xsd#eu_GIP" xlink:label="loc_eu_GIP"/>
    <link:label xlink:type="resource" xlink:label="label_eu_GIP" xml:lang="en" xlink:role="http://www.xbrl.org/2003/role/label">GIP</link:label>
    <link:labelArc xlink:type="arc" xlink:arcrole="http://www.xbrl.org/2003/arcrole/concept-label" xlink:from="loc_eu_GIP" xlink:to="label_eu_GIP"/>
    <link:loc xlink:type="locator" xlink:href="mem.xsd#eu_GMD" xlink:label="loc_eu_GMD"/>
    <link:label xlink:type="resource" xlink:label="label_eu_GMD" xml:lang="en" xlink:role="http://www.xbrl.org/2003/role/label">GMD</link:label>
    <link:labelArc xlink:type="arc" xlink:arcrole="http://www.xbrl.org/2003/arcrole/concept-label" xlink:from="loc_eu_GMD" xlink:to="label_eu_GMD"/>
    <link:loc xlink:type="locator" xlink:href="mem.xsd#eu_GNF" xlink:label="loc_eu_GNF"/>
    <link:label xlink:type="resource" xlink:label="label_eu_GNF" xml:lang="en" xlink:role="http://www.xbrl.org/2003/role/label">GNF</link:label>
    <link:labelArc xlink:type="arc" xlink:arcrole="http://www.xbrl.org/2003/arcrole/concept-label" xlink:from="loc_eu_GNF" xlink:to="label_eu_GNF"/>
    <link:loc xlink:type="locator" xlink:href="mem.xsd#eu_GTQ" xlink:label="loc_eu_GTQ"/>
    <link:label xlink:type="resource" xlink:label="label_eu_GTQ" xml:lang="en" xlink:role="http://www.xbrl.org/2003/role/label">GTQ</link:label>
    <link:labelArc xlink:type="arc" xlink:arcrole="http://www.xbrl.org/2003/arcrole/concept-label" xlink:from="loc_eu_GTQ" xlink:to="label_eu_GTQ"/>
    <link:loc xlink:type="locator" xlink:href="mem.xsd#eu_GYD" xlink:label="loc_eu_GYD"/>
    <link:label xlink:type="resource" xlink:label="label_eu_GYD" xml:lang="en" xlink:role="http://www.xbrl.org/2003/role/label">GYD</link:label>
    <link:labelArc xlink:type="arc" xlink:arcrole="http://www.xbrl.org/2003/arcrole/concept-label" xlink:from="loc_eu_GYD" xlink:to="label_eu_GYD"/>
    <link:loc xlink:type="locator" xlink:href="mem.xsd#eu_HKD" xlink:label="loc_eu_HKD"/>
    <link:label xlink:type="resource" xlink:label="label_eu_HKD" xml:lang="en" xlink:role="http://www.xbrl.org/2003/role/label">HKD</link:label>
    <link:labelArc xlink:type="arc" xlink:arcrole="http://www.xbrl.org/2003/arcrole/concept-label" xlink:from="loc_eu_HKD" xlink:to="label_eu_HKD"/>
    <link:loc xlink:type="locator" xlink:href="mem.xsd#eu_HNL" xlink:label="loc_eu_HNL"/>
    <link:label xlink:type="resource" xlink:label="label_eu_HNL" xml:lang="en" xlink:role="http://www.xbrl.org/2003/role/label">HNL</link:label>
    <link:labelArc xlink:type="arc" xlink:arcrole="http://www.xbrl.org/2003/arcrole/concept-label" xlink:from="loc_eu_HNL" xlink:to="label_eu_HNL"/>
    <link:loc xlink:type="locator" xlink:href="mem.xsd#eu_HRK" xlink:label="loc_eu_HRK"/>
    <link:label xlink:type="resource" xlink:label="label_eu_HRK" xml:lang="en" xlink:role="http://www.xbrl.org/2003/role/label">HRK</link:label>
    <link:labelArc xlink:type="arc" xlink:arcrole="http://www.xbrl.org/2003/arcrole/concept-label" xlink:from="loc_eu_HRK" xlink:to="label_eu_HRK"/>
    <link:loc xlink:type="locator" xlink:href="mem.xsd#eu_HTG" xlink:label="loc_eu_HTG"/>
    <link:label xlink:type="resource" xlink:label="label_eu_HTG" xml:lang="en" xlink:role="http://www.xbrl.org/2003/role/label">HTG</link:label>
    <link:labelArc xlink:type="arc" xlink:arcrole="http://www.xbrl.org/2003/arcrole/concept-label" xlink:from="loc_eu_HTG" xlink:to="label_eu_HTG"/>
    <link:loc xlink:type="locator" xlink:href="mem.xsd#eu_HUF" xlink:label="loc_eu_HUF"/>
    <link:label xlink:type="resource" xlink:label="label_eu_HUF" xml:lang="en" xlink:role="http://www.xbrl.org/2003/role/label">HUF</link:label>
    <link:labelArc xlink:type="arc" xlink:arcrole="http://www.xbrl.org/2003/arcrole/concept-label" xlink:from="loc_eu_HUF" xlink:to="label_eu_HUF"/>
    <link:loc xlink:type="locator" xlink:href="mem.xsd#eu_IDR" xlink:label="loc_eu_IDR"/>
    <link:label xlink:type="resource" xlink:label="label_eu_IDR" xml:lang="en" xlink:role="http://www.xbrl.org/2003/role/label">IDR</link:label>
    <link:labelArc xlink:type="arc" xlink:arcrole="http://www.xbrl.org/2003/arcrole/concept-label" xlink:from="loc_eu_IDR" xlink:to="label_eu_IDR"/>
    <link:loc xlink:type="locator" xlink:href="mem.xsd#eu_ILS" xlink:label="loc_eu_ILS"/>
    <link:label xlink:type="resource" xlink:label="label_eu_ILS" xml:lang="en" xlink:role="http://www.xbrl.org/2003/role/label">ILS</link:label>
    <link:labelArc xlink:type="arc" xlink:arcrole="http://www.xbrl.org/2003/arcrole/concept-label" xlink:from="loc_eu_ILS" xlink:to="label_eu_ILS"/>
    <link:loc xlink:type="locator" xlink:href="mem.xsd#eu_INR" xlink:label="loc_eu_INR"/>
    <link:label xlink:type="resource" xlink:label="label_eu_INR" xml:lang="en" xlink:role="http://www.xbrl.org/2003/role/label">INR</link:label>
    <link:labelArc xlink:type="arc" xlink:arcrole="http://www.xbrl.org/2003/arcrole/concept-label" xlink:from="loc_eu_INR" xlink:to="label_eu_INR"/>
    <link:loc xlink:type="locator" xlink:href="mem.xsd#eu_IQD" xlink:label="loc_eu_IQD"/>
    <link:label xlink:type="resource" xlink:label="label_eu_IQD" xml:lang="en" xlink:role="http://www.xbrl.org/2003/role/label">IQD</link:label>
    <link:labelArc xlink:type="arc" xlink:arcrole="http://www.xbrl.org/2003/arcrole/concept-label" xlink:from="loc_eu_IQD" xlink:to="label_eu_IQD"/>
    <link:loc xlink:type="locator" xlink:href="mem.xsd#eu_IRR" xlink:label="loc_eu_IRR"/>
    <link:label xlink:type="resource" xlink:label="label_eu_IRR" xml:lang="en" xlink:role="http://www.xbrl.org/2003/role/label">IRR</link:label>
    <link:labelArc xlink:type="arc" xlink:arcrole="http://www.xbrl.org/2003/arcrole/concept-label" xlink:from="loc_eu_IRR" xlink:to="label_eu_IRR"/>
    <link:loc xlink:type="locator" xlink:href="mem.xsd#eu_ISK" xlink:label="loc_eu_ISK"/>
    <link:label xlink:type="resource" xlink:label="label_eu_ISK" xml:lang="en" xlink:role="http://www.xbrl.org/2003/role/label">ISK</link:label>
    <link:labelArc xlink:type="arc" xlink:arcrole="http://www.xbrl.org/2003/arcrole/concept-label" xlink:from="loc_eu_ISK" xlink:to="label_eu_ISK"/>
    <link:loc xlink:type="locator" xlink:href="mem.xsd#eu_JMD" xlink:label="loc_eu_JMD"/>
    <link:label xlink:type="resource" xlink:label="label_eu_JMD" xml:lang="en" xlink:role="http://www.xbrl.org/2003/role/label">JMD</link:label>
    <link:labelArc xlink:type="arc" xlink:arcrole="http://www.xbrl.org/2003/arcrole/concept-label" xlink:from="loc_eu_JMD" xlink:to="label_eu_JMD"/>
    <link:loc xlink:type="locator" xlink:href="mem.xsd#eu_JOD" xlink:label="loc_eu_JOD"/>
    <link:label xlink:type="resource" xlink:label="label_eu_JOD" xml:lang="en" xlink:role="http://www.xbrl.org/2003/role/label">JOD</link:label>
    <link:labelArc xlink:type="arc" xlink:arcrole="http://www.xbrl.org/2003/arcrole/concept-label" xlink:from="loc_eu_JOD" xlink:to="label_eu_JOD"/>
    <link:loc xlink:type="locator" xlink:href="mem.xsd#eu_JPY" xlink:label="loc_eu_JPY"/>
    <link:label xlink:type="resource" xlink:label="label_eu_JPY" xml:lang="en" xlink:role="http://www.xbrl.org/2003/role/label">JPY</link:label>
    <link:labelArc xlink:type="arc" xlink:arcrole="http://www.xbrl.org/2003/arcrole/concept-label" xlink:from="loc_eu_JPY" xlink:to="label_eu_JPY"/>
    <link:loc xlink:type="locator" xlink:href="mem.xsd#eu_KES" xlink:label="loc_eu_KES"/>
    <link:label xlink:type="resource" xlink:label="label_eu_KES" xml:lang="en" xlink:role="http://www.xbrl.org/2003/role/label">KES</link:label>
    <link:labelArc xlink:type="arc" xlink:arcrole="http://www.xbrl.org/2003/arcrole/concept-label" xlink:from="loc_eu_KES" xlink:to="label_eu_KES"/>
    <link:loc xlink:type="locator" xlink:href="mem.xsd#eu_KGS" xlink:label="loc_eu_KGS"/>
    <link:label xlink:type="resource" xlink:label="label_eu_KGS" xml:lang="en" xlink:role="http://www.xbrl.org/2003/role/label">KGS</link:label>
    <link:labelArc xlink:type="arc" xlink:arcrole="http://www.xbrl.org/2003/arcrole/concept-label" xlink:from="loc_eu_KGS" xlink:to="label_eu_KGS"/>
    <link:loc xlink:type="locator" xlink:href="mem.xsd#eu_KHR" xlink:label="loc_eu_KHR"/>
    <link:label xlink:type="resource" xlink:label="label_eu_KHR" xml:lang="en" xlink:role="http://www.xbrl.org/2003/role/label">KHR</link:label>
    <link:labelArc xlink:type="arc" xlink:arcrole="http://www.xbrl.org/2003/arcrole/concept-label" xlink:from="loc_eu_KHR" xlink:to="label_eu_KHR"/>
    <link:loc xlink:type="locator" xlink:href="mem.xsd#eu_KMF" xlink:label="loc_eu_KMF"/>
    <link:label xlink:type="resource" xlink:label="label_eu_KMF" xml:lang="en" xlink:role="http://www.xbrl.org/2003/role/label">KMF</link:label>
    <link:labelArc xlink:type="arc" xlink:arcrole="http://www.xbrl.org/2003/arcrole/concept-label" xlink:from="loc_eu_KMF" xlink:to="label_eu_KMF"/>
    <link:loc xlink:type="locator" xlink:href="mem.xsd#eu_KPW" xlink:label="loc_eu_KPW"/>
    <link:label xlink:type="resource" xlink:label="label_eu_KPW" xml:lang="en" xlink:role="http://www.xbrl.org/2003/role/label">KPW</link:label>
    <link:labelArc xlink:type="arc" xlink:arcrole="http://www.xbrl.org/2003/arcrole/concept-label" xlink:from="loc_eu_KPW" xlink:to="label_eu_KPW"/>
    <link:loc xlink:type="locator" xlink:href="mem.xsd#eu_KRW" xlink:label="loc_eu_KRW"/>
    <link:label xlink:type="resource" xlink:label="label_eu_KRW" xml:lang="en" xlink:role="http://www.xbrl.org/2003/role/label">KRW</link:label>
    <link:labelArc xlink:type="arc" xlink:arcrole="http://www.xbrl.org/2003/arcrole/concept-label" xlink:from="loc_eu_KRW" xlink:to="label_eu_KRW"/>
    <link:loc xlink:type="locator" xlink:href="mem.xsd#eu_KWD" xlink:label="loc_eu_KWD"/>
    <link:label xlink:type="resource" xlink:label="label_eu_KWD" xml:lang="en" xlink:role="http://www.xbrl.org/2003/role/label">KWD</link:label>
    <link:labelArc xlink:type="arc" xlink:arcrole="http://www.xbrl.org/2003/arcrole/concept-label" xlink:from="loc_eu_KWD" xlink:to="label_eu_KWD"/>
    <link:loc xlink:type="locator" xlink:href="mem.xsd#eu_KYD" xlink:label="loc_eu_KYD"/>
    <link:label xlink:type="resource" xlink:label="label_eu_KYD" xml:lang="en" xlink:role="http://www.xbrl.org/2003/role/label">KYD</link:label>
    <link:labelArc xlink:type="arc" xlink:arcrole="http://www.xbrl.org/2003/arcrole/concept-label" xlink:from="loc_eu_KYD" xlink:to="label_eu_KYD"/>
    <link:loc xlink:type="locator" xlink:href="mem.xsd#eu_KZT" xlink:label="loc_eu_KZT"/>
    <link:label xlink:type="resource" xlink:label="label_eu_KZT" xml:lang="en" xlink:role="http://www.xbrl.org/2003/role/label">KZT</link:label>
    <link:labelArc xlink:type="arc" xlink:arcrole="http://www.xbrl.org/2003/arcrole/concept-label" xlink:from="loc_eu_KZT" xlink:to="label_eu_KZT"/>
    <link:loc xlink:type="locator" xlink:href="mem.xsd#eu_LAK" xlink:label="loc_eu_LAK"/>
    <link:label xlink:type="resource" xlink:label="label_eu_LAK" xml:lang="en" xlink:role="http://www.xbrl.org/2003/role/label">LAK</link:label>
    <link:labelArc xlink:type="arc" xlink:arcrole="http://www.xbrl.org/2003/arcrole/concept-label" xlink:from="loc_eu_LAK" xlink:to="label_eu_LAK"/>
    <link:loc xlink:type="locator" xlink:href="mem.xsd#eu_LBP" xlink:label="loc_eu_LBP"/>
    <link:label xlink:type="resource" xlink:label="label_eu_LBP" xml:lang="en" xlink:role="http://www.xbrl.org/2003/role/label">LBP</link:label>
    <link:labelArc xlink:type="arc" xlink:arcrole="http://www.xbrl.org/2003/arcrole/concept-label" xlink:from="loc_eu_LBP" xlink:to="label_eu_LBP"/>
    <link:loc xlink:type="locator" xlink:href="mem.xsd#eu_LKR" xlink:label="loc_eu_LKR"/>
    <link:label xlink:type="resource" xlink:label="label_eu_LKR" xml:lang="en" xlink:role="http://www.xbrl.org/2003/role/label">LKR</link:label>
    <link:labelArc xlink:type="arc" xlink:arcrole="http://www.xbrl.org/2003/arcrole/concept-label" xlink:from="loc_eu_LKR" xlink:to="label_eu_LKR"/>
    <link:loc xlink:type="locator" xlink:href="mem.xsd#eu_LRD" xlink:label="loc_eu_LRD"/>
    <link:label xlink:type="resource" xlink:label="label_eu_LRD" xml:lang="en" xlink:role="http://www.xbrl.org/2003/role/label">LRD</link:label>
    <link:labelArc xlink:type="arc" xlink:arcrole="http://www.xbrl.org/2003/arcrole/concept-label" xlink:from="loc_eu_LRD" xlink:to="label_eu_LRD"/>
    <link:loc xlink:type="locator" xlink:href="mem.xsd#eu_LSL" xlink:label="loc_eu_LSL"/>
    <link:label xlink:type="resource" xlink:label="label_eu_LSL" xml:lang="en" xlink:role="http://www.xbrl.org/2003/role/label">LSL</link:label>
    <link:labelArc xlink:type="arc" xlink:arcrole="http://www.xbrl.org/2003/arcrole/concept-label" xlink:from="loc_eu_LSL" xlink:to="label_eu_LSL"/>
    <link:loc xlink:type="locator" xlink:href="mem.xsd#eu_LTL" xlink:label="loc_eu_LTL"/>
    <link:label xlink:type="resource" xlink:label="label_eu_LTL" xml:lang="en" xlink:role="http://www.xbrl.org/2003/role/label">LTL</link:label>
    <link:labelArc xlink:type="arc" xlink:arcrole="http://www.xbrl.org/2003/arcrole/concept-label" xlink:from="loc_eu_LTL" xlink:to="label_eu_LTL"/>
    <link:loc xlink:type="locator" xlink:href="mem.xsd#eu_LVL" xlink:label="loc_eu_LVL"/>
    <link:label xlink:type="resource" xlink:label="label_eu_LVL" xml:lang="en" xlink:role="http://www.xbrl.org/2003/role/label">LVL</link:label>
    <link:labelArc xlink:type="arc" xlink:arcrole="http://www.xbrl.org/2003/arcrole/concept-label" xlink:from="loc_eu_LVL" xlink:to="label_eu_LVL"/>
    <link:loc xlink:type="locator" xlink:href="mem.xsd#eu_LYD" xlink:label="loc_eu_LYD"/>
    <link:label xlink:type="resource" xlink:label="label_eu_LYD" xml:lang="en" xlink:role="http://www.xbrl.org/2003/role/label">LYD</link:label>
    <link:labelArc xlink:type="arc" xlink:arcrole="http://www.xbrl.org/2003/arcrole/concept-label" xlink:from="loc_eu_LYD" xlink:to="label_eu_LYD"/>
    <link:loc xlink:type="locator" xlink:href="mem.xsd#eu_MAD" xlink:label="loc_eu_MAD"/>
    <link:label xlink:type="resource" xlink:label="label_eu_MAD" xml:lang="en" xlink:role="http://www.xbrl.org/2003/role/label">MAD</link:label>
    <link:labelArc xlink:type="arc" xlink:arcrole="http://www.xbrl.org/2003/arcrole/concept-label" xlink:from="loc_eu_MAD" xlink:to="label_eu_MAD"/>
    <link:loc xlink:type="locator" xlink:href="mem.xsd#eu_MDL" xlink:label="loc_eu_MDL"/>
    <link:label xlink:type="resource" xlink:label="label_eu_MDL" xml:lang="en" xlink:role="http://www.xbrl.org/2003/role/label">MDL</link:label>
    <link:labelArc xlink:type="arc" xlink:arcrole="http://www.xbrl.org/2003/arcrole/concept-label" xlink:from="loc_eu_MDL" xlink:to="label_eu_MDL"/>
    <link:loc xlink:type="locator" xlink:href="mem.xsd#eu_MGA" xlink:label="loc_eu_MGA"/>
    <link:label xlink:type="resource" xlink:label="label_eu_MGA" xml:lang="en" xlink:role="http://www.xbrl.org/2003/role/label">MGA</link:label>
    <link:labelArc xlink:type="arc" xlink:arcrole="http://www.xbrl.org/2003/arcrole/concept-label" xlink:from="loc_eu_MGA" xlink:to="label_eu_MGA"/>
    <link:loc xlink:type="locator" xlink:href="mem.xsd#eu_MKD" xlink:label="loc_eu_MKD"/>
    <link:label xlink:type="resource" xlink:label="label_eu_MKD" xml:lang="en" xlink:role="http://www.xbrl.org/2003/role/label">MKD</link:label>
    <link:labelArc xlink:type="arc" xlink:arcrole="http://www.xbrl.org/2003/arcrole/concept-label" xlink:from="loc_eu_MKD" xlink:to="label_eu_MKD"/>
    <link:loc xlink:type="locator" xlink:href="mem.xsd#eu_MMK" xlink:label="loc_eu_MMK"/>
    <link:label xlink:type="resource" xlink:label="label_eu_MMK" xml:lang="en" xlink:role="http://www.xbrl.org/2003/role/label">MMK</link:label>
    <link:labelArc xlink:type="arc" xlink:arcrole="http://www.xbrl.org/2003/arcrole/concept-label" xlink:from="loc_eu_MMK" xlink:to="label_eu_MMK"/>
    <link:loc xlink:type="locator" xlink:href="mem.xsd#eu_MNT" xlink:label="loc_eu_MNT"/>
    <link:label xlink:type="resource" xlink:label="label_eu_MNT" xml:lang="en" xlink:role="http://www.xbrl.org/2003/role/label">MNT</link:label>
    <link:labelArc xlink:type="arc" xlink:arcrole="http://www.xbrl.org/2003/arcrole/concept-label" xlink:from="loc_eu_MNT" xlink:to="label_eu_MNT"/>
    <link:loc xlink:type="locator" xlink:href="mem.xsd#eu_MOP" xlink:label="loc_eu_MOP"/>
    <link:label xlink:type="resource" xlink:label="label_eu_MOP" xml:lang="en" xlink:role="http://www.xbrl.org/2003/role/label">MOP</link:label>
    <link:labelArc xlink:type="arc" xlink:arcrole="http://www.xbrl.org/2003/arcrole/concept-label" xlink:from="loc_eu_MOP" xlink:to="label_eu_MOP"/>
    <link:loc xlink:type="locator" xlink:href="mem.xsd#eu_MRO" xlink:label="loc_eu_MRO"/>
    <link:label xlink:type="resource" xlink:label="label_eu_MRO" xml:lang="en" xlink:role="http://www.xbrl.org/2003/role/label">MRO</link:label>
    <link:labelArc xlink:type="arc" xlink:arcrole="http://www.xbrl.org/2003/arcrole/concept-label" xlink:from="loc_eu_MRO" xlink:to="label_eu_MRO"/>
    <link:loc xlink:type="locator" xlink:href="mem.xsd#eu_MUR" xlink:label="loc_eu_MUR"/>
    <link:label xlink:type="resource" xlink:label="label_eu_MUR" xml:lang="en" xlink:role="http://www.xbrl.org/2003/role/label">MUR</link:label>
    <link:labelArc xlink:type="arc" xlink:arcrole="http://www.xbrl.org/2003/arcrole/concept-label" xlink:from="loc_eu_MUR" xlink:to="label_eu_MUR"/>
    <link:loc xlink:type="locator" xlink:href="mem.xsd#eu_MVR" xlink:label="loc_eu_MVR"/>
    <link:label xlink:type="resource" xlink:label="label_eu_MVR" xml:lang="en" xlink:role="http://www.xbrl.org/2003/role/label">MVR</link:label>
    <link:labelArc xlink:type="arc" xlink:arcrole="http://www.xbrl.org/2003/arcrole/concept-label" xlink:from="loc_eu_MVR" xlink:to="label_eu_MVR"/>
    <link:loc xlink:type="locator" xlink:href="mem.xsd#eu_MWK" xlink:label="loc_eu_MWK"/>
    <link:label xlink:type="resource" xlink:label="label_eu_MWK" xml:lang="en" xlink:role="http://www.xbrl.org/2003/role/label">MWK</link:label>
    <link:labelArc xlink:type="arc" xlink:arcrole="http://www.xbrl.org/2003/arcrole/concept-label" xlink:from="loc_eu_MWK" xlink:to="label_eu_MWK"/>
    <link:loc xlink:type="locator" xlink:href="mem.xsd#eu_MXN" xlink:label="loc_eu_MXN"/>
    <link:label xlink:type="resource" xlink:label="label_eu_MXN" xml:lang="en" xlink:role="http://www.xbrl.org/2003/role/label">MXN</link:label>
    <link:labelArc xlink:type="arc" xlink:arcrole="http://www.xbrl.org/2003/arcrole/concept-label" xlink:from="loc_eu_MXN" xlink:to="label_eu_MXN"/>
    <link:loc xlink:type="locator" xlink:href="mem.xsd#eu_MXV" xlink:label="loc_eu_MXV"/>
    <link:label xlink:type="resource" xlink:label="label_eu_MXV" xml:lang="en" xlink:role="http://www.xbrl.org/2003/role/label">MXV</link:label>
    <link:labelArc xlink:type="arc" xlink:arcrole="http://www.xbrl.org/2003/arcrole/concept-label" xlink:from="loc_eu_MXV" xlink:to="label_eu_MXV"/>
    <link:loc xlink:type="locator" xlink:href="mem.xsd#eu_MYR" xlink:label="loc_eu_MYR"/>
    <link:label xlink:type="resource" xlink:label="label_eu_MYR" xml:lang="en" xlink:role="http://www.xbrl.org/2003/role/label">MYR</link:label>
    <link:labelArc xlink:type="arc" xlink:arcrole="http://www.xbrl.org/2003/arcrole/concept-label" xlink:from="loc_eu_MYR" xlink:to="label_eu_MYR"/>
    <link:loc xlink:type="locator" xlink:href="mem.xsd#eu_MZN" xlink:label="loc_eu_MZN"/>
    <link:label xlink:type="resource" xlink:label="label_eu_MZN" xml:lang="en" xlink:role="http://www.xbrl.org/2003/role/label">MZN</link:label>
    <link:labelArc xlink:type="arc" xlink:arcrole="http://www.xbrl.org/2003/arcrole/concept-label" xlink:from="loc_eu_MZN" xlink:to="label_eu_MZN"/>
    <link:loc xlink:type="locator" xlink:href="mem.xsd#eu_NAD" xlink:label="loc_eu_NAD"/>
    <link:label xlink:type="resource" xlink:label="label_eu_NAD" xml:lang="en" xlink:role="http://www.xbrl.org/2003/role/label">NAD</link:label>
    <link:labelArc xlink:type="arc" xlink:arcrole="http://www.xbrl.org/2003/arcrole/concept-label" xlink:from="loc_eu_NAD" xlink:to="label_eu_NAD"/>
    <link:loc xlink:type="locator" xlink:href="mem.xsd#eu_NGN" xlink:label="loc_eu_NGN"/>
    <link:label xlink:type="resource" xlink:label="label_eu_NGN" xml:lang="en" xlink:role="http://www.xbrl.org/2003/role/label">NGN</link:label>
    <link:labelArc xlink:type="arc" xlink:arcrole="http://www.xbrl.org/2003/arcrole/concept-label" xlink:from="loc_eu_NGN" xlink:to="label_eu_NGN"/>
    <link:loc xlink:type="locator" xlink:href="mem.xsd#eu_NIO" xlink:label="loc_eu_NIO"/>
    <link:label xlink:type="resource" xlink:label="label_eu_NIO" xml:lang="en" xlink:role="http://www.xbrl.org/2003/role/label">NIO</link:label>
    <link:labelArc xlink:type="arc" xlink:arcrole="http://www.xbrl.org/2003/arcrole/concept-label" xlink:from="loc_eu_NIO" xlink:to="label_eu_NIO"/>
    <link:loc xlink:type="locator" xlink:href="mem.xsd#eu_NOK" xlink:label="loc_eu_NOK"/>
    <link:label xlink:type="resource" xlink:label="label_eu_NOK" xml:lang="en" xlink:role="http://www.xbrl.org/2003/role/label">NOK</link:label>
    <link:labelArc xlink:type="arc" xlink:arcrole="http://www.xbrl.org/2003/arcrole/concept-label" xlink:from="loc_eu_NOK" xlink:to="label_eu_NOK"/>
    <link:loc xlink:type="locator" xlink:href="mem.xsd#eu_NPR" xlink:label="loc_eu_NPR"/>
    <link:label xlink:type="resource" xlink:label="label_eu_NPR" xml:lang="en" xlink:role="http://www.xbrl.org/2003/role/label">NPR</link:label>
    <link:labelArc xlink:type="arc" xlink:arcrole="http://www.xbrl.org/2003/arcrole/concept-label" xlink:from="loc_eu_NPR" xlink:to="label_eu_NPR"/>
    <link:loc xlink:type="locator" xlink:href="mem.xsd#eu_NZD" xlink:label="loc_eu_NZD"/>
    <link:label xlink:type="resource" xlink:label="label_eu_NZD" xml:lang="en" xlink:role="http://www.xbrl.org/2003/role/label">NZD</link:label>
    <link:labelArc xlink:type="arc" xlink:arcrole="http://www.xbrl.org/2003/arcrole/concept-label" xlink:from="loc_eu_NZD" xlink:to="label_eu_NZD"/>
    <link:loc xlink:type="locator" xlink:href="mem.xsd#eu_OMR" xlink:label="loc_eu_OMR"/>
    <link:label xlink:type="resource" xlink:label="label_eu_OMR" xml:lang="en" xlink:role="http://www.xbrl.org/2003/role/label">OMR</link:label>
    <link:labelArc xlink:type="arc" xlink:arcrole="http://www.xbrl.org/2003/arcrole/concept-label" xlink:from="loc_eu_OMR" xlink:to="label_eu_OMR"/>
    <link:loc xlink:type="locator" xlink:href="mem.xsd#eu_PAB" xlink:label="loc_eu_PAB"/>
    <link:label xlink:type="resource" xlink:label="label_eu_PAB" xml:lang="en" xlink:role="http://www.xbrl.org/2003/role/label">PAB</link:label>
    <link:labelArc xlink:type="arc" xlink:arcrole="http://www.xbrl.org/2003/arcrole/concept-label" xlink:from="loc_eu_PAB" xlink:to="label_eu_PAB"/>
    <link:loc xlink:type="locator" xlink:href="mem.xsd#eu_PEN" xlink:label="loc_eu_PEN"/>
    <link:label xlink:type="resource" xlink:label="label_eu_PEN" xml:lang="en" xlink:role="http://www.xbrl.org/2003/role/label">PEN</link:label>
    <link:labelArc xlink:type="arc" xlink:arcrole="http://www.xbrl.org/2003/arcrole/concept-label" xlink:from="loc_eu_PEN" xlink:to="label_eu_PEN"/>
    <link:loc xlink:type="locator" xlink:href="mem.xsd#eu_PGK" xlink:label="loc_eu_PGK"/>
    <link:label xlink:type="resource" xlink:label="label_eu_PGK" xml:lang="en" xlink:role="http://www.xbrl.org/2003/role/label">PGK</link:label>
    <link:labelArc xlink:type="arc" xlink:arcrole="http://www.xbrl.org/2003/arcrole/concept-label" xlink:from="loc_eu_PGK" xlink:to="label_eu_PGK"/>
    <link:loc xlink:type="locator" xlink:href="mem.xsd#eu_PHP" xlink:label="loc_eu_PHP"/>
    <link:label xlink:type="resource" xlink:label="label_eu_PHP" xml:lang="en" xlink:role="http://www.xbrl.org/2003/role/label">PHP</link:label>
    <link:labelArc xlink:type="arc" xlink:arcrole="http://www.xbrl.org/2003/arcrole/concept-label" xlink:from="loc_eu_PHP" xlink:to="label_eu_PHP"/>
    <link:loc xlink:type="locator" xlink:href="mem.xsd#eu_PKR" xlink:label="loc_eu_PKR"/>
    <link:label xlink:type="resource" xlink:label="label_eu_PKR" xml:lang="en" xlink:role="http://www.xbrl.org/2003/role/label">PKR</link:label>
    <link:labelArc xlink:type="arc" xlink:arcrole="http://www.xbrl.org/2003/arcrole/concept-label" xlink:from="loc_eu_PKR" xlink:to="label_eu_PKR"/>
    <link:loc xlink:type="locator" xlink:href="mem.xsd#eu_PLN" xlink:label="loc_eu_PLN"/>
    <link:label xlink:type="resource" xlink:label="label_eu_PLN" xml:lang="en" xlink:role="http://www.xbrl.org/2003/role/label">PLN</link:label>
    <link:labelArc xlink:type="arc" xlink:arcrole="http://www.xbrl.org/2003/arcrole/concept-label" xlink:from="loc_eu_PLN" xlink:to="label_eu_PLN"/>
    <link:loc xlink:type="locator" xlink:href="mem.xsd#eu_PYG" xlink:label="loc_eu_PYG"/>
    <link:label xlink:type="resource" xlink:label="label_eu_PYG" xml:lang="en" xlink:role="http://www.xbrl.org/2003/role/label">PYG</link:label>
    <link:labelArc xlink:type="arc" xlink:arcrole="http://www.xbrl.org/2003/arcrole/concept-label" xlink:from="loc_eu_PYG" xlink:to="label_eu_PYG"/>
    <link:loc xlink:type="locator" xlink:href="mem.xsd#eu_QAR" xlink:label="loc_eu_QAR"/>
    <link:label xlink:type="resource" xlink:label="label_eu_QAR" xml:lang="en" xlink:role="http://www.xbrl.org/2003/role/label">QAR</link:label>
    <link:labelArc xlink:type="arc" xlink:arcrole="http://www.xbrl.org/2003/arcrole/concept-label" xlink:from="loc_eu_QAR" xlink:to="label_eu_QAR"/>
    <link:loc xlink:type="locator" xlink:href="mem.xsd#eu_RON" xlink:label="loc_eu_RON"/>
    <link:label xlink:type="resource" xlink:label="label_eu_RON" xml:lang="en" xlink:role="http://www.xbrl.org/2003/role/label">RON</link:label>
    <link:labelArc xlink:type="arc" xlink:arcrole="http://www.xbrl.org/2003/arcrole/concept-label" xlink:from="loc_eu_RON" xlink:to="label_eu_RON"/>
    <link:loc xlink:type="locator" xlink:href="mem.xsd#eu_RSD" xlink:label="loc_eu_RSD"/>
    <link:label xlink:type="resource" xlink:label="label_eu_RSD" xml:lang="en" xlink:role="http://www.xbrl.org/2003/role/label">RSD</link:label>
    <link:labelArc xlink:type="arc" xlink:arcrole="http://www.xbrl.org/2003/arcrole/concept-label" xlink:from="loc_eu_RSD" xlink:to="label_eu_RSD"/>
    <link:loc xlink:type="locator" xlink:href="mem.xsd#eu_RUB" xlink:label="loc_eu_RUB"/>
    <link:label xlink:type="resource" xlink:label="label_eu_RUB" xml:lang="en" xlink:role="http://www.xbrl.org/2003/role/label">RUB</link:label>
    <link:labelArc xlink:type="arc" xlink:arcrole="http://www.xbrl.org/2003/arcrole/concept-label" xlink:from="loc_eu_RUB" xlink:to="label_eu_RUB"/>
    <link:loc xlink:type="locator" xlink:href="mem.xsd#eu_RWF" xlink:label="loc_eu_RWF"/>
    <link:label xlink:type="resource" xlink:label="label_eu_RWF" xml:lang="en" xlink:role="http://www.xbrl.org/2003/role/label">RWF</link:label>
    <link:labelArc xlink:type="arc" xlink:arcrole="http://www.xbrl.org/2003/arcrole/concept-label" xlink:from="loc_eu_RWF" xlink:to="label_eu_RWF"/>
    <link:loc xlink:type="locator" xlink:href="mem.xsd#eu_SAR" xlink:label="loc_eu_SAR"/>
    <link:label xlink:type="resource" xlink:label="label_eu_SAR" xml:lang="en" xlink:role="http://www.xbrl.org/2003/role/label">SAR</link:label>
    <link:labelArc xlink:type="arc" xlink:arcrole="http://www.xbrl.org/2003/arcrole/concept-label" xlink:from="loc_eu_SAR" xlink:to="label_eu_SAR"/>
    <link:loc xlink:type="locator" xlink:href="mem.xsd#eu_SBD" xlink:label="loc_eu_SBD"/>
    <link:label xlink:type="resource" xlink:label="label_eu_SBD" xml:lang="en" xlink:role="http://www.xbrl.org/2003/role/label">SBD</link:label>
    <link:labelArc xlink:type="arc" xlink:arcrole="http://www.xbrl.org/2003/arcrole/concept-label" xlink:from="loc_eu_SBD" xlink:to="label_eu_SBD"/>
    <link:loc xlink:type="locator" xlink:href="mem.xsd#eu_SCR" xlink:label="loc_eu_SCR"/>
    <link:label xlink:type="resource" xlink:label="label_eu_SCR" xml:lang="en" xlink:role="http://www.xbrl.org/2003/role/label">SCR</link:label>
    <link:labelArc xlink:type="arc" xlink:arcrole="http://www.xbrl.org/2003/arcrole/concept-label" xlink:from="loc_eu_SCR" xlink:to="label_eu_SCR"/>
    <link:loc xlink:type="locator" xlink:href="mem.xsd#eu_SDG" xlink:label="loc_eu_SDG"/>
    <link:label xlink:type="resource" xlink:label="label_eu_SDG" xml:lang="en" xlink:role="http://www.xbrl.org/2003/role/label">SDG</link:label>
    <link:labelArc xlink:type="arc" xlink:arcrole="http://www.xbrl.org/2003/arcrole/concept-label" xlink:from="loc_eu_SDG" xlink:to="label_eu_SDG"/>
    <link:loc xlink:type="locator" xlink:href="mem.xsd#eu_SEK" xlink:label="loc_eu_SEK"/>
    <link:label xlink:type="resource" xlink:label="label_eu_SEK" xml:lang="en" xlink:role="http://www.xbrl.org/2003/role/label">SEK</link:label>
    <link:labelArc xlink:type="arc" xlink:arcrole="http://www.xbrl.org/2003/arcrole/concept-label" xlink:from="loc_eu_SEK" xlink:to="label_eu_SEK"/>
    <link:loc xlink:type="locator" xlink:href="mem.xsd#eu_SGD" xlink:label="loc_eu_SGD"/>
    <link:label xlink:type="resource" xlink:label="label_eu_SGD" xml:lang="en" xlink:role="http://www.xbrl.org/2003/role/label">SGD</link:label>
    <link:labelArc xlink:type="arc" xlink:arcrole="http://www.xbrl.org/2003/arcrole/concept-label" xlink:from="loc_eu_SGD" xlink:to="label_eu_SGD"/>
    <link:loc xlink:type="locator" xlink:href="mem.xsd#eu_SHP" xlink:label="loc_eu_SHP"/>
    <link:label xlink:type="resource" xlink:label="label_eu_SHP" xml:lang="en" xlink:role="http://www.xbrl.org/2003/role/label">SHP</link:label>
    <link:labelArc xlink:type="arc" xlink:arcrole="http://www.xbrl.org/2003/arcrole/concept-label" xlink:from="loc_eu_SHP" xlink:to="label_eu_SHP"/>
    <link:loc xlink:type="locator" xlink:href="mem.xsd#eu_SLL" xlink:label="loc_eu_SLL"/>
    <link:label xlink:type="resource" xlink:label="label_eu_SLL" xml:lang="en" xlink:role="http://www.xbrl.org/2003/role/label">SLL</link:label>
    <link:labelArc xlink:type="arc" xlink:arcrole="http://www.xbrl.org/2003/arcrole/concept-label" xlink:from="loc_eu_SLL" xlink:to="label_eu_SLL"/>
    <link:loc xlink:type="locator" xlink:href="mem.xsd#eu_SOS" xlink:label="loc_eu_SOS"/>
    <link:label xlink:type="resource" xlink:label="label_eu_SOS" xml:lang="en" xlink:role="http://www.xbrl.org/2003/role/label">SOS</link:label>
    <link:labelArc xlink:type="arc" xlink:arcrole="http://www.xbrl.org/2003/arcrole/concept-label" xlink:from="loc_eu_SOS" xlink:to="label_eu_SOS"/>
    <link:loc xlink:type="locator" xlink:href="mem.xsd#eu_SRD" xlink:label="loc_eu_SRD"/>
    <link:label xlink:type="resource" xlink:label="label_eu_SRD" xml:lang="en" xlink:role="http://www.xbrl.org/2003/role/label">SRD</link:label>
    <link:labelArc xlink:type="arc" xlink:arcrole="http://www.xbrl.org/2003/arcrole/concept-label" xlink:from="loc_eu_SRD" xlink:to="label_eu_SRD"/>
    <link:loc xlink:type="locator" xlink:href="mem.xsd#eu_STD" xlink:label="loc_eu_STD"/>
    <link:label xlink:type="resource" xlink:label="label_eu_STD" xml:lang="en" xlink:role="http://www.xbrl.org/2003/role/label">STD</link:label>
    <link:labelArc xlink:type="arc" xlink:arcrole="http://www.xbrl.org/2003/arcrole/concept-label" xlink:from="loc_eu_STD" xlink:to="label_eu_STD"/>
    <link:loc xlink:type="locator" xlink:href="mem.xsd#eu_SYP" xlink:label="loc_eu_SYP"/>
    <link:label xlink:type="resource" xlink:label="label_eu_SYP" xml:lang="en" xlink:role="http://www.xbrl.org/2003/role/label">SYP</link:label>
    <link:labelArc xlink:type="arc" xlink:arcrole="http://www.xbrl.org/2003/arcrole/concept-label" xlink:from="loc_eu_SYP" xlink:to="label_eu_SYP"/>
    <link:loc xlink:type="locator" xlink:href="mem.xsd#eu_SZL" xlink:label="loc_eu_SZL"/>
    <link:label xlink:type="resource" xlink:label="label_eu_SZL" xml:lang="en" xlink:role="http://www.xbrl.org/2003/role/label">SZL</link:label>
    <link:labelArc xlink:type="arc" xlink:arcrole="http://www.xbrl.org/2003/arcrole/concept-label" xlink:from="loc_eu_SZL" xlink:to="label_eu_SZL"/>
    <link:loc xlink:type="locator" xlink:href="mem.xsd#eu_THB" xlink:label="loc_eu_THB"/>
    <link:label xlink:type="resource" xlink:label="label_eu_THB" xml:lang="en" xlink:role="http://www.xbrl.org/2003/role/label">THB</link:label>
    <link:labelArc xlink:type="arc" xlink:arcrole="http://www.xbrl.org/2003/arcrole/concept-label" xlink:from="loc_eu_THB" xlink:to="label_eu_THB"/>
    <link:loc xlink:type="locator" xlink:href="mem.xsd#eu_TJS" xlink:label="loc_eu_TJS"/>
    <link:label xlink:type="resource" xlink:label="label_eu_TJS" xml:lang="en" xlink:role="http://www.xbrl.org/2003/role/label">TJS</link:label>
    <link:labelArc xlink:type="arc" xlink:arcrole="http://www.xbrl.org/2003/arcrole/concept-label" xlink:from="loc_eu_TJS" xlink:to="label_eu_TJS"/>
    <link:loc xlink:type="locator" xlink:href="mem.xsd#eu_TMT" xlink:label="loc_eu_TMT"/>
    <link:label xlink:type="resource" xlink:label="label_eu_TMT" xml:lang="en" xlink:role="http://www.xbrl.org/2003/role/label">TMT</link:label>
    <link:labelArc xlink:type="arc" xlink:arcrole="http://www.xbrl.org/2003/arcrole/concept-label" xlink:from="loc_eu_TMT" xlink:to="label_eu_TMT"/>
    <link:loc xlink:type="locator" xlink:href="mem.xsd#eu_TND" xlink:label="loc_eu_TND"/>
    <link:label xlink:type="resource" xlink:label="label_eu_TND" xml:lang="en" xlink:role="http://www.xbrl.org/2003/role/label">TND</link:label>
    <link:labelArc xlink:type="arc" xlink:arcrole="http://www.xbrl.org/2003/arcrole/concept-label" xlink:from="loc_eu_TND" xlink:to="label_eu_TND"/>
    <link:loc xlink:type="locator" xlink:href="mem.xsd#eu_TOP" xlink:label="loc_eu_TOP"/>
    <link:label xlink:type="resource" xlink:label="label_eu_TOP" xml:lang="en" xlink:role="http://www.xbrl.org/2003/role/label">TOP</link:label>
    <link:labelArc xlink:type="arc" xlink:arcrole="http://www.xbrl.org/2003/arcrole/concept-label" xlink:from="loc_eu_TOP" xlink:to="label_eu_TOP"/>
    <link:loc xlink:type="locator" xlink:href="mem.xsd#eu_TRY" xlink:label="loc_eu_TRY"/>
    <link:label xlink:type="resource" xlink:label="label_eu_TRY" xml:lang="en" xlink:role="http://www.xbrl.org/2003/role/label">TRY</link:label>
    <link:labelArc xlink:type="arc" xlink:arcrole="http://www.xbrl.org/2003/arcrole/concept-label" xlink:from="loc_eu_TRY" xlink:to="label_eu_TRY"/>
    <link:loc xlink:type="locator" xlink:href="mem.xsd#eu_TTD" xlink:label="loc_eu_TTD"/>
    <link:label xlink:type="resource" xlink:label="label_eu_TTD" xml:lang="en" xlink:role="http://www.xbrl.org/2003/role/label">TTD</link:label>
    <link:labelArc xlink:type="arc" xlink:arcrole="http://www.xbrl.org/2003/arcrole/concept-label" xlink:from="loc_eu_TTD" xlink:to="label_eu_TTD"/>
    <link:loc xlink:type="locator" xlink:href="mem.xsd#eu_TWD" xlink:label="loc_eu_TWD"/>
    <link:label xlink:type="resource" xlink:label="label_eu_TWD" xml:lang="en" xlink:role="http://www.xbrl.org/2003/role/label">TWD</link:label>
    <link:labelArc xlink:type="arc" xlink:arcrole="http://www.xbrl.org/2003/arcrole/concept-label" xlink:from="loc_eu_TWD" xlink:to="label_eu_TWD"/>
    <link:loc xlink:type="locator" xlink:href="mem.xsd#eu_TZS" xlink:label="loc_eu_TZS"/>
    <link:label xlink:type="resource" xlink:label="label_eu_TZS" xml:lang="en" xlink:role="http://www.xbrl.org/2003/role/label">TZS</link:label>
    <link:labelArc xlink:type="arc" xlink:arcrole="http://www.xbrl.org/2003/arcrole/concept-label" xlink:from="loc_eu_TZS" xlink:to="label_eu_TZS"/>
    <link:loc xlink:type="locator" xlink:href="mem.xsd#eu_UAH" xlink:label="loc_eu_UAH"/>
    <link:label xlink:type="resource" xlink:label="label_eu_UAH" xml:lang="en" xlink:role="http://www.xbrl.org/2003/role/label">UAH</link:label>
    <link:labelArc xlink:type="arc" xlink:arcrole="http://www.xbrl.org/2003/arcrole/concept-label" xlink:from="loc_eu_UAH" xlink:to="label_eu_UAH"/>
    <link:loc xlink:type="locator" xlink:href="mem.xsd#eu_UGX" xlink:label="loc_eu_UGX"/>
    <link:label xlink:type="resource" xlink:label="label_eu_UGX" xml:lang="en" xlink:role="http://www.xbrl.org/2003/role/label">UGX</link:label>
    <link:labelArc xlink:type="arc" xlink:arcrole="http://www.xbrl.org/2003/arcrole/concept-label" xlink:from="loc_eu_UGX" xlink:to="label_eu_UGX"/>
    <link:loc xlink:type="locator" xlink:href="mem.xsd#eu_USD" xlink:label="loc_eu_USD"/>
    <link:label xlink:type="resource" xlink:label="label_eu_USD" xml:lang="en" xlink:role="http://www.xbrl.org/2003/role/label">USD</link:label>
    <link:labelArc xlink:type="arc" xlink:arcrole="http://www.xbrl.org/2003/arcrole/concept-label" xlink:from="loc_eu_USD" xlink:to="label_eu_USD"/>
    <link:loc xlink:type="locator" xlink:href="mem.xsd#eu_USN" xlink:label="loc_eu_USN"/>
    <link:label xlink:type="resource" xlink:label="label_eu_USN" xml:lang="en" xlink:role="http://www.xbrl.org/2003/role/label">USN</link:label>
    <link:labelArc xlink:type="arc" xlink:arcrole="http://www.xbrl.org/2003/arcrole/concept-label" xlink:from="loc_eu_USN" xlink:to="label_eu_USN"/>
    <link:loc xlink:type="locator" xlink:href="mem.xsd#eu_USS" xlink:label="loc_eu_USS"/>
    <link:label xlink:type="resource" xlink:label="label_eu_USS" xml:lang="en" xlink:role="http://www.xbrl.org/2003/role/label">USS</link:label>
    <link:labelArc xlink:type="arc" xlink:arcrole="http://www.xbrl.org/2003/arcrole/concept-label" xlink:from="loc_eu_USS" xlink:to="label_eu_USS"/>
    <link:loc xlink:type="locator" xlink:href="mem.xsd#eu_UYU" xlink:label="loc_eu_UYU"/>
    <link:label xlink:type="resource" xlink:label="label_eu_UYU" xml:lang="en" xlink:role="http://www.xbrl.org/2003/role/label">UYU</link:label>
    <link:labelArc xlink:type="arc" xlink:arcrole="http://www.xbrl.org/2003/arcrole/concept-label" xlink:from="loc_eu_UYU" xlink:to="label_eu_UYU"/>
    <link:loc xlink:type="locator" xlink:href="mem.xsd#eu_UZS" xlink:label="loc_eu_UZS"/>
    <link:label xlink:type="resource" xlink:label="label_eu_UZS" xml:lang="en" xlink:role="http://www.xbrl.org/2003/role/label">UZS</link:label>
    <link:labelArc xlink:type="arc" xlink:arcrole="http://www.xbrl.org/2003/arcrole/concept-label" xlink:from="loc_eu_UZS" xlink:to="label_eu_UZS"/>
    <link:loc xlink:type="locator" xlink:href="mem.xsd#eu_VEF" xlink:label="loc_eu_VEF"/>
    <link:label xlink:type="resource" xlink:label="label_eu_VEF" xml:lang="en" xlink:role="http://www.xbrl.org/2003/role/label">VEF</link:label>
    <link:labelArc xlink:type="arc" xlink:arcrole="http://www.xbrl.org/2003/arcrole/concept-label" xlink:from="loc_eu_VEF" xlink:to="label_eu_VEF"/>
    <link:loc xlink:type="locator" xlink:href="mem.xsd#eu_VND" xlink:label="loc_eu_VND"/>
    <link:label xlink:type="resource" xlink:label="label_eu_VND" xml:lang="en" xlink:role="http://www.xbrl.org/2003/role/label">VND</link:label>
    <link:labelArc xlink:type="arc" xlink:arcrole="http://www.xbrl.org/2003/arcrole/concept-label" xlink:from="loc_eu_VND" xlink:to="label_eu_VND"/>
    <link:loc xlink:type="locator" xlink:href="mem.xsd#eu_VUV" xlink:label="loc_eu_VUV"/>
    <link:label xlink:type="resource" xlink:label="label_eu_VUV" xml:lang="en" xlink:role="http://www.xbrl.org/2003/role/label">VUV</link:label>
    <link:labelArc xlink:type="arc" xlink:arcrole="http://www.xbrl.org/2003/arcrole/concept-label" xlink:from="loc_eu_VUV" xlink:to="label_eu_VUV"/>
    <link:loc xlink:type="locator" xlink:href="mem.xsd#eu_WST" xlink:label="loc_eu_WST"/>
    <link:label xlink:type="resource" xlink:label="label_eu_WST" xml:lang="en" xlink:role="http://www.xbrl.org/2003/role/label">WST</link:label>
    <link:labelArc xlink:type="arc" xlink:arcrole="http://www.xbrl.org/2003/arcrole/concept-label" xlink:from="loc_eu_WST" xlink:to="label_eu_WST"/>
    <link:loc xlink:type="locator" xlink:href="mem.xsd#eu_XAF" xlink:label="loc_eu_XAF"/>
    <link:label xlink:type="resource" xlink:label="label_eu_XAF" xml:lang="en" xlink:role="http://www.xbrl.org/2003/role/label">XAF</link:label>
    <link:labelArc xlink:type="arc" xlink:arcrole="http://www.xbrl.org/2003/arcrole/concept-label" xlink:from="loc_eu_XAF" xlink:to="label_eu_XAF"/>
    <link:loc xlink:type="locator" xlink:href="mem.xsd#eu_XAG" xlink:label="loc_eu_XAG"/>
    <link:label xlink:type="resource" xlink:label="label_eu_XAG" xml:lang="en" xlink:role="http://www.xbrl.org/2003/role/label">XAG</link:label>
    <link:labelArc xlink:type="arc" xlink:arcrole="http://www.xbrl.org/2003/arcrole/concept-label" xlink:from="loc_eu_XAG" xlink:to="label_eu_XAG"/>
    <link:loc xlink:type="locator" xlink:href="mem.xsd#eu_XAU" xlink:label="loc_eu_XAU"/>
    <link:label xlink:type="resource" xlink:label="label_eu_XAU" xml:lang="en" xlink:role="http://www.xbrl.org/2003/role/label">XAU</link:label>
    <link:labelArc xlink:type="arc" xlink:arcrole="http://www.xbrl.org/2003/arcrole/concept-label" xlink:from="loc_eu_XAU" xlink:to="label_eu_XAU"/>
    <link:loc xlink:type="locator" xlink:href="mem.xsd#eu_XBA" xlink:label="loc_eu_XBA"/>
    <link:label xlink:type="resource" xlink:label="label_eu_XBA" xml:lang="en" xlink:role="http://www.xbrl.org/2003/role/label">XBA</link:label>
    <link:labelArc xlink:type="arc" xlink:arcrole="http://www.xbrl.org/2003/arcrole/concept-label" xlink:from="loc_eu_XBA" xlink:to="label_eu_XBA"/>
    <link:loc xlink:type="locator" xlink:href="mem.xsd#eu_XBB" xlink:label="loc_eu_XBB"/>
    <link:label xlink:type="resource" xlink:label="label_eu_XBB" xml:lang="en" xlink:role="http://www.xbrl.org/2003/role/label">XBB</link:label>
    <link:labelArc xlink:type="arc" xlink:arcrole="http://www.xbrl.org/2003/arcrole/concept-label" xlink:from="loc_eu_XBB" xlink:to="label_eu_XBB"/>
    <link:loc xlink:type="locator" xlink:href="mem.xsd#eu_XBC" xlink:label="loc_eu_XBC"/>
    <link:label xlink:type="resource" xlink:label="label_eu_XBC" xml:lang="en" xlink:role="http://www.xbrl.org/2003/role/label">XBC</link:label>
    <link:labelArc xlink:type="arc" xlink:arcrole="http://www.xbrl.org/2003/arcrole/concept-label" xlink:from="loc_eu_XBC" xlink:to="label_eu_XBC"/>
    <link:loc xlink:type="locator" xlink:href="mem.xsd#eu_XBD" xlink:label="loc_eu_XBD"/>
    <link:label xlink:type="resource" xlink:label="label_eu_XBD" xml:lang="en" xlink:role="http://www.xbrl.org/2003/role/label">XBD</link:label>
    <link:labelArc xlink:type="arc" xlink:arcrole="http://www.xbrl.org/2003/arcrole/concept-label" xlink:from="loc_eu_XBD" xlink:to="label_eu_XBD"/>
    <link:loc xlink:type="locator" xlink:href="mem.xsd#eu_XCD" xlink:label="loc_eu_XCD"/>
    <link:label xlink:type="resource" xlink:label="label_eu_XCD" xml:lang="en" xlink:role="http://www.xbrl.org/2003/role/label">XCD</link:label>
    <link:labelArc xlink:type="arc" xlink:arcrole="http://www.xbrl.org/2003/arcrole/concept-label" xlink:from="loc_eu_XCD" xlink:to="label_eu_XCD"/>
    <link:loc xlink:type="locator" xlink:href="mem.xsd#eu_XDR" xlink:label="loc_eu_XDR"/>
    <link:label xlink:type="resource" xlink:label="label_eu_XDR" xml:lang="en" xlink:role="http://www.xbrl.org/2003/role/label">XDR</link:label>
    <link:labelArc xlink:type="arc" xlink:arcrole="http://www.xbrl.org/2003/arcrole/concept-label" xlink:from="loc_eu_XDR" xlink:to="label_eu_XDR"/>
    <link:loc xlink:type="locator" xlink:href="mem.xsd#eu_XFU" xlink:label="loc_eu_XFU"/>
    <link:label xlink:type="resource" xlink:label="label_eu_XFU" xml:lang="en" xlink:role="http://www.xbrl.org/2003/role/label">XFU</link:label>
    <link:labelArc xlink:type="arc" xlink:arcrole="http://www.xbrl.org/2003/arcrole/concept-label" xlink:from="loc_eu_XFU" xlink:to="label_eu_XFU"/>
    <link:loc xlink:type="locator" xlink:href="mem.xsd#eu_XOF" xlink:label="loc_eu_XOF"/>
    <link:label xlink:type="resource" xlink:label="label_eu_XOF" xml:lang="en" xlink:role="http://www.xbrl.org/2003/role/label">XOF</link:label>
    <link:labelArc xlink:type="arc" xlink:arcrole="http://www.xbrl.org/2003/arcrole/concept-label" xlink:from="loc_eu_XOF" xlink:to="label_eu_XOF"/>
    <link:loc xlink:type="locator" xlink:href="mem.xsd#eu_XPD" xlink:label="loc_eu_XPD"/>
    <link:label xlink:type="resource" xlink:label="label_eu_XPD" xml:lang="en" xlink:role="http://www.xbrl.org/2003/role/label">XPD</link:label>
    <link:labelArc xlink:type="arc" xlink:arcrole="http://www.xbrl.org/2003/arcrole/concept-label" xlink:from="loc_eu_XPD" xlink:to="label_eu_XPD"/>
    <link:loc xlink:type="locator" xlink:href="mem.xsd#eu_XPF" xlink:label="loc_eu_XPF"/>
    <link:label xlink:type="resource" xlink:label="label_eu_XPF" xml:lang="en" xlink:role="http://www.xbrl.org/2003/role/label">XPF</link:label>
    <link:labelArc xlink:type="arc" xlink:arcrole="http://www.xbrl.org/2003/arcrole/concept-label" xlink:from="loc_eu_XPF" xlink:to="label_eu_XPF"/>
    <link:loc xlink:type="locator" xlink:href="mem.xsd#eu_XPT" xlink:label="loc_eu_XPT"/>
    <link:label xlink:type="resource" xlink:label="label_eu_XPT" xml:lang="en" xlink:role="http://www.xbrl.org/2003/role/label">XPT</link:label>
    <link:labelArc xlink:type="arc" xlink:arcrole="http://www.xbrl.org/2003/arcrole/concept-label" xlink:from="loc_eu_XPT" xlink:to="label_eu_XPT"/>
    <link:loc xlink:type="locator" xlink:href="mem.xsd#eu_XTS" xlink:label="loc_eu_XTS"/>
    <link:label xlink:type="resource" xlink:label="label_eu_XTS" xml:lang="en" xlink:role="http://www.xbrl.org/2003/role/label">XTS</link:label>
    <link:labelArc xlink:type="arc" xlink:arcrole="http://www.xbrl.org/2003/arcrole/concept-label" xlink:from="loc_eu_XTS" xlink:to="label_eu_XTS"/>
    <link:loc xlink:type="locator" xlink:href="mem.xsd#eu_XXX" xlink:label="loc_eu_XXX"/>
    <link:label xlink:type="resource" xlink:label="label_eu_XXX" xml:lang="en" xlink:role="http://www.xbrl.org/2003/role/label">XXX</link:label>
    <link:labelArc xlink:type="arc" xlink:arcrole="http://www.xbrl.org/2003/arcrole/concept-label" xlink:from="loc_eu_XXX" xlink:to="label_eu_XXX"/>
    <link:loc xlink:type="locator" xlink:href="mem.xsd#eu_YER" xlink:label="loc_eu_YER"/>
    <link:label xlink:type="resource" xlink:label="label_eu_YER" xml:lang="en" xlink:role="http://www.xbrl.org/2003/role/label">YER</link:label>
    <link:labelArc xlink:type="arc" xlink:arcrole="http://www.xbrl.org/2003/arcrole/concept-label" xlink:from="loc_eu_YER" xlink:to="label_eu_YER"/>
    <link:loc xlink:type="locator" xlink:href="mem.xsd#eu_ZAR" xlink:label="loc_eu_ZAR"/>
    <link:label xlink:type="resource" xlink:label="label_eu_ZAR" xml:lang="en" xlink:role="http://www.xbrl.org/2003/role/label">ZAR</link:label>
    <link:labelArc xlink:type="arc" xlink:arcrole="http://www.xbrl.org/2003/arcrole/concept-label" xlink:from="loc_eu_ZAR" xlink:to="label_eu_ZAR"/>
    <link:loc xlink:type="locator" xlink:href="mem.xsd#eu_ZMK" xlink:label="loc_eu_ZMK"/>
    <link:label xlink:type="resource" xlink:label="label_eu_ZMK" xml:lang="en" xlink:role="http://www.xbrl.org/2003/role/label">ZMK</link:label>
    <link:labelArc xlink:type="arc" xlink:arcrole="http://www.xbrl.org/2003/arcrole/concept-label" xlink:from="loc_eu_ZMK" xlink:to="label_eu_ZMK"/>
    <link:loc xlink:type="locator" xlink:href="mem.xsd#eu_ZWL" xlink:label="loc_eu_ZWL"/>
    <link:label xlink:type="resource" xlink:label="label_eu_ZWL" xml:lang="en" xlink:role="http://www.xbrl.org/2003/role/label">ZWL</link:label>
    <link:labelArc xlink:type="arc" xlink:arcrole="http://www.xbrl.org/2003/arcrole/concept-label" xlink:from="loc_eu_ZWL" xlink:to="label_eu_ZWL"/>
  </link:labelLink>
</link:linkbase>