<?xml version="1.0" encoding="utf-8"?>
<!--(C) Eurofiling Foundation p.f.
Version History
1.0.0 original version
1.0.1 2017-11-19 includes version numbering and commenting
-->
<?version 1.0.1?>
<link:linkbase xmlns:xsi="http://www.w3.org/2001/XMLSchema-instance" xmlns:xlink="http://www.w3.org/1999/xlink" xmlns:link="http://www.xbrl.org/2003/linkbase" xmlns:xbrldt="http://xbrl.org/2005/xbrldt" xsi:schemaLocation=" http://www.xbrl.org/2003/linkbase http://www.xbrl.org/2003/xbrl-linkbase-2003-12-31.xsd http://xbrl.org/2005/xbrldt http://www.xbrl.org/2005/xbrldt-2005.xsd">
  <link:arcroleRef arcroleURI="http://xbrl.org/int/dim/arcrole/domain-member" xlink:type="simple" xlink:href="http://www.xbrl.org/2005/xbrldt-2005.xsd#domain-member"/>
  <link:definitionLink xlink:type="extended" xlink:role="http://www.xbrl.org/2003/role/link">
    <link:loc xlink:type="locator" xlink:href="../exp.xsd#eu_CU" xlink:label="loc_eu_CU"/>
    <link:loc xlink:type="locator" xlink:href="mem.xsd#eu_x0" xlink:label="loc_eu_x0"/>
    <link:definitionArc xlink:type="arc" xlink:arcrole="http://xbrl.org/int/dim/arcrole/domain-member" xlink:from="loc_eu_CU" xlink:to="loc_eu_x0" order="1"/>
    <link:loc xlink:type="locator" xlink:href="mem.xsd#eu_EUR" xlink:label="loc_eu_EUR"/>
    <link:definitionArc xlink:type="arc" xlink:arcrole="http://xbrl.org/int/dim/arcrole/domain-member" xlink:from="loc_eu_CU" xlink:to="loc_eu_EUR" order="2"/>
    <link:loc xlink:type="locator" xlink:href="mem.xsd#eu_AED" xlink:label="loc_eu_AED"/>
    <link:definitionArc xlink:type="arc" xlink:arcrole="http://xbrl.org/int/dim/arcrole/domain-member" xlink:from="loc_eu_CU" xlink:to="loc_eu_AED" order="3"/>
    <link:loc xlink:type="locator" xlink:href="mem.xsd#eu_AFN" xlink:label="loc_eu_AFN"/>
    <link:definitionArc xlink:type="arc" xlink:arcrole="http://xbrl.org/int/dim/arcrole/domain-member" xlink:from="loc_eu_CU" xlink:to="loc_eu_AFN" order="4"/>
    <link:loc xlink:type="locator" xlink:href="mem.xsd#eu_ALL" xlink:label="loc_eu_ALL"/>
    <link:definitionArc xlink:type="arc" xlink:arcrole="http://xbrl.org/int/dim/arcrole/domain-member" xlink:from="loc_eu_CU" xlink:to="loc_eu_ALL" order="5"/>
    <link:loc xlink:type="locator" xlink:href="mem.xsd#eu_AMD" xlink:label="loc_eu_AMD"/>
    <link:definitionArc xlink:type="arc" xlink:arcrole="http://xbrl.org/int/dim/arcrole/domain-member" xlink:from="loc_eu_CU" xlink:to="loc_eu_AMD" order="6"/>
    <link:loc xlink:type="locator" xlink:href="mem.xsd#eu_ANG" xlink:label="loc_eu_ANG"/>
    <link:definitionArc xlink:type="arc" xlink:arcrole="http://xbrl.org/int/dim/arcrole/domain-member" xlink:from="loc_eu_CU" xlink:to="loc_eu_ANG" order="7"/>
    <link:loc xlink:type="locator" xlink:href="mem.xsd#eu_AOA" xlink:label="loc_eu_AOA"/>
    <link:definitionArc xlink:type="arc" xlink:arcrole="http://xbrl.org/int/dim/arcrole/domain-member" xlink:from="loc_eu_CU" xlink:to="loc_eu_AOA" order="8"/>
    <link:loc xlink:type="locator" xlink:href="mem.xsd#eu_ARS" xlink:label="loc_eu_ARS"/>
    <link:definitionArc xlink:type="arc" xlink:arcrole="http://xbrl.org/int/dim/arcrole/domain-member" xlink:from="loc_eu_CU" xlink:to="loc_eu_ARS" order="9"/>
    <link:loc xlink:type="locator" xlink:href="mem.xsd#eu_AUD" xlink:label="loc_eu_AUD"/>
    <link:definitionArc xlink:type="arc" xlink:arcrole="http://xbrl.org/int/dim/arcrole/domain-member" xlink:from="loc_eu_CU" xlink:to="loc_eu_AUD" order="10"/>
    <link:loc xlink:type="locator" xlink:href="mem.xsd#eu_AWG" xlink:label="loc_eu_AWG"/>
    <link:definitionArc xlink:type="arc" xlink:arcrole="http://xbrl.org/int/dim/arcrole/domain-member" xlink:from="loc_eu_CU" xlink:to="loc_eu_AWG" order="11"/>
    <link:loc xlink:type="locator" xlink:href="mem.xsd#eu_AZN" xlink:label="loc_eu_AZN"/>
    <link:definitionArc xlink:type="arc" xlink:arcrole="http://xbrl.org/int/dim/arcrole/domain-member" xlink:from="loc_eu_CU" xlink:to="loc_eu_AZN" order="12"/>
    <link:loc xlink:type="locator" xlink:href="mem.xsd#eu_BAM" xlink:label="loc_eu_BAM"/>
    <link:definitionArc xlink:type="arc" xlink:arcrole="http://xbrl.org/int/dim/arcrole/domain-member" xlink:from="loc_eu_CU" xlink:to="loc_eu_BAM" order="13"/>
    <link:loc xlink:type="locator" xlink:href="mem.xsd#eu_BBD" xlink:label="loc_eu_BBD"/>
    <link:definitionArc xlink:type="arc" xlink:arcrole="http://xbrl.org/int/dim/arcrole/domain-member" xlink:from="loc_eu_CU" xlink:to="loc_eu_BBD" order="14"/>
    <link:loc xlink:type="locator" xlink:href="mem.xsd#eu_BDT" xlink:label="loc_eu_BDT"/>
    <link:definitionArc xlink:type="arc" xlink:arcrole="http://xbrl.org/int/dim/arcrole/domain-member" xlink:from="loc_eu_CU" xlink:to="loc_eu_BDT" order="15"/>
    <link:loc xlink:type="locator" xlink:href="mem.xsd#eu_BGN" xlink:label="loc_eu_BGN"/>
    <link:definitionArc xlink:type="arc" xlink:arcrole="http://xbrl.org/int/dim/arcrole/domain-member" xlink:from="loc_eu_CU" xlink:to="loc_eu_BGN" order="16"/>
    <link:loc xlink:type="locator" xlink:href="mem.xsd#eu_BHD" xlink:label="loc_eu_BHD"/>
    <link:definitionArc xlink:type="arc" xlink:arcrole="http://xbrl.org/int/dim/arcrole/domain-member" xlink:from="loc_eu_CU" xlink:to="loc_eu_BHD" order="17"/>
    <link:loc xlink:type="locator" xlink:href="mem.xsd#eu_BIF" xlink:label="loc_eu_BIF"/>
    <link:definitionArc xlink:type="arc" xlink:arcrole="http://xbrl.org/int/dim/arcrole/domain-member" xlink:from="loc_eu_CU" xlink:to="loc_eu_BIF" order="18"/>
    <link:loc xlink:type="locator" xlink:href="mem.xsd#eu_BMD" xlink:label="loc_eu_BMD"/>
    <link:definitionArc xlink:type="arc" xlink:arcrole="http://xbrl.org/int/dim/arcrole/domain-member" xlink:from="loc_eu_CU" xlink:to="loc_eu_BMD" order="19"/>
    <link:loc xlink:type="locator" xlink:href="mem.xsd#eu_BND" xlink:label="loc_eu_BND"/>
    <link:definitionArc xlink:type="arc" xlink:arcrole="http://xbrl.org/int/dim/arcrole/domain-member" xlink:from="loc_eu_CU" xlink:to="loc_eu_BND" order="20"/>
    <link:loc xlink:type="locator" xlink:href="mem.xsd#eu_BOB" xlink:label="loc_eu_BOB"/>
    <link:definitionArc xlink:type="arc" xlink:arcrole="http://xbrl.org/int/dim/arcrole/domain-member" xlink:from="loc_eu_CU" xlink:to="loc_eu_BOB" order="21"/>
    <link:loc xlink:type="locator" xlink:href="mem.xsd#eu_BOV" xlink:label="loc_eu_BOV"/>
    <link:definitionArc xlink:type="arc" xlink:arcrole="http://xbrl.org/int/dim/arcrole/domain-member" xlink:from="loc_eu_CU" xlink:to="loc_eu_BOV" order="22"/>
    <link:loc xlink:type="locator" xlink:href="mem.xsd#eu_BRL" xlink:label="loc_eu_BRL"/>
    <link:definitionArc xlink:type="arc" xlink:arcrole="http://xbrl.org/int/dim/arcrole/domain-member" xlink:from="loc_eu_CU" xlink:to="loc_eu_BRL" order="23"/>
    <link:loc xlink:type="locator" xlink:href="mem.xsd#eu_BSD" xlink:label="loc_eu_BSD"/>
    <link:definitionArc xlink:type="arc" xlink:arcrole="http://xbrl.org/int/dim/arcrole/domain-member" xlink:from="loc_eu_CU" xlink:to="loc_eu_BSD" order="24"/>
    <link:loc xlink:type="locator" xlink:href="mem.xsd#eu_BTN" xlink:label="loc_eu_BTN"/>
    <link:definitionArc xlink:type="arc" xlink:arcrole="http://xbrl.org/int/dim/arcrole/domain-member" xlink:from="loc_eu_CU" xlink:to="loc_eu_BTN" order="25"/>
    <link:loc xlink:type="locator" xlink:href="mem.xsd#eu_BWP" xlink:label="loc_eu_BWP"/>
    <link:definitionArc xlink:type="arc" xlink:arcrole="http://xbrl.org/int/dim/arcrole/domain-member" xlink:from="loc_eu_CU" xlink:to="loc_eu_BWP" order="26"/>
    <link:loc xlink:type="locator" xlink:href="mem.xsd#eu_BYR" xlink:label="loc_eu_BYR"/>
    <link:definitionArc xlink:type="arc" xlink:arcrole="http://xbrl.org/int/dim/arcrole/domain-member" xlink:from="loc_eu_CU" xlink:to="loc_eu_BYR" order="27"/>
    <link:loc xlink:type="locator" xlink:href="mem.xsd#eu_BZD" xlink:label="loc_eu_BZD"/>
    <link:definitionArc xlink:type="arc" xlink:arcrole="http://xbrl.org/int/dim/arcrole/domain-member" xlink:from="loc_eu_CU" xlink:to="loc_eu_BZD" order="28"/>
    <link:loc xlink:type="locator" xlink:href="mem.xsd#eu_CAD" xlink:label="loc_eu_CAD"/>
    <link:definitionArc xlink:type="arc" xlink:arcrole="http://xbrl.org/int/dim/arcrole/domain-member" xlink:from="loc_eu_CU" xlink:to="loc_eu_CAD" order="29"/>
    <link:loc xlink:type="locator" xlink:href="mem.xsd#eu_CDF" xlink:label="loc_eu_CDF"/>
    <link:definitionArc xlink:type="arc" xlink:arcrole="http://xbrl.org/int/dim/arcrole/domain-member" xlink:from="loc_eu_CU" xlink:to="loc_eu_CDF" order="30"/>
    <link:loc xlink:type="locator" xlink:href="mem.xsd#eu_CHE" xlink:label="loc_eu_CHE"/>
    <link:definitionArc xlink:type="arc" xlink:arcrole="http://xbrl.org/int/dim/arcrole/domain-member" xlink:from="loc_eu_CU" xlink:to="loc_eu_CHE" order="31"/>
    <link:loc xlink:type="locator" xlink:href="mem.xsd#eu_CHF" xlink:label="loc_eu_CHF"/>
    <link:definitionArc xlink:type="arc" xlink:arcrole="http://xbrl.org/int/dim/arcrole/domain-member" xlink:from="loc_eu_CU" xlink:to="loc_eu_CHF" order="32"/>
    <link:loc xlink:type="locator" xlink:href="mem.xsd#eu_CHW" xlink:label="loc_eu_CHW"/>
    <link:definitionArc xlink:type="arc" xlink:arcrole="http://xbrl.org/int/dim/arcrole/domain-member" xlink:from="loc_eu_CU" xlink:to="loc_eu_CHW" order="33"/>
    <link:loc xlink:type="locator" xlink:href="mem.xsd#eu_CLF" xlink:label="loc_eu_CLF"/>
    <link:definitionArc xlink:type="arc" xlink:arcrole="http://xbrl.org/int/dim/arcrole/domain-member" xlink:from="loc_eu_CU" xlink:to="loc_eu_CLF" order="34"/>
    <link:loc xlink:type="locator" xlink:href="mem.xsd#eu_CLP" xlink:label="loc_eu_CLP"/>
    <link:definitionArc xlink:type="arc" xlink:arcrole="http://xbrl.org/int/dim/arcrole/domain-member" xlink:from="loc_eu_CU" xlink:to="loc_eu_CLP" order="35"/>
    <link:loc xlink:type="locator" xlink:href="mem.xsd#eu_CNY" xlink:label="loc_eu_CNY"/>
    <link:definitionArc xlink:type="arc" xlink:arcrole="http://xbrl.org/int/dim/arcrole/domain-member" xlink:from="loc_eu_CU" xlink:to="loc_eu_CNY" order="36"/>
    <link:loc xlink:type="locator" xlink:href="mem.xsd#eu_COP" xlink:label="loc_eu_COP"/>
    <link:definitionArc xlink:type="arc" xlink:arcrole="http://xbrl.org/int/dim/arcrole/domain-member" xlink:from="loc_eu_CU" xlink:to="loc_eu_COP" order="37"/>
    <link:loc xlink:type="locator" xlink:href="mem.xsd#eu_COU" xlink:label="loc_eu_COU"/>
    <link:definitionArc xlink:type="arc" xlink:arcrole="http://xbrl.org/int/dim/arcrole/domain-member" xlink:from="loc_eu_CU" xlink:to="loc_eu_COU" order="38"/>
    <link:loc xlink:type="locator" xlink:href="mem.xsd#eu_CRC" xlink:label="loc_eu_CRC"/>
    <link:definitionArc xlink:type="arc" xlink:arcrole="http://xbrl.org/int/dim/arcrole/domain-member" xlink:from="loc_eu_CU" xlink:to="loc_eu_CRC" order="39"/>
    <link:loc xlink:type="locator" xlink:href="mem.xsd#eu_CUC" xlink:label="loc_eu_CUC"/>
    <link:definitionArc xlink:type="arc" xlink:arcrole="http://xbrl.org/int/dim/arcrole/domain-member" xlink:from="loc_eu_CU" xlink:to="loc_eu_CUC" order="40"/>
    <link:loc xlink:type="locator" xlink:href="mem.xsd#eu_CUP" xlink:label="loc_eu_CUP"/>
    <link:definitionArc xlink:type="arc" xlink:arcrole="http://xbrl.org/int/dim/arcrole/domain-member" xlink:from="loc_eu_CU" xlink:to="loc_eu_CUP" order="41"/>
    <link:loc xlink:type="locator" xlink:href="mem.xsd#eu_CVE" xlink:label="loc_eu_CVE"/>
    <link:definitionArc xlink:type="arc" xlink:arcrole="http://xbrl.org/int/dim/arcrole/domain-member" xlink:from="loc_eu_CU" xlink:to="loc_eu_CVE" order="42"/>
    <link:loc xlink:type="locator" xlink:href="mem.xsd#eu_CZK" xlink:label="loc_eu_CZK"/>
    <link:definitionArc xlink:type="arc" xlink:arcrole="http://xbrl.org/int/dim/arcrole/domain-member" xlink:from="loc_eu_CU" xlink:to="loc_eu_CZK" order="43"/>
    <link:loc xlink:type="locator" xlink:href="mem.xsd#eu_DJF" xlink:label="loc_eu_DJF"/>
    <link:definitionArc xlink:type="arc" xlink:arcrole="http://xbrl.org/int/dim/arcrole/domain-member" xlink:from="loc_eu_CU" xlink:to="loc_eu_DJF" order="44"/>
    <link:loc xlink:type="locator" xlink:href="mem.xsd#eu_DKK" xlink:label="loc_eu_DKK"/>
    <link:definitionArc xlink:type="arc" xlink:arcrole="http://xbrl.org/int/dim/arcrole/domain-member" xlink:from="loc_eu_CU" xlink:to="loc_eu_DKK" order="45"/>
    <link:loc xlink:type="locator" xlink:href="mem.xsd#eu_DOP" xlink:label="loc_eu_DOP"/>
    <link:definitionArc xlink:type="arc" xlink:arcrole="http://xbrl.org/int/dim/arcrole/domain-member" xlink:from="loc_eu_CU" xlink:to="loc_eu_DOP" order="46"/>
    <link:loc xlink:type="locator" xlink:href="mem.xsd#eu_DZD" xlink:label="loc_eu_DZD"/>
    <link:definitionArc xlink:type="arc" xlink:arcrole="http://xbrl.org/int/dim/arcrole/domain-member" xlink:from="loc_eu_CU" xlink:to="loc_eu_DZD" order="47"/>
    <link:loc xlink:type="locator" xlink:href="mem.xsd#eu_EEK" xlink:label="loc_eu_EEK"/>
    <link:definitionArc xlink:type="arc" xlink:arcrole="http://xbrl.org/int/dim/arcrole/domain-member" xlink:from="loc_eu_CU" xlink:to="loc_eu_EEK" order="48"/>
    <link:loc xlink:type="locator" xlink:href="mem.xsd#eu_EGP" xlink:label="loc_eu_EGP"/>
    <link:definitionArc xlink:type="arc" xlink:arcrole="http://xbrl.org/int/dim/arcrole/domain-member" xlink:from="loc_eu_CU" xlink:to="loc_eu_EGP" order="49"/>
    <link:loc xlink:type="locator" xlink:href="mem.xsd#eu_ERN" xlink:label="loc_eu_ERN"/>
    <link:definitionArc xlink:type="arc" xlink:arcrole="http://xbrl.org/int/dim/arcrole/domain-member" xlink:from="loc_eu_CU" xlink:to="loc_eu_ERN" order="50"/>
    <link:loc xlink:type="locator" xlink:href="mem.xsd#eu_ETB" xlink:label="loc_eu_ETB"/>
    <link:definitionArc xlink:type="arc" xlink:arcrole="http://xbrl.org/int/dim/arcrole/domain-member" xlink:from="loc_eu_CU" xlink:to="loc_eu_ETB" order="51"/>
    <link:loc xlink:type="locator" xlink:href="mem.xsd#eu_FJD" xlink:label="loc_eu_FJD"/>
    <link:definitionArc xlink:type="arc" xlink:arcrole="http://xbrl.org/int/dim/arcrole/domain-member" xlink:from="loc_eu_CU" xlink:to="loc_eu_FJD" order="52"/>
    <link:loc xlink:type="locator" xlink:href="mem.xsd#eu_FKP" xlink:label="loc_eu_FKP"/>
    <link:definitionArc xlink:type="arc" xlink:arcrole="http://xbrl.org/int/dim/arcrole/domain-member" xlink:from="loc_eu_CU" xlink:to="loc_eu_FKP" order="53"/>
    <link:loc xlink:type="locator" xlink:href="mem.xsd#eu_GBP" xlink:label="loc_eu_GBP"/>
    <link:definitionArc xlink:type="arc" xlink:arcrole="http://xbrl.org/int/dim/arcrole/domain-member" xlink:from="loc_eu_CU" xlink:to="loc_eu_GBP" order="54"/>
    <link:loc xlink:type="locator" xlink:href="mem.xsd#eu_GEL" xlink:label="loc_eu_GEL"/>
    <link:definitionArc xlink:type="arc" xlink:arcrole="http://xbrl.org/int/dim/arcrole/domain-member" xlink:from="loc_eu_CU" xlink:to="loc_eu_GEL" order="55"/>
    <link:loc xlink:type="locator" xlink:href="mem.xsd#eu_GHS" xlink:label="loc_eu_GHS"/>
    <link:definitionArc xlink:type="arc" xlink:arcrole="http://xbrl.org/int/dim/arcrole/domain-member" xlink:from="loc_eu_CU" xlink:to="loc_eu_GHS" order="56"/>
    <link:loc xlink:type="locator" xlink:href="mem.xsd#eu_GIP" xlink:label="loc_eu_GIP"/>
    <link:definitionArc xlink:type="arc" xlink:arcrole="http://xbrl.org/int/dim/arcrole/domain-member" xlink:from="loc_eu_CU" xlink:to="loc_eu_GIP" order="57"/>
    <link:loc xlink:type="locator" xlink:href="mem.xsd#eu_GMD" xlink:label="loc_eu_GMD"/>
    <link:definitionArc xlink:type="arc" xlink:arcrole="http://xbrl.org/int/dim/arcrole/domain-member" xlink:from="loc_eu_CU" xlink:to="loc_eu_GMD" order="58"/>
    <link:loc xlink:type="locator" xlink:href="mem.xsd#eu_GNF" xlink:label="loc_eu_GNF"/>
    <link:definitionArc xlink:type="arc" xlink:arcrole="http://xbrl.org/int/dim/arcrole/domain-member" xlink:from="loc_eu_CU" xlink:to="loc_eu_GNF" order="59"/>
    <link:loc xlink:type="locator" xlink:href="mem.xsd#eu_GTQ" xlink:label="loc_eu_GTQ"/>
    <link:definitionArc xlink:type="arc" xlink:arcrole="http://xbrl.org/int/dim/arcrole/domain-member" xlink:from="loc_eu_CU" xlink:to="loc_eu_GTQ" order="60"/>
    <link:loc xlink:type="locator" xlink:href="mem.xsd#eu_GYD" xlink:label="loc_eu_GYD"/>
    <link:definitionArc xlink:type="arc" xlink:arcrole="http://xbrl.org/int/dim/arcrole/domain-member" xlink:from="loc_eu_CU" xlink:to="loc_eu_GYD" order="61"/>
    <link:loc xlink:type="locator" xlink:href="mem.xsd#eu_HKD" xlink:label="loc_eu_HKD"/>
    <link:definitionArc xlink:type="arc" xlink:arcrole="http://xbrl.org/int/dim/arcrole/domain-member" xlink:from="loc_eu_CU" xlink:to="loc_eu_HKD" order="62"/>
    <link:loc xlink:type="locator" xlink:href="mem.xsd#eu_HNL" xlink:label="loc_eu_HNL"/>
    <link:definitionArc xlink:type="arc" xlink:arcrole="http://xbrl.org/int/dim/arcrole/domain-member" xlink:from="loc_eu_CU" xlink:to="loc_eu_HNL" order="63"/>
    <link:loc xlink:type="locator" xlink:href="mem.xsd#eu_HRK" xlink:label="loc_eu_HRK"/>
    <link:definitionArc xlink:type="arc" xlink:arcrole="http://xbrl.org/int/dim/arcrole/domain-member" xlink:from="loc_eu_CU" xlink:to="loc_eu_HRK" order="64"/>
    <link:loc xlink:type="locator" xlink:href="mem.xsd#eu_HTG" xlink:label="loc_eu_HTG"/>
    <link:definitionArc xlink:type="arc" xlink:arcrole="http://xbrl.org/int/dim/arcrole/domain-member" xlink:from="loc_eu_CU" xlink:to="loc_eu_HTG" order="65"/>
    <link:loc xlink:type="locator" xlink:href="mem.xsd#eu_HUF" xlink:label="loc_eu_HUF"/>
    <link:definitionArc xlink:type="arc" xlink:arcrole="http://xbrl.org/int/dim/arcrole/domain-member" xlink:from="loc_eu_CU" xlink:to="loc_eu_HUF" order="66"/>
    <link:loc xlink:type="locator" xlink:href="mem.xsd#eu_IDR" xlink:label="loc_eu_IDR"/>
    <link:definitionArc xlink:type="arc" xlink:arcrole="http://xbrl.org/int/dim/arcrole/domain-member" xlink:from="loc_eu_CU" xlink:to="loc_eu_IDR" order="67"/>
    <link:loc xlink:type="locator" xlink:href="mem.xsd#eu_ILS" xlink:label="loc_eu_ILS"/>
    <link:definitionArc xlink:type="arc" xlink:arcrole="http://xbrl.org/int/dim/arcrole/domain-member" xlink:from="loc_eu_CU" xlink:to="loc_eu_ILS" order="68"/>
    <link:loc xlink:type="locator" xlink:href="mem.xsd#eu_INR" xlink:label="loc_eu_INR"/>
    <link:definitionArc xlink:type="arc" xlink:arcrole="http://xbrl.org/int/dim/arcrole/domain-member" xlink:from="loc_eu_CU" xlink:to="loc_eu_INR" order="69"/>
    <link:loc xlink:type="locator" xlink:href="mem.xsd#eu_IQD" xlink:label="loc_eu_IQD"/>
    <link:definitionArc xlink:type="arc" xlink:arcrole="http://xbrl.org/int/dim/arcrole/domain-member" xlink:from="loc_eu_CU" xlink:to="loc_eu_IQD" order="70"/>
    <link:loc xlink:type="locator" xlink:href="mem.xsd#eu_IRR" xlink:label="loc_eu_IRR"/>
    <link:definitionArc xlink:type="arc" xlink:arcrole="http://xbrl.org/int/dim/arcrole/domain-member" xlink:from="loc_eu_CU" xlink:to="loc_eu_IRR" order="71"/>
    <link:loc xlink:type="locator" xlink:href="mem.xsd#eu_ISK" xlink:label="loc_eu_ISK"/>
    <link:definitionArc xlink:type="arc" xlink:arcrole="http://xbrl.org/int/dim/arcrole/domain-member" xlink:from="loc_eu_CU" xlink:to="loc_eu_ISK" order="72"/>
    <link:loc xlink:type="locator" xlink:href="mem.xsd#eu_JMD" xlink:label="loc_eu_JMD"/>
    <link:definitionArc xlink:type="arc" xlink:arcrole="http://xbrl.org/int/dim/arcrole/domain-member" xlink:from="loc_eu_CU" xlink:to="loc_eu_JMD" order="73"/>
    <link:loc xlink:type="locator" xlink:href="mem.xsd#eu_JOD" xlink:label="loc_eu_JOD"/>
    <link:definitionArc xlink:type="arc" xlink:arcrole="http://xbrl.org/int/dim/arcrole/domain-member" xlink:from="loc_eu_CU" xlink:to="loc_eu_JOD" order="74"/>
    <link:loc xlink:type="locator" xlink:href="mem.xsd#eu_JPY" xlink:label="loc_eu_JPY"/>
    <link:definitionArc xlink:type="arc" xlink:arcrole="http://xbrl.org/int/dim/arcrole/domain-member" xlink:from="loc_eu_CU" xlink:to="loc_eu_JPY" order="75"/>
    <link:loc xlink:type="locator" xlink:href="mem.xsd#eu_KES" xlink:label="loc_eu_KES"/>
    <link:definitionArc xlink:type="arc" xlink:arcrole="http://xbrl.org/int/dim/arcrole/domain-member" xlink:from="loc_eu_CU" xlink:to="loc_eu_KES" order="76"/>
    <link:loc xlink:type="locator" xlink:href="mem.xsd#eu_KGS" xlink:label="loc_eu_KGS"/>
    <link:definitionArc xlink:type="arc" xlink:arcrole="http://xbrl.org/int/dim/arcrole/domain-member" xlink:from="loc_eu_CU" xlink:to="loc_eu_KGS" order="77"/>
    <link:loc xlink:type="locator" xlink:href="mem.xsd#eu_KHR" xlink:label="loc_eu_KHR"/>
    <link:definitionArc xlink:type="arc" xlink:arcrole="http://xbrl.org/int/dim/arcrole/domain-member" xlink:from="loc_eu_CU" xlink:to="loc_eu_KHR" order="78"/>
    <link:loc xlink:type="locator" xlink:href="mem.xsd#eu_KMF" xlink:label="loc_eu_KMF"/>
    <link:definitionArc xlink:type="arc" xlink:arcrole="http://xbrl.org/int/dim/arcrole/domain-member" xlink:from="loc_eu_CU" xlink:to="loc_eu_KMF" order="79"/>
    <link:loc xlink:type="locator" xlink:href="mem.xsd#eu_KPW" xlink:label="loc_eu_KPW"/>
    <link:definitionArc xlink:type="arc" xlink:arcrole="http://xbrl.org/int/dim/arcrole/domain-member" xlink:from="loc_eu_CU" xlink:to="loc_eu_KPW" order="80"/>
    <link:loc xlink:type="locator" xlink:href="mem.xsd#eu_KRW" xlink:label="loc_eu_KRW"/>
    <link:definitionArc xlink:type="arc" xlink:arcrole="http://xbrl.org/int/dim/arcrole/domain-member" xlink:from="loc_eu_CU" xlink:to="loc_eu_KRW" order="81"/>
    <link:loc xlink:type="locator" xlink:href="mem.xsd#eu_KWD" xlink:label="loc_eu_KWD"/>
    <link:definitionArc xlink:type="arc" xlink:arcrole="http://xbrl.org/int/dim/arcrole/domain-member" xlink:from="loc_eu_CU" xlink:to="loc_eu_KWD" order="82"/>
    <link:loc xlink:type="locator" xlink:href="mem.xsd#eu_KYD" xlink:label="loc_eu_KYD"/>
    <link:definitionArc xlink:type="arc" xlink:arcrole="http://xbrl.org/int/dim/arcrole/domain-member" xlink:from="loc_eu_CU" xlink:to="loc_eu_KYD" order="83"/>
    <link:loc xlink:type="locator" xlink:href="mem.xsd#eu_KZT" xlink:label="loc_eu_KZT"/>
    <link:definitionArc xlink:type="arc" xlink:arcrole="http://xbrl.org/int/dim/arcrole/domain-member" xlink:from="loc_eu_CU" xlink:to="loc_eu_KZT" order="84"/>
    <link:loc xlink:type="locator" xlink:href="mem.xsd#eu_LAK" xlink:label="loc_eu_LAK"/>
    <link:definitionArc xlink:type="arc" xlink:arcrole="http://xbrl.org/int/dim/arcrole/domain-member" xlink:from="loc_eu_CU" xlink:to="loc_eu_LAK" order="85"/>
    <link:loc xlink:type="locator" xlink:href="mem.xsd#eu_LBP" xlink:label="loc_eu_LBP"/>
    <link:definitionArc xlink:type="arc" xlink:arcrole="http://xbrl.org/int/dim/arcrole/domain-member" xlink:from="loc_eu_CU" xlink:to="loc_eu_LBP" order="86"/>
    <link:loc xlink:type="locator" xlink:href="mem.xsd#eu_LKR" xlink:label="loc_eu_LKR"/>
    <link:definitionArc xlink:type="arc" xlink:arcrole="http://xbrl.org/int/dim/arcrole/domain-member" xlink:from="loc_eu_CU" xlink:to="loc_eu_LKR" order="87"/>
    <link:loc xlink:type="locator" xlink:href="mem.xsd#eu_LRD" xlink:label="loc_eu_LRD"/>
    <link:definitionArc xlink:type="arc" xlink:arcrole="http://xbrl.org/int/dim/arcrole/domain-member" xlink:from="loc_eu_CU" xlink:to="loc_eu_LRD" order="88"/>
    <link:loc xlink:type="locator" xlink:href="mem.xsd#eu_LSL" xlink:label="loc_eu_LSL"/>
    <link:definitionArc xlink:type="arc" xlink:arcrole="http://xbrl.org/int/dim/arcrole/domain-member" xlink:from="loc_eu_CU" xlink:to="loc_eu_LSL" order="89"/>
    <link:loc xlink:type="locator" xlink:href="mem.xsd#eu_LTL" xlink:label="loc_eu_LTL"/>
    <link:definitionArc xlink:type="arc" xlink:arcrole="http://xbrl.org/int/dim/arcrole/domain-member" xlink:from="loc_eu_CU" xlink:to="loc_eu_LTL" order="90"/>
    <link:loc xlink:type="locator" xlink:href="mem.xsd#eu_LVL" xlink:label="loc_eu_LVL"/>
    <link:definitionArc xlink:type="arc" xlink:arcrole="http://xbrl.org/int/dim/arcrole/domain-member" xlink:from="loc_eu_CU" xlink:to="loc_eu_LVL" order="91"/>
    <link:loc xlink:type="locator" xlink:href="mem.xsd#eu_LYD" xlink:label="loc_eu_LYD"/>
    <link:definitionArc xlink:type="arc" xlink:arcrole="http://xbrl.org/int/dim/arcrole/domain-member" xlink:from="loc_eu_CU" xlink:to="loc_eu_LYD" order="92"/>
    <link:loc xlink:type="locator" xlink:href="mem.xsd#eu_MAD" xlink:label="loc_eu_MAD"/>
    <link:definitionArc xlink:type="arc" xlink:arcrole="http://xbrl.org/int/dim/arcrole/domain-member" xlink:from="loc_eu_CU" xlink:to="loc_eu_MAD" order="93"/>
    <link:loc xlink:type="locator" xlink:href="mem.xsd#eu_MDL" xlink:label="loc_eu_MDL"/>
    <link:definitionArc xlink:type="arc" xlink:arcrole="http://xbrl.org/int/dim/arcrole/domain-member" xlink:from="loc_eu_CU" xlink:to="loc_eu_MDL" order="94"/>
    <link:loc xlink:type="locator" xlink:href="mem.xsd#eu_MGA" xlink:label="loc_eu_MGA"/>
    <link:definitionArc xlink:type="arc" xlink:arcrole="http://xbrl.org/int/dim/arcrole/domain-member" xlink:from="loc_eu_CU" xlink:to="loc_eu_MGA" order="95"/>
    <link:loc xlink:type="locator" xlink:href="mem.xsd#eu_MKD" xlink:label="loc_eu_MKD"/>
    <link:definitionArc xlink:type="arc" xlink:arcrole="http://xbrl.org/int/dim/arcrole/domain-member" xlink:from="loc_eu_CU" xlink:to="loc_eu_MKD" order="96"/>
    <link:loc xlink:type="locator" xlink:href="mem.xsd#eu_MMK" xlink:label="loc_eu_MMK"/>
    <link:definitionArc xlink:type="arc" xlink:arcrole="http://xbrl.org/int/dim/arcrole/domain-member" xlink:from="loc_eu_CU" xlink:to="loc_eu_MMK" order="97"/>
    <link:loc xlink:type="locator" xlink:href="mem.xsd#eu_MNT" xlink:label="loc_eu_MNT"/>
    <link:definitionArc xlink:type="arc" xlink:arcrole="http://xbrl.org/int/dim/arcrole/domain-member" xlink:from="loc_eu_CU" xlink:to="loc_eu_MNT" order="98"/>
    <link:loc xlink:type="locator" xlink:href="mem.xsd#eu_MOP" xlink:label="loc_eu_MOP"/>
    <link:definitionArc xlink:type="arc" xlink:arcrole="http://xbrl.org/int/dim/arcrole/domain-member" xlink:from="loc_eu_CU" xlink:to="loc_eu_MOP" order="99"/>
    <link:loc xlink:type="locator" xlink:href="mem.xsd#eu_MRO" xlink:label="loc_eu_MRO"/>
    <link:definitionArc xlink:type="arc" xlink:arcrole="http://xbrl.org/int/dim/arcrole/domain-member" xlink:from="loc_eu_CU" xlink:to="loc_eu_MRO" order="100"/>
    <link:loc xlink:type="locator" xlink:href="mem.xsd#eu_MUR" xlink:label="loc_eu_MUR"/>
    <link:definitionArc xlink:type="arc" xlink:arcrole="http://xbrl.org/int/dim/arcrole/domain-member" xlink:from="loc_eu_CU" xlink:to="loc_eu_MUR" order="101"/>
    <link:loc xlink:type="locator" xlink:href="mem.xsd#eu_MVR" xlink:label="loc_eu_MVR"/>
    <link:definitionArc xlink:type="arc" xlink:arcrole="http://xbrl.org/int/dim/arcrole/domain-member" xlink:from="loc_eu_CU" xlink:to="loc_eu_MVR" order="102"/>
    <link:loc xlink:type="locator" xlink:href="mem.xsd#eu_MWK" xlink:label="loc_eu_MWK"/>
    <link:definitionArc xlink:type="arc" xlink:arcrole="http://xbrl.org/int/dim/arcrole/domain-member" xlink:from="loc_eu_CU" xlink:to="loc_eu_MWK" order="103"/>
    <link:loc xlink:type="locator" xlink:href="mem.xsd#eu_MXN" xlink:label="loc_eu_MXN"/>
    <link:definitionArc xlink:type="arc" xlink:arcrole="http://xbrl.org/int/dim/arcrole/domain-member" xlink:from="loc_eu_CU" xlink:to="loc_eu_MXN" order="104"/>
    <link:loc xlink:type="locator" xlink:href="mem.xsd#eu_MXV" xlink:label="loc_eu_MXV"/>
    <link:definitionArc xlink:type="arc" xlink:arcrole="http://xbrl.org/int/dim/arcrole/domain-member" xlink:from="loc_eu_CU" xlink:to="loc_eu_MXV" order="105"/>
    <link:loc xlink:type="locator" xlink:href="mem.xsd#eu_MYR" xlink:label="loc_eu_MYR"/>
    <link:definitionArc xlink:type="arc" xlink:arcrole="http://xbrl.org/int/dim/arcrole/domain-member" xlink:from="loc_eu_CU" xlink:to="loc_eu_MYR" order="106"/>
    <link:loc xlink:type="locator" xlink:href="mem.xsd#eu_MZN" xlink:label="loc_eu_MZN"/>
    <link:definitionArc xlink:type="arc" xlink:arcrole="http://xbrl.org/int/dim/arcrole/domain-member" xlink:from="loc_eu_CU" xlink:to="loc_eu_MZN" order="107"/>
    <link:loc xlink:type="locator" xlink:href="mem.xsd#eu_NAD" xlink:label="loc_eu_NAD"/>
    <link:definitionArc xlink:type="arc" xlink:arcrole="http://xbrl.org/int/dim/arcrole/domain-member" xlink:from="loc_eu_CU" xlink:to="loc_eu_NAD" order="108"/>
    <link:loc xlink:type="locator" xlink:href="mem.xsd#eu_NGN" xlink:label="loc_eu_NGN"/>
    <link:definitionArc xlink:type="arc" xlink:arcrole="http://xbrl.org/int/dim/arcrole/domain-member" xlink:from="loc_eu_CU" xlink:to="loc_eu_NGN" order="109"/>
    <link:loc xlink:type="locator" xlink:href="mem.xsd#eu_NIO" xlink:label="loc_eu_NIO"/>
    <link:definitionArc xlink:type="arc" xlink:arcrole="http://xbrl.org/int/dim/arcrole/domain-member" xlink:from="loc_eu_CU" xlink:to="loc_eu_NIO" order="110"/>
    <link:loc xlink:type="locator" xlink:href="mem.xsd#eu_NOK" xlink:label="loc_eu_NOK"/>
    <link:definitionArc xlink:type="arc" xlink:arcrole="http://xbrl.org/int/dim/arcrole/domain-member" xlink:from="loc_eu_CU" xlink:to="loc_eu_NOK" order="111"/>
    <link:loc xlink:type="locator" xlink:href="mem.xsd#eu_NPR" xlink:label="loc_eu_NPR"/>
    <link:definitionArc xlink:type="arc" xlink:arcrole="http://xbrl.org/int/dim/arcrole/domain-member" xlink:from="loc_eu_CU" xlink:to="loc_eu_NPR" order="112"/>
    <link:loc xlink:type="locator" xlink:href="mem.xsd#eu_NZD" xlink:label="loc_eu_NZD"/>
    <link:definitionArc xlink:type="arc" xlink:arcrole="http://xbrl.org/int/dim/arcrole/domain-member" xlink:from="loc_eu_CU" xlink:to="loc_eu_NZD" order="113"/>
    <link:loc xlink:type="locator" xlink:href="mem.xsd#eu_OMR" xlink:label="loc_eu_OMR"/>
    <link:definitionArc xlink:type="arc" xlink:arcrole="http://xbrl.org/int/dim/arcrole/domain-member" xlink:from="loc_eu_CU" xlink:to="loc_eu_OMR" order="114"/>
    <link:loc xlink:type="locator" xlink:href="mem.xsd#eu_PAB" xlink:label="loc_eu_PAB"/>
    <link:definitionArc xlink:type="arc" xlink:arcrole="http://xbrl.org/int/dim/arcrole/domain-member" xlink:from="loc_eu_CU" xlink:to="loc_eu_PAB" order="115"/>
    <link:loc xlink:type="locator" xlink:href="mem.xsd#eu_PEN" xlink:label="loc_eu_PEN"/>
    <link:definitionArc xlink:type="arc" xlink:arcrole="http://xbrl.org/int/dim/arcrole/domain-member" xlink:from="loc_eu_CU" xlink:to="loc_eu_PEN" order="116"/>
    <link:loc xlink:type="locator" xlink:href="mem.xsd#eu_PGK" xlink:label="loc_eu_PGK"/>
    <link:definitionArc xlink:type="arc" xlink:arcrole="http://xbrl.org/int/dim/arcrole/domain-member" xlink:from="loc_eu_CU" xlink:to="loc_eu_PGK" order="117"/>
    <link:loc xlink:type="locator" xlink:href="mem.xsd#eu_PHP" xlink:label="loc_eu_PHP"/>
    <link:definitionArc xlink:type="arc" xlink:arcrole="http://xbrl.org/int/dim/arcrole/domain-member" xlink:from="loc_eu_CU" xlink:to="loc_eu_PHP" order="118"/>
    <link:loc xlink:type="locator" xlink:href="mem.xsd#eu_PKR" xlink:label="loc_eu_PKR"/>
    <link:definitionArc xlink:type="arc" xlink:arcrole="http://xbrl.org/int/dim/arcrole/domain-member" xlink:from="loc_eu_CU" xlink:to="loc_eu_PKR" order="119"/>
    <link:loc xlink:type="locator" xlink:href="mem.xsd#eu_PLN" xlink:label="loc_eu_PLN"/>
    <link:definitionArc xlink:type="arc" xlink:arcrole="http://xbrl.org/int/dim/arcrole/domain-member" xlink:from="loc_eu_CU" xlink:to="loc_eu_PLN" order="120"/>
    <link:loc xlink:type="locator" xlink:href="mem.xsd#eu_PYG" xlink:label="loc_eu_PYG"/>
    <link:definitionArc xlink:type="arc" xlink:arcrole="http://xbrl.org/int/dim/arcrole/domain-member" xlink:from="loc_eu_CU" xlink:to="loc_eu_PYG" order="121"/>
    <link:loc xlink:type="locator" xlink:href="mem.xsd#eu_QAR" xlink:label="loc_eu_QAR"/>
    <link:definitionArc xlink:type="arc" xlink:arcrole="http://xbrl.org/int/dim/arcrole/domain-member" xlink:from="loc_eu_CU" xlink:to="loc_eu_QAR" order="122"/>
    <link:loc xlink:type="locator" xlink:href="mem.xsd#eu_RON" xlink:label="loc_eu_RON"/>
    <link:definitionArc xlink:type="arc" xlink:arcrole="http://xbrl.org/int/dim/arcrole/domain-member" xlink:from="loc_eu_CU" xlink:to="loc_eu_RON" order="123"/>
    <link:loc xlink:type="locator" xlink:href="mem.xsd#eu_RSD" xlink:label="loc_eu_RSD"/>
    <link:definitionArc xlink:type="arc" xlink:arcrole="http://xbrl.org/int/dim/arcrole/domain-member" xlink:from="loc_eu_CU" xlink:to="loc_eu_RSD" order="124"/>
    <link:loc xlink:type="locator" xlink:href="mem.xsd#eu_RUB" xlink:label="loc_eu_RUB"/>
    <link:definitionArc xlink:type="arc" xlink:arcrole="http://xbrl.org/int/dim/arcrole/domain-member" xlink:from="loc_eu_CU" xlink:to="loc_eu_RUB" order="125"/>
    <link:loc xlink:type="locator" xlink:href="mem.xsd#eu_RWF" xlink:label="loc_eu_RWF"/>
    <link:definitionArc xlink:type="arc" xlink:arcrole="http://xbrl.org/int/dim/arcrole/domain-member" xlink:from="loc_eu_CU" xlink:to="loc_eu_RWF" order="126"/>
    <link:loc xlink:type="locator" xlink:href="mem.xsd#eu_SAR" xlink:label="loc_eu_SAR"/>
    <link:definitionArc xlink:type="arc" xlink:arcrole="http://xbrl.org/int/dim/arcrole/domain-member" xlink:from="loc_eu_CU" xlink:to="loc_eu_SAR" order="127"/>
    <link:loc xlink:type="locator" xlink:href="mem.xsd#eu_SBD" xlink:label="loc_eu_SBD"/>
    <link:definitionArc xlink:type="arc" xlink:arcrole="http://xbrl.org/int/dim/arcrole/domain-member" xlink:from="loc_eu_CU" xlink:to="loc_eu_SBD" order="128"/>
    <link:loc xlink:type="locator" xlink:href="mem.xsd#eu_SCR" xlink:label="loc_eu_SCR"/>
    <link:definitionArc xlink:type="arc" xlink:arcrole="http://xbrl.org/int/dim/arcrole/domain-member" xlink:from="loc_eu_CU" xlink:to="loc_eu_SCR" order="129"/>
    <link:loc xlink:type="locator" xlink:href="mem.xsd#eu_SDG" xlink:label="loc_eu_SDG"/>
    <link:definitionArc xlink:type="arc" xlink:arcrole="http://xbrl.org/int/dim/arcrole/domain-member" xlink:from="loc_eu_CU" xlink:to="loc_eu_SDG" order="130"/>
    <link:loc xlink:type="locator" xlink:href="mem.xsd#eu_SEK" xlink:label="loc_eu_SEK"/>
    <link:definitionArc xlink:type="arc" xlink:arcrole="http://xbrl.org/int/dim/arcrole/domain-member" xlink:from="loc_eu_CU" xlink:to="loc_eu_SEK" order="131"/>
    <link:loc xlink:type="locator" xlink:href="mem.xsd#eu_SGD" xlink:label="loc_eu_SGD"/>
    <link:definitionArc xlink:type="arc" xlink:arcrole="http://xbrl.org/int/dim/arcrole/domain-member" xlink:from="loc_eu_CU" xlink:to="loc_eu_SGD" order="132"/>
    <link:loc xlink:type="locator" xlink:href="mem.xsd#eu_SHP" xlink:label="loc_eu_SHP"/>
    <link:definitionArc xlink:type="arc" xlink:arcrole="http://xbrl.org/int/dim/arcrole/domain-member" xlink:from="loc_eu_CU" xlink:to="loc_eu_SHP" order="133"/>
    <link:loc xlink:type="locator" xlink:href="mem.xsd#eu_SLL" xlink:label="loc_eu_SLL"/>
    <link:definitionArc xlink:type="arc" xlink:arcrole="http://xbrl.org/int/dim/arcrole/domain-member" xlink:from="loc_eu_CU" xlink:to="loc_eu_SLL" order="134"/>
    <link:loc xlink:type="locator" xlink:href="mem.xsd#eu_SOS" xlink:label="loc_eu_SOS"/>
    <link:definitionArc xlink:type="arc" xlink:arcrole="http://xbrl.org/int/dim/arcrole/domain-member" xlink:from="loc_eu_CU" xlink:to="loc_eu_SOS" order="135"/>
    <link:loc xlink:type="locator" xlink:href="mem.xsd#eu_SRD" xlink:label="loc_eu_SRD"/>
    <link:definitionArc xlink:type="arc" xlink:arcrole="http://xbrl.org/int/dim/arcrole/domain-member" xlink:from="loc_eu_CU" xlink:to="loc_eu_SRD" order="136"/>
    <link:loc xlink:type="locator" xlink:href="mem.xsd#eu_STD" xlink:label="loc_eu_STD"/>
    <link:definitionArc xlink:type="arc" xlink:arcrole="http://xbrl.org/int/dim/arcrole/domain-member" xlink:from="loc_eu_CU" xlink:to="loc_eu_STD" order="137"/>
    <link:loc xlink:type="locator" xlink:href="mem.xsd#eu_SYP" xlink:label="loc_eu_SYP"/>
    <link:definitionArc xlink:type="arc" xlink:arcrole="http://xbrl.org/int/dim/arcrole/domain-member" xlink:from="loc_eu_CU" xlink:to="loc_eu_SYP" order="138"/>
    <link:loc xlink:type="locator" xlink:href="mem.xsd#eu_SZL" xlink:label="loc_eu_SZL"/>
    <link:definitionArc xlink:type="arc" xlink:arcrole="http://xbrl.org/int/dim/arcrole/domain-member" xlink:from="loc_eu_CU" xlink:to="loc_eu_SZL" order="139"/>
    <link:loc xlink:type="locator" xlink:href="mem.xsd#eu_THB" xlink:label="loc_eu_THB"/>
    <link:definitionArc xlink:type="arc" xlink:arcrole="http://xbrl.org/int/dim/arcrole/domain-member" xlink:from="loc_eu_CU" xlink:to="loc_eu_THB" order="140"/>
    <link:loc xlink:type="locator" xlink:href="mem.xsd#eu_TJS" xlink:label="loc_eu_TJS"/>
    <link:definitionArc xlink:type="arc" xlink:arcrole="http://xbrl.org/int/dim/arcrole/domain-member" xlink:from="loc_eu_CU" xlink:to="loc_eu_TJS" order="141"/>
    <link:loc xlink:type="locator" xlink:href="mem.xsd#eu_TMT" xlink:label="loc_eu_TMT"/>
    <link:definitionArc xlink:type="arc" xlink:arcrole="http://xbrl.org/int/dim/arcrole/domain-member" xlink:from="loc_eu_CU" xlink:to="loc_eu_TMT" order="142"/>
    <link:loc xlink:type="locator" xlink:href="mem.xsd#eu_TND" xlink:label="loc_eu_TND"/>
    <link:definitionArc xlink:type="arc" xlink:arcrole="http://xbrl.org/int/dim/arcrole/domain-member" xlink:from="loc_eu_CU" xlink:to="loc_eu_TND" order="143"/>
    <link:loc xlink:type="locator" xlink:href="mem.xsd#eu_TOP" xlink:label="loc_eu_TOP"/>
    <link:definitionArc xlink:type="arc" xlink:arcrole="http://xbrl.org/int/dim/arcrole/domain-member" xlink:from="loc_eu_CU" xlink:to="loc_eu_TOP" order="144"/>
    <link:loc xlink:type="locator" xlink:href="mem.xsd#eu_TRY" xlink:label="loc_eu_TRY"/>
    <link:definitionArc xlink:type="arc" xlink:arcrole="http://xbrl.org/int/dim/arcrole/domain-member" xlink:from="loc_eu_CU" xlink:to="loc_eu_TRY" order="145"/>
    <link:loc xlink:type="locator" xlink:href="mem.xsd#eu_TTD" xlink:label="loc_eu_TTD"/>
    <link:definitionArc xlink:type="arc" xlink:arcrole="http://xbrl.org/int/dim/arcrole/domain-member" xlink:from="loc_eu_CU" xlink:to="loc_eu_TTD" order="146"/>
    <link:loc xlink:type="locator" xlink:href="mem.xsd#eu_TWD" xlink:label="loc_eu_TWD"/>
    <link:definitionArc xlink:type="arc" xlink:arcrole="http://xbrl.org/int/dim/arcrole/domain-member" xlink:from="loc_eu_CU" xlink:to="loc_eu_TWD" order="147"/>
    <link:loc xlink:type="locator" xlink:href="mem.xsd#eu_TZS" xlink:label="loc_eu_TZS"/>
    <link:definitionArc xlink:type="arc" xlink:arcrole="http://xbrl.org/int/dim/arcrole/domain-member" xlink:from="loc_eu_CU" xlink:to="loc_eu_TZS" order="148"/>
    <link:loc xlink:type="locator" xlink:href="mem.xsd#eu_UAH" xlink:label="loc_eu_UAH"/>
    <link:definitionArc xlink:type="arc" xlink:arcrole="http://xbrl.org/int/dim/arcrole/domain-member" xlink:from="loc_eu_CU" xlink:to="loc_eu_UAH" order="149"/>
    <link:loc xlink:type="locator" xlink:href="mem.xsd#eu_UGX" xlink:label="loc_eu_UGX"/>
    <link:definitionArc xlink:type="arc" xlink:arcrole="http://xbrl.org/int/dim/arcrole/domain-member" xlink:from="loc_eu_CU" xlink:to="loc_eu_UGX" order="150"/>
    <link:loc xlink:type="locator" xlink:href="mem.xsd#eu_USD" xlink:label="loc_eu_USD"/>
    <link:definitionArc xlink:type="arc" xlink:arcrole="http://xbrl.org/int/dim/arcrole/domain-member" xlink:from="loc_eu_CU" xlink:to="loc_eu_USD" order="151"/>
    <link:loc xlink:type="locator" xlink:href="mem.xsd#eu_USN" xlink:label="loc_eu_USN"/>
    <link:definitionArc xlink:type="arc" xlink:arcrole="http://xbrl.org/int/dim/arcrole/domain-member" xlink:from="loc_eu_CU" xlink:to="loc_eu_USN" order="152"/>
    <link:loc xlink:type="locator" xlink:href="mem.xsd#eu_USS" xlink:label="loc_eu_USS"/>
    <link:definitionArc xlink:type="arc" xlink:arcrole="http://xbrl.org/int/dim/arcrole/domain-member" xlink:from="loc_eu_CU" xlink:to="loc_eu_USS" order="153"/>
    <link:loc xlink:type="locator" xlink:href="mem.xsd#eu_UYU" xlink:label="loc_eu_UYU"/>
    <link:definitionArc xlink:type="arc" xlink:arcrole="http://xbrl.org/int/dim/arcrole/domain-member" xlink:from="loc_eu_CU" xlink:to="loc_eu_UYU" order="154"/>
    <link:loc xlink:type="locator" xlink:href="mem.xsd#eu_UZS" xlink:label="loc_eu_UZS"/>
    <link:definitionArc xlink:type="arc" xlink:arcrole="http://xbrl.org/int/dim/arcrole/domain-member" xlink:from="loc_eu_CU" xlink:to="loc_eu_UZS" order="155"/>
    <link:loc xlink:type="locator" xlink:href="mem.xsd#eu_VEF" xlink:label="loc_eu_VEF"/>
    <link:definitionArc xlink:type="arc" xlink:arcrole="http://xbrl.org/int/dim/arcrole/domain-member" xlink:from="loc_eu_CU" xlink:to="loc_eu_VEF" order="156"/>
    <link:loc xlink:type="locator" xlink:href="mem.xsd#eu_VND" xlink:label="loc_eu_VND"/>
    <link:definitionArc xlink:type="arc" xlink:arcrole="http://xbrl.org/int/dim/arcrole/domain-member" xlink:from="loc_eu_CU" xlink:to="loc_eu_VND" order="157"/>
    <link:loc xlink:type="locator" xlink:href="mem.xsd#eu_VUV" xlink:label="loc_eu_VUV"/>
    <link:definitionArc xlink:type="arc" xlink:arcrole="http://xbrl.org/int/dim/arcrole/domain-member" xlink:from="loc_eu_CU" xlink:to="loc_eu_VUV" order="158"/>
    <link:loc xlink:type="locator" xlink:href="mem.xsd#eu_WST" xlink:label="loc_eu_WST"/>
    <link:definitionArc xlink:type="arc" xlink:arcrole="http://xbrl.org/int/dim/arcrole/domain-member" xlink:from="loc_eu_CU" xlink:to="loc_eu_WST" order="159"/>
    <link:loc xlink:type="locator" xlink:href="mem.xsd#eu_XAF" xlink:label="loc_eu_XAF"/>
    <link:definitionArc xlink:type="arc" xlink:arcrole="http://xbrl.org/int/dim/arcrole/domain-member" xlink:from="loc_eu_CU" xlink:to="loc_eu_XAF" order="160"/>
    <link:loc xlink:type="locator" xlink:href="mem.xsd#eu_XAG" xlink:label="loc_eu_XAG"/>
    <link:definitionArc xlink:type="arc" xlink:arcrole="http://xbrl.org/int/dim/arcrole/domain-member" xlink:from="loc_eu_CU" xlink:to="loc_eu_XAG" order="161"/>
    <link:loc xlink:type="locator" xlink:href="mem.xsd#eu_XAU" xlink:label="loc_eu_XAU"/>
    <link:definitionArc xlink:type="arc" xlink:arcrole="http://xbrl.org/int/dim/arcrole/domain-member" xlink:from="loc_eu_CU" xlink:to="loc_eu_XAU" order="162"/>
    <link:loc xlink:type="locator" xlink:href="mem.xsd#eu_XBA" xlink:label="loc_eu_XBA"/>
    <link:definitionArc xlink:type="arc" xlink:arcrole="http://xbrl.org/int/dim/arcrole/domain-member" xlink:from="loc_eu_CU" xlink:to="loc_eu_XBA" order="163"/>
    <link:loc xlink:type="locator" xlink:href="mem.xsd#eu_XBB" xlink:label="loc_eu_XBB"/>
    <link:definitionArc xlink:type="arc" xlink:arcrole="http://xbrl.org/int/dim/arcrole/domain-member" xlink:from="loc_eu_CU" xlink:to="loc_eu_XBB" order="164"/>
    <link:loc xlink:type="locator" xlink:href="mem.xsd#eu_XBC" xlink:label="loc_eu_XBC"/>
    <link:definitionArc xlink:type="arc" xlink:arcrole="http://xbrl.org/int/dim/arcrole/domain-member" xlink:from="loc_eu_CU" xlink:to="loc_eu_XBC" order="165"/>
    <link:loc xlink:type="locator" xlink:href="mem.xsd#eu_XBD" xlink:label="loc_eu_XBD"/>
    <link:definitionArc xlink:type="arc" xlink:arcrole="http://xbrl.org/int/dim/arcrole/domain-member" xlink:from="loc_eu_CU" xlink:to="loc_eu_XBD" order="166"/>
    <link:loc xlink:type="locator" xlink:href="mem.xsd#eu_XCD" xlink:label="loc_eu_XCD"/>
    <link:definitionArc xlink:type="arc" xlink:arcrole="http://xbrl.org/int/dim/arcrole/domain-member" xlink:from="loc_eu_CU" xlink:to="loc_eu_XCD" order="167"/>
    <link:loc xlink:type="locator" xlink:href="mem.xsd#eu_XDR" xlink:label="loc_eu_XDR"/>
    <link:definitionArc xlink:type="arc" xlink:arcrole="http://xbrl.org/int/dim/arcrole/domain-member" xlink:from="loc_eu_CU" xlink:to="loc_eu_XDR" order="168"/>
    <link:loc xlink:type="locator" xlink:href="mem.xsd#eu_XFU" xlink:label="loc_eu_XFU"/>
    <link:definitionArc xlink:type="arc" xlink:arcrole="http://xbrl.org/int/dim/arcrole/domain-member" xlink:from="loc_eu_CU" xlink:to="loc_eu_XFU" order="169"/>
    <link:loc xlink:type="locator" xlink:href="mem.xsd#eu_XOF" xlink:label="loc_eu_XOF"/>
    <link:definitionArc xlink:type="arc" xlink:arcrole="http://xbrl.org/int/dim/arcrole/domain-member" xlink:from="loc_eu_CU" xlink:to="loc_eu_XOF" order="170"/>
    <link:loc xlink:type="locator" xlink:href="mem.xsd#eu_XPD" xlink:label="loc_eu_XPD"/>
    <link:definitionArc xlink:type="arc" xlink:arcrole="http://xbrl.org/int/dim/arcrole/domain-member" xlink:from="loc_eu_CU" xlink:to="loc_eu_XPD" order="171"/>
    <link:loc xlink:type="locator" xlink:href="mem.xsd#eu_XPF" xlink:label="loc_eu_XPF"/>
    <link:definitionArc xlink:type="arc" xlink:arcrole="http://xbrl.org/int/dim/arcrole/domain-member" xlink:from="loc_eu_CU" xlink:to="loc_eu_XPF" order="172"/>
    <link:loc xlink:type="locator" xlink:href="mem.xsd#eu_XPT" xlink:label="loc_eu_XPT"/>
    <link:definitionArc xlink:type="arc" xlink:arcrole="http://xbrl.org/int/dim/arcrole/domain-member" xlink:from="loc_eu_CU" xlink:to="loc_eu_XPT" order="173"/>
    <link:loc xlink:type="locator" xlink:href="mem.xsd#eu_XTS" xlink:label="loc_eu_XTS"/>
    <link:definitionArc xlink:type="arc" xlink:arcrole="http://xbrl.org/int/dim/arcrole/domain-member" xlink:from="loc_eu_CU" xlink:to="loc_eu_XTS" order="174"/>
    <link:loc xlink:type="locator" xlink:href="mem.xsd#eu_XXX" xlink:label="loc_eu_XXX"/>
    <link:definitionArc xlink:type="arc" xlink:arcrole="http://xbrl.org/int/dim/arcrole/domain-member" xlink:from="loc_eu_CU" xlink:to="loc_eu_XXX" order="175"/>
    <link:loc xlink:type="locator" xlink:href="mem.xsd#eu_YER" xlink:label="loc_eu_YER"/>
    <link:definitionArc xlink:type="arc" xlink:arcrole="http://xbrl.org/int/dim/arcrole/domain-member" xlink:from="loc_eu_CU" xlink:to="loc_eu_YER" order="176"/>
    <link:loc xlink:type="locator" xlink:href="mem.xsd#eu_ZAR" xlink:label="loc_eu_ZAR"/>
    <link:definitionArc xlink:type="arc" xlink:arcrole="http://xbrl.org/int/dim/arcrole/domain-member" xlink:from="loc_eu_CU" xlink:to="loc_eu_ZAR" order="177"/>
    <link:loc xlink:type="locator" xlink:href="mem.xsd#eu_ZMK" xlink:label="loc_eu_ZMK"/>
    <link:definitionArc xlink:type="arc" xlink:arcrole="http://xbrl.org/int/dim/arcrole/domain-member" xlink:from="loc_eu_CU" xlink:to="loc_eu_ZMK" order="178"/>
    <link:loc xlink:type="locator" xlink:href="mem.xsd#eu_ZWL" xlink:label="loc_eu_ZWL"/>
    <link:definitionArc xlink:type="arc" xlink:arcrole="http://xbrl.org/int/dim/arcrole/domain-member" xlink:from="loc_eu_CU" xlink:to="loc_eu_ZWL" order="179"/>
  </link:definitionLink>
</link:linkbase>