<ns0:linkbase xmlns:ns0="http://www.xbrl.org/2003/linkbase" xmlns:ns2="http://www.w3.org/1999/xlink" xmlns:xsi="http://www.w3.org/2001/XMLSchema-instance" xsi:schemaLocation="http://www.xbrl.org/2003/linkbase http://www.xbrl.org/2003/xbrl-linkbase-2003-12-31.xsd">
    <ns0:roleRef roleURI="http://ferc.gov/form/2020-01-01/roles/label/F1TransmissionLine" ns2:href="../../ferc-core-lab-roles_2020-01-01.xsd#F1TransmissionLine" ns2:type="simple" />
    <ns0:roleRef roleURI="http://ferc.gov/form/2020-01-01/roles/label/F1Total" ns2:href="../../ferc-core-lab-roles_2020-01-01.xsd#F1Total" ns2:type="simple" />
    <ns0:roleRef roleURI="http://ferc.gov/form/2020-01-01/roles/Schedule/F1/ScheduleTransmissionLineStatistics" ns2:href="form-1-sched-ScheduleTransmissionLineStatistics_2020-01-01.xsd#roleType_ScheduleTransmissionLineStatistics" ns2:type="simple" />
    <ns0:presentationLink ns2:role="http://ferc.gov/form/2020-01-01/roles/Schedule/F1/ScheduleTransmissionLineStatistics" ns2:type="extended">
        <ns0:loc ns2:href="../../ferc-core_2020-01-01.xsd#ferc_ScheduleTransmissionLineStatisticsAbstract" ns2:label="ferc_ScheduleTransmissionLineStatisticsAbstract" ns2:type="locator" />
        <ns0:loc ns2:href="../../ferc-core_2020-01-01.xsd#ferc_TransmissionLineStatisticsTable" ns2:label="ferc_TransmissionLineStatisticsTable" ns2:type="locator" />
        <ns0:presentationArc order="1" ns2:arcrole="http://www.xbrl.org/2003/arcrole/parent-child" ns2:from="ferc_ScheduleTransmissionLineStatisticsAbstract" ns2:to="ferc_TransmissionLineStatisticsTable" ns2:type="arc" />
        <ns0:loc ns2:href="../../ferc-core_2020-01-01.xsd#ferc_TransmissionLineStatisticsAxis" ns2:label="ferc_TransmissionLineStatisticsAxis" ns2:type="locator" />
        <ns0:presentationArc order="1" ns2:arcrole="http://www.xbrl.org/2003/arcrole/parent-child" ns2:from="ferc_TransmissionLineStatisticsTable" ns2:to="ferc_TransmissionLineStatisticsAxis" ns2:type="arc" />
        <ns0:loc ns2:href="../../ferc-core_2020-01-01.xsd#ferc_TransmissionLineStatisticsLineItems" ns2:label="ferc_TransmissionLineStatisticsLineItems" ns2:type="locator" />
        <ns0:presentationArc order="2" ns2:arcrole="http://www.xbrl.org/2003/arcrole/parent-child" ns2:from="ferc_TransmissionLineStatisticsTable" ns2:to="ferc_TransmissionLineStatisticsLineItems" ns2:type="arc" />
        <ns0:loc ns2:href="../../ferc-core_2020-01-01.xsd#ferc_OrderNumber" ns2:label="ferc_OrderNumber" ns2:type="locator" />
        <ns0:presentationArc order="1" ns2:arcrole="http://www.xbrl.org/2003/arcrole/parent-child" ns2:from="ferc_TransmissionLineStatisticsLineItems" ns2:to="ferc_OrderNumber" ns2:type="arc" />
        <ns0:loc ns2:href="../../ferc-core_2020-01-01.xsd#ferc_TransmissionLineStartPoint" ns2:label="ferc_TransmissionLineStartPoint" ns2:type="locator" />
        <ns0:presentationArc order="2" preferredLabel="http://ferc.gov/form/2020-01-01/roles/label/F1TransmissionLine" ns2:arcrole="http://www.xbrl.org/2003/arcrole/parent-child" ns2:from="ferc_TransmissionLineStatisticsLineItems" ns2:to="ferc_TransmissionLineStartPoint" ns2:type="arc" />
        <ns0:loc ns2:href="../../ferc-core_2020-01-01.xsd#ferc_TransmissionLineEndPoint" ns2:label="ferc_TransmissionLineEndPoint" ns2:type="locator" />
        <ns0:presentationArc order="3" preferredLabel="http://ferc.gov/form/2020-01-01/roles/label/F1TransmissionLine" ns2:arcrole="http://www.xbrl.org/2003/arcrole/parent-child" ns2:from="ferc_TransmissionLineStatisticsLineItems" ns2:to="ferc_TransmissionLineEndPoint" ns2:type="arc" />
        <ns0:loc ns2:href="../../ferc-core_2020-01-01.xsd#ferc_OperatingVoltageOfTransmissionLine" ns2:label="ferc_OperatingVoltageOfTransmissionLine" ns2:type="locator" />
        <ns0:presentationArc order="4" preferredLabel="http://ferc.gov/form/2020-01-01/roles/label/F1TransmissionLine" ns2:arcrole="http://www.xbrl.org/2003/arcrole/parent-child" ns2:from="ferc_TransmissionLineStatisticsLineItems" ns2:to="ferc_OperatingVoltageOfTransmissionLine" ns2:type="arc" />
        <ns0:loc ns2:href="../../ferc-core_2020-01-01.xsd#ferc_DesignedVoltageOfTransmissionLine" ns2:label="ferc_DesignedVoltageOfTransmissionLine" ns2:type="locator" />
        <ns0:presentationArc order="5" preferredLabel="http://ferc.gov/form/2020-01-01/roles/label/F1TransmissionLine" ns2:arcrole="http://www.xbrl.org/2003/arcrole/parent-child" ns2:from="ferc_TransmissionLineStatisticsLineItems" ns2:to="ferc_DesignedVoltageOfTransmissionLine" ns2:type="arc" />
        <ns0:loc ns2:href="../../ferc-core_2020-01-01.xsd#ferc_SupportingStructureOfTransmissionLineType" ns2:label="ferc_SupportingStructureOfTransmissionLineType" ns2:type="locator" />
        <ns0:presentationArc order="6" preferredLabel="http://ferc.gov/form/2020-01-01/roles/label/F1TransmissionLine" ns2:arcrole="http://www.xbrl.org/2003/arcrole/parent-child" ns2:from="ferc_TransmissionLineStatisticsLineItems" ns2:to="ferc_SupportingStructureOfTransmissionLineType" ns2:type="arc" />
        <ns0:loc ns2:href="../../ferc-core_2020-01-01.xsd#ferc_LengthForStandAloneTransmissionLines" ns2:label="ferc_LengthForStandAloneTransmissionLines" ns2:type="locator" />
        <ns0:presentationArc order="7" preferredLabel="http://ferc.gov/form/2020-01-01/roles/label/F1TransmissionLine" ns2:arcrole="http://www.xbrl.org/2003/arcrole/parent-child" ns2:from="ferc_TransmissionLineStatisticsLineItems" ns2:to="ferc_LengthForStandAloneTransmissionLines" ns2:type="arc" />
        <ns0:loc ns2:href="../../ferc-core_2020-01-01.xsd#ferc_LengthForTransmissionLinesAggregatedWithOtherStructures" ns2:label="ferc_LengthForTransmissionLinesAggregatedWithOtherStructures" ns2:type="locator" />
        <ns0:presentationArc order="8" preferredLabel="http://ferc.gov/form/2020-01-01/roles/label/F1TransmissionLine" ns2:arcrole="http://www.xbrl.org/2003/arcrole/parent-child" ns2:from="ferc_TransmissionLineStatisticsLineItems" ns2:to="ferc_LengthForTransmissionLinesAggregatedWithOtherStructures" ns2:type="arc" />
        <ns0:loc ns2:href="../../ferc-core_2020-01-01.xsd#ferc_NumberOfTransmissionCircuits" ns2:label="ferc_NumberOfTransmissionCircuits" ns2:type="locator" />
        <ns0:presentationArc order="9" preferredLabel="http://ferc.gov/form/2020-01-01/roles/label/F1TransmissionLine" ns2:arcrole="http://www.xbrl.org/2003/arcrole/parent-child" ns2:from="ferc_TransmissionLineStatisticsLineItems" ns2:to="ferc_NumberOfTransmissionCircuits" ns2:type="arc" />
        <ns0:loc ns2:href="../../ferc-core_2020-01-01.xsd#ferc_SizeOfConductorAndMaterial" ns2:label="ferc_SizeOfConductorAndMaterial" ns2:type="locator" />
        <ns0:presentationArc order="10" preferredLabel="http://ferc.gov/form/2020-01-01/roles/label/F1TransmissionLine" ns2:arcrole="http://www.xbrl.org/2003/arcrole/parent-child" ns2:from="ferc_TransmissionLineStatisticsLineItems" ns2:to="ferc_SizeOfConductorAndMaterial" ns2:type="arc" />
        <ns0:loc ns2:href="../../ferc-core_2020-01-01.xsd#ferc_CostOfLandAndLandRightsTransmissionLines" ns2:label="ferc_CostOfLandAndLandRightsTransmissionLines" ns2:type="locator" />
        <ns0:presentationArc order="11" preferredLabel="http://ferc.gov/form/2020-01-01/roles/label/F1TransmissionLine" ns2:arcrole="http://www.xbrl.org/2003/arcrole/parent-child" ns2:from="ferc_TransmissionLineStatisticsLineItems" ns2:to="ferc_CostOfLandAndLandRightsTransmissionLines" ns2:type="arc" />
        <ns0:loc ns2:href="../../ferc-core_2020-01-01.xsd#ferc_ConstructionAndOtherCostsTransmissionLines" ns2:label="ferc_ConstructionAndOtherCostsTransmissionLines" ns2:type="locator" />
        <ns0:presentationArc order="12" preferredLabel="http://ferc.gov/form/2020-01-01/roles/label/F1TransmissionLine" ns2:arcrole="http://www.xbrl.org/2003/arcrole/parent-child" ns2:from="ferc_TransmissionLineStatisticsLineItems" ns2:to="ferc_ConstructionAndOtherCostsTransmissionLines" ns2:type="arc" />
        <ns0:loc ns2:href="../../ferc-core_2020-01-01.xsd#ferc_OverallCostOfTransmissionLine" ns2:label="ferc_OverallCostOfTransmissionLine" ns2:type="locator" />
        <ns0:presentationArc order="13" preferredLabel="http://ferc.gov/form/2020-01-01/roles/label/F1TransmissionLine" ns2:arcrole="http://www.xbrl.org/2003/arcrole/parent-child" ns2:from="ferc_TransmissionLineStatisticsLineItems" ns2:to="ferc_OverallCostOfTransmissionLine" ns2:type="arc" />
        <ns0:loc ns2:href="../../ferc-core_2020-01-01.xsd#ferc_OperatingExpensesOfTransmissionLine" ns2:label="ferc_OperatingExpensesOfTransmissionLine" ns2:type="locator" />
        <ns0:presentationArc order="14" preferredLabel="http://ferc.gov/form/2020-01-01/roles/label/F1TransmissionLine" ns2:arcrole="http://www.xbrl.org/2003/arcrole/parent-child" ns2:from="ferc_TransmissionLineStatisticsLineItems" ns2:to="ferc_OperatingExpensesOfTransmissionLine" ns2:type="arc" />
        <ns0:loc ns2:href="../../ferc-core_2020-01-01.xsd#ferc_MaintenanceExpensesOfTransmissionLine" ns2:label="ferc_MaintenanceExpensesOfTransmissionLine" ns2:type="locator" />
        <ns0:presentationArc order="15" preferredLabel="http://ferc.gov/form/2020-01-01/roles/label/F1TransmissionLine" ns2:arcrole="http://www.xbrl.org/2003/arcrole/parent-child" ns2:from="ferc_TransmissionLineStatisticsLineItems" ns2:to="ferc_MaintenanceExpensesOfTransmissionLine" ns2:type="arc" />
        <ns0:loc ns2:href="../../ferc-core_2020-01-01.xsd#ferc_RentExpensesOfTransmissionLine" ns2:label="ferc_RentExpensesOfTransmissionLine" ns2:type="locator" />
        <ns0:presentationArc order="16" preferredLabel="http://ferc.gov/form/2020-01-01/roles/label/F1TransmissionLine" ns2:arcrole="http://www.xbrl.org/2003/arcrole/parent-child" ns2:from="ferc_TransmissionLineStatisticsLineItems" ns2:to="ferc_RentExpensesOfTransmissionLine" ns2:type="arc" />
        <ns0:loc ns2:href="../../ferc-core_2020-01-01.xsd#ferc_OverallExpensesOfTransmissionLine" ns2:label="ferc_OverallExpensesOfTransmissionLine" ns2:type="locator" />
        <ns0:presentationArc order="17" preferredLabel="http://ferc.gov/form/2020-01-01/roles/label/F1TransmissionLine" ns2:arcrole="http://www.xbrl.org/2003/arcrole/parent-child" ns2:from="ferc_TransmissionLineStatisticsLineItems" ns2:to="ferc_OverallExpensesOfTransmissionLine" ns2:type="arc" />
        <ns0:presentationArc order="2" preferredLabel="http://ferc.gov/form/2020-01-01/roles/label/F1Total" ns2:arcrole="http://www.xbrl.org/2003/arcrole/parent-child" ns2:from="ferc_ScheduleTransmissionLineStatisticsAbstract" ns2:to="ferc_LengthForStandAloneTransmissionLines" ns2:type="arc" />
        <ns0:presentationArc order="3" preferredLabel="http://ferc.gov/form/2020-01-01/roles/label/F1Total" ns2:arcrole="http://www.xbrl.org/2003/arcrole/parent-child" ns2:from="ferc_ScheduleTransmissionLineStatisticsAbstract" ns2:to="ferc_LengthForTransmissionLinesAggregatedWithOtherStructures" ns2:type="arc" />
        <ns0:presentationArc order="4" preferredLabel="http://ferc.gov/form/2020-01-01/roles/label/F1Total" ns2:arcrole="http://www.xbrl.org/2003/arcrole/parent-child" ns2:from="ferc_ScheduleTransmissionLineStatisticsAbstract" ns2:to="ferc_NumberOfTransmissionCircuits" ns2:type="arc" />
        <ns0:presentationArc order="5" preferredLabel="http://ferc.gov/form/2020-01-01/roles/label/F1Total" ns2:arcrole="http://www.xbrl.org/2003/arcrole/parent-child" ns2:from="ferc_ScheduleTransmissionLineStatisticsAbstract" ns2:to="ferc_CostOfLandAndLandRightsTransmissionLines" ns2:type="arc" />
        <ns0:presentationArc order="6" preferredLabel="http://ferc.gov/form/2020-01-01/roles/label/F1Total" ns2:arcrole="http://www.xbrl.org/2003/arcrole/parent-child" ns2:from="ferc_ScheduleTransmissionLineStatisticsAbstract" ns2:to="ferc_ConstructionAndOtherCostsTransmissionLines" ns2:type="arc" />
        <ns0:presentationArc order="7" preferredLabel="http://ferc.gov/form/2020-01-01/roles/label/F1Total" ns2:arcrole="http://www.xbrl.org/2003/arcrole/parent-child" ns2:from="ferc_ScheduleTransmissionLineStatisticsAbstract" ns2:to="ferc_OverallCostOfTransmissionLine" ns2:type="arc" />
        <ns0:presentationArc order="8" preferredLabel="http://ferc.gov/form/2020-01-01/roles/label/F1Total" ns2:arcrole="http://www.xbrl.org/2003/arcrole/parent-child" ns2:from="ferc_ScheduleTransmissionLineStatisticsAbstract" ns2:to="ferc_OperatingExpensesOfTransmissionLine" ns2:type="arc" />
        <ns0:presentationArc order="9" preferredLabel="http://ferc.gov/form/2020-01-01/roles/label/F1Total" ns2:arcrole="http://www.xbrl.org/2003/arcrole/parent-child" ns2:from="ferc_ScheduleTransmissionLineStatisticsAbstract" ns2:to="ferc_MaintenanceExpensesOfTransmissionLine" ns2:type="arc" />
        <ns0:presentationArc order="10" preferredLabel="http://ferc.gov/form/2020-01-01/roles/label/F1Total" ns2:arcrole="http://www.xbrl.org/2003/arcrole/parent-child" ns2:from="ferc_ScheduleTransmissionLineStatisticsAbstract" ns2:to="ferc_RentExpensesOfTransmissionLine" ns2:type="arc" />
        <ns0:presentationArc order="11" preferredLabel="http://ferc.gov/form/2020-01-01/roles/label/F1Total" ns2:arcrole="http://www.xbrl.org/2003/arcrole/parent-child" ns2:from="ferc_ScheduleTransmissionLineStatisticsAbstract" ns2:to="ferc_OverallExpensesOfTransmissionLine" ns2:type="arc" />
    </ns0:presentationLink>
</ns0:linkbase>