<!--(C) Eurofiling--><link:linkbase xmlns:xsi="http://www.w3.org/2001/XMLSchema-instance" xmlns:xlink="http://www.w3.org/1999/xlink" xmlns:link="http://www.xbrl.org/2003/linkbase" xsi:schemaLocation=" http://www.xbrl.org/2003/linkbase http://www.xbrl.org/2003/xbrl-linkbase-2003-12-31.xsd">
  <link:labelLink xlink:type="extended" xlink:role="http://www.xbrl.org/2003/role/link">
    <link:loc xlink:type="locator" xlink:href="exp.xsd#eu_GA" xlink:label="loc_eu_GA"/>
    <link:label xlink:type="resource" xlink:label="label_eu_GA" xml:lang="en" xlink:role="http://www.xbrl.org/2003/role/label">Geographical areas</link:label>
    <link:labelArc xlink:type="arc" xlink:arcrole="http://www.xbrl.org/2003/arcrole/concept-label" xlink:from="loc_eu_GA" xlink:to="label_eu_GA"/>
    <link:loc xlink:type="locator" xlink:href="exp.xsd#eu_CU" xlink:label="loc_eu_CU"/>
    <link:label xlink:type="resource" xlink:label="label_eu_CU" xml:lang="en" xlink:role="http://www.xbrl.org/2003/role/label">Currencies</link:label>
    <link:labelArc xlink:type="arc" xlink:arcrole="http://www.xbrl.org/2003/arcrole/concept-label" xlink:from="loc_eu_CU" xlink:to="label_eu_CU"/>
  </link:labelLink>
</link:linkbase>