﻿<?xml version="1.0" encoding="utf-8"?>
<!--© DNB-->
<tp:taxonomyPackage xml:lang="en" xsi:schemaLocation="http://xbrl.org/2016/taxonomy-package http://www.xbrl.org/2016/taxonomy-package.xsd" xmlns:xsi="http://www.w3.org/2001/XMLSchema-instance" xmlns:tp="http://xbrl.org/2016/taxonomy-package">
  <tp:identifier>urn:dnb:xbrl:ao:1.0</tp:identifier>
  <tp:name xml:lang="en">PPSP reporting</tp:name>
  <tp:description xml:lang="en">PPSP reporting 1.0</tp:description>
  <tp:version>1.0</tp:version>
  <tp:publisher xml:lang="en">www.dnb.nl</tp:publisher>
  <tp:publisherURL >http://www.dnb.nl/</tp:publisherURL>
  <tp:publisherCountry >NL</tp:publisherCountry>
  <tp:publicationDate>2018-04-30</tp:publicationDate>
  <tp:entryPoints>
    <tp:entryPoint>
      <tp:name>PPSP reporting</tp:name>
      <tp:description>PPSP reporting 1.0</tp:description>
      <tp:entryPointDocument href="http://www.dnb.nl/nl/fr/xbrl/fws/dnb-nr/ppsp-2018-01/2018-04-30/mod/ppsp.xsd"/>
    </tp:entryPoint>
  </tp:entryPoints>
</tp:taxonomyPackage>