<ns0:linkbase xmlns:ns0="http://www.xbrl.org/2003/linkbase" xmlns:ns2="http://www.w3.org/1999/xlink" xmlns:xsi="http://www.w3.org/2001/XMLSchema-instance" xsi:schemaLocation="http://www.xbrl.org/2003/linkbase http://www.xbrl.org/2003/xbrl-linkbase-2003-12-31.xsd">
    <ns0:roleRef roleURI="http://ferc.gov/form/2020-01-01/roles/label/F1FTotal" ns2:href="../../ferc-core-lab-roles_2020-01-01.xsd#F1FTotal" ns2:type="simple" />
    <ns0:roleRef roleURI="http://ferc.gov/form/2020-01-01/roles/Schedule/F1F/OtherRegulatoryAssets" ns2:href="form-1F-sched-OtherRegulatoryAssets_2020-01-01.xsd#roleType_OtherRegulatoryAssets" ns2:type="simple" />
    <ns0:roleRef roleURI="http://ferc.gov/form/2020-01-01/roles/label/F1FTotal2" ns2:href="../../ferc-core-lab-roles_2020-01-01.xsd#F1FTotal2" ns2:type="simple" />
    <ns0:roleRef roleURI="http://ferc.gov/form/2020-01-01/roles/label/F1FBeginningBalance" ns2:href="../../ferc-core-lab-roles_2020-01-01.xsd#F1FBeginningBalance" ns2:type="simple" />
    <ns0:roleRef roleURI="http://ferc.gov/form/2020-01-01/roles/label/F1FOtherRegulatoryAssets" ns2:href="../../ferc-core-lab-roles_2020-01-01.xsd#F1FOtherRegulatoryAssets" ns2:type="simple" />
    <ns0:roleRef roleURI="http://ferc.gov/form/2020-01-01/roles/label/F1FEndingBalance" ns2:href="../../ferc-core-lab-roles_2020-01-01.xsd#F1FEndingBalance" ns2:type="simple" />
    <ns0:presentationLink ns2:role="http://ferc.gov/form/2020-01-01/roles/Schedule/F1F/OtherRegulatoryAssets" ns2:type="extended">
        <ns0:loc ns2:href="../../ferc-core_2020-01-01.xsd#ferc_ScheduleOtherRegulatoryAssetsAbstract" ns2:label="ferc_ScheduleOtherRegulatoryAssetsAbstract" ns2:type="locator" />
        <ns0:loc ns2:href="../../ferc-core_2020-01-01.xsd#ferc_OtherRegulatoryAssetsTable" ns2:label="ferc_OtherRegulatoryAssetsTable" ns2:type="locator" />
        <ns0:presentationArc order="1" ns2:arcrole="http://www.xbrl.org/2003/arcrole/parent-child" ns2:from="ferc_ScheduleOtherRegulatoryAssetsAbstract" ns2:to="ferc_OtherRegulatoryAssetsTable" ns2:type="arc" />
        <ns0:loc ns2:href="../../ferc-core_2020-01-01.xsd#ferc_OtherRegulatoryAssetsAxis" ns2:label="ferc_OtherRegulatoryAssetsAxis" ns2:type="locator" />
        <ns0:presentationArc order="1" ns2:arcrole="http://www.xbrl.org/2003/arcrole/parent-child" ns2:from="ferc_OtherRegulatoryAssetsTable" ns2:to="ferc_OtherRegulatoryAssetsAxis" ns2:type="arc" />
        <ns0:loc ns2:href="../../ferc-core_2020-01-01.xsd#ferc_OtherRegulatoryAssetsLineItems" ns2:label="ferc_OtherRegulatoryAssetsLineItems" ns2:type="locator" />
        <ns0:presentationArc order="2" ns2:arcrole="http://www.xbrl.org/2003/arcrole/parent-child" ns2:from="ferc_OtherRegulatoryAssetsTable" ns2:to="ferc_OtherRegulatoryAssetsLineItems" ns2:type="arc" />
        <ns0:loc ns2:href="../../ferc-core_2020-01-01.xsd#ferc_OrderNumber" ns2:label="ferc_OrderNumber" ns2:type="locator" />
        <ns0:presentationArc order="1" ns2:arcrole="http://www.xbrl.org/2003/arcrole/parent-child" ns2:from="ferc_OtherRegulatoryAssetsLineItems" ns2:to="ferc_OrderNumber" ns2:type="arc" />
        <ns0:loc ns2:href="../../ferc-core_2020-01-01.xsd#ferc_DescriptionAndPurposeOfOtherRegulatoryAssets" ns2:label="ferc_DescriptionAndPurposeOfOtherRegulatoryAssets" ns2:type="locator" />
        <ns0:presentationArc order="2" preferredLabel="http://ferc.gov/form/2020-01-01/roles/label/F1FOtherRegulatoryAssets" ns2:arcrole="http://www.xbrl.org/2003/arcrole/parent-child" ns2:from="ferc_OtherRegulatoryAssetsLineItems" ns2:to="ferc_DescriptionAndPurposeOfOtherRegulatoryAssets" ns2:type="arc" />
        <ns0:loc ns2:href="../../ferc-core_2020-01-01.xsd#ferc_OtherRegulatoryAssets" ns2:label="ferc_OtherRegulatoryAssets" ns2:type="locator" />
        <ns0:presentationArc order="3" preferredLabel="http://ferc.gov/form/2020-01-01/roles/label/F1FBeginningBalance" ns2:arcrole="http://www.xbrl.org/2003/arcrole/parent-child" ns2:from="ferc_OtherRegulatoryAssetsLineItems" ns2:to="ferc_OtherRegulatoryAssets" ns2:type="arc" />
        <ns0:loc ns2:href="../../ferc-core_2020-01-01.xsd#ferc_IncreaseDecreaseInOtherRegulatoryAssets" ns2:label="ferc_IncreaseDecreaseInOtherRegulatoryAssets" ns2:type="locator" />
        <ns0:presentationArc order="4" preferredLabel="http://ferc.gov/form/2020-01-01/roles/label/F1FOtherRegulatoryAssets" ns2:arcrole="http://www.xbrl.org/2003/arcrole/parent-child" ns2:from="ferc_OtherRegulatoryAssetsLineItems" ns2:to="ferc_IncreaseDecreaseInOtherRegulatoryAssets" ns2:type="arc" />
        <ns0:loc ns2:href="../../ferc-core_2020-01-01.xsd#ferc_OtherRegulatoryAssetsWrittenOffAccountCharged" ns2:label="ferc_OtherRegulatoryAssetsWrittenOffAccountCharged" ns2:type="locator" />
        <ns0:presentationArc order="5" preferredLabel="http://ferc.gov/form/2020-01-01/roles/label/F1FOtherRegulatoryAssets" ns2:arcrole="http://www.xbrl.org/2003/arcrole/parent-child" ns2:from="ferc_OtherRegulatoryAssetsLineItems" ns2:to="ferc_OtherRegulatoryAssetsWrittenOffAccountCharged" ns2:type="arc" />
        <ns0:loc ns2:href="../../ferc-core_2020-01-01.xsd#ferc_OtherRegulatoryAssetsWrittenOffRecovered" ns2:label="ferc_OtherRegulatoryAssetsWrittenOffRecovered" ns2:type="locator" />
        <ns0:presentationArc order="6" preferredLabel="http://ferc.gov/form/2020-01-01/roles/label/F1FOtherRegulatoryAssets" ns2:arcrole="http://www.xbrl.org/2003/arcrole/parent-child" ns2:from="ferc_OtherRegulatoryAssetsLineItems" ns2:to="ferc_OtherRegulatoryAssetsWrittenOffRecovered" ns2:type="arc" />
        <ns0:loc ns2:href="../../ferc-core_2020-01-01.xsd#ferc_OtherRegulatoryAssets" ns2:label="ferc_OtherRegulatoryAssets_1" ns2:type="locator" />
        <ns0:presentationArc order="7" preferredLabel="http://ferc.gov/form/2020-01-01/roles/label/F1FEndingBalance" ns2:arcrole="http://www.xbrl.org/2003/arcrole/parent-child" ns2:from="ferc_OtherRegulatoryAssetsLineItems" ns2:to="ferc_OtherRegulatoryAssets_1" ns2:type="arc" />
        <ns0:presentationArc order="2" preferredLabel="http://ferc.gov/form/2020-01-01/roles/label/F1FTotal" ns2:arcrole="http://www.xbrl.org/2003/arcrole/parent-child" ns2:from="ferc_ScheduleOtherRegulatoryAssetsAbstract" ns2:to="ferc_OtherRegulatoryAssets" ns2:type="arc" />
        <ns0:presentationArc order="3" preferredLabel="http://ferc.gov/form/2020-01-01/roles/label/F1FTotal" ns2:arcrole="http://www.xbrl.org/2003/arcrole/parent-child" ns2:from="ferc_ScheduleOtherRegulatoryAssetsAbstract" ns2:to="ferc_IncreaseDecreaseInOtherRegulatoryAssets" ns2:type="arc" />
        <ns0:presentationArc order="4" preferredLabel="http://ferc.gov/form/2020-01-01/roles/label/F1FTotal" ns2:arcrole="http://www.xbrl.org/2003/arcrole/parent-child" ns2:from="ferc_ScheduleOtherRegulatoryAssetsAbstract" ns2:to="ferc_OtherRegulatoryAssetsWrittenOffRecovered" ns2:type="arc" />
        <ns0:loc ns2:href="../../ferc-core_2020-01-01.xsd#ferc_OtherRegulatoryAssets" ns2:label="ferc_OtherRegulatoryAssets_1" ns2:type="locator" />
        <ns0:presentationArc order="5" preferredLabel="http://ferc.gov/form/2020-01-01/roles/label/F1FTotal2" ns2:arcrole="http://www.xbrl.org/2003/arcrole/parent-child" ns2:from="ferc_ScheduleOtherRegulatoryAssetsAbstract" ns2:to="ferc_OtherRegulatoryAssets_1" ns2:type="arc" />
    </ns0:presentationLink>
</ns0:linkbase>