<ns0:linkbase xmlns:ns0="http://www.xbrl.org/2003/linkbase" xmlns:ns2="http://www.w3.org/1999/xlink" xmlns:ns3="http://xbrl.org/2005/xbrldt" xmlns:xsi="http://www.w3.org/2001/XMLSchema-instance" xsi:schemaLocation="http://www.xbrl.org/2003/linkbase http://www.xbrl.org/2003/xbrl-linkbase-2003-12-31.xsd">
    <ns0:roleRef roleURI="http://ferc.gov/form/2020-01-01/roles/Schedule/F1F/OtherRegulatoryAssets" ns2:href="form-1F-sched-OtherRegulatoryAssets_2020-01-01.xsd#roleType_OtherRegulatoryAssets" ns2:type="simple" />
    <ns0:arcroleRef arcroleURI="http://xbrl.org/int/dim/arcrole/dimension-domain" ns2:href="http://www.xbrl.org/2005/xbrldt-2005.xsd#dimension-domain" ns2:type="simple" />
    <ns0:arcroleRef arcroleURI="http://xbrl.org/int/dim/arcrole/dimension-default" ns2:href="http://www.xbrl.org/2005/xbrldt-2005.xsd#dimension-default" ns2:type="simple" />
    <ns0:arcroleRef arcroleURI="http://xbrl.org/int/dim/arcrole/hypercube-dimension" ns2:href="http://www.xbrl.org/2005/xbrldt-2005.xsd#hypercube-dimension" ns2:type="simple" />
    <ns0:arcroleRef arcroleURI="http://xbrl.org/int/dim/arcrole/all" ns2:href="http://www.xbrl.org/2005/xbrldt-2005.xsd#all" ns2:type="simple" />
    <ns0:arcroleRef arcroleURI="http://xbrl.org/int/dim/arcrole/domain-member" ns2:href="http://www.xbrl.org/2005/xbrldt-2005.xsd#domain-member" ns2:type="simple" />
    <ns0:definitionLink ns2:role="http://ferc.gov/form/2020-01-01/roles/Schedule/F1F/OtherRegulatoryAssets" ns2:type="extended">
        <ns0:loc ns2:href="../../ferc-core_2020-01-01.xsd#ferc_ScheduleOtherRegulatoryAssetsAbstract" ns2:label="ferc_ScheduleOtherRegulatoryAssetsAbstract" ns2:type="locator" />
        <ns0:loc ns2:href="../../ferc-core_2020-01-01.xsd#ferc_OtherRegulatoryAssetsLineItems" ns2:label="ferc_OtherRegulatoryAssetsLineItems" ns2:type="locator" />
        <ns0:definitionArc order="1" ns2:arcrole="http://xbrl.org/int/dim/arcrole/domain-member" ns2:from="ferc_ScheduleOtherRegulatoryAssetsAbstract" ns2:to="ferc_OtherRegulatoryAssetsLineItems" ns2:type="arc" />
        <ns0:loc ns2:href="../../ferc-core_2020-01-01.xsd#ferc_OtherRegulatoryAssetsTable" ns2:label="ferc_OtherRegulatoryAssetsTable" ns2:type="locator" />
        <ns0:definitionArc order="1" ns2:arcrole="http://xbrl.org/int/dim/arcrole/all" ns2:from="ferc_OtherRegulatoryAssetsLineItems" ns2:to="ferc_OtherRegulatoryAssetsTable" ns2:type="arc" ns3:closed="true" ns3:contextElement="segment" />
        <ns0:loc ns2:href="../../ferc-core_2020-01-01.xsd#ferc_OtherRegulatoryAssetsAxis" ns2:label="ferc_OtherRegulatoryAssetsAxis" ns2:type="locator" />
        <ns0:definitionArc order="1" ns2:arcrole="http://xbrl.org/int/dim/arcrole/hypercube-dimension" ns2:from="ferc_OtherRegulatoryAssetsTable" ns2:to="ferc_OtherRegulatoryAssetsAxis" ns2:type="arc" />
        <ns0:loc ns2:href="../../ferc-core_2020-01-01.xsd#ferc_OrderNumber" ns2:label="ferc_OrderNumber" ns2:type="locator" />
        <ns0:definitionArc order="2" ns2:arcrole="http://xbrl.org/int/dim/arcrole/domain-member" ns2:from="ferc_OtherRegulatoryAssetsLineItems" ns2:to="ferc_OrderNumber" ns2:type="arc" />
        <ns0:loc ns2:href="../../ferc-core_2020-01-01.xsd#ferc_DescriptionAndPurposeOfOtherRegulatoryAssets" ns2:label="ferc_DescriptionAndPurposeOfOtherRegulatoryAssets" ns2:type="locator" />
        <ns0:definitionArc order="3" ns2:arcrole="http://xbrl.org/int/dim/arcrole/domain-member" ns2:from="ferc_OtherRegulatoryAssetsLineItems" ns2:to="ferc_DescriptionAndPurposeOfOtherRegulatoryAssets" ns2:type="arc" />
        <ns0:loc ns2:href="../../ferc-core_2020-01-01.xsd#ferc_OtherRegulatoryAssets" ns2:label="ferc_OtherRegulatoryAssets" ns2:type="locator" />
        <ns0:definitionArc order="4" ns2:arcrole="http://xbrl.org/int/dim/arcrole/domain-member" ns2:from="ferc_OtherRegulatoryAssetsLineItems" ns2:to="ferc_OtherRegulatoryAssets" ns2:type="arc" />
        <ns0:loc ns2:href="../../ferc-core_2020-01-01.xsd#ferc_IncreaseDecreaseInOtherRegulatoryAssets" ns2:label="ferc_IncreaseDecreaseInOtherRegulatoryAssets" ns2:type="locator" />
        <ns0:definitionArc order="5" ns2:arcrole="http://xbrl.org/int/dim/arcrole/domain-member" ns2:from="ferc_OtherRegulatoryAssetsLineItems" ns2:to="ferc_IncreaseDecreaseInOtherRegulatoryAssets" ns2:type="arc" />
        <ns0:loc ns2:href="../../ferc-core_2020-01-01.xsd#ferc_OtherRegulatoryAssetsWrittenOffAccountCharged" ns2:label="ferc_OtherRegulatoryAssetsWrittenOffAccountCharged" ns2:type="locator" />
        <ns0:definitionArc order="6" ns2:arcrole="http://xbrl.org/int/dim/arcrole/domain-member" ns2:from="ferc_OtherRegulatoryAssetsLineItems" ns2:to="ferc_OtherRegulatoryAssetsWrittenOffAccountCharged" ns2:type="arc" />
        <ns0:loc ns2:href="../../ferc-core_2020-01-01.xsd#ferc_OtherRegulatoryAssetsWrittenOffRecovered" ns2:label="ferc_OtherRegulatoryAssetsWrittenOffRecovered" ns2:type="locator" />
        <ns0:definitionArc order="7" ns2:arcrole="http://xbrl.org/int/dim/arcrole/domain-member" ns2:from="ferc_OtherRegulatoryAssetsLineItems" ns2:to="ferc_OtherRegulatoryAssetsWrittenOffRecovered" ns2:type="arc" />
    </ns0:definitionLink>
    <ns0:definitionLink ns2:role="http://ferc.gov/form/2020-01-01/roles/Schedule/F1F/OtherRegulatoryAssets" ns2:type="extended" />
</ns0:linkbase>