﻿<?xml version="1.0" encoding="utf-8"?>
<!--© DNB-->
<link:linkbase xmlns:xsi="http://www.w3.org/2001/XMLSchema-instance" xmlns:xlink="http://www.w3.org/1999/xlink" xmlns:link="http://www.xbrl.org/2003/linkbase" xsi:schemaLocation="http://www.xbrl.org/2003/linkbase http://www.xbrl.org/2003/xbrl-linkbase-2003-12-31.xsd">
  <link:labelLink xlink:type="extended" xlink:role="http://www.xbrl.org/2003/role/link">
    <link:loc xlink:type="locator" xlink:href="mem.xsd#dnb_mem000" xlink:label="loc_dnb_mem000" />
    <link:label xlink:type="resource" xlink:label="label_dnb_mem000" xml:lang="nl" xlink:role="http://www.xbrl.org/2003/role/label">Niet van toepassing / Alle of Totaal</link:label>
    <link:labelArc xlink:type="arc" xlink:arcrole="http://www.xbrl.org/2003/arcrole/concept-label" xlink:from="loc_dnb_mem000" xlink:to="label_dnb_mem000" />
    <link:label xlink:type="resource" xlink:label="label_dnb_mem000_2" xml:lang="nl" xlink:role="http://www.xbrl.org/2003/role/documentation">Niet van toepassing / Alle of Totaal</link:label>
    <link:labelArc xlink:type="arc" xlink:arcrole="http://www.xbrl.org/2003/arcrole/concept-label" xlink:from="loc_dnb_mem000" xlink:to="label_dnb_mem000_2" />
    <link:loc xlink:type="locator" xlink:href="mem.xsd#dnb_mem001" xlink:label="loc_dnb_mem001" />
    <link:label xlink:type="resource" xlink:label="label_dnb_mem001" xml:lang="nl" xlink:role="http://www.xbrl.org/2003/role/label">EU, eurozone</link:label>
    <link:labelArc xlink:type="arc" xlink:arcrole="http://www.xbrl.org/2003/arcrole/concept-label" xlink:from="loc_dnb_mem001" xlink:to="label_dnb_mem001" />
    <link:label xlink:type="resource" xlink:label="label_dnb_mem001_2" xml:lang="nl" xlink:role="http://www.xbrl.org/2003/role/documentation">EU, eurozone</link:label>
    <link:labelArc xlink:type="arc" xlink:arcrole="http://www.xbrl.org/2003/arcrole/concept-label" xlink:from="loc_dnb_mem001" xlink:to="label_dnb_mem001_2" />
    <link:loc xlink:type="locator" xlink:href="mem.xsd#dnb_mem002" xlink:label="loc_dnb_mem002" />
    <link:label xlink:type="resource" xlink:label="label_dnb_mem002" xml:lang="nl" xlink:role="http://www.xbrl.org/2003/role/label">EU, niet-eurozone</link:label>
    <link:labelArc xlink:type="arc" xlink:arcrole="http://www.xbrl.org/2003/arcrole/concept-label" xlink:from="loc_dnb_mem002" xlink:to="label_dnb_mem002" />
    <link:label xlink:type="resource" xlink:label="label_dnb_mem002_2" xml:lang="nl" xlink:role="http://www.xbrl.org/2003/role/documentation">EU, niet-eurozone</link:label>
    <link:labelArc xlink:type="arc" xlink:arcrole="http://www.xbrl.org/2003/arcrole/concept-label" xlink:from="loc_dnb_mem002" xlink:to="label_dnb_mem002_2" />
    <link:loc xlink:type="locator" xlink:href="mem.xsd#dnb_mem003" xlink:label="loc_dnb_mem003" />
    <link:label xlink:type="resource" xlink:label="label_dnb_mem003" xml:lang="nl" xlink:role="http://www.xbrl.org/2003/role/label">Niet-EU</link:label>
    <link:labelArc xlink:type="arc" xlink:arcrole="http://www.xbrl.org/2003/arcrole/concept-label" xlink:from="loc_dnb_mem003" xlink:to="label_dnb_mem003" />
    <link:label xlink:type="resource" xlink:label="label_dnb_mem003_2" xml:lang="nl" xlink:role="http://www.xbrl.org/2003/role/documentation">Niet-EU</link:label>
    <link:labelArc xlink:type="arc" xlink:arcrole="http://www.xbrl.org/2003/arcrole/concept-label" xlink:from="loc_dnb_mem003" xlink:to="label_dnb_mem003_2" />
    <link:loc xlink:type="locator" xlink:href="mem.xsd#dnb_mem004" xlink:label="loc_dnb_mem004" />
    <link:label xlink:type="resource" xlink:label="label_dnb_mem004" xml:lang="nl" xlink:role="http://www.xbrl.org/2003/role/label">Noord-Amerika</link:label>
    <link:labelArc xlink:type="arc" xlink:arcrole="http://www.xbrl.org/2003/arcrole/concept-label" xlink:from="loc_dnb_mem004" xlink:to="label_dnb_mem004" />
    <link:label xlink:type="resource" xlink:label="label_dnb_mem004_2" xml:lang="nl" xlink:role="http://www.xbrl.org/2003/role/documentation">Noord-Amerika</link:label>
    <link:labelArc xlink:type="arc" xlink:arcrole="http://www.xbrl.org/2003/arcrole/concept-label" xlink:from="loc_dnb_mem004" xlink:to="label_dnb_mem004_2" />
    <link:loc xlink:type="locator" xlink:href="mem.xsd#dnb_mem005" xlink:label="loc_dnb_mem005" />
    <link:label xlink:type="resource" xlink:label="label_dnb_mem005" xml:lang="nl" xlink:role="http://www.xbrl.org/2003/role/label">Midden- en Zuid Amerika</link:label>
    <link:labelArc xlink:type="arc" xlink:arcrole="http://www.xbrl.org/2003/arcrole/concept-label" xlink:from="loc_dnb_mem005" xlink:to="label_dnb_mem005" />
    <link:label xlink:type="resource" xlink:label="label_dnb_mem005_2" xml:lang="nl" xlink:role="http://www.xbrl.org/2003/role/documentation">Midden- en Zuid Amerika</link:label>
    <link:labelArc xlink:type="arc" xlink:arcrole="http://www.xbrl.org/2003/arcrole/concept-label" xlink:from="loc_dnb_mem005" xlink:to="label_dnb_mem005_2" />
    <link:loc xlink:type="locator" xlink:href="mem.xsd#dnb_mem006" xlink:label="loc_dnb_mem006" />
    <link:label xlink:type="resource" xlink:label="label_dnb_mem006" xml:lang="nl" xlink:role="http://www.xbrl.org/2003/role/label">Azië</link:label>
    <link:labelArc xlink:type="arc" xlink:arcrole="http://www.xbrl.org/2003/arcrole/concept-label" xlink:from="loc_dnb_mem006" xlink:to="label_dnb_mem006" />
    <link:label xlink:type="resource" xlink:label="label_dnb_mem006_2" xml:lang="nl" xlink:role="http://www.xbrl.org/2003/role/documentation">Azië</link:label>
    <link:labelArc xlink:type="arc" xlink:arcrole="http://www.xbrl.org/2003/arcrole/concept-label" xlink:from="loc_dnb_mem006" xlink:to="label_dnb_mem006_2" />
    <link:loc xlink:type="locator" xlink:href="mem.xsd#dnb_mem007" xlink:label="loc_dnb_mem007" />
    <link:label xlink:type="resource" xlink:label="label_dnb_mem007" xml:lang="nl" xlink:role="http://www.xbrl.org/2003/role/label">Overige landen</link:label>
    <link:labelArc xlink:type="arc" xlink:arcrole="http://www.xbrl.org/2003/arcrole/concept-label" xlink:from="loc_dnb_mem007" xlink:to="label_dnb_mem007" />
    <link:label xlink:type="resource" xlink:label="label_dnb_mem007_2" xml:lang="nl" xlink:role="http://www.xbrl.org/2003/role/documentation">Overige landen</link:label>
    <link:labelArc xlink:type="arc" xlink:arcrole="http://www.xbrl.org/2003/arcrole/concept-label" xlink:from="loc_dnb_mem007" xlink:to="label_dnb_mem007_2" />
    <link:loc xlink:type="locator" xlink:href="mem.xsd#dnb_mem008" xlink:label="loc_dnb_mem008" />
    <link:label xlink:type="resource" xlink:label="label_dnb_mem008" xml:lang="nl" xlink:role="http://www.xbrl.org/2003/role/label">Overig</link:label>
    <link:labelArc xlink:type="arc" xlink:arcrole="http://www.xbrl.org/2003/arcrole/concept-label" xlink:from="loc_dnb_mem008" xlink:to="label_dnb_mem008" />
    <link:label xlink:type="resource" xlink:label="label_dnb_mem008_2" xml:lang="nl" xlink:role="http://www.xbrl.org/2003/role/documentation">Overig</link:label>
    <link:labelArc xlink:type="arc" xlink:arcrole="http://www.xbrl.org/2003/arcrole/concept-label" xlink:from="loc_dnb_mem008" xlink:to="label_dnb_mem008_2" />
    <link:loc xlink:type="locator" xlink:href="mem.xsd#dnb_mem009" xlink:label="loc_dnb_mem009" />
    <link:label xlink:type="resource" xlink:label="label_dnb_mem009" xml:lang="nl" xlink:role="http://www.xbrl.org/2003/role/label">België</link:label>
    <link:labelArc xlink:type="arc" xlink:arcrole="http://www.xbrl.org/2003/arcrole/concept-label" xlink:from="loc_dnb_mem009" xlink:to="label_dnb_mem009" />
    <link:label xlink:type="resource" xlink:label="label_dnb_mem009_2" xml:lang="nl" xlink:role="http://www.xbrl.org/2003/role/documentation">België</link:label>
    <link:labelArc xlink:type="arc" xlink:arcrole="http://www.xbrl.org/2003/arcrole/concept-label" xlink:from="loc_dnb_mem009" xlink:to="label_dnb_mem009_2" />
    <link:loc xlink:type="locator" xlink:href="mem.xsd#dnb_mem010" xlink:label="loc_dnb_mem010" />
    <link:label xlink:type="resource" xlink:label="label_dnb_mem010" xml:lang="nl" xlink:role="http://www.xbrl.org/2003/role/label">Cyprus</link:label>
    <link:labelArc xlink:type="arc" xlink:arcrole="http://www.xbrl.org/2003/arcrole/concept-label" xlink:from="loc_dnb_mem010" xlink:to="label_dnb_mem010" />
    <link:label xlink:type="resource" xlink:label="label_dnb_mem010_2" xml:lang="nl" xlink:role="http://www.xbrl.org/2003/role/documentation">Cyprus</link:label>
    <link:labelArc xlink:type="arc" xlink:arcrole="http://www.xbrl.org/2003/arcrole/concept-label" xlink:from="loc_dnb_mem010" xlink:to="label_dnb_mem010_2" />
    <link:loc xlink:type="locator" xlink:href="mem.xsd#dnb_mem011" xlink:label="loc_dnb_mem011" />
    <link:label xlink:type="resource" xlink:label="label_dnb_mem011" xml:lang="nl" xlink:role="http://www.xbrl.org/2003/role/label">Duitsland</link:label>
    <link:labelArc xlink:type="arc" xlink:arcrole="http://www.xbrl.org/2003/arcrole/concept-label" xlink:from="loc_dnb_mem011" xlink:to="label_dnb_mem011" />
    <link:label xlink:type="resource" xlink:label="label_dnb_mem011_2" xml:lang="nl" xlink:role="http://www.xbrl.org/2003/role/documentation">Duitsland</link:label>
    <link:labelArc xlink:type="arc" xlink:arcrole="http://www.xbrl.org/2003/arcrole/concept-label" xlink:from="loc_dnb_mem011" xlink:to="label_dnb_mem011_2" />
    <link:loc xlink:type="locator" xlink:href="mem.xsd#dnb_mem012" xlink:label="loc_dnb_mem012" />
    <link:label xlink:type="resource" xlink:label="label_dnb_mem012" xml:lang="nl" xlink:role="http://www.xbrl.org/2003/role/label">Estland</link:label>
    <link:labelArc xlink:type="arc" xlink:arcrole="http://www.xbrl.org/2003/arcrole/concept-label" xlink:from="loc_dnb_mem012" xlink:to="label_dnb_mem012" />
    <link:label xlink:type="resource" xlink:label="label_dnb_mem012_2" xml:lang="nl" xlink:role="http://www.xbrl.org/2003/role/documentation">Estland</link:label>
    <link:labelArc xlink:type="arc" xlink:arcrole="http://www.xbrl.org/2003/arcrole/concept-label" xlink:from="loc_dnb_mem012" xlink:to="label_dnb_mem012_2" />
    <link:loc xlink:type="locator" xlink:href="mem.xsd#dnb_mem013" xlink:label="loc_dnb_mem013" />
    <link:label xlink:type="resource" xlink:label="label_dnb_mem013" xml:lang="nl" xlink:role="http://www.xbrl.org/2003/role/label">Finland</link:label>
    <link:labelArc xlink:type="arc" xlink:arcrole="http://www.xbrl.org/2003/arcrole/concept-label" xlink:from="loc_dnb_mem013" xlink:to="label_dnb_mem013" />
    <link:label xlink:type="resource" xlink:label="label_dnb_mem013_2" xml:lang="nl" xlink:role="http://www.xbrl.org/2003/role/documentation">Finland</link:label>
    <link:labelArc xlink:type="arc" xlink:arcrole="http://www.xbrl.org/2003/arcrole/concept-label" xlink:from="loc_dnb_mem013" xlink:to="label_dnb_mem013_2" />
    <link:loc xlink:type="locator" xlink:href="mem.xsd#dnb_mem014" xlink:label="loc_dnb_mem014" />
    <link:label xlink:type="resource" xlink:label="label_dnb_mem014" xml:lang="nl" xlink:role="http://www.xbrl.org/2003/role/label">Frankrijk</link:label>
    <link:labelArc xlink:type="arc" xlink:arcrole="http://www.xbrl.org/2003/arcrole/concept-label" xlink:from="loc_dnb_mem014" xlink:to="label_dnb_mem014" />
    <link:label xlink:type="resource" xlink:label="label_dnb_mem014_2" xml:lang="nl" xlink:role="http://www.xbrl.org/2003/role/documentation">Frankrijk</link:label>
    <link:labelArc xlink:type="arc" xlink:arcrole="http://www.xbrl.org/2003/arcrole/concept-label" xlink:from="loc_dnb_mem014" xlink:to="label_dnb_mem014_2" />
    <link:loc xlink:type="locator" xlink:href="mem.xsd#dnb_mem015" xlink:label="loc_dnb_mem015" />
    <link:label xlink:type="resource" xlink:label="label_dnb_mem015" xml:lang="nl" xlink:role="http://www.xbrl.org/2003/role/label">Griekenland</link:label>
    <link:labelArc xlink:type="arc" xlink:arcrole="http://www.xbrl.org/2003/arcrole/concept-label" xlink:from="loc_dnb_mem015" xlink:to="label_dnb_mem015" />
    <link:label xlink:type="resource" xlink:label="label_dnb_mem015_2" xml:lang="nl" xlink:role="http://www.xbrl.org/2003/role/documentation">Griekenland</link:label>
    <link:labelArc xlink:type="arc" xlink:arcrole="http://www.xbrl.org/2003/arcrole/concept-label" xlink:from="loc_dnb_mem015" xlink:to="label_dnb_mem015_2" />
    <link:loc xlink:type="locator" xlink:href="mem.xsd#dnb_mem016" xlink:label="loc_dnb_mem016" />
    <link:label xlink:type="resource" xlink:label="label_dnb_mem016" xml:lang="nl" xlink:role="http://www.xbrl.org/2003/role/label">Ierland</link:label>
    <link:labelArc xlink:type="arc" xlink:arcrole="http://www.xbrl.org/2003/arcrole/concept-label" xlink:from="loc_dnb_mem016" xlink:to="label_dnb_mem016" />
    <link:label xlink:type="resource" xlink:label="label_dnb_mem016_2" xml:lang="nl" xlink:role="http://www.xbrl.org/2003/role/documentation">Ierland</link:label>
    <link:labelArc xlink:type="arc" xlink:arcrole="http://www.xbrl.org/2003/arcrole/concept-label" xlink:from="loc_dnb_mem016" xlink:to="label_dnb_mem016_2" />
    <link:loc xlink:type="locator" xlink:href="mem.xsd#dnb_mem017" xlink:label="loc_dnb_mem017" />
    <link:label xlink:type="resource" xlink:label="label_dnb_mem017" xml:lang="nl" xlink:role="http://www.xbrl.org/2003/role/label">Italië</link:label>
    <link:labelArc xlink:type="arc" xlink:arcrole="http://www.xbrl.org/2003/arcrole/concept-label" xlink:from="loc_dnb_mem017" xlink:to="label_dnb_mem017" />
    <link:label xlink:type="resource" xlink:label="label_dnb_mem017_2" xml:lang="nl" xlink:role="http://www.xbrl.org/2003/role/documentation">Italië</link:label>
    <link:labelArc xlink:type="arc" xlink:arcrole="http://www.xbrl.org/2003/arcrole/concept-label" xlink:from="loc_dnb_mem017" xlink:to="label_dnb_mem017_2" />
    <link:loc xlink:type="locator" xlink:href="mem.xsd#dnb_mem018" xlink:label="loc_dnb_mem018" />
    <link:label xlink:type="resource" xlink:label="label_dnb_mem018" xml:lang="nl" xlink:role="http://www.xbrl.org/2003/role/label">Letland</link:label>
    <link:labelArc xlink:type="arc" xlink:arcrole="http://www.xbrl.org/2003/arcrole/concept-label" xlink:from="loc_dnb_mem018" xlink:to="label_dnb_mem018" />
    <link:label xlink:type="resource" xlink:label="label_dnb_mem018_2" xml:lang="nl" xlink:role="http://www.xbrl.org/2003/role/documentation">Letland</link:label>
    <link:labelArc xlink:type="arc" xlink:arcrole="http://www.xbrl.org/2003/arcrole/concept-label" xlink:from="loc_dnb_mem018" xlink:to="label_dnb_mem018_2" />
    <link:loc xlink:type="locator" xlink:href="mem.xsd#dnb_mem019" xlink:label="loc_dnb_mem019" />
    <link:label xlink:type="resource" xlink:label="label_dnb_mem019" xml:lang="nl" xlink:role="http://www.xbrl.org/2003/role/label">Litouwen</link:label>
    <link:labelArc xlink:type="arc" xlink:arcrole="http://www.xbrl.org/2003/arcrole/concept-label" xlink:from="loc_dnb_mem019" xlink:to="label_dnb_mem019" />
    <link:label xlink:type="resource" xlink:label="label_dnb_mem019_2" xml:lang="nl" xlink:role="http://www.xbrl.org/2003/role/documentation">Litouwen</link:label>
    <link:labelArc xlink:type="arc" xlink:arcrole="http://www.xbrl.org/2003/arcrole/concept-label" xlink:from="loc_dnb_mem019" xlink:to="label_dnb_mem019_2" />
    <link:loc xlink:type="locator" xlink:href="mem.xsd#dnb_mem020" xlink:label="loc_dnb_mem020" />
    <link:label xlink:type="resource" xlink:label="label_dnb_mem020" xml:lang="nl" xlink:role="http://www.xbrl.org/2003/role/label">Luxemburg</link:label>
    <link:labelArc xlink:type="arc" xlink:arcrole="http://www.xbrl.org/2003/arcrole/concept-label" xlink:from="loc_dnb_mem020" xlink:to="label_dnb_mem020" />
    <link:label xlink:type="resource" xlink:label="label_dnb_mem020_2" xml:lang="nl" xlink:role="http://www.xbrl.org/2003/role/documentation">Luxemburg</link:label>
    <link:labelArc xlink:type="arc" xlink:arcrole="http://www.xbrl.org/2003/arcrole/concept-label" xlink:from="loc_dnb_mem020" xlink:to="label_dnb_mem020_2" />
    <link:loc xlink:type="locator" xlink:href="mem.xsd#dnb_mem021" xlink:label="loc_dnb_mem021" />
    <link:label xlink:type="resource" xlink:label="label_dnb_mem021" xml:lang="nl" xlink:role="http://www.xbrl.org/2003/role/label">Malta</link:label>
    <link:labelArc xlink:type="arc" xlink:arcrole="http://www.xbrl.org/2003/arcrole/concept-label" xlink:from="loc_dnb_mem021" xlink:to="label_dnb_mem021" />
    <link:label xlink:type="resource" xlink:label="label_dnb_mem021_2" xml:lang="nl" xlink:role="http://www.xbrl.org/2003/role/documentation">Malta</link:label>
    <link:labelArc xlink:type="arc" xlink:arcrole="http://www.xbrl.org/2003/arcrole/concept-label" xlink:from="loc_dnb_mem021" xlink:to="label_dnb_mem021_2" />
    <link:loc xlink:type="locator" xlink:href="mem.xsd#dnb_mem022" xlink:label="loc_dnb_mem022" />
    <link:label xlink:type="resource" xlink:label="label_dnb_mem022" xml:lang="nl" xlink:role="http://www.xbrl.org/2003/role/label">Nederland</link:label>
    <link:labelArc xlink:type="arc" xlink:arcrole="http://www.xbrl.org/2003/arcrole/concept-label" xlink:from="loc_dnb_mem022" xlink:to="label_dnb_mem022" />
    <link:label xlink:type="resource" xlink:label="label_dnb_mem022_2" xml:lang="nl" xlink:role="http://www.xbrl.org/2003/role/documentation">Nederland</link:label>
    <link:labelArc xlink:type="arc" xlink:arcrole="http://www.xbrl.org/2003/arcrole/concept-label" xlink:from="loc_dnb_mem022" xlink:to="label_dnb_mem022_2" />
    <link:loc xlink:type="locator" xlink:href="mem.xsd#dnb_mem023" xlink:label="loc_dnb_mem023" />
    <link:label xlink:type="resource" xlink:label="label_dnb_mem023" xml:lang="nl" xlink:role="http://www.xbrl.org/2003/role/label">Oostenrijk</link:label>
    <link:labelArc xlink:type="arc" xlink:arcrole="http://www.xbrl.org/2003/arcrole/concept-label" xlink:from="loc_dnb_mem023" xlink:to="label_dnb_mem023" />
    <link:label xlink:type="resource" xlink:label="label_dnb_mem023_2" xml:lang="nl" xlink:role="http://www.xbrl.org/2003/role/documentation">Oostenrijk</link:label>
    <link:labelArc xlink:type="arc" xlink:arcrole="http://www.xbrl.org/2003/arcrole/concept-label" xlink:from="loc_dnb_mem023" xlink:to="label_dnb_mem023_2" />
    <link:loc xlink:type="locator" xlink:href="mem.xsd#dnb_mem024" xlink:label="loc_dnb_mem024" />
    <link:label xlink:type="resource" xlink:label="label_dnb_mem024" xml:lang="nl" xlink:role="http://www.xbrl.org/2003/role/label">Portugal</link:label>
    <link:labelArc xlink:type="arc" xlink:arcrole="http://www.xbrl.org/2003/arcrole/concept-label" xlink:from="loc_dnb_mem024" xlink:to="label_dnb_mem024" />
    <link:label xlink:type="resource" xlink:label="label_dnb_mem024_2" xml:lang="nl" xlink:role="http://www.xbrl.org/2003/role/documentation">Portugal</link:label>
    <link:labelArc xlink:type="arc" xlink:arcrole="http://www.xbrl.org/2003/arcrole/concept-label" xlink:from="loc_dnb_mem024" xlink:to="label_dnb_mem024_2" />
    <link:loc xlink:type="locator" xlink:href="mem.xsd#dnb_mem025" xlink:label="loc_dnb_mem025" />
    <link:label xlink:type="resource" xlink:label="label_dnb_mem025" xml:lang="nl" xlink:role="http://www.xbrl.org/2003/role/label">Slovenië</link:label>
    <link:labelArc xlink:type="arc" xlink:arcrole="http://www.xbrl.org/2003/arcrole/concept-label" xlink:from="loc_dnb_mem025" xlink:to="label_dnb_mem025" />
    <link:label xlink:type="resource" xlink:label="label_dnb_mem025_2" xml:lang="nl" xlink:role="http://www.xbrl.org/2003/role/documentation">Slovenië</link:label>
    <link:labelArc xlink:type="arc" xlink:arcrole="http://www.xbrl.org/2003/arcrole/concept-label" xlink:from="loc_dnb_mem025" xlink:to="label_dnb_mem025_2" />
    <link:loc xlink:type="locator" xlink:href="mem.xsd#dnb_mem026" xlink:label="loc_dnb_mem026" />
    <link:label xlink:type="resource" xlink:label="label_dnb_mem026" xml:lang="nl" xlink:role="http://www.xbrl.org/2003/role/label">Slowakije</link:label>
    <link:labelArc xlink:type="arc" xlink:arcrole="http://www.xbrl.org/2003/arcrole/concept-label" xlink:from="loc_dnb_mem026" xlink:to="label_dnb_mem026" />
    <link:label xlink:type="resource" xlink:label="label_dnb_mem026_2" xml:lang="nl" xlink:role="http://www.xbrl.org/2003/role/documentation">Slowakije</link:label>
    <link:labelArc xlink:type="arc" xlink:arcrole="http://www.xbrl.org/2003/arcrole/concept-label" xlink:from="loc_dnb_mem026" xlink:to="label_dnb_mem026_2" />
    <link:loc xlink:type="locator" xlink:href="mem.xsd#dnb_mem027" xlink:label="loc_dnb_mem027" />
    <link:label xlink:type="resource" xlink:label="label_dnb_mem027" xml:lang="nl" xlink:role="http://www.xbrl.org/2003/role/label">Spanje</link:label>
    <link:labelArc xlink:type="arc" xlink:arcrole="http://www.xbrl.org/2003/arcrole/concept-label" xlink:from="loc_dnb_mem027" xlink:to="label_dnb_mem027" />
    <link:label xlink:type="resource" xlink:label="label_dnb_mem027_2" xml:lang="nl" xlink:role="http://www.xbrl.org/2003/role/documentation">Spanje</link:label>
    <link:labelArc xlink:type="arc" xlink:arcrole="http://www.xbrl.org/2003/arcrole/concept-label" xlink:from="loc_dnb_mem027" xlink:to="label_dnb_mem027_2" />
    <link:loc xlink:type="locator" xlink:href="mem.xsd#dnb_mem028" xlink:label="loc_dnb_mem028" />
    <link:label xlink:type="resource" xlink:label="label_dnb_mem028" xml:lang="nl" xlink:role="http://www.xbrl.org/2003/role/label">EU-instellingen incl. ECB</link:label>
    <link:labelArc xlink:type="arc" xlink:arcrole="http://www.xbrl.org/2003/arcrole/concept-label" xlink:from="loc_dnb_mem028" xlink:to="label_dnb_mem028" />
    <link:label xlink:type="resource" xlink:label="label_dnb_mem028_2" xml:lang="nl" xlink:role="http://www.xbrl.org/2003/role/documentation">EU-instellingen incl. ECB</link:label>
    <link:labelArc xlink:type="arc" xlink:arcrole="http://www.xbrl.org/2003/arcrole/concept-label" xlink:from="loc_dnb_mem028" xlink:to="label_dnb_mem028_2" />
    <link:loc xlink:type="locator" xlink:href="mem.xsd#dnb_mem029" xlink:label="loc_dnb_mem029" />
    <link:label xlink:type="resource" xlink:label="label_dnb_mem029" xml:lang="nl" xlink:role="http://www.xbrl.org/2003/role/label">Bulgarije</link:label>
    <link:labelArc xlink:type="arc" xlink:arcrole="http://www.xbrl.org/2003/arcrole/concept-label" xlink:from="loc_dnb_mem029" xlink:to="label_dnb_mem029" />
    <link:label xlink:type="resource" xlink:label="label_dnb_mem029_2" xml:lang="nl" xlink:role="http://www.xbrl.org/2003/role/documentation">Bulgarije</link:label>
    <link:labelArc xlink:type="arc" xlink:arcrole="http://www.xbrl.org/2003/arcrole/concept-label" xlink:from="loc_dnb_mem029" xlink:to="label_dnb_mem029_2" />
    <link:loc xlink:type="locator" xlink:href="mem.xsd#dnb_mem030" xlink:label="loc_dnb_mem030" />
    <link:label xlink:type="resource" xlink:label="label_dnb_mem030" xml:lang="nl" xlink:role="http://www.xbrl.org/2003/role/label">Denemarken</link:label>
    <link:labelArc xlink:type="arc" xlink:arcrole="http://www.xbrl.org/2003/arcrole/concept-label" xlink:from="loc_dnb_mem030" xlink:to="label_dnb_mem030" />
    <link:label xlink:type="resource" xlink:label="label_dnb_mem030_2" xml:lang="nl" xlink:role="http://www.xbrl.org/2003/role/documentation">Denemarken</link:label>
    <link:labelArc xlink:type="arc" xlink:arcrole="http://www.xbrl.org/2003/arcrole/concept-label" xlink:from="loc_dnb_mem030" xlink:to="label_dnb_mem030_2" />
    <link:loc xlink:type="locator" xlink:href="mem.xsd#dnb_mem031" xlink:label="loc_dnb_mem031" />
    <link:label xlink:type="resource" xlink:label="label_dnb_mem031" xml:lang="nl" xlink:role="http://www.xbrl.org/2003/role/label">Hongarije</link:label>
    <link:labelArc xlink:type="arc" xlink:arcrole="http://www.xbrl.org/2003/arcrole/concept-label" xlink:from="loc_dnb_mem031" xlink:to="label_dnb_mem031" />
    <link:label xlink:type="resource" xlink:label="label_dnb_mem031_2" xml:lang="nl" xlink:role="http://www.xbrl.org/2003/role/documentation">Hongarije</link:label>
    <link:labelArc xlink:type="arc" xlink:arcrole="http://www.xbrl.org/2003/arcrole/concept-label" xlink:from="loc_dnb_mem031" xlink:to="label_dnb_mem031_2" />
    <link:loc xlink:type="locator" xlink:href="mem.xsd#dnb_mem032" xlink:label="loc_dnb_mem032" />
    <link:label xlink:type="resource" xlink:label="label_dnb_mem032" xml:lang="nl" xlink:role="http://www.xbrl.org/2003/role/label">Kroatië</link:label>
    <link:labelArc xlink:type="arc" xlink:arcrole="http://www.xbrl.org/2003/arcrole/concept-label" xlink:from="loc_dnb_mem032" xlink:to="label_dnb_mem032" />
    <link:label xlink:type="resource" xlink:label="label_dnb_mem032_2" xml:lang="nl" xlink:role="http://www.xbrl.org/2003/role/documentation">Kroatië</link:label>
    <link:labelArc xlink:type="arc" xlink:arcrole="http://www.xbrl.org/2003/arcrole/concept-label" xlink:from="loc_dnb_mem032" xlink:to="label_dnb_mem032_2" />
    <link:loc xlink:type="locator" xlink:href="mem.xsd#dnb_mem033" xlink:label="loc_dnb_mem033" />
    <link:label xlink:type="resource" xlink:label="label_dnb_mem033" xml:lang="nl" xlink:role="http://www.xbrl.org/2003/role/label">Polen</link:label>
    <link:labelArc xlink:type="arc" xlink:arcrole="http://www.xbrl.org/2003/arcrole/concept-label" xlink:from="loc_dnb_mem033" xlink:to="label_dnb_mem033" />
    <link:label xlink:type="resource" xlink:label="label_dnb_mem033_2" xml:lang="nl" xlink:role="http://www.xbrl.org/2003/role/documentation">Polen</link:label>
    <link:labelArc xlink:type="arc" xlink:arcrole="http://www.xbrl.org/2003/arcrole/concept-label" xlink:from="loc_dnb_mem033" xlink:to="label_dnb_mem033_2" />
    <link:loc xlink:type="locator" xlink:href="mem.xsd#dnb_mem034" xlink:label="loc_dnb_mem034" />
    <link:label xlink:type="resource" xlink:label="label_dnb_mem034" xml:lang="nl" xlink:role="http://www.xbrl.org/2003/role/label">Roemenië</link:label>
    <link:labelArc xlink:type="arc" xlink:arcrole="http://www.xbrl.org/2003/arcrole/concept-label" xlink:from="loc_dnb_mem034" xlink:to="label_dnb_mem034" />
    <link:label xlink:type="resource" xlink:label="label_dnb_mem034_2" xml:lang="nl" xlink:role="http://www.xbrl.org/2003/role/documentation">Roemenië</link:label>
    <link:labelArc xlink:type="arc" xlink:arcrole="http://www.xbrl.org/2003/arcrole/concept-label" xlink:from="loc_dnb_mem034" xlink:to="label_dnb_mem034_2" />
    <link:loc xlink:type="locator" xlink:href="mem.xsd#dnb_mem035" xlink:label="loc_dnb_mem035" />
    <link:label xlink:type="resource" xlink:label="label_dnb_mem035" xml:lang="nl" xlink:role="http://www.xbrl.org/2003/role/label">Tsjechië</link:label>
    <link:labelArc xlink:type="arc" xlink:arcrole="http://www.xbrl.org/2003/arcrole/concept-label" xlink:from="loc_dnb_mem035" xlink:to="label_dnb_mem035" />
    <link:label xlink:type="resource" xlink:label="label_dnb_mem035_2" xml:lang="nl" xlink:role="http://www.xbrl.org/2003/role/documentation">Tsjechië</link:label>
    <link:labelArc xlink:type="arc" xlink:arcrole="http://www.xbrl.org/2003/arcrole/concept-label" xlink:from="loc_dnb_mem035" xlink:to="label_dnb_mem035_2" />
    <link:loc xlink:type="locator" xlink:href="mem.xsd#dnb_mem036" xlink:label="loc_dnb_mem036" />
    <link:label xlink:type="resource" xlink:label="label_dnb_mem036" xml:lang="nl" xlink:role="http://www.xbrl.org/2003/role/label">Verenigd Koninkrijk</link:label>
    <link:labelArc xlink:type="arc" xlink:arcrole="http://www.xbrl.org/2003/arcrole/concept-label" xlink:from="loc_dnb_mem036" xlink:to="label_dnb_mem036" />
    <link:label xlink:type="resource" xlink:label="label_dnb_mem036_2" xml:lang="nl" xlink:role="http://www.xbrl.org/2003/role/documentation">Verenigd Koninkrijk</link:label>
    <link:labelArc xlink:type="arc" xlink:arcrole="http://www.xbrl.org/2003/arcrole/concept-label" xlink:from="loc_dnb_mem036" xlink:to="label_dnb_mem036_2" />
    <link:loc xlink:type="locator" xlink:href="mem.xsd#dnb_mem037" xlink:label="loc_dnb_mem037" />
    <link:label xlink:type="resource" xlink:label="label_dnb_mem037" xml:lang="nl" xlink:role="http://www.xbrl.org/2003/role/label">Zweden</link:label>
    <link:labelArc xlink:type="arc" xlink:arcrole="http://www.xbrl.org/2003/arcrole/concept-label" xlink:from="loc_dnb_mem037" xlink:to="label_dnb_mem037" />
    <link:label xlink:type="resource" xlink:label="label_dnb_mem037_2" xml:lang="nl" xlink:role="http://www.xbrl.org/2003/role/documentation">Zweden</link:label>
    <link:labelArc xlink:type="arc" xlink:arcrole="http://www.xbrl.org/2003/arcrole/concept-label" xlink:from="loc_dnb_mem037" xlink:to="label_dnb_mem037_2" />
    <link:loc xlink:type="locator" xlink:href="mem.xsd#dnb_mem038" xlink:label="loc_dnb_mem038" />
    <link:label xlink:type="resource" xlink:label="label_dnb_mem038" xml:lang="nl" xlink:role="http://www.xbrl.org/2003/role/label">Noorwegen</link:label>
    <link:labelArc xlink:type="arc" xlink:arcrole="http://www.xbrl.org/2003/arcrole/concept-label" xlink:from="loc_dnb_mem038" xlink:to="label_dnb_mem038" />
    <link:label xlink:type="resource" xlink:label="label_dnb_mem038_2" xml:lang="nl" xlink:role="http://www.xbrl.org/2003/role/documentation">Noorwegen</link:label>
    <link:labelArc xlink:type="arc" xlink:arcrole="http://www.xbrl.org/2003/arcrole/concept-label" xlink:from="loc_dnb_mem038" xlink:to="label_dnb_mem038_2" />
    <link:loc xlink:type="locator" xlink:href="mem.xsd#dnb_mem039" xlink:label="loc_dnb_mem039" />
    <link:label xlink:type="resource" xlink:label="label_dnb_mem039" xml:lang="nl" xlink:role="http://www.xbrl.org/2003/role/label">IJsland</link:label>
    <link:labelArc xlink:type="arc" xlink:arcrole="http://www.xbrl.org/2003/arcrole/concept-label" xlink:from="loc_dnb_mem039" xlink:to="label_dnb_mem039" />
    <link:label xlink:type="resource" xlink:label="label_dnb_mem039_2" xml:lang="nl" xlink:role="http://www.xbrl.org/2003/role/documentation">IJsland</link:label>
    <link:labelArc xlink:type="arc" xlink:arcrole="http://www.xbrl.org/2003/arcrole/concept-label" xlink:from="loc_dnb_mem039" xlink:to="label_dnb_mem039_2" />
    <link:loc xlink:type="locator" xlink:href="mem.xsd#dnb_mem040" xlink:label="loc_dnb_mem040" />
    <link:label xlink:type="resource" xlink:label="label_dnb_mem040" xml:lang="nl" xlink:role="http://www.xbrl.org/2003/role/label">Zwitserland</link:label>
    <link:labelArc xlink:type="arc" xlink:arcrole="http://www.xbrl.org/2003/arcrole/concept-label" xlink:from="loc_dnb_mem040" xlink:to="label_dnb_mem040" />
    <link:label xlink:type="resource" xlink:label="label_dnb_mem040_2" xml:lang="nl" xlink:role="http://www.xbrl.org/2003/role/documentation">Zwitserland</link:label>
    <link:labelArc xlink:type="arc" xlink:arcrole="http://www.xbrl.org/2003/arcrole/concept-label" xlink:from="loc_dnb_mem040" xlink:to="label_dnb_mem040_2" />
    <link:loc xlink:type="locator" xlink:href="mem.xsd#dnb_mem041" xlink:label="loc_dnb_mem041" />
    <link:label xlink:type="resource" xlink:label="label_dnb_mem041" xml:lang="nl" xlink:role="http://www.xbrl.org/2003/role/label">Overige landen Europa</link:label>
    <link:labelArc xlink:type="arc" xlink:arcrole="http://www.xbrl.org/2003/arcrole/concept-label" xlink:from="loc_dnb_mem041" xlink:to="label_dnb_mem041" />
    <link:label xlink:type="resource" xlink:label="label_dnb_mem041_2" xml:lang="nl" xlink:role="http://www.xbrl.org/2003/role/documentation">Overige landen Europa</link:label>
    <link:labelArc xlink:type="arc" xlink:arcrole="http://www.xbrl.org/2003/arcrole/concept-label" xlink:from="loc_dnb_mem041" xlink:to="label_dnb_mem041_2" />
    <link:loc xlink:type="locator" xlink:href="mem.xsd#dnb_mem042" xlink:label="loc_dnb_mem042" />
    <link:label xlink:type="resource" xlink:label="label_dnb_mem042" xml:lang="nl" xlink:role="http://www.xbrl.org/2003/role/label">Verenigde Staten</link:label>
    <link:labelArc xlink:type="arc" xlink:arcrole="http://www.xbrl.org/2003/arcrole/concept-label" xlink:from="loc_dnb_mem042" xlink:to="label_dnb_mem042" />
    <link:label xlink:type="resource" xlink:label="label_dnb_mem042_2" xml:lang="nl" xlink:role="http://www.xbrl.org/2003/role/documentation">Verenigde Staten</link:label>
    <link:labelArc xlink:type="arc" xlink:arcrole="http://www.xbrl.org/2003/arcrole/concept-label" xlink:from="loc_dnb_mem042" xlink:to="label_dnb_mem042_2" />
    <link:loc xlink:type="locator" xlink:href="mem.xsd#dnb_mem043" xlink:label="loc_dnb_mem043" />
    <link:label xlink:type="resource" xlink:label="label_dnb_mem043" xml:lang="nl" xlink:role="http://www.xbrl.org/2003/role/label">Canada</link:label>
    <link:labelArc xlink:type="arc" xlink:arcrole="http://www.xbrl.org/2003/arcrole/concept-label" xlink:from="loc_dnb_mem043" xlink:to="label_dnb_mem043" />
    <link:label xlink:type="resource" xlink:label="label_dnb_mem043_2" xml:lang="nl" xlink:role="http://www.xbrl.org/2003/role/documentation">Canada</link:label>
    <link:labelArc xlink:type="arc" xlink:arcrole="http://www.xbrl.org/2003/arcrole/concept-label" xlink:from="loc_dnb_mem043" xlink:to="label_dnb_mem043_2" />
    <link:loc xlink:type="locator" xlink:href="mem.xsd#dnb_mem044" xlink:label="loc_dnb_mem044" />
    <link:label xlink:type="resource" xlink:label="label_dnb_mem044" xml:lang="nl" xlink:role="http://www.xbrl.org/2003/role/label">Argentinië</link:label>
    <link:labelArc xlink:type="arc" xlink:arcrole="http://www.xbrl.org/2003/arcrole/concept-label" xlink:from="loc_dnb_mem044" xlink:to="label_dnb_mem044" />
    <link:label xlink:type="resource" xlink:label="label_dnb_mem044_2" xml:lang="nl" xlink:role="http://www.xbrl.org/2003/role/documentation">Argentinië</link:label>
    <link:labelArc xlink:type="arc" xlink:arcrole="http://www.xbrl.org/2003/arcrole/concept-label" xlink:from="loc_dnb_mem044" xlink:to="label_dnb_mem044_2" />
    <link:loc xlink:type="locator" xlink:href="mem.xsd#dnb_mem045" xlink:label="loc_dnb_mem045" />
    <link:label xlink:type="resource" xlink:label="label_dnb_mem045" xml:lang="nl" xlink:role="http://www.xbrl.org/2003/role/label">Brazilië</link:label>
    <link:labelArc xlink:type="arc" xlink:arcrole="http://www.xbrl.org/2003/arcrole/concept-label" xlink:from="loc_dnb_mem045" xlink:to="label_dnb_mem045" />
    <link:label xlink:type="resource" xlink:label="label_dnb_mem045_2" xml:lang="nl" xlink:role="http://www.xbrl.org/2003/role/documentation">Brazilië</link:label>
    <link:labelArc xlink:type="arc" xlink:arcrole="http://www.xbrl.org/2003/arcrole/concept-label" xlink:from="loc_dnb_mem045" xlink:to="label_dnb_mem045_2" />
    <link:loc xlink:type="locator" xlink:href="mem.xsd#dnb_mem046" xlink:label="loc_dnb_mem046" />
    <link:label xlink:type="resource" xlink:label="label_dnb_mem046" xml:lang="nl" xlink:role="http://www.xbrl.org/2003/role/label">Mexico</link:label>
    <link:labelArc xlink:type="arc" xlink:arcrole="http://www.xbrl.org/2003/arcrole/concept-label" xlink:from="loc_dnb_mem046" xlink:to="label_dnb_mem046" />
    <link:label xlink:type="resource" xlink:label="label_dnb_mem046_2" xml:lang="nl" xlink:role="http://www.xbrl.org/2003/role/documentation">Mexico</link:label>
    <link:labelArc xlink:type="arc" xlink:arcrole="http://www.xbrl.org/2003/arcrole/concept-label" xlink:from="loc_dnb_mem046" xlink:to="label_dnb_mem046_2" />
    <link:loc xlink:type="locator" xlink:href="mem.xsd#dnb_mem047" xlink:label="loc_dnb_mem047" />
    <link:label xlink:type="resource" xlink:label="label_dnb_mem047" xml:lang="nl" xlink:role="http://www.xbrl.org/2003/role/label">Overig Midden- en Zuid-Amerika</link:label>
    <link:labelArc xlink:type="arc" xlink:arcrole="http://www.xbrl.org/2003/arcrole/concept-label" xlink:from="loc_dnb_mem047" xlink:to="label_dnb_mem047" />
    <link:label xlink:type="resource" xlink:label="label_dnb_mem047_2" xml:lang="nl" xlink:role="http://www.xbrl.org/2003/role/documentation">Overig Midden- en Zuid-Amerika</link:label>
    <link:labelArc xlink:type="arc" xlink:arcrole="http://www.xbrl.org/2003/arcrole/concept-label" xlink:from="loc_dnb_mem047" xlink:to="label_dnb_mem047_2" />
    <link:loc xlink:type="locator" xlink:href="mem.xsd#dnb_mem048" xlink:label="loc_dnb_mem048" />
    <link:label xlink:type="resource" xlink:label="label_dnb_mem048" xml:lang="nl" xlink:role="http://www.xbrl.org/2003/role/label">China</link:label>
    <link:labelArc xlink:type="arc" xlink:arcrole="http://www.xbrl.org/2003/arcrole/concept-label" xlink:from="loc_dnb_mem048" xlink:to="label_dnb_mem048" />
    <link:label xlink:type="resource" xlink:label="label_dnb_mem048_2" xml:lang="nl" xlink:role="http://www.xbrl.org/2003/role/documentation">China</link:label>
    <link:labelArc xlink:type="arc" xlink:arcrole="http://www.xbrl.org/2003/arcrole/concept-label" xlink:from="loc_dnb_mem048" xlink:to="label_dnb_mem048_2" />
    <link:loc xlink:type="locator" xlink:href="mem.xsd#dnb_mem049" xlink:label="loc_dnb_mem049" />
    <link:label xlink:type="resource" xlink:label="label_dnb_mem049" xml:lang="nl" xlink:role="http://www.xbrl.org/2003/role/label">India</link:label>
    <link:labelArc xlink:type="arc" xlink:arcrole="http://www.xbrl.org/2003/arcrole/concept-label" xlink:from="loc_dnb_mem049" xlink:to="label_dnb_mem049" />
    <link:label xlink:type="resource" xlink:label="label_dnb_mem049_2" xml:lang="nl" xlink:role="http://www.xbrl.org/2003/role/documentation">India</link:label>
    <link:labelArc xlink:type="arc" xlink:arcrole="http://www.xbrl.org/2003/arcrole/concept-label" xlink:from="loc_dnb_mem049" xlink:to="label_dnb_mem049_2" />
    <link:loc xlink:type="locator" xlink:href="mem.xsd#dnb_mem050" xlink:label="loc_dnb_mem050" />
    <link:label xlink:type="resource" xlink:label="label_dnb_mem050" xml:lang="nl" xlink:role="http://www.xbrl.org/2003/role/label">Indonesië</link:label>
    <link:labelArc xlink:type="arc" xlink:arcrole="http://www.xbrl.org/2003/arcrole/concept-label" xlink:from="loc_dnb_mem050" xlink:to="label_dnb_mem050" />
    <link:label xlink:type="resource" xlink:label="label_dnb_mem050_2" xml:lang="nl" xlink:role="http://www.xbrl.org/2003/role/documentation">Indonesië</link:label>
    <link:labelArc xlink:type="arc" xlink:arcrole="http://www.xbrl.org/2003/arcrole/concept-label" xlink:from="loc_dnb_mem050" xlink:to="label_dnb_mem050_2" />
    <link:loc xlink:type="locator" xlink:href="mem.xsd#dnb_mem051" xlink:label="loc_dnb_mem051" />
    <link:label xlink:type="resource" xlink:label="label_dnb_mem051" xml:lang="nl" xlink:role="http://www.xbrl.org/2003/role/label">Japan</link:label>
    <link:labelArc xlink:type="arc" xlink:arcrole="http://www.xbrl.org/2003/arcrole/concept-label" xlink:from="loc_dnb_mem051" xlink:to="label_dnb_mem051" />
    <link:label xlink:type="resource" xlink:label="label_dnb_mem051_2" xml:lang="nl" xlink:role="http://www.xbrl.org/2003/role/documentation">Japan</link:label>
    <link:labelArc xlink:type="arc" xlink:arcrole="http://www.xbrl.org/2003/arcrole/concept-label" xlink:from="loc_dnb_mem051" xlink:to="label_dnb_mem051_2" />
    <link:loc xlink:type="locator" xlink:href="mem.xsd#dnb_mem052" xlink:label="loc_dnb_mem052" />
    <link:label xlink:type="resource" xlink:label="label_dnb_mem052" xml:lang="nl" xlink:role="http://www.xbrl.org/2003/role/label">Rusland</link:label>
    <link:labelArc xlink:type="arc" xlink:arcrole="http://www.xbrl.org/2003/arcrole/concept-label" xlink:from="loc_dnb_mem052" xlink:to="label_dnb_mem052" />
    <link:label xlink:type="resource" xlink:label="label_dnb_mem052_2" xml:lang="nl" xlink:role="http://www.xbrl.org/2003/role/documentation">Rusland</link:label>
    <link:labelArc xlink:type="arc" xlink:arcrole="http://www.xbrl.org/2003/arcrole/concept-label" xlink:from="loc_dnb_mem052" xlink:to="label_dnb_mem052_2" />
    <link:loc xlink:type="locator" xlink:href="mem.xsd#dnb_mem053" xlink:label="loc_dnb_mem053" />
    <link:label xlink:type="resource" xlink:label="label_dnb_mem053" xml:lang="nl" xlink:role="http://www.xbrl.org/2003/role/label">Singapore</link:label>
    <link:labelArc xlink:type="arc" xlink:arcrole="http://www.xbrl.org/2003/arcrole/concept-label" xlink:from="loc_dnb_mem053" xlink:to="label_dnb_mem053" />
    <link:label xlink:type="resource" xlink:label="label_dnb_mem053_2" xml:lang="nl" xlink:role="http://www.xbrl.org/2003/role/documentation">Singapore</link:label>
    <link:labelArc xlink:type="arc" xlink:arcrole="http://www.xbrl.org/2003/arcrole/concept-label" xlink:from="loc_dnb_mem053" xlink:to="label_dnb_mem053_2" />
    <link:loc xlink:type="locator" xlink:href="mem.xsd#dnb_mem054" xlink:label="loc_dnb_mem054" />
    <link:label xlink:type="resource" xlink:label="label_dnb_mem054" xml:lang="nl" xlink:role="http://www.xbrl.org/2003/role/label">Turkije</link:label>
    <link:labelArc xlink:type="arc" xlink:arcrole="http://www.xbrl.org/2003/arcrole/concept-label" xlink:from="loc_dnb_mem054" xlink:to="label_dnb_mem054" />
    <link:label xlink:type="resource" xlink:label="label_dnb_mem054_2" xml:lang="nl" xlink:role="http://www.xbrl.org/2003/role/documentation">Turkije</link:label>
    <link:labelArc xlink:type="arc" xlink:arcrole="http://www.xbrl.org/2003/arcrole/concept-label" xlink:from="loc_dnb_mem054" xlink:to="label_dnb_mem054_2" />
    <link:loc xlink:type="locator" xlink:href="mem.xsd#dnb_mem055" xlink:label="loc_dnb_mem055" />
    <link:label xlink:type="resource" xlink:label="label_dnb_mem055" xml:lang="nl" xlink:role="http://www.xbrl.org/2003/role/label">Taiwan</link:label>
    <link:labelArc xlink:type="arc" xlink:arcrole="http://www.xbrl.org/2003/arcrole/concept-label" xlink:from="loc_dnb_mem055" xlink:to="label_dnb_mem055" />
    <link:label xlink:type="resource" xlink:label="label_dnb_mem055_2" xml:lang="nl" xlink:role="http://www.xbrl.org/2003/role/documentation">Taiwan</link:label>
    <link:labelArc xlink:type="arc" xlink:arcrole="http://www.xbrl.org/2003/arcrole/concept-label" xlink:from="loc_dnb_mem055" xlink:to="label_dnb_mem055_2" />
    <link:loc xlink:type="locator" xlink:href="mem.xsd#dnb_mem056" xlink:label="loc_dnb_mem056" />
    <link:label xlink:type="resource" xlink:label="label_dnb_mem056" xml:lang="nl" xlink:role="http://www.xbrl.org/2003/role/label">Zuid-Korea</link:label>
    <link:labelArc xlink:type="arc" xlink:arcrole="http://www.xbrl.org/2003/arcrole/concept-label" xlink:from="loc_dnb_mem056" xlink:to="label_dnb_mem056" />
    <link:label xlink:type="resource" xlink:label="label_dnb_mem056_2" xml:lang="nl" xlink:role="http://www.xbrl.org/2003/role/documentation">Zuid-Korea</link:label>
    <link:labelArc xlink:type="arc" xlink:arcrole="http://www.xbrl.org/2003/arcrole/concept-label" xlink:from="loc_dnb_mem056" xlink:to="label_dnb_mem056_2" />
    <link:loc xlink:type="locator" xlink:href="mem.xsd#dnb_mem057" xlink:label="loc_dnb_mem057" />
    <link:label xlink:type="resource" xlink:label="label_dnb_mem057" xml:lang="nl" xlink:role="http://www.xbrl.org/2003/role/label">Overig Azië</link:label>
    <link:labelArc xlink:type="arc" xlink:arcrole="http://www.xbrl.org/2003/arcrole/concept-label" xlink:from="loc_dnb_mem057" xlink:to="label_dnb_mem057" />
    <link:label xlink:type="resource" xlink:label="label_dnb_mem057_2" xml:lang="nl" xlink:role="http://www.xbrl.org/2003/role/documentation">Overig Azië</link:label>
    <link:labelArc xlink:type="arc" xlink:arcrole="http://www.xbrl.org/2003/arcrole/concept-label" xlink:from="loc_dnb_mem057" xlink:to="label_dnb_mem057_2" />
    <link:loc xlink:type="locator" xlink:href="mem.xsd#dnb_mem058" xlink:label="loc_dnb_mem058" />
    <link:label xlink:type="resource" xlink:label="label_dnb_mem058" xml:lang="nl" xlink:role="http://www.xbrl.org/2003/role/label">Australië</link:label>
    <link:labelArc xlink:type="arc" xlink:arcrole="http://www.xbrl.org/2003/arcrole/concept-label" xlink:from="loc_dnb_mem058" xlink:to="label_dnb_mem058" />
    <link:label xlink:type="resource" xlink:label="label_dnb_mem058_2" xml:lang="nl" xlink:role="http://www.xbrl.org/2003/role/documentation">Australië</link:label>
    <link:labelArc xlink:type="arc" xlink:arcrole="http://www.xbrl.org/2003/arcrole/concept-label" xlink:from="loc_dnb_mem058" xlink:to="label_dnb_mem058_2" />
    <link:loc xlink:type="locator" xlink:href="mem.xsd#dnb_mem059" xlink:label="loc_dnb_mem059" />
    <link:label xlink:type="resource" xlink:label="label_dnb_mem059" xml:lang="nl" xlink:role="http://www.xbrl.org/2003/role/label">Nieuw-Zeeland</link:label>
    <link:labelArc xlink:type="arc" xlink:arcrole="http://www.xbrl.org/2003/arcrole/concept-label" xlink:from="loc_dnb_mem059" xlink:to="label_dnb_mem059" />
    <link:label xlink:type="resource" xlink:label="label_dnb_mem059_2" xml:lang="nl" xlink:role="http://www.xbrl.org/2003/role/documentation">Nieuw-Zeeland</link:label>
    <link:labelArc xlink:type="arc" xlink:arcrole="http://www.xbrl.org/2003/arcrole/concept-label" xlink:from="loc_dnb_mem059" xlink:to="label_dnb_mem059_2" />
    <link:loc xlink:type="locator" xlink:href="mem.xsd#dnb_mem060" xlink:label="loc_dnb_mem060" />
    <link:label xlink:type="resource" xlink:label="label_dnb_mem060" xml:lang="nl" xlink:role="http://www.xbrl.org/2003/role/label">Zuid-Afrika</link:label>
    <link:labelArc xlink:type="arc" xlink:arcrole="http://www.xbrl.org/2003/arcrole/concept-label" xlink:from="loc_dnb_mem060" xlink:to="label_dnb_mem060" />
    <link:label xlink:type="resource" xlink:label="label_dnb_mem060_2" xml:lang="nl" xlink:role="http://www.xbrl.org/2003/role/documentation">Zuid-Afrika</link:label>
    <link:labelArc xlink:type="arc" xlink:arcrole="http://www.xbrl.org/2003/arcrole/concept-label" xlink:from="loc_dnb_mem060" xlink:to="label_dnb_mem060_2" />
    <link:loc xlink:type="locator" xlink:href="mem.xsd#dnb_mem061" xlink:label="loc_dnb_mem061" />
    <link:label xlink:type="resource" xlink:label="label_dnb_mem061" xml:lang="nl" xlink:role="http://www.xbrl.org/2003/role/label">Afrikaanse landen, exclusief Zuid-Afrika</link:label>
    <link:labelArc xlink:type="arc" xlink:arcrole="http://www.xbrl.org/2003/arcrole/concept-label" xlink:from="loc_dnb_mem061" xlink:to="label_dnb_mem061" />
    <link:label xlink:type="resource" xlink:label="label_dnb_mem061_2" xml:lang="nl" xlink:role="http://www.xbrl.org/2003/role/documentation">Afrikaanse landen, exclusief Zuid-Afrika</link:label>
    <link:labelArc xlink:type="arc" xlink:arcrole="http://www.xbrl.org/2003/arcrole/concept-label" xlink:from="loc_dnb_mem061" xlink:to="label_dnb_mem061_2" />
    <link:loc xlink:type="locator" xlink:href="mem.xsd#dnb_mem062" xlink:label="loc_dnb_mem062" />
    <link:label xlink:type="resource" xlink:label="label_dnb_mem062" xml:lang="nl" xlink:role="http://www.xbrl.org/2003/role/label">Alle resterende overige landen</link:label>
    <link:labelArc xlink:type="arc" xlink:arcrole="http://www.xbrl.org/2003/arcrole/concept-label" xlink:from="loc_dnb_mem062" xlink:to="label_dnb_mem062" />
    <link:label xlink:type="resource" xlink:label="label_dnb_mem062_2" xml:lang="nl" xlink:role="http://www.xbrl.org/2003/role/documentation">Alle resterende overige landen</link:label>
    <link:labelArc xlink:type="arc" xlink:arcrole="http://www.xbrl.org/2003/arcrole/concept-label" xlink:from="loc_dnb_mem062" xlink:to="label_dnb_mem062_2" />
    <link:loc xlink:type="locator" xlink:href="mem.xsd#dnb_mem063" xlink:label="loc_dnb_mem063" />
    <link:label xlink:type="resource" xlink:label="label_dnb_mem063" xml:lang="nl" xlink:role="http://www.xbrl.org/2003/role/label">Supranationale organen</link:label>
    <link:labelArc xlink:type="arc" xlink:arcrole="http://www.xbrl.org/2003/arcrole/concept-label" xlink:from="loc_dnb_mem063" xlink:to="label_dnb_mem063" />
    <link:label xlink:type="resource" xlink:label="label_dnb_mem063_2" xml:lang="nl" xlink:role="http://www.xbrl.org/2003/role/documentation">Supranationale organen</link:label>
    <link:labelArc xlink:type="arc" xlink:arcrole="http://www.xbrl.org/2003/arcrole/concept-label" xlink:from="loc_dnb_mem063" xlink:to="label_dnb_mem063_2" />
    <link:loc xlink:type="locator" xlink:href="mem.xsd#dnb_mem064" xlink:label="loc_dnb_mem064" />
    <link:label xlink:type="resource" xlink:label="label_dnb_mem064" xml:lang="nl" xlink:role="http://www.xbrl.org/2003/role/label">Buitenland</link:label>
    <link:labelArc xlink:type="arc" xlink:arcrole="http://www.xbrl.org/2003/arcrole/concept-label" xlink:from="loc_dnb_mem064" xlink:to="label_dnb_mem064" />
    <link:label xlink:type="resource" xlink:label="label_dnb_mem064_2" xml:lang="nl" xlink:role="http://www.xbrl.org/2003/role/documentation">Buitenland</link:label>
    <link:labelArc xlink:type="arc" xlink:arcrole="http://www.xbrl.org/2003/arcrole/concept-label" xlink:from="loc_dnb_mem064" xlink:to="label_dnb_mem064_2" />
    <link:loc xlink:type="locator" xlink:href="mem.xsd#dnb_mem065" xlink:label="loc_dnb_mem065" />
    <link:label xlink:type="resource" xlink:label="label_dnb_mem065" xml:lang="nl" xlink:role="http://www.xbrl.org/2003/role/label">EU</link:label>
    <link:labelArc xlink:type="arc" xlink:arcrole="http://www.xbrl.org/2003/arcrole/concept-label" xlink:from="loc_dnb_mem065" xlink:to="label_dnb_mem065" />
    <link:label xlink:type="resource" xlink:label="label_dnb_mem065_2" xml:lang="nl" xlink:role="http://www.xbrl.org/2003/role/documentation">EU</link:label>
    <link:labelArc xlink:type="arc" xlink:arcrole="http://www.xbrl.org/2003/arcrole/concept-label" xlink:from="loc_dnb_mem065" xlink:to="label_dnb_mem065_2" />
    <link:loc xlink:type="locator" xlink:href="mem.xsd#dnb_mem066" xlink:label="loc_dnb_mem066" />
    <link:label xlink:type="resource" xlink:label="label_dnb_mem066" xml:lang="nl" xlink:role="http://www.xbrl.org/2003/role/label">Europa niet-EU</link:label>
    <link:labelArc xlink:type="arc" xlink:arcrole="http://www.xbrl.org/2003/arcrole/concept-label" xlink:from="loc_dnb_mem066" xlink:to="label_dnb_mem066" />
    <link:label xlink:type="resource" xlink:label="label_dnb_mem066_2" xml:lang="nl" xlink:role="http://www.xbrl.org/2003/role/documentation">Europa niet-EU</link:label>
    <link:labelArc xlink:type="arc" xlink:arcrole="http://www.xbrl.org/2003/arcrole/concept-label" xlink:from="loc_dnb_mem066" xlink:to="label_dnb_mem066_2" />
    <link:loc xlink:type="locator" xlink:href="mem.xsd#dnb_mem067" xlink:label="loc_dnb_mem067" />
    <link:label xlink:type="resource" xlink:label="label_dnb_mem067" xml:lang="nl" xlink:role="http://www.xbrl.org/2003/role/label">EU-landen exclusief Nederland</link:label>
    <link:labelArc xlink:type="arc" xlink:arcrole="http://www.xbrl.org/2003/arcrole/concept-label" xlink:from="loc_dnb_mem067" xlink:to="label_dnb_mem067" />
    <link:label xlink:type="resource" xlink:label="label_dnb_mem067_2" xml:lang="nl" xlink:role="http://www.xbrl.org/2003/role/documentation">EU-landen exclusief Nederland</link:label>
    <link:labelArc xlink:type="arc" xlink:arcrole="http://www.xbrl.org/2003/arcrole/concept-label" xlink:from="loc_dnb_mem067" xlink:to="label_dnb_mem067_2" />
    <link:loc xlink:type="locator" xlink:href="mem.xsd#dnb_mem068" xlink:label="loc_dnb_mem068" />
    <link:label xlink:type="resource" xlink:label="label_dnb_mem068" xml:lang="nl" xlink:role="http://www.xbrl.org/2003/role/label">VS en Canada</link:label>
    <link:labelArc xlink:type="arc" xlink:arcrole="http://www.xbrl.org/2003/arcrole/concept-label" xlink:from="loc_dnb_mem068" xlink:to="label_dnb_mem068" />
    <link:label xlink:type="resource" xlink:label="label_dnb_mem068_2" xml:lang="nl" xlink:role="http://www.xbrl.org/2003/role/documentation">VS en Canada</link:label>
    <link:labelArc xlink:type="arc" xlink:arcrole="http://www.xbrl.org/2003/arcrole/concept-label" xlink:from="loc_dnb_mem068" xlink:to="label_dnb_mem068_2" />
  </link:labelLink>
</link:linkbase>