<ns0:linkbase xmlns:ns0="http://www.xbrl.org/2003/linkbase" xmlns:ns2="http://www.w3.org/1999/xlink" xmlns:xsi="http://www.w3.org/2001/XMLSchema-instance" xsi:schemaLocation="http://www.xbrl.org/2003/linkbase http://www.xbrl.org/2003/xbrl-linkbase-2003-12-31.xsd">
    <ns0:roleRef roleURI="http://ferc.gov/form/2020-01-01/roles/label/F1GeneralInformation" ns2:href="../../ferc-core-lab-roles_2020-01-01.xsd#F1GeneralInformation" ns2:type="simple" />
    <ns0:roleRef roleURI="http://ferc.gov/form/2020-01-01/roles/Schedule/F1/GeneralInformation" ns2:href="form-1-sched-GeneralInformation_2020-01-01.xsd#roleType_GeneralInformation" ns2:type="simple" />
    <ns0:presentationLink ns2:role="http://ferc.gov/form/2020-01-01/roles/Schedule/F1/GeneralInformation" ns2:type="extended">
        <ns0:loc ns2:href="../../ferc-core_2020-01-01.xsd#ferc_ScheduleGeneralInformationAbstract" ns2:label="ferc_ScheduleGeneralInformationAbstract" ns2:type="locator" />
        <ns0:loc ns2:href="../../ferc-core_2020-01-01.xsd#ferc_GeneralInformationTable" ns2:label="ferc_GeneralInformationTable" ns2:type="locator" />
        <ns0:presentationArc order="1" ns2:arcrole="http://www.xbrl.org/2003/arcrole/parent-child" ns2:from="ferc_ScheduleGeneralInformationAbstract" ns2:to="ferc_GeneralInformationTable" ns2:type="arc" />
        <ns0:loc ns2:href="../../ferc-core_2020-01-01.xsd#ferc_GeneralInformationLineItems" ns2:label="ferc_GeneralInformationLineItems" ns2:type="locator" />
        <ns0:presentationArc order="1" ns2:arcrole="http://www.xbrl.org/2003/arcrole/parent-child" ns2:from="ferc_GeneralInformationTable" ns2:to="ferc_GeneralInformationLineItems" ns2:type="arc" />
        <ns0:loc ns2:href="../../ferc-core_2020-01-01.xsd#ferc_GeneralInformationAboutCustodyOfTheCorporateBooksDescription" ns2:label="ferc_GeneralInformationAboutCustodyOfTheCorporateBooksDescription" ns2:type="locator" />
        <ns0:presentationArc order="1" preferredLabel="http://ferc.gov/form/2020-01-01/roles/label/F1GeneralInformation" ns2:arcrole="http://www.xbrl.org/2003/arcrole/parent-child" ns2:from="ferc_GeneralInformationLineItems" ns2:to="ferc_GeneralInformationAboutCustodyOfTheCorporateBooksDescription" ns2:type="arc" />
        <ns0:loc ns2:href="../../ferc-core_2020-01-01.xsd#ferc_NameOfOfficerWithCustodyOfCorporateBooks" ns2:label="ferc_NameOfOfficerWithCustodyOfCorporateBooks" ns2:type="locator" />
        <ns0:presentationArc order="1" ns2:arcrole="http://www.xbrl.org/2003/arcrole/parent-child" ns2:from="ferc_GeneralInformationAboutCustodyOfTheCorporateBooksDescription" ns2:to="ferc_NameOfOfficerWithCustodyOfCorporateBooks" ns2:type="arc" />
        <ns0:loc ns2:href="../../ferc-core_2020-01-01.xsd#ferc_TitleOfOfficerWithCustodyOfCorporateBooks" ns2:label="ferc_TitleOfOfficerWithCustodyOfCorporateBooks" ns2:type="locator" />
        <ns0:presentationArc order="2" ns2:arcrole="http://www.xbrl.org/2003/arcrole/parent-child" ns2:from="ferc_GeneralInformationAboutCustodyOfTheCorporateBooksDescription" ns2:to="ferc_TitleOfOfficerWithCustodyOfCorporateBooks" ns2:type="arc" />
        <ns0:loc ns2:href="../../ferc-core_2020-01-01.xsd#ferc_AddressWhereCorporateBooksAreKept" ns2:label="ferc_AddressWhereCorporateBooksAreKept" ns2:type="locator" />
        <ns0:presentationArc order="3" ns2:arcrole="http://www.xbrl.org/2003/arcrole/parent-child" ns2:from="ferc_GeneralInformationAboutCustodyOfTheCorporateBooksDescription" ns2:to="ferc_AddressWhereCorporateBooksAreKept" ns2:type="arc" />
        <ns0:loc ns2:href="../../ferc-core_2020-01-01.xsd#ferc_GeneralInformationAboutIncorporationOfTheRespondentDescription" ns2:label="ferc_GeneralInformationAboutIncorporationOfTheRespondentDescription" ns2:type="locator" />
        <ns0:presentationArc order="2" preferredLabel="http://ferc.gov/form/2020-01-01/roles/label/F1GeneralInformation" ns2:arcrole="http://www.xbrl.org/2003/arcrole/parent-child" ns2:from="ferc_GeneralInformationLineItems" ns2:to="ferc_GeneralInformationAboutIncorporationOfTheRespondentDescription" ns2:type="arc" />
        <ns0:loc ns2:href="../../ferc-core_2020-01-01.xsd#ferc_StateOfIncorporation" ns2:label="ferc_StateOfIncorporation" ns2:type="locator" />
        <ns0:presentationArc order="1" ns2:arcrole="http://www.xbrl.org/2003/arcrole/parent-child" ns2:from="ferc_GeneralInformationAboutIncorporationOfTheRespondentDescription" ns2:to="ferc_StateOfIncorporation" ns2:type="arc" />
        <ns0:loc ns2:href="../../ferc-core_2020-01-01.xsd#ferc_IncorporationDate" ns2:label="ferc_IncorporationDate" ns2:type="locator" />
        <ns0:presentationArc order="2" ns2:arcrole="http://www.xbrl.org/2003/arcrole/parent-child" ns2:from="ferc_GeneralInformationAboutIncorporationOfTheRespondentDescription" ns2:to="ferc_IncorporationDate" ns2:type="arc" />
        <ns0:loc ns2:href="../../ferc-core_2020-01-01.xsd#ferc_IncorporatedUnderSpecialLawFlag" ns2:label="ferc_IncorporatedUnderSpecialLawFlag" ns2:type="locator" />
        <ns0:presentationArc order="3" ns2:arcrole="http://www.xbrl.org/2003/arcrole/parent-child" ns2:from="ferc_GeneralInformationAboutIncorporationOfTheRespondentDescription" ns2:to="ferc_IncorporatedUnderSpecialLawFlag" ns2:type="arc" />
        <ns0:loc ns2:href="../../ferc-core_2020-01-01.xsd#ferc_SpecialLawRespondentIncorporatedUnder" ns2:label="ferc_SpecialLawRespondentIncorporatedUnder" ns2:type="locator" />
        <ns0:presentationArc order="4" ns2:arcrole="http://www.xbrl.org/2003/arcrole/parent-child" ns2:from="ferc_GeneralInformationAboutIncorporationOfTheRespondentDescription" ns2:to="ferc_SpecialLawRespondentIncorporatedUnder" ns2:type="arc" />
        <ns0:loc ns2:href="../../ferc-core_2020-01-01.xsd#ferc_IndicatorThatRespondentIsNotIncorporatedFlag" ns2:label="ferc_IndicatorThatRespondentIsNotIncorporatedFlag" ns2:type="locator" />
        <ns0:presentationArc order="5" ns2:arcrole="http://www.xbrl.org/2003/arcrole/parent-child" ns2:from="ferc_GeneralInformationAboutIncorporationOfTheRespondentDescription" ns2:to="ferc_IndicatorThatRespondentIsNotIncorporatedFlag" ns2:type="arc" />
        <ns0:loc ns2:href="../../ferc-core_2020-01-01.xsd#ferc_TypeOfOrganizationIfNotIncorporated" ns2:label="ferc_TypeOfOrganizationIfNotIncorporated" ns2:type="locator" />
        <ns0:presentationArc order="6" ns2:arcrole="http://www.xbrl.org/2003/arcrole/parent-child" ns2:from="ferc_GeneralInformationAboutIncorporationOfTheRespondentDescription" ns2:to="ferc_TypeOfOrganizationIfNotIncorporated" ns2:type="arc" />
        <ns0:loc ns2:href="../../ferc-core_2020-01-01.xsd#ferc_OrganizationDate" ns2:label="ferc_OrganizationDate" ns2:type="locator" />
        <ns0:presentationArc order="7" ns2:arcrole="http://www.xbrl.org/2003/arcrole/parent-child" ns2:from="ferc_GeneralInformationAboutIncorporationOfTheRespondentDescription" ns2:to="ferc_OrganizationDate" ns2:type="arc" />
        <ns0:loc ns2:href="../../ferc-core_2020-01-01.xsd#ferc_GeneralInformationAboutPropertyOfTheRespondentHeldByReceiverOrTrusteeDescription" ns2:label="ferc_GeneralInformationAboutPropertyOfTheRespondentHeldByReceiverOrTrusteeDescription" ns2:type="locator" />
        <ns0:presentationArc order="3" preferredLabel="http://ferc.gov/form/2020-01-01/roles/label/F1GeneralInformation" ns2:arcrole="http://www.xbrl.org/2003/arcrole/parent-child" ns2:from="ferc_GeneralInformationLineItems" ns2:to="ferc_GeneralInformationAboutPropertyOfTheRespondentHeldByReceiverOrTrusteeDescription" ns2:type="arc" />
        <ns0:loc ns2:href="../../ferc-core_2020-01-01.xsd#ferc_NameOfReceiverOrTrusteeHoldingPropertyOfTheRespondent" ns2:label="ferc_NameOfReceiverOrTrusteeHoldingPropertyOfTheRespondent" ns2:type="locator" />
        <ns0:presentationArc order="1" ns2:arcrole="http://www.xbrl.org/2003/arcrole/parent-child" ns2:from="ferc_GeneralInformationAboutPropertyOfTheRespondentHeldByReceiverOrTrusteeDescription" ns2:to="ferc_NameOfReceiverOrTrusteeHoldingPropertyOfTheRespondent" ns2:type="arc" />
        <ns0:loc ns2:href="../../ferc-core_2020-01-01.xsd#ferc_DateReceiverTookPossessionOfRespondentProperty" ns2:label="ferc_DateReceiverTookPossessionOfRespondentProperty" ns2:type="locator" />
        <ns0:presentationArc order="2" ns2:arcrole="http://www.xbrl.org/2003/arcrole/parent-child" ns2:from="ferc_GeneralInformationAboutPropertyOfTheRespondentHeldByReceiverOrTrusteeDescription" ns2:to="ferc_DateReceiverTookPossessionOfRespondentProperty" ns2:type="arc" />
        <ns0:loc ns2:href="../../ferc-core_2020-01-01.xsd#ferc_AuthorityByWhichTheReceivershipOrTrusteeshipWasCreated" ns2:label="ferc_AuthorityByWhichTheReceivershipOrTrusteeshipWasCreated" ns2:type="locator" />
        <ns0:presentationArc order="3" ns2:arcrole="http://www.xbrl.org/2003/arcrole/parent-child" ns2:from="ferc_GeneralInformationAboutPropertyOfTheRespondentHeldByReceiverOrTrusteeDescription" ns2:to="ferc_AuthorityByWhichTheReceivershipOrTrusteeshipWasCreated" ns2:type="arc" />
        <ns0:loc ns2:href="../../ferc-core_2020-01-01.xsd#ferc_DateWhenPossessionByReceiverOrTrusteeCeased" ns2:label="ferc_DateWhenPossessionByReceiverOrTrusteeCeased" ns2:type="locator" />
        <ns0:presentationArc order="4" ns2:arcrole="http://www.xbrl.org/2003/arcrole/parent-child" ns2:from="ferc_GeneralInformationAboutPropertyOfTheRespondentHeldByReceiverOrTrusteeDescription" ns2:to="ferc_DateWhenPossessionByReceiverOrTrusteeCeased" ns2:type="arc" />
        <ns0:loc ns2:href="../../ferc-core_2020-01-01.xsd#ferc_GeneralInformationAboutStatesInWhichRespondentServicesWereRendered" ns2:label="ferc_GeneralInformationAboutStatesInWhichRespondentServicesWereRendered" ns2:type="locator" />
        <ns0:presentationArc order="4" preferredLabel="http://ferc.gov/form/2020-01-01/roles/label/F1GeneralInformation" ns2:arcrole="http://www.xbrl.org/2003/arcrole/parent-child" ns2:from="ferc_GeneralInformationLineItems" ns2:to="ferc_GeneralInformationAboutStatesInWhichRespondentServicesWereRendered" ns2:type="arc" />
        <ns0:loc ns2:href="../../ferc-core_2020-01-01.xsd#ferc_GeneralInformationChangeInAuditorFlag" ns2:label="ferc_GeneralInformationChangeInAuditorFlag" ns2:type="locator" />
        <ns0:presentationArc order="5" preferredLabel="http://ferc.gov/form/2020-01-01/roles/label/F1GeneralInformation" ns2:arcrole="http://www.xbrl.org/2003/arcrole/parent-child" ns2:from="ferc_GeneralInformationLineItems" ns2:to="ferc_GeneralInformationChangeInAuditorFlag" ns2:type="arc" />
        <ns0:loc ns2:href="../../ferc-core_2020-01-01.xsd#ferc_EngagementDateOfIndependentAuditor" ns2:label="ferc_EngagementDateOfIndependentAuditor" ns2:type="locator" />
        <ns0:presentationArc order="6" ns2:arcrole="http://www.xbrl.org/2003/arcrole/parent-child" ns2:from="ferc_GeneralInformationLineItems" ns2:to="ferc_EngagementDateOfIndependentAuditor" ns2:type="arc" />
    </ns0:presentationLink>
</ns0:linkbase>