﻿<?xml version="1.0" encoding="utf-8"?>
<!--© DNB-->
<link:linkbase xmlns:xsi="http://www.w3.org/2001/XMLSchema-instance" xmlns:xlink="http://www.w3.org/1999/xlink" xmlns:link="http://www.xbrl.org/2003/linkbase" xsi:schemaLocation="http://www.xbrl.org/2003/linkbase http://www.xbrl.org/2003/xbrl-linkbase-2003-12-31.xsd">
  <link:labelLink xlink:type="extended" xlink:role="http://www.xbrl.org/2003/role/link">
    <link:loc xlink:type="locator" xlink:href="mem.xsd#dnb_mem000" xlink:label="loc_dnb_mem000" />
    <link:label xlink:type="resource" xlink:label="label_dnb_mem000" xml:lang="nl" xlink:role="http://www.xbrl.org/2003/role/label">Niet van toepassing / Alle of Totaal</link:label>
    <link:labelArc xlink:type="arc" xlink:arcrole="http://www.xbrl.org/2003/arcrole/concept-label" xlink:from="loc_dnb_mem000" xlink:to="label_dnb_mem000" />
    <link:label xlink:type="resource" xlink:label="label_dnb_mem000_2" xml:lang="nl" xlink:role="http://www.xbrl.org/2003/role/documentation">Niet van toepassing / Alle of Totaal</link:label>
    <link:labelArc xlink:type="arc" xlink:arcrole="http://www.xbrl.org/2003/arcrole/concept-label" xlink:from="loc_dnb_mem000" xlink:to="label_dnb_mem000_2" />
    <link:loc xlink:type="locator" xlink:href="mem.xsd#dnb_mem001" xlink:label="loc_dnb_mem001" />
    <link:label xlink:type="resource" xlink:label="label_dnb_mem001" xml:lang="nl" xlink:role="http://www.xbrl.org/2003/role/label">Beleggingsopbrengsten</link:label>
    <link:labelArc xlink:type="arc" xlink:arcrole="http://www.xbrl.org/2003/arcrole/concept-label" xlink:from="loc_dnb_mem001" xlink:to="label_dnb_mem001" />
    <link:label xlink:type="resource" xlink:label="label_dnb_mem001_2" xml:lang="nl" xlink:role="http://www.xbrl.org/2003/role/documentation">Beleggingsopbrengsten</link:label>
    <link:labelArc xlink:type="arc" xlink:arcrole="http://www.xbrl.org/2003/arcrole/concept-label" xlink:from="loc_dnb_mem001" xlink:to="label_dnb_mem001_2" />
    <link:loc xlink:type="locator" xlink:href="mem.xsd#dnb_mem002" xlink:label="loc_dnb_mem002" />
    <link:label xlink:type="resource" xlink:label="label_dnb_mem002" xml:lang="nl" xlink:role="http://www.xbrl.org/2003/role/label">Premie</link:label>
    <link:labelArc xlink:type="arc" xlink:arcrole="http://www.xbrl.org/2003/arcrole/concept-label" xlink:from="loc_dnb_mem002" xlink:to="label_dnb_mem002" />
    <link:label xlink:type="resource" xlink:label="label_dnb_mem002_2" xml:lang="nl" xlink:role="http://www.xbrl.org/2003/role/documentation">Premie</link:label>
    <link:labelArc xlink:type="arc" xlink:arcrole="http://www.xbrl.org/2003/arcrole/concept-label" xlink:from="loc_dnb_mem002" xlink:to="label_dnb_mem002_2" />
    <link:loc xlink:type="locator" xlink:href="mem.xsd#dnb_mem003" xlink:label="loc_dnb_mem003" />
    <link:label xlink:type="resource" xlink:label="label_dnb_mem003" xml:lang="nl" xlink:role="http://www.xbrl.org/2003/role/label">Waardeoverdrachten</link:label>
    <link:labelArc xlink:type="arc" xlink:arcrole="http://www.xbrl.org/2003/arcrole/concept-label" xlink:from="loc_dnb_mem003" xlink:to="label_dnb_mem003" />
    <link:label xlink:type="resource" xlink:label="label_dnb_mem003_2" xml:lang="nl" xlink:role="http://www.xbrl.org/2003/role/documentation">Waardeoverdrachten</link:label>
    <link:labelArc xlink:type="arc" xlink:arcrole="http://www.xbrl.org/2003/arcrole/concept-label" xlink:from="loc_dnb_mem003" xlink:to="label_dnb_mem003_2" />
    <link:loc xlink:type="locator" xlink:href="mem.xsd#dnb_mem004" xlink:label="loc_dnb_mem004" />
    <link:label xlink:type="resource" xlink:label="label_dnb_mem004" xml:lang="nl" xlink:role="http://www.xbrl.org/2003/role/label">Kosten</link:label>
    <link:labelArc xlink:type="arc" xlink:arcrole="http://www.xbrl.org/2003/arcrole/concept-label" xlink:from="loc_dnb_mem004" xlink:to="label_dnb_mem004" />
    <link:label xlink:type="resource" xlink:label="label_dnb_mem004_2" xml:lang="nl" xlink:role="http://www.xbrl.org/2003/role/documentation">Kosten</link:label>
    <link:labelArc xlink:type="arc" xlink:arcrole="http://www.xbrl.org/2003/arcrole/concept-label" xlink:from="loc_dnb_mem004" xlink:to="label_dnb_mem004_2" />
    <link:loc xlink:type="locator" xlink:href="mem.xsd#dnb_mem005" xlink:label="loc_dnb_mem005" />
    <link:label xlink:type="resource" xlink:label="label_dnb_mem005" xml:lang="nl" xlink:role="http://www.xbrl.org/2003/role/label">Uitkeringen</link:label>
    <link:labelArc xlink:type="arc" xlink:arcrole="http://www.xbrl.org/2003/arcrole/concept-label" xlink:from="loc_dnb_mem005" xlink:to="label_dnb_mem005" />
    <link:label xlink:type="resource" xlink:label="label_dnb_mem005_2" xml:lang="nl" xlink:role="http://www.xbrl.org/2003/role/documentation">Uitkeringen</link:label>
    <link:labelArc xlink:type="arc" xlink:arcrole="http://www.xbrl.org/2003/arcrole/concept-label" xlink:from="loc_dnb_mem005" xlink:to="label_dnb_mem005_2" />
    <link:loc xlink:type="locator" xlink:href="mem.xsd#dnb_mem006" xlink:label="loc_dnb_mem006" />
    <link:label xlink:type="resource" xlink:label="label_dnb_mem006" xml:lang="nl" xlink:role="http://www.xbrl.org/2003/role/label">Kanssystemen</link:label>
    <link:labelArc xlink:type="arc" xlink:arcrole="http://www.xbrl.org/2003/arcrole/concept-label" xlink:from="loc_dnb_mem006" xlink:to="label_dnb_mem006" />
    <link:label xlink:type="resource" xlink:label="label_dnb_mem006_2" xml:lang="nl" xlink:role="http://www.xbrl.org/2003/role/documentation">Kanssystemen</link:label>
    <link:labelArc xlink:type="arc" xlink:arcrole="http://www.xbrl.org/2003/arcrole/concept-label" xlink:from="loc_dnb_mem006" xlink:to="label_dnb_mem006_2" />
    <link:loc xlink:type="locator" xlink:href="mem.xsd#dnb_mem007" xlink:label="loc_dnb_mem007" />
    <link:label xlink:type="resource" xlink:label="label_dnb_mem007" xml:lang="nl" xlink:role="http://www.xbrl.org/2003/role/label">Toeslagverlening</link:label>
    <link:labelArc xlink:type="arc" xlink:arcrole="http://www.xbrl.org/2003/arcrole/concept-label" xlink:from="loc_dnb_mem007" xlink:to="label_dnb_mem007" />
    <link:label xlink:type="resource" xlink:label="label_dnb_mem007_2" xml:lang="nl" xlink:role="http://www.xbrl.org/2003/role/documentation">Toeslagverlening</link:label>
    <link:labelArc xlink:type="arc" xlink:arcrole="http://www.xbrl.org/2003/arcrole/concept-label" xlink:from="loc_dnb_mem007" xlink:to="label_dnb_mem007_2" />
    <link:loc xlink:type="locator" xlink:href="mem.xsd#dnb_mem008" xlink:label="loc_dnb_mem008" />
    <link:label xlink:type="resource" xlink:label="label_dnb_mem008" xml:lang="nl" xlink:role="http://www.xbrl.org/2003/role/label">Overige (incidentele) mutaties TV</link:label>
    <link:labelArc xlink:type="arc" xlink:arcrole="http://www.xbrl.org/2003/arcrole/concept-label" xlink:from="loc_dnb_mem008" xlink:to="label_dnb_mem008" />
    <link:label xlink:type="resource" xlink:label="label_dnb_mem008_2" xml:lang="nl" xlink:role="http://www.xbrl.org/2003/role/documentation">Overige (incidentele) mutaties TV</link:label>
    <link:labelArc xlink:type="arc" xlink:arcrole="http://www.xbrl.org/2003/arcrole/concept-label" xlink:from="loc_dnb_mem008" xlink:to="label_dnb_mem008_2" />
    <link:loc xlink:type="locator" xlink:href="mem.xsd#dnb_mem009" xlink:label="loc_dnb_mem009" />
    <link:label xlink:type="resource" xlink:label="label_dnb_mem009" xml:lang="nl" xlink:role="http://www.xbrl.org/2003/role/label">Andere oorzaken</link:label>
    <link:labelArc xlink:type="arc" xlink:arcrole="http://www.xbrl.org/2003/arcrole/concept-label" xlink:from="loc_dnb_mem009" xlink:to="label_dnb_mem009" />
    <link:label xlink:type="resource" xlink:label="label_dnb_mem009_2" xml:lang="nl" xlink:role="http://www.xbrl.org/2003/role/documentation">Andere oorzaken</link:label>
    <link:labelArc xlink:type="arc" xlink:arcrole="http://www.xbrl.org/2003/arcrole/concept-label" xlink:from="loc_dnb_mem009" xlink:to="label_dnb_mem009_2" />
    <link:loc xlink:type="locator" xlink:href="mem.xsd#dnb_mem010" xlink:label="loc_dnb_mem010" />
    <link:label xlink:type="resource" xlink:label="label_dnb_mem010" xml:lang="nl" xlink:role="http://www.xbrl.org/2003/role/label">Inhaalpensioen (VPL)</link:label>
    <link:labelArc xlink:type="arc" xlink:arcrole="http://www.xbrl.org/2003/arcrole/concept-label" xlink:from="loc_dnb_mem010" xlink:to="label_dnb_mem010" />
    <link:label xlink:type="resource" xlink:label="label_dnb_mem010_2" xml:lang="nl" xlink:role="http://www.xbrl.org/2003/role/documentation">Inhaalpensioen (VPL)</link:label>
    <link:labelArc xlink:type="arc" xlink:arcrole="http://www.xbrl.org/2003/arcrole/concept-label" xlink:from="loc_dnb_mem010" xlink:to="label_dnb_mem010_2" />
    <link:loc xlink:type="locator" xlink:href="mem.xsd#dnb_mem011" xlink:label="loc_dnb_mem011" />
    <link:label xlink:type="resource" xlink:label="label_dnb_mem011" xml:lang="nl" xlink:role="http://www.xbrl.org/2003/role/label">Tegenpost</link:label>
    <link:labelArc xlink:type="arc" xlink:arcrole="http://www.xbrl.org/2003/arcrole/concept-label" xlink:from="loc_dnb_mem011" xlink:to="label_dnb_mem011" />
    <link:label xlink:type="resource" xlink:label="label_dnb_mem011_2" xml:lang="nl" xlink:role="http://www.xbrl.org/2003/role/documentation">Tegenpost</link:label>
    <link:labelArc xlink:type="arc" xlink:arcrole="http://www.xbrl.org/2003/arcrole/concept-label" xlink:from="loc_dnb_mem011" xlink:to="label_dnb_mem011_2" />
    <link:loc xlink:type="locator" xlink:href="mem.xsd#dnb_mem012" xlink:label="loc_dnb_mem012" />
    <link:label xlink:type="resource" xlink:label="label_dnb_mem012" xml:lang="nl" xlink:role="http://www.xbrl.org/2003/role/label">Technische analyse</link:label>
    <link:labelArc xlink:type="arc" xlink:arcrole="http://www.xbrl.org/2003/arcrole/concept-label" xlink:from="loc_dnb_mem012" xlink:to="label_dnb_mem012" />
    <link:label xlink:type="resource" xlink:label="label_dnb_mem012_2" xml:lang="nl" xlink:role="http://www.xbrl.org/2003/role/documentation">Technische analyse</link:label>
    <link:labelArc xlink:type="arc" xlink:arcrole="http://www.xbrl.org/2003/arcrole/concept-label" xlink:from="loc_dnb_mem012" xlink:to="label_dnb_mem012_2" />
    <link:loc xlink:type="locator" xlink:href="mem.xsd#dnb_mem013" xlink:label="loc_dnb_mem013" />
    <link:label xlink:type="resource" xlink:label="label_dnb_mem013" xml:lang="nl" xlink:role="http://www.xbrl.org/2003/role/label">Directe beleggingsopbrengsten</link:label>
    <link:labelArc xlink:type="arc" xlink:arcrole="http://www.xbrl.org/2003/arcrole/concept-label" xlink:from="loc_dnb_mem013" xlink:to="label_dnb_mem013" />
    <link:label xlink:type="resource" xlink:label="label_dnb_mem013_2" xml:lang="nl" xlink:role="http://www.xbrl.org/2003/role/documentation">Directe beleggingsopbrengsten</link:label>
    <link:labelArc xlink:type="arc" xlink:arcrole="http://www.xbrl.org/2003/arcrole/concept-label" xlink:from="loc_dnb_mem013" xlink:to="label_dnb_mem013_2" />
    <link:loc xlink:type="locator" xlink:href="mem.xsd#dnb_mem014" xlink:label="loc_dnb_mem014" />
    <link:label xlink:type="resource" xlink:label="label_dnb_mem014" xml:lang="nl" xlink:role="http://www.xbrl.org/2003/role/label">Indirecte beleggingsopbrengsten</link:label>
    <link:labelArc xlink:type="arc" xlink:arcrole="http://www.xbrl.org/2003/arcrole/concept-label" xlink:from="loc_dnb_mem014" xlink:to="label_dnb_mem014" />
    <link:label xlink:type="resource" xlink:label="label_dnb_mem014_2" xml:lang="nl" xlink:role="http://www.xbrl.org/2003/role/documentation">Indirecte beleggingsopbrengsten</link:label>
    <link:labelArc xlink:type="arc" xlink:arcrole="http://www.xbrl.org/2003/arcrole/concept-label" xlink:from="loc_dnb_mem014" xlink:to="label_dnb_mem014_2" />
    <link:loc xlink:type="locator" xlink:href="mem.xsd#dnb_mem015" xlink:label="loc_dnb_mem015" />
    <link:label xlink:type="resource" xlink:label="label_dnb_mem015" xml:lang="nl" xlink:role="http://www.xbrl.org/2003/role/label">Rentelasten vreemd vermogen</link:label>
    <link:labelArc xlink:type="arc" xlink:arcrole="http://www.xbrl.org/2003/arcrole/concept-label" xlink:from="loc_dnb_mem015" xlink:to="label_dnb_mem015" />
    <link:label xlink:type="resource" xlink:label="label_dnb_mem015_2" xml:lang="nl" xlink:role="http://www.xbrl.org/2003/role/documentation">Rentelasten vreemd vermogen</link:label>
    <link:labelArc xlink:type="arc" xlink:arcrole="http://www.xbrl.org/2003/arcrole/concept-label" xlink:from="loc_dnb_mem015" xlink:to="label_dnb_mem015_2" />
    <link:loc xlink:type="locator" xlink:href="mem.xsd#dnb_mem016" xlink:label="loc_dnb_mem016" />
    <link:label xlink:type="resource" xlink:label="label_dnb_mem016" xml:lang="nl" xlink:role="http://www.xbrl.org/2003/role/label">Kosten vermogensbeheer</link:label>
    <link:labelArc xlink:type="arc" xlink:arcrole="http://www.xbrl.org/2003/arcrole/concept-label" xlink:from="loc_dnb_mem016" xlink:to="label_dnb_mem016" />
    <link:label xlink:type="resource" xlink:label="label_dnb_mem016_2" xml:lang="nl" xlink:role="http://www.xbrl.org/2003/role/documentation">Kosten vermogensbeheer</link:label>
    <link:labelArc xlink:type="arc" xlink:arcrole="http://www.xbrl.org/2003/arcrole/concept-label" xlink:from="loc_dnb_mem016" xlink:to="label_dnb_mem016_2" />
    <link:loc xlink:type="locator" xlink:href="mem.xsd#dnb_mem017" xlink:label="loc_dnb_mem017" />
    <link:label xlink:type="resource" xlink:label="label_dnb_mem017" xml:lang="nl" xlink:role="http://www.xbrl.org/2003/role/label">Resultaatdeling uhv risicoherverzeker of garantiecontract</link:label>
    <link:labelArc xlink:type="arc" xlink:arcrole="http://www.xbrl.org/2003/arcrole/concept-label" xlink:from="loc_dnb_mem017" xlink:to="label_dnb_mem017" />
    <link:label xlink:type="resource" xlink:label="label_dnb_mem017_2" xml:lang="nl" xlink:role="http://www.xbrl.org/2003/role/documentation">Resultaatdeling uhv risicoherverzeker of garantiecontract</link:label>
    <link:labelArc xlink:type="arc" xlink:arcrole="http://www.xbrl.org/2003/arcrole/concept-label" xlink:from="loc_dnb_mem017" xlink:to="label_dnb_mem017_2" />
    <link:loc xlink:type="locator" xlink:href="mem.xsd#dnb_mem018" xlink:label="loc_dnb_mem018" />
    <link:label xlink:type="resource" xlink:label="label_dnb_mem018" xml:lang="nl" xlink:role="http://www.xbrl.org/2003/role/label">Benodigde intresttoevoeging technische voorzieningen</link:label>
    <link:labelArc xlink:type="arc" xlink:arcrole="http://www.xbrl.org/2003/arcrole/concept-label" xlink:from="loc_dnb_mem018" xlink:to="label_dnb_mem018" />
    <link:label xlink:type="resource" xlink:label="label_dnb_mem018_2" xml:lang="nl" xlink:role="http://www.xbrl.org/2003/role/documentation">Benodigde intresttoevoeging technische voorzieningen</link:label>
    <link:labelArc xlink:type="arc" xlink:arcrole="http://www.xbrl.org/2003/arcrole/concept-label" xlink:from="loc_dnb_mem018" xlink:to="label_dnb_mem018_2" />
    <link:loc xlink:type="locator" xlink:href="mem.xsd#dnb_mem019" xlink:label="loc_dnb_mem019" />
    <link:label xlink:type="resource" xlink:label="label_dnb_mem019" xml:lang="nl" xlink:role="http://www.xbrl.org/2003/role/label">Mutatie TV uhv wijziging rentetermijnstructuur</link:label>
    <link:labelArc xlink:type="arc" xlink:arcrole="http://www.xbrl.org/2003/arcrole/concept-label" xlink:from="loc_dnb_mem019" xlink:to="label_dnb_mem019" />
    <link:label xlink:type="resource" xlink:label="label_dnb_mem019_2" xml:lang="nl" xlink:role="http://www.xbrl.org/2003/role/documentation">Mutatie TV uhv wijziging rentetermijnstructuur</link:label>
    <link:labelArc xlink:type="arc" xlink:arcrole="http://www.xbrl.org/2003/arcrole/concept-label" xlink:from="loc_dnb_mem019" xlink:to="label_dnb_mem019_2" />
    <link:loc xlink:type="locator" xlink:href="mem.xsd#dnb_mem020" xlink:label="loc_dnb_mem020" />
    <link:label xlink:type="resource" xlink:label="label_dnb_mem020" xml:lang="nl" xlink:role="http://www.xbrl.org/2003/role/label">Ontvangen premies (ex inkoop VPL)</link:label>
    <link:labelArc xlink:type="arc" xlink:arcrole="http://www.xbrl.org/2003/arcrole/concept-label" xlink:from="loc_dnb_mem020" xlink:to="label_dnb_mem020" />
    <link:label xlink:type="resource" xlink:label="label_dnb_mem020_2" xml:lang="nl" xlink:role="http://www.xbrl.org/2003/role/documentation">Ontvangen premies (ex inkoop VPL)</link:label>
    <link:labelArc xlink:type="arc" xlink:arcrole="http://www.xbrl.org/2003/arcrole/concept-label" xlink:from="loc_dnb_mem020" xlink:to="label_dnb_mem020_2" />
    <link:loc xlink:type="locator" xlink:href="mem.xsd#dnb_mem021" xlink:label="loc_dnb_mem021" />
    <link:label xlink:type="resource" xlink:label="label_dnb_mem021" xml:lang="nl" xlink:role="http://www.xbrl.org/2003/role/label">Betaalde premies risicoherverzekering</link:label>
    <link:labelArc xlink:type="arc" xlink:arcrole="http://www.xbrl.org/2003/arcrole/concept-label" xlink:from="loc_dnb_mem021" xlink:to="label_dnb_mem021" />
    <link:label xlink:type="resource" xlink:label="label_dnb_mem021_2" xml:lang="nl" xlink:role="http://www.xbrl.org/2003/role/documentation">Betaalde premies risicoherverzekering</link:label>
    <link:labelArc xlink:type="arc" xlink:arcrole="http://www.xbrl.org/2003/arcrole/concept-label" xlink:from="loc_dnb_mem021" xlink:to="label_dnb_mem021_2" />
    <link:loc xlink:type="locator" xlink:href="mem.xsd#dnb_mem022" xlink:label="loc_dnb_mem022" />
    <link:label xlink:type="resource" xlink:label="label_dnb_mem022" xml:lang="nl" xlink:role="http://www.xbrl.org/2003/role/label">Betaalde premies garantiecontract</link:label>
    <link:labelArc xlink:type="arc" xlink:arcrole="http://www.xbrl.org/2003/arcrole/concept-label" xlink:from="loc_dnb_mem022" xlink:to="label_dnb_mem022" />
    <link:label xlink:type="resource" xlink:label="label_dnb_mem022_2" xml:lang="nl" xlink:role="http://www.xbrl.org/2003/role/documentation">Betaalde premies garantiecontract</link:label>
    <link:labelArc xlink:type="arc" xlink:arcrole="http://www.xbrl.org/2003/arcrole/concept-label" xlink:from="loc_dnb_mem022" xlink:to="label_dnb_mem022_2" />
    <link:loc xlink:type="locator" xlink:href="mem.xsd#dnb_mem023" xlink:label="loc_dnb_mem023" />
    <link:label xlink:type="resource" xlink:label="label_dnb_mem023" xml:lang="nl" xlink:role="http://www.xbrl.org/2003/role/label">Betaalde premies overig</link:label>
    <link:labelArc xlink:type="arc" xlink:arcrole="http://www.xbrl.org/2003/arcrole/concept-label" xlink:from="loc_dnb_mem023" xlink:to="label_dnb_mem023" />
    <link:label xlink:type="resource" xlink:label="label_dnb_mem023_2" xml:lang="nl" xlink:role="http://www.xbrl.org/2003/role/documentation">Betaalde premies overig</link:label>
    <link:labelArc xlink:type="arc" xlink:arcrole="http://www.xbrl.org/2003/arcrole/concept-label" xlink:from="loc_dnb_mem023" xlink:to="label_dnb_mem023_2" />
    <link:loc xlink:type="locator" xlink:href="mem.xsd#dnb_mem024" xlink:label="loc_dnb_mem024" />
    <link:label xlink:type="resource" xlink:label="label_dnb_mem024" xml:lang="nl" xlink:role="http://www.xbrl.org/2003/role/label">Actuarieel benodigd bedrag voor inkoop backservice aanspraken</link:label>
    <link:labelArc xlink:type="arc" xlink:arcrole="http://www.xbrl.org/2003/arcrole/concept-label" xlink:from="loc_dnb_mem024" xlink:to="label_dnb_mem024" />
    <link:label xlink:type="resource" xlink:label="label_dnb_mem024_2" xml:lang="nl" xlink:role="http://www.xbrl.org/2003/role/documentation">Actuarieel benodigd bedrag voor inkoop backservice aanspraken</link:label>
    <link:labelArc xlink:type="arc" xlink:arcrole="http://www.xbrl.org/2003/arcrole/concept-label" xlink:from="loc_dnb_mem024" xlink:to="label_dnb_mem024_2" />
    <link:loc xlink:type="locator" xlink:href="mem.xsd#dnb_mem025" xlink:label="loc_dnb_mem025" />
    <link:label xlink:type="resource" xlink:label="label_dnb_mem025" xml:lang="nl" xlink:role="http://www.xbrl.org/2003/role/label">Actuarieel benodigd bedrag voor inkoop coming service aanspraken</link:label>
    <link:labelArc xlink:type="arc" xlink:arcrole="http://www.xbrl.org/2003/arcrole/concept-label" xlink:from="loc_dnb_mem025" xlink:to="label_dnb_mem025" />
    <link:label xlink:type="resource" xlink:label="label_dnb_mem025_2" xml:lang="nl" xlink:role="http://www.xbrl.org/2003/role/documentation">Actuarieel benodigd bedrag voor inkoop coming service aanspraken</link:label>
    <link:labelArc xlink:type="arc" xlink:arcrole="http://www.xbrl.org/2003/arcrole/concept-label" xlink:from="loc_dnb_mem025" xlink:to="label_dnb_mem025_2" />
    <link:loc xlink:type="locator" xlink:href="mem.xsd#dnb_mem026" xlink:label="loc_dnb_mem026" />
    <link:label xlink:type="resource" xlink:label="label_dnb_mem026" xml:lang="nl" xlink:role="http://www.xbrl.org/2003/role/label">Actuarieel benodigd bedrag voor inkoop overig</link:label>
    <link:labelArc xlink:type="arc" xlink:arcrole="http://www.xbrl.org/2003/arcrole/concept-label" xlink:from="loc_dnb_mem026" xlink:to="label_dnb_mem026" />
    <link:label xlink:type="resource" xlink:label="label_dnb_mem026_2" xml:lang="nl" xlink:role="http://www.xbrl.org/2003/role/documentation">Actuarieel benodigd bedrag voor inkoop overig</link:label>
    <link:labelArc xlink:type="arc" xlink:arcrole="http://www.xbrl.org/2003/arcrole/concept-label" xlink:from="loc_dnb_mem026" xlink:to="label_dnb_mem026_2" />
    <link:loc xlink:type="locator" xlink:href="mem.xsd#dnb_mem027" xlink:label="loc_dnb_mem027" />
    <link:label xlink:type="resource" xlink:label="label_dnb_mem027" xml:lang="nl" xlink:role="http://www.xbrl.org/2003/role/label">Opgenomen opslag voor toeslagen</link:label>
    <link:labelArc xlink:type="arc" xlink:arcrole="http://www.xbrl.org/2003/arcrole/concept-label" xlink:from="loc_dnb_mem027" xlink:to="label_dnb_mem027" />
    <link:label xlink:type="resource" xlink:label="label_dnb_mem027_2" xml:lang="nl" xlink:role="http://www.xbrl.org/2003/role/documentation">Opgenomen opslag voor toeslagen</link:label>
    <link:labelArc xlink:type="arc" xlink:arcrole="http://www.xbrl.org/2003/arcrole/concept-label" xlink:from="loc_dnb_mem027" xlink:to="label_dnb_mem027_2" />
    <link:loc xlink:type="locator" xlink:href="mem.xsd#dnb_mem028" xlink:label="loc_dnb_mem028" />
    <link:label xlink:type="resource" xlink:label="label_dnb_mem028" xml:lang="nl" xlink:role="http://www.xbrl.org/2003/role/label">Risicokoopsom overlijden</link:label>
    <link:labelArc xlink:type="arc" xlink:arcrole="http://www.xbrl.org/2003/arcrole/concept-label" xlink:from="loc_dnb_mem028" xlink:to="label_dnb_mem028" />
    <link:label xlink:type="resource" xlink:label="label_dnb_mem028_2" xml:lang="nl" xlink:role="http://www.xbrl.org/2003/role/documentation">Risicokoopsom overlijden</link:label>
    <link:labelArc xlink:type="arc" xlink:arcrole="http://www.xbrl.org/2003/arcrole/concept-label" xlink:from="loc_dnb_mem028" xlink:to="label_dnb_mem028_2" />
    <link:loc xlink:type="locator" xlink:href="mem.xsd#dnb_mem029" xlink:label="loc_dnb_mem029" />
    <link:label xlink:type="resource" xlink:label="label_dnb_mem029" xml:lang="nl" xlink:role="http://www.xbrl.org/2003/role/label">Risicokoopsom arbeidsongeschiktheid</link:label>
    <link:labelArc xlink:type="arc" xlink:arcrole="http://www.xbrl.org/2003/arcrole/concept-label" xlink:from="loc_dnb_mem029" xlink:to="label_dnb_mem029" />
    <link:label xlink:type="resource" xlink:label="label_dnb_mem029_2" xml:lang="nl" xlink:role="http://www.xbrl.org/2003/role/documentation">Risicokoopsom arbeidsongeschiktheid</link:label>
    <link:labelArc xlink:type="arc" xlink:arcrole="http://www.xbrl.org/2003/arcrole/concept-label" xlink:from="loc_dnb_mem029" xlink:to="label_dnb_mem029_2" />
    <link:loc xlink:type="locator" xlink:href="mem.xsd#dnb_mem030" xlink:label="loc_dnb_mem030" />
    <link:label xlink:type="resource" xlink:label="label_dnb_mem030" xml:lang="nl" xlink:role="http://www.xbrl.org/2003/role/label">In premie opgenomen voor dekking directe kosten</link:label>
    <link:labelArc xlink:type="arc" xlink:arcrole="http://www.xbrl.org/2003/arcrole/concept-label" xlink:from="loc_dnb_mem030" xlink:to="label_dnb_mem030" />
    <link:label xlink:type="resource" xlink:label="label_dnb_mem030_2" xml:lang="nl" xlink:role="http://www.xbrl.org/2003/role/documentation">In premie opgenomen voor dekking directe kosten</link:label>
    <link:labelArc xlink:type="arc" xlink:arcrole="http://www.xbrl.org/2003/arcrole/concept-label" xlink:from="loc_dnb_mem030" xlink:to="label_dnb_mem030_2" />
    <link:loc xlink:type="locator" xlink:href="mem.xsd#dnb_mem031" xlink:label="loc_dnb_mem031" />
    <link:label xlink:type="resource" xlink:label="label_dnb_mem031" xml:lang="nl" xlink:role="http://www.xbrl.org/2003/role/label">In premie opgenomen voor dekking toekomstige kosten</link:label>
    <link:labelArc xlink:type="arc" xlink:arcrole="http://www.xbrl.org/2003/arcrole/concept-label" xlink:from="loc_dnb_mem031" xlink:to="label_dnb_mem031" />
    <link:label xlink:type="resource" xlink:label="label_dnb_mem031_2" xml:lang="nl" xlink:role="http://www.xbrl.org/2003/role/documentation">In premie opgenomen voor dekking toekomstige kosten</link:label>
    <link:labelArc xlink:type="arc" xlink:arcrole="http://www.xbrl.org/2003/arcrole/concept-label" xlink:from="loc_dnb_mem031" xlink:to="label_dnb_mem031_2" />
    <link:loc xlink:type="locator" xlink:href="mem.xsd#dnb_mem032" xlink:label="loc_dnb_mem032" />
    <link:label xlink:type="resource" xlink:label="label_dnb_mem032" xml:lang="nl" xlink:role="http://www.xbrl.org/2003/role/label">Overige posten</link:label>
    <link:labelArc xlink:type="arc" xlink:arcrole="http://www.xbrl.org/2003/arcrole/concept-label" xlink:from="loc_dnb_mem032" xlink:to="label_dnb_mem032" />
    <link:label xlink:type="resource" xlink:label="label_dnb_mem032_2" xml:lang="nl" xlink:role="http://www.xbrl.org/2003/role/documentation">Overige posten</link:label>
    <link:labelArc xlink:type="arc" xlink:arcrole="http://www.xbrl.org/2003/arcrole/concept-label" xlink:from="loc_dnb_mem032" xlink:to="label_dnb_mem032_2" />
    <link:loc xlink:type="locator" xlink:href="mem.xsd#dnb_mem033" xlink:label="loc_dnb_mem033" />
    <link:label xlink:type="resource" xlink:label="label_dnb_mem033" xml:lang="nl" xlink:role="http://www.xbrl.org/2003/role/label">Inkomende waardeoverdrachten</link:label>
    <link:labelArc xlink:type="arc" xlink:arcrole="http://www.xbrl.org/2003/arcrole/concept-label" xlink:from="loc_dnb_mem033" xlink:to="label_dnb_mem033" />
    <link:label xlink:type="resource" xlink:label="label_dnb_mem033_2" xml:lang="nl" xlink:role="http://www.xbrl.org/2003/role/documentation">Inkomende waardeoverdrachten</link:label>
    <link:labelArc xlink:type="arc" xlink:arcrole="http://www.xbrl.org/2003/arcrole/concept-label" xlink:from="loc_dnb_mem033" xlink:to="label_dnb_mem033_2" />
    <link:loc xlink:type="locator" xlink:href="mem.xsd#dnb_mem034" xlink:label="loc_dnb_mem034" />
    <link:label xlink:type="resource" xlink:label="label_dnb_mem034" xml:lang="nl" xlink:role="http://www.xbrl.org/2003/role/label">Uitgaande waardeoverdrachten</link:label>
    <link:labelArc xlink:type="arc" xlink:arcrole="http://www.xbrl.org/2003/arcrole/concept-label" xlink:from="loc_dnb_mem034" xlink:to="label_dnb_mem034" />
    <link:label xlink:type="resource" xlink:label="label_dnb_mem034_2" xml:lang="nl" xlink:role="http://www.xbrl.org/2003/role/documentation">Uitgaande waardeoverdrachten</link:label>
    <link:labelArc xlink:type="arc" xlink:arcrole="http://www.xbrl.org/2003/arcrole/concept-label" xlink:from="loc_dnb_mem034" xlink:to="label_dnb_mem034_2" />
    <link:loc xlink:type="locator" xlink:href="mem.xsd#dnb_mem035" xlink:label="loc_dnb_mem035" />
    <link:label xlink:type="resource" xlink:label="label_dnb_mem035" xml:lang="nl" xlink:role="http://www.xbrl.org/2003/role/label">Waardeoverdrachten garantiecontract</link:label>
    <link:labelArc xlink:type="arc" xlink:arcrole="http://www.xbrl.org/2003/arcrole/concept-label" xlink:from="loc_dnb_mem035" xlink:to="label_dnb_mem035" />
    <link:label xlink:type="resource" xlink:label="label_dnb_mem035_2" xml:lang="nl" xlink:role="http://www.xbrl.org/2003/role/documentation">Waardeoverdrachten garantiecontract</link:label>
    <link:labelArc xlink:type="arc" xlink:arcrole="http://www.xbrl.org/2003/arcrole/concept-label" xlink:from="loc_dnb_mem035" xlink:to="label_dnb_mem035_2" />
    <link:loc xlink:type="locator" xlink:href="mem.xsd#dnb_mem036" xlink:label="loc_dnb_mem036" />
    <link:label xlink:type="resource" xlink:label="label_dnb_mem036" xml:lang="nl" xlink:role="http://www.xbrl.org/2003/role/label">Toevoeging aan technische voorzieningen</link:label>
    <link:labelArc xlink:type="arc" xlink:arcrole="http://www.xbrl.org/2003/arcrole/concept-label" xlink:from="loc_dnb_mem036" xlink:to="label_dnb_mem036" />
    <link:label xlink:type="resource" xlink:label="label_dnb_mem036_2" xml:lang="nl" xlink:role="http://www.xbrl.org/2003/role/documentation">Toevoeging aan technische voorzieningen</link:label>
    <link:labelArc xlink:type="arc" xlink:arcrole="http://www.xbrl.org/2003/arcrole/concept-label" xlink:from="loc_dnb_mem036" xlink:to="label_dnb_mem036_2" />
    <link:loc xlink:type="locator" xlink:href="mem.xsd#dnb_mem037" xlink:label="loc_dnb_mem037" />
    <link:label xlink:type="resource" xlink:label="label_dnb_mem037" xml:lang="nl" xlink:role="http://www.xbrl.org/2003/role/label">Vrijval uit technische voorzieningen</link:label>
    <link:labelArc xlink:type="arc" xlink:arcrole="http://www.xbrl.org/2003/arcrole/concept-label" xlink:from="loc_dnb_mem037" xlink:to="label_dnb_mem037" />
    <link:label xlink:type="resource" xlink:label="label_dnb_mem037_2" xml:lang="nl" xlink:role="http://www.xbrl.org/2003/role/documentation">Vrijval uit technische voorzieningen</link:label>
    <link:labelArc xlink:type="arc" xlink:arcrole="http://www.xbrl.org/2003/arcrole/concept-label" xlink:from="loc_dnb_mem037" xlink:to="label_dnb_mem037_2" />
    <link:loc xlink:type="locator" xlink:href="mem.xsd#dnb_mem038" xlink:label="loc_dnb_mem038" />
    <link:label xlink:type="resource" xlink:label="label_dnb_mem038" xml:lang="nl" xlink:role="http://www.xbrl.org/2003/role/label">Kosten verslagjaar (excl kosten vermogensbeheer)</link:label>
    <link:labelArc xlink:type="arc" xlink:arcrole="http://www.xbrl.org/2003/arcrole/concept-label" xlink:from="loc_dnb_mem038" xlink:to="label_dnb_mem038" />
    <link:label xlink:type="resource" xlink:label="label_dnb_mem038_2" xml:lang="nl" xlink:role="http://www.xbrl.org/2003/role/documentation">Kosten verslagjaar (excl kosten vermogensbeheer)</link:label>
    <link:labelArc xlink:type="arc" xlink:arcrole="http://www.xbrl.org/2003/arcrole/concept-label" xlink:from="loc_dnb_mem038" xlink:to="label_dnb_mem038_2" />
    <link:loc xlink:type="locator" xlink:href="mem.xsd#dnb_mem039" xlink:label="loc_dnb_mem039" />
    <link:label xlink:type="resource" xlink:label="label_dnb_mem039" xml:lang="nl" xlink:role="http://www.xbrl.org/2003/role/label">Resultaat uitkeringen</link:label>
    <link:labelArc xlink:type="arc" xlink:arcrole="http://www.xbrl.org/2003/arcrole/concept-label" xlink:from="loc_dnb_mem039" xlink:to="label_dnb_mem039" />
    <link:label xlink:type="resource" xlink:label="label_dnb_mem039_2" xml:lang="nl" xlink:role="http://www.xbrl.org/2003/role/documentation">Resultaat uitkeringen</link:label>
    <link:labelArc xlink:type="arc" xlink:arcrole="http://www.xbrl.org/2003/arcrole/concept-label" xlink:from="loc_dnb_mem039" xlink:to="label_dnb_mem039_2" />
    <link:loc xlink:type="locator" xlink:href="mem.xsd#dnb_mem040" xlink:label="loc_dnb_mem040" />
    <link:label xlink:type="resource" xlink:label="label_dnb_mem040" xml:lang="nl" xlink:role="http://www.xbrl.org/2003/role/label">Resultaat afkopen</link:label>
    <link:labelArc xlink:type="arc" xlink:arcrole="http://www.xbrl.org/2003/arcrole/concept-label" xlink:from="loc_dnb_mem040" xlink:to="label_dnb_mem040" />
    <link:label xlink:type="resource" xlink:label="label_dnb_mem040_2" xml:lang="nl" xlink:role="http://www.xbrl.org/2003/role/documentation">Resultaat afkopen</link:label>
    <link:labelArc xlink:type="arc" xlink:arcrole="http://www.xbrl.org/2003/arcrole/concept-label" xlink:from="loc_dnb_mem040" xlink:to="label_dnb_mem040_2" />
    <link:loc xlink:type="locator" xlink:href="mem.xsd#dnb_mem041" xlink:label="loc_dnb_mem041" />
    <link:label xlink:type="resource" xlink:label="label_dnb_mem041" xml:lang="nl" xlink:role="http://www.xbrl.org/2003/role/label">Resultaat op sterfte</link:label>
    <link:labelArc xlink:type="arc" xlink:arcrole="http://www.xbrl.org/2003/arcrole/concept-label" xlink:from="loc_dnb_mem041" xlink:to="label_dnb_mem041" />
    <link:label xlink:type="resource" xlink:label="label_dnb_mem041_2" xml:lang="nl" xlink:role="http://www.xbrl.org/2003/role/documentation">Resultaat op sterfte</link:label>
    <link:labelArc xlink:type="arc" xlink:arcrole="http://www.xbrl.org/2003/arcrole/concept-label" xlink:from="loc_dnb_mem041" xlink:to="label_dnb_mem041_2" />
    <link:loc xlink:type="locator" xlink:href="mem.xsd#dnb_mem042" xlink:label="loc_dnb_mem042" />
    <link:label xlink:type="resource" xlink:label="label_dnb_mem042" xml:lang="nl" xlink:role="http://www.xbrl.org/2003/role/label">Resultaat op arbeidsongeschiktheid</link:label>
    <link:labelArc xlink:type="arc" xlink:arcrole="http://www.xbrl.org/2003/arcrole/concept-label" xlink:from="loc_dnb_mem042" xlink:to="label_dnb_mem042" />
    <link:label xlink:type="resource" xlink:label="label_dnb_mem042_2" xml:lang="nl" xlink:role="http://www.xbrl.org/2003/role/documentation">Resultaat op arbeidsongeschiktheid</link:label>
    <link:labelArc xlink:type="arc" xlink:arcrole="http://www.xbrl.org/2003/arcrole/concept-label" xlink:from="loc_dnb_mem042" xlink:to="label_dnb_mem042_2" />
    <link:loc xlink:type="locator" xlink:href="mem.xsd#dnb_mem043" xlink:label="loc_dnb_mem043" />
    <link:label xlink:type="resource" xlink:label="label_dnb_mem043" xml:lang="nl" xlink:role="http://www.xbrl.org/2003/role/label">Actuarieel resultaat op mutaties</link:label>
    <link:labelArc xlink:type="arc" xlink:arcrole="http://www.xbrl.org/2003/arcrole/concept-label" xlink:from="loc_dnb_mem043" xlink:to="label_dnb_mem043" />
    <link:label xlink:type="resource" xlink:label="label_dnb_mem043_2" xml:lang="nl" xlink:role="http://www.xbrl.org/2003/role/documentation">Actuarieel resultaat op mutaties</link:label>
    <link:labelArc xlink:type="arc" xlink:arcrole="http://www.xbrl.org/2003/arcrole/concept-label" xlink:from="loc_dnb_mem043" xlink:to="label_dnb_mem043_2" />
    <link:loc xlink:type="locator" xlink:href="mem.xsd#dnb_mem044" xlink:label="loc_dnb_mem044" />
    <link:label xlink:type="resource" xlink:label="label_dnb_mem044" xml:lang="nl" xlink:role="http://www.xbrl.org/2003/role/label">Actuarieel resultaat op overige technische grondslagen</link:label>
    <link:labelArc xlink:type="arc" xlink:arcrole="http://www.xbrl.org/2003/arcrole/concept-label" xlink:from="loc_dnb_mem044" xlink:to="label_dnb_mem044" />
    <link:label xlink:type="resource" xlink:label="label_dnb_mem044_2" xml:lang="nl" xlink:role="http://www.xbrl.org/2003/role/documentation">Actuarieel resultaat op overige technische grondslagen</link:label>
    <link:labelArc xlink:type="arc" xlink:arcrole="http://www.xbrl.org/2003/arcrole/concept-label" xlink:from="loc_dnb_mem044" xlink:to="label_dnb_mem044_2" />
    <link:loc xlink:type="locator" xlink:href="mem.xsd#dnb_mem045" xlink:label="loc_dnb_mem045" />
    <link:label xlink:type="resource" xlink:label="label_dnb_mem045" xml:lang="nl" xlink:role="http://www.xbrl.org/2003/role/label">Mutatie TV uhv toeslagen actieve deelnemers</link:label>
    <link:labelArc xlink:type="arc" xlink:arcrole="http://www.xbrl.org/2003/arcrole/concept-label" xlink:from="loc_dnb_mem045" xlink:to="label_dnb_mem045" />
    <link:label xlink:type="resource" xlink:label="label_dnb_mem045_2" xml:lang="nl" xlink:role="http://www.xbrl.org/2003/role/documentation">Mutatie TV uhv toeslagen actieve deelnemers</link:label>
    <link:labelArc xlink:type="arc" xlink:arcrole="http://www.xbrl.org/2003/arcrole/concept-label" xlink:from="loc_dnb_mem045" xlink:to="label_dnb_mem045_2" />
    <link:loc xlink:type="locator" xlink:href="mem.xsd#dnb_mem046" xlink:label="loc_dnb_mem046" />
    <link:label xlink:type="resource" xlink:label="label_dnb_mem046" xml:lang="nl" xlink:role="http://www.xbrl.org/2003/role/label">Mutatie TV uhv toeslagen gewezen deelnemers</link:label>
    <link:labelArc xlink:type="arc" xlink:arcrole="http://www.xbrl.org/2003/arcrole/concept-label" xlink:from="loc_dnb_mem046" xlink:to="label_dnb_mem046" />
    <link:label xlink:type="resource" xlink:label="label_dnb_mem046_2" xml:lang="nl" xlink:role="http://www.xbrl.org/2003/role/documentation">Mutatie TV uhv toeslagen gewezen deelnemers</link:label>
    <link:labelArc xlink:type="arc" xlink:arcrole="http://www.xbrl.org/2003/arcrole/concept-label" xlink:from="loc_dnb_mem046" xlink:to="label_dnb_mem046_2" />
    <link:loc xlink:type="locator" xlink:href="mem.xsd#dnb_mem047" xlink:label="loc_dnb_mem047" />
    <link:label xlink:type="resource" xlink:label="label_dnb_mem047" xml:lang="nl" xlink:role="http://www.xbrl.org/2003/role/label">Mutatie TV uhv toeslagen gepensioneeerden</link:label>
    <link:labelArc xlink:type="arc" xlink:arcrole="http://www.xbrl.org/2003/arcrole/concept-label" xlink:from="loc_dnb_mem047" xlink:to="label_dnb_mem047" />
    <link:label xlink:type="resource" xlink:label="label_dnb_mem047_2" xml:lang="nl" xlink:role="http://www.xbrl.org/2003/role/documentation">Mutatie TV uhv toeslagen gepensioneeerden</link:label>
    <link:labelArc xlink:type="arc" xlink:arcrole="http://www.xbrl.org/2003/arcrole/concept-label" xlink:from="loc_dnb_mem047" xlink:to="label_dnb_mem047_2" />
    <link:loc xlink:type="locator" xlink:href="mem.xsd#dnb_mem048" xlink:label="loc_dnb_mem048" />
    <link:label xlink:type="resource" xlink:label="label_dnb_mem048" xml:lang="nl" xlink:role="http://www.xbrl.org/2003/role/label">Premiecomponent voor toeslagverlening</link:label>
    <link:labelArc xlink:type="arc" xlink:arcrole="http://www.xbrl.org/2003/arcrole/concept-label" xlink:from="loc_dnb_mem048" xlink:to="label_dnb_mem048" />
    <link:label xlink:type="resource" xlink:label="label_dnb_mem048_2" xml:lang="nl" xlink:role="http://www.xbrl.org/2003/role/documentation">Premiecomponent voor toeslagverlening</link:label>
    <link:labelArc xlink:type="arc" xlink:arcrole="http://www.xbrl.org/2003/arcrole/concept-label" xlink:from="loc_dnb_mem048" xlink:to="label_dnb_mem048_2" />
    <link:loc xlink:type="locator" xlink:href="mem.xsd#dnb_mem049" xlink:label="loc_dnb_mem049" />
    <link:label xlink:type="resource" xlink:label="label_dnb_mem049" xml:lang="nl" xlink:role="http://www.xbrl.org/2003/role/label">I.v.m. wijziging regeling</link:label>
    <link:labelArc xlink:type="arc" xlink:arcrole="http://www.xbrl.org/2003/arcrole/concept-label" xlink:from="loc_dnb_mem049" xlink:to="label_dnb_mem049" />
    <link:label xlink:type="resource" xlink:label="label_dnb_mem049_2" xml:lang="nl" xlink:role="http://www.xbrl.org/2003/role/documentation">I.v.m. wijziging regeling</link:label>
    <link:labelArc xlink:type="arc" xlink:arcrole="http://www.xbrl.org/2003/arcrole/concept-label" xlink:from="loc_dnb_mem049" xlink:to="label_dnb_mem049_2" />
    <link:loc xlink:type="locator" xlink:href="mem.xsd#dnb_mem050" xlink:label="loc_dnb_mem050" />
    <link:label xlink:type="resource" xlink:label="label_dnb_mem050" xml:lang="nl" xlink:role="http://www.xbrl.org/2003/role/label">I.v.m. wijziging actuariële grondslagen/methoden</link:label>
    <link:labelArc xlink:type="arc" xlink:arcrole="http://www.xbrl.org/2003/arcrole/concept-label" xlink:from="loc_dnb_mem050" xlink:to="label_dnb_mem050" />
    <link:label xlink:type="resource" xlink:label="label_dnb_mem050_2" xml:lang="nl" xlink:role="http://www.xbrl.org/2003/role/documentation">I.v.m. wijziging actuariële grondslagen/methoden</link:label>
    <link:labelArc xlink:type="arc" xlink:arcrole="http://www.xbrl.org/2003/arcrole/concept-label" xlink:from="loc_dnb_mem050" xlink:to="label_dnb_mem050_2" />
    <link:loc xlink:type="locator" xlink:href="mem.xsd#dnb_mem051" xlink:label="loc_dnb_mem051" />
    <link:label xlink:type="resource" xlink:label="label_dnb_mem051" xml:lang="nl" xlink:role="http://www.xbrl.org/2003/role/label">Overige mutaties</link:label>
    <link:labelArc xlink:type="arc" xlink:arcrole="http://www.xbrl.org/2003/arcrole/concept-label" xlink:from="loc_dnb_mem051" xlink:to="label_dnb_mem051" />
    <link:label xlink:type="resource" xlink:label="label_dnb_mem051_2" xml:lang="nl" xlink:role="http://www.xbrl.org/2003/role/documentation">Overige mutaties</link:label>
    <link:labelArc xlink:type="arc" xlink:arcrole="http://www.xbrl.org/2003/arcrole/concept-label" xlink:from="loc_dnb_mem051" xlink:to="label_dnb_mem051_2" />
    <link:loc xlink:type="locator" xlink:href="mem.xsd#dnb_mem052" xlink:label="loc_dnb_mem052" />
    <link:label xlink:type="resource" xlink:label="label_dnb_mem052" xml:lang="nl" xlink:role="http://www.xbrl.org/2003/role/label">Overige baten</link:label>
    <link:labelArc xlink:type="arc" xlink:arcrole="http://www.xbrl.org/2003/arcrole/concept-label" xlink:from="loc_dnb_mem052" xlink:to="label_dnb_mem052" />
    <link:label xlink:type="resource" xlink:label="label_dnb_mem052_2" xml:lang="nl" xlink:role="http://www.xbrl.org/2003/role/documentation">Overige baten</link:label>
    <link:labelArc xlink:type="arc" xlink:arcrole="http://www.xbrl.org/2003/arcrole/concept-label" xlink:from="loc_dnb_mem052" xlink:to="label_dnb_mem052_2" />
    <link:loc xlink:type="locator" xlink:href="mem.xsd#dnb_mem053" xlink:label="loc_dnb_mem053" />
    <link:label xlink:type="resource" xlink:label="label_dnb_mem053" xml:lang="nl" xlink:role="http://www.xbrl.org/2003/role/label">Overige lasten</link:label>
    <link:labelArc xlink:type="arc" xlink:arcrole="http://www.xbrl.org/2003/arcrole/concept-label" xlink:from="loc_dnb_mem053" xlink:to="label_dnb_mem053" />
    <link:label xlink:type="resource" xlink:label="label_dnb_mem053_2" xml:lang="nl" xlink:role="http://www.xbrl.org/2003/role/documentation">Overige lasten</link:label>
    <link:labelArc xlink:type="arc" xlink:arcrole="http://www.xbrl.org/2003/arcrole/concept-label" xlink:from="loc_dnb_mem053" xlink:to="label_dnb_mem053_2" />
    <link:loc xlink:type="locator" xlink:href="mem.xsd#dnb_mem054" xlink:label="loc_dnb_mem054" />
    <link:label xlink:type="resource" xlink:label="label_dnb_mem054" xml:lang="nl" xlink:role="http://www.xbrl.org/2003/role/label">Mutaties andere voorzieningen</link:label>
    <link:labelArc xlink:type="arc" xlink:arcrole="http://www.xbrl.org/2003/arcrole/concept-label" xlink:from="loc_dnb_mem054" xlink:to="label_dnb_mem054" />
    <link:label xlink:type="resource" xlink:label="label_dnb_mem054_2" xml:lang="nl" xlink:role="http://www.xbrl.org/2003/role/documentation">Mutaties andere voorzieningen</link:label>
    <link:labelArc xlink:type="arc" xlink:arcrole="http://www.xbrl.org/2003/arcrole/concept-label" xlink:from="loc_dnb_mem054" xlink:to="label_dnb_mem054_2" />
    <link:loc xlink:type="locator" xlink:href="mem.xsd#dnb_mem055" xlink:label="loc_dnb_mem055" />
    <link:label xlink:type="resource" xlink:label="label_dnb_mem055" xml:lang="nl" xlink:role="http://www.xbrl.org/2003/role/label">Ontvangen premie</link:label>
    <link:labelArc xlink:type="arc" xlink:arcrole="http://www.xbrl.org/2003/arcrole/concept-label" xlink:from="loc_dnb_mem055" xlink:to="label_dnb_mem055" />
    <link:label xlink:type="resource" xlink:label="label_dnb_mem055_2" xml:lang="nl" xlink:role="http://www.xbrl.org/2003/role/documentation">Ontvangen premie</link:label>
    <link:labelArc xlink:type="arc" xlink:arcrole="http://www.xbrl.org/2003/arcrole/concept-label" xlink:from="loc_dnb_mem055" xlink:to="label_dnb_mem055_2" />
    <link:loc xlink:type="locator" xlink:href="mem.xsd#dnb_mem056" xlink:label="loc_dnb_mem056" />
    <link:label xlink:type="resource" xlink:label="label_dnb_mem056" xml:lang="nl" xlink:role="http://www.xbrl.org/2003/role/label">Mutatie VPL-voorziening</link:label>
    <link:labelArc xlink:type="arc" xlink:arcrole="http://www.xbrl.org/2003/arcrole/concept-label" xlink:from="loc_dnb_mem056" xlink:to="label_dnb_mem056" />
    <link:label xlink:type="resource" xlink:label="label_dnb_mem056_2" xml:lang="nl" xlink:role="http://www.xbrl.org/2003/role/documentation">Mutatie VPL-voorziening</link:label>
    <link:labelArc xlink:type="arc" xlink:arcrole="http://www.xbrl.org/2003/arcrole/concept-label" xlink:from="loc_dnb_mem056" xlink:to="label_dnb_mem056_2" />
    <link:loc xlink:type="locator" xlink:href="mem.xsd#dnb_mem057" xlink:label="loc_dnb_mem057" />
    <link:label xlink:type="resource" xlink:label="label_dnb_mem057" xml:lang="nl" xlink:role="http://www.xbrl.org/2003/role/label">Mutatie bestemmingsreserve</link:label>
    <link:labelArc xlink:type="arc" xlink:arcrole="http://www.xbrl.org/2003/arcrole/concept-label" xlink:from="loc_dnb_mem057" xlink:to="label_dnb_mem057" />
    <link:label xlink:type="resource" xlink:label="label_dnb_mem057_2" xml:lang="nl" xlink:role="http://www.xbrl.org/2003/role/documentation">Mutatie bestemmingsreserve</link:label>
    <link:labelArc xlink:type="arc" xlink:arcrole="http://www.xbrl.org/2003/arcrole/concept-label" xlink:from="loc_dnb_mem057" xlink:to="label_dnb_mem057_2" />
    <link:loc xlink:type="locator" xlink:href="mem.xsd#dnb_mem058" xlink:label="loc_dnb_mem058" />
    <link:label xlink:type="resource" xlink:label="label_dnb_mem058" xml:lang="nl" xlink:role="http://www.xbrl.org/2003/role/label">Actuarieel benodigd bedrag voor inkoop onvoorwaardelijke aanspraken</link:label>
    <link:labelArc xlink:type="arc" xlink:arcrole="http://www.xbrl.org/2003/arcrole/concept-label" xlink:from="loc_dnb_mem058" xlink:to="label_dnb_mem058" />
    <link:label xlink:type="resource" xlink:label="label_dnb_mem058_2" xml:lang="nl" xlink:role="http://www.xbrl.org/2003/role/documentation">Actuarieel benodigd bedrag voor inkoop onvoorwaardelijke aanspraken</link:label>
    <link:labelArc xlink:type="arc" xlink:arcrole="http://www.xbrl.org/2003/arcrole/concept-label" xlink:from="loc_dnb_mem058" xlink:to="label_dnb_mem058_2" />
    <link:loc xlink:type="locator" xlink:href="mem.xsd#dnb_mem059" xlink:label="loc_dnb_mem059" />
    <link:label xlink:type="resource" xlink:label="label_dnb_mem059" xml:lang="nl" xlink:role="http://www.xbrl.org/2003/role/label">Mutatie bestemmingsreserve inhaalpensioen</link:label>
    <link:labelArc xlink:type="arc" xlink:arcrole="http://www.xbrl.org/2003/arcrole/concept-label" xlink:from="loc_dnb_mem059" xlink:to="label_dnb_mem059" />
    <link:label xlink:type="resource" xlink:label="label_dnb_mem059_2" xml:lang="nl" xlink:role="http://www.xbrl.org/2003/role/documentation">Mutatie bestemmingsreserve inhaalpensioen</link:label>
    <link:labelArc xlink:type="arc" xlink:arcrole="http://www.xbrl.org/2003/arcrole/concept-label" xlink:from="loc_dnb_mem059" xlink:to="label_dnb_mem059_2" />
    <link:loc xlink:type="locator" xlink:href="mem.xsd#dnb_mem060" xlink:label="loc_dnb_mem060" />
    <link:label xlink:type="resource" xlink:label="label_dnb_mem060" xml:lang="nl" xlink:role="http://www.xbrl.org/2003/role/label">Overdrachtssom overgenomen pensioenverplichtingen</link:label>
    <link:labelArc xlink:type="arc" xlink:arcrole="http://www.xbrl.org/2003/arcrole/concept-label" xlink:from="loc_dnb_mem060" xlink:to="label_dnb_mem060" />
    <link:label xlink:type="resource" xlink:label="label_dnb_mem060_2" xml:lang="nl" xlink:role="http://www.xbrl.org/2003/role/documentation">Overdrachtssom overgenomen pensioenverplichtingen</link:label>
    <link:labelArc xlink:type="arc" xlink:arcrole="http://www.xbrl.org/2003/arcrole/concept-label" xlink:from="loc_dnb_mem060" xlink:to="label_dnb_mem060_2" />
    <link:loc xlink:type="locator" xlink:href="mem.xsd#dnb_mem061" xlink:label="loc_dnb_mem061" />
    <link:label xlink:type="resource" xlink:label="label_dnb_mem061" xml:lang="nl" xlink:role="http://www.xbrl.org/2003/role/label">Mutatie T.V. uhv overgenomen pensioenverplichtingen</link:label>
    <link:labelArc xlink:type="arc" xlink:arcrole="http://www.xbrl.org/2003/arcrole/concept-label" xlink:from="loc_dnb_mem061" xlink:to="label_dnb_mem061" />
    <link:label xlink:type="resource" xlink:label="label_dnb_mem061_2" xml:lang="nl" xlink:role="http://www.xbrl.org/2003/role/documentation">Mutatie T.V. uhv overgenomen pensioenverplichtingen</link:label>
    <link:labelArc xlink:type="arc" xlink:arcrole="http://www.xbrl.org/2003/arcrole/concept-label" xlink:from="loc_dnb_mem061" xlink:to="label_dnb_mem061_2" />
    <link:loc xlink:type="locator" xlink:href="mem.xsd#dnb_mem062" xlink:label="loc_dnb_mem062" />
    <link:label xlink:type="resource" xlink:label="label_dnb_mem062" xml:lang="nl" xlink:role="http://www.xbrl.org/2003/role/label">Overdrachtssom overgedragen pensioenverplichtingen</link:label>
    <link:labelArc xlink:type="arc" xlink:arcrole="http://www.xbrl.org/2003/arcrole/concept-label" xlink:from="loc_dnb_mem062" xlink:to="label_dnb_mem062" />
    <link:label xlink:type="resource" xlink:label="label_dnb_mem062_2" xml:lang="nl" xlink:role="http://www.xbrl.org/2003/role/documentation">Overdrachtssom overgedragen pensioenverplichtingen</link:label>
    <link:labelArc xlink:type="arc" xlink:arcrole="http://www.xbrl.org/2003/arcrole/concept-label" xlink:from="loc_dnb_mem062" xlink:to="label_dnb_mem062_2" />
    <link:loc xlink:type="locator" xlink:href="mem.xsd#dnb_mem063" xlink:label="loc_dnb_mem063" />
    <link:label xlink:type="resource" xlink:label="label_dnb_mem063" xml:lang="nl" xlink:role="http://www.xbrl.org/2003/role/label">Mutatie T.V. uhv overgedragen pensioenverplichtingen</link:label>
    <link:labelArc xlink:type="arc" xlink:arcrole="http://www.xbrl.org/2003/arcrole/concept-label" xlink:from="loc_dnb_mem063" xlink:to="label_dnb_mem063" />
    <link:label xlink:type="resource" xlink:label="label_dnb_mem063_2" xml:lang="nl" xlink:role="http://www.xbrl.org/2003/role/documentation">Mutatie T.V. uhv overgedragen pensioenverplichtingen</link:label>
    <link:labelArc xlink:type="arc" xlink:arcrole="http://www.xbrl.org/2003/arcrole/concept-label" xlink:from="loc_dnb_mem063" xlink:to="label_dnb_mem063_2" />
    <link:loc xlink:type="locator" xlink:href="mem.xsd#dnb_mem064" xlink:label="loc_dnb_mem064" />
    <link:label xlink:type="resource" xlink:label="label_dnb_mem064" xml:lang="nl" xlink:role="http://www.xbrl.org/2003/role/label">Mutatie technische voorzieningen uhv uitkeringen</link:label>
    <link:labelArc xlink:type="arc" xlink:arcrole="http://www.xbrl.org/2003/arcrole/concept-label" xlink:from="loc_dnb_mem064" xlink:to="label_dnb_mem064" />
    <link:label xlink:type="resource" xlink:label="label_dnb_mem064_2" xml:lang="nl" xlink:role="http://www.xbrl.org/2003/role/documentation">Mutatie technische voorzieningen uhv uitkeringen</link:label>
    <link:labelArc xlink:type="arc" xlink:arcrole="http://www.xbrl.org/2003/arcrole/concept-label" xlink:from="loc_dnb_mem064" xlink:to="label_dnb_mem064_2" />
    <link:loc xlink:type="locator" xlink:href="mem.xsd#dnb_mem065" xlink:label="loc_dnb_mem065" />
    <link:label xlink:type="resource" xlink:label="label_dnb_mem065" xml:lang="nl" xlink:role="http://www.xbrl.org/2003/role/label">Uitkeringen ontvangen van herverzekeraar uhv garantiecontract</link:label>
    <link:labelArc xlink:type="arc" xlink:arcrole="http://www.xbrl.org/2003/arcrole/concept-label" xlink:from="loc_dnb_mem065" xlink:to="label_dnb_mem065" />
    <link:label xlink:type="resource" xlink:label="label_dnb_mem065_2" xml:lang="nl" xlink:role="http://www.xbrl.org/2003/role/documentation">Uitkeringen ontvangen van herverzekeraar uhv garantiecontract</link:label>
    <link:labelArc xlink:type="arc" xlink:arcrole="http://www.xbrl.org/2003/arcrole/concept-label" xlink:from="loc_dnb_mem065" xlink:to="label_dnb_mem065_2" />
    <link:loc xlink:type="locator" xlink:href="mem.xsd#dnb_mem066" xlink:label="loc_dnb_mem066" />
    <link:label xlink:type="resource" xlink:label="label_dnb_mem066" xml:lang="nl" xlink:role="http://www.xbrl.org/2003/role/label">Feitelijke uitkeringen</link:label>
    <link:labelArc xlink:type="arc" xlink:arcrole="http://www.xbrl.org/2003/arcrole/concept-label" xlink:from="loc_dnb_mem066" xlink:to="label_dnb_mem066" />
    <link:label xlink:type="resource" xlink:label="label_dnb_mem066_2" xml:lang="nl" xlink:role="http://www.xbrl.org/2003/role/documentation">Feitelijke uitkeringen</link:label>
    <link:labelArc xlink:type="arc" xlink:arcrole="http://www.xbrl.org/2003/arcrole/concept-label" xlink:from="loc_dnb_mem066" xlink:to="label_dnb_mem066_2" />
    <link:loc xlink:type="locator" xlink:href="mem.xsd#dnb_mem067" xlink:label="loc_dnb_mem067" />
    <link:label xlink:type="resource" xlink:label="label_dnb_mem067" xml:lang="nl" xlink:role="http://www.xbrl.org/2003/role/label">Vrijval technische voorziening door afkopen</link:label>
    <link:labelArc xlink:type="arc" xlink:arcrole="http://www.xbrl.org/2003/arcrole/concept-label" xlink:from="loc_dnb_mem067" xlink:to="label_dnb_mem067" />
    <link:label xlink:type="resource" xlink:label="label_dnb_mem067_2" xml:lang="nl" xlink:role="http://www.xbrl.org/2003/role/documentation">Vrijval technische voorziening door afkopen</link:label>
    <link:labelArc xlink:type="arc" xlink:arcrole="http://www.xbrl.org/2003/arcrole/concept-label" xlink:from="loc_dnb_mem067" xlink:to="label_dnb_mem067_2" />
    <link:loc xlink:type="locator" xlink:href="mem.xsd#dnb_mem068" xlink:label="loc_dnb_mem068" />
    <link:label xlink:type="resource" xlink:label="label_dnb_mem068" xml:lang="nl" xlink:role="http://www.xbrl.org/2003/role/label">Feitelijke afkopen</link:label>
    <link:labelArc xlink:type="arc" xlink:arcrole="http://www.xbrl.org/2003/arcrole/concept-label" xlink:from="loc_dnb_mem068" xlink:to="label_dnb_mem068" />
    <link:label xlink:type="resource" xlink:label="label_dnb_mem068_2" xml:lang="nl" xlink:role="http://www.xbrl.org/2003/role/documentation">Feitelijke afkopen</link:label>
    <link:labelArc xlink:type="arc" xlink:arcrole="http://www.xbrl.org/2003/arcrole/concept-label" xlink:from="loc_dnb_mem068" xlink:to="label_dnb_mem068_2" />
    <link:loc xlink:type="locator" xlink:href="mem.xsd#dnb_mem069" xlink:label="loc_dnb_mem069" />
    <link:label xlink:type="resource" xlink:label="label_dnb_mem069" xml:lang="nl" xlink:role="http://www.xbrl.org/2003/role/label">Resultaat op langleven</link:label>
    <link:labelArc xlink:type="arc" xlink:arcrole="http://www.xbrl.org/2003/arcrole/concept-label" xlink:from="loc_dnb_mem069" xlink:to="label_dnb_mem069" />
    <link:label xlink:type="resource" xlink:label="label_dnb_mem069_2" xml:lang="nl" xlink:role="http://www.xbrl.org/2003/role/documentation">Resultaat op langleven</link:label>
    <link:labelArc xlink:type="arc" xlink:arcrole="http://www.xbrl.org/2003/arcrole/concept-label" xlink:from="loc_dnb_mem069" xlink:to="label_dnb_mem069_2" />
    <link:loc xlink:type="locator" xlink:href="mem.xsd#dnb_mem070" xlink:label="loc_dnb_mem070" />
    <link:label xlink:type="resource" xlink:label="label_dnb_mem070" xml:lang="nl" xlink:role="http://www.xbrl.org/2003/role/label">Resultaat op kortleven</link:label>
    <link:labelArc xlink:type="arc" xlink:arcrole="http://www.xbrl.org/2003/arcrole/concept-label" xlink:from="loc_dnb_mem070" xlink:to="label_dnb_mem070" />
    <link:label xlink:type="resource" xlink:label="label_dnb_mem070_2" xml:lang="nl" xlink:role="http://www.xbrl.org/2003/role/documentation">Resultaat op kortleven</link:label>
    <link:labelArc xlink:type="arc" xlink:arcrole="http://www.xbrl.org/2003/arcrole/concept-label" xlink:from="loc_dnb_mem070" xlink:to="label_dnb_mem070_2" />
    <link:loc xlink:type="locator" xlink:href="mem.xsd#dnb_mem071" xlink:label="loc_dnb_mem071" />
    <link:label xlink:type="resource" xlink:label="label_dnb_mem071" xml:lang="nl" xlink:role="http://www.xbrl.org/2003/role/label">Resultaat uhv risicoherverzekering of garantiecontract</link:label>
    <link:labelArc xlink:type="arc" xlink:arcrole="http://www.xbrl.org/2003/arcrole/concept-label" xlink:from="loc_dnb_mem071" xlink:to="label_dnb_mem071" />
    <link:label xlink:type="resource" xlink:label="label_dnb_mem071_2" xml:lang="nl" xlink:role="http://www.xbrl.org/2003/role/documentation">Resultaat uhv risicoherverzekering of garantiecontract</link:label>
    <link:labelArc xlink:type="arc" xlink:arcrole="http://www.xbrl.org/2003/arcrole/concept-label" xlink:from="loc_dnb_mem071" xlink:to="label_dnb_mem071_2" />
    <link:loc xlink:type="locator" xlink:href="mem.xsd#dnb_mem072" xlink:label="loc_dnb_mem072" />
    <link:label xlink:type="resource" xlink:label="label_dnb_mem072" xml:lang="nl" xlink:role="http://www.xbrl.org/2003/role/label">Mutatie TV door arbeidsongeschiktheidsschades</link:label>
    <link:labelArc xlink:type="arc" xlink:arcrole="http://www.xbrl.org/2003/arcrole/concept-label" xlink:from="loc_dnb_mem072" xlink:to="label_dnb_mem072" />
    <link:label xlink:type="resource" xlink:label="label_dnb_mem072_2" xml:lang="nl" xlink:role="http://www.xbrl.org/2003/role/documentation">Mutatie TV door arbeidsongeschiktheidsschades</link:label>
    <link:labelArc xlink:type="arc" xlink:arcrole="http://www.xbrl.org/2003/arcrole/concept-label" xlink:from="loc_dnb_mem072" xlink:to="label_dnb_mem072_2" />
    <link:loc xlink:type="locator" xlink:href="mem.xsd#dnb_mem073" xlink:label="loc_dnb_mem073" />
    <link:label xlink:type="resource" xlink:label="label_dnb_mem073" xml:lang="nl" xlink:role="http://www.xbrl.org/2003/role/label">Risicokoopsom arbeidsongeschiktheid -/-</link:label>
    <link:labelArc xlink:type="arc" xlink:arcrole="http://www.xbrl.org/2003/arcrole/concept-label" xlink:from="loc_dnb_mem073" xlink:to="label_dnb_mem073" />
    <link:label xlink:type="resource" xlink:label="label_dnb_mem073_2" xml:lang="nl" xlink:role="http://www.xbrl.org/2003/role/documentation">Risicokoopsom arbeidsongeschiktheid -/-</link:label>
    <link:labelArc xlink:type="arc" xlink:arcrole="http://www.xbrl.org/2003/arcrole/concept-label" xlink:from="loc_dnb_mem073" xlink:to="label_dnb_mem073_2" />
    <link:loc xlink:type="locator" xlink:href="mem.xsd#dnb_mem074" xlink:label="loc_dnb_mem074" />
    <link:label xlink:type="resource" xlink:label="label_dnb_mem074" xml:lang="nl" xlink:role="http://www.xbrl.org/2003/role/label">Resultaatdeling arbeidsongeschiktheid</link:label>
    <link:labelArc xlink:type="arc" xlink:arcrole="http://www.xbrl.org/2003/arcrole/concept-label" xlink:from="loc_dnb_mem074" xlink:to="label_dnb_mem074" />
    <link:label xlink:type="resource" xlink:label="label_dnb_mem074_2" xml:lang="nl" xlink:role="http://www.xbrl.org/2003/role/documentation">Resultaatdeling arbeidsongeschiktheid</link:label>
    <link:labelArc xlink:type="arc" xlink:arcrole="http://www.xbrl.org/2003/arcrole/concept-label" xlink:from="loc_dnb_mem074" xlink:to="label_dnb_mem074_2" />
    <link:loc xlink:type="locator" xlink:href="mem.xsd#dnb_mem075" xlink:label="loc_dnb_mem075" />
    <link:label xlink:type="resource" xlink:label="label_dnb_mem075" xml:lang="nl" xlink:role="http://www.xbrl.org/2003/role/label">Ontvangen uitkeringen arbeidsongeschiktheid</link:label>
    <link:labelArc xlink:type="arc" xlink:arcrole="http://www.xbrl.org/2003/arcrole/concept-label" xlink:from="loc_dnb_mem075" xlink:to="label_dnb_mem075" />
    <link:label xlink:type="resource" xlink:label="label_dnb_mem075_2" xml:lang="nl" xlink:role="http://www.xbrl.org/2003/role/documentation">Ontvangen uitkeringen arbeidsongeschiktheid</link:label>
    <link:labelArc xlink:type="arc" xlink:arcrole="http://www.xbrl.org/2003/arcrole/concept-label" xlink:from="loc_dnb_mem075" xlink:to="label_dnb_mem075_2" />
    <link:loc xlink:type="locator" xlink:href="mem.xsd#dnb_mem076" xlink:label="loc_dnb_mem076" />
    <link:label xlink:type="resource" xlink:label="label_dnb_mem076" xml:lang="nl" xlink:role="http://www.xbrl.org/2003/role/label">Door overlijden vrijgevallen uit de technische voorziening</link:label>
    <link:labelArc xlink:type="arc" xlink:arcrole="http://www.xbrl.org/2003/arcrole/concept-label" xlink:from="loc_dnb_mem076" xlink:to="label_dnb_mem076" />
    <link:label xlink:type="resource" xlink:label="label_dnb_mem076_2" xml:lang="nl" xlink:role="http://www.xbrl.org/2003/role/documentation">Door overlijden vrijgevallen uit de technische voorziening</link:label>
    <link:labelArc xlink:type="arc" xlink:arcrole="http://www.xbrl.org/2003/arcrole/concept-label" xlink:from="loc_dnb_mem076" xlink:to="label_dnb_mem076_2" />
    <link:loc xlink:type="locator" xlink:href="mem.xsd#dnb_mem077" xlink:label="loc_dnb_mem077" />
    <link:label xlink:type="resource" xlink:label="label_dnb_mem077" xml:lang="nl" xlink:role="http://www.xbrl.org/2003/role/label">Risicopremie</link:label>
    <link:labelArc xlink:type="arc" xlink:arcrole="http://www.xbrl.org/2003/arcrole/concept-label" xlink:from="loc_dnb_mem077" xlink:to="label_dnb_mem077" />
    <link:label xlink:type="resource" xlink:label="label_dnb_mem077_2" xml:lang="nl" xlink:role="http://www.xbrl.org/2003/role/documentation">Risicopremie</link:label>
    <link:labelArc xlink:type="arc" xlink:arcrole="http://www.xbrl.org/2003/arcrole/concept-label" xlink:from="loc_dnb_mem077" xlink:to="label_dnb_mem077_2" />
    <link:loc xlink:type="locator" xlink:href="mem.xsd#dnb_mem078" xlink:label="loc_dnb_mem078" />
    <link:label xlink:type="resource" xlink:label="label_dnb_mem078" xml:lang="nl" xlink:role="http://www.xbrl.org/2003/role/label">Toevoeging technische voorziening door ingegaan NP</link:label>
    <link:labelArc xlink:type="arc" xlink:arcrole="http://www.xbrl.org/2003/arcrole/concept-label" xlink:from="loc_dnb_mem078" xlink:to="label_dnb_mem078" />
    <link:label xlink:type="resource" xlink:label="label_dnb_mem078_2" xml:lang="nl" xlink:role="http://www.xbrl.org/2003/role/documentation">Toevoeging technische voorziening door ingegaan NP</link:label>
    <link:labelArc xlink:type="arc" xlink:arcrole="http://www.xbrl.org/2003/arcrole/concept-label" xlink:from="loc_dnb_mem078" xlink:to="label_dnb_mem078_2" />
    <link:loc xlink:type="locator" xlink:href="mem.xsd#dnb_mem079" xlink:label="loc_dnb_mem079" />
    <link:label xlink:type="resource" xlink:label="label_dnb_mem079" xml:lang="nl" xlink:role="http://www.xbrl.org/2003/role/label">Risicokoopsom overlijden -/-</link:label>
    <link:labelArc xlink:type="arc" xlink:arcrole="http://www.xbrl.org/2003/arcrole/concept-label" xlink:from="loc_dnb_mem079" xlink:to="label_dnb_mem079" />
    <link:label xlink:type="resource" xlink:label="label_dnb_mem079_2" xml:lang="nl" xlink:role="http://www.xbrl.org/2003/role/documentation">Risicokoopsom overlijden -/-</link:label>
    <link:labelArc xlink:type="arc" xlink:arcrole="http://www.xbrl.org/2003/arcrole/concept-label" xlink:from="loc_dnb_mem079" xlink:to="label_dnb_mem079_2" />
    <link:loc xlink:type="locator" xlink:href="mem.xsd#dnb_mem080" xlink:label="loc_dnb_mem080" />
    <link:label xlink:type="resource" xlink:label="label_dnb_mem080" xml:lang="nl" xlink:role="http://www.xbrl.org/2003/role/label">Resultaatdeling overlijden</link:label>
    <link:labelArc xlink:type="arc" xlink:arcrole="http://www.xbrl.org/2003/arcrole/concept-label" xlink:from="loc_dnb_mem080" xlink:to="label_dnb_mem080" />
    <link:label xlink:type="resource" xlink:label="label_dnb_mem080_2" xml:lang="nl" xlink:role="http://www.xbrl.org/2003/role/documentation">Resultaatdeling overlijden</link:label>
    <link:labelArc xlink:type="arc" xlink:arcrole="http://www.xbrl.org/2003/arcrole/concept-label" xlink:from="loc_dnb_mem080" xlink:to="label_dnb_mem080_2" />
    <link:loc xlink:type="locator" xlink:href="mem.xsd#dnb_mem081" xlink:label="loc_dnb_mem081" />
    <link:label xlink:type="resource" xlink:label="label_dnb_mem081" xml:lang="nl" xlink:role="http://www.xbrl.org/2003/role/label">Ontvangen uitkeringen overlijden</link:label>
    <link:labelArc xlink:type="arc" xlink:arcrole="http://www.xbrl.org/2003/arcrole/concept-label" xlink:from="loc_dnb_mem081" xlink:to="label_dnb_mem081" />
    <link:label xlink:type="resource" xlink:label="label_dnb_mem081_2" xml:lang="nl" xlink:role="http://www.xbrl.org/2003/role/documentation">Ontvangen uitkeringen overlijden</link:label>
    <link:labelArc xlink:type="arc" xlink:arcrole="http://www.xbrl.org/2003/arcrole/concept-label" xlink:from="loc_dnb_mem081" xlink:to="label_dnb_mem081_2" />
  </link:labelLink>
</link:linkbase>