﻿<?xml version="1.0" encoding="utf-8"?>
<?taxonomy-version 2.9.0.0 ?> <?taxonomy-set-overall-version 2.9.0.0 ?>
<!--(C) EBA-->
<link:linkbase xmlns:xsi="http://www.w3.org/2001/XMLSchema-instance" xmlns:xlink="http://www.w3.org/1999/xlink" xmlns:link="http://www.xbrl.org/2003/linkbase" xmlns:gen="http://xbrl.org/2008/generic" xmlns:label="http://xbrl.org/2008/label" xsi:schemaLocation="http://www.xbrl.org/2003/linkbase http://www.xbrl.org/2003/xbrl-linkbase-2003-12-31.xsd http://xbrl.org/2008/generic http://www.xbrl.org/2008/generic-link.xsd http://xbrl.org/2008/label http://www.xbrl.org/2008/generic-label.xsd">
  <link:arcroleRef arcroleURI="http://xbrl.org/arcrole/2008/element-label" xlink:type="simple" xlink:href="http://www.xbrl.org/2008/generic-label.xsd#element-label" />
  <link:roleRef roleURI="http://www.xbrl.org/2008/role/label" xlink:type="simple" xlink:href="http://www.xbrl.org/2008/generic-label.xsd#standard-label" />
  <link:roleRef roleURI="http://www.xbrl.org/2008/role/verboseLabel" xlink:type="simple" xlink:href="http://www.xbrl.org/2008/generic-label.xsd#verbose-label" />
  <gen:link xlink:type="extended" xlink:role="http://www.xbrl.org/2003/role/link">
    <link:loc xlink:type="locator" xlink:href="hier.xsd#eba_SC1" xlink:label="loc_eba_SC1" />
    <label:label xlink:type="resource" xlink:label="label_eba_SC1" xml:lang="en" xlink:role="http://www.xbrl.org/2008/role/label">Individual / Prudential Consolidation Scope</label:label>
    <gen:arc xlink:type="arc" xlink:arcrole="http://xbrl.org/arcrole/2008/element-label" xlink:from="loc_eba_SC1" xlink:to="label_eba_SC1" />
    <label:label xlink:type="resource" xlink:label="label_eba_SC1_1" xml:lang="en" xlink:role="http://www.xbrl.org/2008/role/verboseLabel">Lists allowed values for the 'Reporting level' metric</label:label>
    <gen:arc xlink:type="arc" xlink:arcrole="http://xbrl.org/arcrole/2008/element-label" xlink:from="loc_eba_SC1" xlink:to="label_eba_SC1_1" />
    <link:loc xlink:type="locator" xlink:href="hier.xsd#eba_SC2" xlink:label="loc_eba_SC2" />
    <label:label xlink:type="resource" xlink:label="label_eba_SC2" xml:lang="en" xlink:role="http://www.xbrl.org/2008/role/label">Consolidation Scope</label:label>
    <gen:arc xlink:type="arc" xlink:arcrole="http://xbrl.org/arcrole/2008/element-label" xlink:from="loc_eba_SC2" xlink:to="label_eba_SC2" />
    <link:loc xlink:type="locator" xlink:href="hier.xsd#eba_SC1_1" xlink:label="loc_eba_SC1_1." />
    <label:label xlink:type="resource" xlink:label="label_eba_SC1_1." xml:lang="en" xlink:role="http://www.xbrl.org/2008/role/label">Consolidation Scope including Resolution</label:label>
    <gen:arc xlink:type="arc" xlink:arcrole="http://xbrl.org/arcrole/2008/element-label" xlink:from="loc_eba_SC1_1." xlink:to="label_eba_SC1_1." />
    <label:label xlink:type="resource" xlink:label="label_eba_SC1_1._1" xml:lang="en" xlink:role="http://www.xbrl.org/2008/role/verboseLabel">Lists allowed values for the 'Reporting level' metric from 2.8</label:label>
    <gen:arc xlink:type="arc" xlink:arcrole="http://xbrl.org/arcrole/2008/element-label" xlink:from="loc_eba_SC1_1." xlink:to="label_eba_SC1_1._1" />
    <link:loc xlink:type="locator" xlink:href="hier.xsd#eba_SC3" xlink:label="loc_eba_SC3" />
    <label:label xlink:type="resource" xlink:label="label_eba_SC3" xml:lang="en" xlink:role="http://www.xbrl.org/2008/role/label">Type of report</label:label>
    <gen:arc xlink:type="arc" xlink:arcrole="http://xbrl.org/arcrole/2008/element-label" xlink:from="loc_eba_SC3" xlink:to="label_eba_SC3" />
    <label:label xlink:type="resource" xlink:label="label_eba_SC3_1" xml:lang="en" xlink:role="http://www.xbrl.org/2008/role/verboseLabel">Lists allowed values for the 'Reporting level' metric from 2.9</label:label>
    <gen:arc xlink:type="arc" xlink:arcrole="http://xbrl.org/arcrole/2008/element-label" xlink:from="loc_eba_SC3" xlink:to="label_eba_SC3_1" />
  </gen:link>
</link:linkbase>