<ns0:linkbase xmlns:ns0="http://www.xbrl.org/2003/linkbase" xmlns:ns2="http://www.w3.org/1999/xlink" xmlns:xsi="http://www.w3.org/2001/XMLSchema-instance" xsi:schemaLocation="http://www.xbrl.org/2003/linkbase http://www.xbrl.org/2003/xbrl-linkbase-2003-12-31.xsd">
    <ns0:roleRef roleURI="http://ferc.gov/form/2020-01-01/roles/Schedule/F1Q/ElectricCustomerAccountsServiceSalesAdministrativeAndGeneralExpenses" ns2:href="form-1Q-sched-ElectricCustomerAccountsServiceSalesAdministrativeAndGeneralExpenses_2020-01-01.xsd#roleType_ElectricCustomerAccountsServiceSalesAdministrativeAndGeneralExpenses" ns2:type="simple" />
    <ns0:calculationLink ns2:role="http://ferc.gov/form/2020-01-01/roles/Schedule/F1Q/ElectricCustomerAccountsServiceSalesAdministrativeAndGeneralExpenses" ns2:type="extended">
        <ns0:loc ns2:href="../../ferc-core_2020-01-01.xsd#ferc_AdministrativeAndGeneralOperationExpense" ns2:label="ferc_AdministrativeAndGeneralOperationExpense" ns2:type="locator" />
        <ns0:loc ns2:href="../../ferc-core_2020-01-01.xsd#ferc_AdministrativeAndGeneralSalaries" ns2:label="ferc_AdministrativeAndGeneralSalaries" ns2:type="locator" />
        <ns0:calculationArc order="1" weight="1" ns2:arcrole="http://www.xbrl.org/2003/arcrole/summation-item" ns2:from="ferc_AdministrativeAndGeneralOperationExpense" ns2:to="ferc_AdministrativeAndGeneralSalaries" ns2:type="arc" />
        <ns0:loc ns2:href="../../ferc-core_2020-01-01.xsd#ferc_OfficeSuppliesAndExpenses" ns2:label="ferc_OfficeSuppliesAndExpenses" ns2:type="locator" />
        <ns0:calculationArc order="1" weight="1" ns2:arcrole="http://www.xbrl.org/2003/arcrole/summation-item" ns2:from="ferc_AdministrativeAndGeneralOperationExpense" ns2:to="ferc_OfficeSuppliesAndExpenses" ns2:type="arc" />
        <ns0:loc ns2:href="../../ferc-core_2020-01-01.xsd#ferc_AdministrativeExpensesTransferredCredit" ns2:label="ferc_AdministrativeExpensesTransferredCredit" ns2:type="locator" />
        <ns0:calculationArc order="1" weight="-1" ns2:arcrole="http://www.xbrl.org/2003/arcrole/summation-item" ns2:from="ferc_AdministrativeAndGeneralOperationExpense" ns2:to="ferc_AdministrativeExpensesTransferredCredit" ns2:type="arc" />
        <ns0:loc ns2:href="../../ferc-core_2020-01-01.xsd#ferc_OutsideServicesEmployed" ns2:label="ferc_OutsideServicesEmployed" ns2:type="locator" />
        <ns0:calculationArc order="1" weight="1" ns2:arcrole="http://www.xbrl.org/2003/arcrole/summation-item" ns2:from="ferc_AdministrativeAndGeneralOperationExpense" ns2:to="ferc_OutsideServicesEmployed" ns2:type="arc" />
        <ns0:loc ns2:href="../../ferc-core_2020-01-01.xsd#ferc_PropertyInsurance" ns2:label="ferc_PropertyInsurance" ns2:type="locator" />
        <ns0:calculationArc order="1" weight="1" ns2:arcrole="http://www.xbrl.org/2003/arcrole/summation-item" ns2:from="ferc_AdministrativeAndGeneralOperationExpense" ns2:to="ferc_PropertyInsurance" ns2:type="arc" />
        <ns0:loc ns2:href="../../ferc-core_2020-01-01.xsd#ferc_InjuriesAndDamages" ns2:label="ferc_InjuriesAndDamages" ns2:type="locator" />
        <ns0:calculationArc order="1" weight="1" ns2:arcrole="http://www.xbrl.org/2003/arcrole/summation-item" ns2:from="ferc_AdministrativeAndGeneralOperationExpense" ns2:to="ferc_InjuriesAndDamages" ns2:type="arc" />
        <ns0:loc ns2:href="../../ferc-core_2020-01-01.xsd#ferc_EmployeePensionsAndBenefits" ns2:label="ferc_EmployeePensionsAndBenefits" ns2:type="locator" />
        <ns0:calculationArc order="1" weight="1" ns2:arcrole="http://www.xbrl.org/2003/arcrole/summation-item" ns2:from="ferc_AdministrativeAndGeneralOperationExpense" ns2:to="ferc_EmployeePensionsAndBenefits" ns2:type="arc" />
        <ns0:loc ns2:href="../../ferc-core_2020-01-01.xsd#ferc_FranchiseRequirements" ns2:label="ferc_FranchiseRequirements" ns2:type="locator" />
        <ns0:calculationArc order="1" weight="1" ns2:arcrole="http://www.xbrl.org/2003/arcrole/summation-item" ns2:from="ferc_AdministrativeAndGeneralOperationExpense" ns2:to="ferc_FranchiseRequirements" ns2:type="arc" />
        <ns0:loc ns2:href="../../ferc-core_2020-01-01.xsd#ferc_RegulatoryCommissionExpenses" ns2:label="ferc_RegulatoryCommissionExpenses" ns2:type="locator" />
        <ns0:calculationArc order="1" weight="1" ns2:arcrole="http://www.xbrl.org/2003/arcrole/summation-item" ns2:from="ferc_AdministrativeAndGeneralOperationExpense" ns2:to="ferc_RegulatoryCommissionExpenses" ns2:type="arc" />
        <ns0:loc ns2:href="../../ferc-core_2020-01-01.xsd#ferc_DuplicateChargesCredit" ns2:label="ferc_DuplicateChargesCredit" ns2:type="locator" />
        <ns0:calculationArc order="1" weight="-1" ns2:arcrole="http://www.xbrl.org/2003/arcrole/summation-item" ns2:from="ferc_AdministrativeAndGeneralOperationExpense" ns2:to="ferc_DuplicateChargesCredit" ns2:type="arc" />
        <ns0:loc ns2:href="../../ferc-core_2020-01-01.xsd#ferc_GeneralAdvertisingExpenses" ns2:label="ferc_GeneralAdvertisingExpenses" ns2:type="locator" />
        <ns0:calculationArc order="1" weight="1" ns2:arcrole="http://www.xbrl.org/2003/arcrole/summation-item" ns2:from="ferc_AdministrativeAndGeneralOperationExpense" ns2:to="ferc_GeneralAdvertisingExpenses" ns2:type="arc" />
        <ns0:loc ns2:href="../../ferc-core_2020-01-01.xsd#ferc_MiscellaneousGeneralExpenses" ns2:label="ferc_MiscellaneousGeneralExpenses" ns2:type="locator" />
        <ns0:calculationArc order="1" weight="1" ns2:arcrole="http://www.xbrl.org/2003/arcrole/summation-item" ns2:from="ferc_AdministrativeAndGeneralOperationExpense" ns2:to="ferc_MiscellaneousGeneralExpenses" ns2:type="arc" />
        <ns0:loc ns2:href="../../ferc-core_2020-01-01.xsd#ferc_RentsAdministrativeAndGeneralExpense" ns2:label="ferc_RentsAdministrativeAndGeneralExpense" ns2:type="locator" />
        <ns0:calculationArc order="1" weight="1" ns2:arcrole="http://www.xbrl.org/2003/arcrole/summation-item" ns2:from="ferc_AdministrativeAndGeneralOperationExpense" ns2:to="ferc_RentsAdministrativeAndGeneralExpense" ns2:type="arc" />
        <ns0:loc ns2:href="../../ferc-core_2020-01-01.xsd#ferc_AdministrativeAndGeneralExpenses" ns2:label="ferc_AdministrativeAndGeneralExpenses" ns2:type="locator" />
        <ns0:calculationArc order="1" weight="1" ns2:arcrole="http://www.xbrl.org/2003/arcrole/summation-item" ns2:from="ferc_AdministrativeAndGeneralExpenses" ns2:to="ferc_AdministrativeAndGeneralOperationExpense" ns2:type="arc" />
        <ns0:loc ns2:href="../../ferc-core_2020-01-01.xsd#ferc_MaintenanceOfGeneralPlant" ns2:label="ferc_MaintenanceOfGeneralPlant" ns2:type="locator" />
        <ns0:calculationArc order="1" weight="1" ns2:arcrole="http://www.xbrl.org/2003/arcrole/summation-item" ns2:from="ferc_AdministrativeAndGeneralExpenses" ns2:to="ferc_MaintenanceOfGeneralPlant" ns2:type="arc" />
    </ns0:calculationLink>
</ns0:linkbase>