<ns0:linkbase xmlns:ns0="http://www.xbrl.org/2003/linkbase" xmlns:ns2="http://www.w3.org/1999/xlink" xmlns:ns3="http://xbrl.org/2005/xbrldt" xmlns:xsi="http://www.w3.org/2001/XMLSchema-instance" xsi:schemaLocation="http://www.xbrl.org/2003/linkbase http://www.xbrl.org/2003/xbrl-linkbase-2003-12-31.xsd">
    <ns0:arcroleRef arcroleURI="http://xbrl.org/int/dim/arcrole/dimension-domain" ns2:href="http://www.xbrl.org/2005/xbrldt-2005.xsd#dimension-domain" ns2:type="simple" />
    <ns0:arcroleRef arcroleURI="http://xbrl.org/int/dim/arcrole/dimension-default" ns2:href="http://www.xbrl.org/2005/xbrldt-2005.xsd#dimension-default" ns2:type="simple" />
    <ns0:roleRef roleURI="http://ferc.gov/form/2020-01-01/roles/Schedule/F1Q/ElectricCustomerAccountsServiceSalesAdministrativeAndGeneralExpenses" ns2:href="form-1Q-sched-ElectricCustomerAccountsServiceSalesAdministrativeAndGeneralExpenses_2020-01-01.xsd#roleType_ElectricCustomerAccountsServiceSalesAdministrativeAndGeneralExpenses" ns2:type="simple" />
    <ns0:arcroleRef arcroleURI="http://xbrl.org/int/dim/arcrole/hypercube-dimension" ns2:href="http://www.xbrl.org/2005/xbrldt-2005.xsd#hypercube-dimension" ns2:type="simple" />
    <ns0:arcroleRef arcroleURI="http://xbrl.org/int/dim/arcrole/all" ns2:href="http://www.xbrl.org/2005/xbrldt-2005.xsd#all" ns2:type="simple" />
    <ns0:arcroleRef arcroleURI="http://xbrl.org/int/dim/arcrole/domain-member" ns2:href="http://www.xbrl.org/2005/xbrldt-2005.xsd#domain-member" ns2:type="simple" />
    <ns0:definitionLink ns2:role="http://ferc.gov/form/2020-01-01/roles/Schedule/F1Q/ElectricCustomerAccountsServiceSalesAdministrativeAndGeneralExpenses" ns2:type="extended">
        <ns0:loc ns2:href="../../ferc-core_2020-01-01.xsd#ferc_ScheduleElectricCustomerAccountServiceSalesAdministrativeAndGeneralExpensesAbstract" ns2:label="ferc_ScheduleElectricCustomerAccountServiceSalesAdministrativeAndGeneralExpensesAbstract" ns2:type="locator" />
        <ns0:loc ns2:href="../../ferc-core_2020-01-01.xsd#ferc_CustomerAccountsServiceSalesAdministrativeAndGeneralExpensesLineItems" ns2:label="ferc_CustomerAccountsServiceSalesAdministrativeAndGeneralExpensesLineItems" ns2:type="locator" />
        <ns0:definitionArc order="1" ns2:arcrole="http://xbrl.org/int/dim/arcrole/domain-member" ns2:from="ferc_ScheduleElectricCustomerAccountServiceSalesAdministrativeAndGeneralExpensesAbstract" ns2:to="ferc_CustomerAccountsServiceSalesAdministrativeAndGeneralExpensesLineItems" ns2:type="arc" />
        <ns0:loc ns2:href="../../ferc-core_2020-01-01.xsd#ferc_CustomerAccountsServiceSalesAdministrativeAndGeneralExpensesTable" ns2:label="ferc_CustomerAccountsServiceSalesAdministrativeAndGeneralExpensesTable" ns2:type="locator" />
        <ns0:definitionArc order="1" ns2:arcrole="http://xbrl.org/int/dim/arcrole/all" ns2:from="ferc_CustomerAccountsServiceSalesAdministrativeAndGeneralExpensesLineItems" ns2:to="ferc_CustomerAccountsServiceSalesAdministrativeAndGeneralExpensesTable" ns2:type="arc" ns3:closed="true" ns3:contextElement="segment" />
        <ns0:loc ns2:href="../../ferc-core_2020-01-01.xsd#ferc_CustomerAccountsExpensesOperationsAbstract" ns2:label="ferc_CustomerAccountsExpensesOperationsAbstract" ns2:type="locator" />
        <ns0:definitionArc order="2" ns2:arcrole="http://xbrl.org/int/dim/arcrole/domain-member" ns2:from="ferc_CustomerAccountsServiceSalesAdministrativeAndGeneralExpensesLineItems" ns2:to="ferc_CustomerAccountsExpensesOperationsAbstract" ns2:type="arc" />
        <ns0:loc ns2:href="../../ferc-core_2020-01-01.xsd#ferc_CustomerAccountExpenses" ns2:label="ferc_CustomerAccountExpenses" ns2:type="locator" />
        <ns0:definitionArc order="1" ns2:arcrole="http://xbrl.org/int/dim/arcrole/domain-member" ns2:from="ferc_CustomerAccountsExpensesOperationsAbstract" ns2:to="ferc_CustomerAccountExpenses" ns2:type="arc" />
        <ns0:loc ns2:href="../../ferc-core_2020-01-01.xsd#ferc_CustomerServiceAndInformationExpenses" ns2:label="ferc_CustomerServiceAndInformationExpenses" ns2:type="locator" />
        <ns0:definitionArc order="2" ns2:arcrole="http://xbrl.org/int/dim/arcrole/domain-member" ns2:from="ferc_CustomerAccountsExpensesOperationsAbstract" ns2:to="ferc_CustomerServiceAndInformationExpenses" ns2:type="arc" />
        <ns0:loc ns2:href="../../ferc-core_2020-01-01.xsd#ferc_SalesExpenses" ns2:label="ferc_SalesExpenses" ns2:type="locator" />
        <ns0:definitionArc order="3" ns2:arcrole="http://xbrl.org/int/dim/arcrole/domain-member" ns2:from="ferc_CustomerAccountsExpensesOperationsAbstract" ns2:to="ferc_SalesExpenses" ns2:type="arc" />
        <ns0:loc ns2:href="../../ferc-core_2020-01-01.xsd#ferc_AdministrativeAndGeneralExpensesAbstract" ns2:label="ferc_AdministrativeAndGeneralExpensesAbstract" ns2:type="locator" />
        <ns0:definitionArc order="3" ns2:arcrole="http://xbrl.org/int/dim/arcrole/domain-member" ns2:from="ferc_CustomerAccountsServiceSalesAdministrativeAndGeneralExpensesLineItems" ns2:to="ferc_AdministrativeAndGeneralExpensesAbstract" ns2:type="arc" />
        <ns0:loc ns2:href="../../ferc-core_2020-01-01.xsd#ferc_AdministrativeAndGeneralExpensesOperationAbstract" ns2:label="ferc_AdministrativeAndGeneralExpensesOperationAbstract" ns2:type="locator" />
        <ns0:definitionArc order="1" ns2:arcrole="http://xbrl.org/int/dim/arcrole/domain-member" ns2:from="ferc_AdministrativeAndGeneralExpensesAbstract" ns2:to="ferc_AdministrativeAndGeneralExpensesOperationAbstract" ns2:type="arc" />
        <ns0:loc ns2:href="../../ferc-core_2020-01-01.xsd#ferc_AdministrativeAndGeneralSalaries" ns2:label="ferc_AdministrativeAndGeneralSalaries" ns2:type="locator" />
        <ns0:definitionArc order="1" ns2:arcrole="http://xbrl.org/int/dim/arcrole/domain-member" ns2:from="ferc_AdministrativeAndGeneralExpensesOperationAbstract" ns2:to="ferc_AdministrativeAndGeneralSalaries" ns2:type="arc" />
        <ns0:loc ns2:href="../../ferc-core_2020-01-01.xsd#ferc_OfficeSuppliesAndExpenses" ns2:label="ferc_OfficeSuppliesAndExpenses" ns2:type="locator" />
        <ns0:definitionArc order="2" ns2:arcrole="http://xbrl.org/int/dim/arcrole/domain-member" ns2:from="ferc_AdministrativeAndGeneralExpensesOperationAbstract" ns2:to="ferc_OfficeSuppliesAndExpenses" ns2:type="arc" />
        <ns0:loc ns2:href="../../ferc-core_2020-01-01.xsd#ferc_AdministrativeExpensesTransferredCredit" ns2:label="ferc_AdministrativeExpensesTransferredCredit" ns2:type="locator" />
        <ns0:definitionArc order="3" ns2:arcrole="http://xbrl.org/int/dim/arcrole/domain-member" ns2:from="ferc_AdministrativeAndGeneralExpensesOperationAbstract" ns2:to="ferc_AdministrativeExpensesTransferredCredit" ns2:type="arc" />
        <ns0:loc ns2:href="../../ferc-core_2020-01-01.xsd#ferc_OutsideServicesEmployed" ns2:label="ferc_OutsideServicesEmployed" ns2:type="locator" />
        <ns0:definitionArc order="4" ns2:arcrole="http://xbrl.org/int/dim/arcrole/domain-member" ns2:from="ferc_AdministrativeAndGeneralExpensesOperationAbstract" ns2:to="ferc_OutsideServicesEmployed" ns2:type="arc" />
        <ns0:loc ns2:href="../../ferc-core_2020-01-01.xsd#ferc_PropertyInsurance" ns2:label="ferc_PropertyInsurance" ns2:type="locator" />
        <ns0:definitionArc order="5" ns2:arcrole="http://xbrl.org/int/dim/arcrole/domain-member" ns2:from="ferc_AdministrativeAndGeneralExpensesOperationAbstract" ns2:to="ferc_PropertyInsurance" ns2:type="arc" />
        <ns0:loc ns2:href="../../ferc-core_2020-01-01.xsd#ferc_InjuriesAndDamages" ns2:label="ferc_InjuriesAndDamages" ns2:type="locator" />
        <ns0:definitionArc order="6" ns2:arcrole="http://xbrl.org/int/dim/arcrole/domain-member" ns2:from="ferc_AdministrativeAndGeneralExpensesOperationAbstract" ns2:to="ferc_InjuriesAndDamages" ns2:type="arc" />
        <ns0:loc ns2:href="../../ferc-core_2020-01-01.xsd#ferc_EmployeePensionsAndBenefits" ns2:label="ferc_EmployeePensionsAndBenefits" ns2:type="locator" />
        <ns0:definitionArc order="7" ns2:arcrole="http://xbrl.org/int/dim/arcrole/domain-member" ns2:from="ferc_AdministrativeAndGeneralExpensesOperationAbstract" ns2:to="ferc_EmployeePensionsAndBenefits" ns2:type="arc" />
        <ns0:loc ns2:href="../../ferc-core_2020-01-01.xsd#ferc_FranchiseRequirements" ns2:label="ferc_FranchiseRequirements" ns2:type="locator" />
        <ns0:definitionArc order="8" ns2:arcrole="http://xbrl.org/int/dim/arcrole/domain-member" ns2:from="ferc_AdministrativeAndGeneralExpensesOperationAbstract" ns2:to="ferc_FranchiseRequirements" ns2:type="arc" />
        <ns0:loc ns2:href="../../ferc-core_2020-01-01.xsd#ferc_RegulatoryCommissionExpenses" ns2:label="ferc_RegulatoryCommissionExpenses" ns2:type="locator" />
        <ns0:definitionArc order="9" ns2:arcrole="http://xbrl.org/int/dim/arcrole/domain-member" ns2:from="ferc_AdministrativeAndGeneralExpensesOperationAbstract" ns2:to="ferc_RegulatoryCommissionExpenses" ns2:type="arc" />
        <ns0:loc ns2:href="../../ferc-core_2020-01-01.xsd#ferc_DuplicateChargesCredit" ns2:label="ferc_DuplicateChargesCredit" ns2:type="locator" />
        <ns0:definitionArc order="10" ns2:arcrole="http://xbrl.org/int/dim/arcrole/domain-member" ns2:from="ferc_AdministrativeAndGeneralExpensesOperationAbstract" ns2:to="ferc_DuplicateChargesCredit" ns2:type="arc" />
        <ns0:loc ns2:href="../../ferc-core_2020-01-01.xsd#ferc_GeneralAdvertisingExpenses" ns2:label="ferc_GeneralAdvertisingExpenses" ns2:type="locator" />
        <ns0:definitionArc order="11" ns2:arcrole="http://xbrl.org/int/dim/arcrole/domain-member" ns2:from="ferc_AdministrativeAndGeneralExpensesOperationAbstract" ns2:to="ferc_GeneralAdvertisingExpenses" ns2:type="arc" />
        <ns0:loc ns2:href="../../ferc-core_2020-01-01.xsd#ferc_MiscellaneousGeneralExpenses" ns2:label="ferc_MiscellaneousGeneralExpenses" ns2:type="locator" />
        <ns0:definitionArc order="12" ns2:arcrole="http://xbrl.org/int/dim/arcrole/domain-member" ns2:from="ferc_AdministrativeAndGeneralExpensesOperationAbstract" ns2:to="ferc_MiscellaneousGeneralExpenses" ns2:type="arc" />
        <ns0:loc ns2:href="../../ferc-core_2020-01-01.xsd#ferc_RentsAdministrativeAndGeneralExpense" ns2:label="ferc_RentsAdministrativeAndGeneralExpense" ns2:type="locator" />
        <ns0:definitionArc order="13" ns2:arcrole="http://xbrl.org/int/dim/arcrole/domain-member" ns2:from="ferc_AdministrativeAndGeneralExpensesOperationAbstract" ns2:to="ferc_RentsAdministrativeAndGeneralExpense" ns2:type="arc" />
        <ns0:loc ns2:href="../../ferc-core_2020-01-01.xsd#ferc_AdministrativeAndGeneralOperationExpense" ns2:label="ferc_AdministrativeAndGeneralOperationExpense" ns2:type="locator" />
        <ns0:definitionArc order="14" ns2:arcrole="http://xbrl.org/int/dim/arcrole/domain-member" ns2:from="ferc_AdministrativeAndGeneralExpensesOperationAbstract" ns2:to="ferc_AdministrativeAndGeneralOperationExpense" ns2:type="arc" />
        <ns0:loc ns2:href="../../ferc-core_2020-01-01.xsd#ferc_AdministrativeAndGeneralExpensesMaintenanceAbstract" ns2:label="ferc_AdministrativeAndGeneralExpensesMaintenanceAbstract" ns2:type="locator" />
        <ns0:definitionArc order="2" ns2:arcrole="http://xbrl.org/int/dim/arcrole/domain-member" ns2:from="ferc_AdministrativeAndGeneralExpensesAbstract" ns2:to="ferc_AdministrativeAndGeneralExpensesMaintenanceAbstract" ns2:type="arc" />
        <ns0:loc ns2:href="../../ferc-core_2020-01-01.xsd#ferc_MaintenanceOfGeneralPlant" ns2:label="ferc_MaintenanceOfGeneralPlant" ns2:type="locator" />
        <ns0:definitionArc order="1" ns2:arcrole="http://xbrl.org/int/dim/arcrole/domain-member" ns2:from="ferc_AdministrativeAndGeneralExpensesMaintenanceAbstract" ns2:to="ferc_MaintenanceOfGeneralPlant" ns2:type="arc" />
        <ns0:loc ns2:href="../../ferc-core_2020-01-01.xsd#ferc_AdministrativeAndGeneralExpenses" ns2:label="ferc_AdministrativeAndGeneralExpenses" ns2:type="locator" />
        <ns0:definitionArc order="3" ns2:arcrole="http://xbrl.org/int/dim/arcrole/domain-member" ns2:from="ferc_AdministrativeAndGeneralExpensesAbstract" ns2:to="ferc_AdministrativeAndGeneralExpenses" ns2:type="arc" />
    </ns0:definitionLink>
    <ns0:definitionLink ns2:role="http://ferc.gov/form/2020-01-01/roles/Schedule/F1Q/ElectricCustomerAccountsServiceSalesAdministrativeAndGeneralExpenses" ns2:type="extended" />
</ns0:linkbase>