<ns0:linkbase xmlns:ns0="http://www.xbrl.org/2003/linkbase" xmlns:ns2="http://www.w3.org/1999/xlink" xmlns:xsi="http://www.w3.org/2001/XMLSchema-instance" xsi:schemaLocation="http://www.xbrl.org/2003/linkbase http://www.xbrl.org/2003/xbrl-linkbase-2003-12-31.xsd">
    <ns0:roleRef roleURI="http://ferc.gov/form/2020-01-01/roles/Schedule/F1/ScheduleTransmissionServiceAndGenerationInterconnectionStudyCosts" ns2:href="form-1-sched-TransmissionServiceAndGenerationInterconnectionStudyCosts_2020-01-01.xsd#roleType_ScheduleTransmissionServiceAndGenerationInterconnectionStudyCosts" ns2:type="simple" />
    <ns0:roleRef roleURI="http://ferc.gov/form/2020-01-01/roles/Schedule/F1/ScheduleTransmissionServiceAndGenerationInterconnectionStudyCostsTotals" ns2:href="form-1-sched-TransmissionServiceAndGenerationInterconnectionStudyCosts_2020-01-01.xsd#roleType_ScheduleTransmissionServiceAndGenerationInterconnectionStudyCostsTotals" ns2:type="simple" />
    <ns0:roleRef roleURI="http://ferc.gov/form/2020-01-01/roles/label/F1TransmissionAndGenerationStudyCosts" ns2:href="../../ferc-core-lab-roles_2020-01-01.xsd#F1TransmissionAndGenerationStudyCosts" ns2:type="simple" />
    <ns0:roleRef roleURI="http://ferc.gov/form/2020-01-01/roles/label/F1Total" ns2:href="../../ferc-core-lab-roles_2020-01-01.xsd#F1Total" ns2:type="simple" />
    <ns0:roleRef roleURI="http://ferc.gov/form/2020-01-01/roles/label/F1Total2" ns2:href="../../ferc-core-lab-roles_2020-01-01.xsd#F1Total2" ns2:type="simple" />
    <ns0:presentationLink ns2:role="http://ferc.gov/form/2020-01-01/roles/Schedule/F1/ScheduleTransmissionServiceAndGenerationInterconnectionStudyCosts" ns2:type="extended">
        <ns0:loc ns2:href="../../ferc-core_2020-01-01.xsd#ferc_ScheduleTransmissionServiceAndGenerationInterconnectionStudyCostsAbstract" ns2:label="ferc_ScheduleTransmissionServiceAndGenerationInterconnectionStudyCostsAbstract" ns2:type="locator" />
        <ns0:loc ns2:href="../../ferc-core_2020-01-01.xsd#ferc_TransmissionServiceAndGenerationInterconnectionStudyCostsTable" ns2:label="ferc_TransmissionServiceAndGenerationInterconnectionStudyCostsTable" ns2:type="locator" />
        <ns0:presentationArc order="1" ns2:arcrole="http://www.xbrl.org/2003/arcrole/parent-child" ns2:from="ferc_ScheduleTransmissionServiceAndGenerationInterconnectionStudyCostsAbstract" ns2:to="ferc_TransmissionServiceAndGenerationInterconnectionStudyCostsTable" ns2:type="arc" />
        <ns0:loc ns2:href="../../ferc-core_2020-01-01.xsd#ferc_TransmissionServiceAndGenerationInterconnectionStudyCostsAxis" ns2:label="ferc_TransmissionServiceAndGenerationInterconnectionStudyCostsAxis" ns2:type="locator" />
        <ns0:presentationArc order="1" ns2:arcrole="http://www.xbrl.org/2003/arcrole/parent-child" ns2:from="ferc_TransmissionServiceAndGenerationInterconnectionStudyCostsTable" ns2:to="ferc_TransmissionServiceAndGenerationInterconnectionStudyCostsAxis" ns2:type="arc" />
        <ns0:loc ns2:href="../../ferc-core_2020-01-01.xsd#ferc_StudyTypeAxis" ns2:label="ferc_StudyTypeAxis" ns2:type="locator" />
        <ns0:presentationArc order="2" ns2:arcrole="http://www.xbrl.org/2003/arcrole/parent-child" ns2:from="ferc_TransmissionServiceAndGenerationInterconnectionStudyCostsTable" ns2:to="ferc_StudyTypeAxis" ns2:type="arc" />
        <ns0:loc ns2:href="../../ferc-core_2020-01-01.xsd#ferc_StudyTypeDomain" ns2:label="ferc_StudyTypeDomain" ns2:type="locator" />
        <ns0:presentationArc order="1" ns2:arcrole="http://www.xbrl.org/2003/arcrole/parent-child" ns2:from="ferc_StudyTypeAxis" ns2:to="ferc_StudyTypeDomain" ns2:type="arc" />
        <ns0:loc ns2:href="../../ferc-core_2020-01-01.xsd#ferc_TransmissionStudiesMember" ns2:label="ferc_TransmissionStudiesMember" ns2:type="locator" />
        <ns0:presentationArc order="1" preferredLabel="http://ferc.gov/form/2020-01-01/roles/label/F1TransmissionAndGenerationStudyCosts" ns2:arcrole="http://www.xbrl.org/2003/arcrole/parent-child" ns2:from="ferc_StudyTypeDomain" ns2:to="ferc_TransmissionStudiesMember" ns2:type="arc" />
        <ns0:loc ns2:href="../../ferc-core_2020-01-01.xsd#ferc_GenerationStudiesMember" ns2:label="ferc_GenerationStudiesMember" ns2:type="locator" />
        <ns0:presentationArc order="2" preferredLabel="http://ferc.gov/form/2020-01-01/roles/label/F1TransmissionAndGenerationStudyCosts" ns2:arcrole="http://www.xbrl.org/2003/arcrole/parent-child" ns2:from="ferc_StudyTypeDomain" ns2:to="ferc_GenerationStudiesMember" ns2:type="arc" />
        <ns0:loc ns2:href="../../ferc-core_2020-01-01.xsd#ferc_TransmissionServiceAndGenerationInterconnectionStudyCostsLineItems" ns2:label="ferc_TransmissionServiceAndGenerationInterconnectionStudyCostsLineItems" ns2:type="locator" />
        <ns0:presentationArc order="3" ns2:arcrole="http://www.xbrl.org/2003/arcrole/parent-child" ns2:from="ferc_TransmissionServiceAndGenerationInterconnectionStudyCostsTable" ns2:to="ferc_TransmissionServiceAndGenerationInterconnectionStudyCostsLineItems" ns2:type="arc" />
        <ns0:loc ns2:href="../../ferc-core_2020-01-01.xsd#ferc_OrderNumber" ns2:label="ferc_OrderNumber" ns2:type="locator" />
        <ns0:presentationArc order="1" ns2:arcrole="http://www.xbrl.org/2003/arcrole/parent-child" ns2:from="ferc_TransmissionServiceAndGenerationInterconnectionStudyCostsLineItems" ns2:to="ferc_OrderNumber" ns2:type="arc" />
        <ns0:loc ns2:href="../../ferc-core_2020-01-01.xsd#ferc_TransmissionStudiesAbstract" ns2:label="ferc_TransmissionStudiesAbstract" ns2:type="locator" />
        <ns0:presentationArc order="2" preferredLabel="http://ferc.gov/form/2020-01-01/roles/label/F1TransmissionAndGenerationStudyCosts" ns2:arcrole="http://www.xbrl.org/2003/arcrole/parent-child" ns2:from="ferc_TransmissionServiceAndGenerationInterconnectionStudyCostsLineItems" ns2:to="ferc_TransmissionStudiesAbstract" ns2:type="arc" />
        <ns0:loc ns2:href="../../ferc-core_2020-01-01.xsd#ferc_DescriptionOfStudyPerformed" ns2:label="ferc_DescriptionOfStudyPerformed" ns2:type="locator" />
        <ns0:presentationArc order="1" preferredLabel="http://ferc.gov/form/2020-01-01/roles/label/F1TransmissionAndGenerationStudyCosts" ns2:arcrole="http://www.xbrl.org/2003/arcrole/parent-child" ns2:from="ferc_TransmissionStudiesAbstract" ns2:to="ferc_DescriptionOfStudyPerformed" ns2:type="arc" />
        <ns0:loc ns2:href="../../ferc-core_2020-01-01.xsd#ferc_StudyCostsIncurred" ns2:label="ferc_StudyCostsIncurred" ns2:type="locator" />
        <ns0:presentationArc order="2" preferredLabel="http://ferc.gov/form/2020-01-01/roles/label/F1TransmissionAndGenerationStudyCosts" ns2:arcrole="http://www.xbrl.org/2003/arcrole/parent-child" ns2:from="ferc_TransmissionStudiesAbstract" ns2:to="ferc_StudyCostsIncurred" ns2:type="arc" />
        <ns0:loc ns2:href="../../ferc-core_2020-01-01.xsd#ferc_StudyCostsAccountCharged" ns2:label="ferc_StudyCostsAccountCharged" ns2:type="locator" />
        <ns0:presentationArc order="3" preferredLabel="http://ferc.gov/form/2020-01-01/roles/label/F1TransmissionAndGenerationStudyCosts" ns2:arcrole="http://www.xbrl.org/2003/arcrole/parent-child" ns2:from="ferc_TransmissionStudiesAbstract" ns2:to="ferc_StudyCostsAccountCharged" ns2:type="arc" />
        <ns0:loc ns2:href="../../ferc-core_2020-01-01.xsd#ferc_StudyCostsReimbursements" ns2:label="ferc_StudyCostsReimbursements" ns2:type="locator" />
        <ns0:presentationArc order="4" preferredLabel="http://ferc.gov/form/2020-01-01/roles/label/F1TransmissionAndGenerationStudyCosts" ns2:arcrole="http://www.xbrl.org/2003/arcrole/parent-child" ns2:from="ferc_TransmissionStudiesAbstract" ns2:to="ferc_StudyCostsReimbursements" ns2:type="arc" />
        <ns0:loc ns2:href="../../ferc-core_2020-01-01.xsd#ferc_StudyCostsAccountReimbursed" ns2:label="ferc_StudyCostsAccountReimbursed" ns2:type="locator" />
        <ns0:presentationArc order="5" preferredLabel="http://ferc.gov/form/2020-01-01/roles/label/F1TransmissionAndGenerationStudyCosts" ns2:arcrole="http://www.xbrl.org/2003/arcrole/parent-child" ns2:from="ferc_TransmissionStudiesAbstract" ns2:to="ferc_StudyCostsAccountReimbursed" ns2:type="arc" />
        <ns0:loc ns2:href="../../ferc-core_2020-01-01.xsd#ferc_GenerationStudiesAbstract" ns2:label="ferc_GenerationStudiesAbstract" ns2:type="locator" />
        <ns0:presentationArc order="3" preferredLabel="http://ferc.gov/form/2020-01-01/roles/label/F1TransmissionAndGenerationStudyCosts" ns2:arcrole="http://www.xbrl.org/2003/arcrole/parent-child" ns2:from="ferc_TransmissionServiceAndGenerationInterconnectionStudyCostsLineItems" ns2:to="ferc_GenerationStudiesAbstract" ns2:type="arc" />
        <ns0:presentationArc order="1" preferredLabel="http://ferc.gov/form/2020-01-01/roles/label/F1TransmissionAndGenerationStudyCosts" ns2:arcrole="http://www.xbrl.org/2003/arcrole/parent-child" ns2:from="ferc_GenerationStudiesAbstract" ns2:to="ferc_DescriptionOfStudyPerformed" ns2:type="arc" />
        <ns0:presentationArc order="2" preferredLabel="http://ferc.gov/form/2020-01-01/roles/label/F1TransmissionAndGenerationStudyCosts" ns2:arcrole="http://www.xbrl.org/2003/arcrole/parent-child" ns2:from="ferc_GenerationStudiesAbstract" ns2:to="ferc_StudyCostsIncurred" ns2:type="arc" />
        <ns0:presentationArc order="3" preferredLabel="http://ferc.gov/form/2020-01-01/roles/label/F1TransmissionAndGenerationStudyCosts" ns2:arcrole="http://www.xbrl.org/2003/arcrole/parent-child" ns2:from="ferc_GenerationStudiesAbstract" ns2:to="ferc_StudyCostsAccountCharged" ns2:type="arc" />
        <ns0:presentationArc order="4" preferredLabel="http://ferc.gov/form/2020-01-01/roles/label/F1TransmissionAndGenerationStudyCosts" ns2:arcrole="http://www.xbrl.org/2003/arcrole/parent-child" ns2:from="ferc_GenerationStudiesAbstract" ns2:to="ferc_StudyCostsReimbursements" ns2:type="arc" />
        <ns0:presentationArc order="5" preferredLabel="http://ferc.gov/form/2020-01-01/roles/label/F1TransmissionAndGenerationStudyCosts" ns2:arcrole="http://www.xbrl.org/2003/arcrole/parent-child" ns2:from="ferc_GenerationStudiesAbstract" ns2:to="ferc_StudyCostsAccountReimbursed" ns2:type="arc" />
    </ns0:presentationLink>
    <ns0:presentationLink ns2:role="http://ferc.gov/form/2020-01-01/roles/Schedule/F1/ScheduleTransmissionServiceAndGenerationInterconnectionStudyCostsTotals" ns2:type="extended">
        <ns0:loc ns2:href="../../ferc-core_2020-01-01.xsd#ferc_ScheduleTransmissionServiceAndGenerationInterconnectionStudyCostsAbstract" ns2:label="ferc_ScheduleTransmissionServiceAndGenerationInterconnectionStudyCostsAbstract" ns2:type="locator" />
        <ns0:loc ns2:href="../../ferc-core_2020-01-01.xsd#ferc_TransmissionServiceAndGenerationInterconnectionStudyCostsTable" ns2:label="ferc_TransmissionServiceAndGenerationInterconnectionStudyCostsTable" ns2:type="locator" />
        <ns0:presentationArc order="1" ns2:arcrole="http://www.xbrl.org/2003/arcrole/parent-child" ns2:from="ferc_ScheduleTransmissionServiceAndGenerationInterconnectionStudyCostsAbstract" ns2:to="ferc_TransmissionServiceAndGenerationInterconnectionStudyCostsTable" ns2:type="arc" />
        <ns0:loc ns2:href="../../ferc-core_2020-01-01.xsd#ferc_StudyTypeAxis" ns2:label="ferc_StudyTypeAxis" ns2:type="locator" />
        <ns0:presentationArc order="1" ns2:arcrole="http://www.xbrl.org/2003/arcrole/parent-child" ns2:from="ferc_TransmissionServiceAndGenerationInterconnectionStudyCostsTable" ns2:to="ferc_StudyTypeAxis" ns2:type="arc" />
        <ns0:loc ns2:href="../../ferc-core_2020-01-01.xsd#ferc_StudyTypeDomain" ns2:label="ferc_StudyTypeDomain" ns2:type="locator" />
        <ns0:presentationArc order="1" ns2:arcrole="http://www.xbrl.org/2003/arcrole/parent-child" ns2:from="ferc_StudyTypeAxis" ns2:to="ferc_StudyTypeDomain" ns2:type="arc" />
        <ns0:loc ns2:href="../../ferc-core_2020-01-01.xsd#ferc_TransmissionStudiesMember" ns2:label="ferc_TransmissionStudiesMember" ns2:type="locator" />
        <ns0:presentationArc order="1" preferredLabel="http://ferc.gov/form/2020-01-01/roles/label/F1TransmissionAndGenerationStudyCosts" ns2:arcrole="http://www.xbrl.org/2003/arcrole/parent-child" ns2:from="ferc_StudyTypeDomain" ns2:to="ferc_TransmissionStudiesMember" ns2:type="arc" />
        <ns0:loc ns2:href="../../ferc-core_2020-01-01.xsd#ferc_GenerationStudiesMember" ns2:label="ferc_GenerationStudiesMember" ns2:type="locator" />
        <ns0:presentationArc order="2" preferredLabel="http://ferc.gov/form/2020-01-01/roles/label/F1TransmissionAndGenerationStudyCosts" ns2:arcrole="http://www.xbrl.org/2003/arcrole/parent-child" ns2:from="ferc_StudyTypeDomain" ns2:to="ferc_GenerationStudiesMember" ns2:type="arc" />
        <ns0:loc ns2:href="../../ferc-core_2020-01-01.xsd#ferc_TransmissionServiceAndGenerationInterconnectionStudyCostsLineItems" ns2:label="ferc_TransmissionServiceAndGenerationInterconnectionStudyCostsLineItems" ns2:type="locator" />
        <ns0:presentationArc order="2" ns2:arcrole="http://www.xbrl.org/2003/arcrole/parent-child" ns2:from="ferc_TransmissionServiceAndGenerationInterconnectionStudyCostsTable" ns2:to="ferc_TransmissionServiceAndGenerationInterconnectionStudyCostsLineItems" ns2:type="arc" />
        <ns0:loc ns2:href="../../ferc-core_2020-01-01.xsd#ferc_StudyCostsIncurred" ns2:label="ferc_StudyCostsIncurred" ns2:type="locator" />
        <ns0:presentationArc order="1" preferredLabel="http://ferc.gov/form/2020-01-01/roles/label/F1Total" ns2:arcrole="http://www.xbrl.org/2003/arcrole/parent-child" ns2:from="ferc_TransmissionServiceAndGenerationInterconnectionStudyCostsLineItems" ns2:to="ferc_StudyCostsIncurred" ns2:type="arc" />
        <ns0:loc ns2:href="../../ferc-core_2020-01-01.xsd#ferc_StudyCostsReimbursements" ns2:label="ferc_StudyCostsReimbursements" ns2:type="locator" />
        <ns0:presentationArc order="2" preferredLabel="http://ferc.gov/form/2020-01-01/roles/label/F1Total" ns2:arcrole="http://www.xbrl.org/2003/arcrole/parent-child" ns2:from="ferc_TransmissionServiceAndGenerationInterconnectionStudyCostsLineItems" ns2:to="ferc_StudyCostsReimbursements" ns2:type="arc" />
        <ns0:presentationArc order="2" preferredLabel="http://ferc.gov/form/2020-01-01/roles/label/F1Total2" ns2:arcrole="http://www.xbrl.org/2003/arcrole/parent-child" ns2:from="ferc_ScheduleTransmissionServiceAndGenerationInterconnectionStudyCostsAbstract" ns2:to="ferc_StudyCostsIncurred" ns2:type="arc" />
        <ns0:presentationArc order="3" preferredLabel="http://ferc.gov/form/2020-01-01/roles/label/F1Total2" ns2:arcrole="http://www.xbrl.org/2003/arcrole/parent-child" ns2:from="ferc_ScheduleTransmissionServiceAndGenerationInterconnectionStudyCostsAbstract" ns2:to="ferc_StudyCostsReimbursements" ns2:type="arc" />
    </ns0:presentationLink>
</ns0:linkbase>